صفحہ,گہرائی,مکمل راستہ (مطبوعہ کتاب),ادویات (گریڈ)
235,0,EYE,
235,0,AGGLUTINATED,"aeth(1), agar(2), all-s(2), alum(2), apis(1), arg-m(2), arg-n(3), bar-c(2), bar-m(1), bell(1), bry(2), calc(3), calc-s(1), carb-an(1), carb-s(2), carb-v(1), caust(3), cham(3), chel(1), clem(2), coc-c(1), colch(1), cycl(1), dig(2), dros(1), eupho(2), graph(3), hydr(1), ign(2), kali-ar(1), kali-c(2), kali-n(1), kali-p(1), kali-s(1), kreos(3), lac-c(1), laur(1), lept(1), lil-t(1), lyc(3), mag-c(2), nat-a(1), nat-s(2), nicc(1), nux-m(2), nux-v(2), op(1), ph-ac(1), phos(3), phyt(2), plat(1), plb(1), puls(2), rhod(1), rhus-t(1), sep(3), sil(2), spig(1), spong(1), stann(2), staph(2), sulph(2), thuj(2), uran(1), valer(1)"
235,1,"AGGLUTINATED, morning","aeth(2), ail(1), alum(2), am-c(1), am-m(1), ambr(1), ang(1), arg-m(2), arg-n(3), ars(2), aur(1), aur-m(1), aur-s(1), bar-c(1), bell(2), berb(1), bor(1), bov(1), bry(1), calc(3), calc-s(1), carb-s(3), carb-v(2), carl(1), caust(2), cham(2), chel(2), clem(3), con(1), cop(1), dig(2), dios(2), euphr(2), graph(3), hep(2), hydr(1), kali-ar(1), kali-bi(2), kali-c(2), kali-n(1), kali-p(1), led(1), lyc(1), mag-c(2), mag-m(1), mang(2), med(3), merc(2), mill(1), mur-ac(1), naja(1), nat-a(2), nat-c(2), nat-m(2), nat-s(2), nicc(1), nit-ac(1), nux-v(1), petr(1), phos(1), plb(1), psor(2), puls(2), rhus-t(3), sanic(1), sars(1), seneg(2), sep(2), sil(1), stann(1), sul-ac(1), sulph(3), tarent(2), thuj(1), vip(1), zinc(2)"
235,1,"AGGLUTINATED, evening","plb(1), sep(1)"
235,1,"AGGLUTINATED, night","alum(3), am-c(1), ang(1), ant-c(2), apis(2), arg-n(2), ars(1), bar-c(1), bell(1), bor(2), bov(2), bry(1), calc(1), carb-s(3), carb-v(2), cham(1), chel(1), cic(1), croc(2), dig(1), eupho(2), euphr(2), ferr(1), ferr-ar(1), gamb(2), graph(3), hep(2), ign(2), kali-c(1), led(1), lyc(3), mag-c(1), mag-m(1), merc-n(1), nat-m(1), nit-ac(1), nux-v(1), ol-an(1), phos(1), plb(1), puls(1), rat(1), rhod(1), rhus-t(2), sars(1), sep(3), sil(2), spong(2), stann(2), staph(1), stram(1), sulph(1), syph(2), tarax(1), thuj(2), verat(1)"
235,1,"AGGLUTINATED, air, in open",thuj(1)
235,1,"AGGLUTINATED, menses, during",calc(2)
235,0,AMAUROSIS (See Paralysis),
235,0,ANÆMIA of conjunctiva,"dig(1), plb(1)"
235,1,"ANÆMIA of conjunctiva, retina","agar(1), chin(1), dig(1), lith(1)"
235,0,"ANXIOUS look (See Face, Anxious expression)",
235,0,ARCUS SENILIS (See Opacity),
235,0,ASTIGMATISM,tub(2)
235,0,ATROPHY of optic nerve,"nux-v(2), phos(3), tab(2)"
235,1,"ATROPHY of optic nerve, tobacco, from",ars(1)
235,0,AVERSION to bringing objects near the eyes,"fl-ac(1), mang(1)"
235,0,"BAND around the eyeballs, sensation of","lac-d(2), laur(1)"
235,0,BLEEDING from eyes,"acon(1), aloe(1), am-c(1), am-caust(1), arn(2), bell(1), both(3), calc(2), camph(1), carb-v(2), cham(2), cor-r(1), crot-h(3), dig(1), elaps(1), euphr(1), kali-chl(2), lach(3), nit-ac(1), nux-v(3), phos(3), plb(1), raph(1), ruta(1), sulph(2)"
235,1,"BLEEDING from eyes, blowing nose, on",nit-ac(1)
235,1,"BLEEDING from eyes, burning, with",carb-v(1)
235,1,"BLEEDING from eyes, coughing, from","carb-v(1), cham(1), nux-v(1)"
235,1,"BLEEDING from eyes, retinal hæmorrhage","arn(1), bell(2), crot-h(2), glon(1), ham(1), lach(3), merc-c(2), phos(2), prun-s(2), sulph(2)"
235,1,"BLEEDING from eyes, whooping cough, in",nux-v(1)
235,1,"BLEEDING from eyes, lids","arn(1), bell(1), hep(2), nat-m(2), nux-v(2), sulph(3)"
235,0,BLINKING (See Winking),"chel(1), kalm(1), mez(1), nux-v(1)"
235,0,BLOATED lids (See Swelling),
235,0,BLOODSHOT (See Ecchymosis),
235,0,BLUENESS of lids,"dig(2), dros(1), kali-c(2), naja(1), zinc(1)"
235,1,"BLUENESS of lids, margins","bad(2), bov(2), phyt(2), verat(1)"
235,1,"BLUENESS of lids, canthi","aur(1), ham(1), sars(1)"
235,1,"BLUENESS of lids, conjunctiva","bell(1), carb-o(1), plb(1), stram(1)"
235,0,BOILS on lids (See Pustules),
235,0,BRILLIANT,"absin(1), aeth(2), ars(1), atro(1), bapt(1), bell(3), benz(1), camph(3), cann-i(1), cann-s(1), cedr(1), coca(1), coff(2), coloc(2), cupr(1), eup-per(2), eupho(1), gels(2), hyos(2), lachn(2), lyc(2), lyss(2), mill(1), op(2), plb(1), puls(1), sant(1), stram(2), tanac(1), zinc(2)"
235,1,"BRILLIANT, during sweat",op(1)
235,0,CANCER,"aur-m-n(1), calc(3), lyc(2), phos(3), sep(2), sil(2), thuj(1)"
235,1,"CANCER, epithelioma","cund(1), lach(2)"
236,2,"CANCER, epithelioma, cornea, of",hep(1)
236,2,"CANCER, epithelioma, lids of","hydr(1), lach(1), phyt(1), thuj(1)"
236,3,"CANCER, epithelioma, lids of, lower","apis(1), cund(1), thuj(1)"
236,1,"CANCER, fungus","bell(1), calc(3), lyc(2), phos(3), sep(2), sil(2), thuj(1)"
236,2,"CANCER, fungus, medullaris","bell(1), calc(3), lyc(2), sil(2)"
236,1,"CANCER, lachrymal glands",carb-an(2)
236,0,CATARACT,"am-c(2), am-m(2), ant-t(1), apis(2), arn(1), bar-c(2), bell(1), calc(3), calc-f(3), calc-p(2), calc-s(1), cann-s(2), carb-an(2), caust(3), chel(2), chim(1), chin(1), colch(2), con(2), dig(1), eupho(2), euphr(1), hep(1), hyos(1), jab(2), kali-c(2), kali-s(1), lac-c(1), lyc(2), mag-c(3), merc(1), nat-m(1), nit-ac(2), op(1), phos(2), plb(1), psor(1), puls(2), rhus-t(1), ruta(1), sec(2), seneg(1), sep(2), sil(3), spig(1), sulph(3), tell(1), zinc(2)"
236,1,"CATARACT, right eye","am-c(2), kali-c(2), nit-ac(2), sil(2)"
236,1,"CATARACT, left",sulph(2)
236,1,"CATARACT, can see better on a dark day",eupho(1)
236,1,"CATARACT, capsular","am-m(2), colch(1)"
236,1,"CATARACT, contusion, from","arn(1), con(2)"
236,1,"CATARACT, cortical",sulph(3)
236,1,"CATARACT, foot-sweat suppressed, after",sil(3)
236,1,"CATARACT, incipient","caust(1), puls(2), sec(1), sep(1)"
236,1,"CATARACT, operation, after","arn(1), seneg(2)"
236,1,"CATARACT, perpendicular high-sight, with",caust(1)
236,1,"CATARACT, reticularis","caust(1), plb(1)"
236,1,"CATARACT, senile","carb-an(2), sec(2)"
236,1,"CATARACT, soft","colch(2), merc(1), sec(1)"
236,1,"CATARACT, viridis","colch(1), phos(2), puls(1)"
236,1,"CATARACT, women, in",sep(1)
236,0,CHALLAZÆ (See Tumors),
236,0,CHEMOSIS,"acon(2), am-caust(1), apis(3), arg-n(3), ars(1), bell(1), bry(1), cadm(1), con(2), crot-h(1), dulc(1), euphr(2), guare(2), hep(2), ip(2), kali-bi(2), kali-i(3), lach(2), merc(1), merc-i-r(1), mez(1), nat-m(2), phyt(1), rhus-t(3), sil(1), syph(1), ter(1), thuj(1), vesp(2)"
236,1,"CHEMOSIS, right","syph(1), vesp(1)"
236,1,"CHEMOSIS, left",bell(1)
236,1,"CHEMOSIS, evening, while at work",mez(1)
236,1,"CHEMOSIS, chill, during",bry(1)
236,1,"CHEMOSIS, operation for cataract, after","guare(1), phyt(1)"
236,1,"CHEMOSIS, yellow","am-caust(1), merc-i-r(2)"
236,1,"CHEMOSIS, cornea",hep(2)
236,0,"CLOSE, desire to","agar(1), ant-t(1), bell(1), calc(2), caust(2), chel(2), con(1), dios(1), elaps(1), gels(1), lact-ac(1), med(2), ox-ac(1), sil(2)"
236,1,"CLOSE, desire to, evening while at work",mez(1)
236,2,"CLOSE, desire to, evening while at work, chill, during",bry(1)
236,1,"CLOSE, desire to, difficult","aur-m(1), cadm(1), carb-v(1), eupho(1), nux-v(3), par(3), phos(2), sil(2)"
236,1,"CLOSE, desire to, must","agar(1), arn(1), calc(1), canth(2), carb-v(1), chel(2), eupho(1), kali-c(2), lyc(2), mez(1), sil(1), spig(1)"
236,1,"CLOSE, desire to, involuntary","acon(1), alum(1), bov(1), caust(3), chin(1), chin-s(3), chlor(1), cic(1), con(3), eupho(1), eupi(1), gels(2), grat(2), hura(1), mag-s(1), merc(2), mez(1), nat-c(1), phos(1), rhus-t(2), sep(2), spong(1), sulph(3), viol-t(1)"
236,2,"CLOSE, desire to, involuntary, afternoon",alum(1)
236,1,"CLOSE, desire to, menses, during",phos(1)
236,1,"CLOSE, desire to, spasmodic closure","acon(1), agar(1), alum(2), apis(1), ars(3), bell(2), brom(1), calc(2), cham(1), coloc(3), con(2), hep(1), hyos(2), merc(3), merc-c(2), nat-m(3), nux-v(1), osm(1), psor(2), rhus-t(2), sep(1), spong(1)"
236,2,"CLOSE, desire to, spasmodic closure, morning",nat-m(1)
236,2,"CLOSE, desire to, spasmodic closure, evening","con(1), hep(2), nat-m(1)"
236,2,"CLOSE, desire to, spasmodic closure, night","alum(1), hep(1)"
236,2,"CLOSE, desire to, spasmodic closure, headache, with",nat-m(2)
236,2,"CLOSE, desire to, spasmodic closure, looking, on",merc(2)
236,1,"CLOSE, desire to, walking in open air, while",calad(1)
236,1,"CLOSE, desire to, weak feeling",cupr(1)
236,0,"CLOSED (See Open, unable to)","calc(2), cocc(2), grat(2), hyos(1), lachn(2), rhus-t(3), sep(1), stram(1), stry(1), urt-u(1)"
236,1,"CLOSED (See Open, unable to), in melancholia",arg-n(3)
236,0,COLD agg.,"clem(2), cob(1), hep(1), merc(3), thuj(2)"
236,1,"COLD agg., amel.","acon(1), agar(1), apis(1), asar(2), bry(1), nux-v(2), puls(2), sep(2)"
236,0,COLDNESS in,"aesc(1), alum(1), am-c(1), ambr(1), amyg(1), arg-n(2), asaf(1), asar(1), berb(1), bufo(1), calc(2), calc-p(2), chlor(1), con(2), croc(1), euphr(1), eupi(1), fl-ac(2), form(1), graph(1), kali-c(2), lachn(1), lith(1), lyc(2), med(1), par(1), phyt(2), plat(2), plb(1), raph(1), seneg(1), sep(1), sil(1), spig(1), spong(1), squil(1), stram(1), sulph(1), syph(1), thuj(2)"
236,1,"COLDNESS in, left",tarent(1)
236,1,"COLDNESS in, evening",lyc(1)
236,1,"COLDNESS in, cold air blew in, as if","asaf(1), berb(1), cinnb(1), croc(2), fl-ac(2), med(1), sep(1), sulph(1), syph(1), thuj(2)"
236,1,"COLDNESS in, painful eye, in the",thuj(2)
236,1,"COLDNESS in, walking in open air","alum(1), con(1), sil(1), squil(1)"
237,1,"COLDNESS in, walking in cold wind",squil(2)
237,1,"COLDNESS in, back of eyes",calc-p(1)
237,1,"COLDNESS in, canthi","asaf(1), euphr(1), lith(1)"
237,1,"COLDNESS in, lids","brom(1), hura(1), kali-c(2), ph-ac(1)"
237,2,"COLDNESS in, lids, edges of",kali-c(1)
237,3,"COLDNESS in, lids, edges of, closing eyes, on",ph-ac(1)
237,0,CONDYLOMATA,"arund(1), calc(2), cinnb(1), merc(2), nit-ac(2), phos(1), staph(1), thuj(3)"
237,1,"CONDYLOMATA, canthi","calc(1), nit-ac(1)"
237,1,"CONDYLOMATA, eyebrows","anan(1), caust(2), thuj(2)"
237,1,"CONDYLOMATA, eyelid","caust(2), cinnb(1), nit-ac(2), sulph(1), thuj(3)"
237,2,"CONDYLOMATA, eyelid, right, lower",nit-ac(2)
237,2,"CONDYLOMATA, eyelid, bleeding when touched",nit-ac(1)
237,1,"CONDYLOMATA, iris","cinnb(2), merc(3), staph(1), thuj(1)"
237,1,"CONDYLOMATA, sclerotics",arund(1)
237,0,CONGESTION (See Redness),
237,0,CONICAL cornea,"euphr(2), puls(1)"
237,0,CONTORTED (See Distorted),
237,0,CONTRACTIVE sensation,"agar(1), bov(1), kali-n(1), nat-c(1), nat-m(2), nit-ac(1), sep(1), stann(1)"
237,1,"CONTRACTIVE sensation, headache, during",carb-v(2)
237,0,CONVULSIVE (See Movement),
237,0,"CRACKS, canthi, in","alum(1), graph(3), iod(1), lyc(3), merc(1), nat-m(2), nit-ac(1), petr(1), phos(1), plat(1), sep(1), sil(1), sulph(2), zinc(1)"
237,1,"CRACKS, canthi, in, outer","nat-m(2), sulph(1), zinc(1)"
237,0,CRAWLING,"agar(1), asar(2), bell(1), chin(1), cina(1), colch(1), nat-c(1), nat-s(2), seneg(1), sep(1), spig(1), sulph(1), verat(1)"
237,1,"CRAWLING, canthi",plat(1)
237,0,"CROOKED, objects seem",bufo(1)
237,0,CRUSTY margin of lids (See Eruptions),
237,0,DARK around eyes (See Face),
237,0,DEGENERATE cornea,ars(2)
237,0,DETACHMENT of retina,"apis(1), aur(1), dig(1), gels(2), phos(1)"
237,0,DILATATION (See Pupil),
237,0,DISCHARGES of mucus or pus,"agar(2), alum(1), am-c(1), ant-c(1), apis(2), arg-n(2), ars(1), aur(1), bar-m(1), bism(1), bry(2), cadm(2), calc(3), calc-s(3), carb-s(2), carb-v(1), caust(3), cham(2), chel(2), chin(2), chlor(2), clem(1), con(2), dig(1), dulc(1), ery-a(1), eupho(1), euphr(2), ferr(2), ferr-ar(2), ferr-p(1), graph(2), hep(2), hydr(2), ip(2), kali-ar(1), kali-bi(1), kali-c(2), kali-i(2), kali-p(1), kali-s(1), kreos(2), lach(1), lachn(1), lact(1), lith(2), lyc(2), mag-c(1), mag-m(1), merc(3), merc-n(1), mez(1), mill(1), nat-a(2), nat-c(1), nat-m(2), nat-s(1), nux-v(2), petr(1), ph-ac(1), phos(1), phys(1), pic-ac(1), plb(1), puls(3), rhus-t(1), sanic(2), seneg(1), sep(1), sil(2), staph(1), stict(1), stram(1), sulph(2), tell(3), thuj(2)"
237,1,"DISCHARGES of mucus or pus, morning","arg-n(1), ars(1), cinnb(1), kali-bi(1), mag-c(1), plb(1), sep(1), sil(1), staph(1), sulph(2)"
237,1,"DISCHARGES of mucus or pus, evening",kali-p(1)
237,1,"DISCHARGES of mucus or pus, night",alum(1)
237,1,"DISCHARGES of mucus or pus, acrid","am-c(1), ars(1), ars-i(1), calc(1), carb-s(2), cham(2), coloc(1), euphr(2), fl-ac(1), graph(2), hep(2), kali-ar(1), merc(1), nit-ac(1), sulph(2)"
237,2,"DISCHARGES of mucus or pus, acrid, water",clem(3)
237,1,"DISCHARGES of mucus or pus, bloody","ars(1), asaf(1), carb-s(2), carb-v(1), caust(2), cham(1), hep(2), kali-c(2), kreos(1), lach(1), lyc(1), merc(2), mez(1), nat-m(1), petr(1), ph-ac(1), phos(1), puls(2), rhus-t(1), sep(1), sil(2), sulph(1), thuj(1)"
237,1,"DISCHARGES of mucus or pus, purulent","ail(1), alumn(1), arg-m(2), arg-n(3), calc(3), carb-s(2), carb-v(2), caust(2), cham(2), chlor(2), ery-a(1), eupho(1), ferr-i(1), graph(2), grin(2), hep(3), kali-i(2), lach(2), led(2), lyc(3), lyss(2), mag-c(1), mag-m(1), merc(3), nat-c(1), nit-ac(1), petr(1), ph-ac(1), phos(1), puls(3), rhus-t(1), sep(2), spong(1), sulph(2), tell(1)"
237,2,"DISCHARGES of mucus or pus, purulent, daytime",phos(1)
237,2,"DISCHARGES of mucus or pus, purulent, morning",bapt(1)
237,1,"DISCHARGES of mucus or pus, sensation of a hanging over eyes which must be wiped away","croc(1), puls(2)"
237,1,"DISCHARGES of mucus or pus, thick","alum(1), arg-n(1), calc-s(1), chel(2), euphr(2), hep(2), hydr(2), kali-bi(2), lyc(2), nat-m(2), puls(2), sep(1), sil(2), sulph(1), thuj(1)"
237,1,"DISCHARGES of mucus or pus, thin",graph(2)
237,1,"DISCHARGES of mucus or pus, white","alum(1), hydr(1), lachn(1), petr(2), plb(1)"
237,2,"DISCHARGES of mucus or pus, white, milk-white",kali-chl(1)
237,1,"DISCHARGES of mucus or pus, yellow","agar(2), alum(1), arg-n(2), ars(1), aur(1), calc(2), calc-s(2), carb-s(1), carb-v(1), caust(1), chel(1), euphr(2), kali-bi(2), kali-c(1), kali-chl(1), kali-s(1), kreos(1), lyc(2), merc(2), nat-p(1), puls(3), sep(2), sil(3), sulph(2), thuj(2)"
237,1,"DISCHARGES of mucus or pus, canthi","ant-c(1), bell(1), berb(1), bism(1), dig(1), eupho(1), kali-bi(1), nat-c(1), nat-m(1), nux-v(2), pic-ac(1), psor(1)"
237,2,"DISCHARGES of mucus or pus, canthi, morning","ant-c(1), calc-p(1), cham(2), ruta(1)"
237,2,"DISCHARGES of mucus or pus, canthi, dry, in","calc(1), caust(1), cham(1), euphr(1), grat(1), hell(2), nit-ac(1), viol-t(1)"
237,3,"DISCHARGES of mucus or pus, canthi, dry, in, morning",lyc(1)
237,2,"DISCHARGES of mucus or pus, canthi, hard, in","dig(1), guai(1), hep(2), ip(2), nux-v(1), petr(2), sabad(1)"
238,3,"DISCHARGES of mucus or pus, canthi, hard, in, forenoon",coff(1)
238,3,"DISCHARGES of mucus or pus, canthi, hard, in, night",seneg(1)
238,2,"DISCHARGES of mucus or pus, canthi, pus","cham(1), graph(2), kali-bi(2), kali-c(1), kali-i(1), led(1), nux-v(3), ph-ac(2), ran-b(1), zinc(2)"
238,1,"DISCHARGES of mucus or pus, canthi, inner","agar(1), mag-s(1), nicc(1), phos(1), puls(3), staph(1), stram(2), verat-v(2), zinc(2)"
238,2,"DISCHARGES of mucus or pus, canthi, inner, morning","nicc(1), phos(1), puls(3), staph(1), zinc(1)"
238,2,"DISCHARGES of mucus or pus, canthi, inner, menses, during",mag-c(1)
238,1,"DISCHARGES of mucus or pus, canthi, outer","ant-c(1), bar-c(1), bry(1), lyc(1), mez(1), nux-v(1), rhus-t(1), sep(1)"
238,2,"DISCHARGES of mucus or pus, canthi, outer, morning","nux-v(1), rhus-t(1), sep(1)"
238,2,"DISCHARGES of mucus or pus, canthi, outer, night","bar-c(1), lyc(2)"
238,2,"DISCHARGES of mucus or pus, canthi, outer, hard, in","eupho(1), hep(2), ip(2), nux-v(1), sabad(1)"
238,2,"DISCHARGES of mucus or pus, canthi, outer, purulent",nux-v(1)
238,1,"DISCHARGES of mucus or pus, lachrymal sac, from","ars(1), arum-t(1), con(2), hep(2), iod(1), merc(2), nat-m(2), petr(3), puls(2), sil(2), stann(1), sulph(2)"
238,0,DISCOLORATION around eyes (See Face),
238,1,"DISCOLORATION around eyes (See Face), of iris","aur(2), coloc(1), euphr(2), kali-i(1), merc-i-f(1), nat-m(2), spig(1), syph(1)"
238,0,DISTORTED,"acon(2), agar(2), ars(2), bell(3), cadm(1), calc-p(1), camph(2), canth(1), carb-ac(1), carb-v(1), cham(2), chel(2), chin(2), cic(2), cocc(1), colch(1), con(1), crot-h(1), cupr(2), dig(1), hydr-ac(2), hyos(2), kali-s(1), lach(2), laur(2), merc(2), mosch(2), olnd(1), op(1), petr(1), ph-ac(1), plat(2), plb(1), puls(1), ran-s(1), sant(1), sec(1), sil(2), stram(2), sul-ac(1), sulph(2), tarent(1), verat(1), verat-v(1)"
238,1,"DISTORTED, evening","bry(1), caust(1)"
238,1,"DISTORTED, sleep, during","aeth(1), chin(1), cocc(1), cupr(1), hyper(1)"
238,1,"DISTORTED, iris","apis(1), merc(2), rhus-t(1)"
238,0,"DRAWN together, sensation of","nat-m(3), sep(1), sulph(2)"
238,0,DRYNESS,"acon(3), agar(1), alum(3), arg-m(1), arg-n(2), arn(2), ars(3), asaf(2), asar(2), aur-m(1), bar-c(1), bell(3), berb(1), bry(1), carb-v(1), caust(2), cedr(1), cham(2), chin(1), cina(1), clem(2), cocc(1), cop(1), croc(2), crot-h(1), cycl(2), dros(1), elaps(2), euphr(2), fago(1), gamb(1), graph(2), grat(1), hep(1), kali-ar(1), kali-bi(1), kali-c(1), kali-n(1), kali-p(1), kali-s(1), lach(1), lachn(1), laur(1), lec(1), lith(1), lyc(3), mag-c(2), mag-m(1), manc(1), mang(2), med(2), merc(1), merc-c(1), merl(2), mez(3), nat-a(1), nat-c(1), nat-m(1), nat-p(1), nat-s(2), nicc(1), nux-m(3), nux-v(2), op(3), paeon(1), pall(1), petr(2), phel(1), phos(1), pic-ac(1), plb(1), puls(3), rhod(2), rhus-t(2), rumx(1), sang(2), sanic(1), sars(1), seneg(2), sep(2), sil(1), spig(1), staph(2), sulph(3), thuj(1), verat(3), zinc(3)"
238,1,"DRYNESS, morning","acon(1), berb(1), caust(2), graph(1), lyc(2), mag-c(1), nux-v(2), puls(2), sil(2), zinc(3)"
238,2,"DRYNESS, morning, lachrymation, after",sulph(3)
238,2,"DRYNESS, morning, waking, on","arg-m(1), elaps(1), phos(1), sanic(1), staph(2)"
238,1,"DRYNESS, afternoon",nat-s(2)
238,1,"DRYNESS, evening","alum(2), caust(2), cina(1), coloc(1), lyc(2), mang(1), nat-s(1), nicc(1), pall(1), puls(2), sang(1), sep(1), sil(1), staph(2), zinc(3)"
238,2,"DRYNESS, evening, on going to bed",op(1)
238,1,"DRYNESS, night",lyc(1)
238,1,"DRYNESS, artificial light, in","ars(1), pic-ac(1)"
238,1,"DRYNESS, looking at bright light",mang(3)
238,1,"DRYNESS, menses, during",mag-c(1)
238,1,"DRYNESS, reading","aur(1), cina(1), graph(1), hyos(1), nat-m(1)"
238,1,"DRYNESS, waking, on","arg-m(1), elaps(1), phos(1), puls(1), sanic(1), staph(1), verat(2)"
238,1,"DRYNESS, warm room","puls(3), sulph(2)"
238,1,"DRYNESS, canthi","alum(2), arg-m(1), berb(1), nat-m(1), nux-v(3), thuj(2)"
238,2,"DRYNESS, canthi, evening",nat-m(1)
238,0,DULLNESS,"abrot(1), acon(1), aesc(1), aeth(1), all-c(3), ang(1), ant-t(3), arn(1), ars(1), asar(1), atro(1), bapt(1), bell(1), berb(1), bov(1), bry(1), bufo(1), calc(1), calc-ar(2), camph(1), carb-s(1), carb-v(2), cedr(2), chel(2), chin(1), chin-s(2), chlor(2), cimic(1), coloc(1), com(1), con(1), cupr(1), cycl(1), daph(1), ferr(1), gels(1), glon(2), grat(1), hyos(1), iod(1), kali-bi(1), kali-br(1), kali-c(1), kali-p(1), kalm(2), kreos(1), lach(1), lyc(2), merc(2), merc-c(1), mez(1), mosch(1), nit-ac(2), nux-v(3), op(1), ph-ac(1), phos(1), plb(1), podo(1), rheum(1), rhus-t(1), rumx(1), sabin(1), sang(1), spig(1), spong(1), squil(1), stann(1), staph(2), stram(1), sul-ac(1), sulph(2), valer(1), verat(1), zinc(1), zinc-s(1)"
238,1,"DULLNESS, exertion, after",ferr(1)
238,1,"DULLNESS, sexual excesses",staph(3)
238,1,"DULLNESS, iris","kali-bi(1), kali-i(1), sulph(1), syph(1)"
238,0,ECCHYMOSIS,"acon(2), aeth(1), am-c(1), arg-n(1), arn(3), bell(2), cact(3), cham(1), chlol(2), con(2), crot-h(2), cupr-ac(2), erig(1), glon(2), ham(2), kali-bi(1), kali-chl(2), kreos(1), lach(2), led(3), lyc(2), lyss(1), nux-v(2), phos(2), plb(1), ruta(1), sul-ac(2), ter(1)"
238,1,"ECCHYMOSIS, right",con(2)
239,1,"ECCHYMOSIS, coughing, from","arn(2), bell(1)"
239,1,"ECCHYMOSIS, lids","arn(2), led(1)"
239,0,"ENLARGEMENT, sensation of","acon(3), ant-c(1), ars(2), benz-n(1), bufo-s(1), calad(1), calc-p(1), caps(1), caust(1), chel(1), chlol(1), chlor(1), cimic(1), colch(1), com(2), con(1), daph(2), hyos(1), kali-ar(1), lach(1), lyc(2), mez(2), nat-a(1), nat-m(3), onos(1), op(2), par(3), ph-ac(1), phos(2), plb(2), rhus-t(1), seneg(1), spig(3), stram(1), tril(1)"
239,1,"ENLARGEMENT, sensation of, right feels larger than left",com(3)
239,1,"ENLARGEMENT, sensation of, morning",nat-a(1)
239,1,"ENLARGEMENT, sensation of, evening",am-br(1)
239,1,"ENLARGEMENT, sensation of, night",chr-ac(1)
239,2,"ENLARGEMENT, sensation of, night, gaslight, agg.",sulph(1)
239,0,"ENLARGED, lens",colch(1)
239,0,ERUPTIONS about the eyes (See Face),"agn(1), arn(1), ars(2), calc(1), carb-s(1), caust(2), con(1), crot-h(1), euphr(1), graph(2), hep(2), ign(1), kali-c(1), kali-s(2), merc(3), merc-c(1), olnd(1), petr(1), rhus-t(2), sel(2), sil(1), spong(1), staph(3), sulph(3), syph(2), thuj(1)"
239,1,"ERUPTIONS about the eyes (See Face), boils",sil(2)
239,1,"ERUPTIONS about the eyes (See Face), fine",euphr(1)
239,1,"ERUPTIONS about the eyes (See Face), herpes","alum(1), bry(1), caust(2), con(2), kreos(1), lach(1), olnd(1), spong(1), sulph(1)"
239,2,"ERUPTIONS about the eyes (See Face), herpes, cornea","graph(2), hep(2), ign(1)"
239,1,"ERUPTIONS about the eyes (See Face), pimples","hep(3), merc(1)"
239,1,"ERUPTIONS about the eyes (See Face), rash",sulph(1)
239,1,"ERUPTIONS about the eyes (See Face), above the eyes",ran-b(1)
239,2,"ERUPTIONS about the eyes (See Face), above the eyes, bluish black vesicles",ran-b(1)
239,1,"ERUPTIONS about the eyes (See Face), below eyes","dulc(1), guai(1), sel(1), thuj(1)"
239,1,"ERUPTIONS about the eyes (See Face), canthi","lact(1), syph(1)"
239,2,"ERUPTIONS about the eyes (See Face), canthi, external",tax(1)
239,2,"ERUPTIONS about the eyes (See Face), canthi, inner crusts",clem(1)
239,1,"ERUPTIONS about the eyes (See Face), eyebrows, about","caust(2), clem(1), ferr-ma(1), kali-c(2), nat-m(3), par(1), phos(2), sel(2), sep(1), sil(1), stann(1), staph(1), sulph(1), thuj(1)"
239,2,"ERUPTIONS about the eyes (See Face), eyebrows, about, crusty","anan(1), fl-ac(1), nat-m(1), sep(1)"
239,2,"ERUPTIONS about the eyes (See Face), eyebrows, about, itching",nat-m(3)
239,2,"ERUPTIONS about the eyes (See Face), eyebrows, about, pimples",kali-c(1)
239,2,"ERUPTIONS about the eyes (See Face), eyebrows, about, psoriasis",phos(2)
239,2,"ERUPTIONS about the eyes (See Face), eyebrows, about, spongy","fl-ac(1), nat-m(1)"
239,2,"ERUPTIONS about the eyes (See Face), eyebrows, about, yellow","fl-ac(1), nat-m(1), rhus-t(1)"
239,1,"ERUPTIONS about the eyes (See Face), lids, on","ant-t(1), bry(2), carb-s(1), crot-t(1), graph(3), guai(1), hep(3), kali-s(1), kreos(1), mag-m(2), mez(2), nat-m(2), psor(2), puls(1), rhus-t(1), sars(2), sil(1), sulph(1), thuj(3)"
239,2,"ERUPTIONS about the eyes (See Face), lids, on, blotches","aur(1), bry(1), calc(1), ran-s(1), staph(1), thuj(1)"
239,2,"ERUPTIONS about the eyes (See Face), lids, on, crusts","ant-c(1), arg-n(2), aur(2), berb(1), bufo(1), calc(1), dig(1), graph(2), hep(1), psor(2), sanic(2), sep(1), sulph(2)"
239,2,"ERUPTIONS about the eyes (See Face), lids, on, dry, burning, itching tetters",bry(2)
239,2,"ERUPTIONS about the eyes (See Face), lids, on, eczema","clem(1), graph(3), hep(2), mez(2), tell(1), thuj(3)"
239,2,"ERUPTIONS about the eyes (See Face), lids, on, herpes","bry(1), corn(1), graph(2), kreos(1), psor(2), rhus-t(2), sep(2), sulph(1), tarent(1)"
239,2,"ERUPTIONS about the eyes (See Face), lids, on, itching",sars(2)
239,2,"ERUPTIONS about the eyes (See Face), lids, on, pimples","alum(1), chel(1), guai(1), hep(3), lyc(2), merc-c(1), nat-m(1), rhus-t(1), sel(1), seneg(2)"
239,2,"ERUPTIONS about the eyes (See Face), lids, on, pustules","ant-t(2), arg-m(1), carb-s(1), lyc(1), merc(2), sep(1), sil(2), sulph(2), tell(3)"
239,3,"ERUPTIONS about the eyes (See Face), lids, on, pustules, canthi","bell(1), bry(1), calc(1), kali-c(1), lach(2), lyc(1), nat-c(1), petr(1), puls(1), sil(1)"
239,3,"ERUPTIONS about the eyes (See Face), lids, on, pustules, left, inner",stann(1)
239,3,"ERUPTIONS about the eyes (See Face), lids, on, pustules, margins","arg-m(2), puls(1), sep(1)"
239,2,"ERUPTIONS about the eyes (See Face), lids, on, rash",sulph(1)
239,2,"ERUPTIONS about the eyes (See Face), lids, on, scaly herpes","chel(2), kreos(1), nat-m(2), psor(3), sep(1)"
239,3,"ERUPTIONS about the eyes (See Face), lids, on, scaly herpes, margins","apis(2), arg-n(1), aur(2), aur-m(1), dulc(2), graph(3), kali-chl(2), kali-s(2), merc(2), tub(2)"
239,2,"ERUPTIONS about the eyes (See Face), lids, on, scales","ars(1), psor(2), sep(3)"
239,2,"ERUPTIONS about the eyes (See Face), lids, on, scurfy","mez(2), petr(3), sep(3), tub(1)"
239,2,"ERUPTIONS about the eyes (See Face), lids, on, spots","camph(1), sil(1)"
239,2,"ERUPTIONS about the eyes (See Face), lids, on, tubercles","aur(1), bry(1), calc(1), ran-s(1), staph(2), thuj(2)"
239,2,"ERUPTIONS about the eyes (See Face), lids, on, vesicles","berb(1), cimic(2), crot-t(2), mez(1), pall(1), psor(2), rhus-t(1), rhus-v(1), sars(2), sel(1)"
239,3,"ERUPTIONS about the eyes (See Face), lids, on, vesicles, on margins","aur(1), pall(1), sel(2), urt-u(1)"
239,3,"ERUPTIONS about the eyes (See Face), lids, on, vesicles, yellow","dulc(1), psor(2), rhus-t(1)"
239,0,ERYSIPELOUS (See Inflammation),
239,0,ESOPHORIA (See Paralysis),"rhod(1), ruta(2)"
239,0,EVERSION of lids,"alum(1), apis(2), arg-m(3), arg-n(3), bell(1), calc(2), graph(1), ham(2), hep(1), lyc(2), merc(2), merc-c(2), mez(1), nat-m(2), nit-ac(2), psor(1), staph(2), sulph(2), zinc(1)"
239,1,"EVERSION of lids, lower",apis(2)
239,1,"EVERSION of lids, after nitrate of silver",nat-m(2)
240,0,EXCORIATION of lids,"apis(1), arg-n(3), ars(3), calc(2), graph(1), hep(2), med(2), merc(3), merc-c(2), nat-m(2), sulph(2)"
240,1,"EXCORIATION of lids, canthi","alum(1), apis(1), ars(3), bor(1), eupho(1)"
240,0,EXCRESCENCES (See Condylomata),
240,0,"EXERTION, muscular, amel.",aur(2)
240,0,EXOPHORIA (See Paralysis),
240,0,EXOPHTHALMUS (See Protrusion),
240,0,EXPRESSIONLESS (See Dullness),
240,0,EYE GUM,"alum(1), am-c(1), ant-c(1), arg-n(2), bism(1), calc(2), caust(1), con(1), graph(1), ip(1), nux-v(1), psor(2), seneg(2), staph(1), thuj(1)"
240,1,"EYE GUM, on lids","agar(2), am-c(1), ars(1), graph(3), seneg(1)"
240,2,"EYE GUM, on lids, morning","alum(1), berb(1), con(1), phos(2), seneg(1)"
240,1,"EYE GUM, canthi","aeth(1), agar(2), ant-c(2), bism(1), calc(2), eupho(2), nat-a(1), nat-m(2), nux-v(1), staph(1), sulph(2)"
240,2,"EYE GUM, canthi, outer","chin(1), eupho(1), kali-c(1), nat-a(1)"
240,0,EYE LASHES (See Hair),
240,0,FALLING of lids,"acon(1), alum(2), ant-t(1), apis(1), apoc(1), arn(1), bell(2), cann-i(1), carb-s(1), caust(2), cham(1), chel(1), con(1), croc(1), crot-h(1), gels(3), graph(1), kali-br(1), kali-p(1), lyc(2), merc(1), naja(1), nat-c(1), nux-m(1), nux-v(1), op(2), phel(1), sep(1), sil(1), spig(1), spong(1), sul-ac(1), sulph(1), tax(1), viol-o(1), viol-t(2), vip(1), zinc(1)"
240,1,"FALLING of lids, in evening",am-br(1)
240,1,"FALLING of lids, during headache",sep(2)
240,0,FILMY,lyc(1)
240,0,"FIRE, looking into, agg.","merc(2), nat-s(1)"
240,0,"FISSURE, canthi (See Cracks)",
240,0,FISTULA of the cornea,sil(2)
240,1,"FISTULA of the cornea, lachrymalis","agar(1), apis(2), arg-n(2), aur-m(2), brom(2), calc(3), chel(1), fl-ac(3), hep(2), lach(2), lyc(2), mill(1), nat-c(1), nat-m(2), nit-ac(2), petr(3), phyt(1), puls(3), sil(3), stann(2), sulph(2)"
240,2,"FISTULA of the cornea, lachrymalis, discharging pus on pressure","puls(3), sil(2), stann(2)"
240,2,"FISTULA of the cornea, lachrymalis, suppurating","calc(2), puls(3)"
240,0,FIXED look (See Staring),
240,0,"FRIGHTFUL look (See Face, expression)",
240,0,"FRINGE sensation as of a, were falling over the eyes",con(2)
240,0,"FULLNESS, sensation of","apis(1), arg-n(2), bell(1), caust(1), cub(1), dulc(1), eupho(1), gels(1), ger(1), guai(2), gymn(1), hep(1), lact-ac(1), lyc(1), morph(1), nat-m(1), nux-m(2), olnd(1), phys(1), plb(1), seneg(2), sep(1), sulph(1), thuj(1), verat(1)"
240,0,"FUNGUS, oculi (See Cancer)",
240,0,GLASSY appearance,"acon(1), am-m(1), arn(1), ars(1), bell(2), benz-n(1), bry(1), camph(1), cedr(1), chlor(1), cic(2), coc-c(1), cocc(1), com(1), croc(1), cupr(1), daph(1), elaps(1), eup-per(1), fago(1), glon(2), hell(2), hydr-ac(1), hyos(1), iod(1), kali-ar(2), lach(2), lyc(2), lyss(1), merc(1), mosch(1), op(3), ox-ac(1), petr(1), ph-ac(3), plat(2), psor(1), puls(1), sang(1), sec(1), sep(1), spig(1), stram(2), sulph(1), tab(1)"
240,1,"GLASSY appearance, morning",sep(1)
240,1,"GLASSY appearance, chill, during","bell(1), cocc(1)"
240,1,"GLASSY appearance, fever, during","bell(1), bry(1), glon(1), iod(1), op(1)"
240,1,"GLASSY appearance, perspiration","bell(1), cocc(1), puls(1)"
240,0,GLAUCOMA,"phos(1), prun-s(1), spig(2), sulph(1)"
240,0,GLAZED,"cupr(1), hyos(1), op(1), podo(1)"
240,0,"GLISTENING (See Brilliant, Glassy)",
240,0,GRANULAR lids,"alum(2), ant-t(1), apis(2), arg-n(2), ars(3), aur(2), bar-c(1), bell(1), bor(2), carb-s(2), caust(2), euphr(2), fago(1), graph(3), kali-bi(2), lyc(3), merc-c(2), merc-i-f(2), merc-i-r(2), mez(1), nat-a(2), nat-m(2), nat-s(2), nux-v(2), ol-j(1), petr(1), phyt(1), puls(2), rheum(1), rhus-t(1), sang(2), sep(2), sil(2), sulph(2), thuj(2), zinc(2)"
240,1,"GRANULAR lids, evening",nux-v(2)
240,1,"GRANULAR lids, cold applications, amel.","apis(2), puls(2)"
240,1,"GRANULAR lids, summer",nux-v(1)
240,1,"GRANULAR lids, water agg.",sulph(2)
240,1,"GRANULAR lids, outer canthi",ant-t(1)
240,0,GREEN color,"canth(1), cupr-ac(1)"
240,1,"GREEN color, ring around (See Face, Discoloration)",
240,0,"HAGGARD (See Face, Expression)",
240,0,HAIR falling from brows,"agar(1), ail(1), alum(1), anan(2), aur-m(1), hell(1), kali-c(3), mill(1), plb(1), sel(1), sil(1), sulph(1)"
240,1,"HAIR falling from brows, eye-lashes","alum(1), apis(2), ars(2), aur(1), bufo(1), calc-s(2), chel(2), chlol(1), euphr(2), med(1), merc(2), ph-ac(1), psor(1), rhus-t(3), sel(2), sep(1), sil(1), staph(2), sulph(2)"
240,1,"HAIR falling from brows, eyebrows, white",ars-h(1)
240,1,"HAIR falling from brows, sensation of, in eye","plan(1), puls(2), sang(1), tab(1)"
240,2,"HAIR falling from brows, sensation of, in eye, afternoon",sang(1)
240,0,HARDNESS,coloc(1)
240,1,"HARDNESS, lids (See Thickening)","acon(2), arg-m(1), calc(2), con(2), med(1), merc-c(2), nit-ac(2), phyt(2), psor(1), ran-s(1), sep(1), sil(2), spig(2), thuj(2)"
241,1,"HARDNESS, meibomian glands of","bad(2), lith(2), staph(1)"
241,1,"HARDNESS, sense of marble",cann-i(1)
241,0,HEAT in,"acon(2), aesc(1), agar(1), anan(1), ang(1), aran(1), arg-n(2), ars(2), aster(1), aur(1), bell(3), benz-ac(1), berb(1), bov(2), calc(1), canth(2), carb-s(2), carb-v(1), cham(3), chel(2), chin(3), chlol(1), clem(2), con(1), cor-r(1), cycl(2), dig(1), glon(2), graph(2), ign(2), jab(2), kali-ar(1), kali-bi(2), kali-c(3), kreos(2), lach(1), lil-t(2), lyc(3), mang(1), med(1), meph(1), merc(2), mez(2), nat-a(1), nat-c(1), nat-m(1), nat-s(2), nicc(1), nit-ac(2), onos(1), op(2), petr(1), ph-ac(1), phos(2), plat(1), psor(2), ran-b(1), rhus-t(1), ruta(3), sabin(1), sep(2), sil(1), spig(2), sulph(3), tab(2), tarent(1), tell(1), thuj(1), verat(2), verb(1), viol-o(1), zinc(1)"
241,1,"HEAT in, daytime","ars(2), phos(1)"
241,1,"HEAT in, morning","apoc(1), hep(2), mez(2), sep(1), sulph(1)"
241,1,"HEAT in, forenoon",con(1)
241,1,"HEAT in, evening","dios(1), kali-bi(1), nat-m(1), nicc(1), psor(1), puls(2)"
241,2,"HEAT in, evening, as if hot air streamed out",dios(1)
241,2,"HEAT in, evening, with candlelight",graph(1)
241,1,"HEAT in, night","crot-t(2), nat-c(1), zinc(1)"
241,1,"HEAT in, air, cold, agg.",zinc(1)
241,1,"HEAT in, choroiditis",coloc(2)
241,1,"HEAT in, closing eyes on","cor-r(2), ust(1)"
241,1,"HEAT in, eating, after",caust(1)
241,1,"HEAT in, exertion, during","aur(1), jab(1), ruta(3)"
241,1,"HEAT in, fever, during",sep(2)
241,1,"HEAT in, flushes","gels(2), phos(1), sep(1)"
241,1,"HEAT in, iritis, in","arn(2), puls(1)"
241,1,"HEAT in, steaming out, sensation of","cham(3), clem(2), dios(1), nat-s(1)"
241,1,"HEAT in, using eyes","aur(1), jab(1), ruta(3)"
241,1,"HEAT in, canthi","carb-v(1), phos(1), psor(1), thuj(1)"
241,2,"HEAT in, canthi, outer","cann-s(1), glon(1), thuj(1)"
241,1,"HEAT in, lids","acon(1), benz-ac(1), calc(2), calc-p(1), chel(1), cinnb(1), gels(2), glon(2), graph(2), lil-t(1), med(2), sep(1), syph(1), upa(1)"
241,2,"HEAT in, lids, margins","par(1), phyt(1), sep(2), sulph(2)"
241,0,"HEAT, agg.","apis(2), arg-n(2), caust(1), clem(1), coff(2), merc(3), puls(2), til(1), zinc(1)"
241,0,HEAVINESS,"aesc(2), all-s(1), aloe(3), anan(1), apis(1), arn(2), ars-n(1), arum-t(1), carb-s(1), carb-v(2), com(2), hep(1), hipp(1), lach(1), lyc(1), manc(1), plb(1), podo(1), rumx(1), stram(1), sulph(2), vib(1)"
241,1,"HEAVINESS, menses, before","lac-d(1), nat-m(2)"
241,2,"HEAVINESS, menses, before, during","carb-an(1), lac-d(1), nat-m(1)"
241,1,"HEAVINESS, lids","absin(1), acon(1), agar(1), anan(1), apis(1), arum-t(1), arund(1), asaf(1), bell(1), berb(1), brom(1), bufo(1), caj(1), calc(2), cann-i(1), carb-s(1), caul(2), caust(3), cham(1), chel(1), chlol(1), cimic(1), cina(1), cinnb(1), cocc(2), con(3), corn(1), crot-c(1), cupr(1), ferr(2), form(2), gels(3), graph(2), hell(2), hydr(2), kali-bi(2), kali-p(1), lac-c(2), lac-d(2), lachn(1), lyc(2), merl(2), naja(1), nat-a(1), nat-c(2), nat-m(2), nat-p(1), nat-s(2), nit-ac(1), nux-m(2), nux-v(2), onos(1), op(1), ph-ac(1), phel(1), phos(2), phys(1), pic-ac(1), rhus-t(3), sep(2), sil(1), spong(2), sulph(2), tarent(1), thuj(1), verat-v(2), viol-o(1), zinc(2)"
241,2,"HEAVINESS, lids, morning","daph(1), ferr(1), myric(1), phos(1), sep(2), upa(2)"
241,3,"HEAVINESS, lids, morning, as if could not be held open","nit-ac(1), sep(2)"
241,3,"HEAVINESS, lids, morning, on waking","kali-bi(2), sep(2)"
241,2,"HEAVINESS, lids, evening","bufo(1), cinnb(1), dig(1), pic-ac(1), sulph(1)"
241,3,"HEAVINESS, lids, evening, reading by lamplight, while",nat-c(2)
241,2,"HEAVINESS, lids, frontal headache",sep(1)
241,2,"HEAVINESS, lids, using the eyes","nat-c(1), nat-m(2)"
241,0,HÆMORRHAGE (See Bleeding),
241,0,HORDEOLA (See Styes),
241,0,HYPERÆSTHESIA of the retina,"con(2), crot-h(1), ign(2), lact-ac(1), nat-m(3), nux-v(2)"
241,0,HYPERPHORIA (See Paralysis),
241,0,HYPERTROPHY of conjunctiva,apis(1)
241,0,"IMMOBILITY (See Fixed Look, Staring, etc.)",
241,0,INDURATION (See Hardness),
241,0,"INFANTS, eye complaints of (See Inflammation)",
241,0,"INFILTRATION (See Thickening, Hardness)",
241,0,INFLAMMATION,"acon(3), act-sp(2), agar(2), all-c(3), alum(2), am-c(1), ambr(2), ant-c(2), ant-t(2), apis(3), arg-m(1), arg-n(2), arn(3), ars(3), ars-i(1), asaf(2), asar(1), aur(2), aur-m(1), bad(2), bar-c(2), bar-m(2), bell(3), benz-ac(1), bor(2), brom(1), bry(2), cadm(1), cahin(2), calad(1), calc(3), calc-p(2), calc-s(3), camph(1), cann-s(1), canth(2), caps(1), carb-s(1), caust(2), cham(2), chin(2), chin-a(1), cimic(1), cinnb(2), clem(2), coff(1), colch(2), coloc(2), con(2), cop(1), croc(1), crot-t(1), cupr(1), daph(1), dig(1), dulc(1), elaps(1), ery-a(1), eug(1), eup-per(2), eupho(2), euphr(3), ferr(1), ferr-ar(1), ferr-p(1), form(2), gels(2), glon(2), graph(2), grin(2), ham(2), hep(2), hydr(2), hyos(1), ign(2), iod(2), ip(2), iris(2), kali-ar(1), kali-bi(2), kali-c(2), kali-chl(2), kali-i(2), kali-p(1), kali-s(1), kalm(2), kreos(1), lach(2), led(2), lith(2), lyc(3), lyss(2), mag-c(2), mag-m(1), meph(1), merc(3), merc-c(2), merc-i-r(2), merl(2), mez(2), morph(1), nat-c(1), nat-m(3), nat-p(1), nat-s(2), nit-ac(2), nux-v(2), op(1), petr(2), ph-ac(1), phos(2), phyt(2), plb(1), psor(3), puls(3), ran-b(1), rat(1), rhus-t(3), sang(1), sep(3), sil(3), spig(2), staph(1), stram(2), sul-ac(2), sulph(3), syph(1), tarax(1), tarent(1), ter(2), teucr(1), thuj(2), verat(1), zinc(2)"
242,1,"INFLAMMATION, afternoon, 4 p.m.",ars(2)
242,1,"INFLAMMATION, acute","acon(2), apis(3), ars(2), aur-m(1), bell(2), bry(2), calc(3), cham(2), euphr(2), ferr-p(2), hydr(2), merc(2), nux-v(2), puls(3), sep(2), sulph(3)"
242,2,"INFLAMMATION, acute, injuries, after","acon(2), arn(2)"
242,1,"INFLAMMATION, alternating with sore throat",par(1)
242,2,"INFLAMMATION, alternating with sore throat, with swelling of feet",ars(2)
242,1,"INFLAMMATION, arthritic (gouty and rheumatic)","ant-c(2), ant-t(3), apis(2), ars(2), arum-m(1), bell(1), bor(2), bry(2), cact(1), calc(3), cham(2), chin(2), cocc(2), colch(2), coloc(2), dig(1), euphr(2), form(3), graph(2), hep(2), kalm(2), led(2), lyc(3), merc(2), mez(2), nux-v(2), phyt(3), psor(2), puls(2), rhus-t(3), sep(3), spig(1), staph(2), sulph(2)"
242,1,"INFLAMMATION, burns, from",canth(3)
242,1,"INFLAMMATION, catarrhal from cold","acon(3), act-sp(1), all-c(3), alum(1), alumn(1), ant-c(1), ant-t(1), apis(2), arg-m(2), ars(2), ars-i(1), arund(2), aur(2), bapt(1), bell(3), bry(2), calc(3), calc-p(2), carb-s(2), cham(2), chel(1), chlol(2), com(1), con(1), dig(2), dulc(3), euphr(3), gamb(1), graph(2), hep(2), hydr(2), iod(1), ip(1), iris(2), kali-ar(1), kali-bi(2), kali-c(1), lyc(2), merc(3), merc-c(2), mez(2), nux-v(2), petr(2), phyt(2), psor(3), puls(3), sang(2), sep(2), staph(2), sulph(2), thuj(2)"
242,2,"INFLAMMATION, catarrhal from cold, morning","hep(1), kali-bi(1), mez(2)"
242,2,"INFLAMMATION, catarrhal from cold, night","all-s(1), cinnb(2), dulc(2), merc(3), rhus-t(2)"
242,3,"INFLAMMATION, catarrhal from cold, night, after 1 a.m.",chin-a(1)
242,2,"INFLAMMATION, catarrhal from cold, when trying to read",all-s(1)
242,1,"INFLAMMATION, cold agg.","ars(2), sil(1)"
242,2,"INFLAMMATION, cold agg., amel.","apis(1), arg-n(3), asar(2), bry(2), caust(1), puls(3), sep(2)"
242,2,"INFLAMMATION, cold agg., wet weather","dulc(3), rhus-t(3), sil(2)"
242,1,"INFLAMMATION, croupous",kali-bi(1)
242,1,"INFLAMMATION, erysipelatous (See Face)","acon(2), anac(2), apis(3), bell(2), com(1), graph(2), hep(2), led(2), merc(2), merc-c(2), rhus-t(3), vesp(1)"
242,2,"INFLAMMATION, erysipelatous (See Face), from bites of insects",led(1)
242,1,"INFLAMMATION, fire agg.","ant-c(3), arg-n(2), merc(3)"
242,2,"INFLAMMATION, fire agg., being over; cold air and cold applications amel.",arg-n(3)
242,1,"INFLAMMATION, foreign bodies","acon(3), arn(3), calc(2), puls(2), sil(3), sulph(1)"
242,1,"INFLAMMATION, gaslight, from",merc(2)
242,1,"INFLAMMATION, gonorrhœal","ant-t(2), chin(1), cor-r(1), cub(1), med(1), merc(2), nit-ac(3), puls(3), spig(2), sulph(2), thuj(2)"
242,1,"INFLAMMATION, headache, with","apis(1), led(1), verat(1)"
242,1,"INFLAMMATION, heat agg.","apis(3), bad(3), bell(3), bry(2), glon(3), kali-i(2), med(1), merc(2), still(1)"
242,1,"INFLAMMATION, infants","acon(2), alumn(1), apis(3), arg-m(2), arg-n(3), arn(1), ars(3), arund(1), bell(2), bor(1), bry(2), calc(3), cham(2), dulc(2), euphr(2), hep(2), ign(2), lyc(2), merc(2), merc-c(2), nit-ac(3), nux-v(2), puls(3), rhus-t(2), sulph(2), thuj(3), zinc(1)"
242,1,"INFLAMMATION, injuries, after","arn(2), ham(2), hep(2), puls(2), sulph(2)"
242,1,"INFLAMMATION, measles, after","arg-m(1), carb-v(2), crot-h(1), euphr(1), puls(2)"
242,1,"INFLAMMATION, menses, during","ars(2), zinc(3)"
242,2,"INFLAMMATION, menses, during, suppressed",puls(2)
242,1,"INFLAMMATION, mercurial","asaf(2), hep(2), mez(2)"
242,2,"INFLAMMATION, mercurial, open air amel.","asar(2), puls(3)"
242,1,"INFLAMMATION, recurrent","ars(1), bry(1), calc(3), sulph(2)"
242,1,"INFLAMMATION, sand and dust, from",sulph(1)
242,1,"INFLAMMATION, scrofulous","alumn(1), ant-c(2), apis(2), arg-m(2), ars(3), ars-i(1), arund(1), aur(3), aur-m-n(3), bad(2), bar-c(2), bar-m(3), bell(2), cadm(2), calc(3), calc-p(2), calc-s(3), cann-s(1), carb-s(3), caust(3), cham(2), chin(1), chin-a(1), cinnb(2), cist(2), con(2), dig(1), dulc(2), euphr(2), ferr(1), ferr-ar(1), fl-ac(2), graph(3), hep(3), hyos(2), iod(2), ip(1), kali-bi(2), kali-i(2), lith(2), lyc(2), mag-c(2), merc(3), merc-c(2), nat-m(2), nat-p(2), nat-s(2), nit-ac(3), nux-v(2), ol-j(1), petr(3), phyt(3), psor(3), puls(3), rhus-t(2), sars(2), sep(3), sil(3), spig(2), sul-ac(2), sulph(3), tell(2), viol-t(2), zinc(2)"
242,1,"INFLAMMATION, summer",sep(2)
242,1,"INFLAMMATION, syphilitic","arg-m(1), arg-n(1), ars(2), asaf(3), aur(2), aur-m(1), aur-m-n(1), cinnb(2), clem(2), graph(2), hep(2), kali-i(3), merc(3), merc-c(3), merc-cy(2), merc-i-f(2), nit-ac(3), phyt(3), staph(2), syph(2), thuj(1)"
242,1,"INFLAMMATION, vaccination, after",thuj(1)
242,1,"INFLAMMATION, warm covering amel.",hep(2)
242,1,"INFLAMMATION, warmth of bed agg.",merc(3)
242,1,"INFLAMMATION, washing agg.",sulph(3)
243,1,"INFLAMMATION, wet, becoming, agg.","calc(2), dulc(1), rhus-t(2)"
243,2,"INFLAMMATION, wet, becoming, agg., getting feet",chel(2)
243,1,"INFLAMMATION, wind, dry cold",acon(3)
243,1,"INFLAMMATION, wounds","arn(1), calad(1), staph(3)"
243,1,"INFLAMMATION, canthi","am-c(1), apis(1), arg-n(3), bor(2), bufo(1), calc(2), calc-s(1), clem(1), graph(2), kali-c(1), mag-c(1), merc(1), nat-c(1), sulph(1), zinc(1)"
243,2,"INFLAMMATION, canthi, morning, agg.",nux-v(2)
243,2,"INFLAMMATION, canthi, with ulceration","apis(2), bufo(1), kali-c(2), zinc(1)"
243,2,"INFLAMMATION, canthi, inner","agar(2), bor(2), clem(2), nux-v(2), petr(1)"
243,2,"INFLAMMATION, canthi, outer","bor(2), graph(3), kali-c(2)"
243,3,"INFLAMMATION, canthi, outer, with ulceration","calc-ac(2), upa(1)"
243,1,"INFLAMMATION, caruncles","bell(1), berb(1), cann-i(1)"
243,1,"INFLAMMATION, choroid","ars(2), aur(2), bell(2), bry(3), cedr(2), coloc(2), gels(2), ip(2), jab(1), kali-chl(2), kali-i(2), merc(2), merc-c(2), merc-d(2), nux-v(2), phos(1), phyt(2), prun-s(2), psor(1), puls(1), ruta(1), sil(2), spig(2), sulph(2), thuj(2)"
243,1,"INFLAMMATION, conjunctiva","acon(3), act-sp(1), ail(1), alum(3), ant-c(1), ant-t(1), apis(3), arg-n(3), ars(3), ars-i(1), asc-t(1), bell(3), brom(1), bry(1), calc(3), calc-f(2), calc-p(2), calc-s(3), cann-i(1), canth(2), carb-s(3), cedr(1), cham(2), chin(1), chol(2), cinnb(2), clem(2), coc-c(1), crot-h(1), crot-t(2), dig(2), euphr(3), ferr-i(1), ferr-p(2), ham(2), hep(2), hydr(2), iod(2), ip(2), kali-bi(2), kali-chl(1), kali-p(1), led(1), lyc(2), merc(2), nat-a(2), nat-p(1), nat-s(2), nux-v(2), petr(2), pic-ac(1), puls(2), rhus-t(3), staph(2), sulph(3), sumb(1), tep(1), thuj(2), zinc(2)"
243,2,"INFLAMMATION, conjunctiva, croupous","acet-ac(1), kali-bi(1), merc(1)"
243,2,"INFLAMMATION, conjunctiva, granular","apis(2), arg-n(3), ery-a(2), euphr(2), ham(2), merc(2), nat-s(1), petr(2), phyt(2), psor(1), rhus-t(1), sep(1), sil(2), sulph(2), thuj(2)"
243,3,"INFLAMMATION, conjunctiva, granular, cold applications amel.","apis(2), asar(1), puls(2)"
243,2,"INFLAMMATION, conjunctiva, pustular (including cornea)","aeth(2), agar(1), ant-c(1), apis(3), ars(1), aur(1), bar-c(1), calc(3), calc-i(1), cham(2), chlol(2), clem(3), con(2), crot-t(2), euphr(2), graph(3), hep(1), ip(2), kali-bi(2), kali-chl(3), kali-i(2), lach(2), merc(2), merc-c(2), merc-d(2), merc-i-f(2), nat-c(2), nat-m(2), nat-s(2), nit-ac(2), petr(3), psor(3), puls(3), rhus-t(1), sec(3), sep(3), sil(2), sulph(3), syph(2), tell(1), thuj(2), zinc(1)"
243,1,"INFLAMMATION, cornea","apis(2), ars(2), aur-m(2), bell(2), calc(3), calc-p(2), cinnb(2), con(2), crot-h(2), crot-t(1), euphr(2), graph(2), hep(2), kali-chl(2), kalm(2), lyc(2), merc(3), merc-i-f(2), plat(1), plb(1), psor(2), puls(2), rhus-t(2), sep(2), spig(1), sulph(3), thuj(3)"
243,1,"INFLAMMATION, iris","apis(2), arg-n(2), arn(3), ars(2), ars-i(2), asaf(2), aur(2), bell(2), calc(1), cedr(2), chin(2), cinnb(2), clem(2), colch(2), coloc(2), com(2), crot-h(1), crot-t(2), dulc(1), euphr(2), hep(2), iod(1), kali-bi(2), kali-i(2), merc(2), merc-c(3), merc-i-f(1), mez(1), nat-m(2), nit-ac(2), petr(1), plb(1), puls(2), rhus-t(3), seneg(2), sil(2), spig(1), staph(2), sulph(2), syph(2), ter(2), thuj(2), zinc(1)"
243,2,"INFLAMMATION, iris, night, agg.","ars(2), dulc(2), kali-i(3), merc(3), merc-c(3), nit-ac(2), rhus-t(2), staph(2), sulph(2), zinc(1)"
243,2,"INFLAMMATION, iris, adhesions, with","calc(2), clem(2), merc-c(2), nit-ac(2), sil(1), spig(1), staph(1), sulph(2), ter(2)"
243,2,"INFLAMMATION, iris, hypopion, with","hep(3), merc(2), merc-c(2), sil(3), sulph(1), thuj(2)"
243,1,"INFLAMMATION, iris, rheumatic","arn(1), ars(2), bry(2), colch(2), coloc(1), dulc(2), euphr(2), kali-bi(2), kali-i(1), kalm(2), rhus-t(3), spig(2), syph(1), ter(2)"
243,2,"INFLAMMATION, iris, rheumatic, syphilitic","arg-n(2), ars(2), asaf(2), aur(2), aur-m(2), cinnb(2), hep(2), kali-i(3), merc(2), merc-c(3), merc-i-f(2), nit-ac(3), petr(1), staph(2), syph(1), thuj(2), zinc(1)"
243,3,"INFLAMMATION, iris, rheumatic, syphilitic, bursting pain in eyeball, temple and side of face",staph(3)
243,2,"INFLAMMATION, iris, rheumatic, tubercular","bar-i(1), tub(1)"
243,1,"INFLAMMATION, lachrymal canal","acon(1), apis(1), calc(2), fl-ac(2), hep(1), kali-bi(1), nat-m(2), nit-ac(1), petr(3), puls(3), sil(2), stann(2)"
243,2,"INFLAMMATION, lachrymal canal, glands","ant-c(2), apis(1), cupr(2), fl-ac(2), hep(1), puls(3), sil(3)"
243,2,"INFLAMMATION, lachrymal canal, sac","apis(1), arum-t(1), graph(2), hep(1), merc(2), nat-c(1), petr(3), puls(3), sil(3)"
243,1,"INFLAMMATION, lids","acon(2), act-sp(1), anac(1), ant-c(3), apis(3), arg-m(3), arg-n(3), ars(2), arund(1), bar-c(1), bell(1), berb(1), calc-s(3), carb-an(2), carb-s(3), cinnb(2), cocc(2), com(1), con(1), crot-t(1), dig(2), euphr(1), graph(3), hep(2), hydr(2), hyos(1), iris(2), kali-ar(1), kali-bi(1), kali-c(2), kali-s(1), kreos(1), lach(1), lil-t(1), lyc(3), med(3), meph(1), merc(3), mez(2), nat-a(1), nat-c(2), nat-m(2), nit-ac(2), petr(3), phos(1), psor(2), puls(1), rhus-t(3), sang(2), sanic(2), sarr(1), sars(1), seneg(2), sep(2), sil(2), spig(2), stann(1), staph(3), stram(1), sulph(3), tell(3), ter(2), thuj(2), uran(2), verat(1), zinc(1)"
243,2,"INFLAMMATION, lids, margins","aeth(2), arg-m(2), arg-n(2), ars(1), aur-m(2), bell(1), bor(2), bov(2), cham(2), clem(3), dig(2), euphr(1), graph(3), hep(2), hydr(2), lach(1), merc(1), merc-c(2), nat-a(1), nat-m(2), nat-s(1), nux-v(1), puls(2), sanic(3), seneg(2), staph(2), stram(1)"
244,1,"INFLAMMATION, meibomian glands","cham(1), colch(2), dig(2), euphr(2), hep(2), indg(1), kreos(1), phos(1), puls(1), staph(2), stram(1), sulph(1)"
244,2,"INFLAMMATION, meibomian glands, suppurative","con(2), phos(2)"
244,1,"INFLAMMATION, optic nerve","bell(2), phos(2), plb(1), puls(2), tab(1)"
244,1,"INFLAMMATION, retina","ars(2), asaf(1), aur(1), calc(2), crot-h(1), gels(2), kalm(2), lach(2), merc(2), merc-c(2), phos(2), prun-s(2), puls(2), sec(1), sulph(2)"
244,1,"INFLAMMATION, sclerotics","acon(1), cocc(2), hura(1), kalm(2), merc(2), psor(2), rhus-t(1), spig(1), thuj(2)"
244,2,"INFLAMMATION, sclerotics, with stitches and aversion to sunlight",nux-v(1)
244,0,INJECTED,"all-c(1), ant-t(1), astac(1), bell(2), bufo(1), camph(1), cedr(1), clem(2), con(1), ferr(1), ferr-ar(1), ferr-m(1), ferr-p(1), glon(3), hep(2), kali-bi(2), merc(1)"
244,1,"INJECTED, canthus, inner","laur(1), nat-p(1)"
244,1,"INJECTED, conjunctiva full of dark vessels","apis(2), arg-n(1), ars(1), ars-h(1), bar-m(1), bell(2), calc(2), calc-p(2), camph(2), cann-i(1), carb-s(2), chin-s(2), chlol(2), clem(1), con(2), cop(2), crot-c(2), crot-t(1), euphr(2), ferr(2), graph(2), ham(2), hep(2), ip(2), kali-ar(1), kali-bi(2), kali-c(1), kali-i(2), kali-p(1), kali-s(1), lach(2), lyss(1), merc(1), merc-c(2), mez(2), morph(1), nat-a(2), nat-m(3), nux-v(2), op(2), phos(1), podo(1), sang(1), sec(1), sil(2), spig(1), stram(1), stry(1), sulph(2), tarent(1), thuj(1)"
244,2,"INJECTED, conjunctiva full of dark vessels, morning",mez(2)
244,2,"INJECTED, conjunctiva full of dark vessels, menses, before",puls(1)
244,1,"INJECTED, cornea","aur(3), graph(2), hep(1), ign(2), ip(1), merc(2), plb(1)"
244,0,"INJURIES, from","acon(1), arn(2), calc(1), calc-s(1), euphr(2), ham(1), led(2), sil(1), staph(2), sul-ac(1), sulph(1), symph(3)"
244,0,INSENSIBILITY,"carb-o(1), carb-s(1), crot-h(1), hyos(1), kali-br(1), op(1), stram(2)"
244,0,"INTOXICATED appearance (See Face, expression)",
244,0,INVERSION of lids,"anan(1), bor(2), calc(2), graph(2), merc(2), nat-m(2), nit-ac(2), sulph(2), zinc(1)"
244,0,IRRITATION,"apis(1), ars(2), caust(2), con(1), fago(1), ign(1), iod(1), lyc(1), merc-i-f(1), nat-a(1), puls(1), ran-s(1), rhus-t(1), ruta(1), sang(1)"
244,1,"IRRITATION, daytime only",iod(1)
244,1,"IRRITATION, morning",apoc(1)
244,1,"IRRITATION, afternoon",bad(1)
244,1,"IRRITATION, evening","iod(1), lyc(1), ruta(2)"
244,2,"IRRITATION, evening, from candle-light",lyc(1)
244,2,"IRRITATION, evening, reading by lamp-light",apis(2)
244,1,"IRRITATION, eyelids, amel. in cold air",coff(1)
244,1,"IRRITATION, optic nerve",phos(1)
244,0,ITCHING,"absin(1), acon(1), agar(2), all-c(2), alum(2), am-m(1), anan(1), ant-c(2), apis(2), arg-m(2), arg-n(2), arund(1), asc-t(1), aspar(1), aur(1), aur-m(1), bar-c(2), bar-m(1), bell(1), berb(1), bor(1), bry(1), bufo(1), calc(2), calc-p(1), calc-s(1), cann-s(1), canth(1), carb-an(1), carb-v(2), casc(1), caust(2), chim(1), chin(1), clem(1), coloc(1), cop(1), cupr(1), cycl(1), elaps(1), eug(1), euphr(2), fago(1), ferr(1), ferr-i(1), gels(1), hep(1), hura(1), ign(1), iod(1), kali-bi(2), kali-n(1), kali-s(1), kalm(2), kreos(1), lach(1), lachn(1), lob(1), lyc(2), lyss(1), mag-c(1), mag-m(2), meph(1), merc(2), merc-c(1), mez(2), mosch(1), mur-ac(2), nat-c(2), nat-m(2), nat-p(1), nat-s(1), nicc(1), nit-ac(1), nux-v(2), ol-an(1), osm(1), paeon(1), pall(1), petr(2), ph-ac(1), phel(2), phos(2), phyt(1), puls(3), ran-b(1), rhod(1), rhus-t(1), ruta(1), sars(1), sep(1), sil(1), spig(1), stann(1), stram(1), stront(1), sulph(3), tarent(1), vesp(1), viol-t(1), zinc(2)"
244,1,"ITCHING, morning","agar(1), am-c(1), dios(1), fago(1), meph(1), nat-m(2), nat-s(2), sulph(2)"
244,2,"ITCHING, morning, after rising",nat-m(1)
244,1,"ITCHING, forenoon",sulph(2)
244,2,"ITCHING, forenoon, 11 a.m.",nat-c(1)
244,1,"ITCHING, evening","acon(2), calc(1), calc-p(1), cupr(2), dios(1), erig(1), eug(1), eupho(1), ferr(1), gamb(2), mag-c(1), meph(1), merc-c(2), pall(1), phos(1), puls(3), sil(1), sulph(3), vesp(1)"
244,2,"ITCHING, evening, not amel. by rubbing",pall(1)
244,1,"ITCHING, night","ars(1), sulph(1)"
244,1,"ITCHING, air, open, amel.",puls(3)
244,1,"ITCHING, cold application amel.",puls(2)
244,1,"ITCHING, coryza, during",caps(1)
244,1,"ITCHING, dinner, after",mag-c(1)
244,1,"ITCHING, exertion of vision",rhus-t(2)
244,1,"ITCHING, gas-light agg.",phyt(2)
244,1,"ITCHING, house, in",ran-b(1)
244,1,"ITCHING, light produces",anan(1)
244,1,"ITCHING, rubbing agg.","kalm(2), kreos(1), sulph(1)"
244,2,"ITCHING, rubbing agg., amel.","agar(1), caust(2), euphr(2), mag-c(1), nat-c(1), nux-v(2), ol-an(1), spong(1), stram(1), sulph(1), zinc(1)"
244,1,"ITCHING, warm bathing",mez(2)
244,1,"ITCHING, warm room","puls(2), sulph(2)"
244,1,"ITCHING, canthi","agar(1), alum(3), ant-c(2), arg-m(3), arg-n(2), arn(1), asc-t(1), aur(2), bell(1), benz-ac(1), berb(1), bor(1), calc(3), carb-v(1), caust(2), cina(1), cinnb(1), clem(1), con(2), crot-c(1), eupho(2), euphr(2), ferr-ma(1), fl-ac(2), gamb(2), iod(1), led(1), lyc(2), mosch(2), mur-ac(2), nat-m(2), nux-v(1), petr(1), prun-s(1), puls(2), ruta(1), sep(1), staph(1), stront(2), sulph(2), trom(1), zinc(1)"
245,2,"ITCHING, canthi, evening","mag-c(1), puls(1)"
245,3,"ITCHING, canthi, evening, air, open, agg.",staph(1)
245,4,"ITCHING, canthi, evening, air, open, agg., amel.",gamb(1)
245,2,"ITCHING, canthi, inner","alum(3), apis(2), aur(2), bor(1), calc(1), carb-v(1), caust(2), chel(1), cina(1), cinnb(2), clem(1), con(2), cycl(1), fl-ac(1), gamb(2), graph(2), grat(1), hyos(1), lach(1), laur(1), lyc(2), mag-c(1), mag-m(3), mez(1), nat-m(2), nit-ac(1), osm(1), phos(1), psor(2), puls(2), ruta(2), sep(1), stann(1), staph(1), stront(2), sulph(2), syph(1), tab(1), zinc(2)"
245,3,"ITCHING, canthi, inner, morning",sep(1)
245,3,"ITCHING, canthi, inner, evening","dios(1), fl-ac(1), puls(2)"
245,2,"ITCHING, canthi, outer","ant-c(1), aur-m(1), benz-ac(1), bry(1), carb-v(1), cinnb(1), com(1), euphr(1), fago(1), form(1), mez(1), nat-m(2), prun-s(1), rhus-t(1), sep(1), sulph(2), tarent(1), tax(1), upa(1)"
245,1,"ITCHING, eyebrows","agar(1), agn(1), all-c(1), alum(1), ars(1), arund(1), berb(1), bry(1), caust(1), com(1), con(1), ferr(1), fl-ac(1), laur(1), manc(1), mez(1), nat-m(1), pall(1), par(1), rhod(1), sel(1), sil(1), spig(1), sulph(3), verat(1), viol-t(1)"
245,2,"ITCHING, eyebrows, morning",nat-m(1)
245,2,"ITCHING, eyebrows, evening",all-c(1)
245,1,"ITCHING, eyes, about","agn(1), apis(1), berb(1), carb-v(2), con(1), lach(1), lyc(1), pall(1), sars(1), til(1)"
245,1,"ITCHING, lids","alum(1), ambr(1), anag(1), apis(1), arg-m(3), asaf(1), asc-t(1), aur(1), aur-m(1), bell(1), berb(1), bry(1), bufo(1), calc(2), carb-s(1), caust(2), con(1), croc(1), crot-t(2), cycl(1), dros(1), eupho(1), euphr(2), graph(2), hep(2), kali-ar(1), kali-bi(2), lob(1), mez(2), nat-p(1), nux-v(1), paeon(1), pall(1), petr(2), ph-ac(2), phos(2), puls(3), rhus-t(3), sep(2), sin-n(1), spong(1), sulph(3), tarent(1), tell(3), vesp(1), vinc(1), zinc(1)"
245,2,"ITCHING, lids, margin","am-c(1), asaf(1), bry(1), calc(2), carb-v(2), chin(1), con(1), euphr(1), fago(1), grat(1), jatr(1), kali-bi(1), kali-c(1), kreos(1), mez(1), nat-a(1), nat-p(1), nat-s(2), nux-v(1), phos(1), prun-s(1), puls(3), sel(1), sep(2), staph(3), sulph(2), zinc(1)"
245,2,"ITCHING, lids, daytime only","phos(2), sulph(3)"
245,2,"ITCHING, lids, morning","carb-v(1), nux-v(1)"
245,2,"ITCHING, lids, evening","mez(2), puls(3)"
245,0,"JERKING of the muscles of the eyes (See Movements, Twitching)",
245,0,LACHRYMATION (See Tears),"absin(1), acet-ac(1), acon(2), act-sp(1), aesc(1), agar(2), ail(2), all-c(3), all-s(1), aloe(1), alum(2), am-c(1), am-m(1), ambr(1), anac(1), apis(2), arg-n(2), arn(1), ars(2), ars-i(1), art-v(1), arum-t(1), arund(1), asar(2), aur(2), bell(3), berb(1), bor(1), brom(2), bry(1), cadm(1), calc(3), calc-p(1), caps(2), carb-ac(2), carb-an(1), carb-s(2), carb-v(2), caul(1), caust(2), cham(2), chel(2), chin(1), chin-a(1), chlol(1), chlor(1), cimic(1), cina(1), cinnb(1), clem(1), coc-c(1), colch(2), coloc(1), com(2), con(2), croc(2), crot-c(2), crot-h(2), crot-t(2), cupr-ar(1), daph(1), dig(1), dios(1), elaps(2), eug(2), eup-per(2), eupho(2), euphr(3), ferr(2), ferr-ar(1), ferr-i(2), ferr-p(2), fl-ac(3), gamb(1), gels(1), graph(2), grat(1), ham(2), hep(2), hydr(1), ign(2), iod(2), ip(1), kali-ar(1), kali-bi(2), kali-c(2), kali-i(2), kali-p(1), kali-s(1), kreos(1), lach(2), lachn(1), led(2), lyc(3), mag-c(2), mag-s(1), merc(3), merl(2), mez(1), mill(1), mosch(1), naja(1), nat-a(1), nat-c(2), nat-m(3), nat-p(1), nat-s(2), nicc(1), nit-ac(3), nux-m(1), nux-v(2), ol-an(1), olnd(1), op(3), osm(1), par(2), petr(1), ph-ac(1), phos(3), phyt(1), psor(2), puls(3), ran-b(1), ran-s(1), rheum(1), rhod(2), rhus-t(3), ruta(2), sabad(2), sabin(1), sang(2), sel(1), seneg(2), sep(2), sil(2), sin-n(1), sol-n(2), spig(2), spong(2), squil(1), stann(1), staph(1), stram(2), stry(1), sul-ac(2), sulph(3), sumb(1), tarax(2), tell(1), teucr(1), thuj(2), ust(1), verat(2), zinc(2)"
245,1,"LACHRYMATION (See Tears), right","brom(1), calc(1), hyos(2), verb(1), vesp(1)"
245,1,"LACHRYMATION (See Tears), left","carb-ac(1), clem(1), coloc(2), dios(1), ign(2), sin-n(1), uran(1)"
245,1,"LACHRYMATION (See Tears), daytime only","alum(3), lyc(1), sars(1), zinc(1)"
245,1,"LACHRYMATION (See Tears), morning","alum(1), calc(2), carb-an(1), kali-n(1), kreos(1), lachn(1), mag-c(1), merc(1), nat-c(1), nat-m(1), nicc(1), phel(1), phos(1), puls(3), rat(1), rhus-t(1), sep(2), staph(1), sulph(3), zinc(1)"
245,2,"LACHRYMATION (See Tears), morning, waking, on","nat-a(1), sep(1)"
245,1,"LACHRYMATION (See Tears), forenoon","nat-c(1), squil(1)"
245,1,"LACHRYMATION (See Tears), evening","acon(1), all-c(1), asar(1), calc(1), eug(1), mag-m(1), merc(1), nicc(1), phos(1), rhus-t(1), ruta(2), sep(2), ter(1), zinc(3)"
245,1,"LACHRYMATION (See Tears), night","acon(1), all-s(1), apis(2), zinc(3)"
245,1,"LACHRYMATION (See Tears), chill, during",elat(1)
245,1,"LACHRYMATION (See Tears), cold air, in","cob(1), dig(1), echi(1), euphr(1), kreos(1), lyc(1), phos(1), puls(3), sep(2), sil(2), thuj(1)"
245,1,"LACHRYMATION (See Tears), coryza, during","acon(1), agar(1), all-c(3), alum(1), anac(2), anan(1), arg-n(2), ars(1), ars-i(1), carb-ac(1), carb-v(3), chin(2), dulc(1), euphr(3), iod(1), jab(1), kali-c(2), lach(1), lyc(1), nux-v(3), phos(2), phyt(2), puls(2), ran-s(1), sabad(2), sang(2), sin-n(1), spig(2), staph(1), tell(3), verb(2)"
245,1,"LACHRYMATION (See Tears), cough, with","acon(1), agar(2), aloe(1), brom(1), bry(1), calc(1), carb-ac(1), carb-v(1), cench(1), chel(1), cina(1), cycl(1), eup-per(2), eupho(1), euphr(3), graph(2), hep(1), ip(1), kali-c(1), kali-ma(1), kreos(1), merc(1), nat-m(3), op(1), phyt(2), puls(3), rhus-t(1), sabad(2), sil(1), squil(3), staph(1), sulph(1)"
246,2,"LACHRYMATION (See Tears), cough, with, whooping cough","caps(2), graph(2), nat-m(2)"
246,1,"LACHRYMATION (See Tears), damp weather","crot-h(1), graph(1)"
246,1,"LACHRYMATION (See Tears), fever, during","acon(1), apis(1), bell(1), calc(1), cham(1), eup-per(1), ign(1), lyc(1), petr(1), puls(2), spig(1), spong(1), sulph(1)"
246,1,"LACHRYMATION (See Tears), fire, looking at the","ant-c(1), chel(1), mag-m(2), merc(2), sabad(1)"
246,1,"LACHRYMATION (See Tears), headache, during","agar(1), arg-n(1), asar(1), bell(1), bov(1), carb-an(1), carb-v(1), chel(1), com(1), con(1), eug(1), hep(1), ign(2), ind(1), kali-i(1), lac-c(1), lil-t(1), merc(1), osm(1), plat(2), puls(2), rhus-r(1), spong(1), stram(1), tax(1)"
246,1,"LACHRYMATION (See Tears), laughing, when",nat-m(1)
246,1,"LACHRYMATION (See Tears), light, from","dig(1), kreos(1), puls(1), spong(1)"
246,2,"LACHRYMATION (See Tears), light, from, bright","ail(1), chel(1), chin-s(2), kreos(2), mag-m(2), sabad(1), spong(1)"
246,2,"LACHRYMATION (See Tears), light, from, of sun","bry(1), graph(1), ign(1), staph(1)"
246,1,"LACHRYMATION (See Tears), looking steadily","apis(2), chel(1), cinnb(1), echi(1), eupho(1), ign(1), kali-c(1), nat-a(1), osm(1), seneg(2), spong(1), tab(1)"
246,1,"LACHRYMATION (See Tears), menses, during","calc(1), zinc(1)"
246,1,"LACHRYMATION (See Tears), open air","ail(1), alum(1), arn(1), bar-c(1), bell(1), bry(1), calc(3), camph(1), canth(2), carb-s(1), caust(2), chel(1), chlor(1), clem(2), cob(1), coc-c(1), colch(2), dios(1), dulc(1), eupho(1), graph(2), hyos(1), merc(1), nat-a(1), nat-m(2), nit-ac(1), petr(1), phel(1), phos(3), phyt(1), puls(2), rheum(1), rhus-t(2), ruta(2), sabad(2), senec(1), seneg(1), sep(2), sil(3), staph(1), sulph(3), thuj(3), ust(1), verat(1), zinc(1)"
246,2,"LACHRYMATION (See Tears), open air, amel.","chin-s(1), croc(2), phyt(1)"
246,1,"LACHRYMATION (See Tears), opening eyes, on",kali-bi(2)
246,2,"LACHRYMATION (See Tears), opening eyes, on, forcibly","apis(2), con(2), ip(2), merc-c(2), rhus-t(2)"
246,1,"LACHRYMATION (See Tears), pain, with other parts of body","ferr(1), sabad(2)"
246,2,"LACHRYMATION (See Tears), pain, with other parts of body, in the eye","calc(1), chel(1), coloc(2), ferr(1)"
246,3,"LACHRYMATION (See Tears), pain, with other parts of body, in the eye, throat",sep(1)
246,1,"LACHRYMATION (See Tears), reading, while","am-c(2), carb-s(2), croc(2), grat(1), ign(1), nat-a(1), nit-ac(1), olnd(1), phos(1), ruta(1), seneg(2), sep(1), still(1), sul-ac(1)"
246,1,"LACHRYMATION (See Tears), room, in a","asar(1), caust(1), croc(2), dig(1), phos(1)"
246,1,"LACHRYMATION (See Tears), stricture of lachrymal duct (See Stricture)",
246,1,"LACHRYMATION (See Tears), warm room","all-c(2), phos(2)"
246,1,"LACHRYMATION (See Tears), wind, in","euphr(3), lyc(1), nat-m(2), phos(1), puls(3), rhus-t(1), sanic(1), sil(2), sulph(1), thuj(2)"
246,1,"LACHRYMATION (See Tears), writing, while","calc(2), ol-an(1)"
246,2,"LACHRYMATION (See Tears), writing, while, after",ferr(1)
246,1,"LACHRYMATION (See Tears), yawning, when","ant-t(1), calc-p(1), ign(1), kali-c(1), kreos(1), meph(1), nux-v(2), rhus-t(1), sabad(2), sars(1), staph(1), viol-o(1)"
246,0,"LOOKING steadily (See Vision, Exertion of)","agar(1), apis(1), cadm(1), caust(1), croc(1), merc(2), ruta(2), spong(1), thuj(1)"
246,1,"LOOKING steadily (See Vision, Exertion of), intently, amel.",petr(1)
246,1,"LOOKING steadily (See Vision, Exertion of), into distance agg.","dig(1), euphr(1), ruta(1)"
246,1,"LOOKING steadily (See Vision, Exertion of), upward agg.","ars(2), bell(1), carb-v(1), chel(2), colch(1), sulph(1)"
246,1,"LOOKING steadily (See Vision, Exertion of), white objects agg.",apis(1)
246,0,"LOOSE, sensation as if",carb-an(2)
246,0,"LUPUS, eyebrows","alum(1), alumn(1), anan(1)"
246,1,"LUPUS, eyebrows, lids","alumn(1), kali-chl(1), phyt(1)"
246,1,"LUPUS, eyebrows, lower lid",apis(2)
246,0,LUSTRELESS (See Dullness),
246,0,MELANOSIS,aur(2)
246,0,"MEMBRANE, sensation as if, drawn over eyes","apis(1), caust(1), daph(1), puls(1), rat(1)"
246,0,MOONLIGHT amel. eye symptoms,aur(2)
246,0,"MOVEMENT, eyeballs, constant","agar(1), bell(2), benz-n(1), iod(2), sil(1), stram(2)"
246,1,"MOVEMENT, eyeballs, constant, closed lids, under",benz-n(1)
246,1,"MOVEMENT, eyeballs, constant, convulsive","acon(1), agar(2), bell(3), bufo(1), canth(1), chin-s(1), coff(1), ign(1), kali-cy(1), mag-p(2), sulph(1), verat(1), zinc(1)"
246,2,"MOVEMENT, eyeballs, constant, convulsive, light agg.",bell(1)
246,2,"MOVEMENT, eyeballs, constant, convulsive, sleep, during","hell(1), op(1), ph-ac(1)"
246,2,"MOVEMENT, eyeballs, constant, convulsive, waking, when",coff(1)
246,1,"MOVEMENT, eyeballs, constant, involuntary","agar(2), calc(2), canth(1), cupr(1), mag-p(2), nux-v(2), sulph(1)"
246,2,"MOVEMENT, eyeballs, constant, involuntary, when staring ahead",ph-ac(1)
246,1,"MOVEMENT, eyeballs, constant, pendulum like, from side to side","agar(3), amyg(1), ars(2), benz-n(1), carb-h(2), cic(1), cupr(2), gels(2), sabad(1), sulph(1)"
246,1,"MOVEMENT, eyeballs, constant, rolling","aeth(1), agar(2), amyg(1), arg-n(1), bell(2), benz-n(1), bufo(2), camph(1), caust(2), cham(1), cic(2), cocc(2), colch(1), cupr(2), euphr(2), gels(2), hell(1), hyos(2), kali-br(1), kali-i(1), lyss(1), merc(1), merc-c(1), nat-a(1), op(1), petr(1), sant(1), sec(1), stram(2), stry(1), tarent(1), ter(1), tub(1), ust(1), verat(2), zinc(2)"
247,2,"MOVEMENT, eyeballs, constant, rolling, drink, at sight of",bell(1)
247,2,"MOVEMENT, eyeballs, constant, rolling, sleep, during","apis(2), ol-an(1)"
247,2,"MOVEMENT, eyeballs, constant, rolling, movements, up and down","benz-ac(1), sulph(1)"
247,2,"MOVEMENT, eyeballs, constant, rolling, upward (See Turned)","acon(2), amyg(1), anan(1), apis(2), bufo(2), camph(1), cina(1), cupr(2), lact(2), laur(2), plat(1), ter(1), verat(2)"
247,0,NARROWING of intervals between eyelids,"agar(2), arg-n(1), euphr(1), nat-m(1), nux-v(1), rhus-t(1)"
247,0,NODULES in lids,"staph(2), sulph(1), thuj(2)"
247,1,"NODULES in lids, margins","calc(2), con(2), sep(2), sil(1), staph(3), thuj(1)"
247,0,NUMBNESS around eyes,asaf(3)
247,0,NYSTAGMUS (See Movement),
247,0,ONYX,"hep(2), merc(2), rhus-t(1)"
247,0,OPACITY of cornea (See Spots),"agn(1), apis(2), arg-n(3), aur(2), aur-m(2), bar-c(1), bar-i(1), cadm(3), calc(3), calc-f(1), calc-p(1), cann-s(2), caust(2), chel(2), chin(2), cinnb(2), cocc(2), colch(2), con(3), crot-t(2), eupho(1), euphr(2), hep(2), hydr(2), kali-bi(2), kali-s(2), lach(2), lyc(2), mag-c(2), merc(2), merc-c(1), merc-i-f(2), nit-ac(2), op(1), puls(1), rhus-t(1), seneg(2), sil(2), sulph(3), tarent(2), zinc(2)"
247,1,"OPACITY of cornea (See Spots), right","lyc(2), sil(2)"
247,1,"OPACITY of cornea (See Spots), left","hep(2), sulph(2)"
247,1,"OPACITY of cornea (See Spots), arcus senilis","acon(1), ars(1), cocc(2), coloc(2), kali-bi(2), merc(2), merc-c(1), mosch(1), puls(3), sulph(3), zinc(1)"
247,1,"OPACITY of cornea (See Spots), punctuated","kali-bi(1), kali-chl(1), kali-i(1)"
247,1,"OPACITY of cornea (See Spots), small-pox, after",sil(2)
247,1,"OPACITY of cornea (See Spots), wounds, from",euphr(2)
247,1,"OPACITY of cornea (See Spots), vitreous","colch(1), gels(2), merc-i-f(2), phos(2), prun-s(1), psor(1), seneg(1), sulph(2)"
247,0,"OPENING the lids, difficult","agar(2), alum(1), ambr(1), anan(1), arg-m(2), arg-n(1), ars(3), bor(2), caust(3), chel(2), con(2), cupr(1), elaps(1), ferr(2), ferr-ar(1), fl-ac(2), gels(3), hydr-ac(1), hyos(1), kali-ar(1), kali-c(1), lyc(2), mag-m(2), merc(2), merl(1), nat-ac(2), nat-m(1), nit-ac(2), nux-v(2), phos(2), samb(1), sep(1), spig(1), sul-ac(1)"
247,1,"OPENING the lids, difficult, morning","ambr(1), bar-c(1), bor(1), bov(1), caust(2), con(1), lyc(2), mag-m(1), nicc(1), nit-ac(2), petr(2), ph-ac(2), psor(1), rhus-t(1), sep(2), sul-ac(1)"
247,2,"OPENING the lids, difficult, morning, on waking","cocc(2), kali-c(1)"
247,2,"OPENING the lids, difficult, morning, night","chel(1), cocc(2), mag-m(1), nat-m(1), rhus-t(1), sep(2)"
247,1,"OPENING the lids, difficult, causes sneezing",graph(3)
247,0,OPEN lids,"ant-t(1), apis(1), caust(2), cocc(2), crot-h(1), cupr(2), dol(2), guai(3), hydr-ac(1), hyos(2), iod(3), lyc(3), naja(1), nux-v(1), olnd(1), onos(2), op(2), sol-n(1), squil(1), stram(2)"
247,1,"OPEN lids, and close in quick succession",agar(1)
247,0,"OPEN, attack, before an",laur(2)
247,1,"OPEN, attack, before an, delirium, with","crot-h(2), stram(3)"
247,1,"OPEN, attack, before an, desire to keep eyes wide open",onos(1)
247,1,"OPEN, attack, before an, dislikes to open them, fears it will agg. headache",phys(1)
247,1,"OPEN, attack, before an, half open","agar(2), amyg(1), ant-t(2), apis(2), ars(2), art-v(2), bapt(1), bell(3), bry(2), cadm(1), cann-i(1), canth(2), caps(1), carb-h(2), cham(2), coff(2), colch(2), coloc(2), crot-c(2), crot-h(2), cupr(3), dig(2), ferr(1), ferr-m(1), ferr-p(1), gels(2), hell(2), hydr-ac(2), ip(2), kreos(2), lach(2), laur(1), lyc(2), merc(2), morph(2), nat-m(2), oena(2), op(3), ph-ac(1), phel(1), phos(2), plb(1), podo(1), rhus-t(2), samb(1), stram(2), sulph(2), ter(1), verat(1), zinc(2)"
247,1,"OPEN, attack, before an, hard to keep open","ars(1), bapt(1), bor(2), bufo(1), caust(1), gels(3), hyos(1), naja(1), nat-a(1), ph-ac(1), pic-ac(1)"
247,1,"OPEN, attack, before an, must keep them open and look into the light",puls(1)
247,1,"OPEN, attack, before an, sensation as if wide","carb-v(1), onos(1), pip-m(1)"
247,2,"OPEN, attack, before an, sensation as if wide, closed lids are wide open","phos(1), sep(1)"
247,1,"OPEN, attack, before an, sleep, during","ant-t(1), ars(1), bell(2), bry(1), cadm(1), chin(1), cocc(2), cupr(1), ferr(1), ip(1), lyc(2), op(1), ph-ac(1), samb(1), stram(1), sulph(1)"
247,1,"OPEN, attack, before an, unable to","abrot(1), alum(2), am-c(1), anan(1), arg-m(2), ars(1), aur(2), bufo(1), cadm(1), carb-v(1), cham(2), chel(2), con(2), gels(1), hell(1), hyos(1), lach(1), lyc(1), mag-c(1), merl(1), nat-a(1), nux-m(3), nux-v(3), oena(1), op(1), petr(1), ph-ac(1), sil(1), staph(1), sul-ac(1), tarent(2), thuj(1)"
247,1,"OPEN, attack, before an, morning","lyc(2), mag-m(1), petr(1), ph-ac(1), staph(1), thuj(1)"
247,2,"OPEN, attack, before an, morning, from pressure in forehead",ph-ac(1)
247,2,"OPEN, attack, before an, morning, night","ars(1), carb-v(1), cocc(2)"
247,3,"OPEN, attack, before an, morning, night, waking, on",merl(2)
247,2,"OPEN, attack, before an, morning, headache, during",tarent(2)
247,2,"OPEN, attack, before an, morning, menses, during",cimic(2)
247,2,"OPEN, attack, before an, morning, waking, on",merl(2)
247,1,"OPEN, attack, before an, unconsciousness, during",op(2)
247,0,"OPENNESS, spasmodic","aeth(1), ang(1), apis(1), arn(1), bell(3), camph(1), caust(2), cocc(2), dol(1), guai(2), hyos(1), iod(3), ip(2), laur(1), lyc(1), lyss(1), naja(1), nux-v(3), op(1), stram(3), stry(2)"
248,1,"OPENNESS, spasmodic, during delirium","op(2), stram(2)"
248,0,PAIN,"absin(1), acon(2), aeth(1), agar(1), all-c(2), aloe(2), alum(2), am-c(2), am-m(1), ambr(2), anac(2), anan(1), ant-t(1), apis(2), arg-n(2), arn(2), ars(2), ars-i(1), asaf(2), asar(1), asc-t(1), aspar(1), atro(2), aur(3), aur-m(1), bad(1), bapt(1), bar-c(2), bar-m(1), bell(3), berb(2), bor(2), bov(1), brom(1), bry(3), bufo(1), calad(1), calc(2), calc-p(2), calc-s(2), carb-ac(2), carb-an(1), carb-s(2), carb-v(1), card-m(1), carl(2), caust(2), cedr(2), cham(3), chel(2), chen-a(2), chin(3), chin-a(1), chlor(1), cic(1), cimic(2), cina(1), cinnb(2), clem(2), cocc(2), colch(2), coloc(2), com(2), con(2), cop(1), cor-r(1), croc(2), crot-c(1), crot-h(2), crot-t(2), cupr(2), daph(1), dig(2), echi(1), elaps(2), eup-per(1), euphr(2), ferr(1), ferr-ar(2), ferr-i(1), ferr-p(2), fl-ac(1), gamb(1), gels(2), glon(2), graph(2), guar(2), gymn(1), ham(2), hell(1), hep(2), hydr(2), hydrc(1), hyos(1), hyper(1), ign(2), iod(1), ip(1), jab(1), kali-ar(2), kali-bi(1), kali-c(2), kali-i(1), kali-p(2), kali-s(1), kalm(3), kreos(1), lac-c(2), lach(2), lact-ac(2), led(1), lil-t(1), lith(1), lob(1), lyc(3), lyss(2), mag-c(1), mag-m(1), mag-p(2), manc(1), mang(1), med(2), meph(1), merc(3), merc-c(2), merc-i-f(1), merc-i-r(1), merl(2), mez(2), naja(1), nat-a(1), nat-m(3), nat-p(1), nit-ac(3), nux-v(2), osm(1), ox-ac(1), pall(1), par(1), petr(2), ph-ac(2), phel(1), phos(2), phys(2), phyt(2), pic-ac(1), plan(2), plat(2), plb(2), podo(1), prun-s(2), psor(2), ptel(2), puls(2), ran-b(3), rhod(2), rhus-t(2), rhus-v(1), rumx(1), ruta(3), sabad(1), sang(3), sant(1), sars(2), sec(1), sel(2), seneg(3), sep(2), sil(2), spig(3), spong(2), stann(2), staph(2), stram(1), stry(1), sulph(2), tab(1), tarax(1), tarent(2), ter(2), ther(2), thuj(2), tub(1), urt-u(1), ust(1), valer(1), verat(1), vesp(1), zinc(2), zing(1)"
248,1,"PAIN, right","anan(1), apis(2), bell(3), calc-ar(1), carb-ac(3), card-m(1), coc-c(1), com(3), crot-h(1), dol(1), erig(1), kali-c(2), kalm(2), med(1), nat-m(2), pall(1), prun-s(2), ran-b(2), sang(3), sil(2), tarent(1)"
248,2,"PAIN, right, lying on left side",lac-f(1)
248,2,"PAIN, right, extending to left",bad(1)
248,3,"PAIN, right, extending to left, to forehead",kalm(1)
248,1,"PAIN, left","agar(1), anac(2), ars(2), asar(2), asc-t(1), aur(2), aur-m(1), caust(2), elaps(2), hep(2), lac-f(1), lach(2), mag-m(1), naja(1), onos(1), pic-ac(1), sulph(2), zinc(1)"
248,1,"PAIN, daytime only","ammc(1), caust(1), cob(1), hep(2), kalm(3), lyc(1), mang(1), phos(1), sang(3), sep(1)"
248,1,"PAIN, morning","ambr(2), arg-n(1), ars-m(1), asar(1), aur(2), bor(1), chel(1), cimic(1), elaps(1), euphr(1), form(1), graph(1), kali-c(1), meph(1), naja(1), nat-a(2), nat-c(1), nat-m(1), nicc(1), nux-v(2), paeon(1), phos(1), podo(1), puls(2), rhus-t(1), seneg(1), sep(1), spig(3), stann(1), stry(1), sulph(1), tarent(1), thuj(1), valer(1), zinc(1)"
248,2,"PAIN, morning, begins in an increases till noon and ceases in evening","kalm(3), nat-m(2)"
248,2,"PAIN, morning, breakfast, after, amel.",naja(1)
248,2,"PAIN, morning, on opening","form(1), ph-ac(1)"
248,2,"PAIN, morning, rising, after","sep(1), sulph(1), thuj(1)"
248,2,"PAIN, morning, twilight",am-m(1)
248,2,"PAIN, morning, on waking","bry(1), ferr(1), form(2), kali-p(1), lach(2), nat-m(1), nux-v(3), sep(2), sulph(1), upa(1)"
248,2,"PAIN, morning, walking, while",puls(1)
248,2,"PAIN, morning, working amel.",form(2)
248,2,"PAIN, morning, 5 a.m.",stann(1)
248,2,"PAIN, morning, 7 a.m.",puls(2)
248,2,"PAIN, morning, 4 a.m., on waking",nux-v(2)
248,1,"PAIN, forenoon","kali-bi(1), lach(1), lyc(1), nat-c(1), phyt(1), plat(1), podo(1), rumx(1), sulph(1), zinc(1)"
248,2,"PAIN, forenoon, 8 to 9",chin(2)
248,2,"PAIN, forenoon, 10 a.m. till noon","chin(2), stann(1)"
248,2,"PAIN, forenoon, 11 a.m.","jac(1), phys(1)"
248,1,"PAIN, noon, daily","cham(1), chin-s(2), ign(1), sulph(1), valer(1), verat(1)"
248,1,"PAIN, afternoon","ars-m(1), cham(2), chin(1), cimic(2), grat(1), lachn(1), petr(1), phys(1), phyt(1), rhus-t(1), sang(1), seneg(1), sep(1), sil(1), staph(1)"
248,2,"PAIN, afternoon, 1 p.m.",ars(1)
248,2,"PAIN, afternoon, 2 p.m.","dios(1), phys(1), sep(1)"
248,3,"PAIN, afternoon, 2 p.m., after siesta",euphr(1)
248,2,"PAIN, afternoon, 3 p.m.",mag-c(1)
248,2,"PAIN, afternoon, 3 or 4 p.m.",com(2)
248,2,"PAIN, afternoon, 4 p.m.","caust(1), gent-l(1), hura(1), lyc(3), sil(1)"
248,3,"PAIN, afternoon, 4 p.m., after beer",sulph(1)
248,2,"PAIN, afternoon, 4 to 8 p.m.",lyc(3)
248,2,"PAIN, afternoon, 5 p.m.","mag-c(1), nat-a(1), thuj(1)"
248,2,"PAIN, afternoon, 6 p.m.","eupho(1), phys(1)"
248,2,"PAIN, afternoon, on closing lids",cimic(1)
248,2,"PAIN, afternoon, rolling upward or outward agg.",sang(1)
248,1,"PAIN, evening","aloe(1), alum(1), apis(1), ars-m(1), bov(1), calc(2), calc-s(2), camph(1), carb-an(1), carb-s(2), carb-v(2), cedr(1), coloc(1), con(1), croc(1), daph(1), dig(1), dios(1), euphr(1), ferr(1), graph(1), hep(1), ind(1), kali-chl(1), kalm(2), lyc(1), mag-m(1), merc(1), mur-ac(1), nat-c(1), nat-m(1), nit-ac(1), op(1), petr(2), phys(1), plat(1), puls(3), rhus-t(1), ruta(3), sars(1), seneg(1), staph(2), stry(1), sulph(3), tarent(1), verat(1), zinc(3)"
248,2,"PAIN, evening, amel.",chel(1)
248,2,"PAIN, evening, 7 p.m.","cedr(2), glon(1)"
248,2,"PAIN, evening, 8 p.m.","ham(1), lact-ac(1), stry(1)"
249,2,"PAIN, evening, on reading and writing",nat-a(1)
249,2,"PAIN, evening, air, in open","glon(1), kali-bi(1)"
249,2,"PAIN, evening, gaslight, by","calc(2), carb-an(1), petr(1), ruta(2), seneg(1)"
249,2,"PAIN, evening, looking at light","amph(1), plat(1)"
249,2,"PAIN, evening, lying down","carb-v(2), fl-ac(1), zinc(1)"
249,2,"PAIN, evening, reading, while","calc(2), mill(1), nat-s(2), phys(1), ruta(3)"
249,2,"PAIN, evening, sewing, while","apis(1), mez(1), ruta(3)"
249,2,"PAIN, evening, sitting, while",chin-s(1)
249,2,"PAIN, evening, twilight",nat-m(1)
249,2,"PAIN, evening, walking and driving",plan(1)
249,2,"PAIN, evening, writing, while","sel(1), wild(1)"
249,1,"PAIN, night","acon(1), am-m(1), ars(1), asaf(2), aur(2), bry(2), canth(1), chel(1), chin(2), chin-a(1), cimic(1), cob(1), cocc(1), coloc(1), con(2), crot-t(2), cycl(1), hep(2), kali-ar(1), kali-i(2), led(2), lyc(1), merc(3), merc-c(3), merc-i-f(1), nux-v(2), plb(2), prun-s(3), sep(2), spig(2), staph(2), syph(2), thuj(1), vesp(1), zinc(3), ziz(1)"
249,2,"PAIN, night, bed, in","arn(1), cimic(1), sil(1)"
249,2,"PAIN, night, throbbing",asaf(2)
249,2,"PAIN, night, waking, on","chel(1), cycl(1)"
249,2,"PAIN, night, 11 p.m.","euphr(1), nat-m(1)"
249,2,"PAIN, night, midnight",merc(1)
249,3,"PAIN, night, midnight, after","ars(1), sulph(1)"
249,2,"PAIN, night, 3 a.m.",spig(1)
249,1,"PAIN, air, cold, agg.","acon(2), chel(1), cinnb(1), clem(2), cob(1), hep(3), sil(3), spig(2)"
249,2,"PAIN, air, cold, agg., amel.","arg-n(2), asar(1)"
249,2,"PAIN, air, cold, agg., open air agg.","aur-m(1), benz-ac(1), berb(1), clem(1), glon(1), kali-bi(1), kalm(2), merc-c(1), seneg(1), spig(2)"
249,3,"PAIN, air, cold, agg., open air agg., amel.","arg-n(3), ars(1), asaf(3), lil-t(2), nat-m(1), phos(2), puls(2), sep(1)"
249,1,"PAIN, alternates with pain in abdomen",euphr(2)
249,2,"PAIN, alternates with pain in abdomen, left arm",plb(1)
249,2,"PAIN, alternates with pain in abdomen, ovary",sulph(1)
249,1,"PAIN, bathing eye agg.",sulph(2)
249,2,"PAIN, bathing eye agg., amel.","aur(1), mur-ac(1), nicc(1), thuj(1)"
249,2,"PAIN, bathing eye agg., in cold water amel.","apis(2), asar(2), phos(2), puls(2)"
249,1,"PAIN, bending forward agg.",coloc(2)
249,1,"PAIN, blowing nose amel.",aur(1)
249,1,"PAIN, blow, from a","arn(3), symph(3)"
249,1,"PAIN, centre of eyeballs",cimic(1)
249,1,"PAIN, changing from dark to light and light to dark",stram(2)
249,1,"PAIN, chill, during",seneg(1)
249,1,"PAIN, close, must","aur(2), bar-c(1), calc(2)"
249,1,"PAIN, closing agg.","bell(1), canth(2), carb-v(2), cimic(1), clem(1), con(1), fago(1), lact-ac(1), sil(1), staph(1), sumb(1)"
249,2,"PAIN, closing agg., amel.","chel(2), lac-d(2), nit-ac(1), ph-ac(1), pic-ac(1), plat(1), sin-n(1)"
249,1,"PAIN, coition, after",bart(1)
249,1,"PAIN, cold water amel.","acon(1), apis(2), asar(2), aur(2), form(2), lac-d(1), nat-a(1), nit-ac(1), phos(2), pic-ac(1), puls(2)"
249,1,"PAIN, coughing, on","seneg(1), sul-ac(1)"
249,1,"PAIN, covering eyes with hand amel.","aur-m(2), thuj(2)"
249,1,"PAIN, dark, amel.","bell(1), chin(2), euphr(2), nux-m(2), staph(1)"
249,1,"PAIN, dinner, after","agar(1), mez(1), phos(1), seneg(1)"
249,1,"PAIN, dryness of eyeballs, with",sulph(3)
249,1,"PAIN, eating, after","dig(1), sulph(1)"
249,1,"PAIN, exertion of vision, from","bar-c(1), bry(3), calc(1), canth(1), carb-v(1), chel(2), ign(1), mang(2), mur-ac(1), naja(1), nat-m(3), nux-m(2), phyt(2), plat(1), psor(2), puls(2), rhus-t(2), ruta(3), sil(1), spig(2), staph(2)"
249,2,"PAIN, exertion of vision, from, fine work","carb-v(2), coloc(1), con(2), jab(2), merc(1), mur-ac(1), nat-m(2), ruta(3), seneg(1), sulph(1)"
249,1,"PAIN, fire, glare of",merc(3)
249,1,"PAIN, glaucoma, in","mez(1), phos(2)"
249,1,"PAIN, headache, during","agar(2), apis(2), bell(3), con(1), seneg(1), sep(1), stict(1)"
249,2,"PAIN, headache, during, in occiput",nux-v(3)
249,1,"PAIN, heart, at each beat of",atro(1)
249,1,"PAIN, heat, during","guar(2), hep(1), kali-c(1), led(2), lyc(3), nat-m(2), nux-v(2), ph-ac(1), puls(1), rhod(1), rhus-t(1), sep(2), stram(2), thuj(1), valer(3)"
249,1,"PAIN, increasing until noon","kalm(3), nat-m(2), puls(2), stann(2)"
249,1,"PAIN, intermitting (See Paroxysmal)",
249,1,"PAIN, light","apis(2), ars(2), asc-t(1), atro(1), aur-m(2), bar-c(3), bell(2), calc(2), chel(2), chin(3), cob(1), con(3), cupr(2), euphr(1), ferr-i(1), hep(2), iod(1), lac-d(2), mang(1), merc(2), nat-a(1), nat-m(2), nux-m(2), nux-v(2), petr(1), phos(2), phyt(2), sep(1), sil(2), staph(2), sulph(1), syph(1), thuj(1)"
249,2,"PAIN, light, artificial","calc(2), calc-p(2), carb-an(1), chel(2), cina(1), croc(1), ip(1), lith(2), lyc(1), mang(1), nat-a(1), nat-m(2), nux-v(1), petr(1), pic-ac(1), plat(1), sars(1), seneg(2), sep(1), staph(1)"
249,2,"PAIN, light, daylight, from","am-c(1), hell(1), hep(1), lact-ac(1), merc(2), sars(1), sil(2)"
249,2,"PAIN, light, dim light agg.","am-m(1), apis(2), sars(1), stram(2)"
250,2,"PAIN, light, strong","asar(2), com(1), hep(2), mang(2), nat-a(1), petr(1), phos(1), pic-ac(1), ruta(1), sil(2), sulph(2), thuj(1)"
250,1,"PAIN, looking, when (See Turning)","acon(1), anac(1), apis(2), caust(1), nat-m(3), ph-ac(1), phos(2), rheum(1), ruta(2), sars(1), sulph(1), tab(1)"
250,2,"PAIN, looking, when (See Turning), candlelight, at","euphr(1), staph(1)"
250,2,"PAIN, looking, when (See Turning), sideways",bar-c(1)
250,2,"PAIN, looking, when (See Turning), steadily","apis(2), ars(2), arund(2), carb-v(2), caust(2), chel(2), cina(2), nat-a(1), nat-c(1), nat-m(3), plat(1), psor(2), rhus-t(2), ruta(2), seneg(2)"
250,3,"PAIN, looking, when (See Turning), steadily, at near objects","echi(1), mang(2)"
250,2,"PAIN, looking, when (See Turning), upward","ars(1), bar-c(1), carb-v(2), chel(2), con(1), mang(1), plb(1), sabad(1), sulph(1)"
250,1,"PAIN, lying, while","carb-v(2), cedr(1), gels(2), nux-v(1), phos(2)"
250,2,"PAIN, lying, while, amel.","chel(1), cimic(2)"
250,2,"PAIN, lying, while, on left side amel.",nat-a(1)
250,2,"PAIN, lying, while, on painful side amel.","lach(1), zinc(1)"
250,1,"PAIN, masturbation, after",cina(2)
250,1,"PAIN, menses, during","carb-an(1), coloc(2), croc(1)"
250,1,"PAIN, motion of eyes, on","agar(1), apis(1), arg-n(1), arn(1), ars(2), astac(1), bad(1), berb(2), brom(1), bry(3), camph(1), carb-s(2), carb-v(2), caust(1), chel(1), chin(2), cimic(1), clem(1), com(1), cor-r(1), crot-h(1), cupr(2), gels(2), glon(1), grin(1), hep(2), kali-ar(1), kali-c(1), kali-p(1), kalm(2), lac-d(2), lach(1), lyc(1), mang(2), med(1), meph(1), merc(1), nat-a(1), nat-m(2), par(1), phos(1), phys(1), phyt(1), pic-ac(1), prun-s(3), puls(2), ran-s(2), rhus-t(3), sep(1), sil(1), spig(2), stann(1), sulph(2), sumb(1)"
250,2,"PAIN, motion of eyes, on, amel.","dulc(1), op(1)"
250,2,"PAIN, motion of eyes, on, quick","ran-s(1), stram(1)"
250,1,"PAIN, opening lids, on","ars(1), croc(1), hydr(2), kali-bi(1), led(2), ph-ac(1), upa(1)"
250,1,"PAIN, paroxysmal","ars(1), bad(3), chin(2), chin-s(2), nicc(1), plat(1), puls(1), sil(1)"
250,1,"PAIN, periodic","aur-m(1), cedr(2), chin(2), chin-s(2), coloc(2), euphr(2), gels(2), nat-m(2), prun-s(3)"
250,1,"PAIN, pressure agg.","brom(1), dros(1), ham(1), plan(1), sars(1)"
250,2,"PAIN, pressure agg., after",bar-ac(1)
250,2,"PAIN, pressure agg., amel.","asaf(2), bapt(1), bry(1), calc(2), caust(2), chel(1), chin-s(1), cimic(1), coloc(1), con(1), ham(1), mag-m(1), mag-p(2), mur-ac(1), pic-ac(1)"
250,1,"PAIN, pulsating","ars(2), asaf(2), chel(2), petr(1), rhus-t(1)"
250,1,"PAIN, raising lids",nat-m(2)
250,1,"PAIN, reading","agar(2), alum(1), ammc(1), apis(2), arg-n(2), arn(2), ars(2), ars-i(2), ars-m(1), asar(1), aur(1), bapt(1), bry(2), calc(2), calc-p(1), cann-i(1), caust(1), cic(1), con(3), dulc(3), echi(2), ign(1), jab(2), kali-ar(1), kali-c(2), kali-p(2), lac-c(2), lac-d(2), lach(2), lact-ac(1), lith(2), mang(2), merc(1), merl(2), mur-ac(1), nat-a(2), nat-c(1), nat-m(3), nat-p(1), nat-s(1), nit-ac(1), nux-v(2), ol-j(1), olnd(1), onos(2), petr(1), phel(1), phos(2), phys(1), phyt(1), pic-ac(1), puls(2), rhod(2), ruta(3), sars(1), seneg(2), sep(3), staph(2), sulph(1), thuj(1)"
250,2,"PAIN, reading, by candlelight","benz-ac(1), cina(2), lach(1), mang(1), nat-m(1), nux-v(1), staph(1)"
250,1,"PAIN, rest agg.","coloc(2), dros(1), dulc(1), merc-i-f(1), mur-ac(1), thuj(1)"
250,2,"PAIN, rest agg., amel.","berb(1), pic-ac(1)"
250,1,"PAIN, rheumatic","apis(2), clem(1), dulc(2), kali-c(1), led(2), mez(2), phyt(2)"
250,1,"PAIN, ring, as from a",sep(1)
250,1,"PAIN, rising, when","ars(1), cere-b(1), fago(1)"
250,1,"PAIN, rubbing agg.","carb-v(1), euphr(1), kali-c(1), sep(1)"
250,2,"PAIN, rubbing agg., amel.","caust(2), ran-b(2), zinc(1)"
250,1,"PAIN, sewing, while","apis(1), ars-m(1), cina(2), dig(1), mez(1)"
250,2,"PAIN, sewing, while, on fine work","carb-v(1), coloc(1), con(2), merc(1), nat-m(2), ruta(3)"
250,1,"PAIN, sitting, while","chin-s(1), merc(1), phos(1)"
250,1,"PAIN, sleep, before","con(2), phos(3)"
250,2,"PAIN, sleep, before, amel.","am-c(1), chel(1), phos(3)"
250,2,"PAIN, sleep, before, after","canth(1), euphr(1), gels(1)"
250,1,"PAIN, smoking, from",calad(1)
250,1,"PAIN, spark, as from",tarent(1)
250,1,"PAIN, step, at each",hep(1)
250,1,"PAIN, stool, during",crot-t(2)
250,2,"PAIN, stool, during, after",nat-c(1)
250,1,"PAIN, stooping, when","berb(1), bov(1), coloc(2), fl-ac(1), merc(1), seneg(1), spig(1)"
250,1,"PAIN, storm, before","cedr(2), rhod(3), sil(2)"
250,2,"PAIN, storm, before, during","rhod(3), sep(1), sil(2)"
250,1,"PAIN, strained, as if","mez(2), ruta(3)"
250,1,"PAIN, sunlight agg.","aml-n(1), calc(1), clem(2), hep(2), kali-p(2), mang(2), nat-a(2), nat-m(2), sulph(1)"
250,1,"PAIN, sunrise until sunset",kalm(2)
250,1,"PAIN, swallowing, when",tarent(1)
250,1,"PAIN, thunderstorm, during",sep(1)
250,1,"PAIN, thinking of the pain agg.","lach(2), spig(2)"
250,1,"PAIN, touch agg.","agar(2), arg-n(1), asaf(1), aur(1), bell(2), bry(2), caust(2), chin(1), cupr(1), dig(1), hep(3), mag-p(1), merc(2), psor(1), thuj(1)"
251,1,"PAIN, turning sideways","bad(1), bar-c(1), bry(2), crot-t(2), cupr(2), kalm(3), med(2), phys(1), rhus-t(2), sil(2), spig(3), stict(2), tarent(1), tub(3), ust(1)"
251,2,"PAIN, turning sideways, right, to",sep(1)
251,2,"PAIN, turning sideways, upwards","ars(1), bar-c(1), carb-v(2), chel(2), con(1), mang(1), plb(1), sabad(1), sulph(2)"
251,1,"PAIN, urination profuse, amel.","acon(1), ferr-p(1), gels(2), ign(2), kalm(2), sang(1), sil(1), ter(1), verat(1)"
251,1,"PAIN, using (See Reading)","arg-n(2), arn(2), calc(2), carb-v(1), con(1), lach(2), merl(2), nat-m(3), nux-v(2), phos(1), ruta(3), staph(1)"
251,1,"PAIN, walking, while","anac(1), puls(1)"
251,2,"PAIN, walking, while, after","anac(1), bell(1), con(1), euphr(1), pall(1), puls(1), sep(1)"
251,2,"PAIN, walking, while, in open air","benz-ac(1), plan(1), sulph(1), zinc(1)"
251,3,"PAIN, walking, while, in open air, amel.","arn(1), carb-v(1), nat-m(1)"
251,1,"PAIN, walking in warm room amel.",coloc(2)
251,1,"PAIN, warmth agg.","arn(1), chel(2), merc(1), mez(1), nat-m(1), puls(2)"
251,2,"PAIN, warmth agg., amel.","ars(3), aur-m(2), dulc(2), ery-a(1), hep(3), kali-ar(1), lac-d(2), mag-p(2), nat-a(2), nat-c(1), seneg(1), sil(2), spig(1), thuj(2)"
251,1,"PAIN, warm room agg.","apis(2), arg-n(3), con(2), puls(2)"
251,1,"PAIN, warm stove agg.","apis(2), com(2)"
251,1,"PAIN, warm, weather agg.",sulph(1)
251,1,"PAIN, weeping, after","berb(1), tab(1)"
251,1,"PAIN, wet weather agg.","calc(2), dulc(2), merc(2), rhus-t(2), spig(2)"
251,1,"PAIN, wine, after a glass",zinc(1)
251,1,"PAIN, wind agg.","ars-m(1), asar(1)"
251,1,"PAIN, writing, while (See Exertion)","calc-f(2), coff(1), con(1), euphr(1), merl(2), nat-a(2), nat-c(1), nat-m(3), phyt(1), sep(1)"
251,1,"PAIN, yawning",agar(1)
251,1,"PAIN, Extending, arm, to",rumx(1)
251,2,"PAIN, Extending, arm, to, backward","aur(2), cimic(1), colch(1), coloc(1), com(2), crot-h(1), hep(1), lach(1), lil-t(1), mez(1), nat-m(1), par(2), phos(1), phys(1), rhus-t(2), spig(2), tarent(1), thuj(2)"
251,2,"PAIN, Extending, arm, to, downward","aur(2), bry(1), cahin(1), carb-v(1), coloc(1), gels(2)"
251,2,"PAIN, Extending, arm, to, ear, to","fago(1), petr(1)"
251,2,"PAIN, Extending, arm, to, face, over side of","lyc(1), op(1)"
251,2,"PAIN, Extending, arm, to, forehead, across","cedr(1), lact-ac(1)"
251,3,"PAIN, Extending, arm, to, forehead, across, to","agar(1), croc(1), hura(1), kalm(1), ran-b(1)"
251,2,"PAIN, Extending, arm, to, frontal sinus, to",spig(3)
251,2,"PAIN, Extending, arm, to, occiput","bry(2), coc-c(1), colch(1), com(1), crot-t(1), dios(1), kali-p(1), lach(1), nat-a(2), pic-ac(1), sil(1)"
251,2,"PAIN, Extending, arm, to, outward","asaf(2), aster(1), hydr-ac(1)"
251,2,"PAIN, Extending, arm, to, temples, to","anac(1), bad(1), chel(1), coc-c(1), ip(1), phys(1)"
251,2,"PAIN, Extending, arm, to, vertex, to","cimic(1), croc(2), lach(1), phyt(1)"
251,1,"PAIN, around the eyes","cinnb(2), gels(2), ign(2), mag-m(3), merc(1), merc-c(1), nit-ac(1), pall(1), phyt(1), puls(1), spig(3), sulph(1), ter(1)"
251,1,"PAIN, behind the eyes (See Head)",
251,1,"PAIN, between","asc-c(1), carb-h(1), caust(1), dios(1), gymn(1)"
251,2,"PAIN, between, eye and nose",mang(1)
251,1,"PAIN, canthi","chin(1), euphr(1), lach(1), nat-m(1), plb(1)"
251,2,"PAIN, canthi, inner","alum(2), asc-t(1), fl-ac(2), graph(2), lach(2), sol-n(1), staph(1), syph(1)"
251,3,"PAIN, canthi, inner, extending around eyebrows",cinnb(1)
251,2,"PAIN, canthi, outer","ign(1), sulph(1)"
251,2,"PAIN, canthi, on closing the eye",ign(1)
251,1,"PAIN, eyebrows","acon(1), aeth(1), chel(2), con(1), cupr(1), dros(1), elaps(1), ferr(1), fl-ac(1), hyper(1), lith(1), lyss(1), naja(1), rhus-t(1), thuj(1)"
251,2,"PAIN, eyebrows, right","chel(2), hyper(1), lyss(1)"
251,2,"PAIN, eyebrows, night agg.","hyper(1), lyss(1)"
251,2,"PAIN, eyebrows, reading, while",ferr-p(1)
251,2,"PAIN, eyebrows, walking, after",lyss(1)
251,1,"PAIN, eye and nose, between, in the afternoon",kalm(1)
251,1,"PAIN, lachrymal duct",all-c(1)
251,1,"PAIN, lids","caust(2), chel(1), chin(1), ign(1), lyc(2), mez(1), sep(1), sulph(2), vesp(1), xan(1)"
251,2,"PAIN, lids, morning","calc(1), lyc(1), nux-v(1), sep(1), sulph(1)"
251,2,"PAIN, lids, afternoon",cimic(1)
251,2,"PAIN, lids, 1 p.m.",ars(1)
251,2,"PAIN, lids, closing, on","cimic(1), phyt(1), rhus-t(1)"
251,2,"PAIN, lids, using eyes, when",cob(1)
251,2,"PAIN, lids, evening","thuj(1), zinc(1)"
251,1,"PAIN, aching","acon(3), aesc(1), agar(2), ail(1), ant-t(1), apis(1), arg-m(2), arn(1), ars(2), aur(1), bad(2), bapt(1), bar-c(1), bell(2), bov(1), brom(1), bry(2), calc-p(2), calc-s(2), carb-s(2), carb-v(1), carl(2), caul(1), cere-b(2), cham(1), chel(1), chin(1), chin-s(1), cimic(3), cina(2), cob(1), coc-c(1), coca(1), colch(1), coloc(1), cop(1), cupr(1), dig(1), dios(1), ery-a(1), eup-per(3), ferr(1), ferr-ar(1), ferr-p(1), form(1), gels(1), glon(2), graph(2), grat(1), hell(1), hep(2), hydr-ac(1), hydrc(1), iod(1), ip(1), kali-bi(1), kali-n(1), kali-p(2), lach(1), laur(1), led(1), lept(1), lob(1), lyc(1), lyss(1), mag-m(1), mang(1), med(2), merc(1), merc-i-r(1), mez(2), myric(1), naja(1), nat-a(1), nat-m(2), nat-p(1), nit-ac(2), nux-v(2), onos(1), paeon(1), par(1), petr(1), ph-ac(1), phel(1), phos(2), phyt(2), pic-ac(1), plan(2), podo(2), psor(1), puls(3), rhus-t(2), rhus-v(1), rumx(1), ruta(2), sang(1), sep(1), sil(1), spig(3), staph(1), stront(1), stry(1), sulph(2), sumb(1), syph(1), tep(1), thuj(1), til(1), ust(1), valer(1), verat(1), verat-v(1), xan(1), zinc(1)"
252,2,"PAIN, aching, left",agar(2)
252,2,"PAIN, aching, morning","form(2), graph(2), podo(1), spig(1), stry(1), sulph(1)"
252,3,"PAIN, aching, morning, after breakfast amel.",naja(1)
252,3,"PAIN, aching, morning, waking, on","nat-a(1), sumb(1)"
252,2,"PAIN, aching, forenoon","cimic(1), sulph(1)"
252,2,"PAIN, aching, afternoon",staph(1)
252,2,"PAIN, aching, evening","dios(1), ferr(1), merc(1), myric(1), paeon(1), petr(1), puls(3), rhus-t(1), ruta(1), sulph(3), verat-v(1)"
252,3,"PAIN, aching, evening, amel.",chel(1)
252,3,"PAIN, aching, evening, light, from","carb-an(1), petr(1), ruta(2)"
252,3,"PAIN, aching, evening, lying down, after",carb-v(2)
252,2,"PAIN, aching, night","bry(2), cob(1), coloc(1), merc(1), merc-i-f(1)"
252,3,"PAIN, aching, night, closing lids",bell(1)
252,4,"PAIN, aching, night, closing lids, amel.","nit-ac(1), pic-ac(1)"
252,2,"PAIN, aching, air, open amel.",seneg(2)
252,2,"PAIN, aching, light, bright agg.","hep(2), petr(1), phyt(1), ruta(1), thuj(1)"
252,2,"PAIN, aching, looking sharply, when","carb-v(2), chel(2), nat-a(1), nat-m(3), psor(2), rhus-t(2)"
252,3,"PAIN, aching, looking sharply, when, at near objects",mang(2)
252,3,"PAIN, aching, looking sharply, when, straining sight","carb-v(2), coloc(1), merc(1), nat-m(2), ruta(3)"
252,3,"PAIN, aching, looking sharply, when, up",chel(2)
252,2,"PAIN, aching, moving eyes agg.","bad(2), bry(3), chel(1), gels(2), hep(2), nat-a(1), phyt(1), pic-ac(1)"
252,2,"PAIN, aching, nausea, with",thuj(1)
252,2,"PAIN, aching, onanism, after",cina(2)
252,2,"PAIN, aching, pressure, after",bar-ac(2)
252,3,"PAIN, aching, pressure, after, amel.",pic-ac(1)
252,2,"PAIN, aching, reading, while","cann-i(1), dulc(3), jab(2), nat-a(1), ol-j(1), olnd(1), puls(2), ruta(3), staph(1)"
252,2,"PAIN, aching, riding, while",verat(1)
252,2,"PAIN, aching, sleep, before",con(2)
252,2,"PAIN, aching, stooping",coloc(1)
252,2,"PAIN, aching, sunlight agg.",nat-a(2)
252,2,"PAIN, aching, touching, when",dig(1)
252,2,"PAIN, aching, walking in open air, while","pall(1), zinc(1)"
252,2,"PAIN, aching, warmth amel.","ery-a(1), hep(2)"
252,2,"PAIN, aching, writing, while",calc-f(2)
252,2,"PAIN, aching, canthi",mag-m(1)
252,3,"PAIN, aching, canthi, inner","acon(1), mosch(1), puls(2), rhus-t(1), stann(1)"
252,3,"PAIN, aching, canthi, outer","chin(1), dios(1), lyc(1)"
252,1,"PAIN, biting (See Burning)",
252,1,"PAIN, boring","apis(1), arg-n(1), asaf(1), aur(2), aur-m(1), bism(1), chin-s(1), coff(1), crot-h(2), elaps(1), form(1), hell(1), kali-c(1), merc(2), merc-i-f(1), nat-m(1), nux-m(2), puls(1), spig(1), stry(1), thuj(1)"
252,1,"PAIN, bruised (See Sore)",
252,1,"PAIN, burning, smarting, biting","acon(3), aesc(1), aeth(2), agar(2), agn(1), ail(1), all-c(3), aloe(1), alum(3), alumn(1), am-c(1), am-m(2), ambr(1), anan(1), ang(1), aphis(1), apis(3), aran(1), arg-n(2), arn(1), ars(3), arum-t(1), arund(1), asaf(2), asar(1), aur(1), aur-m(1), bapt(1), bar-c(1), bar-m(1), bell(3), berb(1), bor(1), brom(1), bry(2), bufo(1), bufo-s(1), cahin(1), calad(1), calc(3), calc-s(1), camph(1), canth(2), caps(2), carb-ac(1), carb-an(1), carb-s(3), carb-v(3), card-m(1), carl(2), caust(2), cedr(2), cham(1), chel(2), chin(3), chin-a(2), chlol(2), clem(2), cob(1), coc-c(1), coff(1), colch(2), coloc(2), con(3), cop(1), croc(1), crot-h(2), crot-t(2), cupr(1), cycl(2), dig(2), dios(1), dros(1), elaps(1), eug(1), eupho(2), euphr(3), eupi(1), fago(1), ferr(1), ferr-ar(1), ferr-i(1), ferr-p(1), fl-ac(1), form(1), gamb(2), gels(1), glon(1), gran(1), graph(2), gymn(1), hell(1), hep(2), hydr(2), hyos(1), hyper(1), ign(2), iod(2), ip(1), jug-r(1), kali-ar(2), kali-bi(2), kali-c(3), kali-i(2), kali-n(1), kali-p(1), kali-s(2), kalm(1), kreos(1), lac-c(2), lach(2), lachn(1), lact(1), laur(1), lil-t(1), lyc(2), lyss(1), mag-c(2), mag-m(2), mang(1), meph(1), merc(2), merc-c(2), merc-i-f(1), merc-i-r(2), mez(2), mosch(1), mur-ac(2), nat-a(1), nat-c(2), nat-m(3), nat-p(1), nat-s(2), nicc(2), nit-ac(2), nux-m(1), nux-v(2), ol-an(1), olnd(1), op(2), osm(1), paeon(1), par(1), petr(2), ph-ac(3), phel(1), phos(2), phys(1), phyt(2), pic-ac(1), plat(1), plb(1), podo(1), psor(1), puls(3), ran-b(3), ran-s(2), raph(1), rhod(2), rhus-t(2), rhus-v(1), ruta(3), sabad(1), sabin(1), sang(2), sars(1), seneg(2), sep(2), sil(1), sin-n(2), sol-n(1), spig(2), spong(1), stann(2), staph(1), stict(1), stront(2), stry(2), sul-ac(2), sulph(3), syph(1), tab(1), tarent(2), tep(1), teucr(2), thuj(2), til(1), valer(1), verat(1), vesp(1), vib(1), viol-o(1), viol-t(1), zinc(3), zing(1)"
252,2,"PAIN, burning, smarting, biting, daytime only","am-c(1), hep(1), mang(2), nat-c(1), phos(1), sulph(1)"
252,3,"PAIN, burning, smarting, biting, daytime only, reading, while",sul-ac(1)
253,2,"PAIN, burning, smarting, biting, morning","alum(2), am-c(1), am-m(1), calc(1), calc-s(1), carb-an(1), carb-s(1), chel(2), dios(1), elaps(1), fago(1), ferr(2), graph(1), hep(1), kali-bi(2), kali-n(1), lyc(2), mag-m(1), meph(1), mur-ac(2), nat-a(1), nat-m(3), nat-s(2), nicc(1), nit-ac(2), nux-v(3), phel(1), phys(1), rat(1), rhod(1), ruta(1), sars(1), seneg(2), sep(2), sil(1), stront(1), sulph(3), thuj(1), zinc(3)"
253,2,"PAIN, burning, smarting, biting, breakfast, after",sulph(2)
253,2,"PAIN, burning, smarting, biting, rising, on","ars-m(1), fago(1), nat-c(1), nat-m(1), sulph(2), thuj(1)"
253,2,"PAIN, burning, smarting, biting, waking, on","alum(1), chel(1), elaps(1), iod(1), nicc(1), ol-an(1), rat(1), sars(1), sep(1), sulph(2)"
253,2,"PAIN, burning, smarting, biting, washing","mur-ac(2), sulph(2)"
253,3,"PAIN, burning, smarting, biting, washing, amel.",nicc(1)
253,2,"PAIN, burning, smarting, biting, forenoon","dios(1), gels(1), kali-bi(1), nat-c(1), phys(1), sulph(2), ust(1), valer(1)"
253,2,"PAIN, burning, smarting, biting, noon","gymn(1), sulph(2)"
253,2,"PAIN, burning, smarting, biting, 12-30 p.m.",nat-m(1)
253,2,"PAIN, burning, smarting, biting, afternoon","bov(1), corn(1), gamb(1), jug-c(1), kalm(1), merc-i-f(1), nat-c(2), nat-s(2), nicc(1), ph-ac(1), rhod(1), stry(1), sulph(2), thuj(2), zinc(3)"
253,3,"PAIN, burning, smarting, biting, afternoon, menses, during",nicc(1)
253,2,"PAIN, burning, smarting, biting, evening","acon(1), agar(1), alum(2), am-br(1), am-c(1), am-m(1), ant-t(1), ars(1), bapt(1), cann-s(1), carb-s(1), caust(2), con(1), dios(1), erig(1), eug(1), fago(1), gamb(1), graph(1), hura(1), kali-ar(1), kali-bi(1), laur(1), mag-c(1), mag-s(1), nat-a(1), nat-c(1), nat-m(3), nat-s(2), nicc(1), ph-ac(1), phos(1), pic-ac(1), psor(1), puls(3), rat(1), ruta(3), seneg(1), sep(3), sil(1), sulph(2), thuj(1), viol-o(1), zinc(3)"
253,3,"PAIN, burning, smarting, biting, evening, air, in open",kali-bi(1)
253,3,"PAIN, burning, smarting, biting, evening, bed, after going to",op(1)
253,3,"PAIN, burning, smarting, biting, evening, candlelight, by","calc(1), graph(1), ol-an(1), ph-ac(1), ruta(3)"
253,3,"PAIN, burning, smarting, biting, evening, fire, on looking at","mag-m(1), nat-s(2), phyt(1)"
253,3,"PAIN, burning, smarting, biting, evening, gaslight",phyt(1)
253,3,"PAIN, burning, smarting, biting, evening, lying down amel.",nat-c(1)
253,3,"PAIN, burning, smarting, biting, evening, reading, while","agn(1), graph(2), nat-m(2), ruta(3)"
253,3,"PAIN, burning, smarting, biting, evening, twilight","am-m(1), stram(1)"
253,3,"PAIN, burning, smarting, biting, evening, writing, while",nat-m(2)
253,3,"PAIN, burning, smarting, biting, evening, 6 to 8 p.m.",caust(1)
253,2,"PAIN, burning, smarting, biting, night","alum(1), am-m(1), ars(3), asaf(1), con(2), crot-t(2), eug(1), fago(1), kali-ar(1), kali-c(1), merc(1), ruta(3), sanic(1), stry(1), sulph(1), tarent(2)"
253,3,"PAIN, burning, smarting, biting, night, reading in bed, while",cycl(1)
253,3,"PAIN, burning, smarting, biting, night, like balls of fire",ruta(3)
253,3,"PAIN, burning, smarting, biting, night, midnight, after",sulph(3)
253,2,"PAIN, burning, smarting, biting, air, in open","graph(1), kali-bi(1), merc(2), merc-c(1), nat-a(1), ol-an(1), verat(1)"
253,3,"PAIN, burning, smarting, biting, air, in open, amel.","gamb(2), phyt(1), puls(3)"
253,2,"PAIN, burning, smarting, biting, alternately",chin(2)
253,3,"PAIN, burning, smarting, biting, alternately, amel.",nicc(1)
253,2,"PAIN, burning, smarting, biting, candlelight","calc(2), cor-r(1), graph(1), mag-s(1), ol-an(1), ph-ac(1), pic-ac(1), sulph(1)"
253,3,"PAIN, burning, smarting, biting, candlelight, amel.",am-m(1)
253,2,"PAIN, burning, smarting, biting, chill, before",rhus-t(1)
253,2,"PAIN, burning, smarting, biting, closing lids","agar(1), am-m(1), calc(1), carb-v(1), clem(2), ham(1), lyc(1), manc(2), sars(1), sil(1)"
253,2,"PAIN, burning, smarting, biting, cold bathing amel.","apis(2), aur(2), nicc(1), puls(2), sep(2), thuj(1)"
253,3,"PAIN, burning, smarting, biting, cold bathing amel., wind",sep(3)
253,2,"PAIN, burning, smarting, biting, cough, with","agar(1), bol(1), chin(1)"
253,2,"PAIN, burning, smarting, biting, dim light agg.","am-m(1), stram(1)"
253,2,"PAIN, burning, smarting, biting, dinner, after","kali-bi(1), mag-m(1), nat-c(1), thuj(1)"
253,2,"PAIN, burning, smarting, biting, exertion of vision","bar-c(1), nat-m(3), petr(2), ruta(3), staph(1)"
253,2,"PAIN, burning, smarting, biting, fire, looking at the","apis(2), mag-m(1), merc(2), nat-s(2), phyt(1)"
253,2,"PAIN, burning, smarting, biting, headache, during","ail(1), aran(1), carb-s(1), coff(2), eug(2), hep(1)"
253,2,"PAIN, burning, smarting, biting, heat, during","cedr(1), chin(1), petr(2), rhod(1), sul-ac(1)"
253,2,"PAIN, burning, smarting, biting, itching","kali-br(2), lyc(2), puls(3)"
253,2,"PAIN, burning, smarting, biting, light agg.","calc(1), cob(1), ery-a(1), iod(1)"
253,3,"PAIN, burning, smarting, biting, light agg., bright","ery-a(1), kreos(2), mag-m(2), rhod(2)"
253,4,"PAIN, burning, smarting, biting, light agg., bright, amel.",am-m(1)
253,2,"PAIN, burning, smarting, biting, looking sharply, when","bar-c(1), cast(1), mag-m(1), nat-m(2), psor(1), rhod(1)"
253,3,"PAIN, burning, smarting, biting, looking sharply, when, at the light","mag-m(1), nux-v(1)"
253,3,"PAIN, burning, smarting, biting, looking sharply, when, upward",alum(1)
253,2,"PAIN, burning, smarting, biting, lying down agg.",nux-v(2)
253,2,"PAIN, burning, smarting, biting, menses, during","cast(1), mag-c(1), nicc(1), nit-ac(2)"
253,2,"PAIN, burning, smarting, biting, motion agg.",berb(1)
253,2,"PAIN, burning, smarting, biting, one then the other","chin(3), nat-c(1)"
253,2,"PAIN, burning, smarting, biting, opening the eyes, on","ars(3), kali-bi(2), mag-m(1)"
253,2,"PAIN, burning, smarting, biting, operations, after","staph(2), zinc(2)"
253,2,"PAIN, burning, smarting, biting, periodic",asaf(1)
253,2,"PAIN, burning, smarting, biting, pressure amel.",pic-ac(1)
254,2,"PAIN, burning, smarting, biting, reading, while","agn(1), ars(2), asar(1), bar-c(1), calc(2), carb-s(2), cob(1), con(2), croc(2), cycl(1), graph(2), kali-ar(1), kali-c(2), lil-t(1), myric(1), nat-a(2), nat-c(2), nat-m(3), olnd(2), petr(1), phos(1), pic-ac(1), psor(1), puls(2), rhod(1), ruta(2), seneg(2), sep(1), staph(2), sulph(2), thuj(1), zinc(1)"
254,3,"PAIN, burning, smarting, biting, reading, while, fine print","ind(1), mur-ac(1), nat-m(1), psor(1), ruta(2)"
254,2,"PAIN, burning, smarting, biting, rub, must","all-c(3), chin(1), puls(3)"
254,2,"PAIN, burning, smarting, biting, rubbing, on","carb-an(1), carb-v(1), con(2), kalm(1), puls(2)"
254,3,"PAIN, burning, smarting, biting, rubbing, on, amel.",zinc(1)
254,2,"PAIN, burning, smarting, biting, sand, as if, in","agar(1), ambr(1), caust(3), con(1), ign(1), iod(1), mag-m(1), merc(1), nat-m(2)"
254,2,"PAIN, burning, smarting, biting, sleep, after","alum(1), canth(1)"
254,3,"PAIN, burning, smarting, biting, sleep, after, amel.",chel(1)
254,2,"PAIN, burning, smarting, biting, smoke, as from","aeth(1), all-c(2), croc(2), mosch(1), nat-a(1), petr(1)"
254,2,"PAIN, burning, smarting, biting, spots",phos(2)
254,2,"PAIN, burning, smarting, biting, stool, after",nat-c(2)
254,2,"PAIN, burning, smarting, biting, stooping, on",bov(1)
254,2,"PAIN, burning, smarting, biting, touch agg.","caust(2), thuj(1)"
254,2,"PAIN, burning, smarting, biting, warm bed agg.",merc(2)
254,3,"PAIN, burning, smarting, biting, warm bed agg., room, in a","aeth(1), apis(3), con(2), puls(3)"
254,4,"PAIN, burning, smarting, biting, warm bed agg., room, in a, walking, in a amel.",coloc(1)
254,2,"PAIN, burning, smarting, biting, work, during","graph(1), nat-c(1)"
254,2,"PAIN, burning, smarting, biting, writing, while","cob(1), lact(1), lil-t(2), nat-a(1), nat-c(1), nat-m(2), rhod(1), seneg(2), zinc(1)"
254,2,"PAIN, burning, smarting, biting, yawning",agar(1)
254,2,"PAIN, burning, smarting, biting, around the eye","canth(1), chlor(1), cic(1), manc(1), phos(1), spong(1)"
254,2,"PAIN, burning, smarting, biting, back of the eyes",form(1)
254,2,"PAIN, burning, smarting, biting, canthi","aesc(1), agar(2), alum(1), am-m(2), ant-t(1), apis(2), asaf(2), aur(2), bar-c(1), bell(1), berb(1), bry(3), cact(1), calc(2), carb-an(1), carb-s(2), carb-v(2), caust(2), cinnb(1), clem(2), coloc(1), con(1), euphr(1), fl-ac(1), gels(1), gran(1), graph(2), hyper(1), iris(1), kali-bi(1), kali-c(2), kali-n(1), lact(1), mag-c(1), mur-ac(2), nat-m(1), nux-v(1), par(1), petr(1), ph-ac(1), phos(1), ran-b(1), ran-s(2), rhod(1), rhus-t(2), ruta(1), sanic(1), sep(2), sil(1), spig(1), staph(2), stront(1), sulph(2), tab(1), teucr(1), ther(1), thuj(1), tril(1), zinc(1)"
254,3,"PAIN, burning, smarting, biting, canthi, morning","am-m(1), rhod(1), stront(1), sulph(1)"
254,4,"PAIN, burning, smarting, biting, canthi, morning, waking, on",sep(1)
254,3,"PAIN, burning, smarting, biting, canthi, evening","ang(1), sulph(1), thuj(1)"
254,4,"PAIN, burning, smarting, biting, canthi, evening, 5 p.m.",mag-c(1)
254,3,"PAIN, burning, smarting, biting, canthi, night",bry(3)
254,3,"PAIN, burning, smarting, biting, canthi, itching",alum(1)
254,3,"PAIN, burning, smarting, biting, canthi, washing, after",am-m(1)
254,3,"PAIN, burning, smarting, biting, canthi, writing",kali-bi(1)
254,3,"PAIN, burning, smarting, biting, canthi, inner","alum-sil(1), ant-t(1), bry(1), calc-s(1), carb-v(1), caust(2), con(2), dios(1), graph(1), mez(1), nicc(1), nux-v(1), ox-ac(1), petr(2), phos(2), phyt(1), puls(2), sep(1), sil(1), staph(2), sulph(2), teucr(1), zinc(2)"
254,4,"PAIN, burning, smarting, biting, canthi, inner, morning","calc-s(1), nux-v(3)"
254,3,"PAIN, burning, smarting, biting, canthi, outer","ant-c(3), arg-n(1), aur-m(1), bry(1), camph(1), colch(1), dig(1), hep(2), ign(1), kali-bi(1), lyc(1), mang(1), mur-ac(1), nux-v(1), phos(1), ran-b(2), ran-s(1), ruta(1), sulph(1), zinc(1)"
254,2,"PAIN, burning, smarting, biting, margins of lids","alum(1), apis(2), ars(3), arum-d(1), asaf(1), aur(1), aur-m-n(1), brom(1), bry(1), bufo(1), calc(1), camph(1), cann-i(1), carb-s(1), card-m(1), clem(1), coc-c(1), colch(2), crot-h(1), dig(2), euphr(3), fago(1), ferr-p(1), gins(1), hell(1), hura(1), jatr(1), kali-bi(1), kali-p(1), kreos(1), lach(2), led(2), manc(1), med(1), meph(1), merc-c(2), mez(1), nat-s(2), nux-v(1), olnd(2), ran-s(1), sanic(1), sol-n(1), sulph(2)"
254,3,"PAIN, burning, smarting, biting, margins of lids, daytime only","nat-m(1), sulph(2)"
254,3,"PAIN, burning, smarting, biting, margins of lids, morning","gamb(2), nat-s(2), nit-ac(2), nux-v(2), seneg(1), sulph(3), zinc(2)"
254,4,"PAIN, burning, smarting, biting, margins of lids, morning, on waking","agar(1), euphr(1), kali-bi(1), sulph(1)"
254,4,"PAIN, burning, smarting, biting, margins of lids, morning, reading, while",ign(1)
254,3,"PAIN, burning, smarting, biting, margins of lids, forenoon",sulph(1)
254,3,"PAIN, burning, smarting, biting, margins of lids, afternoon","kali-bi(1), sang(2), sulph(2)"
254,3,"PAIN, burning, smarting, biting, margins of lids, evening","ars(3), thuj(2), zinc(2)"
254,1,"PAIN, bursting","asar(1), daph(1), gels(2), glon(2), juni(1), lact-ac(1), mag-c(1), prun-s(3), puls(1), seneg(2), spig(1), staph(2), stram(1)"
254,2,"PAIN, bursting, night",staph(1)
254,2,"PAIN, bursting, bubble, like a",puls(1)
254,2,"PAIN, bursting, light",staph(1)
254,2,"PAIN, bursting, lying",gels(2)
254,2,"PAIN, bursting, reading, while","asar(1), staph(1)"
254,2,"PAIN, bursting, stooping agg.",lact-ac(1)
254,2,"PAIN, bursting, turning head agg.",lact-ac(1)
254,2,"PAIN, bursting, using eyes",staph(1)
254,1,"PAIN, clawing in",am-m(1)
254,1,"PAIN, constricting","acon(1), amph(1), cham(1), chlor(1), elaps(1), lyc(1), naja(1), nit-ac(1)"
254,2,"PAIN, constricting, evening",rat(1)
255,1,"PAIN, contractive","agar(1), bor(1), crot-c(1), euphr(1), kali-n(2), nat-c(1), plb(1), verat(2)"
255,2,"PAIN, contractive, morning",stry(1)
255,2,"PAIN, contractive, evening","agar(1), euphr(1), glon(1), rhus-t(1)"
255,2,"PAIN, contractive, eyes, forehead and face concentrate in tip of nose",kali-n(2)
255,1,"PAIN, crushing","bry(3), prun-s(3)"
255,1,"PAIN, cutting","act-sp(1), am-c(1), apis(2), asaf(2), asar(1), atro(1), aur(1), bell(2), bor(1), bry(1), bufo(1), cadm(1), calc(2), carb-s(1), caust(1), chel(2), chin(2), cic(1), cimic(2), colch(2), coloc(2), con(1), crot-c(1), cund(2), dros(1), echi(1), euphr(2), ferr-i(2), graph(1), ind(1), iod(1), lac-f(1), lach(2), merc(2), mur-ac(1), nat-p(1), nux-v(2), ol-an(1), petr(1), phyt(1), puls(1), rhus-t(1), sang(1), sil(1), sulph(2), tarent(1), verat(1), viol-t(1), zinc(1)"
255,2,"PAIN, cutting, right","coloc(2), sulph(2)"
255,2,"PAIN, cutting, left","asar(2), bor(1), caust(1), lac-f(1)"
255,2,"PAIN, cutting, morning",hura(1)
255,2,"PAIN, cutting, evening","calc(1), chr-ac(1)"
255,2,"PAIN, cutting, night agg.",merc(2)
255,2,"PAIN, cutting, candlelight",calc(2)
255,2,"PAIN, cutting, exerting them","merc(1), petr(1)"
255,2,"PAIN, cutting, lying on left side",lac-f(1)
255,2,"PAIN, cutting, moving, on","bry(1), ind(1)"
255,2,"PAIN, cutting, opening eyes",bry(2)
255,2,"PAIN, cutting, pressure amel.","bry(2), coloc(1)"
255,2,"PAIN, cutting, reading, while","calc(2), merc(2), petr(1), phyt(1)"
255,2,"PAIN, cutting, rest, during",mur-ac(1)
255,2,"PAIN, cutting, stooping, on, agg.",coloc(1)
255,2,"PAIN, cutting, sunlight",graph(2)
255,2,"PAIN, cutting, touching, from",asaf(2)
255,2,"PAIN, cutting, walking in a warm room amel.",coloc(2)
255,2,"PAIN, cutting, writing, from","cann-s(1), canth(1), phyt(1)"
255,2,"PAIN, cutting, extending inward","acon(1), act-sp(1), asaf(2), bry(1), coloc(2)"
255,3,"PAIN, cutting, extending inward, to head",coloc(1)
255,3,"PAIN, cutting, extending inward, outward","cadm(1), lach(2), sulph(1)"
255,2,"PAIN, cutting, canthi","bell(1), brom(1)"
255,3,"PAIN, cutting, canthi, outer","brom(1), hep(1), kali-i(1)"
255,1,"PAIN, darting (See Shooting)",
255,1,"PAIN, digging","bell(1), bism(1), colch(1), sep(1), spig(1)"
255,2,"PAIN, digging, canthi",anan(1)
255,1,"PAIN, dragging","apis(1), caust(2), sep(1)"
255,1,"PAIN, drawing","agar(2), apis(1), arn(1), ars(2), bell(1), bov(1), calc-p(1), camph(2), cann-s(1), canth(1), carb-s(1), carb-v(1), caust(2), cham(1), chel(2), cic(1), colch(2), con(1), cop(1), crot-c(1), cur(2), glon(2), graph(2), hell(1), hep(2), hyos(1), jug-c(1), kali-ar(1), kali-bi(1), kali-c(1), kali-p(1), kalm(3), kreos(1), lac-d(1), lach(1), lil-t(1), lith(1), lyc(1), lyss(1), med(1), naja(2), nat-m(3), oena(1), petr(1), phys(2), plat(1), podo(1), ran-s(1), ruta(3), seneg(2), sep(1), sil(1), spig(2), stront(1), sulph(1), tab(1), thuj(1), til(1), zinc(2), zing(1)"
255,2,"PAIN, drawing, daytime only",kalm(2)
255,2,"PAIN, drawing, morning","grat(1), sep(1)"
255,2,"PAIN, drawing, forenoon",podo(1)
255,2,"PAIN, drawing, afternoon",phys(1)
255,2,"PAIN, drawing, evening","bov(1), phys(1)"
255,2,"PAIN, drawing, night",lyc(1)
255,2,"PAIN, drawing, backward, the eyeball","agar(1), aster(1), aur-m(1), bov(1), carb-s(1), cham(1), crot-t(2), cupr(1), graph(2), hep(2), lach(2), mez(2), par(3), plb(1), puls(2), rhod(1), sep(1), sil(1), stry(1), sulph(1), zinc(1)"
255,2,"PAIN, drawing, closing eyes agg.",carb-v(1)
255,2,"PAIN, drawing, dinner, after",agar(1)
255,2,"PAIN, drawing, lamplight agg.",syph(1)
255,2,"PAIN, drawing, motion, on","kalm(3), nat-m(2), puls(2)"
255,2,"PAIN, drawing, open air amel.",sep(1)
255,2,"PAIN, drawing, outward","cop(1), crot-c(1), med(1)"
255,2,"PAIN, drawing, pain in occiput during",carb-v(2)
255,2,"PAIN, drawing, sitting, while",merc(1)
255,2,"PAIN, drawing, standing, while",merc-sul(1)
255,2,"PAIN, drawing, sticking",lach(2)
255,2,"PAIN, drawing, stiff sensation, in muscles",nat-m(3)
255,2,"PAIN, drawing, string, as with a, to back of head or into the brain","crot-t(2), hep(1), lach(2), par(3), sil(1)"
255,2,"PAIN, drawing, together","nat-m(3), sep(1), sulph(2), zinc(2)"
255,2,"PAIN, drawing, toward the temple",crot-c(1)
255,2,"PAIN, drawing, turning sideways",kalm(3)
255,2,"PAIN, drawing, walking, while",merc-sul(1)
255,2,"PAIN, drawing, extending to ear",petr(1)
255,3,"PAIN, drawing, extending to ear, head","graph(2), lach(1)"
255,4,"PAIN, drawing, extending to ear, head, to forehead",agar(1)
255,3,"PAIN, drawing, extending to ear, occiput","lach(2), naja(2)"
255,3,"PAIN, drawing, extending to ear, vertex",lach(2)
256,2,"PAIN, drawing, canthi, in","aur(2), sep(3)"
256,1,"PAIN, foreign body, as from","acon(2), alum(1), am-m(1), anac(2), apis(3), arn(1), aur(2), bell(2), bor(1), bov(2), calc(2), calc-p(3), calc-s(1), caps(2), carb-an(1), caul(1), caust(2), chel(2), cinnb(1), cist(2), coc-c(1), euphr(2), fl-ac(2), gels(2), hep(2), hyos(1), ign(2), kali-bi(1), lyc(2), med(1), meph(1), merc(2), nat-m(2), phos(1), plb(1), psor(2), puls(1), rhus-t(1), ruta(1), sang(1), sars(1), sep(1), sil(2), stann(1), staph(1), stram(1), sulph(2), thuj(2), upa(1)"
256,2,"PAIN, foreign body, as from, right",sulph(1)
256,2,"PAIN, foreign body, as from, morning",sulph(2)
256,2,"PAIN, foreign body, as from, forenoon","am-m(1), dios(1), sulph(1)"
256,2,"PAIN, foreign body, as from, evening",sulph(2)
256,2,"PAIN, foreign body, as from, little grains","lith(1), sars(1), sep(1)"
256,2,"PAIN, foreign body, as from, under conjunctiva",tab(1)
256,2,"PAIN, foreign body, as from, back behind lids","merc(2), stann(1), staph(2)"
256,2,"PAIN, foreign body, as from, canthi, in",alum(1)
256,3,"PAIN, foreign body, as from, canthi, in, inner","agar(1), berb(1)"
256,3,"PAIN, foreign body, as from, canthi, in, outer","apis(1), bar-c(1), euphr(2), ign(1), phos(1), sul-ac(2)"
256,1,"PAIN, gnawing","agn(1), ars(1), berb(1), ox-ac(1), plat(2)"
256,1,"PAIN, grinding",xan(1)
256,1,"PAIN, jerking","agar(1), asar(2), lac-f(1)"
256,2,"PAIN, jerking, left","agar(1), lac-f(1)"
256,1,"PAIN, lancinating (See Cutting)",
256,1,"PAIN, nail, as if",hell(1)
256,1,"PAIN, piercing (See Stitching)",
256,1,"PAIN, pinching","arn(1), kali-c(1), nit-ac(1)"
256,1,"PAIN, pressing, pressure, etc.","acon(1), aeth(1), agar(2), aloe(1), alum(2), am-c(2), ambr(2), anac(2), ang(1), ant-t(1), apis(2), arg-n(1), arn(1), ars(1), asaf(2), asar(1), aur(2), bapt(1), bar-c(1), bar-m(1), bell(2), benz-ac(1), berb(1), bism(1), bor(1), bov(1), bry(3), bufo(1), cahin(1), calad(1), calc(3), calc-s(1), camph(1), cann-i(1), cann-s(1), canth(1), caps(1), carb-an(1), carb-s(2), carb-v(2), card-m(1), carl(2), caul(2), caust(2), cere-b(1), cham(3), chel(2), chin(3), chin-a(1), cic(1), cimic(1), cina(1), cinnb(1), clem(2), coc-c(1), coca(1), cocc(2), colch(1), coloc(2), com(2), con(2), croc(1), crot-c(1), crot-t(2), cupr(2), cycl(2), daph(1), dig(2), dulc(1), euphr(2), fago(1), ferr-m(1), fl-ac(1), gels(1), glon(2), graph(2), grat(1), gymn(1), ham(1), hell(1), hep(2), hydr(1), ign(2), ind(1), indg(1), iod(1), kali-ar(1), kali-bi(2), kali-c(2), kali-chl(1), kali-i(1), kali-n(1), kali-p(1), kali-s(1), kalm(1), kreos(1), lac-c(2), lach(2), lachn(1), lact-ac(1), laur(1), led(2), lil-t(1), lyc(3), lyss(1), mag-c(2), mag-m(1), manc(1), mang(1), med(1), meny(1), meph(1), merc(3), merc-c(2), merc-i-f(1), merc-i-r(1), mez(2), mosch(1), mur-ac(1), naja(1), nat-a(1), nat-c(1), nat-m(3), nat-p(1), nat-s(2), nicc(1), nit-ac(3), nux-v(2), ol-an(1), olnd(1), op(1), paeon(1), petr(2), ph-ac(2), phos(2), phys(1), phyt(2), plat(2), plb(2), prun-s(2), psor(2), puls(2), ran-b(3), ran-s(1), raph(1), rhod(2), rhus-t(2), ruta(2), sang(1), sant(1), sars(2), sec(1), sel(1), seneg(3), sep(2), sil(2), spig(3), spong(2), stann(2), staph(2), stram(2), stront(1), stry(1), sulph(2), tab(1), ther(2), thuj(2), tub(1), valer(1), viol-o(1), vip(1), zinc(2), zing(1)"
256,2,"PAIN, pressing, pressure, etc., right","apoc(1), coloc(2), crot-c(1), ferr(2), fl-ac(2), kalm(1), nat-m(1), spig(2)"
256,2,"PAIN, pressing, pressure, etc., left","agar(1), calc-s(1), coloc(2), indg(1), puls(2), zing(1)"
256,2,"PAIN, pressing, pressure, etc., daytime only","caust(1), lyc(1), sep(1)"
256,2,"PAIN, pressing, pressure, etc., morning","agar(1), bor(1), calc(1), con(1), euphr(1), graph(1), meph(1), nux-v(2), phos(1), rhus-t(1), seneg(1), sep(2), thuj(1), valer(2), zinc(3)"
256,3,"PAIN, pressing, pressure, etc., morning, waking, on","bry(1), nat-m(1), sep(2), thuj(1), upa(1)"
256,3,"PAIN, pressing, pressure, etc., morning, 5 a.m.",stann(1)
256,2,"PAIN, pressing, pressure, etc., forenoon","lach(1), lyc(1), plat(1)"
256,2,"PAIN, pressing, pressure, etc., noon","cham(1), ign(1), valer(1), verat(1)"
256,2,"PAIN, pressing, pressure, etc., afternoon","cham(2), chin(1), coloc(1), grat(1), lachn(1), phyt(1), sil(1)"
256,3,"PAIN, pressing, pressure, etc., afternoon, 2 p.m., after a nap",euphr(1)
256,3,"PAIN, pressing, pressure, etc., afternoon, 4 p.m., daily",sil(1)
256,2,"PAIN, pressing, pressure, etc., evening","aloe(1), ang(1), ant-t(1), calc(2), calc-s(2), camph(1), carb-an(1), carb-s(1), coloc(1), con(1), croc(1), euphr(1), graph(1), hep(1), kalm(2), lycps(1), mag-m(1), mur-ac(1), nat-c(1), nat-m(2), nit-ac(1), petr(2), rhus-t(1), sars(1), seneg(2), staph(2), sulph(3), zinc(2)"
256,3,"PAIN, pressing, pressure, etc., evening, air, in open","glon(1), kali-bi(1)"
256,3,"PAIN, pressing, pressure, etc., evening, bed, after going to",upa(1)
256,3,"PAIN, pressing, pressure, etc., evening, candlelight, in","carb-an(1), petr(2), seneg(1)"
256,3,"PAIN, pressing, pressure, etc., evening, reading, while","mill(1), nat-s(2)"
256,3,"PAIN, pressing, pressure, etc., evening, twilight, in",nat-m(2)
256,2,"PAIN, pressing, pressure, etc., night","chel(1), cocc(2), croc(1), cycl(1), sep(2), staph(2)"
256,3,"PAIN, pressing, pressure, etc., night, open air, in",aur-m(1)
256,3,"PAIN, pressing, pressure, etc., night, on waking","chel(1), cycl(1)"
256,3,"PAIN, pressing, pressure, etc., night, 11 p.m.","euphr(1), nat-m(1)"
256,2,"PAIN, pressing, pressure, etc., air, in open","aur-m(1), clem(2), glon(1), kali-bi(1), seneg(1)"
256,3,"PAIN, pressing, pressure, etc., air, in open, amel.","asaf(2), phos(2), puls(2)"
257,2,"PAIN, pressing, pressure, etc., burning, alternating with",sars(1)
257,2,"PAIN, pressing, pressure, etc., candlelight","carb-an(1), croc(1), mang(1), petr(1), seneg(2), staph(1)"
257,2,"PAIN, pressing, pressure, etc., closing eyes, when","bell(2), con(1), staph(1)"
257,2,"PAIN, pressing, pressure, etc., dark amel. (See Light)","bell(2), euphr(1), staph(1)"
257,2,"PAIN, pressing, pressure, etc., dinner, after","agar(1), mez(1), phos(1), seneg(1)"
257,2,"PAIN, pressing, pressure, etc., eating, after",sulph(1)
257,2,"PAIN, pressing, pressure, etc., fever, during","kali-c(1), sep(1), thuj(1)"
257,2,"PAIN, pressing, pressure, etc., fine work, during","con(2), ruta(2)"
257,2,"PAIN, pressing, pressure, etc., hard substance in, as from a",olnd(1)
257,2,"PAIN, pressing, pressure, etc., headache, during","sel(2), seneg(1)"
257,2,"PAIN, pressing, pressure, etc., inward","agar(1), anac(1), aur(2), bapt(1), bell(1), bor(1), calc(3), caust(1), ph-ac(1), zinc(1)"
257,2,"PAIN, pressing, pressure, etc., light, agg.","aur-m(1), bell(2), con(2), euphr(1), phos(2), sep(1), staph(2), sulph(1)"
257,2,"PAIN, pressing, pressure, etc., looking, when","acon(1), anac(1), caust(1), nat-m(3), ph-ac(1), phos(2), rheum(1)"
257,3,"PAIN, pressing, pressure, etc., looking, when, at one point agg.","bar-c(1), nat-m(2)"
257,3,"PAIN, pressing, pressure, etc., looking, when, at candlelight","euphr(2), staph(1)"
257,3,"PAIN, pressing, pressure, etc., looking, when, as from looking at sun",nit-ac(1)
257,3,"PAIN, pressing, pressure, etc., looking, when, sideways",bar-c(1)
257,3,"PAIN, pressing, pressure, etc., looking, when, steadily","caust(1), nat-m(2)"
257,3,"PAIN, pressing, pressure, etc., looking, when, up","bar-c(1), mang(1), sabad(1)"
257,2,"PAIN, pressing, pressure, etc., menses, during","carb-an(1), croc(2), nat-p(1)"
257,2,"PAIN, pressing, pressure, etc., moving eyes, when","agar(1), brom(1), bry(3), camph(1), carb-v(2), chel(1), clem(1), crot-h(1), glon(1), hep(2), lach(2), mang(2), merc(1), spig(2), stann(1)"
257,3,"PAIN, pressing, pressure, etc., moving eyes, when, amel.",op(1)
257,2,"PAIN, pressing, pressure, etc., opening eyes","croc(1), upa(1)"
257,2,"PAIN, pressing, pressure, etc., outward","agar(1), asaf(2), asar(1), bell(1), berb(1), bry(2), camph(1), cann-s(2), caul(1), cham(1), cimic(1), crot-c(1), daph(1), eupi(1), fago(1), fl-ac(2), glon(2), guai(1), guare(1), ham(2), ign(1), ip(1), lac-c(2), lach(1), led(3), lycps(1), merc(2), merc-c(1), merl(1), nat-s(2), nux-v(3), op(1), par(1), ph-ac(1), phos(2), phyt(2), psor(2), puls(1), sang(2), seneg(2), sil(2), spig(3), thuj(1)"
257,3,"PAIN, pressing, pressure, etc., outward, when pressing throat",lach(3)
257,2,"PAIN, pressing, pressure, etc., periodical","aur-m(1), ran-s(1)"
257,2,"PAIN, pressing, pressure, etc., plug, like a","anac(2), ran-b(2)"
257,2,"PAIN, pressing, pressure, etc., pressing amel.","asaf(2), caust(2), ham(2), mur-ac(1)"
257,2,"PAIN, pressing, pressure, etc., reading, while","agar(2), alum(1), asar(1), cic(1), con(2), dulc(1), ign(1), kali-c(2), mang(1), merc(1), mur-ac(1), nat-m(2), nat-s(2), nux-v(2), pic-ac(1), ruta(2), sars(1), staph(1)"
257,2,"PAIN, pressing, pressure, etc., rest, amel.","berb(1), pic-ac(1)"
257,2,"PAIN, pressing, pressure, etc., rubbing agg.",sep(1)
257,3,"PAIN, pressing, pressure, etc., rubbing agg., amel.","caust(2), ran-b(2)"
257,2,"PAIN, pressing, pressure, etc., sleep, as from loss of",chin(1)
257,2,"PAIN, pressing, pressure, etc., smoking, from",calad(1)
257,2,"PAIN, pressing, pressure, etc., stooping agg.","coloc(2), fl-ac(1), merc(1), seneg(1)"
257,2,"PAIN, pressing, pressure, etc., straining eyes","mur-ac(1), nat-m(1), ruta(2)"
257,2,"PAIN, pressing, pressure, etc., stye on lid, as from",stann(1)
257,2,"PAIN, pressing, pressure, etc., throbbing in temples, after",glon(1)
257,2,"PAIN, pressing, pressure, etc., touching agg.","aur(2), caust(2), cupr(1), psor(1)"
257,2,"PAIN, pressing, pressure, etc., turning eyes agg.","spig(3), tub(1)"
257,3,"PAIN, pressing, pressure, etc., turning eyes agg., to right",sep(1)
257,2,"PAIN, pressing, pressure, etc., walking, after","con(1), euphr(1)"
257,3,"PAIN, pressing, pressure, etc., walking, after, while, in open air","sulph(1), zinc(1)"
257,3,"PAIN, pressing, pressure, etc., walking, after, in open air amel.","arn(1), nat-m(1)"
257,2,"PAIN, pressing, pressure, etc., warm bed amel.",nat-c(1)
257,3,"PAIN, pressing, pressure, etc., warm bed amel., room agg.",apis(2)
257,2,"PAIN, pressing, pressure, etc., warmth amel.","nat-c(1), seneg(1)"
257,2,"PAIN, pressing, pressure, etc., washing in cold water amel.","apis(2), asar(2), phos(2), puls(2)"
257,2,"PAIN, pressing, pressure, etc., weakness, causing","glon(1), staph(1)"
257,2,"PAIN, pressing, pressure, etc., writing, while",con(1)
257,2,"PAIN, pressing, pressure, etc., extending downward","aur(2), bry(1), cahin(1), carb-v(1), coloc(1)"
257,3,"PAIN, pressing, pressure, etc., extending downward, to forehead","agar(1), croc(1), ran-b(1)"
257,3,"PAIN, pressing, pressure, etc., extending downward, into head","hep(1), nat-m(1)"
257,2,"PAIN, pressing, pressure, etc., canthi, in","calc(1), carb-v(2), colch(2), cycl(1), grat(1), lach(1), sil(1)"
257,3,"PAIN, pressing, pressure, etc., canthi, in, inner","anac(1), caust(2), cic(1), cycl(1), euphr(3), gamb(1), hell(1), hydr-ac(1), iod(1), lach(1), laur(1), lyc(1), nat-m(1), petr(1), ph-ac(1), puls(1), rhod(1), stann(2), staph(1), zinc(1)"
257,3,"PAIN, pressing, pressure, etc., canthi, in, outer","carb-an(1), chin(1), lachn(1), mez(2), op(1), sul-ac(1)"
257,2,"PAIN, pressing, pressure, etc., pulled out, as if being","glon(2), med(1)"
257,3,"PAIN, pressing, pressure, etc., pulled out, as if being, shut, when",med(1)
257,1,"PAIN, sand, as from","agar(1), alum(1), am-br(1), ambr(1), apis(2), arg-n(1), ars(3), asaf(1), asc-t(1), aur(2), bar-c(1), bell(1), berb(1), bry(1), calc(3), cann-s(1), caps(1), carb-s(1), carb-v(2), caust(3), chel(2), chin(3), cina(1), cob(1), cocc(1), con(1), cor-r(2), dig(2), elaps(1), eupho(1), euphr(2), ferr(2), ferr-ar(1), ferr-i(1), ferr-p(1), fl-ac(3), form(1), graph(1), grat(1), hep(2), ign(2), iod(1), kali-ar(1), kali-bi(1), kali-chl(1), kali-p(1), kreos(1), lac-d(1), lach(1), lachn(1), led(2), lith(1), lyc(1), mag-m(1), med(2), merc(1), myric(1), nat-m(3), nat-p(1), nit-ac(1), ol-an(1), op(2), ox-ac(1), paeon(1), petr(1), ph-ac(1), phos(1), phyt(2), pic-ac(1), plat(1), psor(2), puls(2), rhus-t(1), sars(1), sep(2), sil(2), sol-n(1), spig(2), stram(1), stront(1), sulph(3), sumb(1), syph(1), tarent(1), thuj(2), upa(1), urt-u(1), viol-t(1), zinc(2)"
258,2,"PAIN, sand, as from, right",sep(3)
258,2,"PAIN, sand, as from, morning","apoc(1), lyc(1), nat-m(3), sil(2), sol-n(1), sulph(2), thuj(1)"
258,2,"PAIN, sand, as from, forenoon","chel(1), con(1)"
258,2,"PAIN, sand, as from, afternoon",bry(1)
258,2,"PAIN, sand, as from, evening","ars(2), calc(2), ferr(1), kali-bi(1), ox-ac(1), petr(1), puls(2), zinc(3)"
258,2,"PAIN, sand, as from, night","calc(1), kali-bi(1), zinc(3)"
258,2,"PAIN, sand, as from, open air amel.",sars(1)
258,2,"PAIN, sand, as from, canthi, in","acon(1), dig(1), sumb(1), thuj(1)"
258,3,"PAIN, sand, as from, canthi, in, outer","bar-c(1), con(1), crot-c(1), nit-ac(2), staph(1), sulph(1)"
258,1,"PAIN, shooting (See Stitching)",
258,1,"PAIN, smarting (See Burning)",
258,1,"PAIN, sore, bruised, tender","acon(2), aesc(1), agar(2), alum(1), am-br(1), ant-c(1), ant-t(1), apis(2), arg-m(1), arg-n(1), arn(2), ars(2), ars-i(1), aur(2), bad(1), bapt(2), bar-c(1), bell(2), bry(3), cahin(1), calad(1), calc(1), calc-p(2), calc-s(2), camph(1), canth(1), carb-s(2), carb-v(2), caust(1), cedr(1), cham(1), chel(2), cimic(2), clem(1), cocc(1), colch(2), com(2), cor-r(1), corn(2), croc(2), cupr(2), dios(1), dirc(1), dor(1), eup-per(3), fago(1), gels(2), glon(2), gymn(1), ham(3), hep(3), hura(1), hyos(1), hyper(2), iod(1), kali-bi(1), kali-p(1), lach(2), lec(1), lil-t(1), lith(1), lyc(2), lyss(1), manc(1), merc(2), naph(1), nat-a(1), nat-c(1), nat-m(1), nat-p(1), nit-ac(2), nux-v(2), onos(1), ox-ac(1), phos(1), phys(2), phyt(1), pic-ac(1), plan(1), podo(1), prun-s(3), psor(1), puls(2), ran-b(2), rhus-t(3), rob(1), rumx(1), ruta(2), sang(1), sars(1), sep(2), sil(2), sin-n(1), spig(2), stann(1), stry(1), sul-ac(1), sulph(1), symph(2), ter(1), tub(2), urt-u(1), ust(1), vib(1), zinc(3)"
258,2,"PAIN, sore, bruised, tender, right","chel(2), com(2)"
258,2,"PAIN, sore, bruised, tender, daytime only",sulph(1)
258,2,"PAIN, sore, bruised, tender, morning","dios(1), fago(1), myric(1), nat-a(1), sars(1)"
258,2,"PAIN, sore, bruised, tender, afternoon","dios(1), fago(1), nat-m(1)"
258,3,"PAIN, sore, bruised, tender, afternoon, 4 p.m.",lyc(1)
258,2,"PAIN, sore, bruised, tender, evening","am-br(1), calc-s(1), cinnb(1), com(1), dios(1), gels(2), nat-p(1), stry(1), zinc(1)"
258,3,"PAIN, sore, bruised, tender, evening, walk, after a",sep(3)
258,2,"PAIN, sore, bruised, tender, night","bry(2), cocc(2), dios(1), gels(1)"
258,2,"PAIN, sore, bruised, tender, air agg.",chel(2)
258,2,"PAIN, sore, bruised, tender, air, cold","chel(1), sil(2), zinc(1)"
258,2,"PAIN, sore, bruised, tender, bending head down",chel(1)
258,2,"PAIN, sore, bruised, tender, blow, from",symph(3)
258,2,"PAIN, sore, bruised, tender, chill, during",tub(2)
258,2,"PAIN, sore, bruised, tender, cold applications amel.","chel(1), puls(2), sulph(1)"
258,2,"PAIN, sore, bruised, tender, foreign body, as from","gels(1), hura(1)"
258,2,"PAIN, sore, bruised, tender, light agg.",chel(2)
258,2,"PAIN, sore, bruised, tender, menses, during",zinc(2)
258,2,"PAIN, sore, bruised, tender, motion, during","carb-s(1), cupr(2)"
258,2,"PAIN, sore, bruised, tender, moving the lids","bry(3), glon(1), nat-a(1)"
258,3,"PAIN, sore, bruised, tender, moving the lids, eyes","agar(1), bapt(2), bry(3), carb-s(2), carb-v(2), com(2), crot-t(2), cupr(2), gels(1), nat-a(1), nat-m(2), phos(1), phys(2), pic-ac(2), rhus-t(3), stict(2), tub(3)"
258,2,"PAIN, sore, bruised, tender, opening, on",sil(1)
258,2,"PAIN, sore, bruised, tender, pressing amel.","chel(2), hyos(1)"
258,2,"PAIN, sore, bruised, tender, reading, while","croc(2), kali-bi(2), nat-a(1), nat-p(1)"
258,2,"PAIN, sore, bruised, tender, extending into the head",hep(2)
258,2,"PAIN, sore, bruised, tender, canthi","apis(2), arg-n(1), carb-v(2), cham(2), graph(3), nat-m(2), nux-v(2), phos(1)"
258,3,"PAIN, sore, bruised, tender, canthi, inner","bry(1), nux-v(2), podo(1), puls(2), sep(1), zinc(3)"
258,3,"PAIN, sore, bruised, tender, canthi, outer","ant-c(3), bor(1), calc-ac(1), cham(1), fago(1), form(1), kali-c(2), ran-b(2), rhus-t(1), sep(1), zinc(2)"
258,2,"PAIN, sore, bruised, tender, eyebrows",kali-c(2)
258,2,"PAIN, sore, bruised, tender, lids","bell(1), cham(1), chim(1), cob(1), dios(1), euphr(2), form(1), kali-a(1), kali-bi(1), kalm(1), lith(1), lyc(1), merc(1), myric(1), nat-p(1), phys(2), phyt(1), pic-ac(1), plb(1), psor(1), sil(1), verat(1)"
258,2,"PAIN, sore, bruised, tender, closing, on","phyt(1), rhus-t(1)"
258,2,"PAIN, sore, bruised, tender, cold air, in",rhus-t(1)
258,2,"PAIN, sore, bruised, tender, denuded, as if","cham(1), psor(2)"
258,2,"PAIN, sore, bruised, tender, rubbed, as if",verat(1)
258,2,"PAIN, sore, bruised, tender, margins of","acon(2), apis(2), bor(2), kalm(1), nux-v(2), spig(1)"
258,3,"PAIN, sore, bruised, tender, margins of, morning","nux-v(1), sulph(2), valer(1)"
258,2,"PAIN, sore, bruised, tender, splinter, as from a","med(1), nit-ac(1), tarent(1)"
258,1,"PAIN, stitching","acon(2), aesc(1), agar(1), all-c(1), alum(1), am-c(1), anac(1), anan(1), ang(1), ant-c(1), apis(3), aran(1), arg-m(2), arg-n(2), arn(1), ars(1), ars-i(1), asaf(2), aspar(1), aur(1), aur-m(1), aur-m-n(1), bapt(1), bell(1), berb(2), bor(1), brom(2), bry(2), calad(1), calc(2), canth(1), carb-an(1), carb-s(1), caust(2), cham(2), chel(2), chin(1), cimic(2), cinnb(1), cist(1), cob(1), cocc(1), coloc(1), con(1), crot-h(1), crot-t(1), cycl(1), dig(2), dios(1), dros(1), dulc(2), eup-per(1), euphr(2), eupi(1), fago(1), ferr(1), ferr-i(1), ferr-p(1), form(1), gels(2), glon(2), graph(2), hell(2), hep(2), hyos(2), hyper(1), ign(1), iod(1), ip(2), kali-bi(2), kali-c(3), kali-chl(1), kali-i(1), kali-n(1), kali-p(2), kalm(2), lac-f(1), lach(2), laur(1), led(1), lith(2), lyc(2), lyss(1), mag-c(1), mag-m(2), manc(1), mang(1), meph(2), merc(2), merc-i-r(1), merl(1), mur-ac(2), naja(1), nat-a(1), nat-c(2), nat-m(2), nat-p(1), nat-s(1), nit-ac(2), nux-m(2), nux-v(2), ol-an(1), par(2), petr(2), ph-ac(1), phos(2), phys(1), phyt(1), pic-ac(1), plan(1), prun-s(3), psor(1), puls(2), rhus-t(3), rhus-v(1), sang(1), sec(1), sel(1), senec(2), seneg(1), sep(2), sil(2), sin-a(1), spig(3), spong(1), stann(1), staph(1), stram(1), stront(1), stry(1), sulph(3), tab(1), tarax(1), tarent(2), ter(1), thuj(2), til(1), verat(1), zinc(1)"
259,2,"PAIN, stitching, daytime",cimic(1)
259,2,"PAIN, stitching, right","dios(1), nat-m(1), phys(1), rhus-t(1)"
259,2,"PAIN, stitching, left","chim(1), chin(1), cimic(1), cist(1), croc(2), lac-f(1), mur-ac(2), spig(2), thuj(2), zinc(1)"
259,3,"PAIN, stitching, left, lying on left side",lac-f(1)
259,3,"PAIN, stitching, left, to right","croc(1), mur-ac(1)"
259,3,"PAIN, stitching, left, to vertex","phos(1), phyt(1)"
259,2,"PAIN, stitching, morning","arg-n(1), croc(1), crot-h(2), fago(1), ign(1), nat-ac(1), nux-v(2), sil(2), tarent(1), thuj(1)"
259,3,"PAIN, stitching, morning, waking, after",hell(1)
259,3,"PAIN, stitching, morning, 6 a.m.",arg-m(1)
259,2,"PAIN, stitching, forenoon","apis(1), ery-a(1)"
259,2,"PAIN, stitching, afternoon","dig(1), sin-n(1)"
259,3,"PAIN, stitching, afternoon, sitting, while",phos(1)
259,3,"PAIN, stitching, afternoon, walking, while",bell(1)
259,2,"PAIN, stitching, evening","bor(1), caust(2), crot-h(2), hep(1), kalm(2), lyc(3), merc(2), pic-ac(1), spong(1), stann(2), tarent(1), thuj(1)"
259,3,"PAIN, stitching, evening, bed, in",hipp(1)
259,3,"PAIN, stitching, evening, coryza, during",sep(1)
259,3,"PAIN, stitching, evening, light, when looking at",lyc(3)
259,3,"PAIN, stitching, evening, reading, while","caust(1), mill(1), pic-ac(1)"
259,2,"PAIN, stitching, night","acon(1), apis(2), caust(2), coloc(2), con(2), euphr(2), hep(1), merc(3), prun-s(1), rhus-t(1), spig(2), tarent(1), thuj(1), til(1)"
259,3,"PAIN, stitching, night, 10 p.m.",arg-n(1)
259,3,"PAIN, stitching, night, midnight",ars(1)
259,2,"PAIN, stitching, air, open","hep(2), kalm(1), phel(1), sil(2), spig(1)"
259,3,"PAIN, stitching, air, open, amel.","asaf(3), puls(2)"
259,2,"PAIN, stitching, alternating with pulsation",calc(1)
259,2,"PAIN, stitching, bed, in",arn(1)
259,2,"PAIN, stitching, burning",euphr(2)
259,2,"PAIN, stitching, candlelight, by","colch(2), sep(2)"
259,2,"PAIN, stitching, closing eyes","cimic(2), clem(1)"
259,2,"PAIN, stitching, coughing, when",seneg(2)
259,2,"PAIN, stitching, dinner, after","nat-c(1), ol-an(1)"
259,2,"PAIN, stitching, downward",hell(1)
259,2,"PAIN, stitching, eating, after",dig(1)
259,2,"PAIN, stitching, exerting them, after",staph(1)
259,2,"PAIN, stitching, headache, during","hipp(1), thuj(1)"
259,3,"PAIN, stitching, headache, during, after a",gels(1)
259,2,"PAIN, stitching, heat, during",kali-c(2)
259,2,"PAIN, stitching, house, in",phel(1)
259,2,"PAIN, stitching, iritis, in","asaf(2), merc(3), rhus-t(3), thuj(2)"
259,2,"PAIN, stitching, light, bright, in","amph(1), calc(2), cob(1), euphr(1), graph(1), iod(1), kali-c(2), lyc(1), merc(2), puls(2), thuj(1)"
259,2,"PAIN, stitching, looking fixedly","arund(1), lac-f(1)"
259,2,"PAIN, stitching, looking at anything, white or red, or at the sun",lyc(3)
259,2,"PAIN, stitching, lying down",dig(1)
259,3,"PAIN, stitching, lying down, amel.",cimic(1)
259,2,"PAIN, stitching, menses, during",calc(1)
259,2,"PAIN, stitching, motion","acon(3), asaf(2), brom(1), bry(2), gels(1), prun-s(2), rhus-t(1), spig(2), sulph(1), viol-t(1)"
259,3,"PAIN, stitching, motion, amel.","coloc(2), dros(1), dulc(3), phys(1), thuj(1)"
259,2,"PAIN, stitching, opening the eyes, on",ars(3)
259,2,"PAIN, stitching, pannus, in",apis(2)
259,2,"PAIN, stitching, pressure agg.",brom(1)
259,3,"PAIN, stitching, pressure agg., amel.","bry(2), coloc(2), kali-p(1), phys(1), tarent(1)"
259,2,"PAIN, stitching, pulsating","ars(2), calc(1), rhus-t(1)"
259,2,"PAIN, stitching, radiating from the eyes",spig(3)
259,2,"PAIN, stitching, reading, while","apis(2), carb-s(1), caust(1), kali-c(2), lac-f(1), nat-c(1), ph-ac(1), phyt(1), pic-ac(1), rhod(1), sel(1), sulph(2)"
260,2,"PAIN, stitching, rheumatic","bry(1), merc(2), rhus-t(2)"
260,2,"PAIN, stitching, shaking the head, on",puls(1)
260,2,"PAIN, stitching, sleep, on going to",phos(3)
260,2,"PAIN, stitching, stool, after",carb-s(1)
260,2,"PAIN, stitching, stooping agg.","brom(1), coloc(1)"
260,2,"PAIN, stitching, storm, before","cedr(2), rhod(2), sil(2)"
260,2,"PAIN, stitching, sudden",sil(1)
260,2,"PAIN, stitching, sunlight","calc(2), graph(1), puls(2)"
260,2,"PAIN, stitching, swallowing",tarent(1)
260,2,"PAIN, stitching, talking, while",bry(1)
260,2,"PAIN, stitching, walking in a warm room amel.",coloc(2)
260,2,"PAIN, stitching, warmth",arn(2)
260,3,"PAIN, stitching, warmth, amel.","hep(2), ign(2), sil(2), thuj(1)"
260,2,"PAIN, stitching, warm weather agg.",sulph(2)
260,2,"PAIN, stitching, washing, while",mur-ac(2)
260,2,"PAIN, stitching, wet weather",rhus-t(1)
260,2,"PAIN, stitching, writing, while","cob(1), lyc(1), phyt(2)"
260,2,"PAIN, stitching, extending backward","bell(1), berb(1), cinnb(1), graph(1), hyper(1), lac-f(1), rhus-t(1), sep(1), spig(3)"
260,3,"PAIN, stitching, extending backward, forward",spig(1)
260,3,"PAIN, stitching, extending backward, head, to top of","cimic(1), lach(2), phyt(1)"
260,3,"PAIN, stitching, extending backward, inward","asaf(2), caust(2), cimic(2), cinnb(1), coloc(2), lac-f(1), phos(1), phyt(1), prun-s(3), rhus-t(3), spig(3), stram(1), syph(1)"
260,3,"PAIN, stitching, extending backward, occiput","bell(2), dios(1), ign(2), lac-f(1), lach(2), prun-s(2), rhus-t(1), uran(1)"
260,3,"PAIN, stitching, extending backward, outward","asaf(3), bell(2), cadm(1), camph(2), cocc(1), dros(1), kali-bi(2), mur-ac(2), nat-c(2), rhod(1), senec(1), spig(2), thuj(2)"
260,3,"PAIN, stitching, extending backward, side of head",tarent(1)
260,3,"PAIN, stitching, extending backward, temples","kali-p(1), lach(2)"
260,2,"PAIN, stitching, about the eyes","acon(1), aeth(1), cinnb(1), coloc(1), hura(1)"
260,3,"PAIN, stitching, about the eyes, encircles",cinnb(1)
260,2,"PAIN, stitching, canthi","agar(1), alum(1), ant-t(1), arg-m(1), bar-c(1), berb(1), brom(1), calc(1), chel(1), con(1), laur(1), nat-m(1), ph-ac(1), puls(2), ruta(1), sulph(1), verat(1)"
260,3,"PAIN, stitching, canthi, inner","agar(1), alum(1), ant-t(1), arg-m(1), arg-n(1), arn(1), aur(2), aur-m-n(1), bar-c(1), bell(2), brom(1), calc(2), cann-i(1), carb-an(1), chel(1), cinnb(2), clem(1), con(2), elaps(1), elat(1), eug(1), fl-ac(1), graph(2), grat(1), indg(1), led(1), mag-m(1), mag-s(1), nat-m(1), nat-p(1), nat-s(1), petr(2), phos(1), plan(1), puls(2), sang(1), sol-n(1), spig(1), staph(1), sulph(1), thuj(2), zinc(3)"
260,4,"PAIN, stitching, canthi, inner, morning","carb-an(1), eug(1), phos(1)"
260,5,"PAIN, stitching, canthi, inner, morning, open air",phos(1)
260,4,"PAIN, stitching, canthi, inner, evening","puls(2), sulph(1)"
260,3,"PAIN, stitching, canthi, outer","aur-m-n(1), bar-c(1), cinnb(1), euphr(1), kali-c(1), laur(1), mur-ac(1), nat-m(1), nicc(1), ol-an(1), op(1), petr(1), spong(1), staph(1), sulph(2), thuj(2)"
260,2,"PAIN, stitching, eyebrows","bov(1), mang(1), petr(1), thuj(1), zinc(1)"
260,2,"PAIN, stitching, lachrymal duct",all-c(1)
260,1,"PAIN, stinging","apis(3), calc(2), caust(2), crot-t(2), mag-s(1), meph(1), nat-c(1), nit-ac(1), puls(2), spong(1), tarent(1), thuj(1)"
260,2,"PAIN, stinging, about the eyes","aesc(1), spong(1)"
260,2,"PAIN, stinging, canthi","apis(2), asar(1), carb-an(1), ran-s(1), spong(1)"
260,2,"PAIN, stinging, lids","apis(2), aur(2)"
260,1,"PAIN, tearing","acon(1), aeth(1), agar(1), all-c(1), am-m(1), ambr(1), anac(2), ant-t(1), apis(1), arn(2), ars(2), asar(1), aur(1), aur-m(1), bar-c(1), bell(1), berb(1), bor(1), bov(1), bry(1), cadm(1), calc(2), canth(1), carb-s(1), carb-v(1), caust(1), cham(2), chel(2), chin-s(2), cic(1), cob(1), cocc(2), colch(2), coloc(2), con(1), croc(1), crot-h(2), dros(1), gran(1), grat(1), hyos(2), hyper(1), ip(2), kali-ar(1), kali-c(2), kali-n(1), kali-p(1), kali-s(1), kreos(1), led(1), lyc(2), mag-c(1), med(1), merc(3), merc-c(1), mez(2), nat-s(1), nicc(1), nux-v(2), paeon(1), par(1), phos(2), plb(1), prun-s(2), puls(3), rhus-t(1), ruta(1), sep(1), sil(2), spong(1), squil(1), sulph(1), tax(1), thuj(1), valer(1), verat(2), zinc(1)"
260,2,"PAIN, tearing, right","ambr(1), bov(1), colch(1), croc(1), gran(1), mag-c(1), prun-s(2)"
260,2,"PAIN, tearing, left","caust(1), chel(2), coloc(1), nicc(1), sulph(1), thuj(1)"
260,2,"PAIN, tearing, morning","crot-h(2), mag-c(1), mag-s(1)"
260,3,"PAIN, tearing, morning, walking, while",anac(1)
260,2,"PAIN, tearing, forenoon",kreos(1)
260,2,"PAIN, tearing, noon",chin-s(1)
260,2,"PAIN, tearing, afternoon","bor(1), calc(1), lyc(1), phos(1), sep(1)"
260,3,"PAIN, tearing, afternoon, 2 p.m.","lyc(1), sep(1)"
260,2,"PAIN, tearing, evening","calc(1), chel(2), coloc(1), crot-h(1), hyper(1), kali-c(1), nat-m(1), thuj(1)"
260,3,"PAIN, tearing, evening, after lying down","chel(1), cocc(1)"
260,2,"PAIN, tearing, night","coloc(1), kali-c(2), merc(3), nux-v(1), plb(2), rhus-t(1)"
260,3,"PAIN, tearing, night, around eyes agg.","acon(2), coloc(1)"
260,3,"PAIN, tearing, night, bed, in",merc(3)
261,3,"PAIN, tearing, night, waking him",nux-v(2)
261,2,"PAIN, tearing, bed, in, agg.","arn(1), mag-c(1), mag-s(1), merc(3)"
261,2,"PAIN, tearing, closing eyes",sil(1)
261,2,"PAIN, tearing, covering, with hand amel.",aur-m(1)
261,2,"PAIN, tearing, damp weather",merc(2)
261,2,"PAIN, tearing, light, on looking at the","ars(2), aur-m(2)"
261,2,"PAIN, tearing, menses, during",coloc(2)
261,2,"PAIN, tearing, paroxysmal","chin-s(1), nicc(1), sil(2)"
261,2,"PAIN, tearing, periodic","aur-m(1), chin-s(1)"
261,2,"PAIN, tearing, warmth, while",anac(1)
261,2,"PAIN, tearing, warmth agg.",arn(1)
261,2,"PAIN, tearing, extending to brain",thuj(2)
261,3,"PAIN, tearing, extending to brain, forehead and cheeks",lyc(1)
261,3,"PAIN, tearing, extending to brain, occiput",colch(1)
261,3,"PAIN, tearing, extending to brain, teeth",chel(2)
261,3,"PAIN, tearing, extending to brain, temples","anac(1), chel(1), ip(1)"
261,3,"PAIN, tearing, extending to brain, zygoma",chel(2)
261,2,"PAIN, tearing, canthi, in","chin(1), nat-m(1)"
261,3,"PAIN, tearing, canthi, in, inner","calc-caust(1), kali-n(1), nat-c(1), nicc(1), rat(1)"
261,2,"PAIN, tearing, eyebrows","bell(1), cocc(2), eupho(1), kali-c(1), thuj(2), zinc(1)"
261,2,"PAIN, tearing, lachrymal gland",staph(1)
261,0,PANNUS,"apis(2), arg-n(3), aur(2), bar-c(2), calc(2), caust(2), euphr(2), graph(2), hep(2), kali-bi(1), kali-c(1), merc(1), merc-i-f(2), merc-i-r(2), merl(1), nit-ac(2), petr(1), rhus-t(1), sep(1), sil(1), sulph(2)"
261,0,PARALYSIS of iris,"ars(3), kali-bi(1), par(2)"
261,0,PARALYSIS of lids,"alum(2), ars(2), bapt(1), bar-m(1), bell(1), cadm(2), cocc(2), con(2), graph(2), guare(2), hydr-ac(1), merc-i-f(2), nat-a(1), nit-ac(1), op(1), plb(2), puls(1), sep(3), spig(3), stram(1), verat(2), vip(1), zinc(1)"
261,1,"PARALYSIS of lids, upper","alum(2), apis(1), arn(1), ars(2), bufo(1), cadm(2), caust(3), chlol(1), cina(1), cocc(2), con(2), crot-c(1), crot-h(1), cur(1), dulc(2), eupho(2), gels(3), graph(2), led(2), lyss(1), mag-p(2), med(2), merl(2), morph(2), naja(1), nat-a(1), nat-c(1), nit-ac(3), nux-m(2), op(1), phos(2), plb(2), rhus-t(3), sec(2), sep(3), spig(3), stann(1), syph(2), verat(2), zinc(2)"
261,2,"PARALYSIS of lids, upper, right","alum(1), apis(2), cur(2), mag-p(1), phys(1), rhus-t(1), sulph(1)"
261,2,"PARALYSIS of lids, upper, left","nux-v(1), plb(1)"
261,2,"PARALYSIS of lids, upper, morning",nit-ac(2)
261,2,"PARALYSIS of lids, upper, cold, from","caust(3), rhus-t(2)"
261,2,"PARALYSIS of lids, upper, injury, after",led(2)
261,1,"PARALYSIS of lids, of muscles of eyeball","caust(3), con(2), euphr(2), gels(3), kali-i(1), merc-i-f(1), nat-m(2), nux-v(3), rhus-t(2), seneg(2)"
261,2,"PARALYSIS of lids, of muscles of eyeball, external recti","caust(2), chel(1), gels(1), kali-i(2), sulph(1)"
261,3,"PARALYSIS of lids, of muscles of eyeball, external recti, internal recti","agar(2), alum(1), con(2), graph(1), jab(2), lil-t(1), merc-i-f(1), morph(3), nat-m(3), phos(1), rhod(1), ruta(2), seneg(2)"
261,3,"PARALYSIS of lids, of muscles of eyeball, external recti, superior oblique","arn(2), cupr(1), seneg(2), syph(2)"
261,2,"PARALYSIS of lids, of muscles of eyeball, ciliary","acon(2), arg-n(2), con(2), dub(2), gels(1), graph(1), kali-br(1), nat-m(1), nux-v(1), par(1), phys(1), ruta(3), seneg(1)"
261,1,"PARALYSIS of lids, optic nerve, amaurosis","anac(1), anan(1), arg-m(2), arg-n(1), ars(2), aur(1), aur-m(2), aur-m-n(2), bar-c(1), bell(3), both(1), bov(2), bry(1), bufo(1), calc(2), caps(1), caust(2), chel(2), chin(2), chin-a(1), cic(2), cocc(1), con(3), croc(1), dig(1), dros(1), dulc(1), elaps(2), euphr(1), ferr(2), ferr-ar(1), fl-ac(1), gels(3), guai(1), hyos(2), kali-ar(1), kali-c(1), kali-i(3), kali-p(1), kali-s(2), laur(1), lyc(2), meny(2), merc(2), nat-a(1), nat-c(1), nat-m(3), nat-p(1), nit-ac(1), nux-v(2), olnd(1), op(2), petr(1), ph-ac(2), phos(3), plb(2), psor(2), puls(3), rhus-t(2), ruta(2), sec(3), sep(2), sil(3), spig(1), staph(1), stram(3), sulph(3), syph(1), thuj(2), verat(1), vib(1), zinc(2)"
261,2,"PARALYSIS of lids, optic nerve, amaurosis, right",bov(2)
261,3,"PARALYSIS of lids, optic nerve, amaurosis, right, then left",chin(2)
261,0,PHOTOMANIA,"acon(2), am-m(1), bell(3), calc(1), gels(3), lac-c(2), ruta(1), stram(3), valer(1)"
261,1,"PHOTOMANIA, delirium, with",calc(1)
261,0,PHOTOPHOBIA,"acon(3), aeth(1), agar(1), agn(2), ail(2), all-c(2), alum(2), am-c(1), am-m(1), anac(1), anan(2), ant-c(1), ant-t(2), apis(2), arg-n(3), arn(2), ars(3), arum-t(2), arund(1), asar(2), aster(1), aur(2), aur-m(2), aur-s(1), bapt(1), bar-c(3), bar-m(2), bell(3), berb(1), bor(1), brom(1), bry(2), bufo(1), cact(1), calc(3), calc-p(2), calc-s(1), camph(1), cann-i(1), carb-ac(1), carb-s(3), cast(1), caust(2), cedr(1), cere-b(1), cham(2), chel(2), chin(3), chin-a(2), chin-s(2), cic(2), cimic(1), cina(1), cinnb(1), clem(2), coff(2), coloc(1), con(3), croc(2), crot-h(2), crot-t(2), dig(2), dros(1), elaps(1), eup-per(2), euphr(3), ferr-i(1), gamb(1), gels(2), glon(2), graph(3), hell(2), hep(2), hyos(2), ign(2), ip(1), kali-ar(2), kali-bi(2), kali-c(2), kali-i(1), kali-n(2), kali-p(2), lac-c(3), lac-d(2), lach(2), lact-ac(2), led(2), lil-t(2), lith(2), lyc(3), lyss(1), mag-c(1), mag-p(2), mag-s(1), merc(3), merc-c(2), merc-i-f(2), merl(2), mosch(1), mur-ac(1), nat-a(2), nat-c(2), nat-m(3), nat-p(1), nat-s(3), nicc(1), nit-ac(1), nux-m(1), nux-v(3), op(3), petr(1), ph-ac(1), phos(2), phyt(2), psor(2), puls(2), rhus-t(3), sanic(2), sec(1), seneg(1), sep(2), sil(2), sol-n(1), spig(2), staph(1), stram(2), sul-ac(1), sulph(3), sumb(2), tab(2), tarax(1), tarent(2), ther(1), tub(2), verat(2), zinc(2), ziz(1)"
262,1,"PHOTOPHOBIA, morning","am-c(1), am-m(1), ant-c(2), calc(2), kali-n(1), nat-s(2), nux-v(3), phyt(1), sil(1), verat(1)"
262,2,"PHOTOPHOBIA, morning, rising, on",calc(1)
262,2,"PHOTOPHOBIA, morning, waking, on","lach(2), rhus-v(1)"
262,1,"PHOTOPHOBIA, afternoon",zing(1)
262,1,"PHOTOPHOBIA, evening","arund(1), bor(1), calc(3), carb-an(1), caust(2), eug(1), euphr(2), lyc(2), merc(2), ph-ac(1), sil(1), stram(1), sumb(1), zinc(2), zing(1)"
262,2,"PHOTOPHOBIA, evening, 6 to 8",caust(3)
262,1,"PHOTOPHOBIA, night","con(1), gels(1)"
262,2,"PHOTOPHOBIA, night, midnight to 3 a.m.",chin-a(1)
262,1,"PHOTOPHOBIA, artificial light","agar(1), arg-n(2), aster(1), bor(1), calc(2), calc-p(1), cast(1), chel(1), coff(1), con(2), crot-h(2), cupr(1), dros(1), euphr(2), gels(1), ip(2), lac-d(2), lith(1), merc(2), nat-m(2), phos(1), puls(2), stram(1), sulph(2)"
262,1,"PHOTOPHOBIA, blue light",tab(1)
262,1,"PHOTOPHOBIA, chill, during","acon(1), apis(1), ars(1), bell(3), bor(1), cham(1), hep(1), lyc(1), nux-v(1), rhus-t(1), sep(1)"
262,1,"PHOTOPHOBIA, chronic","aeth(1), nat-s(2), sil(2)"
262,1,"PHOTOPHOBIA, coition, after","apis(1), calc(1), chin(2), graph(2), kali-c(3), kali-p(1), phos(1), sep(1), sil(1)"
262,1,"PHOTOPHOBIA, crusts are torn from nose, if",kali-bi(2)
262,1,"PHOTOPHOBIA, daylight","acon(2), ant-c(1), ars(3), bell(1), berb(1), bry(2), camph(1), cast(1), caust(2), chin(3), cic(2), clem(2), con(2), euphr(2), graph(3), hell(1), hep(2), ign(2), kali-ar(1), kali-bi(2), kali-c(2), kali-s(1), lac-c(1), lith(2), lyc(2), merc(2), merc-c(1), merc-sul(1), nat-a(2), nat-c(1), nit-ac(1), nux-v(1), petr(1), ph-ac(1), phos(2), psor(1), sars(2), sep(1), sil(1), stram(1), sulph(2), zinc(2)"
262,2,"PHOTOPHOBIA, daylight, more than gaslight","graph(2), kali-bi(1)"
262,2,"PHOTOPHOBIA, daylight, only","kali-bi(2), nit-ac(1)"
262,2,"PHOTOPHOBIA, daylight, desires lamplight",stram(1)
262,1,"PHOTOPHOBIA, dinner, after",calc(2)
262,1,"PHOTOPHOBIA, fire, light of",merc(3)
262,1,"PHOTOPHOBIA, foggy weather, in",cic(1)
262,1,"PHOTOPHOBIA, gaslight","asc-t(1), calc-p(2), graph(2), med(2), merc(3), sulph(2)"
262,1,"PHOTOPHOBIA, headache, during","ferr-p(2), kali-p(1), nat-s(3), tarent(1)"
262,1,"PHOTOPHOBIA, inflammation, without","con(3), hell(1)"
262,1,"PHOTOPHOBIA, menses, during","ferr-p(1), ign(1)"
262,1,"PHOTOPHOBIA, onanism, after",cina(1)
262,1,"PHOTOPHOBIA, rage, during","acon(2), ars(1), bell(3), hyos(1), merc(1), nux-v(1), phos(1), puls(1), stram(3)"
262,1,"PHOTOPHOBIA, snow, from","ant-c(1), ars(3)"
262,1,"PHOTOPHOBIA, straining the eyes, after",arg-n(3)
262,1,"PHOTOPHOBIA, sunlight","acon(3), ars(2), asar(2), berb(1), bry(2), calc(1), camph(1), cast(1), chin(3), cic(2), clem(2), euphr(2), graph(3), hep(2), ign(2), kali-ar(2), lac-c(2), lith(2), merc(2), merc-c(1), merc-sul(2), petr(1), ph-ac(1), phos(2), sulph(3), zinc(1)"
262,1,"PHOTOPHOBIA, sweat during, sun's light",sulph(1)
262,1,"PHOTOPHOBIA, walking in open air","clem(2), psor(2)"
262,2,"PHOTOPHOBIA, walking in open air, amel.",gamb(2)
262,1,"PHOTOPHOBIA, warm room agg.",arg-n(3)
262,1,"PHOTOPHOBIA, warm weather",sulph(1)
262,0,POLYPUS (See Tumors),
262,0,PROTRUSION,"acet-ac(1), acon(2), aeth(2), aloe(1), arn(1), ars(2), ars-i(2), aur(2), bar-c(2), bell(3), brom(1), cact(2), calc(1), calc-p(1), camph(2), canth(2), caps(1), cedr(1), cham(2), chin(1), chlor(1), cic(2), clem(2), cocc(2), colch(1), coloc(2), com(3), con(1), crot-h(1), cupr(1), dig(1), dor(1), dros(2), dulc(1), ferr(2), ferr-ar(2), ferr-i(3), ferr-p(2), fl-ac(1), glon(2), guai(3), gymn(1), hep(2), hydr-ac(1), hyos(2), ign(2), iod(2), kali-ar(1), kali-i(1), kreos(2), lac-c(1), lach(2), lact-ac(1), laur(2), morph(1), mosch(1), nat-m(3), nux-v(2), oena(1), op(2), phos(2), plat(2), puls(2), rhus-t(1), sang(1), sant(1), spig(1), spong(2), stann(2), stram(3), stry(1), sul-ac(1), sulph(1), tab(1), thuj(1), verat(2), vip(1)"
262,1,"PROTRUSION, right eye more than left",com(3)
262,1,"PROTRUSION, exophthalmus","aml-n(1), ars(1), aur(2), bad(1), bar-c(2), bell(1), cact(1), calc(2), con(1), crot-h(1), dig(1), ferr(3), ferr-i(3), ign(2), iod(3), lycps(2), nat-m(2), phos(2), sec(3), spong(2)"
262,1,"PROTRUSION, sensation of","bell(1), bry(1), daph(1), ham(1), med(2), par(3)"
262,2,"PROTRUSION, sensation of, canthi, in",euphr(1)
262,0,PTERYGIUM,"am-br(2), arg-n(2), ars(2), ars-m(2), calc(2), chim(1), euphr(2), form(2), lach(2), nux-m(2), psor(2), rat(2), spig(1), sulph(2), tell(1), zinc(2)"
262,1,"PTERYGIUM, of a pink color",arg-n(2)
262,0,PUCKERED conjunctiva (See Wrinkled),
262,0,"PULLING sensation (See Pain, drawing)","crot-t(1), mur-ac(1), raph(1), sep(1)"
262,0,PULSATION in eyes,"ammc(1), apis(1), ars(2), asaf(1), asar(1), aur-s(1), bell(3), benz-ac(1), brom(1), bry(1), bufo(1), calc(2), cast(1), chel(2), clem(1), coloc(2), gels(2), glon(1), hep(2), hyos(2), lil-t(1), lith(1), lyss(1), mang(1), merc(2), merc-i-f(2), nux-v(2), petr(1), phys(1), pic-ac(1), rheum(1), seneg(1), sil(2), stram(1), tarent(1), ter(1), ther(1)"
263,1,"PULSATION in eyes, morning",nux-v(2)
263,2,"PULSATION in eyes, morning, lying down",nux-v(1)
263,1,"PULSATION in eyes, evening","cycl(1), kreos(1)"
263,1,"PULSATION in eyes, night","ars(1), asaf(3), merc(3), merc-i-f(2)"
263,1,"PULSATION in eyes, midnight, after",ars(2)
263,1,"PULSATION in eyes, alternating with stitching pain",calc(1)
263,1,"PULSATION in eyes, paroxysmal","calc(1), sil(2)"
263,1,"PULSATION in eyes, reading, while",ammc(1)
263,1,"PULSATION in eyes, around the eyes",ars(2)
263,1,"PULSATION in eyes, upper lids",stry(1)
263,0,PUPILS contracted,"acon(2), aesc(1), agar(1), anac(2), ant-t(1), apis(2), arg-m(1), arn(2), ars(2), aur(2), bell(2), calc(2), camph(2), canth(1), caps(1), carb-ac(1), carb-s(1), cham(1), chel(2), chin-s(2), cic(1), cocc(1), con(1), crot-t(1), daph(2), dig(2), dros(1), euphr(2), fl-ac(1), gamb(1), gels(1), gins(2), haem(1), hell(2), hyos(2), ign(1), jab(1), kali-bi(1), kali-i(1), led(1), mang(1), merc(2), merc-c(2), mez(2), mur-ac(2), nat-m(2), nux-m(2), nux-v(1), ol-an(1), op(3), ph-ac(1), phos(1), phys(2), phyt(1), plb(2), podo(1), puls(2), rheum(1), rhus-t(2), sabad(1), samb(1), sec(1), seneg(1), sep(2), sil(1), sol-n(1), squil(1), stann(2), stram(1), sul-ac(1), sulph(1), tab(1), thuj(3), tub(1), verat(2), zinc(2)"
263,1,"PUPILS contracted, right","arg-n(2), onos(1), verat-v(1)"
263,2,"PUPILS contracted, right, left","arg-m(2), tarent(2)"
263,3,"PUPILS contracted, right, left, right dilated","colch(1), lyss(1), rhod(1), tarent(2)"
263,2,"PUPILS contracted, right, chill, during","bell(1), caps(1), nux-v(1), sep(1), sil(1), sulph(1)"
263,2,"PUPILS contracted, right, heat, during","acon(1), arn(1), ars(1), bell(1), cham(1), cocc(1), gels(2), hyos(1), mur-ac(1), nux-v(1), phos(1), sec(1), stram(1), verat(1)"
263,2,"PUPILS contracted, right, one, the other dilated","cadm(1), rhod(1), tarent(1)"
263,2,"PUPILS contracted, right, perspiration","bell(1), cham(1), cocc(1), mez(1), mur-ac(1), phos(1), puls(1), sep(1), sil(1), sulph(1), thuj(1), verat(1)"
263,1,"PUPILS contracted, alternately contracted and dilated in the same light","acet-ac(1), acon(2), am-c(1), anac(1), ars(1), bar-c(2), cann-s(1), carb-ac(2), cic(1), cycl(1), dig(1), dros(1), dulc(1), hell(2), lach(2), oena(1), phys(2), sol-n(1), zinc(1)"
263,1,"PUPILS contracted, angular","acon(1), bar-c(1), cocc(2), hyos(1), merc-c(1)"
263,1,"PUPILS contracted, contract, difficult to",nit-ac(1)
263,1,"PUPILS contracted, dilated","acet-ac(1), acon(2), aesc(1), aeth(2), agar(2), agn(2), ail(2), alumn(1), anac(2), apis(2), arg-n(3), arn(2), ars(1), ars-i(1), arund(1), astac(1), bar-c(1), bar-m(2), bell(3), brom(1), bufo(1), cadm(1), cahin(1), calc(3), camph(2), caps(1), carb-an(2), carb-s(1), caust(1), cedr(2), chel(2), chin(3), chin-s(2), cic(2), cimic(1), cina(2), coca(1), cocc(2), coff(2), colch(2), coloc(2), con(2), cor-r(2), croc(2), crot-c(1), crot-h(1), crot-t(1), cycl(2), dig(2), dros(1), dulc(1), gels(3), glon(2), guai(2), hell(2), hep(1), hydr-ac(1), hyos(3), hyper(2), ign(1), iod(2), ip(1), kali-br(2), kali-i(2), kali-n(1), lach(1), lachn(1), lact(1), lact-ac(1), laur(2), led(2), lyc(1), lyss(1), mang(3), merc(2), merl(2), mosch(2), nat-a(1), nat-c(2), nat-p(2), nit-ac(2), nux-m(1), nux-v(2), op(2), ph-ac(2), phos(2), phys(1), phyt(1), pic-ac(1), puls(2), ran-b(1), raph(1), rhod(1), samb(1), sang(2), sars(1), sec(3), sol-n(1), spig(2), squil(1), staph(1), stram(3), stry(2), sulph(1), valer(1), verat(2), vib(1), zinc(1)"
263,2,"PUPILS contracted, dilated, right more than left","mang(1), ph-ac(2), plb(1), sil(1), tarent(2)"
263,2,"PUPILS contracted, dilated, left more than right","nat-a(1), urt-u(1)"
263,2,"PUPILS contracted, dilated, chill, during","aeth(1), apis(1), calc(1), carb-an(1), cham(1), cic(1), hyos(1), ip(1), lach(1), nux-m(1), op(1), stram(1)"
263,2,"PUPILS contracted, dilated, epilepsy, before","arg-n(3), bufo(2)"
263,2,"PUPILS contracted, dilated, heat, during","ail(1), apis(1), ars(1), bell(3), bufo(1), chin(1), cic(1), cina(1), cocc(1), colch(1), hell(1), hyos(1), lyc(1), merc(1), nux-v(1)"
263,2,"PUPILS contracted, dilated, menses, before",lyc(1)
263,3,"PUPILS contracted, dilated, menses, before, during",glon(1)
263,2,"PUPILS contracted, dilated, perspiration, during","acon(1), bell(1), bufo(1), calc(1), cina(1), cocc(1), hell(1), hep(1), hyos(1), op(1), stram(1)"
263,2,"PUPILS contracted, dilated, reading agg.",ph-ac(2)
263,2,"PUPILS contracted, dilated, stupor, during",sec(1)
263,2,"PUPILS contracted, dilated, toothache, during",mang(1)
263,1,"PUPILS contracted, insensible to light","aeth(1), agar(1), arg-n(1), arn(3), ars(1), aur-m(1), bar-c(2), bar-m(2), bell(3), bufo(1), cahin(1), camph(2), carb-ac(1), carb-an(1), carb-v(1), cedr(1), chel(2), chin(1), cic(2), colch(2), cupr(3), dig(2), dub(1), eupho(1), gels(1), hell(2), hep(1), hydr(1), hydr-ac(1), hyos(3), kali-bi(1), kali-br(2), kali-i(2), laur(1), merc(2), merc-c(2), naja(1), nit-ac(1), nux-m(1), op(3), ox-ac(1), par(1), phos(1), plat(2), ran-b(1), rhus-t(1), sol-n(1), stram(2), sul-ac(1), sulph(1), tab(1), ter(1), tub(2)"
263,1,"PUPILS contracted, irregular","acon(1), bar-c(1), chlor(1), cinnb(1), dub(1), hyos(1), nit-ac(1), plb(1), sil(1), sulph(1), tab(1)"
263,1,"PUPILS contracted, sluggish","bell(1), carb-s(1), cham(1), cupr(1), dig(1), hell(2), ip(1), jatr(1), merc(1), naja(1), nit-ac(1), phos(1), rumx(1), sec(1), seneg(1), sul-ac(1), tab(1), tax(1)"
263,1,"PUPILS contracted, unequal","bell(1), cadm(1), cann-i(1), chlor(1), colch(1), dig(1), lyss(1), mang(1), merc-c(1), morph(1), nat-p(1), plb(1), rhod(1), sulph(1), tarent(1)"
263,1,"PUPILS contracted, weak",spig(1)
264,0,PUSTULES on the cornea (See Inflammation),
264,0,QUIVERING,"alum(1), am-m(2), apis(2), aran(1), carb-v(1), con(1), fl-ac(1), glon(2), hyos(2), petr(1), phos(2), rat(2), rhus-t(1), sars(1), seneg(2), stann(1), zinc(1)"
264,1,"QUIVERING, right",sars(1)
264,1,"QUIVERING, left",alum(1)
264,1,"QUIVERING, evening",alum(1)
264,1,"QUIVERING, night","apis(2), berb(1)"
264,1,"QUIVERING, looking down, when",alum(1)
264,2,"QUIVERING, looking down, when, steady",seneg(2)
264,1,"QUIVERING, canthi",phos(1)
264,1,"QUIVERING, eyebrows","alum(1), caust(1), kali-c(1), ol-an(1), ruta(1), stront(1)"
264,1,"QUIVERING, lids","aesc(1), agar(3), alum(1), am-m(1), asaf(1), bell(3), berb(1), calc(3), carb-an(1), carb-s(2), carb-v(1), carl(2), caust(2), cic(3), cocc(2), con(1), croc(1), crot-c(2), crot-h(1), cupr(1), cur(2), grat(1), iod(2), merc(1), nat-m(2), nat-p(1), ol-an(2), par(1), petr(1), phel(1), phos(2), plat(2), rat(2), rhod(1), rhus-t(1), sabin(1), sars(1), sep(1), sil(1), stront(1), sulph(2), verat(2), zinc(1)"
264,2,"QUIVERING, lids, right","bell(1), nat-p(1), sars(1)"
264,3,"QUIVERING, lids, right, upper","alum(1), bell(1), calc(1), nat-m(1)"
264,1,"QUIVERING, left, upper","arum-t(3), berb(1), croc(2)"
264,1,"QUIVERING, painful",bell(1)
264,1,"QUIVERING, while reading by candlelight",berb(1)
264,0,REDNESS,"abrot(1), absin(1), acet-ac(1), acon(3), aeth(1), agar(3), ail(1), all-c(3), aloe(1), alum(1), am-c(1), ambr(1), aml-n(1), anac(1), ant-c(2), apis(3), apoc(1), arg-n(3), arn(2), ars(3), ars-h(1), ars-i(1), asaf(2), asar(1), aster(1), aur(2), aur-m(1), bad(1), bar-c(2), bar-m(3), bell(3), berb(2), bism(1), bov(1), bry(1), bufo(1), calad(1), calc(2), calc-p(2), calc-s(2), camph(1), cann-i(3), caps(2), carb-an(2), carb-h(1), carb-s(2), card-m(1), caust(2), cham(1), chel(2), chin(2), chin-s(1), chlol(2), cimic(2), clem(2), cob(1), coff(1), colch(2), coloc(1), con(1), cop(1), crot-h(2), crot-t(2), cupr(2), cycl(1), der(1), dig(2), dor(1), dros(1), elaps(1), euphr(3), fago(1), ferr(2), ferr-ar(2), ferr-i(1), ferr-p(2), glon(3), gran(1), graph(2), ham(2), hell(2), hep(2), hura(1), hyos(2), ign(2), iod(1), ip(2), iris(2), jab(1), jug-c(1), kali-ar(2), kali-bi(2), kali-br(2), kali-c(2), kali-chl(1), kali-i(2), kali-p(2), kali-s(3), kreos(1), lach(2), lact(1), led(1), lith(2), lyc(2), lyss(1), mag-c(2), mag-m(2), manc(1), meph(2), merc(1), merc-c(2), merl(2), mez(2), mur-ac(2), nat-a(2), nat-m(3), nat-p(1), nat-s(2), nicc(1), nit-ac(2), nux-v(3), oena(1), olnd(1), op(2), osm(1), paeon(1), ph-ac(1), phos(1), phyt(1), pic-ac(1), plb(2), podo(1), psor(2), puls(1), rhus-t(2), rhus-v(1), ruta(2), sant(1), sec(1), seneg(2), sep(2), sil(2), sol-n(1), spig(2), spong(2), staph(2), stram(3), stry(1), sul-ac(1), sulph(3), syph(1), tab(1), tarent(1), ter(1), teucr(2), thuj(2), verat(2), vesp(1), vip(1), xan(1), zinc(1), ziz(1)"
264,1,"REDNESS, daytime",sulph(2)
264,1,"REDNESS, morning","ambr(1), apoc(1), bry(1), caps(1), dios(1), fago(1), mez(2), nat-a(1), raph(1), rhus-t(2), sang(1), sep(1), sulph(3), valer(1)"
264,2,"REDNESS, morning, 4 a.m.",hyper(1)
264,2,"REDNESS, morning, 9 a.m. to 3 p.m.",meny(1)
264,1,"REDNESS, evening","apoc(1), dig(1), hyos(2), kali-chl(1), lyc(1)"
264,1,"REDNESS, air, open, amel.",arg-n(3)
264,1,"REDNESS, headache, before","phos(1), sulph(1)"
264,2,"REDNESS, headache, before, during","bell(1), cimic(2), glon(1), sulph(1)"
264,1,"REDNESS, injuries, after","acon(3), arn(2), euphr(2), hep(2), sil(2)"
264,1,"REDNESS, menses, before",glon(1)
264,2,"REDNESS, menses, before, during","acon(1), bell(1), cham(1), euphr(1), glon(1), hep(1), ign(1), merc(1), nux-v(1), puls(1), zinc(1)"
264,1,"REDNESS, reading, while","ammc(1), arg-n(3), lact(1), merl(2), nat-m(2)"
264,1,"REDNESS, sewing, while","arg-n(3), nat-m(3), ruta(2)"
264,1,"REDNESS, sexual excesses, after",staph(3)
264,1,"REDNESS, canthi","agar(1), arg-n(3), aur(2), bell(1), bor(2), bov(1), brach(1), bry(1), calc-s(2), crot-h(1), gran(1), iris(1), kali-bi(1), kali-n(1), mag-c(2), nat-m(2), nux-v(1), sil(1), sulph(3), tab(1), teucr(1), upa(1), zinc(1)"
264,2,"REDNESS, canthi, inner","arg-n(1), aur(1), calc-p(1), chel(1), graph(2), mag-c(1), nat-a(1), podo(1), rhus-t(1)"
264,2,"REDNESS, canthi, outer","ant-c(3), carb-s(1), nux-v(1), ran-b(1), sulph(2)"
264,1,"REDNESS, carunculæ",kali-c(1)
264,1,"REDNESS, lids","acon(2), ant-c(3), apis(3), arg-m(2), arg-n(3), ars(2), ars-i(1), aur(2), aur-m(2), bar-c(1), bar-m(1), bell(2), berb(1), bry(2), calc(2), cann-s(1), carb-s(2), caust(2), cham(1), chel(1), chin-s(2), cinnb(1), cocc(2), colch(1), com(1), crot-t(2), cupr(1), elaps(1), euphr(3), ferr(2), ferr-ar(2), ferr-i(1), ferr-p(1), gels(3), graph(2), hep(2), iod(1), kali-ar(2), kali-bi(1), kali-c(2), kali-i(3), lac-d(2), lyc(3), merc(3), merc-i-f(2), mur-ac(2), nat-m(2), nicc(1), nux-v(1), petr(3), plb(1), podo(1), psor(1), puls(2), rhod(1), rhus-t(2), rhus-v(1), sanic(1), sep(2), sil(1), sulph(2), tell(3), teucr(1), upa(1), vinc(1), zinc(1)"
264,2,"REDNESS, lids, morning","bry(1), sulph(3)"
264,2,"REDNESS, lids, night",merc(3)
264,2,"REDNESS, lids, menses, before",aur(1)
264,2,"REDNESS, lids, spots",berb(1)
265,2,"REDNESS, lids, edges of","arg-m(2), arg-n(2), ars(3), aster(1), bor(2), bufo(2), calc(1), carb-s(3), chel(2), coff(1), colch(2), coloc(2), con(2), eup-per(3), euphr(3), ferr-m(2), gels(2), graph(3), hura(1), ip(2), kali-bi(2), kali-s(2), kreos(1), lil-t(2), med(2), merc-c(2), nat-m(2), nux-m(1), nux-v(1), par(1), ph-ac(2), puls(2), rhus-t(2), sabad(1), sanic(1), stram(1), sulph(3), syph(1), upa(1), zinc(1)"
265,2,"REDNESS, lids, veins","acon(2), aeth(1), all-c(1), alumn(2), ambr(2), ant-t(2), apis(2), arg-n(2), ars(2), bar-m(1), bell(2), calc-p(2), camph(2), carb-s(2), caust(2), clem(2), con(1), crot-t(2), elaps(1), euphr(2), graph(2), hep(2), ign(1), kali-ar(1), kali-bi(2), kali-c(1), kali-i(2), kali-s(2), lach(2), lyc(2), meph(1), merc(2), merc-c(2), nat-a(3), nat-m(3), nat-p(1), onos(1), ph-ac(1), phos(1), sang(2), sil(1), spig(1), stram(2), sulph(1), ter(1)"
265,0,RESTLESS eyes,"bell(1), chin-s(2), kali-p(1), lyss(1), stram(2), stry(1), valer(1), verat(2)"
265,0,ROLLING (See Movement),
265,0,"ROUGH, cornea",sil(1)
265,1,"ROUGH, cornea, sensation on winking","ail(1), bell(1)"
265,0,"RUB, desire to","all-c(1), apis(1), bor(1), carb-ac(1), caust(2), con(2), croc(2), fl-ac(1), gymn(1), kali-bi(1), mez(2), morph(1), nat-c(1), op(2), plb(1), puls(2), rat(1), squil(2), sulph(2)"
265,0,SARCOMA (See Tumors),
265,0,SCROFULOUS affections,"aeth(1), am-br(2), apis(2), ars(1), aur(2), bell(1), calc(3), cann-s(2), caust(3), cham(2), chin-a(2), cist(1), con(2), dulc(2), euphr(3), ferr(1), graph(3), hep(2), mag-c(2), merc(1), nat-m(1), nux-v(2), puls(3), rhus-t(1), sulph(3), zinc(1)"
265,0,SENSITIVE to bathing,"clem(1), sulph(2)"
265,1,"SENSITIVE to bathing, brilliant objects","bell(3), bufo(1), canth(2), lyss(3), stram(2)"
265,1,"SENSITIVE to bathing, cold air","acon(3), cinnb(1), clem(1), hep(2), lac-c(2), merc(1), sil(2), thuj(2)"
265,2,"SENSITIVE to bathing, cold air, lids",acon(3)
265,1,"SENSITIVE to bathing, cold water","elaps(1), hep(2), sulph(2)"
265,1,"SENSITIVE to bathing, heat, to","apis(2), arg-n(2), caust(1), clem(1), con(1), merc(2), puls(1)"
265,1,"SENSITIVE to bathing, light (See Photophobia)",
265,0,"SHINING eyes (See Brilliant, Glassy)",
265,0,SICKLY look around the eyes,"cina(3), guare(1)"
265,0,SPARKLING (See Brilliant),
265,0,SPASMODIC (See Movement),
265,0,SPASMS of lids,"agar(1), alum(1), bell(2), calc(2), calc-p(1), camph(1), chin-a(1), croc(1), cupr(2), euphr(2), mag-p(2), merc-c(2), nat-m(2), nux-v(2), plat(1), plb(2), puls(2), ruta(1), sep(1), sil(1)"
265,1,"SPASMS of lids, night","alum(1), croc(1), merc-c(2)"
265,1,"SPASMS of lids, ciliary muscle","agar(1), arg-n(2), aur(1), aur-m(1), caust(1), gels(1), jab(2), morph(2), nat-m(1), nit-ac(1), nux-v(2), phys(1), puls(1), ruta(2), spig(1), sulph(1), tab(1)"
265,1,"SPASMS of lids, orbicularis palpebrarum","chin-a(1), mez(2)"
265,0,"SPOTS specks, etc., on the cornea","agar(1), alumn(1), apis(3), ars(2), aur(2), bar-c(1), bell(1), cadm(2), calc(3), calc-f(2), calc-p(2), cann-s(1), caust(2), chel(2), cina(1), colch(2), con(3), cupr(1), euphr(2), form(2), hep(2), kali-ar(1), kali-c(2), kali-s(1), lyc(1), merc(2), nat-m(2), nit-ac(2), nux-v(1), phos(1), psor(1), puls(2), rhus-t(1), ruta(2), seneg(2), sep(1), sil(2), spong(1), sulph(2), syph(2), thuj(1)"
265,1,"SPOTS specks, etc., on the cornea, bluish",colch(2)
265,2,"SPOTS specks, etc., on the cornea, bluish, brown",agar(1)
265,2,"SPOTS specks, etc., on the cornea, bluish, scars","apis(2), ars(2), cadm(1), con(1), euphr(1), kali-chl(1), merc(2), sil(2)"
265,2,"SPOTS specks, etc., on the cornea, bluish, humid spots, in outer canthi, pain if sweat touches them",ant-c(2)
265,2,"SPOTS specks, etc., on the cornea, bluish, white spots in canthi",colch(1)
265,2,"SPOTS specks, etc., on the cornea, bluish, yellow in white of eyes","agar(1), ph-ac(1)"
265,3,"SPOTS specks, etc., on the cornea, bluish, yellow in white of eyes, marked by a network of blood vessels on cornea",aur(3)
265,0,STAPHYLOMA,"alumn(2), apis(2), aur-m(2), bar-m(1), caust(2), chel(2), euphr(2), hep(2), lyc(2), nit-ac(2), sil(1), thuj(2)"
265,0,STARING,"acon(2), aeth(2), agar(2), am-c(1), anac(2), ant-t(2), arn(2), ars(2), ars-i(2), art-v(2), asar(1), atro(1), aur(1), bell(3), benz-n(1), bor(1), bov(2), brom(1), bry(1), calc(2), camph(2), cann-i(1), canth(2), carb-ac(1), carb-s(2), carb-v(1), caust(1), cham(2), chin(1), chin-s(2), chlor(2), cic(2), cina(1), clem(1), coca(1), cocc(2), colch(2), croc(2), crot-c(1), cupr(2), dor(1), eup-per(1), gels(1), glon(2), grat(1), guai(1), hell(2), hep(2), hydr-ac(1), hyos(3), hyper(2), ign(2), iod(3), ip(1), kali-ar(1), kali-bi(1), kali-c(1), kali-cy(2), kali-i(2), kali-n(1), kali-p(1), kalm(1), kreos(2), lach(1), lachn(1), laur(2), lyc(3), lyss(1), manc(1), med(1), merc(3), merc-c(1), mez(2), morph(1), mosch(1), mur-ac(1), naja(2), nat-a(1), nat-c(1), nat-p(1), nux-m(2), nux-v(2), oena(1), olnd(1), op(3), paeon(1), petr(1), ph-ac(2), phos(1), phyt(2), plat(1), plb(1), puls(1), ran-b(1), rhus-t(1), ruta(1), sang(1), sant(1), sec(3), seneg(1), sil(1), sol-n(1), spong(2), squil(2), stram(3), stry(2), sul-ac(1), sulph(1), tab(1), tarent(1), ter(1), verat(2), vip(1), zinc(2)"
266,1,"STARING, morning, in open air",nux-v(1)
266,1,"STARING, evening",chin(1)
266,2,"STARING, evening, bed, in",sil(1)
266,2,"STARING, evening, convulsions, during",ars(1)
266,2,"STARING, evening, waking, on",ip(2)
266,1,"STARING, night","corn(1), eup-pur(1)"
266,2,"STARING, night, sleep, during","ant-t(1), corn(1), op(1)"
266,1,"STARING, chill, during",calc(2)
266,1,"STARING, cold, after being",cic(1)
266,1,"STARING, headache, during","bell(3), glon(3), stram(3)"
266,1,"STARING, menses, before",puls(1)
266,1,"STARING, music, on listening to",tarent(1)
266,1,"STARING, pain in forehead, with",spig(1)
266,2,"STARING, pain in forehead, with, occiput",carb-v(2)
266,1,"STARING, sensation as though",med(1)
266,1,"STARING, sleeplessness, with",eup-pur(1)
266,1,"STARING, stupor, during","ars(1), hell(2)"
266,1,"STARING, sunstroke",glon(2)
266,1,"STARING, unconsciousness",caust(1)
266,1,"STARING, waking, on","arn(2), bell(1), ip(1), stram(1), zinc(2)"
266,2,"STARING, waking, on, suddenly","sec(1), zinc(2)"
266,0,STIFFNESS of eyeballs,"agar(1), ars(1), bar-m(1), calc(1), calc-p(1), camph(1), caust(1), crot-c(1), cupr-s(1), hep(1), kalm(3), nat-a(2), nat-m(3), onos(1), phos(1), seneg(1), spig(1), stry(1)"
266,1,"STIFFNESS of eyeballs, muscles about the eyes","agar(1), kalm(3), nat-m(2)"
266,1,"STIFFNESS of eyeballs, lids","apis(3), arum-d(1), camph(1), gels(1), kalm(3), nat-a(1), nux-m(2), rhus-t(2), sep(2), spig(2), verat(2)"
266,0,STRABISMUS,"agar(1), alum(2), alumn(1), ant-t(1), apis(3), arg-n(1), ars(1), bell(3), benz-n(1), bufo(1), calc(2), calc-p(1), cann-i(1), canth(2), chel(2), chin-s(2), cic(3), cina(2), con(2), cycl(3), gels(2), hell(2), hyos(2), jab(1), kali-br(2), kali-i(1), kali-p(1), lyc(2), lyss(1), mag-p(2), meny(1), merc(2), merc-c(2), morph(1), nat-a(1), nat-m(2), nat-p(1), nux-v(2), op(1), plb(1), psor(1), puls(1), spig(2), stram(2), sulph(1), tab(2), tub(1), verat(1), zinc(2)"
266,1,"STRABISMUS, alternate days",chin-s(2)
266,1,"STRABISMUS, convergent","cic(3), cina(1), cycl(3), jab(1), mag-p(1), nux-v(1)"
266,1,"STRABISMUS, divergent","agar(2), alum(1), coloc(2), con(2), graph(1), jab(2), lil-t(1), merc-i-f(1), nat-m(3), phos(1), rhod(1), ruta(1), seneg(1)"
266,1,"STRABISMUS, mental emotions or fear agg.","cic(2), nux-m(2), stram(1)"
266,1,"STRABISMUS, periodic","chin(1), chin-s(2), cic(3), jab(1), nux-v(2)"
266,1,"STRABISMUS, reading, while",tab(1)
266,1,"STRABISMUS, right turned in",alumn(1)
266,1,"STRABISMUS, left turned in","calc(2), cycl(2)"
266,0,STRICTURE of lachrymal duct,"arg-m(2), calc(1), euphr(1), fl-ac(2), graph(1), hep(1), nat-m(2), puls(2), rhus-t(2), sil(3)"
266,0,STYES,"alum(1), am-c(1), apis(2), aur(2), bry(1), cahin(1), carb-s(3), caust(1), chel(2), colch(1), con(3), cupr(1), elaps(1), ferr(1), ferr-p(1), graph(3), hep(1), jug-r(2), kali-p(1), lyc(3), mag-aust(1), meny(1), merc(2), nat-m(1), ph-ac(2), phos(1), psor(2), puls(3), rhus-t(2), seneg(1), sep(3), sil(2), stann(1), staph(3), sulph(3), thuj(2), valer(1)"
266,1,"STYES, right eye","am-c(1), cupr(1), ferr-p(1), nat-m(2)"
266,1,"STYES, left eye","bar-c(2), colch(1), elaps(1), hydr(1), hyper(2), staph(1)"
266,1,"STYES, induration from","calc(2), con(2), sep(3), sil(2), staph(3), thuj(2)"
266,1,"STYES, recurrent","alum(1), carb-s(1), con(2), graph(2), psor(2), sil(2), sulph(3)"
266,1,"STYES, canthi, inner","bar-c(1), nat-m(2), stann(1)"
266,2,"STYES, canthi, inner, toward inner","kali-c(1), lach(2), lyc(2), nat-m(2), petr(1), puls(1), sil(1)"
266,2,"STYES, canthi, inner, outer",aur-s(1)
266,1,"STYES, upper lid","am-c(1), bell(1), ferr(1), merc(1), ph-ac(2), puls(3), staph(1)"
266,1,"STYES, lower lid","colch(2), cupr(1), elaps(1), ferr-p(1), graph(2), hyper(2), kali-p(1), phos(2), puls(1), rhus-t(2), seneg(1)"
266,0,SUFFUSED (See Lachrymation),
266,0,SUGGILATIONS (See Ecchymosis),
266,0,SUNKEN,"acet-ac(1), aeth(2), agar(1), am-c(1), anac(2), ant-c(1), ant-t(3), arg-n(1), arn(2), ars(2), ars-i(1), aster(1), bar-m(1), bell(1), berb(2), bufo(2), cadm(1), calc(1), camph(2), canth(2), carb-s(2), carb-v(2), cedr(2), chel(1), chin(3), chin-a(1), chin-s(1), chlor(1), cic(1), cimic(1), cina(3), coc-c(1), coca(1), colch(2), coloc(2), crot-h(1), cupr(2), cur(2), cycl(2), dros(2), ferr(1), ferr-ar(1), ferr-p(1), glon(2), graph(2), haem(1), hell(1), iod(1), iris(2), kali-ar(1), kali-br(2), kali-c(2), kali-i(2), kali-p(1), kreos(2), lach(1), lith(1), lyc(2), merc(2), merc-c(1), morph(1), naja(1), nit-ac(1), nux-v(1), oena(1), olnd(1), op(2), ox-ac(1), petr(1), ph-ac(2), phos(2), phyt(1), plat(2), plb(1), podo(1), puls(3), raph(1), rob(1), sang(1), sec(3), sep(1), spong(2), stann(2), staph(2), stram(1), stry(1), sulph(2), tab(1), ter(1), teucr(1), thuj(1), til(1), upa(1), verat(2), vip(1), zinc(1)"
266,1,"SUNKEN, morning","elaps(1), zinc(1)"
266,1,"SUNKEN, forenoon","lyc(1), ox-ac(1)"
267,1,"SUNKEN, afternoon agg.",iod(1)
267,1,"SUNKEN, menses, during",cedr(2)
267,0,SWOLLEN,"acon(2), anac(3), apis(3), ars(2), atro(1), bapt(1), bar-c(1), bry(2), bufo(1), cann-i(1), carb-v(1), card-m(1), cedr(2), cham(2), chlol(3), coloc(1), croc(1), dulc(1), ery-a(1), fago(1), ferr(1), ferr-ar(1), gels(1), guai(3), hep(2), hura(1), ign(2), ip(2), jug-c(1), kali-c(2), kali-i(1), kali-p(1), lach(1), lyc(1), mag-c(2), mang(1), merc(1), nat-a(2), nit-ac(2), nux-v(2), oena(1), ol-j(1), par(1), phos(1), phys(1), plb(1), psor(1), puls(1), pyrog(1), raph(1), rhus-t(3), sars(1), sep(3), spig(1), stram(2), stry(1), til(1), vesp(1)"
267,1,"SWOLLEN, right",lyc(2)
267,1,"SWOLLEN, left",coloc(2)
267,1,"SWOLLEN, morning","bar-c(1), bry(1), cham(3), cocc(1), crot-h(2), cupr(1), myric(1), naja(1), sarr(1), sep(3), sil(1), sulph(3), uran(1)"
267,2,"SWOLLEN, morning, headache, after",coc-c(1)
267,2,"SWOLLEN, morning, waking, on","chel(1), kali-bi(1), mag-c(1), nat-a(1), nicc(1)"
267,1,"SWOLLEN, forenoon","bry(1), euphr(2), myric(1)"
267,1,"SWOLLEN, evening","hep(2), sep(1)"
267,1,"SWOLLEN, night",hep(2)
267,1,"SWOLLEN, sensation of swelling","bapt(1), calc(1), calc-p(1), cann-i(1), caust(1), guai(3), ham(1), mag-c(1), nat-a(1), phys(1), rhus-t(1), sarr(1), thuj(1)"
267,1,"SWOLLEN, around the eyes (See Face)",
267,1,"SWOLLEN, canthi","agar(1), aur(1), bell(1), bry(1), calc(3), merc(1), petr(1), sars(1), sil(1), stann(1)"
267,2,"SWOLLEN, canthi, inner","calc-p(1), petr(1), sars(1), sep(1)"
267,1,"SWOLLEN, carbuncles","agar(1), arg-n(3), cann-i(1), kali-c(2), zinc(1)"
267,1,"SWOLLEN, conjunctiva","apis(2), arg-n(2), ars(2), bell(1), bry(1), cadm(1), cedr(1), cham(1), chel(2), chlol(1), eupho(1), graph(2), ip(2), led(1), nat-a(1), nat-c(2), nat-m(1), nux-v(1), sep(1)"
267,2,"SWOLLEN, conjunctiva, dermoid","calc(2), nat-c(2), nat-m(2), thuj(1)"
267,1,"SWOLLEN, lachrymal canal","apis(1), bell(1), brom(1), calc(2), nat-m(2), petr(3), sil(2)"
267,2,"SWOLLEN, lachrymal canal, gland","agar(2), anan(1), graph(2), kali-i(1), sil(3)"
267,2,"SWOLLEN, lachrymal canal, sac","puls(3), sil(3)"
267,1,"SWOLLEN, lids","absin(1), acon(2), all-c(2), alum(1), anac(1), apis(3), arg-m(2), arg-n(3), arn(1), ars(3), ars-i(1), aur(1), bar-c(1), bar-m(2), bell(2), berb(1), bry(1), calc(2), carb-s(2), card-m(1), carl(2), caust(2), cham(1), chin-s(2), cinnb(1), colch(1), com(1), con(2), crot-t(2), cupr(1), cycl(2), dig(2), eupho(1), euphr(3), ferr(2), ferr-ar(2), ferr-i(2), ferr-p(2), gels(1), graph(2), ham(1), hep(2), hyos(1), ign(1), iod(1), ip(2), kali-ar(2), kali-bi(2), kali-c(1), kali-i(3), kali-p(1), kali-s(1), kreos(3), lach(1), lyc(2), mag-m(1), manc(1), mang(1), merc(3), merc-c(1), merc-i-f(1), mez(1), mur-ac(2), nat-a(3), nat-c(3), nat-m(2), nat-p(1), nat-s(1), nit-ac(3), nux-m(1), nux-v(2), op(1), petr(1), phos(2), phyt(2), plb(1), psor(2), puls(2), rhus-t(3), rhus-v(3), ruta(1), sanic(2), sec(1), seneg(2), sep(2), sil(1), spong(1), squil(1), stram(1), sul-ac(1), sulph(2), syph(1), tell(2), ter(1), thuj(2), urt-u(1), valer(1), verat(1), vesp(1), vip(1)"
267,2,"SWOLLEN, lids, hard and red","acon(1), thuj(1)"
267,2,"SWOLLEN, lids, menses, during","apis(1), cycl(1), kali-c(1)"
267,3,"SWOLLEN, lids, menses, during, suppressed","acon(1), arg-n(1), ars(2), calc(2), cycl(1), kali-c(2), merc(1), nux-v(1), rhus-t(1), sulph(1)"
267,2,"SWOLLEN, lids, œdematous","anac(1), apis(3), arg-n(2), arn(2), ars(3), ars-i(1), colch(1), crot-t(2), cycl(2), graph(2), iod(2), kali-ar(2), kali-bi(2), kali-c(3), kali-i(2), kali-p(1), merc-c(2), nat-a(2), phos(2), phyt(2), psor(2), puls(1), raph(1), rhus-t(3), tell(3), urt-u(1), vesp(1), zinc(1)"
267,2,"SWOLLEN, lids, purple color",phyt(1)
267,2,"SWOLLEN, lids, lower lids","aur(1), cahin(1), crot-c(1), dig(2), kali-ar(3), op(1), phos(2), raph(1)"
267,3,"SWOLLEN, lids, lower lids, left","calc(1), merc(1)"
267,2,"SWOLLEN, lids, under the lids","apis(3), ars(3), hep(2), kali-c(3), med(1), phos(1)"
267,2,"SWOLLEN, lids, upper lids","apis(3), bry(1), con(2), cycl(2), ign(2), kali-c(3), kali-i(1), med(2), nat-c(2), petr(2), squil(2), syph(2), teucr(1)"
267,3,"SWOLLEN, lids, upper lids, right","caust(2), nat-c(1), phos(1)"
267,3,"SWOLLEN, lids, upper lids, left","asar(1), cahin(1), tell(1)"
267,2,"SWOLLEN, lids, margins","arum-t(1), chel(2), coc-c(1), con(2), euphr(3), graph(2), hep(2), kali-c(2), kreos(2), merc-c(2), nux-m(1), ph-ac(1), phos(2), psor(1), puls(1), sulph(1), syph(1), valer(1)"
267,2,"SWOLLEN, lids, sensation of swelling","caust(2), chel(1), cimic(1), coc-c(1), croc(2), cycl(2), guai(1), psor(1), tarax(1), thuj(2)"
267,2,"SWOLLEN, lids, watery, white",iod(2)
267,1,"SWOLLEN, meibomian glands","aeth(2), bor(1), clem(2), colch(2), con(2), hep(1), merc(1), nicc(1), phyt(2), sil(1), staph(2), sulph(2), thuj(1)"
267,0,"TEARS, acrid","all-s(1), ars(3), bell(1), bry(1), calc(2), caust(2), cedr(1), clem(1), colch(2), coloc(2), dig(1), eug(1), eupho(2), euphr(3), fl-ac(1), gamb(1), graph(1), ham(2), ign(2), iod(1), kali-ar(1), kreos(2), led(2), lyc(2), merc(2), merc-c(3), nat-m(2), nit-ac(2), ph-ac(1), pic-ac(1), plb(1), puls(1), rhus-t(1), sabin(1), spig(1), staph(1), sulph(3), syph(1), teucr(1)"
268,1,"TEARS, acrid, night",merc(2)
268,1,"TEARS, acrid, bland",all-c(3)
268,1,"TEARS, acrid, burning","apis(3), arn(2), ars(2), ars-i(2), aur(2), bell(1), cadm(1), calc(2), canth(1), chin(3), chin-a(1), dios(1), eug(1), euphr(3), kreos(1), lyc(2), merc(2), nat-s(2), nit-ac(2), nux-v(1), phyt(2), plb(1), psor(1), rhus-t(3), sang(2), sil(2), spig(1), staph(1), stict(1), stront(1), sulph(3), verb(2), zinc(1)"
268,1,"TEARS, acrid, cold",lach(1)
268,1,"TEARS, acrid, oily",sulph(1)
268,1,"TEARS, acrid, salty","bell(1), kreos(2), nux-v(1)"
268,1,"TEARS, acrid, sensation as from","eupi(1), hyos(1), lil-t(1), merc(1), nit-ac(1), pyrog(1), sep(1)"
268,0,TENSION,"agar(1), apis(1), asaf(1), aur(2), berb(1), calc(2), camph(1), carb-v(1), carl(1), caust(1), chin(1), colch(1), coloc(2), cop(1), croc(1), dulc(1), euphr(1), gels(2), glon(1), hyper(1), ip(2), kreos(1), lach(1), led(1), lith(2), merc(1), mez(1), nat-m(2), nux-m(2), nux-v(2), onos(1), par(2), phos(2), phys(1), plat(1), ruta(3), sabad(1), seneg(1), sep(1), sil(2), sol-n(1), spig(1), stann(1), tab(1), til(1)"
268,1,"TENSION, morning","ang(1), merc(1), thuj(1)"
268,1,"TENSION, closing eyes amel.",aur(1)
268,1,"TENSION, coition, after","agar(1), calc(2), phos(1), sep(1), sil(2)"
268,1,"TENSION, fixing eyes agg.",aur(1)
268,1,"TENSION, pain in occiput, with",carb-v(1)
268,1,"TENSION, reading, while","calc(1), caust(1)"
268,1,"TENSION, turning eyes",calc(2)
268,1,"TENSION, around the eyes","alum(1), nux-m(2), nux-v(2), par(1), spong(1)"
268,1,"TENSION, canthi, internal",kali-cy(1)
268,1,"TENSION, eyebrows",bov(1)
268,1,"TENSION, lids","acon(1), hyper(1), merl(1), nit-ac(1), nux-m(2), olnd(1), ph-ac(1), plat(1), sul-ac(1)"
268,2,"TENSION, lids, right",carb-v(1)
268,2,"TENSION, lids, closing, on",phys(1)
268,2,"TENSION, lids, reading, while","calc(1), caust(1)"
268,2,"TENSION, lids, lower lid",arum-t(1)
268,0,THICKENING of cornea,"apis(2), arg-n(2), asar(1), bell(1), nit-ac(2), sil(1)"
268,1,"THICKENING of cornea, lids","alum(3), apis(1), arg-m(3), arg-n(3), carb-s(2), coloc(1), euphr(2), graph(2), merc(3), nat-m(2), phyt(2), psor(2), puls(2), sulph(2), tell(3)"
268,0,TINGLING,"clem(1), phyt(2), pic-ac(1)"
268,0,TIRED sensation,"am-m(1), ars(1), graph(2), iod(1), jab(1), nat-a(2), nat-m(1), phos(2), psor(1), ruta(2), sep(2), stann(1), stram(1), sulph(1), zinc(2)"
268,0,TREMULOUS (See Quivering),
268,0,TUMORS on lids,"aur(1), calc(2), caust(1), con(2), graph(1), hep(2), hydrc(1), kali-bi(1), lyc(1), nat-m(2), nit-ac(2), phos(2), puls(2), sil(2), staph(2), sulph(1), teucr(1), thuj(2)"
268,1,"TUMORS on lids, right upper",zinc(1)
268,2,"TUMORS on lids, right upper, lower",zinc(1)
268,1,"TUMORS on lids, cystic","calc(2), graph(2), merc(2), sil(2), staph(1), thuj(1)"
268,1,"TUMORS on lids, meibomian glands","bad(1), staph(3), thuj(2)"
268,1,"TUMORS on lids, nodules in the lids","con(2), sil(2), staph(3), thuj(2)"
268,1,"TUMORS on lids, polypus under surface of upper lid",kali-bi(2)
268,2,"TUMORS on lids, polypus under surface of upper lid, outer canthus",lyc(2)
268,2,"TUMORS on lids, polypus under surface of upper lid, of conjunctiva","kali-bi(2), staph(2), thuj(1)"
268,1,"TUMORS on lids, sarcoma","iod(1), phos(2)"
268,2,"TUMORS on lids, sarcoma, of conjunctiva",iod(1)
268,1,"TUMORS on lids, tarsal tumors","bar-c(1), caust(1), puls(2), sep(2), sil(2), staph(2), thuj(2), zinc(3)"
268,2,"TUMORS on lids, tarsal tumors, recurrent","puls(2), staph(2)"
268,2,"TUMORS on lids, tarsal tumors, repeated styes, after",sep(3)
268,1,"TUMORS on lids, wens",graph(2)
268,0,TURNED (See Movement),"bell(1), con(1), hipp(1), meph(1), nicc(1), spig(3)"
268,1,"TURNED (See Movement), downward","aeth(2), canth(1), cham(1)"
268,1,"TURNED (See Movement), inwards","arg-n(1), bell(1), benz-n(1), calc(2), plb(1), rhod(1), ruta(1)"
268,1,"TURNED (See Movement), left","amyg(1), bufo(1), dig(1), hydr-ac(1)"
268,1,"TURNED (See Movement), outward","bell(1), camph(1), crot-h(2), dig(1), glon(1), morph(1), op(1), phos(1), stry(1), sul-ac(1), verat(1), zinc(1)"
268,1,"TURNED (See Movement), right","camph(1), ip(2)"
268,1,"TURNED (See Movement), upward","acet-ac(1), acon(1), agar(1), am-c(1), anan(1), ant-t(1), arn(1), ars(1), art-v(1), bell(1), bufo(2), camph(2), carb-ac(1), chin(1), chlol(1), cic(1), cina(1), cocc(1), cupr(2), eupho(1), glon(2), hell(2), hyos(1), jatr(1), kali-cy(1), kalm(1), lach(1), morph(1), mosch(1), nux-v(1), olnd(1), op(2), stry(1), tab(1), verat(1)"
268,2,"TURNED (See Movement), upward, right, to","camph(1), stry(1)"
268,2,"TURNED (See Movement), upward, left, to","amyg(1), bufo(1), dig(1), hydr-ac(1)"
268,2,"TURNED (See Movement), upward, falling asleep, with",mez(1)
268,2,"TURNED (See Movement), upward, fever, during",hell(1)
269,0,TWISTED sensation,spong(1)
269,0,TWITCHING,"acon(1), aesc(1), agar(3), alum(1), am-m(1), apis(1), ars(2), bar-c(1), calc(1), carb-ac(1), carb-an(1), carb-s(1), cedr(1), chin(1), crot-t(2), gels(1), glon(2), kali-n(1), kali-p(1), kalm(1), lachn(2), lith(1), mez(1), nat-m(1), nicc(1), petr(1), phyt(1), rat(1), rhus-t(1), sel(1), stann(2), ust(1), vesp(1)"
269,1,"TWITCHING, right","rat(1), ther(1)"
269,1,"TWITCHING, left","apis(1), mez(1), sel(1)"
269,1,"TWITCHING, daytime","aloe(1), nat-m(1)"
269,1,"TWITCHING, cold water amel.",agar(1)
269,1,"TWITCHING, painful",agar(1)
269,1,"TWITCHING, paroxysms","ars(1), calc(1)"
269,1,"TWITCHING, reading, while",agar(1)
269,1,"TWITCHING, canthi","agar(1), kali-chl(1), lachn(1), rhus-t(1)"
269,2,"TWITCHING, canthi, inner","carl(2), chel(1), kali-chl(1), rat(1), stann(1), sul-ac(1)"
269,2,"TWITCHING, canthi, outer","am-c(1), camph(1), cann-i(2), mez(1), nat-m(1), nicc(1), phos(2), seneg(1)"
269,1,"TWITCHING, eyebrows","caust(1), cic(1), cina(1), grat(1), kali-c(1), ol-an(1), puls(1), ruta(1), sin-a(1), stront(1), zinc(1)"
269,1,"TWITCHING, lids","aesc(1), agar(3), alum(1), anac(1), ant-c(1), apis(2), ars(2), ars-i(1), arund(1), asar(1), aster(1), bad(1), bell(1), berb(1), calc(1), calc-s(1), camph(1), canth(1), carb-s(1), carb-v(1), caust(2), cedr(1), cham(2), chel(1), cic(3), cocc(2), croc(1), crot-t(2), cupr(2), dulc(1), euphr(1), grat(1), hell(1), hydr-ac(1), ign(2), ind(1), indg(1), iod(2), ip(2), jatr(1), kali-bi(1), kreos(1), lach(2), lachn(1), lyc(1), mag-c(1), mag-p(2), meny(1), merc(1), merl(1), mez(2), nat-m(2), nit-ac(1), nux-v(2), ol-an(1), par(1), petr(1), phos(2), phys(3), plat(2), puls(2), rat(2), rheum(3), rhod(1), rhus-t(1), sabin(1), sel(1), seneg(1), sep(1), sil(2), spig(1), stront(1), sulph(3), verat-v(1)"
269,2,"TWITCHING, lids, right","alum(1), chin(1), coloc(1), form(1), lach(2), nat-m(1), par(1), syph(1)"
269,2,"TWITCHING, lids, left","aloe(1), bad(1), caust(2), croc(1), merl(1), mez(2), puls(1), stront(1)"
269,2,"TWITCHING, lids, lower","am-c(1), coc-c(1), graph(1), iod(2), kali-i(1), nat-m(1), seneg(1), sulph(1), zinc(1)"
269,2,"TWITCHING, lids, upper","alum(1), ars(1), aur(2), calc(2), cedr(1), lachn(1), lact-ac(1), merl(2), mez(2), mur-ac(1), nat-m(1), rat(1), stram(1), stront(1)"
269,2,"TWITCHING, lids, closed, when","cupr-s(1), lachn(1), merc(1)"
269,2,"TWITCHING, lids, cold air",dulc(1)
269,2,"TWITCHING, lids, eating, while",meny(1)
269,2,"TWITCHING, lids, menses, before",nat-m(2)
269,2,"TWITCHING, lids, opening, on",kali-bi(1)
269,2,"TWITCHING, lids, reading, while","agar(1), kali-bi(1), puls(1)"
269,3,"TWITCHING, lids, reading, while, by lamplight",berb(1)
269,2,"TWITCHING, lids, sleep, during",rheum(1)
269,2,"TWITCHING, lids, thunderstorm, before",agar(2)
269,0,"ULCERATION, conjunctiva","alum(3), caust(3), coloc(1), crot-t(2), hydr(2), lyss(2), nit-ac(1)"
269,1,"ULCERATION, conjunctiva, cornea","agar(2), apis(3), arg-n(2), ars(2), asaf(2), aur(2), bar-c(2), bar-m(1), bufo(1), calc(3), calc-f(1), calc-p(2), calc-s(2), cann-s(2), cedr(1), chin(2), chin-a(1), chlol(2), cimic(1), clem(2), con(2), crot-c(1), crot-t(2), cund(2), euphr(3), form(2), graph(2), hep(2), hippoz(1), ip(2), kali-ar(1), kali-bi(2), kali-c(2), kali-chl(1), kali-s(1), kreos(2), lach(2), lyss(2), merc(2), merc-c(2), merc-d(1), merc-i-f(2), nat-a(1), nat-c(2), nat-m(2), nit-ac(2), podo(1), psor(2), puls(2), rhus-t(2), ruta(1), sang(2), sanic(2), sil(2), sulph(2), thuj(2)"
269,2,"ULCERATION, conjunctiva, cornea, right to left",con(3)
269,2,"ULCERATION, conjunctiva, cornea, one, then the other",ars(2)
269,2,"ULCERATION, conjunctiva, cornea, painful",merc-c(2)
269,3,"ULCERATION, conjunctiva, cornea, painful, midnight to 3 a.m.",chin-a(1)
269,2,"ULCERATION, conjunctiva, cornea, scars, from","cadm(1), euphr(2), sil(1)"
269,2,"ULCERATION, conjunctiva, cornea, vascular","calc(1), cann-s(1), hep(1), merc-c(1), merc-i-f(1), sil(2)"
269,1,"ULCERATION, conjunctiva, lachrymal canal",anan(1)
269,1,"ULCERATION, conjunctiva, lids","anan(1), apis(2), ars(2), bar-m(2), clem(2), graph(2), hep(2), kali-bi(1), kali-i(1), led(1), lyc(3), merc(2), merc-c(2), nat-m(1), nat-p(1), phos(1), psor(1), rhus-t(1), sep(1), spig(2), stram(2), sulph(2), zinc(2)"
269,2,"ULCERATION, conjunctiva, lids, canthi","calc(1), phos(1)"
269,2,"ULCERATION, conjunctiva, lids, canthi, external","bor(1), kali-c(2)"
269,2,"ULCERATION, conjunctiva, lids, under surfaces","ars(3), bell(1), merc(1), nux-v(1), phos(1), puls(1), rhus-t(1), sil(1), sulph(1)"
269,2,"ULCERATION, conjunctiva, lids, malignant",phyt(1)
269,2,"ULCERATION, conjunctiva, lids, margins","bufo(1), calc(1), clem(3), crot-t(1), euphr(2), graph(2), merc(2), nat-m(2), psor(1), puls(1), sanic(3), staph(1)"
269,1,"ULCERATION, conjunctiva, meibomian gland",colch(2)
269,0,UNSTEADY look,"aloe(1), anan(1), bell(2), camph(1), cedr(1), cupr(1), lach(2), morph(3), par(1), stram(2)"
269,0,"VACANT look (See Face, Expression)",
269,0,VACILLATE (See Unsteady),
269,0,VEINS (See Redness),
269,0,VESICLES on the cornea,"agar(2), ars(1), aur(2), bar-c(1), calc(2), cann-s(1), euphr(2), hep(2), ip(1), kali-bi(2), kali-chl(2), merc(2), merc-c(2), nat-c(2), nat-m(2), nit-ac(2), psor(1), puls(2), sulph(1)"
270,0,WANDERING (See Unsteady),
270,0,WARTS (See Condylomata),
270,0,WATERY (See Lachrymation),
270,0,WEAK,"agar(2), anac(2), ant-t(1), apis(2), ars(1), asc-t(1), aur(2), bapt(1), bar-c(1), bov(1), calc(1), cann-i(1), cann-s(2), caps(1), carb-an(2), carb-o(1), carb-s(2), carb-v(2), caust(1), cham(1), chel(1), chin(1), chlor(1), cic(1), cina(1), cinnb(1), cob(1), con(3), croc(1), crot-t(1), cupr(1), cycl(1), daph(1), dig(1), dios(1), dor(1), dros(1), euphr(1), eupi(2), ferr(2), ferr-i(1), gels(1), graph(2), ham(1), hep(1), hura(1), hyos(1), hyper(1), iod(1), kali-bi(1), kali-c(2), kali-p(1), kalm(1), kreos(1), lach(1), lact(1), lil-t(2), lyc(1), lycps(1), lyss(1), mang(1), meph(1), merc(1), merc-i-r(1), morph(1), naja(1), nat-a(1), nat-m(2), nat-s(1), nicc(1), nit-ac(1), nux-m(1), op(2), osm(1), ox-ac(1), par(1), petr(1), phos(2), phys(2), plat(1), plb(1), raph(1), rhod(1), rhus-t(1), ruta(3), sabad(1), sec(1), seneg(3), sep(1), sil(2), sin-n(1), spig(1), staph(1), stram(1), stront(1), stry(1), sulph(1), tab(1), tarent(1), thuj(2), urt-u(1), ust(1), verat(1), zinc(1)"
270,1,"WEAK, daytime",stann(1)
270,1,"WEAK, morning","ars(1), bry(1), cina(1), dig(1), dios(1), phos(1), sang(1), upa(1)"
270,1,"WEAK, forenoon","ph-ac(1), squil(1), sulph(1), valer(1)"
270,1,"WEAK, noon",cinnb(1)
270,1,"WEAK, afternoon",sin-n(1)
270,1,"WEAK, evening","carb-an(1), nicc(1), psor(1)"
270,2,"WEAK, evening, after going to bed",op(1)
270,2,"WEAK, evening, by the light","lyc(1), sep(1)"
270,1,"WEAK, coition, after",kali-c(3)
270,1,"WEAK, dinner, after",valer(1)
270,1,"WEAK, emissions, after","jab(1), kali-c(1), lil-t(1), nat-m(1), puls(1), sep(1)"
270,1,"WEAK, light","aster(1), gins(1), merc(1), nat-p(1)"
270,2,"WEAK, light, candlelight",bell(1)
270,1,"WEAK, looking intently, while",lyc(2)
270,1,"WEAK, measles, after","kali-c(2), puls(2)"
270,1,"WEAK, menses, during",cinnb(2)
270,1,"WEAK, reading, while","agar(1), ammc(2), bell(1), kali-i(1), lyc(1), myric(1), nat-m(2), phys(1), ruta(3), seneg(3), sep(2)"
270,1,"WEAK, sexual excesses, after","calc(2), chin(2), gels(1), upa(1)"
270,1,"WEAK, writing, while","bell(1), carl(1), nat-m(2), sep(2)"
270,0,WILD look,"acet-ac(1), ail(1), alumn(2), anac(2), anan(1), arg-m(1), ars(2), ars-i(1), bell(3), camph(2), cann-i(1), carb-v(2), cimic(2), con(1), cupr(2), glon(2), hydr-ac(1), hyos(2), iod(1), kali-i(2), lach(2), lyss(3), nit-ac(2), nux-v(3), op(1), plb(1), sec(1), stram(2), stry(1), tab(1), valer(1), vip(1)"
270,0,WINE agg.,"gels(2), zinc(3)"
270,0,WINKING,"agar(1), am-c(1), anan(1), apis(2), arg-n(1), aster(1), bell(3), caust(2), chel(1), chin(1), con(1), croc(2), cycl(1), euphr(3), fl-ac(2), glon(1), ign(2), mez(2), nit-ac(1), nux-v(2), op(1), petr(1), plat(1), spig(2), sulph(1), sumb(1)"
270,1,"WINKING, air, open, in",merl(1)
270,1,"WINKING, ameliorates","asaf(1), croc(1), euphr(2), olnd(1), stann(1)"
270,1,"WINKING, epilepsy, during",kali-bi(1)
270,1,"WINKING, looking at bright objects","acon(1), apis(1)"
270,1,"WINKING, reading, while","calc(2), croc(2), merl(1)"
270,1,"WINKING, sunlight",merl(2)
270,1,"WINKING, writing, after",hep(1)
270,0,"WIPE, inclination to","agar(1), alum(1), arg-n(1), calc(2), carb-an(1), croc(2), kreos(1), lac-c(1), lyc(1), nat-c(2), plb(1), puls(2), rat(1), sep(1)"
270,0,WRINKLED conjunctiva,"brom(1), nat-a(1)"
270,0,YELLOWNESS,"acon(1), agar(1), anan(1), ars(2), ars-h(1), ars-i(1), canth(2), carb-an(1), card-m(2), caust(1), cham(2), chel(1), chin(3), chion(2), clem(1), cocc(1), con(1), corn(1), crot-h(3), cupr-ac(1), cur(1), dig(2), dios(2), eup-per(2), ferr(2), ferr-ar(1), ferr-i(1), ferr-p(1), gels(2), graph(1), hep(2), hydr(2), iod(2), ip(2), kali-ar(1), kali-bi(2), lach(3), lyc(1), mag-m(2), myric(1), nat-c(1), nat-p(1), nat-s(2), nit-ac(1), nux-v(3), op(1), ph-ac(1), phel(1), phos(2), pic-ac(1), plb(2), podo(2), sang(2), sec(1), sep(3), verat(2), vip(1)"
270,1,"YELLOWNESS, of lower part",nux-v(1)
270,1,"YELLOWNESS, spot on eye","agar(1), ph-ac(1)"
270,1,"YELLOWNESS, yellow brown rings around",nit-ac(1)
