شناخت,پرانا راستہ (ایپ),نیا راستہ (مطبوعہ کتاب),اردو جملہ,ادویات پرانی,ادویات ماخذی,فرق
o36333,"ABORTION, excitement","ABORTION, excitement",تناسلی اعضاء (عورت) — اسقاطِ حمل، جذباتی جوش سے,1,1,یکساں
o36334,"ABORTION, exertion, from","ABORTION, exertion, from",تناسلی اعضاء (عورت) — اسقاطِ حمل، محنت سے,5,5,یکساں
o36335,"ABORTION, exposure to cold damp weather and places","ABORTION, exposure to cold damp weather and places",تناسلی اعضاء (عورت) — اسقاطِ حمل، ٹھنڈے گیلے موسم اور ٹھنڈی گیلی جگہوں کے اثر سے,1,1,یکساں
o36356,"AURA extending from uterus to, throat","AURA extending from uterus to stomach, throat",تناسلی اعضاء (عورت) — رحم سے پھیلنے والا مرگی کا پیش خیمہ (اورا)، گلا تک,1,1,یکساں
o36360,"CANCER, uterus","CANCER of ovaries, Uterus",تناسلی اعضاء (عورت) — سرطان (کینسر)، رحم,53,53,گریڈ کتابی مطابق کیے
o36361,"CANCER, uterus, scirrhus","CANCER of ovaries, Uterus, scirrhus",تناسلی اعضاء (عورت) — سرطان (کینسر)، رحم، سخت (سکائرس),15,15,یکساں
o36362,"CANCER, vagina","CANCER of ovaries, Vagina",تناسلی اعضاء (عورت) — سرطان (کینسر)، اندرونی راستہ,1,1,یکساں
o36416,"DESIRE, increased, afternoon","DESIRE diminished, increased, afternoon",تناسلی اعضاء (عورت) — خواہش، بڑھی ہوئی، دوپہر کے بعد,1,1,یکساں
o36417,"DESIRE, increased, headache, during","DESIRE diminished, increased, headache, during",تناسلی اعضاء (عورت) — خواہش، بڑھی ہوئی، سر درد کے دوران,1,1,یکساں
o36418,"DESIRE, increased, insatiable","DESIRE diminished, increased, insatiable",تناسلی اعضاء (عورت) — خواہش، بڑھی ہوئی، نہ بجھنے والی,8,8,یکساں
o36419,"DESIRE, increased, lying-in-women","DESIRE diminished, increased, lying-in-women",تناسلی اعضاء (عورت) — خواہش، بڑھی ہوئی، زچگی کے دنوں میں عورتوں میں,10,10,یکساں
o36421,"DESIRE, increased, menses, before","DESIRE diminished, increased, menses, before",تناسلی اعضاء (عورت) — خواہش، بڑھی ہوئی، حیض سے پہلے,10,10,یکساں
o36424,"DESIRE, increased, morning in bed","DESIRE diminished, increased, morning in bed",تناسلی اعضاء (عورت) — خواہش، بڑھی ہوئی، صبح بستر میں,3,3,یکساں
o36425,"DESIRE, increased, night","DESIRE diminished, increased, night",تناسلی اعضاء (عورت) — خواہش، بڑھی ہوئی، رات,2,2,یکساں
o36453,"ENLARGED, uterus","ENLARGED ovaries (See Swollen), Uterus",تناسلی اعضاء (عورت) — بڑھا ہوا، رحم,20,20,یکساں
o36547,"INFLAMMATION, ovaries, suppressed gonorrhoea, after","INFLAMMATION, Ovaries, suppressed gonorrhœa, after",تناسلی اعضاء (عورت) — سوزش، بیضہ دانیاں، سوزاک دب جانے کے بعد,2,2,یکساں
o36572,"ITCHING, leucorrhoea, from","ITCHING, leucorrhœa, from",تناسلی اعضاء (عورت) — خارش، سفید پانی سے,28,28,یکساں
o36582,"ITCHING, scratching, amel.","ITCHING, scratching agg., amel.",تناسلی اعضاء (عورت) — خارش، کھرچنے سے آرام,1,1,یکساں
o36598,"LEUCORRHOEA, acrid, excoriating","LEUCORRHŒA, acrid, excoriating",تناسلی اعضاء (عورت) — سفید پانی (لیوکوریا)، چھیلنے والا (تیز),86,86,یکساں
o36599,"LEUCORRHOEA, acrid, excoriating, eats holes in linen","LEUCORRHŒA, acrid, excoriating, eats holes in linen",تناسلی اعضاء (عورت) — سفید پانی (لیوکوریا)، چھیلنے والا (تیز)، کپڑے میں سوراخ کر دے,1,1,یکساں
o36600,"LEUCORRHOEA, afternoon","LEUCORRHŒA, afternoon",تناسلی اعضاء (عورت) — سفید پانی (لیوکوریا)، دوپہر کے بعد,4,4,یکساں
o36601,"LEUCORRHOEA, albuminous","LEUCORRHŒA, albuminous",تناسلی اعضاء (عورت) — سفید پانی (لیوکوریا)، البومن والا,22,22,یکساں
o36602,"LEUCORRHOEA, alternating with cough","LEUCORRHŒA, alternating with cough",تناسلی اعضاء (عورت) — سفید پانی (لیوکوریا)، باری باری کھانسی کے ساتھ,1,1,یکساں
o36603,"LEUCORRHOEA, alternating with mental states","LEUCORRHŒA, alternating with mental states",تناسلی اعضاء (عورت) — سفید پانی (لیوکوریا)، باری باری ذہنی کیفیات کے ساتھ,1,1,یکساں
o36604,"LEUCORRHOEA, black","LEUCORRHŒA, black",تناسلی اعضاء (عورت) — سفید پانی (لیوکوریا)، کالا,2,2,یکساں
o36605,"LEUCORRHOEA, bland","LEUCORRHŒA, bland",تناسلی اعضاء (عورت) — سفید پانی (لیوکوریا)، بے ضرر (ہلکا),26,26,یکساں
o36607,"LEUCORRHOEA, bloody, menses, after","LEUCORRHŒA, bloody, menses, after",تناسلی اعضاء (عورت) — سفید پانی (لیوکوریا)، خون آلود، حیض کے بعد,5,5,یکساں
o36608,"LEUCORRHOEA, bluish","LEUCORRHŒA, bluish",تناسلی اعضاء (عورت) — سفید پانی (لیوکوریا)، نیلا سا,1,1,یکساں
o36609,"LEUCORRHOEA, brown","LEUCORRHŒA, brown",تناسلی اعضاء (عورت) — سفید پانی (لیوکوریا)، بھورا,8,8,یکساں
o36610,"LEUCORRHOEA, brown, stains linen","LEUCORRHŒA, brown, stains linen",تناسلی اعضاء (عورت) — سفید پانی (لیوکوریا)، بھورا، کپڑے پر داغ چھوڑے,2,2,یکساں
o36611,"LEUCORRHOEA, burning","LEUCORRHŒA, burning",تناسلی اعضاء (عورت) — سفید پانی (لیوکوریا)، جلتا ہوا,32,32,یکساں
o36612,"LEUCORRHOEA, coition, after","LEUCORRHŒA, coition, after",تناسلی اعضاء (عورت) — سفید پانی (لیوکوریا)، جماع کے بعد,2,2,یکساں
o36613,"LEUCORRHOEA, constant","LEUCORRHŒA, constant",تناسلی اعضاء (عورت) — سفید پانی (لیوکوریا)، مسلسل,1,1,یکساں
o36614,"LEUCORRHOEA, copious","LEUCORRHŒA, copious",تناسلی اعضاء (عورت) — سفید پانی (لیوکوریا)، زیادہ مقدار میں,78,78,گریڈ کتابی مطابق کیے
o36615,"LEUCORRHOEA, copious, menses, like the","LEUCORRHŒA, copious, menses, like the",تناسلی اعضاء (عورت) — سفید پانی (لیوکوریا)، زیادہ مقدار میں، حیض جیسا,4,4,یکساں
o36616,"LEUCORRHOEA, copious, serum like discharge from anus and vagina","LEUCORRHŒA, copious, serum like discharge from anus and vagina",تناسلی اعضاء (عورت) — سفید پانی (لیوکوریا)، زیادہ مقدار میں، مقعد اور اندرونی راستے سے پانی جیسی رطوبت,1,1,یکساں
o36617,"LEUCORRHOEA, cream-like","LEUCORRHŒA, cream-like",تناسلی اعضاء (عورت) — سفید پانی (لیوکوریا)، بالائی جیسا,9,9,یکساں
o36618,"LEUCORRHOEA, cream-like, afternoon","LEUCORRHŒA, cream-like, afternoon",تناسلی اعضاء (عورت) — سفید پانی (لیوکوریا)، بالائی جیسا، دوپہر کے بعد,1,1,یکساں
o36619,"LEUCORRHOEA, dark","LEUCORRHŒA, dark",تناسلی اعضاء (عورت) — سفید پانی (لیوکوریا)، گہرا,6,6,یکساں
o36620,"LEUCORRHOEA, daytime only","LEUCORRHŒA, daytime only",تناسلی اعضاء (عورت) — سفید پانی (لیوکوریا)، صرف دن کے وقت,4,4,یکساں
o36621,"LEUCORRHOEA, evening","LEUCORRHŒA, evening",تناسلی اعضاء (عورت) — سفید پانی (لیوکوریا)، شام,4,4,یکساں
o36622,"LEUCORRHOEA, exercising, while","LEUCORRHŒA, exercising, while",تناسلی اعضاء (عورت) — سفید پانی (لیوکوریا)، ورزش کرتے ہوئے,2,2,یکساں
o36623,"LEUCORRHOEA, flesh-colored","LEUCORRHŒA, flesh-colored",تناسلی اعضاء (عورت) — سفید پانی (لیوکوریا)، گوشت کے رنگ کا,12,12,یکساں
o36624,"LEUCORRHOEA, girls, little","LEUCORRHŒA, girls, little",تناسلی اعضاء (عورت) — سفید پانی (لیوکوریا)، چھوٹی لڑکیوں میں,8,8,یکساں
o36625,"LEUCORRHOEA, gonorrhoeal","LEUCORRHŒA, gonorrhœal",تناسلی اعضاء (عورت) — سفید پانی (لیوکوریا)، سوزاک والا,8,8,یکساں
o36626,"LEUCORRHOEA, gray","LEUCORRHŒA, gray",تناسلی اعضاء (عورت) — سفید پانی (لیوکوریا)، سرمئی,1,1,یکساں
o36627,"LEUCORRHOEA, greenish","LEUCORRHŒA, greenish",تناسلی اعضاء (عورت) — سفید پانی (لیوکوریا)، سبزی مائل,25,25,یکساں
o36628,"LEUCORRHOEA, greenish, stains linen","LEUCORRHŒA, greenish, stains linen",تناسلی اعضاء (عورت) — سفید پانی (لیوکوریا)، سبزی مائل، کپڑے پر داغ چھوڑے,4,4,یکساں
o36629,"LEUCORRHOEA, greenish, water","LEUCORRHŒA, greenish, water",تناسلی اعضاء (عورت) — سفید پانی (لیوکوریا)، سبزی مائل، پانی جیسا,1,1,یکساں
o36630,"LEUCORRHOEA, gushing","LEUCORRHŒA, gushing",تناسلی اعضاء (عورت) — سفید پانی (لیوکوریا)، فوارے کی طرح,10,10,یکساں
o36631,"LEUCORRHOEA, jelly-like","LEUCORRHŒA, jelly-like",تناسلی اعضاء (عورت) — سفید پانی (لیوکوریا)، جیلی جیسا,6,6,یکساں
o36632,"LEUCORRHOEA, lumpy","LEUCORRHŒA, lumpy",تناسلی اعضاء (عورت) — سفید پانی (لیوکوریا)، گٹھلی دار,7,7,یکساں
o36633,"LEUCORRHOEA, lying, while","LEUCORRHŒA, lying, while",تناسلی اعضاء (عورت) — سفید پانی (لیوکوریا)، لیٹے ہوئے,1,1,یکساں
o36634,"LEUCORRHOEA, masturbation, from","LEUCORRHŒA, masturbation, from",تناسلی اعضاء (عورت) — سفید پانی (لیوکوریا)، مشت زنی سے,4,4,یکساں
o36637,"LEUCORRHOEA, menses, before","LEUCORRHŒA, menses, before",تناسلی اعضاء (عورت) — سفید پانی (لیوکوریا)، حیض سے پہلے,36,36,یکساں
o36643,"LEUCORRHOEA, milky","LEUCORRHŒA, milky",تناسلی اعضاء (عورت) — سفید پانی (لیوکوریا)، دودھ جیسا,31,31,یکساں
o36644,"LEUCORRHOEA, milky, menses, during","LEUCORRHŒA, milky, menses, during",تناسلی اعضاء (عورت) — سفید پانی (لیوکوریا)، دودھ جیسا، حیض کے دوران,1,1,یکساں
o36645,"LEUCORRHOEA, morning","LEUCORRHŒA, morning",تناسلی اعضاء (عورت) — سفید پانی (لیوکوریا)، صبح,14,14,یکساں
o36646,"LEUCORRHOEA, night","LEUCORRHŒA, night",تناسلی اعضاء (عورت) — سفید پانی (لیوکوریا)، رات,9,9,یکساں
o36648,"LEUCORRHOEA, offensive, ammonia, like","LEUCORRHŒA, offensive, ammonia, like",تناسلی اعضاء (عورت) — سفید پانی (لیوکوریا)، بدبودار، امونیا جیسی,1,1,یکساں
o36649,"LEUCORRHOEA, offensive, blackish water","LEUCORRHŒA, offensive, blackish water",تناسلی اعضاء (عورت) — سفید پانی (لیوکوریا)، بدبودار، کالے پانی جیسا,1,1,یکساں
o36650,"LEUCORRHOEA, offensive, cheese, like old","LEUCORRHŒA, offensive, cheese, like old",تناسلی اعضاء (عورت) — سفید پانی (لیوکوریا)، بدبودار، باسی پنیر جیسی,2,2,یکساں
o36651,"LEUCORRHOEA, offensive, evening","LEUCORRHŒA, offensive, evening",تناسلی اعضاء (عورت) — سفید پانی (لیوکوریا)، بدبودار، شام,1,1,یکساں
o36652,"LEUCORRHOEA, offensive, fish-brine, like","LEUCORRHŒA, offensive, fish-brine, like",تناسلی اعضاء (عورت) — سفید پانی (لیوکوریا)، بدبودار، مچھلی کے اچار جیسی,1,1,یکساں
o36653,"LEUCORRHOEA, offensive, green corn, like","LEUCORRHŒA, offensive, green corn, like",تناسلی اعضاء (عورت) — سفید پانی (لیوکوریا)، بدبودار، کچی مکئی جیسی,1,1,یکساں
o36655,"LEUCORRHOEA, offensive, menses, like","LEUCORRHŒA, offensive, menses, like",تناسلی اعضاء (عورت) — سفید پانی (لیوکوریا)، بدبودار، حیض جیسی,1,1,یکساں
o36656,"LEUCORRHOEA, offensive, pungent","LEUCORRHŒA, offensive, pungent",تناسلی اعضاء (عورت) — سفید پانی (لیوکوریا)، بدبودار، تیز بو والا,1,1,یکساں
o36657,"LEUCORRHOEA, offensive, putrid","LEUCORRHŒA, offensive, putrid",تناسلی اعضاء (عورت) — سفید پانی (لیوکوریا)، بدبودار، سڑی ہوئی,15,15,یکساں
o36658,"LEUCORRHOEA, offensive, sour","LEUCORRHŒA, offensive, sour",تناسلی اعضاء (عورت) — سفید پانی (لیوکوریا)، بدبودار، کھٹی,2,2,یکساں
o36659,"LEUCORRHOEA, offensive, sweetish","LEUCORRHŒA, offensive, sweetish",تناسلی اعضاء (عورت) — سفید پانی (لیوکوریا)، بدبودار، میٹھی سی,2,2,یکساں
o36660,"LEUCORRHOEA, pregnancy","LEUCORRHŒA, pregnancy",تناسلی اعضاء (عورت) — سفید پانی (لیوکوریا)، حمل میں,5,5,یکساں
o36661,"LEUCORRHOEA, purulent","LEUCORRHŒA, purulent",تناسلی اعضاء (عورت) — سفید پانی (لیوکوریا)، پیپ والا,21,21,یکساں
o36662,"LEUCORRHOEA, ropy, stringy, tenacious","LEUCORRHŒA, ropy, stringy, tenacious",تناسلی اعضاء (عورت) — سفید پانی (لیوکوریا)، تار کھینچنے والا، لزج (چپچپا),20,20,یکساں
o36663,"LEUCORRHOEA, scanty menses, with","LEUCORRHŒA, scanty menses, with",تناسلی اعضاء (عورت) — سفید پانی (لیوکوریا)، کم حیض کے ساتھ,2,2,یکساں
o36664,"LEUCORRHOEA, sexual excitement, from","LEUCORRHŒA, sexual excitement, from",تناسلی اعضاء (عورت) — سفید پانی (لیوکوریا)، شہوانی جوش سے,4,4,یکساں
o36665,"LEUCORRHOEA, sitting, while","LEUCORRHŒA, sitting, while",تناسلی اعضاء (عورت) — سفید پانی (لیوکوریا)، بیٹھے ہوئے,1,1,یکساں
o36666,"LEUCORRHOEA, standing, from","LEUCORRHŒA, standing, from",تناسلی اعضاء (عورت) — سفید پانی (لیوکوریا)، کھڑے ہونے سے,4,4,یکساں
o36667,"LEUCORRHOEA, starch, boiled, like","LEUCORRHŒA, starch, boiled, like",تناسلی اعضاء (عورت) — سفید پانی (لیوکوریا)، ابلی ہوئی نشاستے جیسا,4,4,یکساں
o36668,"LEUCORRHOEA, stool, after","LEUCORRHŒA, stool, after",تناسلی اعضاء (عورت) — سفید پانی (لیوکوریا)، پاخانے کے بعد,1,1,یکساں
o36669,"LEUCORRHOEA, thick","LEUCORRHŒA, thick",تناسلی اعضاء (عورت) — سفید پانی (لیوکوریا)، گاڑھا,45,45,یکساں
o36670,"LEUCORRHOEA, thick, as paste, white","LEUCORRHŒA, thick, as paste, white",تناسلی اعضاء (عورت) — سفید پانی (لیوکوریا)، گاڑھا، پیسٹ جیسا، سفید,1,1,یکساں
o36671,"LEUCORRHOEA, thin, watery","LEUCORRHŒA, thin, watery",تناسلی اعضاء (عورت) — سفید پانی (لیوکوریا)، پتلا، پانی جیسا,58,58,یکساں
o36672,"LEUCORRHOEA, transparent","LEUCORRHŒA, transparent",تناسلی اعضاء (عورت) — سفید پانی (لیوکوریا)، شفاف,22,22,یکساں
o36673,"LEUCORRHOEA, walking agg.","LEUCORRHŒA, walking agg.",تناسلی اعضاء (عورت) — سفید پانی (لیوکوریا)، چلنے سے بگاڑ,18,18,یکساں
o36674,"LEUCORRHOEA, white","LEUCORRHŒA, white",تناسلی اعضاء (عورت) — سفید پانی (لیوکوریا)، سفید,58,58,یکساں
o36675,"LEUCORRHOEA, white, stains linen yellow","LEUCORRHŒA, white, stains linen yellow",تناسلی اعضاء (عورت) — سفید پانی (لیوکوریا)، سفید، کپڑے پر زرد داغ چھوڑے,1,1,یکساں
o36676,"LEUCORRHOEA, yellow","LEUCORRHŒA, yellow",تناسلی اعضاء (عورت) — سفید پانی (لیوکوریا)، زرد,74,74,یکساں
o36677,"LEUCORRHOEA, yellow, stains linen","LEUCORRHŒA, yellow, stains linen",تناسلی اعضاء (عورت) — سفید پانی (لیوکوریا)، زرد، کپڑے پر داغ چھوڑے,4,4,یکساں
o36865,"METRORRHAGIA, alternating, with dyspnoea","METRORRHAGIA, alternating with mania, with dyspnœa",تناسلی اعضاء (عورت) — حیض کے علاوہ رحم سے خون بہنا، باری باری سانس پھولنے کے ساتھ,1,1,یکساں
o36878,"METRORRHAGIA, coagulated, mixed with, pale watery blood","METRORRHAGIA, coagulated, mixed with dark liquid blood, pale watery blood",تناسلی اعضاء (عورت) — حیض کے علاوہ رحم سے خون بہنا، جما ہوا، پھیکے پانی جیسے خون کے ساتھ ملا ہوا,1,1,یکساں
o36903,"METRORRHAGIA, motion, walking amel.","METRORRHAGIA, motion agg., walking amel.",تناسلی اعضاء (عورت) — حیض کے علاوہ رحم سے خون بہنا، حرکت، چلنے سے آرام,1,1,یکساں
o36943,"OPEN, uterus, opens and shuts, as if","OPEN, uterus feels, opens and shuts, as if",تناسلی اعضاء (عورت) — کھلا ہوا، جیسے کھلے اور بند ہو,1,1,یکساں
o37042,"PAIN, burning, uterus, extending, to kidneys","PAIN, burning, Uterus, extending to pit of stomach, to kidneys",تناسلی اعضاء (عورت) — درد، جلتا ہوا، رحم، پھیلتا ہوا، گردوں تک,1,1,یکساں
o37043,"PAIN, burning, uterus, extending, to, thighs","PAIN, burning, Uterus, extending to pit of stomach, to kidneys, thighs",تناسلی اعضاء (عورت) — درد، جلتا ہوا، رحم، پھیلتا ہوا، ران تک,1,1,یکساں
o37080,"PAIN, cramping, uterus, extending, down thighs","PAIN, cramping, Uterus, extending up the back, down thighs",تناسلی اعضاء (عورت) — درد، اینٹھن والا، رحم، پھیلتا ہوا، ران سے نیچے,2,2,یکساں
o37081,"PAIN, cramping, uterus, extending, to stomach","PAIN, cramping, Uterus, extending up the back, to stomach",تناسلی اعضاء (عورت) — درد، اینٹھن والا، رحم، پھیلتا ہوا، معدے تک,1,1,یکساں
o37082,"PAIN, cramping, uterus, leucorrhoea, followed by","PAIN, cramping, Uterus, leucorrhœa, followed by",تناسلی اعضاء (عورت) — درد، اینٹھن والا، رحم، سفید پانی کے بعد,2,2,یکساں
o37113,"PAIN, cutting, uterus, extending, upwards","PAIN, cutting, Uterus, extending to sacrum, upwards",تناسلی اعضاء (عورت) — درد، کاٹتا ہوا، رحم، اوپر کی طرف,1,1,یکساں
o37171,"PAIN, labor pains, extending, heart, to","PAIN, labor pains, extending into groin, heart, to",تناسلی اعضاء (عورت) — درد، زچگی کے درد، پھیلتے ہوئے، دل تک,1,1,یکساں
o37172,"PAIN, labor pains, extending, knees and up to sacrum","PAIN, labor pains, extending into groin, knees and up to sacrum",تناسلی اعضاء (عورت) — درد، زچگی کے درد، پھیلتے ہوئے، گھٹنوں اور کمر کی ہڈی تک,1,1,یکساں
o37173,"PAIN, labor pains, extending, thighs, into","PAIN, labor pains, extending into groin, thighs, into",تناسلی اعضاء (عورت) — درد، زچگی کے درد، پھیلتے ہوئے، ران میں,2,2,یکساں
o37175,"PAIN, labor pains, extending, upward, run","PAIN, labor pains, extending into groin, upward, run",تناسلی اعضاء (عورت) — درد، زچگی کے درد، پھیلتے ہوئے، اوپر کی طرف، اوپر کو دوڑتے ہوئے,5,5,یکساں
o37199,"PAIN, labor-like, extending, rectum","PAIN, labor-like, extending to back and hips, rectum",تناسلی اعضاء (عورت) — درد، زچگی جیسا، پھیلتا ہوا، مقعد,2,2,یکساں
o37200,"PAIN, labor-like, extending, right to left","PAIN, labor-like, extending to back and hips, right to left",تناسلی اعضاء (عورت) — درد، زچگی جیسا، پھیلتا ہوا، دائیں سے بائیں,1,1,یکساں
o37201,"PAIN, labor-like, extending, thighs","PAIN, labor-like, extending to back and hips, thighs",تناسلی اعضاء (عورت) — درد، زچگی جیسا، پھیلتا ہوا، ران تک,10,10,یکساں
o37226,"PAIN, ovaries, alternating, pain in eye, with","PAIN, Ovaries, alternating sides, pain in eye, with",تناسلی اعضاء (عورت) — درد، بیضہ دانیاں، باری باری آنکھ کے درد کے ساتھ,1,1,یکساں
o37229,"PAIN, ovaries, bending, double amel.","PAIN, Ovaries, bending backward amel., double amel.",تناسلی اعضاء (عورت) — درد، بیضہ دانیاں، دوہرا ہو جانے سے آرام,2,2,یکساں
o37232,"PAIN, ovaries, chronic gonorrhoea, with","PAIN, Ovaries, chronic gonorrhœa, with",تناسلی اعضاء (عورت) — درد، بیضہ دانیاں، پرانا سوزاک کے ساتھ,1,1,یکساں
o37240,"PAIN, ovaries, extending, back, up the","PAIN, Ovaries, extending to abdomen, back, up the",تناسلی اعضاء (عورت) — درد، بیضہ دانیاں، پھیلتا ہوا، کمر، کمر، اوپر کی طرف,1,1,یکساں
o37241,"PAIN, ovaries, extending, backward","PAIN, Ovaries, extending to abdomen, backward",تناسلی اعضاء (عورت) — درد، بیضہ دانیاں، پھیلتا ہوا، پیچھے کی طرف,2,2,یکساں
o37242,"PAIN, ovaries, extending, chest","PAIN, Ovaries, extending to abdomen, chest",تناسلی اعضاء (عورت) — درد، بیضہ دانیاں، پھیلتا ہوا، سینہ,2,2,یکساں
o37243,"PAIN, ovaries, extending, chest, left","PAIN, Ovaries, extending to abdomen, chest, left",تناسلی اعضاء (عورت) — درد، بیضہ دانیاں، پھیلتا ہوا، سینہ، سینہ، بائیں,1,1,یکساں
o37244,"PAIN, ovaries, extending, crural region, down","PAIN, Ovaries, extending to abdomen, crural region, down",تناسلی اعضاء (عورت) — درد، بیضہ دانیاں، پھیلتا ہوا، ران کے علاقے تک نیچے,3,3,یکساں
o37245,"PAIN, ovaries, extending, diagonally upward","PAIN, Ovaries, extending to abdomen, diagonally upward",تناسلی اعضاء (عورت) — درد، بیضہ دانیاں، پھیلتا ہوا، ترچھا اوپر کی طرف,3,3,یکساں
o37247,"PAIN, ovaries, extending, downwards, and forwards","PAIN, Ovaries, extending to abdomen, downwards, and forwards",تناسلی اعضاء (عورت) — درد، بیضہ دانیاں، پھیلتا ہوا، نیچے کی طرف، اور آگے کی طرف,1,1,یکساں
o37248,"PAIN, ovaries, extending, genitals, to","PAIN, Ovaries, extending to abdomen, genitals, to",تناسلی اعضاء (عورت) — درد، بیضہ دانیاں، پھیلتا ہوا، شرمگاہ تک,1,1,یکساں
o37250,"PAIN, ovaries, extending, groin, hypogastrium and","PAIN, Ovaries, extending to abdomen, groin, hypogastrium and",تناسلی اعضاء (عورت) — درد، بیضہ دانیاں، پھیلتا ہوا، کچھوں تک، کچھوں، ناف کے نیچے کے حصے تک,1,1,یکساں
o37251,"PAIN, ovaries, extending, groin, left","PAIN, Ovaries, extending to abdomen, groin, left",تناسلی اعضاء (عورت) — درد، بیضہ دانیاں، پھیلتا ہوا، کچھوں تک، کچھوں، بائیں,2,2,یکساں
o37252,"PAIN, ovaries, extending, groin, through toward left leg","PAIN, Ovaries, extending to abdomen, groin, through toward left leg",تناسلی اعضاء (عورت) — درد، بیضہ دانیاں، پھیلتا ہوا، کچھوں تک، کچھوں سے ہو کر بائیں ٹانگ کی طرف,1,1,یکساں
o37253,"PAIN, ovaries, extending, hips","PAIN, Ovaries, extending to abdomen, hips",تناسلی اعضاء (عورت) — درد، بیضہ دانیاں، پھیلتا ہوا، کولھوں,8,8,یکساں
o37254,"PAIN, ovaries, extending, knee","PAIN, Ovaries, extending to abdomen, knee",تناسلی اعضاء (عورت) — درد، بیضہ دانیاں، پھیلتا ہوا، گھٹنے,2,2,یکساں
o37256,"PAIN, ovaries, extending, limbs, down, left","PAIN, Ovaries, extending to abdomen, limbs, down, left",تناسلی اعضاء (عورت) — درد، بیضہ دانیاں، پھیلتا ہوا، ٹانگوں تک نیچے، بائیں,6,6,یکساں
o37257,"PAIN, ovaries, extending, limbs, down, right","PAIN, Ovaries, extending to abdomen, limbs, down, right",تناسلی اعضاء (عورت) — درد، بیضہ دانیاں، پھیلتا ہوا، ٹانگوں تک نیچے، دائیں,2,2,یکساں
o37258,"PAIN, ovaries, extending, liver, to","PAIN, Ovaries, extending to abdomen, liver, to",تناسلی اعضاء (عورت) — درد، بیضہ دانیاں، پھیلتا ہوا، جگر تک,1,1,یکساں
o37259,"PAIN, ovaries, extending, loins","PAIN, Ovaries, extending to abdomen, loins",تناسلی اعضاء (عورت) — درد، بیضہ دانیاں، پھیلتا ہوا، کمر کے نچلے حصے,1,1,یکساں
o37260,"PAIN, ovaries, extending, one to the other","PAIN, Ovaries, extending to abdomen, one to the other",تناسلی اعضاء (عورت) — درد، بیضہ دانیاں، پھیلتا ہوا، ایک بیضہ دانی سے دوسری تک,2,2,یکساں
o37261,"PAIN, ovaries, extending, outward","PAIN, Ovaries, extending to abdomen, outward",تناسلی اعضاء (عورت) — درد، بیضہ دانیاں، پھیلتا ہوا، باہر کی طرف,1,1,یکساں
o37262,"PAIN, ovaries, extending, sacrum, to","PAIN, Ovaries, extending to abdomen, sacrum, to",تناسلی اعضاء (عورت) — درد، بیضہ دانیاں، پھیلتا ہوا، کمر کی ہڈی تک,1,1,یکساں
o37263,"PAIN, ovaries, extending, shoulder blade","PAIN, Ovaries, extending to abdomen, shoulder blade",تناسلی اعضاء (عورت) — درد، بیضہ دانیاں، پھیلتا ہوا، شانے کی ہڈی,1,1,یکساں
o37264,"PAIN, ovaries, extending, stomach","PAIN, Ovaries, extending to abdomen, stomach",تناسلی اعضاء (عورت) — درد، بیضہ دانیاں، پھیلتا ہوا، معدے,1,1,یکساں
o37265,"PAIN, ovaries, extending, thighs","PAIN, Ovaries, extending to abdomen, thighs",تناسلی اعضاء (عورت) — درد، بیضہ دانیاں، پھیلتا ہوا، ران تک,21,21,یکساں
o37266,"PAIN, ovaries, extending, thighs, anterior surface","PAIN, Ovaries, extending to abdomen, thighs, anterior surface",تناسلی اعضاء (عورت) — درد، بیضہ دانیاں، پھیلتا ہوا، ران تک، ران کے سامنے کے حصے,2,2,یکساں
o37267,"PAIN, ovaries, extending, thighs, hip, over, region of","PAIN, Ovaries, extending to abdomen, thighs, hip, over, region of",تناسلی اعضاء (عورت) — درد، بیضہ دانیاں، پھیلتا ہوا، ران تک، ران، کولھے کے اوپر کے علاقے,1,1,یکساں
o37269,"PAIN, ovaries, extending, thighs, inner surface, and down knee","PAIN, Ovaries, extending to abdomen, thighs, inner surface, and down knee",تناسلی اعضاء (عورت) — درد، بیضہ دانیاں، پھیلتا ہوا، ران تک، ران کے اندرونی حصے، اور گھٹنے تک نیچے,1,1,یکساں
o37270,"PAIN, ovaries, extending, thighs, outer surface","PAIN, Ovaries, extending to abdomen, thighs, outer surface",تناسلی اعضاء (عورت) — درد، بیضہ دانیاں، پھیلتا ہوا، ران تک، ران کے بیرونی حصے,1,1,یکساں
o37271,"PAIN, ovaries, extending, upward","PAIN, Ovaries, extending to abdomen, upward",تناسلی اعضاء (عورت) — درد، بیضہ دانیاں، پھیلتا ہوا، اوپر کی طرف,4,4,یکساں
o37272,"PAIN, ovaries, extending, uterus, to","PAIN, Ovaries, extending to abdomen, uterus, to",تناسلی اعضاء (عورت) — درد، بیضہ دانیاں، پھیلتا ہوا، رحم تک,5,5,یکساں
o37273,"PAIN, ovaries, extending, vagina","PAIN, Ovaries, extending to abdomen, vagina",تناسلی اعضاء (عورت) — درد، بیضہ دانیاں، پھیلتا ہوا، اندرونی راستے تک,1,1,یکساں
o37286,"PAIN, ovaries, left, lying on left side, amel.","PAIN, Ovaries, left, lying on left side agg., amel.",تناسلی اعضاء (عورت) — درد، بیضہ دانیاں، بائیں کروٹ لیٹنے سے آرام,1,1,یکساں
o37287,"PAIN, ovaries, left, lying on, back amel.","PAIN, Ovaries, left, lying on left side agg., back amel.",تناسلی اعضاء (عورت) — درد، بیضہ دانیاں، بائیں، چت لیٹنے سے آرام,1,1,یکساں
o37290,"PAIN, ovaries, lying, on back amel.","PAIN, Ovaries, lying amel., on back amel.",تناسلی اعضاء (عورت) — درد، بیضہ دانیاں، لیٹنا، چت لیٹنے سے آرام,2,2,یکساں
o37291,"PAIN, ovaries, lying, on back on a hard board or floor amel.","PAIN, Ovaries, lying amel., on back on a hard board or floor amel.",تناسلی اعضاء (عورت) — درد، بیضہ دانیاں، لیٹنا، چت سخت تختے یا فرش پر لیٹنے سے آرام,1,1,یکساں
o37292,"PAIN, ovaries, lying, on left side amel.","PAIN, Ovaries, lying amel., on left side amel.",تناسلی اعضاء (عورت) — درد، بیضہ دانیاں، لیٹنا، بائیں کروٹ لیٹنے سے آرام,1,1,یکساں
o37293,"PAIN, ovaries, lying, on painful side amel.","PAIN, Ovaries, lying amel., on painful side amel.",تناسلی اعضاء (عورت) — درد، بیضہ دانیاں، لیٹنا، درد والی طرف لیٹنے سے آرام,1,1,یکساں
o37294,"PAIN, ovaries, lying, on right side amel.","PAIN, Ovaries, lying amel., on right side amel.",تناسلی اعضاء (عورت) — درد، بیضہ دانیاں، لیٹنا، دائیں کروٹ لیٹنے سے آرام,1,1,یکساں
o37301,"PAIN, ovaries, motion, amel.","PAIN, Ovaries, motion agg., amel.",تناسلی اعضاء (عورت) — درد، بیضہ دانیاں، حرکت سے آرام,1,1,یکساں
o37310,"PAIN, ovaries, raising, the leg","PAIN, Ovaries, raising arms, the leg",تناسلی اعضاء (عورت) — درد، بیضہ دانیاں، ٹانگ اٹھانے پر,1,1,یکساں
o37421,"PAIN, stitching, extending, to vagina","PAIN, stitching, extending to chest, to vagina",تناسلی اعضاء (عورت) — درد، چبھتا ہوا، اندرونی راستے تک پھیلتا ہوا,2,2,یکساں
o37430,"PAIN, stitching, ovaries, extending, left","PAIN, stitching, Ovaries, extending up side, left",تناسلی اعضاء (عورت) — درد، چبھتا ہوا، بیضہ دانیاں، پھیلتا ہوا، بائیں,1,1,یکساں
o37431,"PAIN, stitching, ovaries, extending, right","PAIN, stitching, Ovaries, extending up side, right",تناسلی اعضاء (عورت) — درد، چبھتا ہوا، بیضہ دانیاں، پھیلتا ہوا، دائیں,1,1,یکساں
o37432,"PAIN, stitching, ovaries, extending, to knee","PAIN, stitching, Ovaries, extending up side, to knee",تناسلی اعضاء (عورت) — درد، چبھتا ہوا، بیضہ دانیاں، پھیلتا ہوا، گھٹنے تک,2,2,یکساں
o37433,"PAIN, stitching, ovaries, extending, to liver","PAIN, stitching, Ovaries, extending up side, to liver",تناسلی اعضاء (عورت) — درد، چبھتا ہوا، بیضہ دانیاں، پھیلتا ہوا، جگر تک,1,1,یکساں
o37434,"PAIN, stitching, ovaries, extending, to thighs","PAIN, stitching, Ovaries, extending up side, to thighs",تناسلی اعضاء (عورت) — درد، چبھتا ہوا، بیضہ دانیاں، پھیلتا ہوا، ران تک,3,3,یکساں
o37445,"PAIN, stitching, uterus, extending, up back","PAIN, stitching, Uterus, extending to right side of chest, up back",تناسلی اعضاء (عورت) — درد، چبھتا ہوا، رحم، پھیلتا ہوا، کمر سے اوپر تک,1,1,یکساں
o37446,"PAIN, stitching, uterus, extending, upward","PAIN, stitching, Uterus, extending to right side of chest, upward",تناسلی اعضاء (عورت) — درد، چبھتا ہوا، رحم، پھیلتا ہوا، اوپر کی طرف,3,3,یکساں
o37456,"PAIN, stitching, vagina, extending, upward","PAIN, stitching, Vagina, extending to chest, upward",تناسلی اعضاء (عورت) — درد، چبھتا ہوا، اندرونی راستہ، اوپر کی طرف پھیلتا ہوا,8,8,یکساں
o37490,"PAIN, uterus, extending, back to groin","PAIN, Uterus (See Abdomen, Pain), extending to back, back to groin",تناسلی اعضاء (عورت) — درد، رحم، پھیلتا ہوا، کمر سے کچھوں تک,1,1,یکساں
o37491,"PAIN, uterus, extending, breasts","PAIN, Uterus (See Abdomen, Pain), extending to back, breasts",تناسلی اعضاء (عورت) — درد، رحم، پھیلتا ہوا، چھاتیوں تک,2,2,یکساں
o37492,"PAIN, uterus, extending, breasts, and right side of abdomen","PAIN, Uterus (See Abdomen, Pain), extending to back, breasts, and right side of abdomen",تناسلی اعضاء (عورت) — درد، رحم، پھیلتا ہوا، چھاتیوں تک، اور پیٹ کے دائیں حصے تک,1,1,یکساں
o37493,"PAIN, uterus, extending, breasts, left","PAIN, Uterus (See Abdomen, Pain), extending to back, breasts, left",تناسلی اعضاء (عورت) — درد، رحم، پھیلتا ہوا، چھاتیوں تک، بائیں,1,1,یکساں
o37494,"PAIN, uterus, extending, chest","PAIN, Uterus (See Abdomen, Pain), extending to back, chest",تناسلی اعضاء (عورت) — درد، رحم، پھیلتا ہوا، سینے تک,2,2,یکساں
o37495,"PAIN, uterus, extending, coccyx and toes","PAIN, Uterus (See Abdomen, Pain), extending to back, coccyx and toes",تناسلی اعضاء (عورت) — درد، رحم، پھیلتا ہوا، دمچی کی ہڈی اور انگلیوں تک,1,1,یکساں
o37496,"PAIN, uterus, extending, diagonally upwards","PAIN, Uterus (See Abdomen, Pain), extending to back, diagonally upwards",تناسلی اعضاء (عورت) — درد، رحم، پھیلتا ہوا، ترچھا اوپر کی طرف,1,1,یکساں
o37497,"PAIN, uterus, extending, down the thighs","PAIN, Uterus (See Abdomen, Pain), extending to back, down the thighs",تناسلی اعضاء (عورت) — درد، رحم، پھیلتا ہوا، ران سے نیچے,17,17,یکساں
o37498,"PAIN, uterus, extending, down the thighs, reading or writing, from","PAIN, Uterus (See Abdomen, Pain), extending to back, down the thighs, reading or writing, from",تناسلی اعضاء (عورت) — درد، رحم، پھیلتا ہوا، ران سے نیچے، پڑھنے یا لکھنے سے,1,1,یکساں
o37499,"PAIN, uterus, extending, downward","PAIN, Uterus (See Abdomen, Pain), extending to back, downward",تناسلی اعضاء (عورت) — درد، رحم، پھیلتا ہوا، نیچے کی طرف,20,20,یکساں
o37500,"PAIN, uterus, extending, labia, into","PAIN, Uterus (See Abdomen, Pain), extending to back, labia, into",تناسلی اعضاء (عورت) — درد، رحم، پھیلتا ہوا، ہونٹوں میں,1,1,یکساں
o37501,"PAIN, uterus, extending, sacrum","PAIN, Uterus (See Abdomen, Pain), extending to back, sacrum",تناسلی اعضاء (عورت) — درد، رحم، پھیلتا ہوا، کمر کی ہڈی تک,1,1,یکساں
o37502,"PAIN, uterus, extending, stomach","PAIN, Uterus (See Abdomen, Pain), extending to back, stomach",تناسلی اعضاء (عورت) — درد، رحم، پھیلتا ہوا، معدے تک,4,4,یکساں
o37503,"PAIN, uterus, extending, umbilicus, to","PAIN, Uterus (See Abdomen, Pain), extending to back, umbilicus, to",تناسلی اعضاء (عورت) — درد، رحم، پھیلتا ہوا، ناف تک,1,1,یکساں
o37504,"PAIN, uterus, extending, upward","PAIN, Uterus (See Abdomen, Pain), extending to back, upward",تناسلی اعضاء (عورت) — درد، رحم، پھیلتا ہوا، اوپر کی طرف,6,6,یکساں
o37505,"PAIN, uterus, extending, upward, to right side of abdomen","PAIN, Uterus (See Abdomen, Pain), extending to back, upward, to right side of abdomen",تناسلی اعضاء (عورت) — درد، رحم، پھیلتا ہوا، اوپر کی طرف، پیٹ کے دائیں حصے تک,1,1,یکساں
o37548,"PAIN, vagina, extending, meatus","PAIN, Vagina, extending to chest, meatus",تناسلی اعضاء (عورت) — درد، اندرونی راستہ، پھیلتا ہوا، پیشاب کے منہ تک,1,1,یکساں
o37549,"PAIN, vagina, extending, upward","PAIN, Vagina, extending to chest, upward",تناسلی اعضاء (عورت) — درد، اندرونی راستہ، پھیلتا ہوا، اوپر کی طرف,3,3,یکساں
o37605,"SHOCKS in, vagina","SHOCKS in uterus on falling asleep, vagina",تناسلی اعضاء (عورت) — جھٹکے، اندرونی راستہ,1,1,یکساں
o37614,"SWOLLEN, labia, between","SWOLLEN, labia minora, between",تناسلی اعضاء (عورت) — سوجن، ہونٹوں کے درمیان,1,1,یکساں
o37617,"SWOLLEN, oedematous","SWOLLEN, œdematous",تناسلی اعضاء (عورت) — سوجن، پانی بھری (ورم والی),6,6,یکساں
r100,"DESIRE diminished, sexual excitement, with","DESIRE diminished, sexual excitement, with",تناسلی اعضاء (عورت) — خواہش کم، شہوانی جوش کے ساتھ,1,1,یکساں
r1001,"PAIN, cramping, uterus, broad ligaments","PAIN, cramping, Uterus, broad ligaments",تناسلی اعضاء (عورت) — درد، اینٹھن والا، رحم کی چوڑی لگاموں میں,1,1,یکساں
r1003,"PAIN, cutting, left to right","PAIN, cutting, left to right",تناسلی اعضاء (عورت) — درد، کاٹتا ہوا، بائیں سے دائیں,1,1,یکساں
r1004,"PAIN, cutting, motion, on","PAIN, cutting, motion, on",تناسلی اعضاء (عورت) — درد، کاٹتا ہوا، حرکت پر,2,2,یکساں
r1005,"PAIN, cutting, urinating, when","PAIN, cutting, urinating, when",تناسلی اعضاء (عورت) — درد، کاٹتا ہوا، پیشاب کرتے وقت,1,1,یکساں
r1006,"PAIN, cutting, walking, while","PAIN, cutting, walking, while",تناسلی اعضاء (عورت) — درد، کاٹتا ہوا، چلتے ہوئے,1,1,یکساں
r1009,"PAIN, cutting, ovaries, right, to left","PAIN, cutting, Ovaries, right, to left",تناسلی اعضاء (عورت) — درد، کاٹتا ہوا، بیضہ دانیاں، دائیں سے بائیں,1,1,یکساں
r1011,"PAIN, cutting, ovaries, left, then right","PAIN, cutting, Ovaries, left, then right",تناسلی اعضاء (عورت) — درد، کاٹتا ہوا، بیضہ دانیاں، بائیں پھر دائیں,1,1,یکساں
r1012,"PAIN, cutting, ovaries, menses, during","PAIN, cutting, Ovaries, menses, during",تناسلی اعضاء (عورت) — درد، کاٹتا ہوا، بیضہ دانیاں، حیض کے دوران,5,5,یکساں
r1013,"PAIN, cutting, ovaries, stretching in bed","PAIN, cutting, Ovaries, stretching in bed",تناسلی اعضاء (عورت) — درد، کاٹتا ہوا، بیضہ دانیاں، بستر میں انگڑائی لینے پر,1,1,یکساں
r1014,"PAIN, cutting, ovaries, urinating, when","PAIN, cutting, Ovaries, urinating, when",تناسلی اعضاء (عورت) — درد، کاٹتا ہوا، بیضہ دانیاں، پیشاب کرتے وقت,1,1,یکساں
r1015,"PAIN, cutting, ovaries, extending down thighs","PAIN, cutting, Ovaries, extending down thighs",تناسلی اعضاء (عورت) — درد، کاٹتا ہوا، بیضہ دانیاں، ران سے نیچے پھیلتا ہوا,2,2,یکساں
r1017,"PAIN, cutting, uterus, breath, every","PAIN, cutting, Uterus, breath, every",تناسلی اعضاء (عورت) — درد، کاٹتا ہوا، رحم، ہر سانس پر,1,1,یکساں
r1018,"PAIN, cutting, uterus, coition, during","PAIN, cutting, Uterus, coition, during",تناسلی اعضاء (عورت) — درد، کاٹتا ہوا، رحم، جماع کے دوران,1,1,یکساں
r1019,"PAIN, cutting, uterus, menses, before","PAIN, cutting, Uterus, menses, before",تناسلی اعضاء (عورت) — درد، کاٹتا ہوا، رحم، حیض سے پہلے,4,4,یکساں
r1021,"PAIN, cutting, uterus, motion, during","PAIN, cutting, Uterus, motion, during",تناسلی اعضاء (عورت) — درد، کاٹتا ہوا، رحم، حرکت کے دوران,1,1,یکساں
r1022,"PAIN, cutting, uterus, stool, after, amel.","PAIN, cutting, Uterus, stool, after, amel.",تناسلی اعضاء (عورت) — درد، کاٹتا ہوا، رحم، پاخانے کے بعد آرام,1,1,یکساں
r1023,"PAIN, cutting, uterus, washing in cold water","PAIN, cutting, Uterus, washing in cold water",تناسلی اعضاء (عورت) — درد، کاٹتا ہوا، رحم، ٹھنڈے پانی سے دھونے پر,1,1,یکساں
r1024,"PAIN, cutting, uterus, extending to sacrum","PAIN, cutting, Uterus, extending to sacrum",تناسلی اعضاء (عورت) — درد، کاٹتا ہوا، رحم، کمر کی ہڈی تک پھیلتا ہوا,1,1,یکساں
r1026,"PAIN, cutting, vagina, coition, during","PAIN, cutting, Vagina, coition, during",تناسلی اعضاء (عورت) — درد، کاٹتا ہوا، جماع کے دوران,2,2,یکساں
r1027,"PAIN, darting (See Stitching)","PAIN, darting (See Stitching)",تناسلی اعضاء (عورت) — درد، تیر جیسا,0,0,یکساں
r1030,"PAIN, digging, uterus, menses, during","PAIN, digging, Uterus, menses, during",تناسلی اعضاء (عورت) — درد، کھودتا ہوا، رحم، حیض کے دوران,1,1,یکساں
r1031,"PAIN, dragging (See Bearing Down, Abdomen, Dragging Pain in)","PAIN, dragging (See Bearing Down, Abdomen, Dragging Pain in)",تناسلی اعضاء (عورت) — درد، نیچے کو کھینچنے والا,0,0,یکساں
r1033,"PAIN, drawing, stool, before","PAIN, drawing, stool, before",تناسلی اعضاء (عورت) — درد، کھینچتا ہوا، پاخانے سے پہلے,1,1,یکساں
r1035,"PAIN, drawing, ovaries, right","PAIN, drawing, Ovaries, right",تناسلی اعضاء (عورت) — درد، کھینچتا ہوا، بیضہ دانیاں، دائیں,3,3,یکساں
r1036,"PAIN, drawing, ovaries, left","PAIN, drawing, Ovaries, left",تناسلی اعضاء (عورت) — درد، کھینچتا ہوا، بیضہ دانیاں، بائیں,1,1,یکساں
r1037,"PAIN, drawing, ovaries, coition, after","PAIN, drawing, Ovaries, coition, after",تناسلی اعضاء (عورت) — درد، کھینچتا ہوا، بیضہ دانیاں، جماع کے بعد,1,1,یکساں
r1038,"PAIN, drawing, ovaries, menses, before","PAIN, drawing, Ovaries, menses, before",تناسلی اعضاء (عورت) — درد، کھینچتا ہوا، بیضہ دانیاں، حیض سے پہلے,1,1,یکساں
r1039,"PAIN, drawing, ovaries, motion agg.","PAIN, drawing, Ovaries, motion agg.",تناسلی اعضاء (عورت) — درد، کھینچتا ہوا، بیضہ دانیاں، حرکت سے بگاڑ,1,1,یکساں
r1040,"PAIN, drawing, ovaries, raising arms","PAIN, drawing, Ovaries, raising arms",تناسلی اعضاء (عورت) — درد، کھینچتا ہوا، بیضہ دانیاں، بازو اٹھانے پر,1,1,یکساں
r1041,"PAIN, drawing, ovaries, rubbing amel.","PAIN, drawing, Ovaries, rubbing amel.",تناسلی اعضاء (عورت) — درد، کھینچتا ہوا، بیضہ دانیاں، ملنے سے آرام,1,1,یکساں
r1042,"PAIN, drawing, ovaries, sitting bent, from","PAIN, drawing, Ovaries, sitting bent, from",تناسلی اعضاء (عورت) — درد، کھینچتا ہوا، بیضہ دانیاں، جھک کر بیٹھنے سے,1,1,یکساں
r1043,"PAIN, drawing, ovaries, extending into thighs","PAIN, drawing, Ovaries, extending into thighs",تناسلی اعضاء (عورت) — درد، کھینچتا ہوا، بیضہ دانیاں، ران میں پھیلتا ہوا,1,1,یکساں
r1045,"PAIN, drawing, uterus, coition, after","PAIN, drawing, Uterus, coition, after",تناسلی اعضاء (عورت) — درد، کھینچتا ہوا، رحم، جماع کے بعد,1,1,یکساں
r1046,"PAIN, drawing, uterus, menses, would appear, as if","PAIN, drawing, Uterus, menses, would appear, as if",تناسلی اعضاء (عورت) — درد، کھینچتا ہوا، رحم، حیض، جیسے حیض آ جائے گا,1,1,یکساں
r1048,"PAIN, drawing, vagina","PAIN, drawing, Vagina",تناسلی اعضاء (عورت) — درد، کھینچتا ہوا، اندرونی راستہ,2,2,یکساں
r1050,"PAIN, gnawing, ovaries","PAIN, gnawing, Ovaries",تناسلی اعضاء (عورت) — درد، کترتا ہوا، بیضہ دانیاں,4,4,یکساں
r1051,"PAIN, gnawing, ovaries, right","PAIN, gnawing, Ovaries, right",تناسلی اعضاء (عورت) — درد، کترتا ہوا، بیضہ دانیاں، دائیں,2,2,یکساں
r1052,"PAIN, gnawing, ovaries, right, walking","PAIN, gnawing, Ovaries, right, walking",تناسلی اعضاء (عورت) — درد، کترتا ہوا، بیضہ دانیاں، دائیں، چلنے پر,2,2,یکساں
r1053,"PAIN, gnawing, ovaries, left","PAIN, gnawing, Ovaries, left",تناسلی اعضاء (عورت) — درد، کترتا ہوا، بیضہ دانیاں، بائیں,1,1,یکساں
r1054,"PAIN, gnawing, uterus","PAIN, gnawing, Uterus",تناسلی اعضاء (عورت) — درد، کترتا ہوا، رحم,1,1,یکساں
r1055,"PAIN, gnawing, vagina","PAIN, gnawing, Vagina",تناسلی اعضاء (عورت) — درد، کترتا ہوا، اندرونی راستہ,1,1,یکساں
r1058,"PAIN, grinding, ovaries","PAIN, grinding, Ovaries",تناسلی اعضاء (عورت) — درد، پیستا ہوا، بیضہ دانیاں,2,2,یکساں
r1059,"PAIN, griping ovaries","PAIN, griping ovaries",تناسلی اعضاء (عورت) — درد، مروڑتے ہوئے، بیضہ دانیاں,2,2,یکساں
r1061,"PAIN, griping, uterus","PAIN, griping ovaries, Uterus",تناسلی اعضاء (عورت) — درد، مروڑتے ہوئے، رحم,2,2,یکساں
r1063,"PAIN, labor-like, menses, before","PAIN, labor-like, menses, before",تناسلی اعضاء (عورت) — درد، زچگی جیسا، حیض سے پہلے,22,22,یکساں
r1067,"PAIN, labor-like, pressure amel.","PAIN, labor-like, pressure amel.",تناسلی اعضاء (عورت) — درد، زچگی جیسا، دبانے سے آرام,1,1,یکساں
r1068,"PAIN, labor-like, standing, while","PAIN, labor-like, standing, while",تناسلی اعضاء (عورت) — درد، زچگی جیسا، کھڑے ہونے پر,1,1,یکساں
r1069,"PAIN, labor-like, stool, during","PAIN, labor-like, stool, during",تناسلی اعضاء (عورت) — درد، زچگی جیسا، پاخانے کے دوران,2,2,یکساں
r1070,"PAIN, labor-like, extending to back and hips","PAIN, labor-like, extending to back and hips",تناسلی اعضاء (عورت) — درد، زچگی جیسا، کمر اور کولھوں تک پھیلتا ہوا,2,2,یکساں
r1075,"PAIN, labor pains, alternate with haemorrhage","PAIN, labor pains, alternate with hæmorrhage",تناسلی اعضاء (عورت) — درد، زچگی کے درد، باری باری خون بہنے کے ساتھ,1,1,یکساں
r1076,"PAIN, labor pains, back, paroxysmal in","PAIN, labor pains, back, paroxysmal in",تناسلی اعضاء (عورت) — درد، زچگی کے درد، کمر میں دوروں کی صورت,2,2,یکساں
r1080,"PAIN, labor pains, ceasing, convulsions come on","PAIN, labor pains, ceasing, convulsions come on",تناسلی اعضاء (عورت) — درد، زچگی کے درد، رک جانا، رکنے پر تشنج شروع ہو جائیں,7,7,یکساں
r1081,"PAIN, labor pains, ceasing, cramp in hip, from","PAIN, labor pains, ceasing, cramp in hip, from",تناسلی اعضاء (عورت) — درد، زچگی کے درد، رک جانا، کولھے کی اینٹھن سے,1,1,یکساں
r1082,"PAIN, labor pains, ceasing, haemorrhage","PAIN, labor pains, ceasing, hæmorrhage",تناسلی اعضاء (عورت) — درد، زچگی کے درد، رک جانا، خون بہنے سے,4,4,یکساں
r1083,"PAIN, labor pains, ceasing, wave from uterus to throat stops the pains","PAIN, labor pains, ceasing, wave from uterus to throat stops the pains",تناسلی اعضاء (عورت) — درد، زچگی کے درد، رک جانا، رحم سے گلے تک جانے والی لہر درد روک دے,1,1,یکساں
r1084,"PAIN, labor pains, cutting, left to right","PAIN, labor pains, cutting, left to right",تناسلی اعضاء (عورت) — درد، زچگی کے درد، کاٹتے ہوئے، بائیں سے دائیں,1,1,یکساں
r1086,"PAIN, labor pains, darting upward from cervix","PAIN, labor pains, darting upward from cervix",تناسلی اعضاء (عورت) — درد، زچگی کے درد، رحم کے منہ سے اوپر کو تیر جیسا,1,1,یکساں
r1087,"PAIN, labor pains, desperate, make her","PAIN, labor pains, desperate, make her",تناسلی اعضاء (عورت) — درد، زچگی کے درد، شدید، عورت کو بے قرار کر دیں,2,2,یکساں
r1088,"PAIN, labor pains, distressing","PAIN, labor pains, distressing",تناسلی اعضاء (عورت) — درد، زچگی کے درد، تکلیف دہ,20,20,یکساں
r1089,"PAIN, labor pains, distressing, escape, wants to","PAIN, labor pains, distressing, escape, wants to",تناسلی اعضاء (عورت) — درد، زچگی کے درد، تکلیف دہ، بھاگ جانے کو جی چاہے,1,1,یکساں
r1090,"PAIN, labor pains, excessive","PAIN, labor pains, excessive",تناسلی اعضاء (عورت) — درد، زچگی کے درد، حد سے زیادہ,13,13,یکساں
r1091,"PAIN, labor pains, fainting, causing","PAIN, labor pains, fainting, causing",تناسلی اعضاء (عورت) — درد، زچگی کے درد، غشی لانے والے,3,3,یکساں
r1092,"PAIN, labor pains, false","PAIN, labor pains, false",تناسلی اعضاء (عورت) — درد، زچگی کے درد، جھوٹے,21,21,یکساں
r1093,"PAIN, labor pains, groin, felt in","PAIN, labor pains, groin, felt in",تناسلی اعضاء (عورت) — درد، زچگی کے درد، کچھوں میں محسوس ہوں,1,1,یکساں
r1094,"PAIN, labor pains, ineffectual","PAIN, labor pains, ineffectual",تناسلی اعضاء (عورت) — درد، زچگی کے درد، بے سود (بے کار),18,18,یکساں
r1095,"PAIN, labor pains, interrupted","PAIN, labor pains, interrupted",تناسلی اعضاء (عورت) — درد، زچگی کے درد، رک رک کر,3,3,یکساں
r1096,"PAIN, labor pains, interrupted, by spasms","PAIN, labor pains, interrupted, by spasms",تناسلی اعضاء (عورت) — درد، زچگی کے درد، رک رک کر، تشنج سے رک رک کر,1,1,یکساں
r1097,"PAIN, labor pains, irregular","PAIN, labor pains, irregular",تناسلی اعضاء (عورت) — درد، زچگی کے درد، بے قاعدہ,11,11,یکساں
r1098,"PAIN, labor pains, left-sided","PAIN, labor pains, left-sided",تناسلی اعضاء (عورت) — درد، زچگی کے درد، بائیں طرف کے,1,1,یکساں
r1099,"PAIN, labor pains, noise agg.","PAIN, labor pains, noise agg.",تناسلی اعضاء (عورت) — درد، زچگی کے درد، شور سے بگاڑ,1,1,یکساں
r1100,"PAIN, labor pains, prolonged","PAIN, labor pains, prolonged",تناسلی اعضاء (عورت) — درد، زچگی کے درد، طویل,3,3,یکساں
r1101,"PAIN, labor pains, shooting","PAIN, labor pains, shooting",تناسلی اعضاء (عورت) — درد، زچگی کے درد، دوڑتے ہوئے,1,1,یکساں
r1102,"PAIN, labor pains, short","PAIN, labor pains, short",تناسلی اعضاء (عورت) — درد، زچگی کے درد، مختصر,2,2,یکساں
r1103,"PAIN, labor pains, sluggish","PAIN, labor pains, sluggish",تناسلی اعضاء (عورت) — درد، زچگی کے درد، سست,1,1,یکساں
r1104,"PAIN, labor pains, soreness, with","PAIN, labor pains, soreness, with",تناسلی اعضاء (عورت) — درد، زچگی کے درد، دکھن کے ساتھ,2,2,یکساں
r1105,"PAIN, labor pains, spasmodic","PAIN, labor pains, spasmodic",تناسلی اعضاء (عورت) — درد، زچگی کے درد، تشنجی,29,29,یکساں
r1106,"PAIN, labor pains, stool, causing urging to","PAIN, labor pains, stool, causing urging to",تناسلی اعضاء (عورت) — درد، زچگی کے درد، پاخانے کی خواہش پیدا کریں,2,2,یکساں
r1107,"PAIN, labor pains, stomach, felt more in, than in uterus","PAIN, labor pains, stomach, felt more in, than in uterus",تناسلی اعضاء (عورت) — درد، زچگی کے درد، معدے میں زیادہ محسوس ہوں، رحم کے مقابلے,1,1,یکساں
r1108,"PAIN, labor pains, suppressed and wanting","PAIN, labor pains, suppressed and wanting",تناسلی اعضاء (عورت) — درد، زچگی کے درد، دبے ہوئے اور غائب,7,7,یکساں
r1109,"PAIN, labor pains, twitching, with","PAIN, labor pains, twitching, with",تناسلی اعضاء (عورت) — درد، زچگی کے درد، پھڑکنے کے ساتھ,1,1,یکساں
r1110,"PAIN, labor pains, walking agg.","PAIN, labor pains, walking agg.",تناسلی اعضاء (عورت) — درد، زچگی کے درد، چلنے سے بگاڑ,1,1,یکساں
r1111,"PAIN, labor pains, weak","PAIN, labor pains, weak",تناسلی اعضاء (عورت) — درد، زچگی کے درد، کمزور,32,32,یکساں
r1112,"PAIN, labor pains, extending into groin","PAIN, labor pains, extending into groin",تناسلی اعضاء (عورت) — درد، زچگی کے درد، کچھوں میں پھیلتے ہوئے,2,2,یکساں
r1119,"PAIN, lancinating, breathing agg.","PAIN, lancinating, breathing agg.",تناسلی اعضاء (عورت) — درد، نشتر جیسا، سانس لینے سے بگاڑ,1,1,یکساں
r1120,"PAIN, lancinating, urination, during","PAIN, lancinating, urination, during",تناسلی اعضاء (عورت) — درد، نشتر جیسا، پیشاب کے دوران,1,1,یکساں
r1121,"PAIN, lancinating, ovaries","PAIN, lancinating, Ovaries",تناسلی اعضاء (عورت) — درد، نشتر جیسا، بیضہ دانیاں,8,8,گریڈ کتابی مطابق کیے
r1122,"PAIN, lancinating, ovaries, menses, during","PAIN, lancinating, Ovaries, menses, during",تناسلی اعضاء (عورت) — درد، نشتر جیسا، بیضہ دانیاں، حیض کے دوران,2,2,یکساں
r1124,"PAIN, lancinating, uterus","PAIN, lancinating, Uterus",تناسلی اعضاء (عورت) — درد، نشتر جیسا، رحم,12,12,یکساں
r1125,"PAIN, lancinating, uterus, touch agg.","PAIN, lancinating, Uterus, touch agg.",تناسلی اعضاء (عورت) — درد، نشتر جیسا، رحم، چھونے سے بگاڑ,1,1,یکساں
r1126,"PAIN, lancinating, uterus, washing in cold water, while","PAIN, lancinating, Uterus, washing in cold water, while",تناسلی اعضاء (عورت) — درد، نشتر جیسا، رحم، ٹھنڈے پانی سے دھوتے ہوئے,1,1,یکساں
r1127,"PAIN, lancinating, uterus, extending upward","PAIN, lancinating, Uterus, extending upward",تناسلی اعضاء (عورت) — درد، نشتر جیسا، رحم، اوپر کی طرف پھیلتا ہوا,2,2,یکساں
r1128,"PAIN, lancinating, vagina","PAIN, lancinating, Vagina",تناسلی اعضاء (عورت) — درد، نشتر جیسا، اندرونی راستہ,2,2,یکساں
r1129,"PAIN, lancinating, vagina, walking agg.","PAIN, lancinating, Vagina, walking agg.",تناسلی اعضاء (عورت) — درد، نشتر جیسا، اندرونی راستہ، چلنے سے بگاڑ,1,1,یکساں
r1131,"PAIN, pinching, menses would appear, as if","PAIN, pinching, menses would appear, as if",تناسلی اعضاء (عورت) — درد، چٹکی لینے والا، جیسے حیض آ جائے گا,1,1,یکساں
r1132,"PAIN, pinching, ovaries","PAIN, pinching, Ovaries",تناسلی اعضاء (عورت) — درد، چٹکی لینے والا، بیضہ دانیاں,4,4,یکساں
r1134,"PAIN, pinching, uterus, menses, before","PAIN, pinching, Uterus, menses, before",تناسلی اعضاء (عورت) — درد، چٹکی لینے والا، رحم، حیض سے پہلے,2,2,یکساں
r1136,"PAIN, pressing, menses, before","PAIN, pressing, menses, before",تناسلی اعضاء (عورت) — درد، دبانے والا، حیض سے پہلے,2,2,یکساں
r1138,"PAIN, pressing, sitting, while","PAIN, pressing, sitting, while",تناسلی اعضاء (عورت) — درد، دبانے والا، بیٹھے ہوئے,1,1,یکساں
r1139,"PAIN, pressing, stool, during","PAIN, pressing, stool, during",تناسلی اعضاء (عورت) — درد، دبانے والا، پاخانے کے دوران,1,1,یکساں
r114,"DESIRE, increased, metrorrhagia, during","DESIRE diminished, increased, metrorrhagia, during",تناسلی اعضاء (عورت) — خواہش، بڑھی ہوئی، رحم سے خون بہنے کے دوران,2,2,یکساں
r1141,"PAIN, pressing, ovaries, right","PAIN, pressing, Ovaries, right",تناسلی اعضاء (عورت) — درد، دبانے والا، بیضہ دانیاں، دائیں,3,3,یکساں
r1142,"PAIN, pressing, ovaries, left","PAIN, pressing, Ovaries, left",تناسلی اعضاء (عورت) — درد، دبانے والا، بیضہ دانیاں، بائیں,2,2,یکساں
r1143,"PAIN, pressing, ovaries, menses would appear, as though","PAIN, pressing, Ovaries, menses would appear, as though",تناسلی اعضاء (عورت) — درد، دبانے والا، بیضہ دانیاں، جیسے حیض آ جائے گا,1,1,یکساں
r1144,"PAIN, pressing, ovaries, stool, with urging to, after menses","PAIN, pressing, Ovaries, stool, with urging to, after menses",تناسلی اعضاء (عورت) — درد، دبانے والا، بیضہ دانیاں، پاخانے کی خواہش کے ساتھ، حیض کے بعد,1,1,یکساں
r1146,"PAIN, pressing, uterus, morning","PAIN, pressing, Uterus (See Bearing Down), morning",تناسلی اعضاء (عورت) — درد، دبانے والا، رحم، صبح,1,1,یکساں
r1147,"PAIN, pressing, uterus, menses would appear, as if","PAIN, pressing, Uterus (See Bearing Down), menses would appear, as if",تناسلی اعضاء (عورت) — درد، دبانے والا، رحم، جیسے حیض آ جائے گا,2,2,یکساں
r1149,"PAIN, pressing, uterus, stool, during","PAIN, pressing, Uterus (See Bearing Down), stool, during",تناسلی اعضاء (عورت) — درد، دبانے والا، رحم، پاخانے کے دوران,1,1,یکساں
r115,"DESIRE, increased, old women","DESIRE diminished, increased, old women",تناسلی اعضاء (عورت) — خواہش، بڑھی ہوئی، بوڑھی عورتوں میں,1,1,یکساں
r1151,"PAIN, pressing, vagina, morning","PAIN, pressing, Vagina, morning",تناسلی اعضاء (عورت) — درد، دبانے والا، اندرونی راستہ، صبح,1,1,یکساں
r1154,"PAIN, pressing, vagina, stool, during","PAIN, pressing, Vagina, stool, during",تناسلی اعضاء (عورت) — درد، دبانے والا، اندرونی راستہ، پاخانے کے دوران,1,1,یکساں
r1155,"PAIN, pressing, vagina, stooping, when","PAIN, pressing, Vagina, stooping, when",تناسلی اعضاء (عورت) — درد، دبانے والا، اندرونی راستہ، جھکنے پر,1,1,یکساں
r1157,"PAIN, sharp, ovaries","PAIN, sharp, Ovaries",تناسلی اعضاء (عورت) — درد، تیز دھار، بیضہ دانیاں,12,12,یکساں
r1159,"PAIN, sharp, uterus, nursing, while","PAIN, sharp, Uterus, nursing, while",تناسلی اعضاء (عورت) — درد، تیز دھار، رحم، دودھ پلاتے ہوئے,1,1,یکساں
r116,"DESIRE, increased, pregnancy, during","DESIRE diminished, increased, pregnancy, during",تناسلی اعضاء (عورت) — خواہش، بڑھی ہوئی، حمل کے دوران,7,7,یکساں
r1160,"PAIN, shooting (See Stitching)","PAIN, shooting (See Stitching)",تناسلی اعضاء (عورت) — درد، دوڑتا ہوا,0,0,یکساں
r1161,"PAIN, smarting (See Burning)","PAIN, smarting (See Burning)",تناسلی اعضاء (عورت) — درد، چبھن والا (جھلسا دینے والا),0,0,یکساں
r1162,"PAIN, sore, tenderness","PAIN, sore, tenderness",تناسلی اعضاء (عورت) — درد، دکھتا، کچلا ہوا، نرمی (چھونے پر درد),38,38,یکساں
r117,"DESIRE, increased, scratching, distant parts, from","DESIRE diminished, increased, scratching, distant parts, from",تناسلی اعضاء (عورت) — خواہش، بڑھی ہوئی، جسم کے دور دراز حصوں کو کھرچنے سے,1,1,یکساں
r119,"DESIRE, violent, involuntary orgasms, with","DESIRE diminished, violent, involuntary orgasms, with",تناسلی اعضاء (عورت) — خواہش، شدید، بے اختیار عروج کے ساتھ,10,10,یکساں
r1194,"PAIN, squeezing, ovaries","PAIN, squeezing, ovaries",تناسلی اعضاء (عورت) — درد، نچوڑنے والا، بیضہ دانیاں,2,2,یکساں
r1196,"PAIN, stinging, menses, before","PAIN, stinging, menses, before",تناسلی اعضاء (عورت) — درد، ڈنک جیسا، حیض سے پہلے,1,1,یکساں
r1198,"PAIN, stinging, walking, while","PAIN, stinging, walking, while",تناسلی اعضاء (عورت) — درد، ڈنک جیسا، چلتے ہوئے,1,1,یکساں
r1199,"PAIN, stinging, clitoris, in","PAIN, stinging, clitoris, in",تناسلی اعضاء (عورت) — درد، ڈنک جیسا، عضو تناسل کی چوٹی (کلیٹورس) میں,1,1,یکساں
r12,"ABSCESS, ovaries","ABSCESS, ovaries",تناسلی اعضاء (عورت) — پھوڑا، بیضہ دانیاں,8,8,یکساں
r120,"DESIRE, violent, masturbation, driving her to","DESIRE diminished, violent, masturbation, driving her to",تناسلی اعضاء (عورت) — خواہش، شدید، مشت زنی پر مجبور کرے,8,8,یکساں
r1200,"PAIN, stinging, clitoris, in, night","PAIN, stinging, clitoris, in, night",تناسلی اعضاء (عورت) — درد، ڈنک جیسا، عضو تناسل کی چوٹی (کلیٹورس) میں، رات,1,1,یکساں
r1201,"PAIN, stinging, ovaries","PAIN, stinging, Ovaries",تناسلی اعضاء (عورت) — درد، ڈنک جیسا، بیضہ دانیاں,9,9,یکساں
r1202,"PAIN, stinging, ovaries, right","PAIN, stinging, Ovaries, right",تناسلی اعضاء (عورت) — درد، ڈنک جیسا، بیضہ دانیاں، دائیں,1,1,یکساں
r1203,"PAIN, stinging, ovaries, left","PAIN, stinging, Ovaries, left",تناسلی اعضاء (عورت) — درد، ڈنک جیسا، بیضہ دانیاں، بائیں,1,1,یکساں
r1204,"PAIN, stinging, ovaries, coition, after","PAIN, stinging, Ovaries, coition, after",تناسلی اعضاء (عورت) — درد، ڈنک جیسا، بیضہ دانیاں، جماع کے بعد,1,1,یکساں
r1205,"PAIN, stinging, ovaries, cold amel.","PAIN, stinging, Ovaries, cold amel.",تناسلی اعضاء (عورت) — درد، ڈنک جیسا، بیضہ دانیاں، سردی سے آرام,2,2,یکساں
r1206,"PAIN, stinging, ovaries, menses, during","PAIN, stinging, Ovaries, menses, during",تناسلی اعضاء (عورت) — درد، ڈنک جیسا، بیضہ دانیاں، حیض کے دوران,1,1,یکساں
r1207,"PAIN, stinging, uterus","PAIN, stinging, Uterus",تناسلی اعضاء (عورت) — درد، ڈنک جیسا، رحم,6,6,یکساں
r1208,"PAIN, stinging, vagina","PAIN, stinging, Vagina",تناسلی اعضاء (عورت) — درد، ڈنک جیسا، اندرونی راستہ,5,5,یکساں
r121,"DESIRE, violent, scratching the arm, from","DESIRE diminished, violent, scratching the arm, from",تناسلی اعضاء (عورت) — خواہش، شدید، بازو کھرچنے سے,1,1,یکساں
r1210,"PAIN, stitching, left labium through uterus to right ovary","PAIN, stitching, left labium through uterus to right ovary",تناسلی اعضاء (عورت) — درد، چبھتا ہوا، بائیں ہونٹ سے رحم ہوتے ہوئے دائیں بیضہ دانی تک,4,4,یکساں
r1211,"PAIN, stitching, menses, before","PAIN, stitching, menses, before",تناسلی اعضاء (عورت) — درد، چبھتا ہوا، حیض سے پہلے,1,1,یکساں
r1213,"PAIN, stitching, walking, while","PAIN, stitching, walking, while",تناسلی اعضاء (عورت) — درد، چبھتا ہوا، چلتے ہوئے,1,1,یکساں
r1214,"PAIN, stitching, extending to chest","PAIN, stitching, extending to chest",تناسلی اعضاء (عورت) — درد، چبھتا ہوا، سینے تک پھیلتا ہوا,2,2,یکساں
r1216,"PAIN, stitching, between labia","PAIN, stitching, between labia",تناسلی اعضاء (عورت) — درد، چبھتا ہوا، ہونٹوں کے درمیان,1,1,یکساں
r1217,"PAIN, stitching, clitoris, night","PAIN, stitching, clitoris, night",تناسلی اعضاء (عورت) — درد، چبھتا ہوا، عضو تناسل کی چوٹی (کلیٹورس) میں، رات,1,1,یکساں
r1219,"PAIN, stitching, ovaries, right","PAIN, stitching, Ovaries, right",تناسلی اعضاء (عورت) — درد، چبھتا ہوا، بیضہ دانیاں، دائیں,7,7,یکساں
r122,"DESIRE, virgins, in","DESIRE diminished, virgins, in",تناسلی اعضاء (عورت) — خواہش، کنواری لڑکیوں میں,2,2,یکساں
r1220,"PAIN, stitching, ovaries, right, to left","PAIN, stitching, Ovaries, right, to left",تناسلی اعضاء (عورت) — درد، چبھتا ہوا، بیضہ دانیاں، دائیں سے بائیں,1,1,یکساں
r1222,"PAIN, stitching, ovaries, left, lying on back amel.","PAIN, stitching, Ovaries, left, lying on back amel.",تناسلی اعضاء (عورت) — درد، چبھتا ہوا، بیضہ دانیاں، بائیں، چت لیٹنے سے آرام,1,1,یکساں
r1223,"PAIN, stitching, ovaries, alternating sides","PAIN, stitching, Ovaries, alternating sides",تناسلی اعضاء (عورت) — درد، چبھتا ہوا، بیضہ دانیاں، باری باری دونوں طرف,1,1,یکساں
r1224,"PAIN, stitching, ovaries, breathing, on","PAIN, stitching, Ovaries, breathing, on",تناسلی اعضاء (عورت) — درد، چبھتا ہوا، بیضہ دانیاں، سانس لینے پر,1,1,یکساں
r1226,"PAIN, stitching, ovaries, menses, before","PAIN, stitching, Ovaries, menses, before",تناسلی اعضاء (عورت) — درد، چبھتا ہوا، بیضہ دانیاں، حیض سے پہلے,2,2,یکساں
r1228,"PAIN, stitching, ovaries, motion agg.","PAIN, stitching, Ovaries, motion agg.",تناسلی اعضاء (عورت) — درد، چبھتا ہوا، بیضہ دانیاں، حرکت سے بگاڑ,3,3,یکساں
r1229,"PAIN, stitching, ovaries, standing, while","PAIN, stitching, Ovaries, standing, while",تناسلی اعضاء (عورت) — درد، چبھتا ہوا، بیضہ دانیاں، کھڑے ہوئے,1,1,یکساں
r123,"DESIRE, widows, in","DESIRE diminished, widows, in",تناسلی اعضاء (عورت) — خواہش، بیوہ عورتوں میں,2,2,یکساں
r1230,"PAIN, stitching, ovaries, extending up side","PAIN, stitching, Ovaries, extending up side",تناسلی اعضاء (عورت) — درد، چبھتا ہوا، بیضہ دانیاں، پہلو سے اوپر تک پھیلتا ہوا,3,3,یکساں
r1237,"PAIN, stitching, uterus, menses, before","PAIN, stitching, Uterus, menses, before",تناسلی اعضاء (عورت) — درد، چبھتا ہوا، رحم، حیض سے پہلے,1,1,یکساں
r1239,"PAIN, stitching, uterus, riding, while","PAIN, stitching, Uterus, riding, while",تناسلی اعضاء (عورت) — درد، چبھتا ہوا، رحم، سواری کے دوران,1,1,یکساں
r124,DIPHTHERITIC exudations,DIPHTHERITIC exudations,تناسلی اعضاء (عورت) — خناق جیسی جھلی کا جمع ہونا (ڈپتھیریا),5,5,یکساں
r1240,"PAIN, stitching, uterus, side to side","PAIN, stitching, Uterus, side to side",تناسلی اعضاء (عورت) — درد، چبھتا ہوا، رحم، ایک طرف سے دوسری طرف,1,1,یکساں
r1241,"PAIN, stitching, uterus, walking, while","PAIN, stitching, Uterus, walking, while",تناسلی اعضاء (عورت) — درد، چبھتا ہوا، رحم، چلتے ہوئے,2,2,یکساں
r1242,"PAIN, stitching, uterus, extending to right side of chest","PAIN, stitching, Uterus, extending to right side of chest",تناسلی اعضاء (عورت) — درد، چبھتا ہوا، رحم، سینے کے دائیں پہلو تک پھیلتا ہوا,1,1,یکساں
r1246,"PAIN, stitching, vagina, morning, on waking","PAIN, stitching, Vagina, morning, on waking",تناسلی اعضاء (عورت) — درد، چبھتا ہوا، اندرونی راستہ، صبح جاگنے پر,1,1,یکساں
r1247,"PAIN, stitching, vagina, abdomen, from","PAIN, stitching, Vagina, abdomen, from",تناسلی اعضاء (عورت) — درد، چبھتا ہوا، اندرونی راستہ، پیٹ سے,1,1,یکساں
r1248,"PAIN, stitching, vagina, coition, during","PAIN, stitching, Vagina, coition, during",تناسلی اعضاء (عورت) — درد، چبھتا ہوا، اندرونی راستہ، جماع کے دوران,1,1,یکساں
r1249,"PAIN, stitching, vagina, menses, during","PAIN, stitching, Vagina, menses, during",تناسلی اعضاء (عورت) — درد، چبھتا ہوا، اندرونی راستہ، حیض کے دوران,8,8,یکساں
r125,DISPLACEMENT of uterus,DISPLACEMENT of uterus,تناسلی اعضاء (عورت) — رحم کا کھسک جانا,26,26,یکساں
r1250,"PAIN, stitching, vagina, outward","PAIN, stitching, Vagina, outward",تناسلی اعضاء (عورت) — درد، چبھتا ہوا، اندرونی راستہ، باہر کی طرف,1,1,یکساں
r1251,"PAIN, stitching, vagina, standing, on","PAIN, stitching, Vagina, standing, on",تناسلی اعضاء (عورت) — درد، چبھتا ہوا، اندرونی راستہ، کھڑے ہونے پر,1,1,یکساں
r1252,"PAIN, stitching, vagina, walking, while","PAIN, stitching, Vagina, walking, while",تناسلی اعضاء (عورت) — درد، چبھتا ہوا، اندرونی راستہ، چلتے ہوئے,1,1,یکساں
r1253,"PAIN, stitching, vagina, extending to chest","PAIN, stitching, Vagina, extending to chest",تناسلی اعضاء (عورت) — درد، چبھتا ہوا، اندرونی راستہ، سینے تک پھیلتا ہوا,1,1,یکساں
r1256,"PAIN, tearing, evening","PAIN, tearing, evening",تناسلی اعضاء (عورت) — درد، چیرتا ہوا، شام,1,1,یکساں
r1257,"PAIN, tearing, cry out, making her","PAIN, tearing, cry out, making her",تناسلی اعضاء (عورت) — درد، چیرتا ہوا، رونے پر مجبور کرے,1,1,یکساں
r1258,"PAIN, tearing, menses, during","PAIN, tearing, menses, during",تناسلی اعضاء (عورت) — درد، چیرتا ہوا، حیض کے دوران,1,1,یکساں
r1259,"PAIN, tearing, sitting, while","PAIN, tearing, sitting, while",تناسلی اعضاء (عورت) — درد، چیرتا ہوا، بیٹھے ہوئے,1,1,یکساں
r126,"DISTENDED, as if filled with wind, uterus","DISTENDED, as if filled with wind, uterus",تناسلی اعضاء (عورت) — پھیلا ہوا، جیسے ہوا سے بھرا ہو، رحم,1,1,یکساں
r1260,"PAIN, tearing, extending to anus","PAIN, tearing, extending to anus",تناسلی اعضاء (عورت) — درد، چیرتا ہوا، مقعد تک پھیلتا ہوا,1,1,یکساں
r1261,"PAIN, tearing, meatus, about the","PAIN, tearing, meatus, about the",تناسلی اعضاء (عورت) — درد، چیرتا ہوا، پیشاب کے منہ کے گرد,1,1,یکساں
r1262,"PAIN, tearing, ovaries","PAIN, tearing, Ovaries",تناسلی اعضاء (عورت) — درد، چیرتا ہوا، بیضہ دانیاں,7,7,یکساں
r1263,"PAIN, tearing, ovaries, right","PAIN, tearing, Ovaries, right",تناسلی اعضاء (عورت) — درد، چیرتا ہوا، بیضہ دانیاں، دائیں,2,2,یکساں
r1264,"PAIN, tearing, ovaries, left","PAIN, tearing, Ovaries, left",تناسلی اعضاء (عورت) — درد، چیرتا ہوا، بیضہ دانیاں، بائیں,1,1,یکساں
r1265,"PAIN, tearing, ovaries, menses, during","PAIN, tearing, Ovaries, menses, during",تناسلی اعضاء (عورت) — درد، چیرتا ہوا، بیضہ دانیاں، حیض کے دوران,1,1,یکساں
r1267,"PAIN, tearing, uterus, menses, before","PAIN, tearing, Uterus, menses, before",تناسلی اعضاء (عورت) — درد، چیرتا ہوا، رحم، حیض سے پہلے,1,1,یکساں
r1269,"PAIN, tearing, vagina","PAIN, tearing, Vagina",تناسلی اعضاء (عورت) — درد، چیرتا ہوا، اندرونی راستہ,3,3,یکساں
r1270,PERSPIRATION,PERSPIRATION,تناسلی اعضاء (عورت) — پسینہ,5,5,یکساں
r1271,PHYSOMETRA (See Flatus),PHYSOMETRA (See Flatus),تناسلی اعضاء (عورت) — رحم میں ہوا کا جمع ہونا,0,0,یکساں
r1272,PLACENTA retained,PLACENTA retained,تناسلی اعضاء (عورت) — جفت (نال) باہر نہ نکلنا,15,15,یکساں
r1275,"POLYPUS, uterus, soft","POLYPUS, Uterus, soft",تناسلی اعضاء (عورت) — پولیپ، رحم، نرم,1,1,یکساں
r1276,"POLYPUS, vagina","POLYPUS, Vagina",تناسلی اعضاء (عورت) — پولیپ، اندرونی راستہ,8,8,یکساں
r1278,"PROLAPSUS uterus, morning","PROLAPSUS uterus, morning",تناسلی اعضاء (عورت) — رحم کا اترنا، صبح,2,2,یکساں
r1279,"PROLAPSUS uterus, afternoon","PROLAPSUS uterus, afternoon",تناسلی اعضاء (عورت) — رحم کا اترنا، دوپہر کے بعد,1,1,یکساں
r128,"DROPSY (See Swelling), ovaries","DROPSY (See Swelling), Ovaries",تناسلی اعضاء (عورت) — پانی کا جمع ہونا (استسقاء)، بیضہ دانیاں,33,33,یکساں
r1280,"PROLAPSUS uterus, alternate days, on","PROLAPSUS uterus, alternate days, on",تناسلی اعضاء (عورت) — رحم کا اترنا، ایک دن چھوڑ کر,1,1,یکساں
r1281,"PROLAPSUS uterus, coition amel.","PROLAPSUS uterus, coition amel.",تناسلی اعضاء (عورت) — رحم کا اترنا، جماع سے آرام,1,1,یکساں
r1282,"PROLAPSUS uterus, confinement, after","PROLAPSUS uterus, confinement, after",تناسلی اعضاء (عورت) — رحم کا اترنا، زچگی کے بعد,7,7,یکساں
r1283,"PROLAPSUS uterus, crossing legs amel.","PROLAPSUS uterus, crossing legs amel.",تناسلی اعضاء (عورت) — رحم کا اترنا، ٹانگیں کراس کرنے سے آرام,3,3,یکساں
r1284,"PROLAPSUS uterus, electric shocks down the thighs, with","PROLAPSUS uterus, electric shocks down the thighs, with",تناسلی اعضاء (عورت) — رحم کا اترنا، ران میں بجلی جیسے جھٹکوں کے ساتھ,1,1,یکساں
r1285,"PROLAPSUS uterus, fright, after","PROLAPSUS uterus, fright, after",تناسلی اعضاء (عورت) — رحم کا اترنا، ڈر کے بعد,2,2,یکساں
r1286,"PROLAPSUS uterus, hot weather, in","PROLAPSUS uterus, hot weather, in",تناسلی اعضاء (عورت) — رحم کا اترنا، گرم موسم میں,1,1,یکساں
r1287,"PROLAPSUS uterus, lifting, from","PROLAPSUS uterus, lifting, from",تناسلی اعضاء (عورت) — رحم کا اترنا، وزن اٹھانے سے,5,5,یکساں
r1288,"PROLAPSUS uterus, lying down amel.","PROLAPSUS uterus, lying down amel.",تناسلی اعضاء (عورت) — رحم کا اترنا، لیٹنے سے آرام,2,2,یکساں
r1289,"PROLAPSUS uterus, menses, during","PROLAPSUS uterus, menses, during",تناسلی اعضاء (عورت) — رحم کا اترنا، حیض کے دوران,9,9,یکساں
r129,"DROPSY (See Swelling), uterus","DROPSY (See Swelling), Uterus",تناسلی اعضاء (عورت) — پانی کا جمع ہونا (استسقاء)، رحم,32,32,یکساں
r1291,"PROLAPSUS uterus, reaching up, from","PROLAPSUS uterus, reaching up, from",تناسلی اعضاء (عورت) — رحم کا اترنا، ہاتھ اوپر اٹھانے سے,4,4,یکساں
r1292,"PROLAPSUS uterus, stool, during","PROLAPSUS uterus, stool, during",تناسلی اعضاء (عورت) — رحم کا اترنا، پاخانے کے دوران,6,6,یکساں
r1295,"PROLAPSUS uterus, storm, before a","PROLAPSUS uterus, storm, before a",تناسلی اعضاء (عورت) — رحم کا اترنا، طوفان سے پہلے,1,1,یکساں
r1296,"PROLAPSUS uterus, straining, from","PROLAPSUS uterus, straining, from",تناسلی اعضاء (عورت) — رحم کا اترنا، زور لگانے سے,1,1,یکساں
r1297,"PROLAPSUS uterus, urination, during","PROLAPSUS uterus, urination, during",تناسلی اعضاء (عورت) — رحم کا اترنا، پیشاب کے دوران,1,1,یکساں
r1298,"PROLAPSUS uterus, walks bent","PROLAPSUS uterus, walks bent",تناسلی اعضاء (عورت) — رحم کا اترنا، جھک کر چلے,2,2,یکساں
r13,"ABSCESS, ovaries, left","ABSCESS, ovaries, left",تناسلی اعضاء (عورت) — پھوڑا، بیضہ دانیاں، بائیں,1,1,یکساں
r130,"DROPSY (See Swelling), uterus, daytime","DROPSY (See Swelling), Uterus, daytime",تناسلی اعضاء (عورت) — پانی کا جمع ہونا (استسقاء)، رحم، دن کے وقت,1,1,یکساں
r1304,"PULSATING, coition, after","PULSATING, coition, after",تناسلی اعضاء (عورت) — دھڑکن دار، جماع کے بعد,1,1,یکساں
r1305,"PULSATING, constant behind pubes","PULSATING, constant behind pubes",تناسلی اعضاء (عورت) — دھڑکن دار، پیوبس (ناف کے نیچے کے ابھار) کے پیچھے مسلسل,1,1,یکساں
r1306,"PULSATING, lying on the right side","PULSATING, lying on the right side",تناسلی اعضاء (عورت) — دھڑکن دار، دائیں کروٹ لیٹنے پر,1,1,یکساں
r1308,"PULSATING, ovaries, right","PULSATING, Ovaries, right",تناسلی اعضاء (عورت) — دھڑکن دار، بیضہ دانیاں، دائیں,1,1,یکساں
r1309,"PULSATING, ovaries, menses, during","PULSATING, Ovaries, menses, during",تناسلی اعضاء (عورت) — دھڑکن دار، بیضہ دانیاں، حیض کے دوران,1,1,یکساں
r1310,"PULSATING, ovaries, standing, while","PULSATING, Ovaries, standing, while",تناسلی اعضاء (عورت) — دھڑکن دار، بیضہ دانیاں، کھڑے ہوئے,2,2,یکساں
r1311,"PULSATING, ovaries, walking, while","PULSATING, Ovaries, walking, while",تناسلی اعضاء (عورت) — دھڑکن دار، بیضہ دانیاں، چلتے ہوئے,1,1,یکساں
r1312,"PULSATING, uterus","PULSATING, Uterus",تناسلی اعضاء (عورت) — دھڑکن دار، رحم,10,10,یکساں
r1313,"PULSATING, vagina","PULSATING, Vagina",تناسلی اعضاء (عورت) — دھڑکن دار، اندرونی راستہ,2,2,یکساں
r1314,"PULSATING, vagina, lying amel.","PULSATING, Vagina, lying amel.",تناسلی اعضاء (عورت) — دھڑکن دار، اندرونی راستہ، لیٹنے سے آرام,1,1,یکساں
r1315,"PUSHES up when she sits down, the uterus","PUSHES up when she sits down, the uterus",تناسلی اعضاء (عورت) — بیٹھنے پر اوپر کو دھکیلے، رحم,2,2,یکساں
r1316,REDNESS,REDNESS,تناسلی اعضاء (عورت) — سرخی,13,13,یکساں
r1317,RELAXATION of sphincter vaginae,RELAXATION of sphincter vaginæ,تناسلی اعضاء (عورت) — اندرونی راستے کے منہ کے عضلے کا ڈھیلا پن,19,19,یکساں
r1318,RIGIDITY of os during labor,RIGIDITY of os during labor,تناسلی اعضاء (عورت) — زچگی کے دوران رحم کے منہ کی سختی,14,14,یکساں
r132,"DRYNESS, vagina","DRYNESS, Vagina",تناسلی اعضاء (عورت) — خشکی، اندرونی راستہ,12,12,یکساں
r1320,"SENSITIVE, vagina","SENSITIVE, Vagina",تناسلی اعضاء (عورت) — حساس، اندرونی راستہ,23,23,یکساں
r1321,SEROUS cysts in vagina (See Tumors),SEROUS cysts in vagina (See Tumors),تناسلی اعضاء (عورت) — اندرونی راستے میں پانی بھری تھیلیاں (سسٹ),0,0,یکساں
r1322,SHOCKS in uterus on falling asleep,SHOCKS in uterus on falling asleep,تناسلی اعضاء (عورت) — سوتے وقت رحم میں جھٹکے لگیں,1,1,یکساں
r1325,"SOFT, uterus, feels as if","SOFT, uterus, feels as if",تناسلی اعضاء (عورت) — نرم، رحم، ایسا محسوس ہو جیسے,1,1,یکساں
r1326,"SPASMS in uterus (See Pain, Cramping)","SPASMS in uterus (See Pain, Cramping)",تناسلی اعضاء (عورت) — رحم میں تشنج,0,0,یکساں
r1328,"STERILITY, copious menstrual flow, from","STERILITY, copious menstrual flow, from",تناسلی اعضاء (عورت) — بانجھ پن، حیض کی زیادہ مقدار سے,7,7,یکساں
r1329,"STERILITY, excessive sexual desires from","STERILITY, excessive sexual desires from",تناسلی اعضاء (عورت) — بانجھ پن، حد سے زیادہ جنسی خواہشات سے,4,4,یکساں
r133,"DRYNESS, vagina, menses, during","DRYNESS, Vagina, menses, during",تناسلی اعضاء (عورت) — خشکی، اندرونی راستہ، حیض کے دوران,1,1,یکساں
r1330,SUBINVOLUTION,SUBINVOLUTION,تناسلی اعضاء (عورت) — زچگی کے بعد رحم کا سکڑ کر واپس نہ آنا,29,29,یکساں
r1332,"SWOLLEN, menses, before","SWOLLEN, menses, before",تناسلی اعضاء (عورت) — سوجن، حیض سے پہلے,2,2,یکساں
r1335,"SWOLLEN, pregnancy, during","SWOLLEN, pregnancy, during",تناسلی اعضاء (عورت) — سوجن، حمل کے دوران,2,2,یکساں
r1336,"SWOLLEN, phlegmonous","SWOLLEN, phlegmonous",تناسلی اعضاء (عورت) — سوجن، پیپ بھری سوزش والا,1,1,یکساں
r1337,"SWOLLEN, labia minora","SWOLLEN, labia minora",تناسلی اعضاء (عورت) — سوجن، اندرونی ہونٹ,4,4,یکساں
r1340,"SWOLLEN, ovaries, right","SWOLLEN, Ovaries, right",تناسلی اعضاء (عورت) — سوجن، بیضہ دانیاں، دائیں,3,3,یکساں
r1341,"SWOLLEN, ovaries, left","SWOLLEN, Ovaries, left",تناسلی اعضاء (عورت) — سوجن، بیضہ دانیاں، بائیں,7,7,یکساں
r1342,"SWOLLEN, ovaries, menses, before","SWOLLEN, Ovaries, menses, before",تناسلی اعضاء (عورت) — سوجن، بیضہ دانیاں، حیض سے پہلے,1,1,یکساں
r1346,"SWOLLEN, uterus, menses, before","SWOLLEN, Uterus, menses, before",تناسلی اعضاء (عورت) — سوجن، رحم، حیض سے پہلے,2,2,یکساں
r1348,"SWOLLEN, uterus, cervix","SWOLLEN, Uterus, cervix",تناسلی اعضاء (عورت) — سوجن، رحم کا منہ,9,9,یکساں
r1349,"SWOLLEN, vagina","SWOLLEN, Vagina",تناسلی اعضاء (عورت) — سوجن، اندرونی راستہ,14,14,یکساں
r1350,"TINGLING, voluptuous","TINGLING, voluptuous",تناسلی اعضاء (عورت) — جھنجھناہٹ (سنسناہٹ)، شہوانی,23,23,یکساں
r1351,TUBERCLES,TUBERCLES,تناسلی اعضاء (عورت) — گلٹیاں (گٹھلیاں),4,4,یکساں
r1352,"TUBERCLES, stinging burning","TUBERCLES, stinging burning",تناسلی اعضاء (عورت) — گلٹیاں (گٹھلیاں)، ڈنک جیسا جلن,1,1,یکساں
r1354,"TUMORS, encysted","TUMORS, encysted",تناسلی اعضاء (عورت) — رسولیاں، تھیلی میں بند (اینسسٹڈ),12,12,یکساں
r1356,"TUMORS, erectile, bleeding","TUMORS, erectile, bleeding",تناسلی اعضاء (عورت) — رسولیاں، پھول جانے والا، خون آنا,7,7,یکساں
r1357,"TUMORS, erectile, blue","TUMORS, erectile, blue",تناسلی اعضاء (عورت) — رسولیاں، پھول جانے والا، نیلا,1,1,یکساں
r1358,"TUMORS, erectile, burning","TUMORS, erectile, burning",تناسلی اعضاء (عورت) — رسولیاں، پھول جانے والا، جلن,3,3,یکساں
r1359,"TUMORS, erectile, itching","TUMORS, erectile, itching",تناسلی اعضاء (عورت) — رسولیاں، پھول جانے والا، خارش,1,1,یکساں
r136,"ENLARGED ovaries (See Swollen), right","ENLARGED ovaries (See Swollen), right",تناسلی اعضاء (عورت) — بیضہ دانیوں کا بڑھا ہوا ہونا، دائیں,5,5,یکساں
r1360,"TUMORS, erectile, pricking","TUMORS, erectile, pricking",تناسلی اعضاء (عورت) — رسولیاں، پھول جانے والا، کانٹا چبھنا,1,1,یکساں
r1361,"TUMORS, erectile, sticking","TUMORS, erectile, sticking",تناسلی اعضاء (عورت) — رسولیاں، پھول جانے والا، گڑتا ہوا,1,1,یکساں
r1362,"TUMORS, hard","TUMORS, hard",تناسلی اعضاء (عورت) — رسولیاں، سخت,1,1,یکساں
r1364,"TUMORS, ovaries, right","TUMORS, Ovaries, right",تناسلی اعضاء (عورت) — رسولیاں، بیضہ دانیاں، دائیں,5,5,یکساں
r1365,"TUMORS, ovaries, left","TUMORS, Ovaries, left",تناسلی اعضاء (عورت) — رسولیاں، بیضہ دانیاں، بائیں,2,2,یکساں
r1366,"TUMORS, ovaries, cysts","TUMORS, Ovaries, cysts",تناسلی اعضاء (عورت) — رسولیاں، بیضہ دانیاں، پانی بھری تھیلیاں (سسٹ),16,16,یکساں
r1367,"TUMORS, ovaries, fibroids","TUMORS, Ovaries, fibroids",تناسلی اعضاء (عورت) — رسولیاں، بیضہ دانیاں، ریشے دار رسولیاں,12,12,یکساں
r1369,"TUMORS, uterus, fibroid","TUMORS, Uterus, fibroid",تناسلی اعضاء (عورت) — رسولیاں، رحم، ریشے دار رسولی,31,31,یکساں
r137,"ENLARGED ovaries (See Swollen), left","ENLARGED ovaries (See Swollen), left",تناسلی اعضاء (عورت) — بیضہ دانیوں کا بڑھا ہوا ہونا، بائیں,5,5,یکساں
r1370,"TUMORS, vagina, cysts","TUMORS, Vagina, cysts",تناسلی اعضاء (عورت) — رسولیاں، اندرونی راستے میں پانی بھری تھیلیاں (سسٹ),4,4,یکساں
r1371,TWITCHING,TWITCHING,تناسلی اعضاء (عورت) — پھڑکن,1,1,یکساں
r1372,ULCERS,ULCERS,تناسلی اعضاء (عورت) — ناسور (زخم),40,40,یکساں
r1373,VAGINISMUS,VAGINISMUS,تناسلی اعضاء (عورت) — اندرونی راستے کا تشنج (وجائنیزم),22,22,گریڈ کتابی مطابق کیے
r1374,"VAGINISMUS, coition, during","VAGINISMUS, coition, during",تناسلی اعضاء (عورت) — اندرونی راستے کا تشنج (وجائنیزم)، جماع کے دوران,2,2,یکساں
r1376,"VEINS, varicose","VEINS, varicose",تناسلی اعضاء (عورت) — رگیں، پھولی رگیں,8,8,یکساں
r1377,WARTS (See Condylomata),WARTS (See Condylomata),تناسلی اعضاء (عورت) — مسے,0,0,یکساں
r1378,TIGHTNESS in ovarian region on raising arms,TIGHTNESS in ovarian region on raising arms,تناسلی اعضاء (عورت) — بازو اٹھانے پر بیضہ دانیوں کے علاقے میں تناؤ,1,1,یکساں
r1379,"WEAKNESS, sensation of, in region of uterus during passage of stool and urine","WEAKNESS, sensation of, in region of uterus during passage of stool and urine",تناسلی اعضاء (عورت) — کمزوری، پاخانہ اور پیشاب کے دوران رحم کے علاقے میں احساس,1,1,یکساں
r138,"ENLARGED ovaries (See Swollen), every cold agg.","ENLARGED ovaries (See Swollen), every cold agg.",تناسلی اعضاء (عورت) — بیضہ دانیوں کا بڑھا ہوا ہونا، ہر سردی سے بگاڑ,1,1,یکساں
r139,"ENLARGED ovaries (See Swollen), sensation, as if","ENLARGED ovaries (See Swollen), sensation, as if",تناسلی اعضاء (عورت) — بیضہ دانیوں کا بڑھا ہوا ہونا، احساس، جیسے,6,6,یکساں
r140,"ENLARGED ovaries (See Swollen), sensation, as if, right","ENLARGED ovaries (See Swollen), sensation, as if, right",تناسلی اعضاء (عورت) — بیضہ دانیوں کا بڑھا ہوا ہونا، احساس، جیسے دائیں,1,1,یکساں
r141,"ENLARGED ovaries (See Swollen), sensation, as if, left","ENLARGED ovaries (See Swollen), sensation, as if, left",تناسلی اعضاء (عورت) — بیضہ دانیوں کا بڑھا ہوا ہونا، احساس، جیسے بائیں,1,1,یکساں
r142,"ENLARGED ovaries (See Swollen), sensation, as if, menses, before","ENLARGED ovaries (See Swollen), sensation, as if, menses, before",تناسلی اعضاء (عورت) — بیضہ دانیوں کا بڑھا ہوا ہونا، احساس، جیسے حیض سے پہلے,1,1,یکساں
r144,EPILEPTIC aura (See Aura),EPILEPTIC aura (See Aura),تناسلی اعضاء (عورت) — مرگی کا پیش خیمہ (اورا),0,0,یکساں
r146,"ERUPTIONS, night","ERUPTIONS, night",تناسلی اعضاء (عورت) — دانے، رات,1,1,یکساں
r147,"ERUPTIONS, erysipelatous","ERUPTIONS, erysipelatous",تناسلی اعضاء (عورت) — دانے، سرخ بادہ جیسے,1,1,یکساں
r148,"ERUPTIONS, hard black pustules","ERUPTIONS, hard black pustules",تناسلی اعضاء (عورت) — دانے، سخت کالے دانے,1,1,یکساں
r149,"ERUPTIONS, herpetic","ERUPTIONS, herpetic",تناسلی اعضاء (عورت) — دانے، ہرپیز والے,13,13,یکساں
r15,"APHTHAE, vagina","APHTHÆ, Vagina",تناسلی اعضاء (عورت) — چھالے (آفتھی)، اندرونی راستہ,1,1,یکساں
r150,"ERUPTIONS, herpetic, from every cold","ERUPTIONS, herpetic, from every cold",تناسلی اعضاء (عورت) — دانے، ہرپیز والے، ہر سردی سے,1,1,یکساں
r152,"ERUPTIONS, itching, warm, when","ERUPTIONS, itching, warm, when",تناسلی اعضاء (عورت) — دانے، خارش والے، گرم ہونے پر,1,1,یکساں
r153,"ERUPTIONS, menses, before","ERUPTIONS, menses, before",تناسلی اعضاء (عورت) — دانے، حیض سے پہلے,3,3,یکساں
r155,"ERUPTIONS, moist","ERUPTIONS, moist",تناسلی اعضاء (عورت) — دانے، نم,1,1,یکساں
r156,"ERUPTIONS, nodosities","ERUPTIONS, nodosities",تناسلی اعضاء (عورت) — دانے، گٹھلیاں,1,1,یکساں
r157,"ERUPTIONS, painful","ERUPTIONS, painful",تناسلی اعضاء (عورت) — دانے، دردناک,2,2,یکساں
r159,"ERUPTIONS, pimples, burning","ERUPTIONS, pimples, burning",تناسلی اعضاء (عورت) — دانے، پھنسیاں، جلتی ہوئی,2,2,یکساں
r16,ASCARIDES,ASCARIDES,تناسلی اعضاء (عورت) — دھاگے جیسے کیڑے (ایسکیریڈس),3,3,یکساں
r160,"ERUPTIONS, pimples, menses, before","ERUPTIONS, pimples, menses, before",تناسلی اعضاء (عورت) — دانے، پھنسیاں، حیض سے پہلے,2,2,یکساں
r162,"ERUPTIONS, pimples, painful","ERUPTIONS, pimples, painful",تناسلی اعضاء (عورت) — دانے، پھنسیاں، دردناک,2,2,یکساں
r163,"ERUPTIONS, pimples, nymphae, on","ERUPTIONS, pimples, nymphæ, on",تناسلی اعضاء (عورت) — دانے، پھنسیاں، اندرونی ہونٹوں پر,1,1,یکساں
r164,"ERUPTIONS, pustules","ERUPTIONS, pustules",تناسلی اعضاء (عورت) — دانے، پیپ والے دانے,6,6,یکساں
r165,"ERUPTIONS, pustules, black","ERUPTIONS, pustules, black",تناسلی اعضاء (عورت) — دانے، پیپ والے دانے، کالے,1,1,یکساں
r166,"ERUPTIONS, pustules, menses, before","ERUPTIONS, pustules, menses, before",تناسلی اعضاء (عورت) — دانے، پیپ والے دانے، حیض سے پہلے,1,1,یکساں
r167,"ERUPTIONS, rash","ERUPTIONS, rash",تناسلی اعضاء (عورت) — دانے، ریش,1,1,یکساں
r168,"ERUPTIONS, scabby","ERUPTIONS, scabby",تناسلی اعضاء (عورت) — دانے، کھرنڈ دار,2,2,یکساں
r169,"ERUPTIONS, vesicles","ERUPTIONS, vesicles",تناسلی اعضاء (عورت) — دانے، آبلے,7,7,یکساں
r17,ATONY of uterus,ATONY of uterus,تناسلی اعضاء (عورت) — رحم کی سستی,16,16,یکساں
r171,"EXCORIATION, aged women","EXCORIATION, aged women",تناسلی اعضاء (عورت) — چھل جانا، بوڑھی عورتوں میں,1,1,یکساں
r173,"EXCORIATION, menses, during","EXCORIATION, menses, during",تناسلی اعضاء (عورت) — چھل جانا، حیض کے دوران,12,12,یکساں
r174,"EXCORIATION, perineum","EXCORIATION, Perineum",تناسلی اعضاء (عورت) — چھل جانا، پاخانے اور پیشاب کے درمیان کے حصے میں,11,11,یکساں
r175,"EXCORIATION, vagina","EXCORIATION, Vagina",تناسلی اعضاء (عورت) — چھل جانا، اندرونی راستہ,4,4,یکساں
r178,"EXCRESCENCES (See Condylomata), uterus (cervix), bleeding","EXCRESCENCES (See Condylomata), Uterus (cervix), bleeding",تناسلی اعضاء (عورت) — بڑھوتری (گوشت بڑھ جانا)، رحم (رحم کا منہ)، خون آنا,2,2,یکساں
r179,"EXCRESCENCES (See Condylomata), uterus (cervix), cauliflower","EXCRESCENCES (See Condylomata), Uterus (cervix), cauliflower",تناسلی اعضاء (عورت) — بڑھوتری (گوشت بڑھ جانا)، رحم (رحم کا منہ)، گوبھی جیسی,7,7,یکساں
r18,"ATROPHY, ovaries","ATROPHY, ovaries",تناسلی اعضاء (عورت) — سکڑاؤ (دبلانا)، بیضہ دانیاں,7,7,یکساں
r180,"EXCRESCENCES (See Condylomata), uterus (cervix), wart-shaped","EXCRESCENCES (See Condylomata), Uterus (cervix), wart-shaped",تناسلی اعضاء (عورت) — بڑھوتری (گوشت بڑھ جانا)، رحم (رحم کا منہ)، مسے جیسی,1,1,یکساں
r181,"EXCRESCENCES (See Condylomata), uterus (cervix), watery","EXCRESCENCES (See Condylomata), Uterus (cervix), watery",تناسلی اعضاء (عورت) — بڑھوتری (گوشت بڑھ جانا)، رحم (رحم کا منہ)، پانی جیسی,2,2,یکساں
r182,"FISTULA, vagina","FISTULA, vagina",تناسلی اعضاء (عورت) — ناسور (فسچولا)، اندرونی راستہ,9,9,یکساں
r184,"FLATUS from vagina, menses, during","FLATUS from vagina, menses, during",تناسلی اعضاء (عورت) — اندرونی راستے سے ریاح کا نکلنا، حیض کے دوران,3,3,یکساں
r185,FORMICATION (See Tingling),FORMICATION (See Tingling),تناسلی اعضاء (عورت) — چیونٹیاں رینگنے کا احساس,2,2,یکساں
r187,"FULLNESS, uterus, standing agg.","FULLNESS, uterus, standing agg.",تناسلی اعضاء (عورت) — بھراؤ، رحم، کھڑے ہونے سے بگاڑ,1,1,یکساں
r188,"FULLNESS, uterus, walking agg.","FULLNESS, uterus, walking agg.",تناسلی اعضاء (عورت) — بھراؤ، رحم، چلنے سے بگاڑ,1,1,یکساں
r19,AURA extending from uterus to stomach,AURA extending from uterus to stomach,تناسلی اعضاء (عورت) — رحم سے معدے تک پھیلنے والا مرگی کا پیش خیمہ (اورا),1,1,یکساں
r192,"GANGRENE, uterus","GANGRENE, Uterus",تناسلی اعضاء (عورت) — گلنا (گینگرین)، رحم,10,10,یکساں
r193,"GANGRENE, vagina","GANGRENE, Vagina",تناسلی اعضاء (عورت) — گلنا (گینگرین)، اندرونی راستہ,9,9,یکساں
r194,"GRANULATION, vagina","GRANULATION, vagina",تناسلی اعضاء (عورت) — گوشت اُگنا (گرینولیشن)، اندرونی راستہ,4,4,یکساں
r195,HAIR falling out,HAIR falling out,تناسلی اعضاء (عورت) — بال جھڑنا,7,7,یکساں
r197,"HARDNESS, ovaries","HARDNESS, Ovaries",تناسلی اعضاء (عورت) — سختی، بیضہ دانیاں,5,5,گریڈ کتابی مطابق کیے
r198,"HARDNESS, ovaries, right","HARDNESS, Ovaries, right",تناسلی اعضاء (عورت) — سختی، بیضہ دانیاں، دائیں,1,1,یکساں
r199,"HARDNESS, ovaries, left","HARDNESS, Ovaries, left",تناسلی اعضاء (عورت) — سختی، بیضہ دانیاں، بائیں,4,4,یکساں
r201,"HEAT, flushes","HEAT, flushes",تناسلی اعضاء (عورت) — گرمی، لپٹیں,2,2,یکساں
r202,"HEAT, menses, during","HEAT, menses, during",تناسلی اعضاء (عورت) — گرمی، حیض کے دوران,2,2,یکساں
r203,"HEAT, ovaries","HEAT, Ovaries",تناسلی اعضاء (عورت) — گرمی، بیضہ دانیاں,3,3,یکساں
r204,"HEAT, uterus","HEAT, Uterus",تناسلی اعضاء (عورت) — گرمی، رحم,11,11,یکساں
r205,"HEAT, uterus, flushes from uterus to head","HEAT, Uterus, flushes from uterus to head",تناسلی اعضاء (عورت) — گرمی، رحم سے سر تک لپٹیں,1,1,یکساں
r206,"HEAT, uterus, menses, during","HEAT, Uterus, menses, during",تناسلی اعضاء (عورت) — گرمی، رحم، حیض کے دوران,1,1,یکساں
r208,"HEAT, vagina, menses, before","HEAT, Vagina, menses, before",تناسلی اعضاء (عورت) — گرمی، اندرونی راستہ، حیض سے پہلے,1,1,یکساں
r21,"BALL, ovary feels like a heavy, right","BALL, ovary feels like a heavy, right",تناسلی اعضاء (عورت) — گیند، بیضہ دانی بھاری گیند کی طرح محسوس ہو، دائیں,1,1,یکساں
r211,"HEAVINESS, menses, during","HEAVINESS, menses, during",تناسلی اعضاء (عورت) — بھاری پن، حیض کے دوران,4,4,یکساں
r213,"HEAVINESS, ovaries, right","HEAVINESS, Ovaries, right",تناسلی اعضاء (عورت) — بھاری پن، بیضہ دانیاں، دائیں,1,1,یکساں
r214,"HEAVINESS, ovaries, left","HEAVINESS, Ovaries, left",تناسلی اعضاء (عورت) — بھاری پن، بیضہ دانیاں، بائیں,2,2,یکساں
r215,"HEAVINESS, uterus","HEAVINESS, Uterus",تناسلی اعضاء (عورت) — بھاری پن، رحم,19,19,یکساں
r216,"HEAVINESS, uterus, menses, during","HEAVINESS, Uterus, menses, during",تناسلی اعضاء (عورت) — بھاری پن، رحم، حیض کے دوران,2,2,یکساں
r217,"HEAVINESS, uterus, standing","HEAVINESS, Uterus, standing",تناسلی اعضاء (عورت) — بھاری پن، رحم، کھڑے ہونے پر,1,1,یکساں
r218,"HEAVINESS, uterus, walking, while","HEAVINESS, Uterus, walking, while",تناسلی اعضاء (عورت) — بھاری پن، رحم، چلتے ہوئے,1,1,یکساں
r219,HÆMORRHAGE (See Metrorrhagia),HÆMORRHAGE (See Metrorrhagia),تناسلی اعضاء (عورت) — خون کا بہاؤ (رحم سے),0,0,یکساں
r22,BLOTCHES,BLOTCHES,تناسلی اعضاء (عورت) — چکتے,1,1,یکساں
r221,"INDURATION, injuries, from","INDURATION, injuries, from",تناسلی اعضاء (عورت) — سختی، چوٹوں سے,1,1,یکساں
r223,"INDURATION, ovaries, right","INDURATION, Ovaries, right",تناسلی اعضاء (عورت) — سختی، بیضہ دانیاں، دائیں,4,4,یکساں
r224,"INDURATION, ovaries, left","INDURATION, Ovaries, left",تناسلی اعضاء (عورت) — سختی، بیضہ دانیاں، بائیں,5,5,یکساں
r227,"INDURATION, uterus, cervix, after use of pessary","INDURATION, Uterus, cervix, after use of pessary",تناسلی اعضاء (عورت) — سختی، رحم کا منہ، پیسری (رحم کی ٹوپی) استعمال کرنے کے بعد,1,1,یکساں
r228,"INDURATION, uterus, os","INDURATION, Uterus, os",تناسلی اعضاء (عورت) — سختی، رحم کا منہ,7,7,یکساں
r229,"INDURATION, vagina","INDURATION, Vagina",تناسلی اعضاء (عورت) — سختی، اندرونی راستہ,14,14,یکساں
r23,CANCER of ovaries,CANCER of ovaries,تناسلی اعضاء (عورت) — بیضہ دانیوں کا سرطان (کینسر),6,6,یکساں
r231,"INFLAMMATION, erysipelatous","INFLAMMATION, erysipelatous",تناسلی اعضاء (عورت) — سوزش، سرخ بادہ جیسی,2,2,یکساں
r232,"INFLAMMATION, menses, during","INFLAMMATION, menses, during",تناسلی اعضاء (عورت) — سوزش، حیض کے دوران,8,8,یکساں
r234,"INFLAMMATION, ovaries, right","INFLAMMATION, Ovaries, right",تناسلی اعضاء (عورت) — سوزش، بیضہ دانیاں، دائیں,9,9,یکساں
r235,"INFLAMMATION, ovaries, left","INFLAMMATION, Ovaries, left",تناسلی اعضاء (عورت) — سوزش، بیضہ دانیاں، بائیں,8,8,یکساں
r236,"INFLAMMATION, ovaries, feet wet, after","INFLAMMATION, Ovaries, feet wet, after",تناسلی اعضاء (عورت) — سوزش، بیضہ دانیاں، پاؤں گیلے ہونے کے بعد,1,1,یکساں
r237,"INFLAMMATION, ovaries, haemorrhage, after","INFLAMMATION, Ovaries, hæmorrhage, after",تناسلی اعضاء (عورت) — سوزش، بیضہ دانیاں، خون بہنے کے بعد,2,2,یکساں
r238,"INFLAMMATION, ovaries, menstrual flow suddenly checked","INFLAMMATION, Ovaries, menstrual flow suddenly checked",تناسلی اعضاء (عورت) — سوزش، بیضہ دانیاں، حیض کا بہاؤ اچانک رک جانے سے,2,2,یکساں
r239,"INFLAMMATION, ovaries, sexual excesses, from","INFLAMMATION, Ovaries, sexual excesses, from",تناسلی اعضاء (عورت) — سوزش، بیضہ دانیاں، جنسی زیادتیوں سے,4,4,یکساں
r241,"INFLAMMATION, uterus","INFLAMMATION, Uterus",تناسلی اعضاء (عورت) — سوزش، رحم,61,61,گریڈ کتابی مطابق کیے
r242,"INFLAMMATION, uterus, anger, after","INFLAMMATION, Uterus, anger, after",تناسلی اعضاء (عورت) — سوزش، رحم، غصے کے بعد,1,1,یکساں
r243,"INFLAMMATION, uterus, emotional excitement, from","INFLAMMATION, Uterus, emotional excitement, from",تناسلی اعضاء (عورت) — سوزش، رحم، جذباتی جوش سے,1,1,یکساں
r244,"INFLAMMATION, uterus, haemorrhage, after","INFLAMMATION, Uterus, hæmorrhage, after",تناسلی اعضاء (عورت) — سوزش، رحم، خون بہنے کے بعد,1,1,یکساں
r245,"INFLAMMATION, uterus, indignation, from","INFLAMMATION, Uterus, indignation, from",تناسلی اعضاء (عورت) — سوزش، رحم، ناانصافی پر غصے سے,1,1,یکساں
r246,"INFLAMMATION, uterus, joy, excessive","INFLAMMATION, Uterus, joy, excessive",تناسلی اعضاء (عورت) — سوزش، رحم، حد سے زیادہ خوشی سے,1,1,یکساں
r247,"INFLAMMATION, uterus, labor, after","INFLAMMATION, Uterus, labor, after",تناسلی اعضاء (عورت) — سوزش، رحم، زچگی کے بعد,3,3,یکساں
r248,"INFLAMMATION, uterus, sexual excesses, after","INFLAMMATION, Uterus, sexual excesses, after",تناسلی اعضاء (عورت) — سوزش، رحم، جنسی زیادتیوں کے بعد,1,1,یکساں
r249,"INFLAMMATION, vagina","INFLAMMATION, Vagina",تناسلی اعضاء (عورت) — سوزش، اندرونی راستہ,12,12,یکساں
r250,"INSENSIBILITY, vagina","INSENSIBILITY, vagina",تناسلی اعضاء (عورت) — بے حسی، اندرونی راستہ,9,9,یکساں
r251,INVOLUNTARY orgasm (See Desire),INVOLUNTARY orgasm (See Desire),تناسلی اعضاء (عورت) — بے اختیار عروج (اورگازم),0,0,یکساں
r253,"IRRITATION, clitoris","IRRITATION, clitoris",تناسلی اعضاء (عورت) — خراش (چڑچڑاہٹ)، حساس عضو,1,1,یکساں
r254,"IRRITATION, ovaries","IRRITATION, Ovaries",تناسلی اعضاء (عورت) — خراش (چڑچڑاہٹ)، بیضہ دانیاں,16,16,یکساں
r255,"IRRITATION, uterus","IRRITATION, Uterus",تناسلی اعضاء (عورت) — خراش (چڑچڑاہٹ)، رحم,6,6,یکساں
r256,"IRRITATION, vagina","IRRITATION, Vagina",تناسلی اعضاء (عورت) — خراش (چڑچڑاہٹ)، اندرونی راستہ,2,2,یکساں
r258,"ITCHING, morning","ITCHING, morning",تناسلی اعضاء (عورت) — خارش، صبح,1,1,یکساں
r259,"ITCHING, afternoon","ITCHING, afternoon",تناسلی اعضاء (عورت) — خارش، دوپہر کے بعد,1,1,یکساں
r260,"ITCHING, evening","ITCHING, evening",تناسلی اعضاء (عورت) — خارش، شام,3,3,یکساں
r262,"ITCHING, night, in bed","ITCHING, night, in bed",تناسلی اعضاء (عورت) — خارش، رات، بستر میں,2,2,یکساں
r263,"ITCHING, burning","ITCHING, burning",تناسلی اعضاء (عورت) — خارش، جلتی ہوئی,7,7,یکساں
r264,"ITCHING, burning, vulva","ITCHING, burning, vulva",تناسلی اعضاء (عورت) — خارش، جلتی ہوئی، بیرونی اعضاء,1,1,یکساں
r265,"ITCHING, cold, from becoming","ITCHING, cold, from becoming",تناسلی اعضاء (عورت) — خارش، ٹھنڈک لگنے سے,1,1,یکساں
r266,"ITCHING, cold weather","ITCHING, cold weather",تناسلی اعضاء (عورت) — خارش، سرد موسم میں,1,1,یکساں
r267,"ITCHING, intolerable","ITCHING, intolerable",تناسلی اعضاء (عورت) — خارش، ناقابلِ برداشت,4,4,یکساں
r269,"ITCHING, lying amel.","ITCHING, lying amel.",تناسلی اعضاء (عورت) — خارش، لیٹنے سے آرام,1,1,یکساں
r27,CAULIFLOWER (See Excrescences),CAULIFLOWER (See Excrescences),تناسلی اعضاء (عورت) — گوبھی جیسی بڑھوتری,0,0,یکساں
r270,"ITCHING, menses, before","ITCHING, menses, before",تناسلی اعضاء (عورت) — خارش، حیض سے پہلے,12,12,یکساں
r273,"ITCHING, pregnancy, during","ITCHING, pregnancy, during",تناسلی اعضاء (عورت) — خارش، حمل کے دوران,8,8,یکساں
r274,"ITCHING, scratching agg.","ITCHING, scratching agg.",تناسلی اعضاء (عورت) — خارش، کھرچنے سے بگاڑ,2,2,یکساں
r276,"ITCHING, sitting agg.","ITCHING, sitting agg.",تناسلی اعضاء (عورت) — خارش، بیٹھنے سے بگاڑ,1,1,یکساں
r277,"ITCHING, urine, contact of, agg.","ITCHING, urine, contact of, agg.",تناسلی اعضاء (عورت) — خارش، پیشاب کے لگنے سے بگاڑ,1,1,یکساں
r278,"ITCHING, urination, during","ITCHING, urination, during",تناسلی اعضاء (عورت) — خارش، پیشاب کے دوران,4,4,یکساں
r279,"ITCHING, voluptuous","ITCHING, voluptuous",تناسلی اعضاء (عورت) — خارش، شہوانی,16,16,یکساں
r28,CHEESY deposits,CHEESY deposits,تناسلی اعضاء (عورت) — پنیر جیسا جمع ہونا,1,1,یکساں
r280,"ITCHING, walking agg.","ITCHING, walking agg.",تناسلی اعضاء (عورت) — خارش، چلنے سے بگاڑ,4,4,یکساں
r281,"ITCHING, between labia","ITCHING, between labia",تناسلی اعضاء (عورت) — خارش، ہونٹوں کے درمیان,2,2,یکساں
r283,"ITCHING, vagina, evening","ITCHING, Vagina, evening",تناسلی اعضاء (عورت) — خارش، اندرونی راستہ، شام,1,1,یکساں
r284,"ITCHING, vagina, coition, after","ITCHING, Vagina, coition, after",تناسلی اعضاء (عورت) — خارش، اندرونی راستہ، جماع کے بعد,2,2,یکساں
r285,"ITCHING, vagina, menses, before","ITCHING, Vagina, menses, before",تناسلی اعضاء (عورت) — خارش، اندرونی راستہ، حیض سے پہلے,2,2,یکساں
r288,"ITCHING, vagina, pregnancy, during","ITCHING, Vagina, pregnancy, during",تناسلی اعضاء (عورت) — خارش، اندرونی راستہ، حمل کے دوران,2,2,یکساں
r289,"ITCHING, vagina, voluptuous","ITCHING, Vagina, voluptuous",تناسلی اعضاء (عورت) — خارش، اندرونی راستہ، شہوانی,3,3,یکساں
r29,CLUTCHING and relaxing sensation of uterus,CLUTCHING and relaxing sensation of uterus,تناسلی اعضاء (عورت) — رحم میں پکڑ کر چھوڑنے کا احساس,1,1,یکساں
r290,"JERKING in vagina upwards, morning","JERKING in vagina upwards, morning",تناسلی اعضاء (عورت) — اندرونی راستے میں اوپر کی طرف جھٹکے، صبح,1,1,یکساں
r31,"COITION, aversion to, menses, after","COITION, aversion to, menses, after",تناسلی اعضاء (عورت) — جماع، نفرت، حیض کے بعد,7,7,یکساں
r37,"COITION, aversion to, painful (See Pain)","COITION, aversion to, painful (See Pain)",تناسلی اعضاء (عورت) — جماع، نفرت، دردناک,0,0,یکساں
r374,"LOCHIA, acrid","LOCHIA, acrid",تناسلی اعضاء (عورت) — زچگی کے بعد کا خون، تیز,11,11,یکساں
r39,"COLDNESS, menses, during","COLDNESS, menses, during",تناسلی اعضاء (عورت) — ٹھنڈک، حیض کے دوران,1,1,یکساں
r40,"COLDNESS, ovaries, sensation of, left","COLDNESS, Ovaries, sensation of, left",تناسلی اعضاء (عورت) — ٹھنڈک، بیضہ دانیاں، احساس، بائیں,1,1,یکساں
r404,LYING agg. uterine symptoms,LYING agg. uterine symptoms,تناسلی اعضاء (عورت) — لیٹنے سے رحم کی شکایات میں بگاڑ,1,1,یکساں
r405,"MASTURBATION, disposition","MASTURBATION, disposition",تناسلی اعضاء (عورت) — مشت زنی، رجحان,12,12,یکساں
r406,MENOPAUSE,MENOPAUSE,تناسلی اعضاء (عورت) — سنِ یاس (حیض کا رک جانا),42,42,یکساں
r407,"MENSES, daytime only","MENSES, daytime only",تناسلی اعضاء (عورت) — حیض، صرف دن کے وقت,6,6,یکساں
r41,"COLDNESS, uterus","COLDNESS, Uterus",تناسلی اعضاء (عورت) — ٹھنڈک، رحم,1,1,یکساں
r418,"MENSES, daytime only, night, ceases during (See Daytime)","MENSES, daytime only, night, ceases during (See Daytime)",تناسلی اعضاء (عورت) — حیض، صرف دن کے وقت، رات کو بند ہو جائے,0,0,یکساں
r42,"COLDNESS, vagina","COLDNESS, Vagina",تناسلی اعضاء (عورت) — ٹھنڈک، اندرونی راستہ,3,3,یکساں
r44,"CONDYLOMATA (See Excrescences), cauliflower, like","CONDYLOMATA (See Excrescences), cauliflower, like",تناسلی اعضاء (عورت) — مسے (کنڈائلوما)، گوبھی جیسے,1,1,یکساں
r45,"CONDYLOMATA (See Excrescences), dry","CONDYLOMATA (See Excrescences), dry",تناسلی اعضاء (عورت) — مسے (کنڈائلوما)، خشک,1,1,یکساں
r47,"ABORTION, fright, from","ABORTION, fright, from",تناسلی اعضاء (عورت) — اسقاطِ حمل، ڈر سے,4,4,یکساں
r48,"ABORTION, inertia of uterus","ABORTION, inertia of uterus",تناسلی اعضاء (عورت) — اسقاطِ حمل، رحم کی سستی سے,12,12,یکساں
r49,"ABORTION, injuries, after","ABORTION, injuries, after",تناسلی اعضاء (عورت) — اسقاطِ حمل، چوٹوں کے بعد,2,2,یکساں
r50,"ABORTION, month, second","ABORTION, month, second",تناسلی اعضاء (عورت) — اسقاطِ حمل، مہینہ، دوسرا,2,2,یکساں
r55,"ABORTION, suppressed grief","ABORTION, suppressed grief",تناسلی اعضاء (عورت) — اسقاطِ حمل، دبے ہوئے غم سے,2,2,یکساں
r56,"ABORTION, tendency to","ABORTION, tendency to",تناسلی اعضاء (عورت) — اسقاطِ حمل، اس کا رجحان,26,26,یکساں
r566,"METRORRHAGIA, night agg.","METRORRHAGIA, night agg.",تناسلی اعضاء (عورت) — حیض کے علاوہ رحم سے خون بہنا، رات کو بگاڑ,1,1,یکساں
r567,"METRORRHAGIA, active","METRORRHAGIA, active",تناسلی اعضاء (عورت) — حیض کے علاوہ رحم سے خون بہنا، زوردار,21,21,یکساں
r568,"METRORRHAGIA, aged women, in","METRORRHAGIA, aged women, in",تناسلی اعضاء (عورت) — حیض کے علاوہ رحم سے خون بہنا، بوڑھی عورتوں میں,9,9,یکساں
r569,"METRORRHAGIA, alternating with mania","METRORRHAGIA, alternating with mania",تناسلی اعضاء (عورت) — حیض کے علاوہ رحم سے خون بہنا، باری باری جنون کے ساتھ,1,1,یکساں
r57,"ABORTION, thunderstorm","ABORTION, thunderstorm",تناسلی اعضاء (عورت) — اسقاطِ حمل، گرج چمک کے طوفان سے,2,2,یکساں
r571,"METRORRHAGIA, anger, after","METRORRHAGIA, anger, after",تناسلی اعضاء (عورت) — حیض کے علاوہ رحم سے خون بہنا، غصے کے بعد,2,2,یکساں
r572,"METRORRHAGIA, between the menstrual periods","METRORRHAGIA, between the menstrual periods",تناسلی اعضاء (عورت) — حیض کے علاوہ رحم سے خون بہنا، حیض کے دو وقفوں کے درمیان,38,38,یکساں
r574,"METRORRHAGIA, black, liquid","METRORRHAGIA, black, liquid",تناسلی اعضاء (عورت) — حیض کے علاوہ رحم سے خون بہنا، کالا، پتلا,5,5,یکساں
r575,"METRORRHAGIA, bright red","METRORRHAGIA, bright red",تناسلی اعضاء (عورت) — حیض کے علاوہ رحم سے خون بہنا، شوخ سرخ,24,24,گریڈ کتابی مطابق کیے
r576,"METRORRHAGIA, bright red, clots, with","METRORRHAGIA, bright red, clots, with",تناسلی اعضاء (عورت) — حیض کے علاوہ رحم سے خون بہنا، شوخ سرخ، لوتھڑوں کے ساتھ,5,5,یکساں
r577,"METRORRHAGIA, bright red, fluid","METRORRHAGIA, bright red, fluid",تناسلی اعضاء (عورت) — حیض کے علاوہ رحم سے خون بہنا، شوخ سرخ، پتلا,2,2,یکساں
r578,"METRORRHAGIA, chamomile tea, from","METRORRHAGIA, chamomile tea, from",تناسلی اعضاء (عورت) — حیض کے علاوہ رحم سے خون بہنا، بابونہ کا قہوہ پینے سے,2,2,یکساں
r579,"METRORRHAGIA, climacteric period","METRORRHAGIA, climacteric period",تناسلی اعضاء (عورت) — حیض کے علاوہ رحم سے خون بہنا، سنِ یاس کا زمانہ,23,23,یکساں
r580,"METRORRHAGIA, coagulated","METRORRHAGIA, coagulated",تناسلی اعضاء (عورت) — حیض کے علاوہ رحم سے خون بہنا، جما ہوا,31,31,گریڈ کتابی مطابق کیے
r581,"METRORRHAGIA, coagulated, expelled in paroxysms","METRORRHAGIA, coagulated, expelled in paroxysms",تناسلی اعضاء (عورت) — حیض کے علاوہ رحم سے خون بہنا، جما ہوا، دوروں میں نکلے,3,3,یکساں
r582,"METRORRHAGIA, coagulated, mixed with dark liquid blood","METRORRHAGIA, coagulated, mixed with dark liquid blood",تناسلی اعضاء (عورت) — حیض کے علاوہ رحم سے خون بہنا، جما ہوا، گہرے پتلے خون کے ساتھ ملا ہوا,4,4,یکساں
r584,"METRORRHAGIA, coition, after","METRORRHAGIA, coition, after",تناسلی اعضاء (عورت) — حیض کے علاوہ رحم سے خون بہنا، جماع کے بعد,7,7,یکساں
r585,"METRORRHAGIA, comes suddenly and ceases suddenly","METRORRHAGIA, comes suddenly and ceases suddenly",تناسلی اعضاء (عورت) — حیض کے علاوہ رحم سے خون بہنا، اچانک آئے اور اچانک بند ہو جائے,1,1,یکساں
r586,"METRORRHAGIA, concussions","METRORRHAGIA, concussions",تناسلی اعضاء (عورت) — حیض کے علاوہ رحم سے خون بہنا، چوٹوں (ہلچل) سے,7,7,یکساں
r588,"METRORRHAGIA, continuous, but slow","METRORRHAGIA, continuous, but slow",تناسلی اعضاء (عورت) — حیض کے علاوہ رحم سے خون بہنا، مسلسل، مگر آہستہ,6,6,یکساں
r589,"METRORRHAGIA, convulsions, with","METRORRHAGIA, convulsions, with",تناسلی اعضاء (عورت) — حیض کے علاوہ رحم سے خون بہنا، تشنج کے ساتھ,4,4,یکساں
r591,"METRORRHAGIA, dark blood, clots, mixed with","METRORRHAGIA, dark blood, clots, mixed with",تناسلی اعضاء (عورت) — حیض کے علاوہ رحم سے خون بہنا، گہرا خون، لوتھڑوں کے ساتھ,11,11,یکساں
r593,"METRORRHAGIA, dark blood, fluid, and thick","METRORRHAGIA, dark blood, fluid, and thick",تناسلی اعضاء (عورت) — حیض کے علاوہ رحم سے خون بہنا، گہرا خون، پتلا، اور گاڑھا,2,2,یکساں
r594,"METRORRHAGIA, emotions, excitement, etc.","METRORRHAGIA, emotions, excitement, etc.",تناسلی اعضاء (عورت) — حیض کے علاوہ رحم سے خون بہنا، جذبات، جوش وغیرہ سے,16,16,یکساں
r595,"METRORRHAGIA, exertion, after","METRORRHAGIA, exertion, after",تناسلی اعضاء (عورت) — حیض کے علاوہ رحم سے خون بہنا، محنت کے بعد,10,10,یکساں
r596,"METRORRHAGIA, fibroids, from","METRORRHAGIA, fibroids, from",تناسلی اعضاء (عورت) — حیض کے علاوہ رحم سے خون بہنا، ریشے دار رسولیوں (فائبرائیڈ) سے,11,11,یکساں
r597,"METRORRHAGIA, fluid","METRORRHAGIA, fluid",تناسلی اعضاء (عورت) — حیض کے علاوہ رحم سے خون بہنا، پتلا,15,15,یکساں
r598,"METRORRHAGIA, fright, after","METRORRHAGIA, fright, after",تناسلی اعضاء (عورت) — حیض کے علاوہ رحم سے خون بہنا، ڈر کے بعد,4,4,یکساں
r599,"METRORRHAGIA, girls, little","METRORRHAGIA, girls, little",تناسلی اعضاء (عورت) — حیض کے علاوہ رحم سے خون بہنا، چھوٹی لڑکیوں میں,1,1,یکساں
r600,"METRORRHAGIA, gushing","METRORRHAGIA, gushing",تناسلی اعضاء (عورت) — حیض کے علاوہ رحم سے خون بہنا، فوارے کی طرح,13,13,یکساں
r601,"METRORRHAGIA, hard stool, from passing","METRORRHAGIA, hard stool, from passing",تناسلی اعضاء (عورت) — حیض کے علاوہ رحم سے خون بہنا، سخت پاخانہ لانے سے,2,2,یکساں
r602,"METRORRHAGIA, hot blood","METRORRHAGIA, hot blood",تناسلی اعضاء (عورت) — حیض کے علاوہ رحم سے خون بہنا، گرم خون,5,5,یکساں
r603,"METRORRHAGIA, injuries (See Concussion)","METRORRHAGIA, injuries (See Concussion)",تناسلی اعضاء (عورت) — حیض کے علاوہ رحم سے خون بہنا، چوٹوں سے,0,0,یکساں
r604,"METRORRHAGIA, intermittent flow","METRORRHAGIA, intermittent flow",تناسلی اعضاء (عورت) — حیض کے علاوہ رحم سے خون بہنا، رک رک کر بہاؤ,15,15,یکساں
r605,"METRORRHAGIA, iron, after abuse of","METRORRHAGIA, iron, after abuse of",تناسلی اعضاء (عورت) — حیض کے علاوہ رحم سے خون بہنا، لوہے کی دوا کے زیادہ استعمال سے,1,1,یکساں
r606,"METRORRHAGIA, labor, during and after","METRORRHAGIA, labor, during and after",تناسلی اعضاء (عورت) — حیض کے علاوہ رحم سے خون بہنا، زچگی کے دوران اور بعد,34,34,یکساں
r607,"METRORRHAGIA, lying on back agg.","METRORRHAGIA, lying on back agg.",تناسلی اعضاء (عورت) — حیض کے علاوہ رحم سے خون بہنا، چت لیٹنے سے بگاڑ,1,1,یکساں
r608,"METRORRHAGIA, motion agg.","METRORRHAGIA, motion agg.",تناسلی اعضاء (عورت) — حیض کے علاوہ رحم سے خون بہنا، حرکت سے بگاڑ,16,16,یکساں
r610,"METRORRHAGIA, nursing the child, when","METRORRHAGIA, nursing the child, when",تناسلی اعضاء (عورت) — حیض کے علاوہ رحم سے خون بہنا، جب بچے کو دودھ پلایا جائے,1,1,یکساں
r611,"METRORRHAGIA, offensive","METRORRHAGIA, offensive",تناسلی اعضاء (عورت) — حیض کے علاوہ رحم سے خون بہنا، بدبودار,8,8,یکساں
r612,"METRORRHAGIA, offensive, pungent","METRORRHAGIA, offensive, pungent",تناسلی اعضاء (عورت) — حیض کے علاوہ رحم سے خون بہنا، بدبودار، تیز بو والا,1,1,یکساں
r613,"METRORRHAGIA, offensive, putrid","METRORRHAGIA, offensive, putrid",تناسلی اعضاء (عورت) — حیض کے علاوہ رحم سے خون بہنا، بدبودار، سڑا ہوا,1,1,یکساں
r614,"METRORRHAGIA, painless","METRORRHAGIA, painless",تناسلی اعضاء (عورت) — حیض کے علاوہ رحم سے خون بہنا، بے درد,12,12,یکساں
r615,"METRORRHAGIA, pale","METRORRHAGIA, pale",تناسلی اعضاء (عورت) — حیض کے علاوہ رحم سے خون بہنا، پھیکا,9,9,یکساں
r616,"METRORRHAGIA, paroxysms, in","METRORRHAGIA, paroxysms, in",تناسلی اعضاء (عورت) — حیض کے علاوہ رحم سے خون بہنا، دوروں میں,8,8,یکساں
r617,"METRORRHAGIA, passive","METRORRHAGIA, passive",تناسلی اعضاء (عورت) — حیض کے علاوہ رحم سے خون بہنا، بے زور (ڈھیلا),18,18,یکساں
r618,"METRORRHAGIA, polypus, from","METRORRHAGIA, polypus, from",تناسلی اعضاء (عورت) — حیض کے علاوہ رحم سے خون بہنا، پولیپ سے,6,6,یکساں
r619,"METRORRHAGIA, profuse","METRORRHAGIA, profuse",تناسلی اعضاء (عورت) — حیض کے علاوہ رحم سے خون بہنا، کثیر,32,32,یکساں
r620,"METRORRHAGIA, recurrent","METRORRHAGIA, recurrent",تناسلی اعضاء (عورت) — حیض کے علاوہ رحم سے خون بہنا، بار بار لوٹنے والا,7,7,یکساں
r621,"METRORRHAGIA, retained placenta, from","METRORRHAGIA, retained placenta, from",تناسلی اعضاء (عورت) — حیض کے علاوہ رحم سے خون بہنا، بچے کی جھلی (پلیسینٹا) رک جانے سے,8,8,یکساں
r622,"METRORRHAGIA, scrawny women, in","METRORRHAGIA, scrawny women, in",تناسلی اعضاء (عورت) — حیض کے علاوہ رحم سے خون بہنا، لاغر عورتوں میں,1,1,یکساں
r623,"METRORRHAGIA, stool, after every","METRORRHAGIA, stool, after every",تناسلی اعضاء (عورت) — حیض کے علاوہ رحم سے خون بہنا، ہر پاخانے کے بعد,4,4,یکساں
r624,"METRORRHAGIA, stringy blood","METRORRHAGIA, stringy blood",تناسلی اعضاء (عورت) — حیض کے علاوہ رحم سے خون بہنا، تار کھینچنے والا خون,4,4,یکساں
r625,"METRORRHAGIA, subinvolution","METRORRHAGIA, subinvolution",تناسلی اعضاء (عورت) — حیض کے علاوہ رحم سے خون بہنا، رحم کا ٹھیک سے سکڑ نہ پانا,5,5,یکساں
r626,"METRORRHAGIA, sudden","METRORRHAGIA, sudden",تناسلی اعضاء (عورت) — حیض کے علاوہ رحم سے خون بہنا، اچانک,5,5,یکساں
r627,"METRORRHAGIA, tall women","METRORRHAGIA, tall women",تناسلی اعضاء (عورت) — حیض کے علاوہ رحم سے خون بہنا، لمبی عورتوں میں,1,1,یکساں
r628,"METRORRHAGIA, thick blood","METRORRHAGIA, thick blood",تناسلی اعضاء (عورت) — حیض کے علاوہ رحم سے خون بہنا، گاڑھا خون,6,6,یکساں
r629,"METRORRHAGIA, thin, fluid blood","METRORRHAGIA, thin, fluid blood",تناسلی اعضاء (عورت) — حیض کے علاوہ رحم سے خون بہنا، پتلا، رقیق خون,19,19,گریڈ کتابی مطابق کیے
r63,"CONDYLOMATA (See Excrescences), itching","CONDYLOMATA (See Excrescences), itching",تناسلی اعضاء (عورت) — مسے (کنڈائلوما)، خارش کرنے والے,3,3,یکساں
r630,"METRORRHAGIA, thin, fluid blood, mixed with clots","METRORRHAGIA, thin, fluid blood, mixed with clots",تناسلی اعضاء (عورت) — حیض کے علاوہ رحم سے خون بہنا، پتلا، رقیق خون، لوتھڑوں کے ساتھ ملا ہوا,6,6,یکساں
r631,"METRORRHAGIA, thin, fluid blood, mixed with clots, foul smelling","METRORRHAGIA, thin, fluid blood, mixed with clots, foul smelling",تناسلی اعضاء (عورت) — حیض کے علاوہ رحم سے خون بہنا، پتلا، رقیق خون، لوتھڑوں کے ساتھ ملا ہوا، بدبودار,2,2,یکساں
r632,"METRORRHAGIA, vexation, after","METRORRHAGIA, vexation, after",تناسلی اعضاء (عورت) — حیض کے علاوہ رحم سے خون بہنا، دل آزردگی کے بعد,2,2,یکساں
r633,"METRORRHAGIA, walking amel.","METRORRHAGIA, walking amel.",تناسلی اعضاء (عورت) — حیض کے علاوہ رحم سے خون بہنا، چلنے سے آرام,1,1,یکساں
r634,"METRORRHAGIA, warm bath, after","METRORRHAGIA, warm bath, after",تناسلی اعضاء (عورت) — حیض کے علاوہ رحم سے خون بہنا، گرم غسل کے بعد,1,1,یکساں
r635,"METRORRHAGIA, watery","METRORRHAGIA, watery",تناسلی اعضاء (عورت) — حیض کے علاوہ رحم سے خون بہنا، پانی جیسا,6,6,یکساں
r636,"METRORRHAGIA, weakly women","METRORRHAGIA, weakly women",تناسلی اعضاء (عورت) — حیض کے علاوہ رحم سے خون بہنا، کمزور عورتوں میں,3,3,یکساں
r638,"MOISTURE, sensation of","MOISTURE, sensation of",تناسلی اعضاء (عورت) — نمی، احساس,1,1,یکساں
r639,MOLES,MOLES,تناسلی اعضاء (عورت) — گوشت کے لوتھڑے (مول),7,7,یکساں
r64,"CONDYLOMATA (See Excrescences), pediculated","CONDYLOMATA (See Excrescences), pediculated",تناسلی اعضاء (عورت) — مسے (کنڈائلوما)، ڈنٹھل دار,1,1,یکساں
r642,"NODULES, vagina, in","NODULES, Vagina, in",تناسلی اعضاء (عورت) — گلٹیاں، اندرونی راستے میں,1,1,یکساں
r644,"NUMBNESS, washing in cold water, after","NUMBNESS, washing in cold water, after",تناسلی اعضاء (عورت) — سن ہونا، ٹھنڈے پانی سے دھونے کے بعد,1,1,یکساں
r645,"NUMBNESS, ovaries","NUMBNESS, Ovaries",تناسلی اعضاء (عورت) — سن ہونا، بیضہ دانیاں,2,2,یکساں
r646,"NUMBNESS, ovaries, beginning in right, extends to hip and ribs and over thigh, lying on it amel.","NUMBNESS, Ovaries, beginning in right, extends to hip and ribs and over thigh, lying on it amel.",تناسلی اعضاء (عورت) — سن ہونا، بیضہ دانیاں، دائیں سے شروع ہو کر کولھے، پسلیوں اور ران تک پھیلے، اُس پر لیٹنے سے آرام,1,1,یکساں
r647,"NUMBNESS, ovaries, painful, extending to limb","NUMBNESS, Ovaries, painful, extending to limb",تناسلی اعضاء (عورت) — سن ہونا، بیضہ دانیاں، دردناک، ٹانگ تک پھیلتا ہوا,1,1,یکساں
r648,NYMPHOMANIA (See Mind),NYMPHOMANIA (See Mind),تناسلی اعضاء (عورت) — عورتوں کی جنونی خواہش,0,0,یکساں
r649,"OPEN, uterus feels","OPEN, uterus feels",تناسلی اعضاء (عورت) — کھلا ہوا، رحم کھلا محسوس ہو,1,1,یکساں
r65,"CONDYLOMATA (See Excrescences), soft, red and fleshy","CONDYLOMATA (See Excrescences), soft, red and fleshy",تناسلی اعضاء (عورت) — مسے (کنڈائلوما)، نرم، سرخ اور گوشت والے,1,1,یکساں
r652,"PAIN, night in bed","PAIN, night in bed",تناسلی اعضاء (عورت) — درد، رات بستر میں,1,1,یکساں
r653,"PAIN, menses, before","PAIN, menses, before",تناسلی اعضاء (عورت) — درد، حیض سے پہلے,5,5,یکساں
r654,"PAIN, motion, on","PAIN, motion, on",تناسلی اعضاء (عورت) — درد، حرکت پر,1,1,یکساں
r655,"PAIN, paroxysmal","PAIN, paroxysmal",تناسلی اعضاء (عورت) — درد، دوروں میں,1,1,یکساں
r656,"PAIN, pulsating","PAIN, pulsating",تناسلی اعضاء (عورت) — درد، دھڑکتا ہوا,1,1,یکساں
r657,"PAIN, rising from a seat, on","PAIN, rising from a seat, on",تناسلی اعضاء (عورت) — درد، نشست سے اٹھنے پر,1,1,یکساں
r658,"PAIN, sitting, while","PAIN, sitting, while",تناسلی اعضاء (عورت) — درد، بیٹھے ہوئے,2,2,یکساں
r659,"PAIN, sitting up in bed amel.","PAIN, sitting up in bed amel.",تناسلی اعضاء (عورت) — درد، بستر میں اٹھ کر بیٹھنے سے آرام,1,1,یکساں
r66,"CONDYLOMATA (See Excrescences), uterus","CONDYLOMATA (See Excrescences), Uterus",تناسلی اعضاء (عورت) — مسے (کنڈائلوما)، رحم,9,9,یکساں
r660,"PAIN, spasmodic","PAIN, spasmodic",تناسلی اعضاء (عورت) — درد، تشنجی,4,4,یکساں
r663,"PAIN, ovaries, right, lying on right side amel.","PAIN, Ovaries, right, lying on right side amel.",تناسلی اعضاء (عورت) — درد، بیضہ دانیاں، دائیں کروٹ لیٹنے سے آرام,1,1,یکساں
r664,"PAIN, ovaries, right, to left","PAIN, Ovaries, right, to left",تناسلی اعضاء (عورت) — درد، بیضہ دانیاں، دائیں سے بائیں,3,3,یکساں
r665,"PAIN, ovaries, right, to uterus","PAIN, Ovaries, right, to uterus",تناسلی اعضاء (عورت) — درد، بیضہ دانیاں، دائیں سے رحم,2,2,یکساں
r667,"PAIN, ovaries, left, lying on left side agg.","PAIN, Ovaries, left, lying on left side agg.",تناسلی اعضاء (عورت) — درد، بیضہ دانیاں، بائیں کروٹ لیٹنے سے بگاڑ,1,1,یکساں
r67,"CONDYLOMATA (See Excrescences), vagina","CONDYLOMATA (See Excrescences), Vagina",تناسلی اعضاء (عورت) — مسے (کنڈائلوما)، اندرونی راستہ,5,5,یکساں
r675,"PAIN, ovaries, night","PAIN, Ovaries, night",تناسلی اعضاء (عورت) — درد، بیضہ دانیاں، رات,4,4,یکساں
r676,"PAIN, ovaries, alternating sides","PAIN, Ovaries, alternating sides",تناسلی اعضاء (عورت) — درد، بیضہ دانیاں، باری باری دونوں طرف,1,1,یکساں
r678,"PAIN, ovaries, animated conversation","PAIN, Ovaries, animated conversation",تناسلی اعضاء (عورت) — درد، بیضہ دانیاں، جوشیلی گفتگو سے,1,1,یکساں
r679,"PAIN, ovaries, bending backward amel.","PAIN, Ovaries, bending backward amel.",تناسلی اعضاء (عورت) — درد، بیضہ دانیاں، پیچھے کو جھکنے سے آرام,1,1,یکساں
r68,"CONDYLOMATA (See Excrescences), vagina, bleed easily","CONDYLOMATA (See Excrescences), Vagina, bleed easily",تناسلی اعضاء (عورت) — مسے (کنڈائلوما)، اندرونی راستہ، جلد خون آنے والے,1,1,یکساں
r681,"PAIN, ovaries, breathing agg.","PAIN, Ovaries, breathing agg.",تناسلی اعضاء (عورت) — درد، بیضہ دانیاں، سانس لینے سے بگاڑ,2,2,یکساں
r682,"PAIN, ovaries, changes in the weather, from","PAIN, Ovaries, changes in the weather, from",تناسلی اعضاء (عورت) — درد، بیضہ دانیاں، موسم کی تبدیلی سے,4,4,یکساں
r684,"PAIN, ovaries, coition, after","PAIN, Ovaries, coition, after",تناسلی اعضاء (عورت) — درد، بیضہ دانیاں، جماع کے بعد,5,5,یکساں
r685,"PAIN, ovaries, company amel.","PAIN, Ovaries, company amel.",تناسلی اعضاء (عورت) — درد، بیضہ دانیاں، ساتھیوں کے ساتھ آرام,1,1,یکساں
r686,"PAIN, ovaries, continence, from","PAIN, Ovaries, continence, from",تناسلی اعضاء (عورت) — درد، بیضہ دانیاں، جماع سے پرہیز سے,2,2,یکساں
r687,"PAIN, ovaries, eating amel.","PAIN, Ovaries, eating amel.",تناسلی اعضاء (عورت) — درد، بیضہ دانیاں، کھانے سے آرام,1,1,یکساں
r688,"PAIN, ovaries, extending limbs amel.","PAIN, Ovaries, extending limbs amel.",تناسلی اعضاء (عورت) — درد، بیضہ دانیاں، ٹانگوں کو پھیلانے سے آرام,1,1,یکساں
r689,"PAIN, ovaries, flexing thigh amel.","PAIN, Ovaries, flexing thigh amel.",تناسلی اعضاء (عورت) — درد، بیضہ دانیاں، ران موڑنے سے آرام,2,2,یکساں
r690,"PAIN, ovaries, haemorrhagic subjects, in","PAIN, Ovaries, hæmorrhagic subjects, in",تناسلی اعضاء (عورت) — درد، بیضہ دانیاں، خون بہنے والے مزاج میں,1,1,یکساں
r691,"PAIN, ovaries, intermittent","PAIN, Ovaries, intermittent",تناسلی اعضاء (عورت) — درد، بیضہ دانیاں، رک رک کر,5,5,یکساں
r692,"PAIN, ovaries, jarring agg.","PAIN, Ovaries, jarring agg.",تناسلی اعضاء (عورت) — درد، بیضہ دانیاں، ہچکولے سے بگاڑ,4,4,یکساں
r693,"PAIN, ovaries, labor, after","PAIN, Ovaries, labor, after",تناسلی اعضاء (عورت) — درد، بیضہ دانیاں، زچگی کے بعد,1,1,یکساں
r694,"PAIN, ovaries, lifting, from","PAIN, Ovaries, lifting, from",تناسلی اعضاء (عورت) — درد، بیضہ دانیاں، وزن اٹھانے سے,1,1,یکساں
r695,"PAIN, ovaries, lying amel.","PAIN, Ovaries, lying amel.",تناسلی اعضاء (عورت) — درد، بیضہ دانیاں، لیٹنے سے آرام,2,2,یکساں
r70,"CONGESTION, ovaries","CONGESTION, Ovaries",تناسلی اعضاء (عورت) — خون کا جماؤ، بیضہ دانیاں,30,30,یکساں
r701,"PAIN, ovaries, menses, before","PAIN, Ovaries, menses, before",تناسلی اعضاء (عورت) — درد، بیضہ دانیاں، حیض سے پہلے,12,12,یکساں
r705,"PAIN, ovaries, mental exertion","PAIN, Ovaries, mental exertion",تناسلی اعضاء (عورت) — درد، بیضہ دانیاں، ذہنی مشقت سے,1,1,یکساں
r706,"PAIN, ovaries, motion agg.","PAIN, Ovaries, motion agg.",تناسلی اعضاء (عورت) — درد، بیضہ دانیاں، حرکت سے بگاڑ,7,7,یکساں
r708,"PAIN, ovaries, moving feet amel.","PAIN, Ovaries, moving feet amel.",تناسلی اعضاء (عورت) — درد، بیضہ دانیاں، پاؤں ہلانے سے آرام,1,1,یکساں
r709,"PAIN, ovaries, music and excitement","PAIN, Ovaries, music and excitement",تناسلی اعضاء (عورت) — درد، بیضہ دانیاں، موسیقی اور جوش سے,1,1,یکساں
r71,"CONGESTION, ovaries, continence, from","CONGESTION, Ovaries, continence, from",تناسلی اعضاء (عورت) — خون کا جماؤ، بیضہ دانیاں، جماع سے پرہیز سے,1,1,یکساں
r710,"PAIN, ovaries, paroxysmal","PAIN, Ovaries, paroxysmal",تناسلی اعضاء (عورت) — درد، بیضہ دانیاں، دوروں میں,1,1,یکساں
r711,"PAIN, ovaries, pregnancy, during","PAIN, Ovaries, pregnancy, during",تناسلی اعضاء (عورت) — درد، بیضہ دانیاں، حمل کے دوران,3,3,یکساں
r712,"PAIN, ovaries, pressure amel.","PAIN, Ovaries, pressure amel.",تناسلی اعضاء (عورت) — درد، بیضہ دانیاں، دبانے سے آرام,3,3,یکساں
r713,"PAIN, ovaries, pulsating","PAIN, Ovaries, pulsating",تناسلی اعضاء (عورت) — درد، بیضہ دانیاں، دھڑکتا ہوا,2,2,یکساں
r714,"PAIN, ovaries, raising arms","PAIN, Ovaries, raising arms",تناسلی اعضاء (عورت) — درد، بیضہ دانیاں، بازو اٹھانے پر,2,2,یکساں
r716,"PAIN, ovaries, riding agg.","PAIN, Ovaries, riding agg.",تناسلی اعضاء (عورت) — درد، بیضہ دانیاں، سواری سے بگاڑ,1,1,یکساں
r717,"PAIN, ovaries, rubbing amel.","PAIN, Ovaries, rubbing amel.",تناسلی اعضاء (عورت) — درد، بیضہ دانیاں، ملنے سے آرام,1,1,یکساں
r718,"PAIN, ovaries, sexual desire, during","PAIN, Ovaries, sexual desire, during",تناسلی اعضاء (عورت) — درد، بیضہ دانیاں، جنسی خواہش کے دوران,1,1,یکساں
r719,"PAIN, ovaries, sitting bent agg.","PAIN, Ovaries, sitting bent agg.",تناسلی اعضاء (عورت) — درد، بیضہ دانیاں، جھک کر بیٹھنے سے بگاڑ,1,1,یکساں
r72,"CONGESTION, ovaries, menses, before","CONGESTION, Ovaries, menses, before",تناسلی اعضاء (عورت) — خون کا جماؤ، بیضہ دانیاں، حیض سے پہلے,1,1,یکساں
r720,"PAIN, ovaries, sleep, on going to","PAIN, Ovaries, sleep, on going to",تناسلی اعضاء (عورت) — درد، بیضہ دانیاں، سونے جاتے وقت,1,1,یکساں
r721,"PAIN, ovaries, society, from","PAIN, Ovaries, society, from",تناسلی اعضاء (عورت) — درد، بیضہ دانیاں، لوگوں کے اجتماع سے,1,1,یکساں
r722,"PAIN, ovaries, standing, on","PAIN, Ovaries, standing, on",تناسلی اعضاء (عورت) — درد، بیضہ دانیاں، کھڑے ہونے پر,2,2,یکساں
r723,"PAIN, ovaries, stepping agg.","PAIN, Ovaries, stepping agg.",تناسلی اعضاء (عورت) — درد، بیضہ دانیاں، قدم رکھنے سے بگاڑ,4,4,یکساں
r724,"PAIN, ovaries, stooping","PAIN, Ovaries, stooping",تناسلی اعضاء (عورت) — درد، بیضہ دانیاں، جھکنے سے,1,1,یکساں
r725,"PAIN, ovaries, storm, before","PAIN, Ovaries, storm, before",تناسلی اعضاء (عورت) — درد، بیضہ دانیاں، طوفان سے پہلے,2,2,یکساں
r726,"PAIN, ovaries, stretching in bed","PAIN, Ovaries, stretching in bed",تناسلی اعضاء (عورت) — درد، بیضہ دانیاں، بستر میں انگڑائی لینے پر,1,1,یکساں
r727,"PAIN, ovaries, touch","PAIN, Ovaries, touch",تناسلی اعضاء (عورت) — درد، بیضہ دانیاں، چھونے پر,1,1,یکساں
r728,"PAIN, ovaries, turning in bed","PAIN, Ovaries, turning in bed",تناسلی اعضاء (عورت) — درد، بیضہ دانیاں، بستر میں کروٹ لینے پر,1,1,یکساں
r729,"PAIN, ovaries, urination, during","PAIN, Ovaries, urination, during",تناسلی اعضاء (عورت) — درد، بیضہ دانیاں، پیشاب کے دوران,1,1,یکساں
r730,"PAIN, ovaries, urging to urinate, when","PAIN, Ovaries, urging to urinate, when",تناسلی اعضاء (عورت) — درد، بیضہ دانیاں، پیشاب کی خواہش کے وقت,1,1,یکساں
r732,"PAIN, ovaries, walking, open air, in the, while","PAIN, Ovaries, walking, open air, in the, while",تناسلی اعضاء (عورت) — بیضہ دانیوں میں درد، کھلی ہوا میں چلتے ہوئے,1,1,یکساں
r733,"PAIN, ovaries, walking, rapidly","PAIN, Ovaries, walking, rapidly",تناسلی اعضاء (عورت) — بیضہ دانیوں میں درد، تیز چلنے سے,1,1,یکساں
r734,"PAIN, ovaries, warm bed agg.","PAIN, Ovaries, warm bed agg.",تناسلی اعضاء (عورت) — درد، بیضہ دانیاں، گرم بستر سے بگاڑ,2,2,یکساں
r74,"CONGESTION, ovaries, motion agg.","CONGESTION, Ovaries, motion agg.",تناسلی اعضاء (عورت) — خون کا جماؤ، بیضہ دانیاں، حرکت سے بگاڑ,1,1,یکساں
r76,"CONGESTION, uterus, hemorrhage, after","CONGESTION, Uterus, hemorrhage, after",تناسلی اعضاء (عورت) — خون کا جماؤ، رحم، خون بہنے کے بعد,1,1,یکساں
r77,"CONGESTION, uterus, menses, before","CONGESTION, Uterus, menses, before",تناسلی اعضاء (عورت) — خون کا جماؤ، رحم، حیض سے پہلے,2,2,یکساں
r771,"PAIN, uterus, morning","PAIN, Uterus (See Abdomen, Pain), morning",تناسلی اعضاء (عورت) — درد، رحم، صبح,3,3,یکساں
r772,"PAIN, uterus, evening","PAIN, Uterus (See Abdomen, Pain), evening",تناسلی اعضاء (عورت) — درد، رحم، شام,2,2,یکساں
r774,"PAIN, uterus, night, 11 p.m.","PAIN, Uterus (See Abdomen, Pain), night, 11 p.m.",تناسلی اعضاء (عورت) — درد، رحم، رات 11 بجے,1,1,یکساں
r775,"PAIN, uterus, night, menses before","PAIN, Uterus (See Abdomen, Pain), night, menses before",تناسلی اعضاء (عورت) — درد، رحم، رات، حیض سے پہلے,1,1,یکساں
r776,"PAIN, uterus, night, midnight, after","PAIN, Uterus (See Abdomen, Pain), night, midnight, after",تناسلی اعضاء (عورت) — درد، رحم، رات، آدھی رات کے بعد,1,1,یکساں
r777,"PAIN, uterus, alternating with pain in heart","PAIN, Uterus (See Abdomen, Pain), alternating with pain in heart",تناسلی اعضاء (عورت) — درد، رحم، باری باری دل کے درد کے ساتھ,1,1,یکساں
r778,"PAIN, uterus, anger, after","PAIN, Uterus (See Abdomen, Pain), anger, after",تناسلی اعضاء (عورت) — درد، رحم، غصے کے بعد,1,1,یکساں
r779,"PAIN, uterus, bath, after a","PAIN, Uterus (See Abdomen, Pain), bath, after a",تناسلی اعضاء (عورت) — درد، رحم، غسل کے بعد,1,1,یکساں
r780,"PAIN, uterus, bending double amel.","PAIN, Uterus (See Abdomen, Pain), bending double amel.",تناسلی اعضاء (عورت) — درد، رحم، دوہرا ہونے سے آرام,4,4,یکساں
r781,"PAIN, uterus, coition, during","PAIN, Uterus (See Abdomen, Pain), coition, during",تناسلی اعضاء (عورت) — درد، رحم، جماع کے دوران,3,3,یکساں
r783,"PAIN, uterus, cold damp weather","PAIN, Uterus (See Abdomen, Pain), cold damp weather",تناسلی اعضاء (عورت) — درد، رحم، ٹھنڈے گیلے موسم میں,1,1,یکساں
r784,"PAIN, uterus, eating, after","PAIN, Uterus (See Abdomen, Pain), eating, after",تناسلی اعضاء (عورت) — درد، رحم، کھانے کے بعد,1,1,یکساں
r785,"PAIN, uterus, exertion, after","PAIN, Uterus (See Abdomen, Pain), exertion, after",تناسلی اعضاء (عورت) — درد، رحم، محنت کے بعد,1,1,یکساں
r786,"PAIN, uterus, flow of blood amel.","PAIN, Uterus (See Abdomen, Pain), flow of blood amel.",تناسلی اعضاء (عورت) — درد، رحم، خون بہنے سے آرام,9,9,یکساں
r787,"PAIN, uterus, gradually, comes and goes","PAIN, Uterus (See Abdomen, Pain), gradually, comes and goes",تناسلی اعضاء (عورت) — درد، رحم، آہستہ آہستہ آتا اور جاتا ہے,2,2,یکساں
r788,"PAIN, uterus, jar agg.","PAIN, Uterus (See Abdomen, Pain), jar agg.",تناسلی اعضاء (عورت) — درد، رحم، ہچکولے سے بگاڑ,3,3,یکساں
r79,CONSCIOUS of the uterus,CONSCIOUS of the uterus,تناسلی اعضاء (عورت) — رحم کا احساس (رحم محسوس ہونا),2,2,یکساں
r790,"PAIN, uterus, lying down, on","PAIN, Uterus (See Abdomen, Pain), lying down, on",تناسلی اعضاء (عورت) — درد، رحم، لیٹنے پر,2,2,یکساں
r793,"PAIN, uterus, maddening","PAIN, Uterus (See Abdomen, Pain), maddening",تناسلی اعضاء (عورت) — درد، رحم، پاگل کر دینے والا,5,5,یکساں
r794,"PAIN, uterus, menses, before","PAIN, Uterus (See Abdomen, Pain), menses, before",تناسلی اعضاء (عورت) — درد، رحم، حیض سے پہلے,26,26,یکساں
r80,"CONSTRICTION, ovaries","CONSTRICTION, ovaries",تناسلی اعضاء (عورت) — جکڑن، بیضہ دانیاں,1,1,یکساں
r800,"PAIN, uterus, mortification, from","PAIN, Uterus (See Abdomen, Pain), mortification, from",تناسلی اعضاء (عورت) — درد، رحم، دل آزردگی (رسوائی) سے,1,1,یکساں
r801,"PAIN, uterus, motion agg.","PAIN, Uterus (See Abdomen, Pain), motion agg.",تناسلی اعضاء (عورت) — درد، رحم، حرکت سے بگاڑ,6,6,یکساں
r802,"PAIN, uterus, nurses, while child","PAIN, Uterus (See Abdomen, Pain), nurses, while child",تناسلی اعضاء (عورت) — درد، رحم، جب بچے کو دودھ پلائے,4,4,یکساں
r803,"PAIN, uterus, paroxysmal","PAIN, Uterus (See Abdomen, Pain), paroxysmal",تناسلی اعضاء (عورت) — درد، رحم، دوروں میں,20,20,یکساں
r804,"PAIN, uterus, periodically, same time each day","PAIN, Uterus (See Abdomen, Pain), periodically, same time each day",تناسلی اعضاء (عورت) — درد، رحم، باقاعدہ، روز اسی وقت,1,1,یکساں
r805,"PAIN, uterus, pregnancy, during","PAIN, Uterus (See Abdomen, Pain), pregnancy, during",تناسلی اعضاء (عورت) — درد، رحم، حمل کے دوران,4,4,یکساں
r806,"PAIN, uterus, pressure amel.","PAIN, Uterus (See Abdomen, Pain), pressure amel.",تناسلی اعضاء (عورت) — درد، رحم، دبانے سے آرام,4,4,یکساں
r807,"PAIN, uterus, pressure on back amel.","PAIN, Uterus (See Abdomen, Pain), pressure on back amel.",تناسلی اعضاء (عورت) — درد، رحم، کمر پر دباؤ سے آرام,1,1,یکساں
r808,"PAIN, uterus, pulsating","PAIN, Uterus (See Abdomen, Pain), pulsating",تناسلی اعضاء (عورت) — درد، رحم، دھڑکتا ہوا,7,7,یکساں
r809,"PAIN, uterus, reaching up with arms","PAIN, Uterus (See Abdomen, Pain), reaching up with arms",تناسلی اعضاء (عورت) — درد، رحم، بازو اوپر اٹھانے سے,1,1,یکساں
r810,"PAIN, uterus, rheumatic","PAIN, Uterus (See Abdomen, Pain), rheumatic",تناسلی اعضاء (عورت) — درد، رحم، گٹھیا والا,1,1,یکساں
r811,"PAIN, uterus, sitting long","PAIN, Uterus (See Abdomen, Pain), sitting long",تناسلی اعضاء (عورت) — درد، رحم، دیر تک بیٹھنے پر,1,1,یکساں
r812,"PAIN, uterus, stool, during","PAIN, Uterus (See Abdomen, Pain), stool, during",تناسلی اعضاء (عورت) — درد، رحم، پاخانے کے دوران,2,2,یکساں
r814,"PAIN, uterus, suddenly, comes and goes","PAIN, Uterus (See Abdomen, Pain), suddenly, comes and goes",تناسلی اعضاء (عورت) — درد، رحم، اچانک آتا اور جاتا ہے,2,2,یکساں
r815,"PAIN, uterus, touch of clothing","PAIN, Uterus (See Abdomen, Pain), touch of clothing",تناسلی اعضاء (عورت) — درد، رحم، کپڑے کے لگنے پر,1,1,یکساں
r816,"PAIN, uterus, urging to urinate","PAIN, Uterus (See Abdomen, Pain), urging to urinate",تناسلی اعضاء (عورت) — درد، رحم، پیشاب کی خواہش پر,2,2,یکساں
r817,"PAIN, uterus, walking agg.","PAIN, Uterus (See Abdomen, Pain), walking agg.",تناسلی اعضاء (عورت) — درد، رحم، چلنے سے بگاڑ,4,4,یکساں
r818,"PAIN, uterus, wandering","PAIN, Uterus (See Abdomen, Pain), wandering",تناسلی اعضاء (عورت) — درد، رحم، ادھر اُدھر گھومتا ہوا,7,7,یکساں
r819,"PAIN, uterus, warmth amel. (See Abdomen)","PAIN, Uterus (See Abdomen, Pain), warmth amel. (See Abdomen)",تناسلی اعضاء (عورت) — درد، رحم، گرمی سے آرام,0,0,یکساں
r820,"PAIN, uterus, extending to back","PAIN, Uterus (See Abdomen, Pain), extending to back",تناسلی اعضاء (عورت) — درد، رحم، کمر تک پھیلتا ہوا,3,3,یکساں
r838,"PAIN, vagina, centres in, from other parts","PAIN, Vagina, centres in, from other parts",تناسلی اعضاء (عورت) — درد، اندرونی راستہ، دوسرے حصوں سے آ کر اسی میں مرکوز ہو,1,1,یکساں
r839,"PAIN, vagina, coition, during","PAIN, Vagina, coition, during",تناسلی اعضاء (عورت) — درد، اندرونی راستہ، جماع کے دوران,26,26,یکساں
r840,"PAIN, vagina, epistaxis, after","PAIN, Vagina, epistaxis, after",تناسلی اعضاء (عورت) — درد، اندرونی راستہ، ناک سے خون بہنے کے بعد,1,1,یکساں
r841,"PAIN, vagina, menses, before","PAIN, Vagina, menses, before",تناسلی اعضاء (عورت) — درد، اندرونی راستہ، حیض سے پہلے,2,2,یکساں
r843,"PAIN, vagina, paroxysmal","PAIN, Vagina, paroxysmal",تناسلی اعضاء (عورت) — درد، اندرونی راستہ، دوروں میں,1,1,یکساں
r844,"PAIN, vagina, pulsating","PAIN, Vagina, pulsating",تناسلی اعضاء (عورت) — درد، اندرونی راستہ، دھڑکتا ہوا,1,1,یکساں
r845,"PAIN, vagina, extending to chest","PAIN, Vagina, extending to chest",تناسلی اعضاء (عورت) — درد، اندرونی راستہ، سینے تک پھیلتا ہوا,1,1,یکساں
r850,"PAIN, aching, ovaries, right","PAIN, aching, Ovaries, right",تناسلی اعضاء (عورت) — درد، مسلسل درد، بیضہ دانیاں، دائیں,2,2,یکساں
r851,"PAIN, aching, ovaries, left","PAIN, aching, Ovaries, left",تناسلی اعضاء (عورت) — درد، مسلسل درد، بیضہ دانیاں، بائیں,5,5,یکساں
r852,"PAIN, aching, ovaries, walking rapidly","PAIN, aching, Ovaries, walking rapidly",تناسلی اعضاء (عورت) — درد، مسلسل درد، بیضہ دانیاں، تیز چلتے ہوئے,2,2,یکساں
r854,"PAIN, aching, uterus, morning","PAIN, aching, Uterus, morning",تناسلی اعضاء (عورت) — درد، مسلسل درد، رحم، صبح,1,1,یکساں
r855,"PAIN, aching, uterus, coition, during","PAIN, aching, Uterus, coition, during",تناسلی اعضاء (عورت) — درد، مسلسل درد، رحم، جماع کے دوران,1,1,یکساں
r856,"PAIN, aching, vagina","PAIN, aching, Vagina",تناسلی اعضاء (عورت) — درد، مسلسل درد، اندرونی راستہ,3,3,یکساں
r857,"PAIN, aching, vagina, epistaxis, after","PAIN, aching, Vagina, epistaxis, after",تناسلی اعضاء (عورت) — درد، مسلسل درد، اندرونی راستہ، ناک سے خون بہنے کے بعد,1,1,یکساں
r858,"PAIN, aching, vagina, menses, before","PAIN, aching, Vagina, menses, before",تناسلی اعضاء (عورت) — درد، مسلسل درد، اندرونی راستہ، حیض سے پہلے,1,1,یکساں
r86,"CONTRACTIONS, os, spasmodic, during labor","CONTRACTIONS, os, spasmodic, during labor",تناسلی اعضاء (عورت) — سکڑاؤ، رحم کا منہ، تشنجی، زچگی کے دوران,13,13,یکساں
r861,"PAIN, after-pains, child nurses, when","PAIN, after-pains, child nurses, when",تناسلی اعضاء (عورت) — درد، زچگی کے بعد کے درد، جب بچہ دودھ پیتا ہے,5,5,یکساں
r863,"PAIN, bearing down, menses, before","PAIN, bearing down, menses, before",تناسلی اعضاء (عورت) — درد، نیچے کو دبانے کا احساس، حیض سے پہلے,1,1,یکساں
r865,"PAIN, bearing down, ovaries","PAIN, bearing down, Ovaries",تناسلی اعضاء (عورت) — درد، نیچے کو دبانے کا احساس، بیضہ دانیاں,11,11,گریڈ کتابی مطابق کیے
r866,"PAIN, bearing down, ovaries, right","PAIN, bearing down, Ovaries, right",تناسلی اعضاء (عورت) — درد، نیچے کو دبانے کا احساس، بیضہ دانیاں، دائیں,1,1,یکساں
r867,"PAIN, bearing down, ovaries, left","PAIN, bearing down, Ovaries, left",تناسلی اعضاء (عورت) — درد، نیچے کو دبانے کا احساس، بیضہ دانیاں، بائیں,2,2,یکساں
r868,"PAIN, bearing down, ovaries, standing, while","PAIN, bearing down, Ovaries, standing, while",تناسلی اعضاء (عورت) — درد، نیچے کو دبانے کا احساس، بیضہ دانیاں، کھڑے ہونے پر,1,1,یکساں
r869,"PAIN, bearing down, ovaries, walking, while","PAIN, bearing down, Ovaries, walking, while",تناسلی اعضاء (عورت) — درد، نیچے کو دبانے کا احساس، بیضہ دانیاں، چلتے ہوئے,2,2,یکساں
r870,"PAIN, bearing down, uterus, and region of","PAIN, bearing down, Uterus, and region of (See Labor-like Pains, also Pains in Abdomen)",تناسلی اعضاء (عورت) — درد، نیچے کو دبانے کا احساس، رحم، اور اُس کا علاقہ,74,74,یکساں
r88,"CONTRACTIONS, uterus, hour-glass","CONTRACTIONS, Uterus, hour-glass",تناسلی اعضاء (عورت) — سکڑاؤ، رحم، ریت گھڑی جیسا (درمیان سے بندھا),14,14,یکساں
r89,"CONTRACTIONS, uterus, menses, before","CONTRACTIONS, Uterus, menses, before",تناسلی اعضاء (عورت) — سکڑاؤ، رحم، حیض سے پہلے,3,3,یکساں
r91,"CONTRACTIONS, vagina","CONTRACTIONS, Vagina",تناسلی اعضاء (عورت) — سکڑاؤ، اندرونی راستہ,2,2,یکساں
r910,"PAIN, biting, menses, during","PAIN, biting, menses, during",تناسلی اعضاء (عورت) — درد، کاٹتا ہوا، حیض کے دوران,2,2,یکساں
r911,"PAIN, biting, urination, during","PAIN, biting, urination, during",تناسلی اعضاء (عورت) — درد، کاٹتا ہوا، پیشاب کے دوران,3,3,یکساں
r912,"PAIN, biting, between labia","PAIN, biting, between labia",تناسلی اعضاء (عورت) — درد، کاٹتا ہوا، ہونٹوں کے درمیان,1,1,یکساں
r913,"PAIN, biting, vagina","PAIN, biting, Vagina",تناسلی اعضاء (عورت) — درد، کاٹتا ہوا، اندرونی راستہ,3,3,یکساں
r92,"CONTRACTIONS, vagina, rising from sitting","CONTRACTIONS, Vagina, rising from sitting",تناسلی اعضاء (عورت) — سکڑاؤ، اندرونی راستہ، بیٹھ کر اٹھنے پر,1,1,یکساں
r923,"PAIN, bruised (See Sore)","PAIN, bruised (See Sore)",تناسلی اعضاء (عورت) — درد، کچلا ہوا,0,0,یکساں
r925,"PAIN, burning, night in bed","PAIN, burning, night in bed",تناسلی اعضاء (عورت) — درد، جلتا ہوا، رات بستر میں,1,1,یکساں
r926,"PAIN, burning, lying amel.","PAIN, burning, lying amel.",تناسلی اعضاء (عورت) — درد، جلتا ہوا، لیٹنے سے آرام,1,1,یکساں
r927,"PAIN, burning, menses, before","PAIN, burning, menses, before",تناسلی اعضاء (عورت) — درد، جلتا ہوا، حیض سے پہلے,3,3,یکساں
r929,"PAIN, burning, motion agg.","PAIN, burning, motion agg.",تناسلی اعضاء (عورت) — درد، جلتا ہوا، حرکت سے بگاڑ,1,1,یکساں
r93,CRACKS,CRACKS,تناسلی اعضاء (عورت) — دراڑیں,4,4,یکساں
r930,"PAIN, burning, sitting, while","PAIN, burning, sitting, while",تناسلی اعضاء (عورت) — درد، جلتا ہوا، بیٹھے ہوئے,2,2,یکساں
r931,"PAIN, burning, urinating, while","PAIN, burning, urinating, while",تناسلی اعضاء (عورت) — درد، جلتا ہوا، پیشاب کرنا، پیشاب کرتے وقت,9,9,یکساں
r933,"PAIN, burning, walking agg.","PAIN, burning, walking agg.",تناسلی اعضاء (عورت) — درد، جلتا ہوا، چلنے سے بگاڑ,2,2,یکساں
r934,"PAIN, burning, ovaries","PAIN, burning, Ovaries",تناسلی اعضاء (عورت) — درد، جلتا ہوا، بیضہ دانیاں,24,24,یکساں
r935,"PAIN, burning, ovaries, right","PAIN, burning, Ovaries, right",تناسلی اعضاء (عورت) — درد، جلتا ہوا، بیضہ دانیاں، دائیں,4,4,یکساں
r936,"PAIN, burning, ovaries, left","PAIN, burning, Ovaries, left",تناسلی اعضاء (عورت) — درد، جلتا ہوا، بیضہ دانیاں، بائیں,4,4,یکساں
r937,"PAIN, burning, ovaries, abortion, during","PAIN, burning, Ovaries, abortion, during",تناسلی اعضاء (عورت) — درد، جلتا ہوا، بیضہ دانیاں، اسقاط کے دوران,1,1,یکساں
r938,"PAIN, burning, ovaries, coition, after","PAIN, burning, Ovaries, coition, after",تناسلی اعضاء (عورت) — درد، جلتا ہوا، بیضہ دانیاں، جماع کے بعد,2,2,یکساں
r939,"PAIN, burning, ovaries, menses, during","PAIN, burning, Ovaries, menses, during",تناسلی اعضاء (عورت) — درد، جلتا ہوا، بیضہ دانیاں، حیض کے دوران,2,2,یکساں
r94,CRAWLING (See Formication),CRAWLING (See Formication),تناسلی اعضاء (عورت) — رینگنے کا احساس,0,0,یکساں
r941,"PAIN, burning, ovaries, moving feet amel.","PAIN, burning, Ovaries, moving feet amel.",تناسلی اعضاء (عورت) — درد، جلتا ہوا، بیضہ دانیاں، پاؤں ہلانے سے آرام,1,1,یکساں
r942,"PAIN, burning, ovaries, paroxysmal","PAIN, burning, Ovaries, paroxysmal",تناسلی اعضاء (عورت) — درد، جلتا ہوا، بیضہ دانیاں، دوروں میں,1,1,یکساں
r943,"PAIN, burning, ovaries, riding, while","PAIN, burning, Ovaries, riding, while",تناسلی اعضاء (عورت) — درد، جلتا ہوا، بیضہ دانیاں، سواری کے دوران,1,1,یکساں
r944,"PAIN, burning, ovaries, urination, when","PAIN, burning, Ovaries, urination, when",تناسلی اعضاء (عورت) — درد، جلتا ہوا، بیضہ دانیاں، پیشاب کے وقت,1,1,یکساں
r945,"PAIN, burning, ovaries, walking, while","PAIN, burning, Ovaries, walking, while",تناسلی اعضاء (عورت) — درد، جلتا ہوا، بیضہ دانیاں، چلتے ہوئے,1,1,یکساں
r947,"PAIN, burning, uterus, menses, before","PAIN, burning, Uterus, menses, before",تناسلی اعضاء (عورت) — درد، جلتا ہوا، رحم، حیض سے پہلے,5,5,یکساں
r95,CYSTS,CYSTS,تناسلی اعضاء (عورت) — پانی بھری تھیلیاں (سسٹ),1,1,یکساں
r950,"PAIN, burning, uterus, extending to pit of stomach","PAIN, burning, Uterus, extending to pit of stomach",تناسلی اعضاء (عورت) — درد، جلتا ہوا، رحم، معدے کے اوپری گڑھے تک پھیلتا ہوا,1,1,یکساں
r953,"PAIN, burning, uterus, parturition, after","PAIN, burning, Uterus, parturition, after",تناسلی اعضاء (عورت) — درد، جلتا ہوا، رحم، زچگی کے بعد,1,1,یکساں
r954,"PAIN, burning, uterus, cervix","PAIN, burning, Uterus, cervix",تناسلی اعضاء (عورت) — درد، جلتا ہوا، رحم کا منہ,3,3,یکساں
r956,"PAIN, burning, vagina, coition, during","PAIN, burning, Vagina, coition, during",تناسلی اعضاء (عورت) — درد، جلتا ہوا، اندرونی راستہ، جماع کے دوران,6,6,یکساں
r958,"PAIN, burning, vagina, hour, every day at same","PAIN, burning, Vagina, hour, every day at same",تناسلی اعضاء (عورت) — درد، جلتا ہوا، اندرونی راستہ، روز اسی گھنٹے پر,1,1,یکساں
r959,"PAIN, burning, vagina, lying on left side agg.","PAIN, burning, Vagina, lying on left side agg.",تناسلی اعضاء (عورت) — درد، جلتا ہوا، اندرونی راستہ، بائیں کروٹ لیٹنے سے بگاڑ,1,1,یکساں
r96,"CYSTS, Ovaries (See Tumors)","CYSTS, Ovaries (See Tumors)",تناسلی اعضاء (عورت) — پانی بھری تھیلیاں (سسٹ)، بیضہ دانیاں,0,0,یکساں
r960,"PAIN, burning, vagina, menses, before","PAIN, burning, Vagina, menses, before",تناسلی اعضاء (عورت) — درد، جلتا ہوا، اندرونی راستہ، حیض سے پہلے,4,4,یکساں
r963,"PAIN, burning, vagina, pregnancy, during","PAIN, burning, Vagina, pregnancy, during",تناسلی اعضاء (عورت) — درد، جلتا ہوا، اندرونی راستہ، حمل کے دوران,1,1,یکساں
r964,"PAIN, burning, vagina, sitting, while","PAIN, burning, Vagina, sitting, while",تناسلی اعضاء (عورت) — درد، جلتا ہوا، اندرونی راستہ، بیٹھے ہوئے,1,1,یکساں
r965,"PAIN, burning, vagina, urinating, after","PAIN, burning, Vagina, urinating, after",تناسلی اعضاء (عورت) — درد، جلتا ہوا، اندرونی راستہ، پیشاب کے بعد,1,1,یکساں
r966,"PAIN, burning, vagina, walking, while","PAIN, burning, Vagina, walking, while",تناسلی اعضاء (عورت) — درد، جلتا ہوا، اندرونی راستہ، چلتے ہوئے,1,1,یکساں
r969,"PAIN, constricting, contracting","PAIN, constricting, contracting",تناسلی اعضاء (عورت) — درد، جکڑنے والا، سکڑتا ہوا,1,1,یکساں
r97,"CYSTS, Vagina (See Tumors)","CYSTS, Vagina (See Tumors)",تناسلی اعضاء (عورت) — پانی بھری تھیلیاں (سسٹ)، اندرونی راستہ,0,0,یکساں
r975,"PAIN, cramping, rising from a seat","PAIN, cramping, rising from a seat",تناسلی اعضاء (عورت) — درد، اینٹھن والا، نشست سے اٹھنے پر,1,1,یکساں
r976,"PAIN, cramping, ovaries","PAIN, cramping, Ovaries",تناسلی اعضاء (عورت) — درد، اینٹھن والا، بیضہ دانیاں,7,7,گریڈ کتابی مطابق کیے
r977,"PAIN, cramping, ovaries, left","PAIN, cramping, Ovaries, left",تناسلی اعضاء (عورت) — درد، اینٹھن والا، بیضہ دانیاں، بائیں,2,2,یکساں
r978,"PAIN, cramping, ovaries, menses, during","PAIN, cramping, Ovaries, menses, during",تناسلی اعضاء (عورت) — درد، اینٹھن والا، بیضہ دانیاں، حیض کے دوران,1,1,یکساں
r98,DESIRE diminished,DESIRE diminished,تناسلی اعضاء (عورت) — خواہش کم,27,27,یکساں
r980,"PAIN, cramping, uterus, 11 p.m.","PAIN, cramping, Uterus, 11 p.m.",تناسلی اعضاء (عورت) — درد، اینٹھن والا، رحم، رات 11 بجے,1,1,یکساں
r981,"PAIN, cramping, uterus, midnight, after","PAIN, cramping, Uterus, midnight, after",تناسلی اعضاء (عورت) — درد، اینٹھن والا، رحم، آدھی رات کے بعد,1,1,یکساں
r982,"PAIN, cramping, uterus, anger, after","PAIN, cramping, Uterus, anger, after",تناسلی اعضاء (عورت) — درد، اینٹھن والا، رحم، غصے کے بعد,1,1,یکساں
r983,"PAIN, cramping, uterus, cold damp weather","PAIN, cramping, Uterus, cold damp weather",تناسلی اعضاء (عورت) — درد، اینٹھن والا، رحم، ٹھنڈے گیلے موسم میں,1,1,یکساں
r984,"PAIN, cramping, uterus, double up, compelling her to","PAIN, cramping, Uterus, double up, compelling her to",تناسلی اعضاء (عورت) — درد، اینٹھن والا، رحم، دوہرا ہونے پر مجبور کرے,3,3,یکساں
r986,"PAIN, cramping, uterus, menses, before","PAIN, cramping, Uterus, menses, before",تناسلی اعضاء (عورت) — درد، اینٹھن والا، رحم، حیض سے پہلے,5,5,یکساں
r99,"DESIRE diminished, morning","DESIRE diminished, morning",تناسلی اعضاء (عورت) — خواہش کم، صبح,1,1,یکساں
r990,"PAIN, cramping, uterus, mortification, from","PAIN, cramping, Uterus, mortification, from",تناسلی اعضاء (عورت) — درد، اینٹھن والا، رحم، دل آزردگی (رسوائی) سے,1,1,یکساں
r991,"PAIN, cramping, uterus, motion, from","PAIN, cramping, Uterus, motion, from",تناسلی اعضاء (عورت) — درد، اینٹھن والا، رحم، حرکت سے,1,1,یکساں
r992,"PAIN, cramping, uterus, pregnancy, during","PAIN, cramping, Uterus, pregnancy, during",تناسلی اعضاء (عورت) — درد، اینٹھن والا، رحم، حمل کے دوران,1,1,یکساں
r993,"PAIN, cramping, uterus, reaching up","PAIN, cramping, Uterus, reaching up",تناسلی اعضاء (عورت) — درد، اینٹھن والا، رحم، بازو اوپر اٹھانے سے,1,1,یکساں
r994,"PAIN, cramping, uterus, stool, after","PAIN, cramping, Uterus, stool, after",تناسلی اعضاء (عورت) — درد، اینٹھن والا، رحم، پاخانے کے بعد,1,1,یکساں
r995,"PAIN, cramping, uterus, touching parts agg.","PAIN, cramping, Uterus, touching parts agg.",تناسلی اعضاء (عورت) — درد، اینٹھن والا، رحم، حصوں کو چھونے سے بگاڑ,1,1,یکساں
r996,"PAIN, cramping, uterus, walking, while","PAIN, cramping, Uterus, walking, while",تناسلی اعضاء (عورت) — درد، اینٹھن والا، رحم، چلتے ہوئے,1,1,یکساں
r997,"PAIN, cramping, uterus, warmth amel.","PAIN, cramping, Uterus, warmth amel.",تناسلی اعضاء (عورت) — درد، اینٹھن والا، رحم، گرمی سے آرام,3,3,یکساں
r998,"PAIN, cramping, uterus, extending up the back","PAIN, cramping, Uterus, extending up the back",تناسلی اعضاء (عورت) — درد، اینٹھن والا، رحم، کمر سے اوپر تک پھیلتا ہوا,1,1,یکساں
r233,"INFLAMMATION, ovaries","INFLAMMATION, Ovaries",تناسلی اعضاء (عورت) — سوزش، بیضہ دانیاں,57,56,ماخذی مطابق کیے (OOREP مجموعہ سے کتابی عین)
r860,"PAIN, after-pains","PAIN, after-pains",تناسلی اعضاء (عورت) — درد، زچگی کے بعد کے درد,52,51,ماخذی مطابق کیے (OOREP مجموعہ سے کتابی عین)
r30,"COITION, aversion to","COITION, aversion to",تناسلی اعضاء (عورت) — جماع، نفرت,48,47,ماخذی مطابق کیے (OOREP مجموعہ سے کتابی عین)
r1236,"PAIN, stitching, uterus","PAIN, stitching, Uterus",تناسلی اعضاء (عورت) — درد، چبھتا ہوا، رحم,32,31,ماخذی مطابق کیے (OOREP مجموعہ سے کتابی عین)
r1277,PROLAPSUS uterus,PROLAPSUS uterus,تناسلی اعضاء (عورت) — رحم کا اترنا,94,91,ماخذی مطابق کیے (OOREP مجموعہ سے کتابی عین)
r1007,"PAIN, cutting, ovaries","PAIN, cutting, Ovaries",تناسلی اعضاء (عورت) — درد، کاٹتا ہوا، بیضہ دانیاں,30,29,ماخذی مطابق کیے (OOREP مجموعہ سے کتابی عین)
r1339,"SWOLLEN, ovaries","SWOLLEN, Ovaries",تناسلی اعضاء (عورت) — سوجن، بیضہ دانیاں,29,28,ماخذی مطابق کیے (OOREP مجموعہ سے کتابی عین)
r1274,"POLYPUS, uterus","POLYPUS, Uterus",تناسلی اعضاء (عورت) — پولیپ، رحم,28,27,ماخذی مطابق کیے (OOREP مجموعہ سے کتابی عین)
r222,"INDURATION, ovaries","INDURATION, Ovaries",تناسلی اعضاء (عورت) — سختی، بیضہ دانیاں,28,27,ماخذی مطابق کیے (OOREP مجموعہ سے کتابی عین)
o36606,"LEUCORRHOEA, bloody","LEUCORRHŒA, bloody",تناسلی اعضاء (عورت) — سفید پانی (لیوکوریا)، خون آلود,50,48,ماخذی مطابق کیے (OOREP مجموعہ سے کتابی عین)
r1327,STERILITY,STERILITY,تناسلی اعضاء (عورت) — بانجھ پن,48,46,ماخذی مطابق کیے (OOREP مجموعہ سے کتابی عین)
r590,"METRORRHAGIA, dark blood","METRORRHAGIA, dark blood",تناسلی اعضاء (عورت) — حیض کے علاوہ رحم سے خون بہنا، گہرا خون,24,23,ماخذی مطابق کیے (OOREP مجموعہ سے کتابی عین)
r878,"PAIN, bearing down, uterus, come out, as if everything would, pregnancy, during","PAIN, bearing down, Uterus, and region of (See Labor-like Pains, also Pains in Abdomen), come out, as if everything would, pregnancy, during",تناسلی اعضاء (عورت) — درد، نیچے کو دبانے کا احساس، رحم، اور اُس کا علاقہ، آنا باہر ہر چیز ہوتا / چاہیے، حمل,1,1,یکساں
r879,"PAIN, bearing down, uterus, come out, as if everything would, stool, before","PAIN, bearing down, Uterus, and region of (See Labor-like Pains, also Pains in Abdomen), come out, as if everything would, stool, before",تناسلی اعضاء (عورت) — درد، نیچے کو دبانے کا احساس، رحم، اور اُس کا علاقہ، آنا باہر ہر چیز ہوتا / چاہیے، پاخانہ,1,1,یکساں
r918,"PAIN, boring, ovaries, left, menses, during, amel.","PAIN, biting, boring, ovaries, left, menses, during, amel.",تناسلی اعضاء (عورت) — درد، کاٹنے جیسا چبھن، کھودتا ہوا درد (چپے کی طرح)، بیضہ دانی، بائیں، حیض، during، آرام (amel.) — جس سے بہتر ہو,1,1,یکساں
r1245,"PAIN, stitching, vagina","PAIN, stitching, Vagina",تناسلی اعضاء (عورت) — درد، چبھتا ہوا، اندرونی راستہ,23,22,ماخذی مطابق کیے (OOREP مجموعہ سے کتابی عین)
r226,"INDURATION, uterus, cervix","INDURATION, Uterus, cervix",تناسلی اعضاء (عورت) — سختی، رحم کا منہ,23,22,ماخذی مطابق کیے (OOREP مجموعہ سے کتابی عین)
r573,"METRORRHAGIA, black","METRORRHAGIA, black",تناسلی اعضاء (عورت) — حیض کے علاوہ رحم سے خون بہنا، کالا,22,21,ماخذی مطابق کیے (OOREP مجموعہ سے کتابی عین)
r798,"PAIN, uterus, menses, during, cry out, compels her to","PAIN, Uterus (See Abdomen, Pain), menses, before, during, cry out, compels her to",تناسلی اعضاء (عورت) — درد، رحم، حیض سے پہلے، دوران میں، رونا باہر مجبور کرتا ہے اُس کی (عورت کا),10,10,یکساں
r896,"PAIN, bearing down, uterus, sitting, she feels as if pushing something up, while","PAIN, bearing down, Uterus, and region of (See Labor-like Pains, also Pains in Abdomen), sitting, she feels as if pushing something up, while",تناسلی اعضاء (عورت) — درد، نیچے کو دبانے کا احساس، رحم، اور اُس کا علاقہ، بیٹھنا وہ (عورت) محسوس ہوتا ہے دھکا دینے جیسا کوئی چیز جب کہ / دوران,1,1,یکساں
r920,"PAIN, boring, ovaries, menses, during, amel.","PAIN, biting, boring, ovaries, menses, during, amel.",تناسلی اعضاء (عورت) — درد، کاٹتا ہوا، کھودتا ہوا درد (چپے کی طرح) بیضہ دانی، حیض آرام (amel.) — جس سے بہتر ہو,2,2,یکساں
r989,"PAIN, cramping, uterus, menses, should appear but do not, when","PAIN, cramping, Uterus, menses, before, should appear but do not, when",تناسلی اعضاء (عورت) — درد، اینٹھن والا، رحم، حیض سے پہلے، چاہیے نظر آنا مگر نہیں,2,2,یکساں
o36980,"PAIN, bearing down, uterus, lying, amel.","PAIN, bearing down, Uterus, and region of (See Labor-like Pains, also Pains in Abdomen), lying agg., amel.",تناسلی اعضاء (عورت) — درد، نیچے کو دبانے کا احساس، رحم، اور اُس کا علاقہ، لیٹنا بگاڑ (agg.) — جس سے بگڑتا ہو، آرام (amel.) — جس سے بہتر ہو,5,5,یکساں
o36981,"PAIN, bearing down, uterus, lying, on left side amel.","PAIN, bearing down, Uterus, and region of (See Labor-like Pains, also Pains in Abdomen), lying agg., on left side amel.",تناسلی اعضاء (عورت) — درد، نیچے کو دبانے کا احساس، رحم، اور اُس کا علاقہ، لیٹنا بگاڑ (agg.) — جس سے بگڑتا ہو، بائیں طرف آرام (amel.) — جس سے بہتر ہو,1,1,یکساں
o36995,"PAIN, bearing down, uterus, standing, amel.","PAIN, bearing down, Uterus, and region of (See Labor-like Pains, also Pains in Abdomen), standing agg., amel.",تناسلی اعضاء (عورت) — درد، نیچے کو دبانے کا احساس، رحم، اور اُس کا علاقہ، کھڑا ہونا بگاڑ (agg.) — جس سے بگڑتا ہو، آرام (amel.) — جس سے بہتر ہو,1,1,یکساں
o37003,"PAIN, bearing down, uterus, walking, in open air amel.","PAIN, bearing down, Uterus, and region of (See Labor-like Pains, also Pains in Abdomen), walking agg., in open air amel.",تناسلی اعضاء (عورت) — درد، نیچے کو دبانے کا احساس، رحم، اور اُس کا علاقہ، چلنا بگاڑ (agg.) — جس سے بگڑتا ہو، کھلی (ہوا) ہوا آرام (amel.) — جس سے بہتر ہو,1,1,یکساں
o37352,"PAIN, pressing, uterus, menses, before","PAIN, pressing, Uterus (See Bearing Down), menses would appear, as if, before",تناسلی اعضاء (عورت) — درد، دبانے والا، رحم، جیسے حیض آ جائے گا، پہلے,1,1,یکساں
r1020,"PAIN, cutting, uterus, menses, during","PAIN, cutting, Uterus, menses, before, during",تناسلی اعضاء (عورت) — درد، کاٹتا ہوا، رحم، حیض سے پہلے، دوران میں,24,24,یکساں
r1065,"PAIN, labor-like, menses, during, standing agg.","PAIN, labor-like, menses, before, during, standing agg.",تناسلی اعضاء (عورت) — درد، زچگی جیسا، حیض سے پہلے، دوران میں، کھڑا ہونا بگاڑ (agg.) — جس سے بگڑتا ہو,1,1,یکساں
r1077,"PAIN, labor pains, back, down the, into gluteal muscles","PAIN, labor pains, back, paroxysmal in, down the, into gluteal muscles",تناسلی اعضاء (عورت) — درد، زچگی کے درد، کمر میں دوروں کی صورت، نیچے کی طرف میں (اندر) ساڑھے کا (بٹ کا) پٹھے,1,1,یکساں
r1078,"PAIN, labor pains, back, through to, and up the","PAIN, labor pains, back, paroxysmal in, through to, and up the",تناسلی اعضاء (عورت) — درد، زچگی کے درد، کمر میں دوروں کی صورت، درمیان سے,1,1,یکساں
r1123,"PAIN, lancinating, ovaries, menses, after","PAIN, lancinating, Ovaries, menses, during, after",تناسلی اعضاء (عورت) — درد، نشتر جیسا، بیضہ دانیاں، حیض کے دوران، بعد میں,1,1,یکساں
r1152,"PAIN, pressing, vagina, menses, before","PAIN, pressing, Vagina, morning, menses, before",تناسلی اعضاء (عورت) — درد، دبانے والا، اندرونی راستہ، صبح، حیض,3,3,یکساں
r1172,"PAIN, sore, ovaries, menses, before","PAIN, sore, tenderness, Ovaries, menses, before",تناسلی اعضاء (عورت) — درد، دکھتا، کچلا ہوا، نرمی (چھونے پر درد)، بیضہ دانی، حیض,2,2,یکساں
r1180,"PAIN, sore, uterus, coition, during","PAIN, sore, tenderness, Uterus, coition, during",تناسلی اعضاء (عورت) — درد، دکھتا، کچلا ہوا، نرمی (چھونے پر درد)، رحم، ہم بستری,2,2,یکساں
r1182,"PAIN, sore, uterus, jarring, sensitive to","PAIN, sore, tenderness, Uterus, jarring, sensitive to",تناسلی اعضاء (عورت) — درد، دکھتا، کچلا ہوا، نرمی (چھونے پر درد)، رحم، جھٹکا (گاڑی کا) حساس,5,5,یکساں
r1183,"PAIN, sore, uterus, menses, before","PAIN, sore, tenderness, Uterus, menses, before",تناسلی اعضاء (عورت) — درد، دکھتا، کچلا ہوا، نرمی (چھونے پر درد)، رحم، حیض,1,1,یکساں
r1192,"PAIN, sore, vagina, coition, during","PAIN, sore, tenderness, Vagina, coition, during",تناسلی اعضاء (عورت) — درد، دکھتا، کچلا ہوا، نرمی (چھونے پر درد)، فرج (نسوانی راستہ)، ہم بستری,17,17,یکساں
r1225,"PAIN, stitching, ovaries, breathing, arresting","PAIN, stitching, Ovaries, breathing, on, arresting",تناسلی اعضاء (عورت) — درد، چبھتا ہوا، بیضہ دانیاں، سانس لینے پر، روکنے والا,1,1,یکساں
r1227,"PAIN, stitching, ovaries, menses, during","PAIN, stitching, Ovaries, menses, before, during",تناسلی اعضاء (عورت) — درد، چبھتا ہوا، بیضہ دانیاں، حیض سے پہلے، دوران میں,4,4,یکساں
r1238,"PAIN, stitching, uterus, menses, after","PAIN, stitching, Uterus, menses, before, after",تناسلی اعضاء (عورت) — درد، چبھتا ہوا، رحم، حیض سے پہلے، بعد میں,1,1,یکساں
r1268,"PAIN, tearing, uterus, menses, during","PAIN, tearing, Uterus, menses, before, during",تناسلی اعضاء (عورت) — درد، چیرتا ہوا، رحم، حیض سے پہلے، دوران میں,19,19,یکساں
r703,"PAIN, ovaries, menses, during, amel.","PAIN, Ovaries, menses, before, during, amel.",تناسلی اعضاء (عورت) — درد، بیضہ دانیاں، حیض سے پہلے، دوران میں، آرام (amel.) — جس سے بہتر ہو,5,5,یکساں
r797,"PAIN, uterus, menses, during, amel.","PAIN, Uterus (See Abdomen, Pain), menses, before, during, amel.",تناسلی اعضاء (عورت) — درد، رحم، حیض سے پہلے، دوران میں، آرام (amel.) — جس سے بہتر ہو,6,6,یکساں
r859,"PAIN, aching, vagina, menses, during","PAIN, aching, Vagina, menses, before, during",تناسلی اعضاء (عورت) — درد، مسلسل درد، اندرونی راستہ، حیض سے پہلے، دوران میں,1,1,یکساں
r875,"PAIN, bearing down, uterus, midnight, after","PAIN, bearing down, Uterus, and region of (See Labor-like Pains, also Pains in Abdomen), midnight, after",تناسلی اعضاء (عورت) — درد، نیچے کو دبانے کا احساس، رحم، اور اُس کا علاقہ، آدھی رات,1,1,یکساں
r882,"PAIN, bearing down, uterus, drinking, after","PAIN, bearing down, Uterus, and region of (See Labor-like Pains, also Pains in Abdomen), drinking, after",تناسلی اعضاء (عورت) — درد، نیچے کو دبانے کا احساس، رحم، اور اُس کا علاقہ، پینا,1,1,یکساں
r884,"PAIN, bearing down, uterus, lifting, after","PAIN, bearing down, Uterus, and region of (See Labor-like Pains, also Pains in Abdomen), lifting, after",تناسلی اعضاء (عورت) — درد، نیچے کو دبانے کا احساس، رحم، اور اُس کا علاقہ، اٹھانے سے,1,1,یکساں
r888,"PAIN, bearing down, uterus, menses, before","PAIN, bearing down, Uterus, and region of (See Labor-like Pains, also Pains in Abdomen), menses, before",تناسلی اعضاء (عورت) — درد، نیچے کو دبانے کا احساس، رحم، اور اُس کا علاقہ، حیض,26,26,یکساں
r893,"PAIN, bearing down, uterus, pregnancy, during","PAIN, bearing down, Uterus, and region of (See Labor-like Pains, also Pains in Abdomen), pregnancy, during",تناسلی اعضاء (عورت) — درد، نیچے کو دبانے کا احساس، رحم، اور اُس کا علاقہ، حمل,1,1,یکساں
r901,"PAIN, bearing down, uterus, stool, before","PAIN, bearing down, Uterus, and region of (See Labor-like Pains, also Pains in Abdomen), stool, before",تناسلی اعضاء (عورت) — درد، نیچے کو دبانے کا احساس، رحم، اور اُس کا علاقہ، پاخانہ,2,2,یکساں
r904,"PAIN, bearing down, uterus, stooping, when","PAIN, bearing down, Uterus, and region of (See Labor-like Pains, also Pains in Abdomen), stooping, when",تناسلی اعضاء (عورت) — درد، نیچے کو دبانے کا احساس، رحم، اور اُس کا علاقہ، خم ہونا,1,1,یکساں
r906,"PAIN, bearing down, uterus, urging to urinate, on","PAIN, bearing down, Uterus, and region of (See Labor-like Pains, also Pains in Abdomen), urging to urinate, on",تناسلی اعضاء (عورت) — درد، نیچے کو دبانے کا احساس، رحم، اور اُس کا علاقہ، دھتکار (فوری آنے کا احساس) پیشاب کرنا,3,3,یکساں
r940,"PAIN, burning, ovaries, menses, after","PAIN, burning, Ovaries, menses, during, after",تناسلی اعضاء (عورت) — درد، جلتا ہوا، بیضہ دانیاں، حیض کے دوران، بعد میں,1,1,یکساں
r948,"PAIN, burning, uterus, menses, during","PAIN, burning, Uterus, menses, before, during",تناسلی اعضاء (عورت) — درد، جلتا ہوا، رحم، حیض سے پہلے، دوران میں,15,15,یکساں
r949,"PAIN, burning, uterus, menses, after","PAIN, burning, Uterus, menses, before, after",تناسلی اعضاء (عورت) — درد، جلتا ہوا، رحم، حیض سے پہلے، بعد میں,2,2,یکساں
r957,"PAIN, burning, vagina, coition, after","PAIN, burning, Vagina, coition, during, after",تناسلی اعضاء (عورت) — درد، جلتا ہوا، اندرونی راستہ، جماع کے دوران، بعد میں,2,2,یکساں
r961,"PAIN, burning, vagina, menses, during","PAIN, burning, Vagina, menses, before, during",تناسلی اعضاء (عورت) — درد، جلتا ہوا، اندرونی راستہ، حیض سے پہلے، دوران میں,5,5,یکساں
r962,"PAIN, burning, vagina, menses, after","PAIN, burning, Vagina, menses, before, after",تناسلی اعضاء (عورت) — درد، جلتا ہوا، اندرونی راستہ، حیض سے پہلے، بعد میں,5,5,یکساں
r972,"PAIN, constricting, uterus, menses, during","PAIN, constricting, contracting, Uterus, menses, during",تناسلی اعضاء (عورت) — درد، جکڑنے والا، سکڑتا ہوا، رحم، حیض,4,4,یکساں
r987,"PAIN, cramping, uterus, menses, during","PAIN, cramping, Uterus, menses, before, during",تناسلی اعضاء (عورت) — درد، اینٹھن والا، رحم، حیض سے پہلے، دوران میں,27,27,یکساں
r988,"PAIN, cramping, uterus, menses, after","PAIN, cramping, Uterus, menses, before, after",تناسلی اعضاء (عورت) — درد، اینٹھن والا، رحم، حیض سے پہلے، بعد میں,4,4,یکساں
r662,"PAIN, ovaries, right","PAIN, Ovaries, right",تناسلی اعضاء (عورت) — درد، بیضہ دانیاں، دائیں,17,16,ماخذی مطابق کیے (OOREP مجموعہ سے کتابی عین)
o36636,"LEUCORRHOEA, menses, after, two weeks","LEUCORRHŒA, menses, before, after, two weeks",تناسلی اعضاء (عورت) — سفید پانی (لیوکوریا)، حیض سے پہلے، بعد میں، دو ہفتے (ہفتوں بعد),6,6,یکساں
o36654,"LEUCORRHOEA, offensive, menses, after","LEUCORRHŒA, offensive, menses, like, after",تناسلی اعضاء (عورت) — سفید پانی (لیوکوریا)، بدبودار، حیض جیسی، بعد میں,1,1,یکساں
o36711,"MENSES, absent, amenorrhoea, molimen only","MENSES, daytime only, absent, amenorrhœa, molimen only",تناسلی اعضاء (عورت) — حیض، صرف دن کے وقت، غائب دھن حیض کا رُک جانا (مخفف)، حیض کی ہلکی آمد (مولیمن) صرف,3,3,یکساں
o36760,"MENSES, copious, walking, amel.","MENSES, daytime only, copious, walking agg., amel.",تناسلی اعضاء (عورت) — حیض، صرف دن کے وقت، کثیر (بہت زیادہ)، چلنا بگاڑ (agg.) — جس سے بگڑتا ہو، آرام (amel.) — جس سے بہتر ہو,2,2,یکساں
o37510,"PAIN, uterus, lying, on back amel.","PAIN, Uterus (See Abdomen, Pain), lying down, on, on back amel.",تناسلی اعضاء (عورت) — درد، رحم، لیٹنے پر، پیٹھ آرام (amel.) — جس سے بہتر ہو,1,1,یکساں
o37511,"PAIN, uterus, lying, on right side amel.","PAIN, Uterus (See Abdomen, Pain), lying down, on, on right side amel.",تناسلی اعضاء (عورت) — درد، رحم، لیٹنے پر، دائیں طرف آرام (amel.) — جس سے بہتر ہو,1,1,یکساں
r1064,"PAIN, labor-like, menses, during","PAIN, labor-like, menses, before, during",تناسلی اعضاء (عورت) — درد، زچگی جیسا، حیض سے پہلے، دوران میں,52,52,یکساں
r1066,"PAIN, labor-like, menses, after","PAIN, labor-like, menses, before, after",تناسلی اعضاء (عورت) — درد، زچگی جیسا، حیض سے پہلے، بعد میں,5,5,یکساں
r1085,"PAIN, labor pains, cutting, in umbilical region","PAIN, labor pains, cutting, left to right, in umbilical region",تناسلی اعضاء (عورت) — درد، زچگی کے درد، کاٹتے ہوئے، بائیں سے دائیں، ناف والا علاقہ,1,1,یکساں
r112,"DESIRE, increased, menses, during","DESIRE diminished, increased, menses, before, during",تناسلی اعضاء (عورت) — خواہش، بڑھی ہوئی، حیض سے پہلے، دوران میں,21,21,یکساں
r113,"DESIRE, increased, menses, after","DESIRE diminished, increased, menses, before, after",تناسلی اعضاء (عورت) — خواہش، بڑھی ہوئی، حیض سے پہلے، بعد میں,1,1,یکساں
r1137,"PAIN, pressing, menses, during","PAIN, pressing, menses, before, during",تناسلی اعضاء (عورت) — درد، دبانے والا، حیض سے پہلے، دوران میں,24,24,یکساں
r1163,"PAIN, sore, menses, before","PAIN, sore, tenderness, menses, before",تناسلی اعضاء (عورت) — درد، دکھتا، کچلا ہوا، نرمی (چھونے پر درد)، حیض,4,4,یکساں
r1167,"PAIN, sore, washing in cold water, after","PAIN, sore, tenderness, washing in cold water, after",تناسلی اعضاء (عورت) — درد، دکھتا، کچلا ہوا، نرمی (چھونے پر درد)، دھونا سردی پانی,1,1,یکساں
r1170,"PAIN, sore, ovaries, right","PAIN, sore, tenderness, Ovaries, right",تناسلی اعضاء (عورت) — درد، دکھتا، کچلا ہوا، نرمی (چھونے پر درد)، بیضہ دانی، دائیں,6,6,یکساں
r1171,"PAIN, sore, ovaries, left","PAIN, sore, tenderness, Ovaries, left",تناسلی اعضاء (عورت) — درد، دکھتا، کچلا ہوا، نرمی (چھونے پر درد)، بیضہ دانی، بائیں,5,5,یکساں
r1176,"PAIN, sore, ovaries, motion","PAIN, sore, tenderness, Ovaries, motion",تناسلی اعضاء (عورت) — درد، دکھتا، کچلا ہوا، نرمی (چھونے پر درد)، بیضہ دانی، حرکت,1,1,یکساں
r1177,"PAIN, sore, ovaries, walking agg.","PAIN, sore, tenderness, Ovaries, walking agg.",تناسلی اعضاء (عورت) — درد، دکھتا، کچلا ہوا، نرمی (چھونے پر درد)، بیضہ دانی، چلنا بگاڑ (agg.) — جس سے بگڑتا ہو,3,3,یکساں
r1178,"PAIN, sore, ovaries, extending down the limbs","PAIN, sore, tenderness, Ovaries, extending down the limbs",تناسلی اعضاء (عورت) — درد، دکھتا، کچلا ہوا، نرمی (چھونے پر درد)، بیضہ دانی، پھیلاؤ (درد کہاں تک) نیچے کی طرف اعضا,1,1,یکساں
r1181,"PAIN, sore, uterus, contact of clothing agg.","PAIN, sore, tenderness, Uterus, contact of clothing agg.",تناسلی اعضاء (عورت) — درد، دکھتا، کچلا ہوا، نرمی (چھونے پر درد)، رحم، چھواؤ (ملنے سے) کپڑا (لپٹنے سے) بگاڑ (agg.) — جس سے بگڑتا ہو,2,2,یکساں
r1186,"PAIN, sore, uterus, motion","PAIN, sore, tenderness, Uterus, motion",تناسلی اعضاء (عورت) — درد، دکھتا، کچلا ہوا، نرمی (چھونے پر درد)، رحم، حرکت,2,2,یکساں
r1187,"PAIN, sore, uterus, pregnancy","PAIN, sore, tenderness, Uterus, pregnancy",تناسلی اعضاء (عورت) — درد، دکھتا، کچلا ہوا، نرمی (چھونے پر درد)، رحم، حمل,3,3,یکساں
r1188,"PAIN, sore, uterus, riding in a carriage","PAIN, sore, tenderness, Uterus, riding in a carriage",تناسلی اعضاء (عورت) — درد، دکھتا، کچلا ہوا، نرمی (چھونے پر درد)، رحم، سواری چلنے کا انداز,1,1,یکساں
r1189,"PAIN, sore, uterus, standing","PAIN, sore, tenderness, Uterus, standing",تناسلی اعضاء (عورت) — درد، دکھتا، کچلا ہوا، نرمی (چھونے پر درد)، رحم، کھڑا ہونا,1,1,یکساں
r1191,"PAIN, sore, vagina, evening","PAIN, sore, tenderness, Vagina, evening",تناسلی اعضاء (عورت) — درد، دکھتا، کچلا ہوا، نرمی (چھونے پر درد)، فرج (نسوانی راستہ)، شام,1,1,یکساں
r1197,"PAIN, stinging, menses, during","PAIN, stinging, menses, before, during",تناسلی اعضاء (عورت) — درد، ڈنک جیسا، حیض سے پہلے، دوران میں,8,8,یکساں
r1212,"PAIN, stitching, menses, during","PAIN, stitching, menses, before, during",تناسلی اعضاء (عورت) — درد، چبھتا ہوا، حیض سے پہلے، دوران میں,2,2,یکساں
r1294,"PROLAPSUS uterus, stool, urging to, constant","PROLAPSUS uterus, stool, during, urging to, constant",تناسلی اعضاء (عورت) — رحم کا اترنا، پاخانے کے دوران، دھتکار (فوری آنے کا احساس) مسلسل,2,2,یکساں
r134,"DRYNESS, vagina, menses, after","DRYNESS, Vagina, menses, during, after",تناسلی اعضاء (عورت) — خشکی، اندرونی راستہ، حیض کے دوران، بعد میں,4,4,یکساں
r1343,"SWOLLEN, ovaries, menses, during","SWOLLEN, Ovaries, menses, before, during",تناسلی اعضاء (عورت) — سوجن، بیضہ دانیاں، حیض سے پہلے، دوران میں,3,3,یکساں
r1344,"SWOLLEN, ovaries, menses, after","SWOLLEN, Ovaries, menses, before, after",تناسلی اعضاء (عورت) — سوجن، بیضہ دانیاں، حیض سے پہلے، بعد میں,1,1,یکساں
r1347,"SWOLLEN, uterus, menses, during","SWOLLEN, Uterus, menses, before, during",تناسلی اعضاء (عورت) — سوجن، رحم، حیض سے پہلے، دوران میں,2,2,یکساں
r161,"ERUPTIONS, pimples, menses, during","ERUPTIONS, pimples, menses, before, during",تناسلی اعضاء (عورت) — دانے، پھنسیاں، حیض سے پہلے، دوران میں,5,5,یکساں
r286,"ITCHING, vagina, menses, during","ITCHING, Vagina, menses, before, during",تناسلی اعضاء (عورت) — خارش، اندرونی راستہ، حیض سے پہلے، دوران میں,4,4,یکساں
r287,"ITCHING, vagina, menses, after","ITCHING, Vagina, menses, before, after",تناسلی اعضاء (عورت) — خارش، اندرونی راستہ، حیض سے پہلے، بعد میں,8,8,یکساں
r376,"LOCHIA, bloody, after growing light, it again becomes","LOCHIA, acrid, bloody, after growing light, it again becomes",تناسلی اعضاء (عورت) — زچگی کے بعد کا خون، تیز، خونی، بڑھتا ہوا روشنی دوبارہ ہو جاتا ہے,5,5,یکساں
r377,"LOCHIA, bloody, child nurses, when","LOCHIA, acrid, bloody, child nurses, when",تناسلی اعضاء (عورت) — زچگی کے بعد کا خون، تیز، خونی، بچہ دائی/پرورش کرنے والے,1,1,یکساں
r378,"LOCHIA, bloody, motion, after least","LOCHIA, acrid, bloody, motion, after least",تناسلی اعضاء (عورت) — زچگی کے بعد کا خون، تیز، خونی، حرکت کم از کم/تھوڑی سی بات,1,1,یکساں
r396,"LOCHIA, suppressed, anger, from","LOCHIA, acrid, suppressed, anger, from",تناسلی اعضاء (عورت) — زچگی کے بعد کا خون، تیز، دبا دیا گیا (بند کر دیا گیا)، غصہ,1,1,یکساں
r397,"LOCHIA, suppressed, cold, from","LOCHIA, acrid, suppressed, cold, from",تناسلی اعضاء (عورت) — زچگی کے بعد کا خون، تیز، دبا دیا گیا (بند کر دیا گیا)، سردی,7,7,یکساں
r398,"LOCHIA, suppressed, excitement, by","LOCHIA, acrid, suppressed, excitement, by",تناسلی اعضاء (عورت) — زچگی کے بعد کا خون، تیز، دبا دیا گیا (بند کر دیا گیا)، جذباتی ہیجان,1,1,یکساں
r401,"LOCHIA, suppressed, vexation, after","LOCHIA, acrid, suppressed, vexation, after",تناسلی اعضاء (عورت) — زچگی کے بعد کا خون، تیز، دبا دیا گیا (بند کر دیا گیا)، دل آزاری,2,2,یکساں
r443,"MENSES, copious, afternoon, while walking","MENSES, daytime only, copious, afternoon, while walking",تناسلی اعضاء (عورت) — حیض، صرف دن کے وقت، کثیر (بہت زیادہ)، سہ پہر جب کہ / دوران چلنا,1,1,یکساں
r447,"MENSES, copious, dancing, from","MENSES, daytime only, copious, dancing, from",تناسلی اعضاء (عورت) — حیض، صرف دن کے وقت، کثیر (بہت زیادہ)، ناچنا (دل/آنکھیں),3,3,یکساں
r448,"MENSES, copious, excitement, after","MENSES, daytime only, copious, excitement, after",تناسلی اعضاء (عورت) — حیض، صرف دن کے وقت، کثیر (بہت زیادہ)، جذباتی ہیجان,1,1,یکساں
r450,"MENSES, copious, faintness, with","MENSES, daytime only, copious, faintness, with",تناسلی اعضاء (عورت) — حیض، صرف دن کے وقت، کثیر (بہت زیادہ)، غشی کے ساتھ,8,8,یکساں
r452,"MENSES, copious, lean women, in","MENSES, daytime only, copious, lean women, in",تناسلی اعضاء (عورت) — حیض، صرف دن کے وقت، کثیر (بہت زیادہ)، دبلا (چربی کے بغیر) عورتیں,2,2,یکساں
r454,"MENSES, copious, mania, with","MENSES, daytime only, copious, mania, with",تناسلی اعضاء (عورت) — حیض، صرف دن کے وقت، کثیر (بہت زیادہ)، جنون (شدید پاگل پن) کے ساتھ,1,1,یکساں
r455,"MENSES, copious, menopause, during","MENSES, daytime only, copious, menopause, during",تناسلی اعضاء (عورت) — حیض، صرف دن کے وقت، کثیر (بہت زیادہ)، حیض کا رُکنا,12,12,یکساں
r456,"MENSES, copious, motion, from","MENSES, daytime only, copious, motion, from",تناسلی اعضاء (عورت) — حیض، صرف دن کے وقت، کثیر (بہت زیادہ)، حرکت,6,6,یکساں
r458,"MENSES, copious, nymphomania, with","MENSES, daytime only, copious, nymphomania, with",تناسلی اعضاء (عورت) — حیض، صرف دن کے وقت، کثیر (بہت زیادہ)، عورتوں کی جنونی خواہش کے ساتھ,3,3,یکساں
r461,"MENSES, copious, riding, from","MENSES, daytime only, copious, riding, from",تناسلی اعضاء (عورت) — حیض، صرف دن کے وقت، کثیر (بہت زیادہ)، سواری,1,1,یکساں
r464,"MENSES, copious, shocks, from","MENSES, daytime only, copious, shocks, from",تناسلی اعضاء (عورت) — حیض، صرف دن کے وقت، کثیر (بہت زیادہ)، جھٹکے,1,1,یکساں
r465,"MENSES, copious, short duration, and","MENSES, daytime only, copious, short duration, and",تناسلی اعضاء (عورت) — حیض، صرف دن کے وقت، کثیر (بہت زیادہ)، مختصر/چھوٹا دورانیہ (کیتنی دیر),9,9,یکساں
r469,"MENSES, copious, thunderstorm, from","MENSES, daytime only, copious, thunderstorm, from",تناسلی اعضاء (عورت) — حیض، صرف دن کے وقت، کثیر (بہت زیادہ)، آندھی طوفان (گرج چمک),2,2,یکساں
r470,"MENSES, copious, vexation, after","MENSES, daytime only, copious, vexation, after",تناسلی اعضاء (عورت) — حیض، صرف دن کے وقت، کثیر (بہت زیادہ)، دل آزاری,2,2,یکساں
r473,"MENSES, copious, withered women, in","MENSES, daytime only, copious, withered women, in",تناسلی اعضاء (عورت) — حیض، صرف دن کے وقت، کثیر (بہت زیادہ)، مرجھایا (سکڑا) عورتیں,3,3,یکساں
r475,"MENSES, dark, watery, then","MENSES, daytime only, dark, watery, then",تناسلی اعضاء (عورت) — حیض، صرف دن کے وقت، گہرا / تاریک، پانی جیسا پھر,1,1,یکساں
r480,"MENSES, frequent, too early, too soon","MENSES, daytime only, frequent, too early, too soon",تناسلی اعضاء (عورت) — حیض، صرف دن کے وقت، بار بار جلدی (ابتدا میں) جلد (تھوڑی دیر بعد),160,160,یکساں
r499,"MENSES, offensive, ammonia, like","MENSES, daytime only, offensive, ammonia, like",تناسلی اعضاء (عورت) — حیض، صرف دن کے وقت، بدبودار، امونیا (پیشاب جیسی بو) جیسا,1,1,یکساں
r500,"MENSES, offensive, fish, like spoiled","MENSES, daytime only, offensive, fish, like spoiled",تناسلی اعضاء (عورت) — حیض، صرف دن کے وقت، بدبودار، مچھلی جیسا بگڑا ہوا (خراب کھانا),1,1,یکساں
r501,"MENSES, offensive, lochia, like","MENSES, daytime only, offensive, lochia, like",تناسلی اعضاء (عورت) — حیض، صرف دن کے وقت، بدبودار، زچگی کے بعد کا خون جیسا,1,1,یکساں
r504,"MENSES, offensive, semen, like","MENSES, daytime only, offensive, semen, like",تناسلی اعضاء (عورت) — حیض، صرف دن کے وقت، بدبودار، منی (نطفہ) جیسا,1,1,یکساں
r523,"MENSES, scanty, morning, flowing only in","MENSES, daytime only, scanty, morning, flowing only in",تناسلی اعضاء (عورت) — حیض، صرف دن کے وقت، تھوڑا (نہایت کم)، صبح بہتا ہوا صرف,2,2,یکساں
r527,"MENSES, sitting, increased, while","MENSES, daytime only, sitting, increased, while",تناسلی اعضاء (عورت) — حیض، صرف دن کے وقت، بیٹھنا زیادہ ہوا جب کہ / دوران,1,1,یکساں
r530,"MENSES, standing, increased, while","MENSES, daytime only, standing, increased, while",تناسلی اعضاء (عورت) — حیض، صرف دن کے وقت، کھڑا ہونا زیادہ ہوا جب کہ / دوران,1,1,یکساں
r534,"MENSES, suppressed, anger, from","MENSES, daytime only, suppressed, anger, from",تناسلی اعضاء (عورت) — حیض، صرف دن کے وقت، دبا دیا گیا (بند کر دیا گیا)، غصہ,2,2,یکساں
r535,"MENSES, suppressed, bathing, from","MENSES, daytime only, suppressed, bathing, from",تناسلی اعضاء (عورت) — حیض، صرف دن کے وقت، دبا دیا گیا (بند کر دیا گیا)، نہانا (غسل),2,2,یکساں
r536,"MENSES, suppressed, chagrin, from","MENSES, daytime only, suppressed, chagrin, from",تناسلی اعضاء (عورت) — حیض، صرف دن کے وقت، دبا دیا گیا (بند کر دیا گیا)، ہٹ دھرمی کا غصہ (احساسِ کمتری),5,5,یکساں
r537,"MENSES, suppressed, chill, from","MENSES, daytime only, suppressed, chill, from",تناسلی اعضاء (عورت) — حیض، صرف دن کے وقت، دبا دیا گیا (بند کر دیا گیا)، سردی لگنا,6,6,یکساں
r538,"MENSES, suppressed, cold, from","MENSES, daytime only, suppressed, cold, from",تناسلی اعضاء (عورت) — حیض، صرف دن کے وقت، دبا دیا گیا (بند کر دیا گیا)، سردی,13,13,یکساں
r541,"MENSES, suppressed, dampness, from","MENSES, daytime only, suppressed, dampness, from",تناسلی اعضاء (عورت) — حیض، صرف دن کے وقت، دبا دیا گیا (بند کر دیا گیا)، نمی (نم جگہ),2,2,یکساں
r542,"MENSES, suppressed, dancing, after excessive","MENSES, daytime only, suppressed, dancing, after excessive",تناسلی اعضاء (عورت) — حیض، صرف دن کے وقت، دبا دیا گیا (بند کر دیا گیا)، ناچنا (دل/آنکھیں) حد سے زیادہ,1,1,یکساں
r543,"MENSES, suppressed, emigrants, in","MENSES, daytime only, suppressed, emigrants, in",تناسلی اعضاء (عورت) — حیض، صرف دن کے وقت، دبا دیا گیا (بند کر دیا گیا)، مہاجر (ملک چھوڑنے والے),1,1,یکساں
r544,"MENSES, suppressed, emotion, from","MENSES, daytime only, suppressed, emotion, from",تناسلی اعضاء (عورت) — حیض، صرف دن کے وقت، دبا دیا گیا (بند کر دیا گیا)، جذبہ,1,1,یکساں
r545,"MENSES, suppressed, exertion, from","MENSES, daytime only, suppressed, exertion, from",تناسلی اعضاء (عورت) — حیض، صرف دن کے وقت، دبا دیا گیا (بند کر دیا گیا)، محنت,2,2,یکساں
r546,"MENSES, suppressed, fright, from","MENSES, daytime only, suppressed, fright, from",تناسلی اعضاء (عورت) — حیض، صرف دن کے وقت، دبا دیا گیا (بند کر دیا گیا)، دماغی صدمہ (ہیبت),9,9,یکساں
r547,"MENSES, suppressed, grief, from","MENSES, daytime only, suppressed, grief, from",تناسلی اعضاء (عورت) — حیض، صرف دن کے وقت، دبا دیا گیا (بند کر دیا گیا)، غم,1,1,یکساں
r548,"MENSES, suppressed, heated, after being","MENSES, daytime only, suppressed, heated, after being",تناسلی اعضاء (عورت) — حیض، صرف دن کے وقت، دبا دیا گیا (بند کر دیا گیا)، گرم کیا ہوا (گرم ہو جا نے سے) ہوتے ہوئے,2,2,یکساں
r549,"MENSES, suppressed, love, from disappointed","MENSES, daytime only, suppressed, love, from disappointed",تناسلی اعضاء (عورت) — حیض، صرف دن کے وقت، دبا دیا گیا (بند کر دیا گیا)، محبت مایوس,4,4,یکساں
r550,"MENSES, suppressed, plethoric women, in","MENSES, daytime only, suppressed, plethoric women, in",تناسلی اعضاء (عورت) — حیض، صرف دن کے وقت، دبا دیا گیا (بند کر دیا گیا)، خون کی کثرت والا عورتیں,11,11,یکساں
r551,"MENSES, suppressed, thunderstorm, from","MENSES, daytime only, suppressed, thunderstorm, from",تناسلی اعضاء (عورت) — حیض، صرف دن کے وقت، دبا دیا گیا (بند کر دیا گیا)، آندھی طوفان (گرج چمک),1,1,یکساں
r552,"MENSES, suppressed, water, working in","MENSES, daytime only, suppressed, water, working in",تناسلی اعضاء (عورت) — حیض، صرف دن کے وقت، دبا دیا گیا (بند کر دیا گیا)، پانی کام کرنے سے,1,1,یکساں
r553,"MENSES, suppressed, wet, from becoming","MENSES, daytime only, suppressed, wet, from becoming",تناسلی اعضاء (عورت) — حیض، صرف دن کے وقت، دبا دیا گیا (بند کر دیا گیا)، گیلا ہو جانا,8,8,یکساں
r558,"MENSES, thin, clots, with","MENSES, daytime only, thin, clots, with",تناسلی اعضاء (عورت) — حیض، صرف دن کے وقت، پتلا/دبلا، جمے ہوئے (خون کے لوتھڑے) کے ساتھ,4,4,یکساں
r704,"PAIN, ovaries, menses, after","PAIN, Ovaries, menses, before, after",تناسلی اعضاء (عورت) — درد، بیضہ دانیاں، حیض سے پہلے، بعد میں,2,2,یکساں
r73,"CONGESTION, ovaries, menses, suppressed","CONGESTION, Ovaries, menses, before, suppressed",تناسلی اعضاء (عورت) — خون کا جماؤ، بیضہ دانیاں، حیض سے پہلے، دبا دیا گیا (بند کر دیا گیا),1,1,یکساں
r78,"CONGESTION, uterus, menses, during","CONGESTION, Uterus, menses, before, during",تناسلی اعضاء (عورت) — خون کا جماؤ، رحم، حیض سے پہلے، دوران میں,12,12,یکساں
r795,"PAIN, uterus, menses, at beginning","PAIN, Uterus (See Abdomen, Pain), menses, before, at beginning",تناسلی اعضاء (عورت) — درد، رحم، حیض سے پہلے، شروع میں,9,9,یکساں
r799,"PAIN, uterus, menses, suppressed","PAIN, Uterus (See Abdomen, Pain), menses, before, suppressed",تناسلی اعضاء (عورت) — درد، رحم، حیض سے پہلے، دبا دیا گیا (بند کر دیا گیا),3,3,یکساں
r84,"CONSTRICTION, vagina, touch, from","CONSTRICTION, ovaries, Vagina, touch, from",تناسلی اعضاء (عورت) — جکڑن، بیضہ دانیاں، فرج (نسوانی راستہ)، لمس,1,1,یکساں
r842,"PAIN, vagina, menses, during","PAIN, Vagina, menses, before, during",تناسلی اعضاء (عورت) — درد، اندرونی راستہ، حیض سے پہلے، دوران میں,2,2,یکساں
r849,"PAIN, aching, ovaries","PAIN, aching, Ovaries",تناسلی اعضاء (عورت) — درد، مسلسل درد، بیضہ دانیاں,15,14,ماخذی مطابق کیے (OOREP مجموعہ سے کتابی عین)
r864,"PAIN, bearing down, menses, during","PAIN, bearing down, menses, before, during",تناسلی اعضاء (عورت) — درد، نیچے کو دبانے کا احساس، حیض سے پہلے، دوران میں,1,1,یکساں
r871,"PAIN, bearing down, uterus, morning","PAIN, bearing down, Uterus, and region of (See Labor-like Pains, also Pains in Abdomen), morning",تناسلی اعضاء (عورت) — درد، نیچے کو دبانے کا احساس، رحم، اور اُس کا علاقہ، صبح,4,4,یکساں
r872,"PAIN, bearing down, uterus, forenoon","PAIN, bearing down, Uterus, and region of (See Labor-like Pains, also Pains in Abdomen), forenoon",تناسلی اعضاء (عورت) — درد، نیچے کو دبانے کا احساس، رحم، اور اُس کا علاقہ، پیشین (صبح کا دوسرا پہر),1,1,یکساں
r873,"PAIN, bearing down, uterus, afternoon","PAIN, bearing down, Uterus, and region of (See Labor-like Pains, also Pains in Abdomen), afternoon",تناسلی اعضاء (عورت) — درد، نیچے کو دبانے کا احساس، رحم، اور اُس کا علاقہ، سہ پہر,2,2,یکساں
r874,"PAIN, bearing down, uterus, night in bed","PAIN, bearing down, Uterus, and region of (See Labor-like Pains, also Pains in Abdomen), night in bed",تناسلی اعضاء (عورت) — درد، نیچے کو دبانے کا احساس، رحم، اور اُس کا علاقہ، رات بستر (بستر پر/میں),1,1,یکساں
r876,"PAIN, bearing down, uterus, ascending steps","PAIN, bearing down, Uterus, and region of (See Labor-like Pains, also Pains in Abdomen), ascending steps",تناسلی اعضاء (عورت) — درد، نیچے کو دبانے کا احساس، رحم، اور اُس کا علاقہ، سیڑھیاں چڑھنا سیڑھیاں / قدم,1,1,یکساں
r881,"PAIN, bearing down, uterus, crossing limbs amel.","PAIN, bearing down, Uterus, and region of (See Labor-like Pains, also Pains in Abdomen), crossing limbs amel.",تناسلی اعضاء (عورت) — درد، نیچے کو دبانے کا احساس، رحم، اور اُس کا علاقہ، پاؤں پر پاؤں رکھنے/پار کرنے سے اعضا آرام (amel.) — جس سے بہتر ہو,4,4,یکساں
r883,"PAIN, bearing down, uterus, eating amel.","PAIN, bearing down, Uterus, and region of (See Labor-like Pains, also Pains in Abdomen), eating amel.",تناسلی اعضاء (عورت) — درد، نیچے کو دبانے کا احساس، رحم، اور اُس کا علاقہ، کھاتے ہوئے آرام (amel.) — جس سے بہتر ہو,1,1,یکساں
r885,"PAIN, bearing down, uterus, lying agg.","PAIN, bearing down, Uterus, and region of (See Labor-like Pains, also Pains in Abdomen), lying agg.",تناسلی اعضاء (عورت) — درد، نیچے کو دبانے کا احساس، رحم، اور اُس کا علاقہ، لیٹنا بگاڑ (agg.) — جس سے بگڑتا ہو,1,1,یکساں
r894,"PAIN, bearing down, uterus, pressing on vulva amel.","PAIN, bearing down, Uterus, and region of (See Labor-like Pains, also Pains in Abdomen), pressing on vulva amel.",تناسلی اعضاء (عورت) — درد، نیچے کو دبانے کا احساس، رحم، اور اُس کا علاقہ، دبانے والا درد فرج (نسوانی) آرام (amel.) — جس سے بہتر ہو,4,4,یکساں
r895,"PAIN, bearing down, uterus, riding in a carriage agg.","PAIN, bearing down, Uterus, and region of (See Labor-like Pains, also Pains in Abdomen), riding in a carriage agg.",تناسلی اعضاء (عورت) — درد، نیچے کو دبانے کا احساس، رحم، اور اُس کا علاقہ، سواری چلنے کا انداز بگاڑ (agg.) — جس سے بگڑتا ہو,1,1,یکساں
r899,"PAIN, bearing down, uterus, standing agg.","PAIN, bearing down, Uterus, and region of (See Labor-like Pains, also Pains in Abdomen), standing agg.",تناسلی اعضاء (عورت) — درد، نیچے کو دبانے کا احساس، رحم، اور اُس کا علاقہ، کھڑا ہونا بگاڑ (agg.) — جس سے بگڑتا ہو,7,7,یکساں
r905,"PAIN, bearing down, uterus, supports abdomen with hands","PAIN, bearing down, Uterus, and region of (See Labor-like Pains, also Pains in Abdomen), supports abdomen with hands",تناسلی اعضاء (عورت) — درد، نیچے کو دبانے کا احساس، رحم، اور اُس کا علاقہ، سہارا دیتا ہے پیٹ کے ساتھ ہاتھ,4,4,یکساں
r907,"PAIN, bearing down, uterus, walking agg.","PAIN, bearing down, Uterus, and region of (See Labor-like Pains, also Pains in Abdomen), walking agg.",تناسلی اعضاء (عورت) — درد، نیچے کو دبانے کا احساس، رحم، اور اُس کا علاقہ، چلنا بگاڑ (agg.) — جس سے بگڑتا ہو,11,11,یکساں
r915,"PAIN, boring, ovaries, right","PAIN, biting, boring, ovaries, right",تناسلی اعضاء (عورت) — درد، کاٹتا ہوا، کھودتا ہوا درد (چپے کی طرح) بیضہ دانی، دائیں,1,1,یکساں
r916,"PAIN, boring, ovaries, left","PAIN, biting, boring, ovaries, left",تناسلی اعضاء (عورت) — درد، کاٹتا ہوا، کھودتا ہوا درد (چپے کی طرح) بیضہ دانی، بائیں,4,4,یکساں
r919,"PAIN, boring, ovaries, bending up amel.","PAIN, biting, boring, ovaries, bending up amel.",تناسلی اعضاء (عورت) — درد، کاٹتا ہوا، کھودتا ہوا درد (چپے کی طرح) بیضہ دانی، جھکنا آرام (amel.) — جس سے بہتر ہو,1,1,یکساں
r921,"PAIN, boring, ovaries, pressure amel.","PAIN, biting, boring, ovaries, pressure amel.",تناسلی اعضاء (عورت) — درد، کاٹتا ہوا، کھودتا ہوا درد (چپے کی طرح) بیضہ دانی، دباؤ آرام (amel.) — جس سے بہتر ہو,1,1,یکساں
r928,"PAIN, burning, menses, during","PAIN, burning, menses, before, during",تناسلی اعضاء (عورت) — درد، جلتا ہوا، حیض سے پہلے، دوران میں,7,7,یکساں
r932,"PAIN, burning, urinating, after","PAIN, burning, urinating, while, after",تناسلی اعضاء (عورت) — درد، جلتا ہوا، پیشاب کرنا، پیشاب کرتے وقت، بعد میں,4,4,یکساں
r1218,"PAIN, stitching, ovaries","PAIN, stitching, Ovaries",تناسلی اعضاء (عورت) — درد، چبھتا ہوا، بیضہ دانیاں,42,39,ماخذی مطابق کیے (OOREP مجموعہ سے کتابی عین)
o36973,"PAIN, bearing down, uterus, come out, as if everything would, stool, during","PAIN, bearing down, Uterus, and region of (See Labor-like Pains, also Pains in Abdomen), come out, as if everything would, stool, before, during",تناسلی اعضاء (عورت) — درد، نیچے کو دبانے کا احساس، رحم، اور اُس کا علاقہ، آنا باہر ہر چیز ہوتا / چاہیے، پاخانہ، دوران میں,1,1,یکساں
r1034,"PAIN, drawing, ovaries","PAIN, drawing, Ovaries",تناسلی اعضاء (عورت) — درد، کھینچتا ہوا، بیضہ دانیاں,13,12,ماخذی مطابق کیے (OOREP مجموعہ سے کتابی عین)
r207,"HEAT, vagina","HEAT, Vagina",تناسلی اعضاء (عورت) — گرمی، اندرونی راستہ,13,12,ماخذی مطابق کیے (OOREP مجموعہ سے کتابی عین)
o36638,"LEUCORRHOEA, menses, between","LEUCORRHŒA, menses, before, between",تناسلی اعضاء (عورت) — سفید پانی (لیوکوریا)، حیض سے پہلے، درمیان میں,7,7,یکساں
o36639,"LEUCORRHOEA, menses, during","LEUCORRHŒA, menses, before, during",تناسلی اعضاء (عورت) — سفید پانی (لیوکوریا)، حیض سے پہلے، دوران میں,15,15,یکساں
o36640,"LEUCORRHOEA, menses, instead of","LEUCORRHŒA, menses, before, instead of",تناسلی اعضاء (عورت) — سفید پانی (لیوکوریا)، حیض سے پہلے، بجائے,15,15,یکساں
o36641,"LEUCORRHOEA, menses, like the","LEUCORRHŒA, menses, before, like the",تناسلی اعضاء (عورت) — سفید پانی (لیوکوریا)، حیض سے پہلے، جیسا,5,5,یکساں
o36642,"LEUCORRHOEA, menses, smelling like","LEUCORRHŒA, menses, before, smelling like",تناسلی اعضاء (عورت) — سفید پانی (لیوکوریا)، حیض سے پہلے، سونگھنا (بوس/بدبو) جیسا,1,1,یکساں
o36710,"MENSES, absent, amenorrhoea","MENSES, daytime only, absent, amenorrhœa",تناسلی اعضاء (عورت) — حیض، صرف دن کے وقت، غائب دھن حیض کا رُک جانا (مخفف),103,103,یکساں
o36768,"MENSES, evening, while lying","MENSES, daytime only, evening only, while lying",تناسلی اعضاء (عورت) — حیض، صرف دن کے وقت، شام صرف، جب کہ / دوران لیٹنا,2,2,یکساں
o36807,"MENSES, painful, dysmenorrhoea","MENSES, daytime only, painful, dysmenorrhœa",تناسلی اعضاء (عورت) — حیض، صرف دن کے وقت، درد بھرا حیض کے درد (مخفف),127,127,یکساں
o37379,"PAIN, sore, ovaries, menses, suppressed, from","PAIN, sore, tenderness, Ovaries, menses, before, suppressed, from",تناسلی اعضاء (عورت) — درد، دکھتا، کچلا ہوا، نرمی (چھونے پر درد)، بیضہ دانی، حیض، دبا دیا گیا (بند کر دیا گیا),1,1,یکساں
r1056,"PAIN, grasping, ovaries","PAIN, gnawing, grasping, ovaries",تناسلی اعضاء (عورت) — درد، کترتا ہوا، مٹھی بھینچنے جیسا بیضہ دانی,1,1,یکساں
r1166,"PAIN, sore, walking agg.","PAIN, sore, tenderness, walking agg.",تناسلی اعضاء (عورت) — درد، دکھتا، کچلا ہوا، نرمی (چھونے پر درد)، چلنا بگاڑ (agg.) — جس سے بگڑتا ہو,1,1,یکساں
r1168,"PAIN, sore, between labia when urinating","PAIN, sore, tenderness, between labia when urinating",تناسلی اعضاء (عورت) — درد، دکھتا، کچلا ہوا، نرمی (چھونے پر درد)، درمیان میں فرج کے ہونٹ پیشاب کرنا,1,1,یکساں
r1290,"PROLAPSUS uterus, menses, after","PROLAPSUS uterus, menses, during, after",تناسلی اعضاء (عورت) — رحم کا اترنا، حیض کے دوران، بعد میں,4,4,یکساں
r1293,"PROLAPSUS uterus, stool, after","PROLAPSUS uterus, stool, during, after",تناسلی اعضاء (عورت) — رحم کا اترنا، پاخانے کے دوران، بعد میں,1,1,یکساں
r1333,"SWOLLEN, menses, during","SWOLLEN, menses, before, during",تناسلی اعضاء (عورت) — سوجن، حیض سے پہلے، دوران میں,7,7,یکساں
r1375,"VAGINISMUS, coition, preventing","VAGINISMUS, coition, during, preventing",تناسلی اعضاء (عورت) — اندرونی راستے کا تشنج (وجائنیزم)، جماع کے دوران، روکنا (نیند/کام سے),2,2,یکساں
r154,"ERUPTIONS, menses, during","ERUPTIONS, menses, before, during",تناسلی اعضاء (عورت) — دانے، حیض سے پہلے، دوران میں,14,14,یکساں
r190,"FULLNESS, sensation of, during menses","FULLNESS, uterus, sensation of, during menses",تناسلی اعضاء (عورت) — بھراؤ، رحم، احساس حیض,1,1,یکساں
r271,"ITCHING, menses, during","ITCHING, menses, before, during",تناسلی اعضاء (عورت) — خارش، حیض سے پہلے، دوران میں,25,25,یکساں
r272,"ITCHING, menses, after","ITCHING, menses, before, after",تناسلی اعضاء (عورت) — خارش، حیض سے پہلے، بعد میں,20,20,یکساں
r388,"LOCHIA, offensive, fetid","LOCHIA, acrid, offensive, fetid",تناسلی اعضاء (عورت) — زچگی کے بعد کا خون، تیز، بدبودار بدبودار,20,20,یکساں
r399,"LOCHIA, suppressed, fright","LOCHIA, acrid, suppressed, fright",تناسلی اعضاء (عورت) — زچگی کے بعد کا خون، تیز، دبا دیا گیا (بند کر دیا گیا)، دماغی صدمہ (ہیبت),3,3,یکساں
r400,"LOCHIA, suppressed, grief","LOCHIA, acrid, suppressed, grief",تناسلی اعضاء (عورت) — زچگی کے بعد کا خون، تیز، دبا دیا گیا (بند کر دیا گیا)، غم,1,1,یکساں
r409,"MENSES, morning, and evening only","MENSES, daytime only, morning, and evening only",تناسلی اعضاء (عورت) — حیض، صرف دن کے وقت، صبح، شام صرف,1,1,یکساں
r410,"MENSES, morning, less during day","MENSES, daytime only, morning, less during day",تناسلی اعضاء (عورت) — حیض، صرف دن کے وقت، صبح، کم دن,1,1,یکساں
r411,"MENSES, morning, only","MENSES, daytime only, morning, only",تناسلی اعضاء (عورت) — حیض، صرف دن کے وقت، صبح، صرف,3,3,یکساں
r414,"MENSES, afternoon, ceases in","MENSES, daytime only, afternoon, ceases in",تناسلی اعضاء (عورت) — حیض، صرف دن کے وقت، سہ پہر، رُک جاتا ہے,1,1,یکساں
r415,"MENSES, afternoon, while walking only","MENSES, daytime only, afternoon, while walking only",تناسلی اعضاء (عورت) — حیض، صرف دن کے وقت، سہ پہر، جب کہ / دوران چلنا صرف,1,1,یکساں
r424,"MENSES, acrid, excoriating","MENSES, daytime only, acrid, excoriating",تناسلی اعضاء (عورت) — حیض، صرف دن کے وقت، تکھا / خراش کرنے والا (تیز) کھرچتا ہوا (خارش),30,30,یکساں
r425,"MENSES, amelioration of all complaints, during","MENSES, daytime only, amelioration of all complaints, during",تناسلی اعضاء (عورت) — حیض، صرف دن کے وقت، بہتری (amel.) سب شکایات,2,2,یکساں
r427,"MENSES, appear, as if would","MENSES, daytime only, appear, as if would",تناسلی اعضاء (عورت) — حیض، صرف دن کے وقت، نظر آنا ہوتا / چاہیے,36,36,یکساں
r432,"MENSES, black, pitch-like","MENSES, daytime only, black, pitch-like",تناسلی اعضاء (عورت) — حیض، صرف دن کے وقت، کالا، قطران (پچ جیسا سخت) جیسا,10,10,یکساں
r433,"MENSES, bloody, mucus","MENSES, daytime only, bloody, mucus",تناسلی اعضاء (عورت) — حیض، صرف دن کے وقت، خونی بلغم,7,7,یکساں
r435,"MENSES, bright-red, mingled with dark clots","MENSES, daytime only, bright-red, mingled with dark clots",تناسلی اعضاء (عورت) — حیض، صرف دن کے وقت، روشن (چمکدار) سرخ، ملا ہوا (ایک ساتھ) کے ساتھ گہرا / تاریک جمے ہوئے (خون کے لوتھڑے),4,4,یکساں
r439,"MENSES, clotted, dark","MENSES, daytime only, clotted, dark",تناسلی اعضاء (عورت) — حیض، صرف دن کے وقت، جمی ہوئی (خون کے لوتھڑے)، گہرا / تاریک,22,22,یکساں
r441,"MENSES, copious, daytime","MENSES, daytime only, copious, daytime",تناسلی اعضاء (عورت) — حیض، صرف دن کے وقت، کثیر (بہت زیادہ)، دن کے وقت,6,6,یکساں
r442,"MENSES, copious, morning","MENSES, daytime only, copious, morning",تناسلی اعضاء (عورت) — حیض، صرف دن کے وقت، کثیر (بہت زیادہ)، صبح,3,3,یکساں
r444,"MENSES, copious, night","MENSES, daytime only, copious, night",تناسلی اعضاء (عورت) — حیض، صرف دن کے وقت، کثیر (بہت زیادہ)، رات,8,8,یکساں
r445,"MENSES, copious, aged women","MENSES, daytime only, copious, aged women",تناسلی اعضاء (عورت) — حیض، صرف دن کے وقت، کثیر (بہت زیادہ)، بُڑھاپا (بوڑھے لوگ) عورتیں,2,2,یکساں
r446,"MENSES, copious, cold air agg.","MENSES, daytime only, copious, cold air agg.",تناسلی اعضاء (عورت) — حیض، صرف دن کے وقت، کثیر (بہت زیادہ)، سردی ہوا بگاڑ (agg.) — جس سے بگڑتا ہو,1,1,یکساں
r449,"MENSES, copious, exertion agg.","MENSES, daytime only, copious, exertion agg.",تناسلی اعضاء (عورت) — حیض، صرف دن کے وقت، کثیر (بہت زیادہ)، محنت بگاڑ (agg.) — جس سے بگڑتا ہو,10,10,یکساں
r451,"MENSES, copious, intemperate women","MENSES, daytime only, copious, intemperate women",تناسلی اعضاء (عورت) — حیض، صرف دن کے وقت، کثیر (بہت زیادہ)، بے قابو (حد سے زیادہ) عورتیں,3,3,یکساں
r453,"MENSES, copious, lying agg.","MENSES, daytime only, copious, lying agg.",تناسلی اعضاء (عورت) — حیض، صرف دن کے وقت، کثیر (بہت زیادہ)، لیٹنا بگاڑ (agg.) — جس سے بگڑتا ہو,1,1,یکساں
r459,"MENSES, copious, phthisical","MENSES, daytime only, copious, phthisical",تناسلی اعضاء (عورت) — حیض، صرف دن کے وقت، کثیر (بہت زیادہ)، دق والا,6,6,یکساں
r460,"MENSES, copious, rheumatic constitutions","MENSES, daytime only, copious, rheumatic constitutions",تناسلی اعضاء (عورت) — حیض، صرف دن کے وقت، کثیر (بہت زیادہ)، باد آوردہ (ریمیٹک) طبیعتیں (مزاج),1,1,یکساں
r463,"MENSES, copious, scrawny women (See Withered)","MENSES, daytime only, copious, scrawny women (See Withered)",تناسلی اعضاء (عورت) — حیض، صرف دن کے وقت، کثیر (بہت زیادہ)، سُکڑا دبلا عورتیں,0,0,یکساں
r466,"MENSES, copious, sitting agg.","MENSES, daytime only, copious, sitting agg.",تناسلی اعضاء (عورت) — حیض، صرف دن کے وقت، کثیر (بہت زیادہ)، بیٹھنا بگاڑ (agg.) — جس سے بگڑتا ہو,1,1,یکساں
r467,"MENSES, copious, standing agg.","MENSES, daytime only, copious, standing agg.",تناسلی اعضاء (عورت) — حیض، صرف دن کے وقت، کثیر (بہت زیادہ)، کھڑا ہونا بگاڑ (agg.) — جس سے بگڑتا ہو,3,3,یکساں
r468,"MENSES, copious, tall women","MENSES, daytime only, copious, tall women",تناسلی اعضاء (عورت) — حیض، صرف دن کے وقت، کثیر (بہت زیادہ)، لمبا (اونچا) عورتیں,1,1,یکساں
r471,"MENSES, copious, walking agg.","MENSES, daytime only, copious, walking agg.",تناسلی اعضاء (عورت) — حیض، صرف دن کے وقت، کثیر (بہت زیادہ)، چلنا بگاڑ (agg.) — جس سے بگڑتا ہو,12,12,یکساں
r476,"MENSES, delayed in girls, first menses","MENSES, daytime only, delayed in girls, first menses",تناسلی اعضاء (عورت) — حیض، صرف دن کے وقت، دیر سے لڑکیاں پہلا حیض,58,58,یکساں
r477,"MENSES, early, too","MENSES, daytime only, early, too (See Frequent)",تناسلی اعضاء (عورت) — حیض، صرف دن کے وقت، جلدی (ابتدا میں),1,1,یکساں
r486,"MENSES, lactation, during","MENSES, daytime only, lactation, during",تناسلی اعضاء (عورت) — حیض، صرف دن کے وقت، دودھ پلانے کا زمانہ,5,5,یکساں
r489,"MENSES, late, first menses (See Delayed)","MENSES, daytime only, late, first menses (See Delayed)",تناسلی اعضاء (عورت) — حیض، صرف دن کے وقت، دیر (دیر سے)، پہلا حیض,0,0,یکساں
r490,"MENSES, late, profuse","MENSES, daytime only, late, profuse",تناسلی اعضاء (عورت) — حیض، صرف دن کے وقت، دیر (دیر سے)، برہمن (بہت زیادہ),14,14,یکساں
r491,"MENSES, lying, cease while","MENSES, daytime only, lying, cease while",تناسلی اعضاء (عورت) — حیض، صرف دن کے وقت، لیٹنا رکنا جب کہ / دوران,4,4,یکساں
r498,"MENSES, offensive, acrid","MENSES, daytime only, offensive, acrid",تناسلی اعضاء (عورت) — حیض، صرف دن کے وقت، بدبودار، تکھا / خراش کرنے والا (تیز),2,2,یکساں
r502,"MENSES, offensive, pungent","MENSES, daytime only, offensive, pungent",تناسلی اعضاء (عورت) — حیض، صرف دن کے وقت، بدبودار، تکھا (ناک چڑھانے والا),2,2,یکساں
r503,"MENSES, offensive, putrid","MENSES, daytime only, offensive, putrid",تناسلی اعضاء (عورت) — حیض، صرف دن کے وقت، بدبودار، سڑا ہوا (پُٹری),5,5,یکساں
r505,"MENSES, offensive, sour","MENSES, daytime only, offensive, sour",تناسلی اعضاء (عورت) — حیض، صرف دن کے وقت، بدبودار، کھٹا,3,3,یکساں
r506,"MENSES, offensive, strong","MENSES, daytime only, offensive, strong",تناسلی اعضاء (عورت) — حیض، صرف دن کے وقت، بدبودار، مضبوط/تیز,3,3,یکساں
r51,"ABORTION, month, third","ABORTION, month, second, third",تناسلی اعضاء (عورت) — اسقاطِ حمل، مہینہ، دوسرا، تیسرا,9,9,یکساں
r510,"MENSES, pain, flow only in the absence of","MENSES, daytime only, pain, flow only in the absence of",تناسلی اعضاء (عورت) — حیض، صرف دن کے وقت، درد بہاؤ (خون/حیض کا) صرف غیر حاضری (کسی کی یاد),3,3,یکساں
r514,"MENSES, pregnancy, during","MENSES, daytime only, pregnancy, during",تناسلی اعضاء (عورت) — حیض، صرف دن کے وقت، حمل,8,8,یکساں
r517,"MENSES, return after having ceased, the periods","MENSES, daytime only, return after having ceased, the periods",تناسلی اعضاء (عورت) — حیض، صرف دن کے وقت، واپسی رکھنا رُک گیا مدتیں (حیض کی),14,14,یکساں
r52,"ABORTION, month, fifth to seventh","ABORTION, month, second, fifth to seventh",تناسلی اعضاء (عورت) — اسقاطِ حمل، مہینہ، دوسرا، پانچواں ساتواں,1,1,یکساں
r522,"MENSES, scanty, daytime","MENSES, daytime only, scanty, daytime",تناسلی اعضاء (عورت) — حیض، صرف دن کے وقت، تھوڑا (نہایت کم)، دن کے وقت,2,2,یکساں
r525,"MENSES, short duration, one day only","MENSES, daytime only, short duration, one day only",تناسلی اعضاء (عورت) — حیض، صرف دن کے وقت، مختصر/چھوٹا دورانیہ (کیتنی دیر)، ایک دن صرف,10,10,یکساں
r526,"MENSES, short duration, one hour only","MENSES, daytime only, short duration, one hour only",تناسلی اعضاء (عورت) — حیض، صرف دن کے وقت، مختصر/چھوٹا دورانیہ (کیتنی دیر)، ایک گھنٹہ (ایک گھنٹے بعد) صرف,2,2,یکساں
r528,"MENSES, sleep, only during","MENSES, daytime only, sleep, only during",تناسلی اعضاء (عورت) — حیض، صرف دن کے وقت، نیند صرف,1,1,یکساں
r53,"ABORTION, month, last months","ABORTION, month, second, last months",تناسلی اعضاء (عورت) — اسقاطِ حمل، مہینہ، دوسرا، آخری/گزشتہ مہینے (مہینوں بعد),1,1,یکساں
r531,"MENSES, stool, increased during","MENSES, daytime only, stool, increased during",تناسلی اعضاء (عورت) — حیض، صرف دن کے وقت، پاخانہ زیادہ ہوا,2,2,یکساں
r54,"ABORTION, month, early months","ABORTION, month, second, early months",تناسلی اعضاء (عورت) — اسقاطِ حمل، مہینہ، دوسرا، جلدی (ابتدا میں) مہینے (مہینوں بعد),1,1,یکساں
r559,"MENSES, vexation, after","MENSES, daytime only, vexation, after",تناسلی اعضاء (عورت) — حیض، صرف دن کے وقت، دل آزاری,4,4,یکساں
r561,"MENSES, walking, only while","MENSES, daytime only, walking, only while",تناسلی اعضاء (عورت) — حیض، صرف دن کے وقت، چلنا صرف جب کہ / دوران,3,3,یکساں
r564,"MENSES, wash off, difficult to","MENSES, daytime only, wash off, difficult to",تناسلی اعضاء (عورت) — حیض، صرف دن کے وقت، دھونا (منہ دھونے سے) بند/دور مشکل,2,2,یکساں
r82,"CONSTRICTION, uterus, like a band","CONSTRICTION, ovaries, Uterus, like a band",تناسلی اعضاء (عورت) — جکڑن، بیضہ دانیاں، رحم، جیسا پٹی (باندھنے والی),2,2,یکساں
r903,"PAIN, bearing down, uterus, stool, urging, with","PAIN, bearing down, Uterus, and region of (See Labor-like Pains, also Pains in Abdomen), stool, before, urging, with",تناسلی اعضاء (عورت) — درد، نیچے کو دبانے کا احساس، رحم، اور اُس کا علاقہ، پاخانہ، دھتکار (فوری آنے کا احساس) کے ساتھ,4,4,یکساں
r914,"PAIN, boring, ovaries","PAIN, biting, boring, ovaries",تناسلی اعضاء (عورت) — درد، کاٹتا ہوا، کھودتا ہوا درد (چپے کی طرح) بیضہ دانی,7,7,یکساں
r967,"PAIN, bursting, ovaries","PAIN, burning, bursting, ovaries",تناسلی اعضاء (عورت) — درد، جلتا ہوا، پھٹنے جیسی بیضہ دانی,2,2,یکساں
r970,"PAIN, constricting, ovaries","PAIN, constricting, contracting, Ovaries",تناسلی اعضاء (عورت) — درد، جکڑنے والا، سکڑتا ہوا، بیضہ دانی,2,2,یکساں
r973,"PAIN, constricting, vagina","PAIN, constricting, contracting, Vagina",تناسلی اعضاء (عورت) — درد، جکڑنے والا، سکڑتا ہوا، فرج (نسوانی راستہ),3,3,یکساں
r46,ABORTION,ABORTION,تناسلی اعضاء (عورت) — اسقاطِ حمل,83,76,ماخذی مطابق کیے (OOREP مجموعہ سے کتابی عین)
r110,"DESIRE, increased","DESIRE diminished, increased",تناسلی اعضاء (عورت) — خواہش، بڑھی ہوئی,78,71,ماخذی مطابق کیے (OOREP مجموعہ سے کتابی عین)
r14,APHTHAE,APHTHÆ,تناسلی اعضاء (عورت) — چھالے (آفتھی),11,10,ماخذی مطابق کیے (OOREP مجموعہ سے کتابی عین)
r75,"CONGESTION, uterus","CONGESTION, Uterus",تناسلی اعضاء (عورت) — خون کا جماؤ، رحم,22,20,ماخذی مطابق کیے (OOREP مجموعہ سے کتابی عین)
r1079,"PAIN, labor pains, ceasing","PAIN, labor pains, ceasing",تناسلی اعضاء (عورت) — درد، زچگی کے درد، رک جانا,32,29,ماخذی مطابق کیے (OOREP مجموعہ سے کتابی عین)
o36984,"PAIN, bearing down, uterus, menses, during","PAIN, bearing down, Uterus, and region of (See Labor-like Pains, also Pains in Abdomen), menses, before, during",تناسلی اعضاء (عورت) — درد، نیچے کو دبانے کا احساس، رحم، اور اُس کا علاقہ، حیض، دوران میں,55,55,یکساں
o37138,"PAIN, drawing, uterus, menses, before","PAIN, drawing, Uterus, menses, would appear, as if, before",تناسلی اعضاء (عورت) — درد، کھینچتا ہوا، رحم، حیض، جیسے حیض آ جائے گا، پہلے,1,1,یکساں
o37376,"PAIN, sore, ovaries, menses, after","PAIN, sore, tenderness, Ovaries, menses, before, after",تناسلی اعضاء (عورت) — درد، دکھتا، کچلا ہوا، نرمی (چھونے پر درد)، بیضہ دانی، حیض، بعد میں,2,2,یکساں
o37378,"PAIN, sore, ovaries, menses, during","PAIN, sore, tenderness, Ovaries, menses, before, during",تناسلی اعضاء (عورت) — درد، دکھتا، کچلا ہوا، نرمی (چھونے پر درد)، بیضہ دانی، حیض، دوران میں,5,5,یکساں
o37388,"PAIN, sore, uterus, menses, after","PAIN, sore, tenderness, Uterus, menses, before, after",تناسلی اعضاء (عورت) — درد، دکھتا، کچلا ہوا، نرمی (چھونے پر درد)، رحم، حیض، بعد میں,2,2,یکساں
o37390,"PAIN, sore, uterus, menses, during","PAIN, sore, tenderness, Uterus, menses, before, during",تناسلی اعضاء (عورت) — درد، دکھتا، کچلا ہوا، نرمی (چھونے پر درد)، رحم، حیض، دوران میں,19,19,یکساں
o37397,"PAIN, sore, vagina, coition, preventing","PAIN, sore, tenderness, Vagina, coition, during, preventing",تناسلی اعضاء (عورت) — درد، دکھتا، کچلا ہوا، نرمی (چھونے پر درد)، فرج (نسوانی راستہ)، ہم بستری، روکنا (نیند/کام سے),5,5,یکساں
r539,"MENSES, suppressed, cold, bath, from","MENSES, daytime only, suppressed, cold, from, bath, from",تناسلی اعضاء (عورت) — حیض، صرف دن کے وقت، دبا دیا گیا (بند کر دیا گیا)، سردی، غسل (نہانے سے),1,1,یکساں
r540,"MENSES, suppressed, cold, water, putting hands in","MENSES, daytime only, suppressed, cold, from, water, putting hands in",تناسلی اعضاء (عورت) — حیض، صرف دن کے وقت، دبا دیا گیا (بند کر دیا گیا)، سردی، پانی رکھنا (ہاتھ/پاؤں) ہاتھ,2,2,یکساں
r892,"PAIN, bearing down, uterus, menses, after","PAIN, bearing down, Uterus, and region of (See Labor-like Pains, also Pains in Abdomen), menses, before, after",تناسلی اعضاء (عورت) — درد، نیچے کو دبانے کا احساس، رحم، اور اُس کا علاقہ، حیض، بعد میں,4,4,یکساں
r902,"PAIN, bearing down, uterus, stool, during","PAIN, bearing down, Uterus, and region of (See Labor-like Pains, also Pains in Abdomen), stool, before, during",تناسلی اعضاء (عورت) — درد، نیچے کو دبانے کا احساس، رحم، اور اُس کا علاقہ، پاخانہ، دوران میں,6,6,یکساں
r282,"ITCHING, vagina","ITCHING, Vagina",تناسلی اعضاء (عورت) — خارش، اندرونی راستہ,31,28,ماخذی مطابق کیے (OOREP مجموعہ سے کتابی عین)
r955,"PAIN, burning, vagina","PAIN, burning, Vagina",تناسلی اعضاء (عورت) — درد، جلتا ہوا، اندرونی راستہ,31,28,ماخذی مطابق کیے (OOREP مجموعہ سے کتابی عین)
r1140,"PAIN, pressing, ovaries","PAIN, pressing, Ovaries",تناسلی اعضاء (عورت) — درد، دبانے والا، بیضہ دانیاں,10,9,ماخذی مطابق کیے (OOREP مجموعہ سے کتابی عین)
r151,"ERUPTIONS, itching","ERUPTIONS, itching",تناسلی اعضاء (عورت) — دانے، خارش والے,10,9,ماخذی مطابق کیے (OOREP مجموعہ سے کتابی عین)
r183,FLATUS from vagina,FLATUS from vagina,تناسلی اعضاء (عورت) — اندرونی راستے سے ریاح کا نکلنا,20,18,ماخذی مطابق کیے (OOREP مجموعہ سے کتابی عین)
r666,"PAIN, ovaries, left","PAIN, Ovaries, left",تناسلی اعضاء (عورت) — درد، بیضہ دانیاں، بائیں,30,27,ماخذی مطابق کیے (OOREP مجموعہ سے کتابی عین)
r1169,"PAIN, sore, ovaries","PAIN, sore, tenderness, Ovaries",تناسلی اعضاء (عورت) — درد، دکھتا، کچلا ہوا، نرمی (چھونے پر درد)، بیضہ دانی,45,44,ماخذی مطابق کیے (OOREP مجموعہ سے کتابی عین)
r1145,"PAIN, pressing, uterus","PAIN, pressing, Uterus (See Bearing Down)",تناسلی اعضاء (عورت) — درد، دبانے والا، رحم,28,25,ماخذی مطابق کیے (OOREP مجموعہ سے کتابی عین)
o36793,"MENSES, night, sleep, only during","MENSES, daytime only, night, ceases during (See Daytime), sleep, only during",تناسلی اعضاء (عورت) — حیض، صرف دن کے وقت، رات کو بند ہو جائے، نیند صرف,1,1,یکساں
o36814,"MENSES, return, excitement, from","MENSES, daytime only, return after having ceased, the periods, excitement, from",تناسلی اعضاء (عورت) — حیض، صرف دن کے وقت، واپسی رکھنا رُک گیا مدتیں (حیض کی)، جذباتی ہیجان,1,1,یکساں
o36815,"MENSES, return, old woman, in an","MENSES, daytime only, return after having ceased, the periods, old woman, in an",تناسلی اعضاء (عورت) — حیض، صرف دن کے وقت، واپسی رکھنا رُک گیا مدتیں (حیض کی)، پرانا / بوڑھا عورت,7,7,یکساں
o36991,"PAIN, bearing down, uterus, sitting, bent, agg.","PAIN, bearing down, Uterus, and region of (See Labor-like Pains, also Pains in Abdomen), sitting, she feels as if pushing something up, while, bent, agg.",تناسلی اعضاء (عورت) — درد، نیچے کو دبانے کا احساس، رحم، اور اُس کا علاقہ، بیٹھنا وہ (عورت) محسوس ہوتا ہے دھکا دینے جیسا کوئی چیز جب کہ / دوران، مڑا ہوا / جھکا ہوا بگاڑ (agg.) — جس سے بگڑتا ہو,1,1,یکساں
o37370,"PAIN, sore, menses, after","PAIN, sore, tenderness, menses, before, after",تناسلی اعضاء (عورت) — درد، دکھتا، کچلا ہوا، نرمی (چھونے پر درد)، حیض، بعد میں,1,1,یکساں
o37372,"PAIN, sore, menses, during","PAIN, sore, tenderness, menses, before, during",تناسلی اعضاء (عورت) — درد، دکھتا، کچلا ہوا، نرمی (چھونے پر درد)، حیض، دوران میں,4,4,یکساں
r1044,"PAIN, drawing, uterus","PAIN, drawing, Uterus",تناسلی اعضاء (عورت) — درد، کھینچتا ہوا، رحم,9,8,ماخذی مطابق کیے (OOREP مجموعہ سے کتابی عین)
r189,"FULLNESS, vagina","FULLNESS, uterus, Vagina",تناسلی اعضاء (عورت) — بھراؤ، رحم، فرج (نسوانی راستہ),2,2,یکساں
r32,"COITION, enjoyment absent","COITION, aversion to, enjoyment absent",تناسلی اعضاء (عورت) — جماع، نفرت، لذت (مزہ) غائب دھن,18,18,یکساں
r379,"LOCHIA, brown","LOCHIA, acrid, brown",تناسلی اعضاء (عورت) — زچگی کے بعد کا خون، تیز، بھورا,3,3,یکساں
r380,"LOCHIA, copious","LOCHIA, acrid, copious",تناسلی اعضاء (عورت) — زچگی کے بعد کا خون، تیز، کثیر (بہت زیادہ),23,23,یکساں
r381,"LOCHIA, dark","LOCHIA, acrid, dark",تناسلی اعضاء (عورت) — زچگی کے بعد کا خون، تیز، گہرا / تاریک,7,7,یکساں
r382,"LOCHIA, gushing","LOCHIA, acrid, gushing",تناسلی اعضاء (عورت) — زچگی کے بعد کا خون، تیز، دھارا بہتا (خون کا),1,1,یکساں
r383,"LOCHIA, hot","LOCHIA, acrid, hot",تناسلی اعضاء (عورت) — زچگی کے بعد کا خون، تیز، گرم / تپ,1,1,یکساں
r384,"LOCHIA, ichorous","LOCHIA, acrid, ichorous",تناسلی اعضاء (عورت) — زچگی کے بعد کا خون، تیز، زخم کے سڑے مائع جیسا,3,3,یکساں
r385,"LOCHIA, intermittent","LOCHIA, acrid, intermittent",تناسلی اعضاء (عورت) — زچگی کے بعد کا خون، تیز، وقفے کے ساتھ,4,4,یکساں
r386,"LOCHIA, lumpy","LOCHIA, acrid, lumpy",تناسلی اعضاء (عورت) — زچگی کے بعد کا خون، تیز، گٹھلی دار,2,2,یکساں
r387,"LOCHIA, milky","LOCHIA, acrid, milky",تناسلی اعضاء (عورت) — زچگی کے بعد کا خون، تیز، دودھ جیسا,3,3,یکساں
r390,"LOCHIA, protracted","LOCHIA, acrid, protracted",تناسلی اعضاء (عورت) — زچگی کے بعد کا خون، تیز، لمبا (دیر تک),21,21,یکساں
r391,"LOCHIA, red","LOCHIA, acrid, red",تناسلی اعضاء (عورت) — زچگی کے بعد کا خون، تیز، سرخ,7,7,یکساں
r393,"LOCHIA, returning","LOCHIA, acrid, returning",تناسلی اعضاء (عورت) — زچگی کے بعد کا خون، تیز، واپس آنے والا,10,10,یکساں
r394,"LOCHIA, scanty","LOCHIA, acrid, scanty",تناسلی اعضاء (عورت) — زچگی کے بعد کا خون، تیز، تھوڑا (نہایت کم),11,11,یکساں
r402,"LOCHIA, thin","LOCHIA, acrid, thin",تناسلی اعضاء (عورت) — زچگی کے بعد کا خون، تیز، پتلا/دبلا,8,8,یکساں
r403,"LOCHIA, white","LOCHIA, acrid, white",تناسلی اعضاء (عورت) — زچگی کے بعد کا خون، تیز، سفید,4,4,یکساں
r412,"MENSES, forenoon only","MENSES, daytime only, forenoon only",تناسلی اعضاء (عورت) — حیض، صرف دن کے وقت، پیشین (صبح کا دوسرا پہر) صرف,2,2,یکساں
r416,"MENSES, evening only","MENSES, daytime only, evening only",تناسلی اعضاء (عورت) — حیض، صرف دن کے وقت، شام صرف,1,1,یکساں
r426,"MENSES, anger brings on the flow","MENSES, daytime only, anger brings on the flow",تناسلی اعضاء (عورت) — حیض، صرف دن کے وقت، غصہ لایا بہاؤ (خون/حیض کا),2,2,یکساں
r428,"MENSES, before the proper age","MENSES, daytime only, before the proper age",تناسلی اعضاء (عورت) — حیض، صرف دن کے وقت، موزوں عمر (سن),24,24,یکساں
r434,"MENSES, bright-red","MENSES, daytime only, bright-red",تناسلی اعضاء (عورت) — حیض، صرف دن کے وقت، روشن (چمکدار) سرخ,71,71,گریڈ کتابی مطابق کیے
r436,"MENSES, brown","MENSES, daytime only, brown",تناسلی اعضاء (عورت) — حیض، صرف دن کے وقت، بھورا,12,12,یکساں
r437,"MENSES, changeable in appearance","MENSES, daytime only, changeable in appearance",تناسلی اعضاء (عورت) — حیض، صرف دن کے وقت، بدلتا ہوا شکل/نظر آنا,1,1,یکساں
r438,"MENSES, clotted","MENSES, daytime only, clotted",تناسلی اعضاء (عورت) — حیض، صرف دن کے وقت، جمی ہوئی (خون کے لوتھڑے),76,76,گریڈ کتابی مطابق کیے
r457,"MENSES, copious, motion, only during","MENSES, daytime only, copious, motion, from, only during",تناسلی اعضاء (عورت) — حیض، صرف دن کے وقت، کثیر (بہت زیادہ)، حرکت، صرف,1,1,یکساں
r462,"MENSES, copious, riding, cold air","MENSES, daytime only, copious, riding, from, cold air",تناسلی اعضاء (عورت) — حیض، صرف دن کے وقت، کثیر (بہت زیادہ)، سواری، سردی ہوا,1,1,یکساں
r478,"MENSES, exertion brings on the flow","MENSES, daytime only, exertion brings on the flow",تناسلی اعضاء (عورت) — حیض، صرف دن کے وقت، محنت لایا بہاؤ (خون/حیض کا),4,4,یکساں
r479,"MENSES, fluid blood containing clots","MENSES, daytime only, fluid blood containing clots",تناسلی اعضاء (عورت) — حیض، صرف دن کے وقت، سیال خون پر رکھا جمے ہوئے (خون کے لوتھڑے),24,24,یکساں
r481,"MENSES, green","MENSES, daytime only, green",تناسلی اعضاء (عورت) — حیض، صرف دن کے وقت، سبز (ہرا),5,5,یکساں
r482,"MENSES, grief brings on","MENSES, daytime only, grief brings on",تناسلی اعضاء (عورت) — حیض، صرف دن کے وقت، غم لایا,1,1,یکساں
r483,"MENSES, hot","MENSES, daytime only, hot",تناسلی اعضاء (عورت) — حیض، صرف دن کے وقت، گرم / تپ,5,5,یکساں
r484,"MENSES, intermittent","MENSES, daytime only, intermittent",تناسلی اعضاء (عورت) — حیض، صرف دن کے وقت، وقفے کے ساتھ,54,54,یکساں
r485,"MENSES, irregular","MENSES, daytime only, irregular",تناسلی اعضاء (عورت) — حیض، صرف دن کے وقت، بے قاعدہ,61,61,یکساں
r487,"MENSES, lactation, nursing the child, while","MENSES, daytime only, lactation, during, nursing the child, while",تناسلی اعضاء (عورت) — حیض، صرف دن کے وقت، دودھ پلانے کا زمانہ، دودھ پلانا (بچے کو) بچہ جب کہ / دوران,2,2,یکساں
r493,"MENSES, membranous","MENSES, daytime only, membranous",تناسلی اعضاء (عورت) — حیض، صرف دن کے وقت، جھلی دار,28,28,یکساں
r494,"MENSES, mental excitement agg.","MENSES, daytime only, mental excitement agg.",تناسلی اعضاء (عورت) — حیض، صرف دن کے وقت، ذہنی جذباتی ہیجان بگاڑ (agg.) — جس سے بگڑتا ہو,2,2,یکساں
r495,"MENSES, moving about (See Walking)","MENSES, daytime only, moving about (See Walking)",تناسلی اعضاء (عورت) — حیض، صرف دن کے وقت، ہلنے سے تقریباً / گرد,0,0,یکساں
r496,"MENSES, new moon","MENSES, daytime only, new moon",تناسلی اعضاء (عورت) — حیض، صرف دن کے وقت، نیا چاند (چاند دیکھ کر),1,1,یکساں
r509,"MENSES, painful, feet wet, from getting","MENSES, daytime only, painful, dysmenorrhœa, feet wet, from getting",تناسلی اعضاء (عورت) — حیض، صرف دن کے وقت، درد بھرا حیض کے درد (مخفف)، پاؤں گیلا حاصل کرنا,10,10,یکساں
r512,"MENSES, pale","MENSES, daytime only, pale",تناسلی اعضاء (عورت) — حیض، صرف دن کے وقت، زرد (رنگ اُڑا ہوا),60,60,یکساں
r513,"MENSES, pitch-like","MENSES, daytime only, pitch-like",تناسلی اعضاء (عورت) — حیض، صرف دن کے وقت، قطران (پچ جیسا سخت) جیسا,10,10,یکساں
r515,"MENSES, profuse (See Copious)","MENSES, daytime only, profuse (See Copious)",تناسلی اعضاء (عورت) — حیض، صرف دن کے وقت، برہمن (بہت زیادہ),0,0,یکساں
r516,"MENSES, protracted","MENSES, daytime only, protracted",تناسلی اعضاء (عورت) — حیض، صرف دن کے وقت، لمبا (دیر تک),91,91,یکساں
r521,"MENSES, scanty","MENSES, daytime only, scanty",تناسلی اعضاء (عورت) — حیض، صرف دن کے وقت، تھوڑا (نہایت کم),101,101,گریڈ کتابی مطابق کیے
r532,"MENSES, stringy","MENSES, daytime only, stringy",تناسلی اعضاء (عورت) — حیض، صرف دن کے وقت، ڈوری جیسا (چپکتا بلغم),5,5,یکساں
r554,"MENSES, suppressed, wet, getting feet","MENSES, daytime only, suppressed, wet, from becoming, getting feet",تناسلی اعضاء (عورت) — حیض، صرف دن کے وقت، دبا دیا گیا (بند کر دیا گیا)، گیلا ہو جانا، حاصل کرنا پاؤں,7,7,یکساں
r555,"MENSES, tenacious","MENSES, daytime only, tenacious",تناسلی اعضاء (عورت) — حیض، صرف دن کے وقت، چپچپا (اِس جانے والا),13,13,یکساں
r556,"MENSES, thick","MENSES, daytime only, thick",تناسلی اعضاء (عورت) — حیض، صرف دن کے وقت، گاڑھا,23,23,یکساں
r560,"MENSES, vicarious","MENSES, daytime only, vicarious",تناسلی اعضاء (عورت) — حیض، صرف دن کے وقت، متبادل (جگہ لے لینے والا خون),25,25,یکساں
r81,"CONSTRICTION, uterus","CONSTRICTION, ovaries, Uterus",تناسلی اعضاء (عورت) — جکڑن، بیضہ دانیاں، رحم,13,13,یکساں
r83,"CONSTRICTION, vagina","CONSTRICTION, ovaries, Vagina",تناسلی اعضاء (عورت) — جکڑن، بیضہ دانیاں، فرج (نسوانی راستہ),4,4,یکساں
o36635,"LEUCORRHOEA, menses, after","LEUCORRHŒA, menses, before, after",تناسلی اعضاء (عورت) — سفید پانی (لیوکوریا)، حیض سے پہلے، بعد میں,63,61,ماخذی مطابق کیے (OOREP مجموعہ سے کتابی عین)
r661,"PAIN, ovaries","PAIN, Ovaries",تناسلی اعضاء (عورت) — درد، بیضہ دانیاں,93,82,ماخذی مطابق کیے (OOREP مجموعہ سے کتابی عین)
r488,"MENSES, late","MENSES, daytime only, late",تناسلی اعضاء (عورت) — حیض، صرف دن کے وقت، دیر (دیر سے),101,100,ماخذی مطابق کیے (OOREP مجموعہ سے کتابی عین)
r474,"MENSES, dark","MENSES, daytime only, dark",تناسلی اعضاء (عورت) — حیض، صرف دن کے وقت، گہرا / تاریک,76,75,ماخذی مطابق کیے (OOREP مجموعہ سے کتابی عین)
o36992,"PAIN, bearing down, uterus, sitting, erect amel.","PAIN, bearing down, Uterus, and region of (See Labor-like Pains, also Pains in Abdomen), sitting, she feels as if pushing something up, while, erect amel.",تناسلی اعضاء (عورت) — درد، نیچے کو دبانے کا احساس، رحم، اور اُس کا علاقہ، بیٹھنا وہ (عورت) محسوس ہوتا ہے دھکا دینے جیسا کوئی چیز جب کہ / دوران، سیدھا کھڑا آرام (amel.) — جس سے بہتر ہو,1,1,یکساں
r1133,"PAIN, pinching, uterus","PAIN, pinching, Uterus",تناسلی اعضاء (عورت) — درد، چٹکی لینے والا، رحم,8,7,ماخذی مطابق کیے (OOREP مجموعہ سے کتابی عین)
r587,"METRORRHAGIA, continuous","METRORRHAGIA, continuous",تناسلی اعضاء (عورت) — حیض کے علاوہ رحم سے خون بہنا، مسلسل,16,14,ماخذی مطابق کیے (OOREP مجموعہ سے کتابی عین)
r257,ITCHING,ITCHING,تناسلی اعضاء (عورت) — خارش,103,90,ماخذی مطابق کیے (OOREP مجموعہ سے کتابی عین)
r440,"MENSES, copious","MENSES, daytime only, copious",تناسلی اعضاء (عورت) — حیض، صرف دن کے وقت، کثیر (بہت زیادہ),166,163,ماخذی مطابق کیے (OOREP مجموعہ سے کتابی عین)
r877,"PAIN, bearing down, uterus, come out, as if everything would","PAIN, bearing down, Uterus, and region of (See Labor-like Pains, also Pains in Abdomen), come out, as if everything would",تناسلی اعضاء (عورت) — درد، نیچے کو دبانے کا احساس، رحم، اور اُس کا علاقہ، آنا باہر ہر چیز ہوتا / چاہیے,13,12,ماخذی مطابق کیے (OOREP مجموعہ سے کتابی عین)
o36692,"LOCHIA, offensive, cadaveric","LOCHIA, acrid, offensive, fetid, cadaveric",تناسلی اعضاء (عورت) — زچگی کے بعد کا خون، تیز، بدبودار بدبودار، لاش جیسا (سرد بے جان),1,1,یکساں
o36791,"MENSES, night, more at","MENSES, daytime only, night, ceases during (See Daytime), more at",تناسلی اعضاء (عورت) — حیض، صرف دن کے وقت، رات کو بند ہو جائے، زیادہ,11,11,یکساں
o36792,"MENSES, night, only","MENSES, daytime only, night, ceases during (See Daytime), only",تناسلی اعضاء (عورت) — حیض، صرف دن کے وقت، رات کو بند ہو جائے، صرف,6,6,یکساں
o36816,"MENSES, return, overtaxation","MENSES, daytime only, return after having ceased, the periods, overtaxation",تناسلی اعضاء (عورت) — حیض، صرف دن کے وقت، واپسی رکھنا رُک گیا مدتیں (حیض کی)، حد سے زیادہ محنت (دل),1,1,یکساں
r492,"MENSES, lying, agg.","MENSES, daytime only, lying, cease while, agg.",تناسلی اعضاء (عورت) — حیض، صرف دن کے وقت، لیٹنا رکنا جب کہ / دوران، بگاڑ (agg.) — جس سے بگڑتا ہو,1,1,یکساں
r508,"MENSES, painful, climaxis near","MENSES, daytime only, painful, dysmenorrhœa, climaxis near",تناسلی اعضاء (عورت) — حیض، صرف دن کے وقت، درد بھرا حیض کے درد (مخفف)، آخری مرحلہ (بخار کا) قریب,1,1,یکساں
r511,"MENSES, pain, flow only after the","MENSES, daytime only, pain, flow only in the absence of, flow only after the",تناسلی اعضاء (عورت) — حیض، صرف دن کے وقت، درد بہاؤ (خون/حیض کا) صرف غیر حاضری (کسی کی یاد)، بہاؤ (خون/حیض کا) صرف,1,1,یکساں
r529,"MENSES, sleep, gushes during","MENSES, daytime only, sleep, only during, gushes during",تناسلی اعضاء (عورت) — حیض، صرف دن کے وقت، نیند صرف، دھارے بہے,1,1,یکساں
r562,"MENSES, walking, ceases while","MENSES, daytime only, walking, only while, ceases while",تناسلی اعضاء (عورت) — حیض، صرف دن کے وقت، چلنا صرف جب کہ / دوران، رُک جاتا ہے جب کہ / دوران,3,3,یکساں
r563,"MENSES, walking, less while","MENSES, daytime only, walking, only while, less while",تناسلی اعضاء (عورت) — حیض، صرف دن کے وقت، چلنا صرف جب کہ / دوران، کم جب کہ / دوران,2,2,یکساں
r533,"MENSES, suppressed","MENSES, daytime only, suppressed",تناسلی اعضاء (عورت) — حیض، صرف دن کے وقت، دبا دیا گیا (بند کر دیا گیا),123,120,ماخذی مطابق کیے (OOREP مجموعہ سے کتابی عین)
r395,"LOCHIA, suppressed","LOCHIA, acrid, suppressed",تناسلی اعضاء (عورت) — زچگی کے بعد کا خون، تیز، دبا دیا گیا (بند کر دیا گیا),26,25,ماخذی مطابق کیے (OOREP مجموعہ سے کتابی عین)
r170,EXCORIATION,EXCORIATION,تناسلی اعضاء (عورت) — چھل جانا,33,28,ماخذی مطابق کیے (OOREP مجموعہ سے کتابی عین)
o37255,"PAIN, ovaries, extending, limbs, down","PAIN, Ovaries, extending to abdomen, limbs, down",تناسلی اعضاء (عورت) — درد، بیضہ دانیاں، پھیلتا ہوا، ٹانگوں تک نیچے,13,11,ماخذی مطابق کیے (OOREP مجموعہ سے کتابی عین)
r212,"HEAVINESS, ovaries","HEAVINESS, Ovaries",تناسلی اعضاء (عورت) — بھاری پن، بیضہ دانیاں,13,11,ماخذی مطابق کیے (OOREP مجموعہ سے کتابی عین)
r431,"MENSES, black","MENSES, daytime only, black",تناسلی اعضاء (عورت) — حیض، صرف دن کے وقت، کالا,42,40,ماخذی مطابق کیے (OOREP مجموعہ سے کتابی عین)
r971,"PAIN, constricting, uterus","PAIN, constricting, contracting, Uterus",تناسلی اعضاء (عورت) — درد، جکڑنے والا، سکڑتا ہوا، رحم,13,12,ماخذی مطابق کیے (OOREP مجموعہ سے کتابی عین)
r1010,"PAIN, cutting, ovaries, left","PAIN, cutting, Ovaries, left",تناسلی اعضاء (عورت) — درد، کاٹتا ہوا، بیضہ دانیاں، بائیں,6,5,ماخذی مطابق کیے (OOREP مجموعہ سے کتابی عین)
r592,"METRORRHAGIA, dark blood, fluid","METRORRHAGIA, dark blood, fluid",تناسلی اعضاء (عورت) — حیض کے علاوہ رحم سے خون بہنا، گہرا خون، پتلا,6,5,ماخذی مطابق کیے (OOREP مجموعہ سے کتابی عین)
r853,"PAIN, aching, uterus","PAIN, aching, Uterus",تناسلی اعضاء (عورت) — درد، مسلسل درد، رحم,6,5,ماخذی مطابق کیے (OOREP مجموعہ سے کتابی عین)
r909,"PAIN, biting","PAIN, biting",تناسلی اعضاء (عورت) — درد، کاٹتا ہوا,18,15,ماخذی مطابق کیے (OOREP مجموعہ سے کتابی عین)
r58,"COITION, orgasm delayed","COITION, aversion to, enjoyment absent, orgasm delayed",تناسلی اعضاء (عورت) — جماع، نفرت، لذت (مزہ) غائب دھن، دل کی جوشی گھڑی (دھڑکن کا عروج) دیر سے,2,2,یکساں
r145,ERUPTIONS,ERUPTIONS,تناسلی اعضاء (عورت) — دانے,59,49,ماخذی مطابق کیے (OOREP مجموعہ سے کتابی عین)
r1062,"PAIN, labor-like","PAIN, labor-like",تناسلی اعضاء (عورت) — درد، زچگی جیسا,90,74,ماخذی مطابق کیے (OOREP مجموعہ سے کتابی عین)
r497,"MENSES, offensive","MENSES, daytime only, offensive",تناسلی اعضاء (عورت) — حیض، صرف دن کے وقت، بدبودار,45,42,ماخذی مطابق کیے (OOREP مجموعہ سے کتابی عین)
o36647,"LEUCORRHOEA, offensive","LEUCORRHŒA, offensive",تناسلی اعضاء (عورت) — سفید پانی (لیوکوریا)، بدبودار,56,46,ماخذی مطابق کیے (OOREP مجموعہ سے کتابی عین)
r557,"MENSES, thin","MENSES, daytime only, thin",تناسلی اعضاء (عورت) — حیض، صرف دن کے وقت، پتلا/دبلا,28,26,ماخذی مطابق کیے (OOREP مجموعہ سے کتابی عین)
r796,"PAIN, uterus, menses, during","PAIN, Uterus (See Abdomen, Pain), menses, before, during",تناسلی اعضاء (عورت) — درد، رحم، حیض سے پہلے، دوران میں,43,38,ماخذی مطابق کیے (OOREP مجموعہ سے کتابی عین)
r158,"ERUPTIONS, pimples","ERUPTIONS, pimples",تناسلی اعضاء (عورت) — دانے، پھنسیاں,26,21,ماخذی مطابق کیے (OOREP مجموعہ سے کتابی عین)
r565,METRORRHAGIA,METRORRHAGIA,تناسلی اعضاء (عورت) — حیض کے علاوہ رحم سے خون بہنا,143,115,ماخذی مطابق کیے (OOREP مجموعہ سے کتابی عین)
o37268,"PAIN, ovaries, extending, thighs, inner surface","PAIN, Ovaries, extending to abdomen, thighs, inner surface",تناسلی اعضاء (عورت) — درد، بیضہ دانیاں، پھیلتا ہوا، ران تک، ران کے اندرونی حصے,5,4,ماخذی مطابق کیے (OOREP مجموعہ سے کتابی عین)
r1221,"PAIN, stitching, ovaries, left","PAIN, stitching, Ovaries, left",تناسلی اعضاء (عورت) — درد، چبھتا ہوا، بیضہ دانیاں، بائیں,5,4,ماخذی مطابق کیے (OOREP مجموعہ سے کتابی عین)
r1307,"PULSATING, ovaries","PULSATING, Ovaries",تناسلی اعضاء (عورت) — دھڑکن دار، بیضہ دانیاں,10,8,ماخذی مطابق کیے (OOREP مجموعہ سے کتابی عین)
r186,"FULLNESS, uterus","FULLNESS, uterus",تناسلی اعضاء (عورت) — بھراؤ، رحم,5,4,ماخذی مطابق کیے (OOREP مجموعہ سے کتابی عین)
r641,NODULES,NODULES,تناسلی اعضاء (عورت) — گلٹیاں,5,4,ماخذی مطابق کیے (OOREP مجموعہ سے کتابی عین)
r731,"PAIN, ovaries, walking","PAIN, Ovaries, walking",تناسلی اعضاء (عورت) — درد، بیضہ دانیاں، چلنے سے,10,8,ماخذی مطابق کیے (OOREP مجموعہ سے کتابی عین)
r524,"MENSES, short duration","MENSES, daytime only, short duration",تناسلی اعضاء (عورت) — حیض، صرف دن کے وقت، مختصر/چھوٹا دورانیہ (کیتنی دیر),55,50,ماخذی مطابق کیے (OOREP مجموعہ سے کتابی عین)
r1190,"PAIN, sore, vagina","PAIN, sore, tenderness, Vagina",تناسلی اعضاء (عورت) — درد، دکھتا، کچلا ہوا، نرمی (چھونے پر درد)، فرج (نسوانی راستہ),30,26,ماخذی مطابق کیے (OOREP مجموعہ سے کتابی عین)
r1150,"PAIN, pressing, vagina","PAIN, pressing, Vagina",تناسلی اعضاء (عورت) — درد، دبانے والا، اندرونی راستہ,18,14,ماخذی مطابق کیے (OOREP مجموعہ سے کتابی عین)
r670,"PAIN, ovaries, extending to abdomen","PAIN, Ovaries, extending to abdomen",تناسلی اعضاء (عورت) — درد، بیضہ دانیاں، پیٹ تک پھیلتا ہوا,2,3,ماخذی مطابق کیے (OOREP مجموعہ سے کتابی عین)
r946,"PAIN, burning, uterus","PAIN, burning, Uterus",تناسلی اعضاء (عورت) — درد، جلتا ہوا، رحم,35,27,ماخذی مطابق کیے (OOREP مجموعہ سے کتابی عین)
r176,EXCRESCENCES (See Condylomata),EXCRESCENCES (See Condylomata),تناسلی اعضاء (عورت) — بڑھوتری (گوشت بڑھ جانا),13,10,ماخذی مطابق کیے (OOREP مجموعہ سے کتابی عین)
r1355,"TUMORS, erectile","TUMORS, erectile",تناسلی اعضاء (عورت) — رسولیاں، پھول جانے والا,17,13,ماخذی مطابق کیے (OOREP مجموعہ سے کتابی عین)
r1158,"PAIN, sharp, uterus","PAIN, sharp, Uterus",تناسلی اعضاء (عورت) — درد، تیز دھار، رحم,4,3,ماخذی مطابق کیے (OOREP مجموعہ سے کتابی عین)
r1179,"PAIN, sore, uterus","PAIN, sore, tenderness, Uterus",تناسلی اعضاء (عورت) — درد، دکھتا، کچلا ہوا، نرمی (چھونے پر درد)، رحم,51,42,ماخذی مطابق کیے (OOREP مجموعہ سے کتابی عین)
o37239,"PAIN, ovaries, extending, back","PAIN, Ovaries, extending to abdomen, back",تناسلی اعضاء (عورت) — درد، بیضہ دانیاں، پھیلتا ہوا، کمر,11,8,ماخذی مطابق کیے (OOREP مجموعہ سے کتابی عین)
r118,"DESIRE, violent","DESIRE diminished, violent",تناسلی اعضاء (عورت) — خواہش، شدید,33,24,ماخذی مطابق کیے (OOREP مجموعہ سے کتابی عین)
o36597,LEUCORRHOEA,LEUCORRHŒA,تناسلی اعضاء (عورت) — سفید پانی (لیوکوریا),199,143,ماخذی مطابق کیے (OOREP مجموعہ سے کتابی عین)
o37249,"PAIN, ovaries, extending, groin","PAIN, Ovaries, extending to abdomen, groin",تناسلی اعضاء (عورت) — درد، بیضہ دانیاں، پھیلتا ہوا، کچھوں تک,7,5,ماخذی مطابق کیے (OOREP مجموعہ سے کتابی عین)
r135,ENLARGED ovaries (See Swollen),ENLARGED ovaries (See Swollen),تناسلی اعضاء (عورت) — بیضہ دانیوں کا بڑھا ہوا ہونا,24,17,ماخذی مطابق کیے (OOREP مجموعہ سے کتابی عین)
r924,"PAIN, burning","PAIN, burning",تناسلی اعضاء (عورت) — درد، جلتا ہوا,91,64,ماخذی مطابق کیے (OOREP مجموعہ سے کتابی عین)
r375,"LOCHIA, bloody","LOCHIA, acrid, bloody",تناسلی اعضاء (عورت) — زچگی کے بعد کا خون، تیز، خونی,9,7,ماخذی مطابق کیے (OOREP مجموعہ سے کتابی عین)
r1008,"PAIN, cutting, ovaries, right","PAIN, cutting, Ovaries, right",تناسلی اعضاء (عورت) — درد، کاٹتا ہوا، بیضہ دانیاں، دائیں,3,2,ماخذی مطابق کیے (OOREP مجموعہ سے کتابی عین)
r1029,"PAIN, digging, uterus","PAIN, digging, Uterus",تناسلی اعضاء (عورت) — درد، کھودتا ہوا، رحم,3,2,ماخذی مطابق کیے (OOREP مجموعہ سے کتابی عین)
r1363,"TUMORS, ovaries","TUMORS, Ovaries",تناسلی اعضاء (عورت) — رسولیاں، بیضہ دانیاں,30,20,ماخذی مطابق کیے (OOREP مجموعہ سے کتابی عین)
r770,"PAIN, uterus","PAIN, Uterus (See Abdomen, Pain)",تناسلی اعضاء (عورت) — درد، رحم,111,74,ماخذی مطابق کیے (OOREP مجموعہ سے کتابی عین)
r979,"PAIN, cramping, uterus","PAIN, cramping, Uterus",تناسلی اعضاء (عورت) — درد، اینٹھن والا، رحم,50,33,ماخذی مطابق کیے (OOREP مجموعہ سے کتابی عین)
r43,CONDYLOMATA (See Excrescences),CONDYLOMATA (See Excrescences),تناسلی اعضاء (عورت) — مسے (کنڈائلوما),16,10,ماخذی مطابق کیے (OOREP مجموعہ سے کتابی عین)
r1195,"PAIN, stinging","PAIN, stinging",تناسلی اعضاء (عورت) — درد، ڈنک جیسا,28,17,ماخذی مطابق کیے (OOREP مجموعہ سے کتابی عین)
r261,"ITCHING, night","ITCHING, night",تناسلی اعضاء (عورت) — خارش، رات,5,3,ماخذی مطابق کیے (OOREP مجموعہ سے کتابی عین)
r87,"CONTRACTIONS, uterus","CONTRACTIONS, Uterus",تناسلی اعضاء (عورت) — سکڑاؤ، رحم,27,16,ماخذی مطابق کیے (OOREP مجموعہ سے کتابی عین)
r177,"EXCRESCENCES (See Condylomata), uterus (cervix)","EXCRESCENCES (See Condylomata), Uterus (cervix)",تناسلی اعضاء (عورت) — بڑھوتری (گوشت بڑھ جانا)، رحم (رحم کا منہ),12,7,ماخذی مطابق کیے (OOREP مجموعہ سے کتابی عین)
r1331,SWOLLEN,SWOLLEN,تناسلی اعضاء (عورت) — سوجن,83,47,ماخذی مطابق کیے (OOREP مجموعہ سے کتابی عین)
r837,"PAIN, vagina","PAIN, Vagina",تناسلی اعضاء (عورت) — درد، اندرونی راستہ,41,23,ماخذی مطابق کیے (OOREP مجموعہ سے کتابی عین)
r252,IRRITATION,IRRITATION,تناسلی اعضاء (عورت) — خراش (چڑچڑاہٹ),43,24,ماخذی مطابق کیے (OOREP مجموعہ سے کتابی عین)
r225,"INDURATION, uterus","INDURATION, Uterus",تناسلی اعضاء (عورت) — سختی، رحم,32,17,ماخذی مطابق کیے (OOREP مجموعہ سے کتابی عین)
o37174,"PAIN, labor pains, extending, upward","PAIN, labor pains, extending into groin, upward",تناسلی اعضاء (عورت) — درد، زچگی کے درد، پھیلتے ہوئے، اوپر کی طرف,6,3,ماخذی مطابق کیے (OOREP مجموعہ سے کتابی عین)
o37246,"PAIN, ovaries, extending, downwards","PAIN, Ovaries, extending to abdomen, downwards",تناسلی اعضاء (عورت) — درد، بیضہ دانیاں، پھیلتا ہوا، نیچے کی طرف,2,1,ماخذی مطابق کیے (OOREP مجموعہ سے کتابی عین)
r11,ABSCESS,ABSCESS,تناسلی اعضاء (عورت) — پھوڑا,12,6,ماخذی مطابق کیے (OOREP مجموعہ سے کتابی عین)
r1319,SENSITIVE,SENSITIVE,تناسلی اعضاء (عورت) — حساس,30,15,ماخذی مطابق کیے (OOREP مجموعہ سے کتابی عین)
r1324,"SOFT, uterus","SOFT, uterus",تناسلی اعضاء (عورت) — نرم، رحم,2,1,ماخذی مطابق کیے (OOREP مجموعہ سے کتابی عین)
r637,MOISTURE,MOISTURE,تناسلی اعضاء (عورت) — نمی,2,1,ماخذی مطابق کیے (OOREP مجموعہ سے کتابی عین)
r643,NUMBNESS,NUMBNESS,تناسلی اعضاء (عورت) — سن ہونا,6,3,ماخذی مطابق کیے (OOREP مجموعہ سے کتابی عین)
r1345,"SWOLLEN, uterus","SWOLLEN, Uterus",تناسلی اعضاء (عورت) — سوجن، رحم,21,10,ماخذی مطابق کیے (OOREP مجموعہ سے کتابی عین)
r200,HEAT,HEAT,تناسلی اعضاء (عورت) — گرمی,36,17,ماخذی مطابق کیے (OOREP مجموعہ سے کتابی عین)
r408,"MENSES, morning","MENSES, daytime only, morning",تناسلی اعضاء (عورت) — حیض، صرف دن کے وقت، صبح,7,4,ماخذی مطابق کیے (OOREP مجموعہ سے کتابی عین)
r1016,"PAIN, cutting, uterus","PAIN, cutting, Uterus",تناسلی اعضاء (عورت) — درد، کاٹتا ہوا، رحم,35,16,ماخذی مطابق کیے (OOREP مجموعہ سے کتابی عین)
r1303,PULSATING,PULSATING,تناسلی اعضاء (عورت) — دھڑکن دار,22,9,ماخذی مطابق کیے (OOREP مجموعہ سے کتابی عین)
r69,CONGESTION,CONGESTION,تناسلی اعضاء (عورت) — خون کا جماؤ,49,20,ماخذی مطابق کیے (OOREP مجموعہ سے کتابی عین)
r413,"MENSES, afternoon","MENSES, daytime only, afternoon",تناسلی اعضاء (عورت) — حیض، صرف دن کے وقت، سہ پہر,4,2,ماخذی مطابق کیے (OOREP مجموعہ سے کتابی عین)
r196,HARDNESS,HARDNESS,تناسلی اعضاء (عورت) — سختی,8,3,ماخذی مطابق کیے (OOREP مجموعہ سے کتابی عین)
r1209,"PAIN, stitching","PAIN, stitching",تناسلی اعضاء (عورت) — درد، چبھتا ہوا,79,29,ماخذی مطابق کیے (OOREP مجموعہ سے کتابی عین)
r1057,"PAIN, grinding","PAIN, grinding",تناسلی اعضاء (عورت) — درد، پیستا ہوا,3,1,ماخذی مطابق کیے (OOREP مجموعہ سے کتابی عین)
r230,INFLAMMATION,INFLAMMATION,تناسلی اعضاء (عورت) — سوزش,102,33,ماخذی مطابق کیے (OOREP مجموعہ سے کتابی عین)
r1266,"PAIN, tearing, uterus","PAIN, tearing, Uterus",تناسلی اعضاء (عورت) — درد، چیرتا ہوا، رحم,27,8,ماخذی مطابق کیے (OOREP مجموعہ سے کتابی عین)
r1049,"PAIN, gnawing","PAIN, gnawing",تناسلی اعضاء (عورت) — درد، کترتا ہوا,7,2,ماخذی مطابق کیے (OOREP مجموعہ سے کتابی عین)
r1130,"PAIN, pinching","PAIN, pinching",تناسلی اعضاء (عورت) — درد، چٹکی لینے والا,11,3,ماخذی مطابق کیے (OOREP مجموعہ سے کتابی عین)
r1255,"PAIN, tearing","PAIN, tearing",تناسلی اعضاء (عورت) — درد، چیرتا ہوا,42,11,ماخذی مطابق کیے (OOREP مجموعہ سے کتابی عین)
r1028,"PAIN, digging","PAIN, digging",تناسلی اعضاء (عورت) — درد، کھودتا ہوا,4,1,ماخذی مطابق کیے (OOREP مجموعہ سے کتابی عین)
r1156,"PAIN, sharp","PAIN, sharp",تناسلی اعضاء (عورت) — درد، تیز دھار,20,5,ماخذی مطابق کیے (OOREP مجموعہ سے کتابی عین)
r773,"PAIN, uterus, night","PAIN, Uterus (See Abdomen, Pain), night",تناسلی اعضاء (عورت) — درد، رحم، رات,4,1,ماخذی مطابق کیے (OOREP مجموعہ سے کتابی عین)
r131,DRYNESS,DRYNESS,تناسلی اعضاء (عورت) — خشکی,12,2,ماخذی مطابق کیے (OOREP مجموعہ سے کتابی عین)
r38,COLDNESS,COLDNESS,تناسلی اعضاء (عورت) — ٹھنڈک,6,1,ماخذی مطابق کیے (OOREP مجموعہ سے کتابی عین)
r191,GANGRENE,GANGRENE,تناسلی اعضاء (عورت) — گلنا (گینگرین),13,2,ماخذی مطابق کیے (OOREP مجموعہ سے کتابی عین)
r210,HEAVINESS,HEAVINESS,تناسلی اعضاء (عورت) — بھاری پن,30,4,ماخذی مطابق کیے (OOREP مجموعہ سے کتابی عین)
r1118,"PAIN, lancinating","PAIN, lancinating",تناسلی اعضاء (عورت) — درد، نشتر جیسا,23,3,ماخذی مطابق کیے (OOREP مجموعہ سے کتابی عین)
r651,PAIN,PAIN,تناسلی اعضاء (عورت) — درد,222,28,ماخذی مطابق کیے (OOREP مجموعہ سے کتابی عین)
r1368,"TUMORS, uterus","TUMORS, Uterus",تناسلی اعضاء (عورت) — رسولیاں، رحم,32,4,ماخذی مطابق کیے (OOREP مجموعہ سے کتابی عین)
r1032,"PAIN, drawing","PAIN, drawing",تناسلی اعضاء (عورت) — درد، کھینچتا ہوا,25,3,ماخذی مطابق کیے (OOREP مجموعہ سے کتابی عین)
r1002,"PAIN, cutting","PAIN, cutting",تناسلی اعضاء (عورت) — درد، کاٹتا ہوا,59,6,ماخذی مطابق کیے (OOREP مجموعہ سے کتابی عین)
r848,"PAIN, aching","PAIN, aching",تناسلی اعضاء (عورت) — درد، مسلسل درد,21,2,ماخذی مطابق کیے (OOREP مجموعہ سے کتابی عین)
r220,INDURATION,INDURATION,تناسلی اعضاء (عورت) — سختی,54,5,ماخذی مطابق کیے (OOREP مجموعہ سے کتابی عین)
r1135,"PAIN, pressing","PAIN, pressing",تناسلی اعضاء (عورت) — درد، دبانے والا,57,4,ماخذی مطابق کیے (OOREP مجموعہ سے کتابی عین)
r1074,"PAIN, labor pains","PAIN, labor pains",تناسلی اعضاء (عورت) — درد، زچگی کے درد,58,4,ماخذی مطابق کیے (OOREP مجموعہ سے کتابی عین)
r1353,TUMORS,TUMORS,تناسلی اعضاء (عورت) — رسولیاں,63,4,ماخذی مطابق کیے (OOREP مجموعہ سے کتابی عین)
r85,CONTRACTIONS,CONTRACTIONS,تناسلی اعضاء (عورت) — سکڑاؤ,34,2,ماخذی مطابق کیے (OOREP مجموعہ سے کتابی عین)
r862,"PAIN, bearing down","PAIN, bearing down",تناسلی اعضاء (عورت) — درد، نیچے کو دبانے کا احساس,100,4,ماخذی مطابق کیے (OOREP مجموعہ سے کتابی عین)
r974,"PAIN, cramping","PAIN, cramping",تناسلی اعضاء (عورت) — درد، اینٹھن والا,54,2,ماخذی مطابق کیے (OOREP مجموعہ سے کتابی عین)
r1273,POLYPUS,POLYPUS,تناسلی اعضاء (عورت) — پولیپ,29,1,ماخذی مطابق کیے (OOREP مجموعہ سے کتابی عین)
r127,DROPSY (See Swelling),DROPSY (See Swelling),تناسلی اعضاء (عورت) — پانی کا جمع ہونا (استسقاء),51,0,ماخذی مطابق کیے (OOREP مجموعہ سے کتابی عین)
o37297,"PAIN, ovaries, menses, during agg.","PAIN, Ovaries, menses, before, during",تناسلی اعضاء (عورت) — درد، بیضہ دانیاں، حیض سے پہلے، دوران میں,22,22,یکساں
o66632,"PAIN, pressing, vagina, menses","PAIN, pressing, Vagina, during",تناسلی اعضاء (عورت) — درد، دبانے والا، اندرونی راستہ، حیض,11,10,ماخذی مطابق کیے (OOREP مجموعہ سے کتابی عین)
o37582,PROLAPSUS vagina,"PROLAPSUS uterus, Vagina",تناسلی اعضاء (عورت) — رحم کا اترنا، فرج (نسوانی راستہ),18,18,یکساں
