صفحہ,گہرائی,مکمل راستہ (مطبوعہ کتاب),ادویات (گریڈ)
714,0,GENITALIA FEMALE,
714,0,ABORTION,"acon(1), alet(2), ambr(1), ant-c(1), apis(3), arg-n(1), arn(2), asaf(1), asar(2), bell(3), bry(2), calc(2), calc-s(1), camph(1), cann-s(1), canth(2), carb-an(1), carb-v(1), caul(2), cedr(1), cham(3), chin(2), cimic(2), cocc(2), con(1), croc(3), crot-h(1), cupr(1), cycl(1), dulc(1), erig(3), eup-pur(1), ferr(2), ferr-i(2), ferr-p(1), gels(3), ham(1), helon(2), hep(2), hippoz(1), hyos(2), ign(2), iod(1), ip(3), iris(2), kali-c(2), kali-p(1), kali-s(1), kreos(1), lyc(2), merc(2), mill(2), nat-c(1), nit-ac(1), nux-m(3), nux-v(2), op(1), phos(1), plat(2), plb(2), podo(1), puls(3), rhus-t(2), ruta(1), sabin(3), sec(3), sep(3), sil(1), stram(1), sulph(2), tanac(1), tril(1), ust(2), verat(1), vib(2), zinc(1)"
714,1,"ABORTION, excitement",gels(3)
714,1,"ABORTION, exertion, from","erig(3), helon(1), mill(1), nit-ac(1), rhus-t(2)"
714,1,"ABORTION, exposure to cold damp weather and places",dulc(2)
715,1,"ABORTION, fright, from","acon(2), gels(2), ign(2), op(2)"
715,1,"ABORTION, inertia of uterus","alet(1), carb-v(2), caul(2), chin(1), cimic(1), ferr(1), helon(1), puls(1), sabin(1), sec(1), senec(1), ust(1)"
715,1,"ABORTION, injuries, after","arn(1), rhus-t(2)"
715,1,"ABORTION, month, second","apis(1), kali-c(1)"
715,2,"ABORTION, month, second, third","apis(1), cimic(1), croc(1), eup-pur(1), merc(2), sabin(2), sec(2), thuj(1), ust(2)"
715,2,"ABORTION, month, second, fifth to seventh",sep(1)
715,2,"ABORTION, month, second, last months",op(1)
715,2,"ABORTION, month, second, early months",apis(2)
715,1,"ABORTION, suppressed grief","ign(1), nat-m(1)"
715,1,"ABORTION, tendency to","alet(1), apis(2), arg-n(1), asar(1), aur(1), bapt(1), bufo(1), calc(2), carb-v(1), caul(2), cimic(2), ferr(1), helon(2), hyos(1), kali-c(2), kreos(1), lyc(1), nux-m(1), plb(3), puls(1), sabin(2), sep(2), sil(1), sulph(2), vib(1), zinc(1)"
715,1,"ABORTION, thunderstorm","nat-c(1), rhod(1)"
715,0,ABSCESS,"hep(2), kali-p(1), merc(2), nit-ac(1), sep(2), sulph(2)"
715,1,"ABSCESS, ovaries","bell(1), crot-h(2), hep(2), lach(2), merc(2), plat(1), psor(1), sil(2)"
715,2,"ABSCESS, ovaries, left",lach(2)
715,0,APHTHÆ,"agar(1), bor(2), carb-v(2), helon(2), iod(1), kreos(2), merc(2), sul-ac(2), sulph(1), thuj(1)"
715,1,"APHTHÆ, Vagina",caul(1)
715,0,ASCARIDES,"ferr(1), sil(2), sulph(2)"
715,0,ATONY of uterus,"alet(1), ambr(1), carb-v(2), caul(2), chin(2), cimic(1), ferr(2), helon(2), psor(1), puls(3), sabin(2), sec(1), senec(2), sulph(1), tril(1), ust(2)"
715,0,"ATROPHY, ovaries","apis(1), bar-m(2), carb-s(2), con(2), helon(1), iod(3), plb(1)"
715,0,AURA extending from uterus to stomach,bufo(1)
715,1,"AURA extending from uterus to stomach, throat",lach(1)
715,0,"BALL, ovary feels like a heavy, right",carb-an(1)
715,0,BLOTCHES,staph(1)
715,0,CANCER of ovaries,"ars(1), con(2), graph(1), kreos(1), lach(2), psor(1)"
715,1,"CANCER of ovaries, Uterus","alum(1), alumn(1), anan(1), apis(1), arg-m(2), arg-n(2), ars(3), ars-i(3), aur(1), aur-m-n(1), brom(1), bufo(2), calc(2), carb-an(2), carb-s(1), carb-v(2), chin(1), cic(1), clem(1), con(3), crot-h(2), cund(1), elaps(1), graph(3), hydr(3), iod(2), kali-ar(1), kaol(1), kreos(3), lach(3), lap-a(2), lyc(3), mag-m(1), merc(1), merc-i-f(2), murx(3), nat-c(2), nat-m(2), nit-ac(2), phos(3), phyt(2), plat(1), rhus-t(1), sabin(1), sang(1), sec(2), sep(3), sil(3), staph(2), sulph(1), tarent(1), thuj(3), zinc(2)"
715,2,"CANCER of ovaries, Uterus, scirrhus","alumn(2), anan(1), arg-m(2), ars(2), aur(1), aur-m-n(1), con(3), kreos(1), lyc(1), mag-m(1), phos(1), phyt(2), rhus-t(1), sep(1), staph(1)"
715,1,"CANCER of ovaries, Vagina",kreos(3)
715,0,CAULIFLOWER (See Excrescences),
715,0,CHEESY deposits,helon(2)
715,0,CLUTCHING and relaxing sensation of uterus,sep(1)
715,0,"COITION, aversion to","agar(1), agn(2), alum(1), am-c(1), arund(1), bov(1), cann-s(1), carb-an(1), carb-s(1), caust(2), clem(2), coff(1), cub(1), ferr-ma(1), ferr-p(1), fl-ac(1), graph(2), hell(1), ign(1), kali-br(2), kali-c(1), kali-n(1), kali-p(1), kali-s(1), lach(2), lyc(1), mag-c(1), med(2), nat-m(3), onos(1), op(1), petr(2), phos(2), plat(1), plb(1), psor(2), ran-s(1), rhod(2), sep(3), stann(1), staph(1), stram(1), sul-ac(1), sulph(1), tarent(1), ther(1), thuj(1)"
715,1,"COITION, aversion to, menses, after","berb(1), caust(2), kali-c(1), nat-m(1), phos(2), sep(1), sul-ac(1)"
715,1,"COITION, aversion to, enjoyment absent","alum(1), berb(2), brom(2), calc(1), cann-s(1), caust(3), ferr(2), ferr-m(2), graph(2), kali-br(1), lyss(1), med(2), nat-m(2), onos(1), phos(2), plat(1), puls(1), sep(3)"
715,2,"COITION, aversion to, enjoyment absent, orgasm delayed","berb(2), brom(1)"
715,2,"COITION, aversion to, enjoyment absent, easy",stann(1)
715,2,"COITION, aversion to, enjoyment absent, painful",nat-m(1)
715,2,"COITION, aversion to, enjoyment absent, wanting","brom(2), calad(1)"
715,1,"COITION, aversion to, painful (See Pain)",
715,0,COLDNESS,plat(1)
715,1,"COLDNESS, menses, during",plat(1)
715,1,"COLDNESS, Ovaries, sensation of, left",ferr-i(1)
715,1,"COLDNESS, Uterus",petr(1)
715,1,"COLDNESS, Vagina","graph(2), nat-m(2), sec(2)"
715,0,CONDYLOMATA (See Excrescences),"calc(2), euphr(1), lyc(2), merc(2), nat-s(3), nit-ac(3), sabin(2), sars(2), staph(2), thuj(3)"
715,1,"CONDYLOMATA (See Excrescences), cauliflower, like",nit-ac(3)
715,1,"CONDYLOMATA (See Excrescences), dry",lyc(2)
716,1,"CONDYLOMATA (See Excrescences), itching","euphr(1), lyc(2), sabin(2)"
716,1,"CONDYLOMATA (See Excrescences), pediculated",lyc(2)
716,1,"CONDYLOMATA (See Excrescences), soft, red and fleshy",nat-s(3)
716,1,"CONDYLOMATA (See Excrescences), Uterus","calc(2), cub(1), graph(1), kreos(2), merc(2), nit-ac(2), sec(1), tarent(1), thuj(3)"
716,1,"CONDYLOMATA (See Excrescences), Vagina","nit-ac(2), phos(2), staph(2), tarent(1), thuj(3)"
716,2,"CONDYLOMATA (See Excrescences), Vagina, bleed easily",phos(2)
716,0,CONGESTION,"alet(1), ambr(1), bell(1), bry(1), chin(2), croc(2), fl-ac(1), gamb(1), hep(2), kali-c(1), lac-c(1), lach(1), merc(2), nux-v(1), phos(2), plat(1), sabin(1), sec(1), sulph(1), tarent(1)"
716,1,"CONGESTION, Ovaries","acon(1), alet(1), apis(3), bell(2), bry(2), con(1), ham(1), hep(2), iod(2), kali-i(2), lac-c(1), lach(1), lil-t(2), meli(1), merc(2), naja(1), pall(1), plat(1), polyg-h(1), puls(1), rhus-t(1), sabin(1), sec(1), sep(2), staph(1), sulph(1), syph(2), thuj(2), ust(1), zinc(2)"
716,2,"CONGESTION, Ovaries, continence, from",apis(1)
716,2,"CONGESTION, Ovaries, menses, before",lac-c(1)
716,3,"CONGESTION, Ovaries, menses, before, suppressed",apis(2)
716,2,"CONGESTION, Ovaries, motion agg.",lac-c(1)
716,1,"CONGESTION, Uterus","aloe(1), anan(1), arg-n(1), bell(3), caul(1), cham(1), chin(2), ferr(1), gels(2), hep(2), lac-c(2), lach(3), nat-c(2), nux-v(2), puls(3), sec(2), senec(1), sep(3), sulph(1), ter(1)"
716,2,"CONGESTION, Uterus, hemorrhage, after",chin(2)
716,2,"CONGESTION, Uterus, menses, before","chin(2), lach(3)"
716,3,"CONGESTION, Uterus, menses, before, during","acon(1), alet(1), bell(3), caul(1), cham(1), chin(2), lach(3), nux-v(1), puls(3), sec(1), senec(1), sep(2)"
716,0,CONSCIOUS of the uterus,"helon(2), murx(2)"
716,0,"CONSTRICTION, ovaries",cact(1)
716,1,"CONSTRICTION, ovaries, Uterus","bell(1), cact(1), cham(1), gels(2), ign(1), kali-i(1), murx(1), mygal(1), nux-v(1), plat(1), sec(1), sep(1), tarent(1)"
716,2,"CONSTRICTION, ovaries, Uterus, like a band","cact(1), sec(1)"
716,1,"CONSTRICTION, ovaries, Vagina","cact(3), kreos(1), plat(1), puls(2)"
716,2,"CONSTRICTION, ovaries, Vagina, touch, from",cact(3)
716,0,CONTRACTIONS,"lac-c(2), thuj(1)"
716,1,"CONTRACTIONS, os, spasmodic, during labor","acon(1), aml-n(1), bell(3), cact(1), caul(3), cimic(3), con(1), hyos(1), lach(1), lyc(1), sec(1), vib(1), xan(1)"
716,1,"CONTRACTIONS, Uterus","bell(2), cact(1), calc-p(2), chin-s(1), cimic(1), cocc(1), ign(1), lac-c(1), murx(1), nat-m(1), nux-v(1), puls(2), sabin(1), sep(1), staph(1), thuj(1)"
716,2,"CONTRACTIONS, Uterus, hour-glass","bell(3), cham(2), cocc(2), con(1), cupr(1), hyos(1), kali-c(2), nux-v(1), plat(2), puls(1), rhus-t(1), sec(2), sep(2), sulph(1)"
716,2,"CONTRACTIONS, Uterus, menses, before","caul(1), cimic(1), cur(1)"
716,2,"CONTRACTIONS, Uterus, during","bell(2), cact(3), puls(2), staph(2)"
716,1,"CONTRACTIONS, Vagina","kreos(2), sep(2)"
716,2,"CONTRACTIONS, Vagina, rising from sitting",kreos(1)
716,0,CRACKS,"carb-v(1), graph(1), nit-ac(2), urt-u(1)"
716,0,CRAWLING (See Formication),
716,0,CYSTS,sabin(2)
716,1,"CYSTS, Ovaries (See Tumors)",
716,1,"CYSTS, Vagina (See Tumors)",
716,0,DESIRE diminished,"agn(2), alum(1), ambr(1), bar-c(2), bell(1), berb(1), bor(1), camph(1), cann-s(1), carb-an(1), caust(3), ferr(2), ferr-p(1), graph(2), helon(2), hep(2), kali-i(1), lyc(2), mag-c(2), mur-ac(1), nat-m(2), ph-ac(2), phos(1), rhod(2), sep(2), sil(1), sulph(1)"
716,1,"DESIRE diminished, morning",bell(1)
716,1,"DESIRE diminished, sexual excitement, with",cann-s(1)
716,1,"DESIRE diminished, increased","am-c(1), ant-c(2), apis(2), arg-n(1), ars(2), ars-i(2), asaf(2), aster(1), aur(1), bar-c(1), bar-m(2), bell(2), bov(1), cact(1), calad(2), calc(3), calc-p(3), camph(3), cann-i(1), cann-s(1), canth(3), carb-v(2), chin(1), coff(2), con(3), cub(1), cur(1), dulc(1), fl-ac(3), form(1), gels(2), grat(3), hyos(3), ign(2), iod(1), kali-br(2), kali-p(2), kreos(2), lac-c(2), lach(3), lil-t(2), lyc(2), lyss(1), merc(2), mosch(2), murx(2), mygal(1), nat-a(2), nat-c(2), nat-m(1), nat-p(1), nit-ac(1), nux-v(3), op(2), orig(2), phos(3), pic-ac(2), plat(3), plb(1), puls(3), raph(2), sabin(2), sil(2), stann(2), staph(2), stram(2), sul-ac(1), tarent(2), thuj(1), verat(3), zinc(2)"
716,2,"DESIRE diminished, increased, morning in bed","aster(1), cedr(1), kreos(1)"
716,2,"DESIRE diminished, increased, afternoon",calc(1)
716,2,"DESIRE diminished, increased, night","bell(1), zinc(2)"
716,2,"DESIRE diminished, increased, headache, during",sep(1)
716,2,"DESIRE diminished, increased, insatiable","aster(1), calc-p(2), canth(1), lach(2), plat(2), sabin(2), stram(1), zinc(2)"
716,2,"DESIRE diminished, increased, lying-in-women","bell(1), camph(1), chin(2), grat(2), hyos(2), mosch(2), plat(2), tarent(1), verat(1), zinc(1)"
716,2,"DESIRE diminished, increased, menses, before","bell(1), calc-p(2), croc(1), cub(1), dulc(1), kali-c(1), nux-v(1), phos(2), stram(1), verat(2)"
717,3,"DESIRE diminished, increased, menses, before, during","agar(1), bell(1), bufo(1), camph(1), canth(2), chin(1), cina(1), coff(1), dulc(2), hyos(2), kali-br(1), lach(2), lyc(3), mosch(2), nux-v(1), orig(2), plat(2), puls(3), sul-ac(1), tarent(1), verat(1)"
717,3,"DESIRE diminished, increased, menses, before, after",kali-p(2)
717,2,"DESIRE diminished, increased, metrorrhagia, during","plat(1), sabin(2)"
717,2,"DESIRE diminished, increased, old women",mosch(1)
717,2,"DESIRE diminished, increased, pregnancy, during","bell(1), lach(1), merc(1), plat(1), puls(1), stram(1), verat(1)"
717,2,"DESIRE diminished, increased, scratching, distant parts, from",stann(2)
717,1,"DESIRE diminished, violent","ars(2), arund(1), aster(1), bar-m(1), calc(3), calc-p(2), canth(1), gels(2), hyos(2), kali-br(2), lach(2), lyss(1), mosch(2), murx(3), op(2), orig(3), phos(2), plat(2), sabin(2), sil(2), staph(2), stram(2), tarent(2), zinc(2)"
717,2,"DESIRE diminished, violent, involuntary orgasms, with","ang(1), arg-n(2), ars(2), calc(2), lil-t(2), nat-m(1), nux-v(2), op(2), plat(3), sul-ac(1)"
717,2,"DESIRE diminished, violent, masturbation, driving her to","gels(2), grat(2), nux-v(2), orig(3), phos(1), plat(2), raph(1), zinc(3)"
717,2,"DESIRE diminished, violent, scratching the arm, from",stann(2)
717,1,"DESIRE diminished, virgins, in","con(2), plat(3)"
717,1,"DESIRE diminished, widows, in","apis(3), orig(3)"
717,0,DIPHTHERITIC exudations,"apis(1), kali-bi(2), lac-c(2), merc-cy(1), sep(1)"
717,0,DISPLACEMENT of uterus,"aesc(1), am-m(2), aur-m(1), bell(3), calc(3), calc-p(3), caul(2), cimic(2), ferr(1), ferr-i(2), kali-c(1), lach(3), led(1), lil-t(3), mag-m(2), merc(2), murx(2), nat-m(3), nit-ac(2), nux-m(2), nux-v(2), plat(2), podo(2), sep(3), sulph(1), thuj(2)"
717,0,"DISTENDED, as if filled with wind, uterus",ph-ac(1)
717,0,DROPSY (See Swelling),
717,1,"DROPSY (See Swelling), Ovaries","apis(3), arn(1), ars(3), aur-m-n(1), bell(1), bry(1), calc(3), carb-an(1), chin(1), coloc(2), con(1), ferr-i(2), graph(1), iod(2), kali-br(1), kali-c(1), kreos(1), lach(2), lil-t(2), lyc(3), med(1), merc(1), nat-s(1), phos(1), plat(1), plb(2), podo(1), prun-s(1), rhod(1), rhus-t(1), sabin(1), ter(1), zinc(1)"
717,1,"DROPSY (See Swelling), Uterus","aesc(1), apis(2), ars(1), bell(2), brom(1), bry(2), calc(1), camph(2), canth(1), chin(2), colch(2), con(1), dig(2), dulc(1), ferr(2), ham(1), hell(3), iod(1), kali-c(1), lach(1), lact(1), led(1), lob(2), lyc(3), merc(1), phos(1), puls(1), rhus-t(1), ruta(1), sabad(1), sep(2), sulph(2)"
717,2,"DROPSY (See Swelling), Uterus, daytime",bry(2)
717,0,DRYNESS,"nat-m(2), sep(3)"
717,1,"DRYNESS, Vagina","acon(2), ars(2), bell(2), berb(2), ferr(2), graph(2), lyc(2), lycps(1), nat-m(3), puls(1), sep(2), spira(1)"
717,2,"DRYNESS, Vagina, menses, during",graph(2)
717,3,"DRYNESS, Vagina, menses, during, after","berb(1), lyc(2), nat-m(1), sep(2)"
717,0,ENLARGED ovaries (See Swollen),"apis(3), aur-m-n(1), bell(3), carb-an(2), con(3), graph(2), hep(1), iod(2), kali-br(1), lac-c(1), lach(1), lil-t(1), lyc(2), med(2), meli(1), spong(1), ust(2)"
717,1,"ENLARGED ovaries (See Swollen), right","apis(3), bell(2), lyc(3), mag-m(1), pall(2)"
717,1,"ENLARGED ovaries (See Swollen), left","apis(2), graph(1), lac-c(1), lil-t(2), med(2)"
717,1,"ENLARGED ovaries (See Swollen), every cold agg.",graph(2)
717,1,"ENLARGED ovaries (See Swollen), sensation, as if","arg-m(1), arg-n(1), cur(1), med(1), sep(2), sil(2)"
717,2,"ENLARGED ovaries (See Swollen), sensation, as if, right",arg-n(1)
717,2,"ENLARGED ovaries (See Swollen), sensation, as if, left",arg-m(1)
717,2,"ENLARGED ovaries (See Swollen), sensation, as if, menses, before",sil(2)
717,1,"ENLARGED ovaries (See Swollen), Uterus","aesc(2), am-m(2), apis(1), aur(2), aur-m(2), bell(2), carb-an(2), con(3), hep(2), kali-br(1), kali-i(2), lach(2), lyss(1), nat-c(2), nux-v(1), phyt(2), plat(1), sabin(1), sep(3), ust(2)"
717,0,EPILEPTIC aura (See Aura),
717,0,ERUPTIONS,"aeth(1), agar(1), alum(1), anan(2), ant-t(2), apis(2), ars(2), aur-m(1), aur-m-n(1), bry(1), bufo(1), calad(1), calc(2), canth(1), carb-s(1), carb-v(1), caust(1), coff(2), con(1), cop(1), crot-t(1), dulc(2), ferr(1), graph(2), ham(1), helon(1), kali-c(1), kali-i(2), kreos(1), lil-t(2), lyc(2), merc(2), nat-m(1), nat-s(1), nit-ac(1), nux-v(2), petr(3), plat(1), rhus-t(3), rhus-v(2), rob(1), sarr(1), sep(2), sil(1), staph(1), sulph(2), thuj(2), viol-t(1), zinc(1)"
717,1,"ERUPTIONS, night",merc(2)
717,1,"ERUPTIONS, erysipelatous",rhus-t(3)
717,1,"ERUPTIONS, hard black pustules",bry(1)
717,1,"ERUPTIONS, herpetic","bufo(1), carb-v(1), caust(1), cench(1), dulc(2), kali-c(1), kreos(1), merc(1), nat-m(1), nux-v(1), petr(3), sep(3), thuj(1)"
717,2,"ERUPTIONS, herpetic, from every cold",dulc(2)
717,1,"ERUPTIONS, itching","ambr(1), graph(1), lach(1), nit-ac(2), nux-v(1), sep(2), sil(1), sulph(2), urt-u(2)"
717,2,"ERUPTIONS, itching, warm, when",aeth(1)
717,1,"ERUPTIONS, menses, before","aur-m(1), dulc(2), verat(1)"
717,2,"ERUPTIONS, menses, before, during","agar(1), aur-m(1), bry(1), calc(1), caust(1), con(1), dulc(2), graph(2), kali-c(1), merc(2), nux-v(1), petr(1), sep(2), staph(2)"
718,1,"ERUPTIONS, moist",sep(1)
718,1,"ERUPTIONS, nodosities",merc(1)
718,1,"ERUPTIONS, painful","sil(1), viol-t(1)"
718,1,"ERUPTIONS, pimples","aeth(1), agar(1), alum(1), ambr(1), ant-c(1), aur-m(1), calad(2), calc(1), con(1), graph(2), kali-c(1), lach(1), merc(2), nat-m(1), nit-ac(1), ph-ac(1), sil(1), sulph(2), thuj(2), verat(1), zinc(1)"
718,2,"ERUPTIONS, pimples, burning","alum(1), calc(1)"
718,2,"ERUPTIONS, pimples, menses, before","aur-m(1), verat(1)"
718,3,"ERUPTIONS, pimples, menses, before, during","all-s(1), caust(1), hep(1), lyc(1), petr(1)"
718,2,"ERUPTIONS, pimples, painful","sil(1), thuj(1)"
718,2,"ERUPTIONS, pimples, nymphæ, on",graph(1)
718,1,"ERUPTIONS, pustules","anan(2), ant-t(1), aur-m(1), bry(1), merc(1), nit-ac(1)"
718,2,"ERUPTIONS, pustules, black",bry(1)
718,2,"ERUPTIONS, pustules, menses, before",aur-m(1)
718,1,"ERUPTIONS, rash",anan(2)
718,1,"ERUPTIONS, scabby","kali-i(1), sars(1)"
718,1,"ERUPTIONS, vesicles","graph(2), lyc(1), nat-s(1), rhus-t(3), sep(2), staph(1), sulph(1)"
718,0,EXCORIATION,"alum(2), ambr(2), berb(1), bov(2), calc(2), calc-s(1), carb-s(1), carb-v(2), caust(2), graph(2), hep(2), kali-c(2), kali-s(1), kreos(2), lac-c(1), lil-t(1), lyc(1), meph(1), merc(2), nat-c(1), nit-ac(2), petr(2), sabin(1), sep(2), sil(1), sulph(1), thuj(3), til(1)"
718,1,"EXCORIATION, aged women",merc(1)
718,1,"EXCORIATION, leucorrhœa, from (See Leucorrhœa, Acrid)",
718,1,"EXCORIATION, menses, during","all-c(1), am-c(2), bov(1), carb-v(1), caust(2), graph(2), hep(1), kali-c(2), nat-s(1), sars(2), sil(1), sulph(2)"
718,1,"EXCORIATION, Perineum","calc(2), carb-v(2), caust(2), graph(3), hep(1), lyc(3), merc(2), petr(2), sep(2), sulph(2), thuj(1)"
718,1,"EXCORIATION, Vagina","alum(1), kali-bi(2), kali-c(1), merc(1)"
718,0,EXCRESCENCES (See Condylomata),"crot-h(1), cub(1), graph(1), kreos(2), lac-c(1), merc(1), nit-ac(3), sec(1), staph(1), thuj(3)"
718,1,"EXCRESCENCES (See Condylomata), Uterus (cervix)","cub(1), kreos(2), merc(1), nit-ac(3), sec(1), tarent(1), thuj(3)"
718,2,"EXCRESCENCES (See Condylomata), Uterus (cervix), bleeding","merc(1), thuj(1)"
718,2,"EXCRESCENCES (See Condylomata), Uterus (cervix), cauliflower","crot-h(1), graph(2), kali-ar(1), kreos(2), lac-c(1), phos(2), thuj(3)"
718,2,"EXCRESCENCES (See Condylomata), Uterus (cervix), wart-shaped",thuj(2)
718,2,"EXCRESCENCES (See Condylomata), Uterus (cervix), watery","sec(1), thuj(1)"
718,0,"FISTULA, vagina","asar(2), calc(3), carb-v(2), caust(1), lach(2), lyc(2), nit-ac(2), puls(2), sil(3)"
718,0,FLATUS from vagina,"apis(1), bell(2), brom(3), calc(2), chin(1), hyos(1), lac-c(2), lyc(3), mag-c(2), nat-c(2), nux-m(2), nux-v(2), orig(1), ph-ac(3), sang(2), sep(2), sulph(1), tarent(1)"
718,1,"FLATUS from vagina, menses, during","brom(1), kreos(1), nicc(1)"
718,0,FORMICATION (See Tingling),"elaps(1), plat(2)"
718,0,"FULLNESS, uterus","alet(1), aloe(1), apis(1), bell(2)"
718,1,"FULLNESS, uterus, standing agg.",aloe(1)
718,1,"FULLNESS, uterus, walking agg.",chin(1)
718,1,"FULLNESS, uterus, Vagina","ham(1), lil-t(1)"
718,1,"FULLNESS, uterus, sensation of, during menses",puls(2)
718,0,GANGRENE,"ars(1), sec(2)"
718,1,"GANGRENE, Uterus","apis(1), ars(2), bell(1), carb-ac(1), carb-an(1), carb-v(1), chin(1), cur(1), kreos(2), sec(3)"
718,1,"GANGRENE, Vagina","apis(1), ars(1), bell(1), calc(1), chin(1), kreos(1), lach(1), sec(1), sul-ac(1)"
718,0,"GRANULATION, vagina","alum(2), nit-ac(2), staph(1), tarent(1)"
718,0,HAIR falling out,"hell(1), nat-m(3), nit-ac(2), rhus-t(1), sel(2), sulph(1), zinc(2)"
718,0,HARDNESS,"con(2), kreos(3), merc(2)"
718,1,"HARDNESS, Ovaries","apis(2), brom(2), graph(1), lach(1), ust(1)"
718,2,"HARDNESS, Ovaries, right",apis(3)
718,2,"HARDNESS, Ovaries, left","brom(2), graph(2), lach(1), ust(2)"
718,0,HEAT,"aur(1), calc-p(1), carb-v(1), chin(1), cimx(2), dulc(2), helon(2), hydrc(1), kreos(2), lil-t(1), merc(1), merc-c(1), nux-v(1), puls(1), sarr(1), sec(1), sep(1)"
718,1,"HEAT, flushes","sep(1), sul-ac(1)"
718,1,"HEAT, menses, during","chin(1), kreos(1)"
718,1,"HEAT, Ovaries","bufo(1), lac-c(1), med(1)"
718,1,"HEAT, Uterus","apis(1), ars-m(1), bufo(1), camph(1), hell(1), lac-c(1), lach(2), nux-v(2), raph(1), sarr(1), sec(1)"
718,2,"HEAT, Uterus, flushes from uterus to head",raph(1)
718,2,"HEAT, Uterus, menses, during",lac-c(1)
718,1,"HEAT, Vagina","acon(2), ars-m(1), aur(1), aur-m(1), bell(2), berb(1), coloc(1), graph(2), ham(1), hydrc(1), lycps(1), sec(1)"
718,2,"HEAT, Vagina, menses, before",ign(2)
718,2,"HEAT, Vagina, during",aur(1)
719,0,HEAVINESS,"lob(1), murx(1), pall(1), plat(2)"
719,1,"HEAVINESS, menses, during","lob(1), murx(1), plat(2), sep(2)"
719,1,"HEAVINESS, Ovaries","apis(3), carb-an(1), con(1), eup-pur(1), helon(1), kali-c(1), lil-t(1), meli(1), onos(1), plat(2), sep(2)"
719,2,"HEAVINESS, Ovaries, right",carb-an(1)
719,2,"HEAVINESS, Ovaries, left","lac-c(2), lach(1)"
719,1,"HEAVINESS, Uterus","alet(2), aloe(1), alumn(1), apis(2), bell(2), calc(2), caul(2), chin(3), con(1), elaps(1), gels(2), hydrc(1), lac-c(1), murx(2), nux-v(2), sabin(1), senec(1), sep(3), sil(1)"
719,2,"HEAVINESS, Uterus, menses, during","chin(1), nux-v(1)"
719,2,"HEAVINESS, Uterus, standing",aloe(1)
719,2,"HEAVINESS, Uterus, walking, while",chin(2)
719,0,HÆMORRHAGE (See Metrorrhagia),
719,0,INDURATION,"aml-n(1), con(2), kreos(3), merc(2), sep(1)"
719,1,"INDURATION, injuries, from",con(2)
719,1,"INDURATION, Ovaries","alum(1), alumn(1), am-br(1), apis(2), arg-m(2), ars(1), ars-i(2), aur(2), aur-m-n(1), bar-i(2), bar-m(2), bell(1), brom(2), carb-an(1), con(3), graph(3), iod(1), kreos(1), lach(3), pall(2), plat(1), psor(2), sep(2), spong(1), tarent(1), ust(1), zinc(1)"
719,2,"INDURATION, Ovaries, right","apis(2), carb-an(2), pall(2), podo(2)"
719,2,"INDURATION, Ovaries, left","brom(2), graph(2), lach(3), psor(1), ust(1)"
719,1,"INDURATION, Uterus","alum(1), alumn(2), aur(3), aur-m(1), bell(2), carb-an(2), cham(1), chin(2), con(2), helon(1), iod(2), kali-br(2), lyss(1), pall(1), plat(2), sep(1), tarent(1)"
719,2,"INDURATION, Uterus, cervix","alumn(1), anan(1), aur(3), aur-m(2), aur-m-n(2), bell(2), carb-ac(2), carb-an(3), chin(1), con(3), hydr(1), iod(2), kreos(1), lac-c(1), mag-m(2), nat-c(2), plat(2), sep(3), sil(2), staph(1), tarent(1), verat(1)"
719,3,"INDURATION, Uterus, cervix, after use of pessary",hyper(1)
719,2,"INDURATION, Uterus, os","aur(2), carb-an(2), hydr(1), nux-v(1), plat(1), podo(2), ust(2)"
719,1,"INDURATION, Vagina","bell(1), calc(1), chin(2), clem(1), con(1), ferr(2), lyc(2), mag-m(1), merc(1), petr(1), puls(2), sep(1), sil(2), sulph(1)"
719,0,INFLAMMATION,"acon(2), ambr(1), anan(1), apis(2), ars(3), asaf(2), bell(2), bry(1), calc(2), carb-v(1), coc-c(2), coll(1), con(1), ferr(1), ferr-ar(1), ferr-p(2), ign(1), kali-c(2), kreos(3), lyc(2), merc(3), merc-c(2), nat-m(2), nat-s(1), nit-ac(2), nux-v(1), petr(2), rhus-t(3), sep(2), staph(1), sulph(1), tarent(1), thuj(2)"
719,1,"INFLAMMATION, erysipelatous","apis(2), rhus-t(3)"
719,1,"INFLAMMATION, menses, during","acon(1), bell(1), calc(1), merc(1), nit-ac(1), nux-v(1), sep(1), sulph(1)"
719,1,"INFLAMMATION, Ovaries","acon(3), aesc(1), am-br(1), ambr(1), ant-c(2), apis(3), arg-m(1), arn(1), ars(1), ars-i(1), aur(1), bell(3), brom(1), bry(2), cact(2), canth(2), caps(1), chin(2), cimic(1), coloc(1), con(1), crot-h(1), cub(1), dulc(1), eupho(1), graph(1), guai(2), ham(1), hep(1), ign(1), iod(2), lac-c(2), lach(2), lil-t(2), lyc(3), mag-p(1), med(2), merc(3), nit-ac(1), nux-v(2), pall(2), ph-ac(2), phos(3), phyt(2), plat(2), podo(3), puls(2), rhus-t(1), sabad(1), sabin(3), staph(1), syph(2), thuj(2), ust(1), verat-v(2), zinc(1)"
719,2,"INFLAMMATION, Ovaries, right","aesc(1), apis(2), arg-m(2), bell(2), bry(2), iod(1), lyc(3), pall(2), podo(3)"
719,2,"INFLAMMATION, Ovaries, left","arg-m(1), caps(1), graph(1), lach(2), lil-t(1), thuj(2), vesp(1), zinc(1)"
719,2,"INFLAMMATION, Ovaries, feet wet, after",puls(2)
719,2,"INFLAMMATION, Ovaries, hæmorrhage, after","chin(2), plat(2)"
719,2,"INFLAMMATION, Ovaries, menstrual flow suddenly checked","acon(3), puls(2)"
719,2,"INFLAMMATION, Ovaries, sexual excesses, from","chin(2), ham(2), plat(2), staph(2)"
719,2,"INFLAMMATION, Ovaries, suppressed gonorrhœa, after","canth(2), med(3)"
719,1,"INFLAMMATION, Uterus","acon(2), agn(2), alum(1), apis(3), arn(2), ars(3), aur(2), aur-m(2), bell(3), bry(2), bufo(1), cact(2), calc(1), canth(3), carb-an(2), carb-s(1), caul(1), cham(2), chin(1), cocc(1), coff(2), coloc(1), con(1), croc(1), ferr(1), ferr-ar(1), graph(1), ham(2), hep(2), hydr(1), hyos(2), hyper(1), ign(1), iod(2), ip(1), iris(1), kali-c(1), kali-p(1), kreos(1), lac-c(3), lach(3), lyc(3), lyss(2), mag-m(1), merc(2), nux-v(2), op(1), ph-ac(1), phos(2), puls(3), rhus-t(2), sabad(2), sabin(3), sec(3), sep(2), sil(2), stram(2), sulph(2), ter(3), verat(2), verat-v(2)"
719,2,"INFLAMMATION, Uterus, anger, after",cham(2)
719,2,"INFLAMMATION, Uterus, emotional excitement, from",hyos(2)
719,2,"INFLAMMATION, Uterus, hæmorrhage, after",chin(2)
719,2,"INFLAMMATION, Uterus, indignation, from",coloc(2)
719,2,"INFLAMMATION, Uterus, joy, excessive",coff(2)
719,2,"INFLAMMATION, Uterus, labor, after","nux-v(2), sabin(2), sec(2)"
719,2,"INFLAMMATION, Uterus, sexual excesses, after",chin(2)
719,1,"INFLAMMATION, Vagina","acon(2), alum(1), aur-m(1), bell(1), caul(1), coc-c(2), cur(2), ham(2), hyper(1), merc(2), nat-ac(2), sep(1)"
719,0,"INSENSIBILITY, vagina","alum(1), berb(2), brom(2), cann-s(1), ferr(2), ferr-m(2), kali-br(1), phos(2), sep(2)"
719,0,INVOLUNTARY orgasm (See Desire),
719,0,IRRITATION,"agar(2), am-c(2), bry(1), calc(2), canth(2), carb-v(2), con(2), dulc(1), graph(2), hep(1), kali-br(1), kreos(2), lyc(1), merc(1), nat-m(1), nit-ac(1), nux-v(1), orig(2), phos(1), plat(1), puls(1), sep(2), sil(2), sulph(1)"
720,1,"IRRITATION, clitoris",am-c(2)
720,1,"IRRITATION, Ovaries","am-br(1), apis(2), ars(1), carb-ac(1), cimic(1), gels(2), ham(1), kali-br(1), lil-t(1), nux-v(1), phyt(1), plat(1), rhus-t(1), thuj(1), ust(3), vib(3)"
720,1,"IRRITATION, Uterus","ars(1), bell(2), caul(2), ph-ac(1), senec(2), tarent(1)"
720,1,"IRRITATION, Vagina","caul(1), helon(1)"
720,0,ITCHING,"agar(2), alum(1), alumn(1), am-c(3), ambr(3), anac(2), anan(1), ant-t(2), apis(2), ars(1), aspar(1), aur(1), aur-m(2), aur-s(2), bell(1), berb(1), bufo(1), calad(3), calc(3), calc-s(1), canth(2), carb-s(2), carb-v(2), caust(2), chin(2), chin-a(1), coff(2), coll(1), con(2), cop(2), crot-t(2), dol(2), dulc(2), elaps(1), eupho(1), eupi(1), fago(1), ferr(2), ferr-ar(1), ferr-i(2), fl-ac(2), graph(2), grin(1), guare(1), ham(1), helon(2), hydr(1), ign(1), kali-ar(1), kali-bi(2), kali-br(2), kali-c(2), kali-i(1), kali-s(2), kreos(3), lac-c(2), lach(1), lact-ac(1), lap-a(2), lil-t(1), lyc(2), mag-c(2), med(2), merc(3), mur-ac(1), murx(1), nat-h(2), nat-m(3), nat-s(1), nicc(1), nit-ac(3), nux-v(2), onos(2), orig(2), petr(3), plat(3), raph(1), rhus-t(3), sabin(1), sep(3), sil(3), sol-t-ae(1), staph(2), sul-ac(2), sulph(3), syph(1), tarent(3), thuj(2), urt-u(2), zinc(2)"
720,1,"ITCHING, morning",syph(1)
720,1,"ITCHING, afternoon",sol-t-ae(1)
720,1,"ITCHING, evening","calc(1), eupi(1), nit-ac(2)"
720,1,"ITCHING, night","lac-c(2), nit-ac(2), tarent(1)"
720,2,"ITCHING, night, in bed","calc(2), raph(1)"
720,1,"ITCHING, burning","am-c(3), anan(1), aur-m(2), berb(1), calc(3), kali-i(2), urt-u(2)"
720,2,"ITCHING, burning, vulva",kali-i(2)
720,1,"ITCHING, cold, from becoming",nit-ac(2)
720,1,"ITCHING, cold weather",dulc(1)
720,1,"ITCHING, intolerable","agar(2), am-c(2), ambr(3), calc(2)"
720,1,"ITCHING, leucorrhœa, from","agar(1), alum(1), anac(2), ars(1), calc(3), calc-s(1), carb-v(2), caust(2), chin(1), coll(2), cub(1), cur(1), fl-ac(2), hydr(1), kali-bi(2), kali-c(1), kali-p(1), kreos(3), merc(2), nat-m(2), nit-ac(3), onos(2), ph-ac(1), puls(1), sabin(2), sep(3), sulph(2), zinc(1)"
720,1,"ITCHING, lying amel.",berb(1)
720,1,"ITCHING, menses, before","bufo(1), carb-v(1), caust(1), colch(1), graph(3), kali-c(2), lac-c(1), lil-t(2), merc(2), sulph(2), tarent(1), zinc(1)"
720,2,"ITCHING, menses, before, during","agar(1), am-c(2), ambr(2), calc(1), calc-s(1), carb-v(2), caust(2), coff(2), con(2), hep(1), kali-br(2), kali-c(2), kreos(2), lac-c(1), lach(1), lact-ac(1), lyc(2), merc(1), nat-m(1), petr(2), plat(1), sep(1), sil(2), sul-ac(1), zinc(2)"
720,2,"ITCHING, menses, before, after","calc(1), calc-s(1), colch(1), con(2), cur(1), elaps(1), ferr(2), graph(1), kali-br(1), kali-c(1), kreos(1), lyc(1), mag-c(2), nat-m(2), nit-ac(3), ph-ac(2), sil(2), sulph(1), tarent(3), zinc(2)"
720,1,"ITCHING, pregnancy, during","ambr(1), calad(2), chlol(1), fl-ac(2), helon(2), merc(2), sep(3), urt-u(1)"
720,1,"ITCHING, scratching agg.","am-c(1), onos(1)"
720,2,"ITCHING, scratching agg., amel.",crot-t(1)
720,1,"ITCHING, sitting agg.",berb(1)
720,1,"ITCHING, urine, contact of, agg.",merc(3)
720,1,"ITCHING, urination, during","ambr(1), carb-v(1), sil(1), thuj(2)"
720,1,"ITCHING, voluptuous","agar(2), bov(1), bufo(2), calad(2), calc(2), canth(2), coff(2), dulc(1), elaps(1), kali-br(2), kreos(1), lach(2), lil-t(2), orig(3), plat(3), zinc(2)"
720,1,"ITCHING, walking agg.","berb(1), colch(1), nit-ac(3), thuj(2)"
720,1,"ITCHING, between labia","kreos(3), sulph(2)"
720,1,"ITCHING, Vagina","agar(1), alum(1), alumn(1), aur-m(2), brom(2), calad(3), calc(2), calc-s(2), canth(2), caust(1), con(2), cop(1), elaps(1), ferr-i(2), helon(1), hydrc(2), kreos(3), lil-t(2), lyc(2), med(2), merc(2), nit-ac(3), rhus-t(1), sep(3), staph(1), sulph(2), tarent(2), zinc(1)"
720,2,"ITCHING, Vagina, evening",kreos(2)
720,2,"ITCHING, Vagina, coition, after","agar(1), nit-ac(3)"
720,2,"ITCHING, Vagina, menses, before","elaps(1), graph(2)"
720,3,"ITCHING, Vagina, menses, before, during","con(2), elaps(1), helon(1), kreos(1)"
720,3,"ITCHING, Vagina, menses, before, after","canth(1), caust(2), con(1), elaps(1), kreos(2), lyc(1), mez(1), sulph(1)"
720,2,"ITCHING, Vagina, pregnancy, during","bor(1), calad(2)"
720,2,"ITCHING, Vagina, voluptuous","calad(2), kreos(3), lil-t(2)"
720,0,"JERKING in vagina upwards, morning",sep(1)
720,0,LEUCORRHŒA,"aesc(2), agar(1), agn(1), alet(2), alum(3), alumn(1), am-c(2), am-m(2), ambr(1), anac(1), ant-c(1), apis(1), arg-n(2), ars(3), ars-i(3), asaf(1), aur(1), aur-m(2), aur-m-n(1), bad(1), bar-c(2), bar-m(2), berb(1), bor(2), bov(2), bry(1), calc(3), calc-p(2), calc-s(3), cann-s(1), canth(1), caps(1), carb-an(3), carb-s(3), carb-v(2), card-m(1), caul(1), caust(3), cedr(1), cham(1), chel(1), chin(2), chin-a(1), cimic(2), cinnb(2), cocc(2), coff(1), con(1), crot-c(1), cub(1), cur(1), cycl(1), dig(1), dros(1), dulc(1), eupi(2), ferr(2), ferr-ar(1), ferr-p(1), gels(2), graph(3), guai(1), ham(1), helon(1), hep(2), hura(1), hydr(2), iod(3), ip(1), kali-ar(3), kali-bi(2), kali-c(3), kali-chl(2), kali-i(2), kali-p(2), kali-s(2), kreos(3), lac-c(2), lach(2), laur(1), lil-t(1), lyc(2), lyss(2), mag-c(1), mag-m(2), mag-s(1), mang(1), med(3), merc(3), merc-c(2), merc-i-f(1), merc-i-r(1), mez(1), mur-ac(3), murx(1), nat-a(2), nat-c(2), nat-h(1), nat-m(3), nat-p(2), nat-s(1), nit-ac(3), nux-m(2), nux-v(1), op(2), orig(2), pall(2), petr(2), ph-ac(2), phos(2), phys(2), phyt(2), plat(3), plb(1), podo(2), prun-s(1), psor(2), puls(3), ran-b(1), rat(1), rhus-t(1), ruta(1), sabin(2), sang(1), sarr(1), sars(2), sec(1), senec(1), seneg(1), sep(3), sil(3), squil(1), stann(3), stront(1), sul-ac(2), sulph(3), syph(1), tarent(2), thuj(2), til(1), ust(1), viol-t(1), zinc(2)"
721,1,"LEUCORRHŒA, daytime only","alum(2), lac-c(2), plat(1), sep(1)"
721,1,"LEUCORRHŒA, morning","aur(2), aur-m(2), aur-s(1), bell(2), calc-p(2), carb-v(2), graph(2), kreos(2), mag-m(2), nat-m(1), phos(1), plat(1), sep(3), sulph(2)"
721,1,"LEUCORRHŒA, afternoon","alum(1), calc-p(1), lil-t(1), naja(1)"
721,1,"LEUCORRHŒA, evening","bufo(1), echi(1), lil-t(1), merc(1)"
721,1,"LEUCORRHŒA, night","alum(1), ambr(1), carb-v(2), caust(2), con(2), merc(3), nat-m(2), nit-ac(1), sulph(2)"
721,1,"LEUCORRHŒA, acrid, excoriating","aesc(1), agar(2), alum(3), am-c(2), am-m(1), anac(1), ant-c(1), apis(1), aral(1), arg-m(2), arg-n(2), ars(3), ars-i(2), aur(1), aur-m(2), bapt(1), berb(1), bor(3), bov(2), calc(2), calc-s(2), canth(1), carb-ac(1), carb-an(2), carb-s(3), carb-v(2), caust(2), cham(3), chel(2), chin(2), chin-a(1), con(2), cop(1), cub(1), ferr(3), ferr-ar(3), ferr-i(2), ferr-p(2), fl-ac(3), graph(3), hep(2), ign(1), iod(2), kali-ar(1), kali-c(2), kali-chl(1), kali-i(2), kali-p(2), kali-s(1), kreos(3), lach(2), lam(2), laur(1), lil-t(2), lob(1), lyc(3), mag-c(2), mag-s(1), merc(3), merc-c(2), merc-i-f(1), mez(1), nat-m(2), nat-p(2), nat-s(1), nit-ac(3), nux-m(1), onos(2), petr(2), ph-ac(1), phos(3), phyt(1), prun-s(1), puls(3), ran-b(1), rhus-t(1), ruta(1), sabin(3), sang(1), sep(3), sil(3), sul-ac(2), sulph(2), thuj(1), urt-u(1), zinc(1)"
721,2,"LEUCORRHŒA, acrid, excoriating, eats holes in linen",iod(2)
721,1,"LEUCORRHŒA, albuminous","agn(1), alum(2), am-c(1), am-m(2), aur(1), berb(1), bor(3), bov(2), calc(1), calc-p(2), lil-t(1), mez(2), nat-m(3), pall(1), petr(2), plat(2), podo(2), sep(3), stann(2), stram(1), sul-ac(2), ust(1)"
721,1,"LEUCORRHŒA, alternating with cough",iod(2)
721,1,"LEUCORRHŒA, alternating with mental states",murx(1)
721,1,"LEUCORRHŒA, black","croc(1), sec(2)"
721,1,"LEUCORRHŒA, bland","alum(2), am-m(1), bor(1), calc(1), carb-v(1), caul(2), eupi(1), ferr(1), kali-c(1), kali-chl(1), kreos(1), laur(1), lil-t(1), merc(2), nat-m(1), nux-v(1), ph-ac(1), plat(1), puls(2), ran-b(1), ruta(1), sep(1), sil(1), staph(1), sulph(2), thuj(2)"
721,1,"LEUCORRHŒA, bloody","acon(1), agar(1), aloe(1), alum(2), am-m(1), ant-t(2), arg-m(2), arg-n(2), ars(2), ars-i(2), bar-c(2), bufo(1), calc(2), calc-s(3), canth(1), carb-s(1), carb-v(2), chin(3), chin-a(1), cinnb(1), cocc(3), coff(1), con(2), crot-h(1), ham(1), hep(1), iod(2), kali-i(1), kreos(2), lac-c(2), lyc(2), merc(2), merc-c(2), murx(1), nit-ac(3), nux-m(1), petr(1), ph-ac(1), phos(2), phys(1), podo(1), sabin(1), sep(3), sil(2), sul-ac(2), ter(2), tril(2), zinc(1)"
721,2,"LEUCORRHŒA, bloody, menses, after","ars(1), caust(1), chin(2), pyrog(1), zinc(2)"
721,1,"LEUCORRHŒA, bluish",ambr(1)
721,1,"LEUCORRHŒA, brown","am-m(2), arg-m(1), berb(1), cocc(1), lil-t(3), nit-ac(3), sec(2), sil(2)"
721,2,"LEUCORRHŒA, brown, stains linen","lil-t(2), nit-ac(3)"
721,1,"LEUCORRHŒA, burning","alum(1), am-c(2), ars(2), ars-i(1), bar-c(1), bor(3), calc(3), calc-s(3), canth(1), carb-an(2), carb-s(1), carb-v(2), cast(1), con(2), ferr-i(1), fl-ac(2), iod(1), kali-ar(1), kali-c(1), kali-p(2), kali-s(1), kreos(3), mag-s(1), meph(1), nit-ac(2), phos(2), puls(3), sep(3), sul-ac(2), sulph(3), tarent(1), thuj(1)"
721,1,"LEUCORRHŒA, coition, after","nat-c(1), sep(2)"
721,1,"LEUCORRHŒA, constant",am-m(2)
721,1,"LEUCORRHŒA, copious","acon(1), agar(2), alum(2), alumn(1), am-c(2), ant-c(2), apis(1), arg-n(2), ars(2), ars-i(2), asaf(2), aur(2), bapt(1), bar-c(2), bell(1), bor(1), bov(1), bufo(1), cact(1), calc(3), calc-s(1), carb-ac(2), carb-s(1), carb-v(1), caul(1), caust(2), chin(1), chin-a(1), cinnb(1), cocc(2), coff(1), con(2), cub(1), cur(2), erig(2), eupi(2), ferr-i(1), fl-ac(2), graph(3), ham(2), helon(2), hydr(1), hydrc(2), iod(1), kali-p(1), kreos(2), lac-c(1), lach(2), led(2), lil-t(2), lob(2), lyc(1), mag-c(2), mag-m(1), mag-s(1), merc(2), merc-c(2), nat-a(2), nat-c(2), nat-m(2), nat-p(2), nicc(1), nit-ac(1), onos(2), petr(2), ph-ac(2), phos(2), phyt(2), puls(1), sabin(2), sec(2), sep(3), sil(3), stann(3), sulph(2), syph(2), tril(1), ust(1)"
721,2,"LEUCORRHŒA, copious, menses, like the","alum(2), caust(2), kreos(2), mag-s(1)"
721,2,"LEUCORRHŒA, copious, serum like discharge from anus and vagina",lob(3)
721,1,"LEUCORRHŒA, corrosive (See Acrid)",
721,1,"LEUCORRHŒA, cream-like","alum(1), bufo(1), calc(1), calc-p(2), nat-p(2), puls(3), sec(2), sep(1), tril(2)"
721,2,"LEUCORRHŒA, cream-like, afternoon",calc-p(1)
721,1,"LEUCORRHŒA, dark","aesc(2), agar(1), croc(1), kreos(2), nux-m(1), sec(1)"
722,1,"LEUCORRHŒA, excoriating (See Acrid)",
722,1,"LEUCORRHŒA, exercising, while","mag-m(1), mag-s(1)"
722,1,"LEUCORRHŒA, flesh-colored","alum(2), bar-c(1), bufo(1), canth(1), chin(1), cocc(1), kali-i(1), kreos(1), lyc(1), nit-ac(2), sabin(1), sep(1)"
722,1,"LEUCORRHŒA, girls, little","calc(1), cann-s(2), cub(2), merc(3), merc-i-f(1), puls(2), senec(1), sep(3)"
722,1,"LEUCORRHŒA, gonorrhœal","aur-m(2), cann-s(2), cop(1), nit-ac(3), plat(2), puls(3), sep(1), thuj(1)"
722,1,"LEUCORRHŒA, gray",arg-m(2)
722,1,"LEUCORRHŒA, greenish","anan(1), apis(1), arg-n(2), asaf(2), bov(2), carb-ac(2), carb-v(3), cop(1), cub(1), kali-chl(1), kali-i(2), kali-p(2), kali-s(2), lach(2), merc(3), merc-i-r(1), murx(2), nat-c(2), nat-m(3), nat-s(3), nit-ac(3), puls(1), sec(2), sep(3), thuj(1)"
722,2,"LEUCORRHŒA, greenish, stains linen","bov(1), kali-chl(1), lach(1), thuj(1)"
722,2,"LEUCORRHŒA, greenish, water",sep(2)
722,1,"LEUCORRHŒA, gushing","calc(3), cocc(2), eupi(1), gels(2), graph(3), lyc(3), sabin(1), sep(3), sil(3), thuj(1)"
722,1,"LEUCORRHŒA, jelly-like","coc-c(1), graph(2), pall(1), sabin(2), sec(1), sep(1)"
722,1,"LEUCORRHŒA, lumpy","ambr(1), ant-c(2), bov(2), chin(1), merc(2), psor(1), sep(2)"
722,1,"LEUCORRHŒA, lying, while",puls(3)
722,1,"LEUCORRHŒA, masturbation, from","canth(2), orig(1), plat(2), puls(3)"
722,1,"LEUCORRHŒA, menses, before","alum(2), aur-m(1), bar-c(2), berb(1), bov(3), bufo(2), calc(3), calc-p(2), calc-s(2), carb-s(1), carb-v(2), cedr(2), chin(1), cocc(2), cub(1), ferr(1), ferr-i(1), ferr-p(1), graph(3), iod(1), kreos(3), lach(2), mag-m(1), nat-c(1), nat-m(2), pall(2), ph-ac(2), phos(2), plat(1), puls(2), ruta(1), sep(3), sil(2), sulph(2), vib(1), zinc(2)"
722,2,"LEUCORRHŒA, menses, before, during","alum(1), ars(1), bor(1), carb-ac(1), carb-v(1), chin(1), cocc(2), con(1), graph(1), iod(2), mag-m(2), merc(1), phos(1), puls(1), zinc(1)"
722,2,"LEUCORRHŒA, menses, before, after","aesc(2), alum(2), ars(1), ars-i(2), bor(1), bov(3), bufo(1), calc(3), calc-p(3), calc-s(1), carb-ac(1), carb-s(1), carb-v(2), caust(1), cham(2), chel(1), chin(1), chin-a(1), cocc(1), con(2), cop(1), cub(1), eupi(1), ferr-i(1), graph(2), guare(1), hydr(2), iod(1), kali-ar(1), kali-bi(1), kali-c(1), kali-n(1), kali-p(1), kalm(1), kreos(2), lil-t(1), lyc(2), lyss(1), mag-c(2), merc(1), murx(1), nat-m(1), nat-p(2), nat-s(1), nicc(2), nit-ac(2), pall(1), ph-ac(2), phos(2), plat(2), puls(2), ruta(2), sabin(1), sil(2), sul-ac(1), sulph(2), tab(1), thuj(1), ust(1), vib(1), zinc(1)"
722,3,"LEUCORRHŒA, menses, before, after, two weeks","bar-c(1), bor(2), calc-p(1), con(1), mag-m(1), sulph(1)"
722,2,"LEUCORRHŒA, menses, before, between","bor(3), calc(3), cocc(2), coloc(2), ip(2), kreos(2), sep(3)"
722,2,"LEUCORRHŒA, menses, before, instead of","alum(1), ars(3), calc-p(1), cedr(2), chen-a(2), chin(2), cocc(2), ferr(2), graph(2), lac-c(1), nux-m(2), phos(2), sep(2), sil(2), zinc(2)"
722,2,"LEUCORRHŒA, menses, before, like the","alum(2), caust(2), kreos(2), mag-s(1), zinc(2)"
722,2,"LEUCORRHŒA, menses, before, smelling like",caust(2)
722,1,"LEUCORRHŒA, milky","am-c(2), anan(1), ang(1), bor(2), calc(3), calc-p(2), carb-s(1), carb-v(2), chel(1), coff(1), con(2), cop(1), ferr(2), ferr-p(1), graph(1), kali-chl(2), kali-i(1), kreos(2), lach(2), lyc(1), nat-m(1), phos(2), phys(2), puls(3), sabin(1), sarr(1), sep(3), sil(2), sul-ac(2), sulph(2), sumb(2)"
722,2,"LEUCORRHŒA, milky, menses, during",phos(1)
722,1,"LEUCORRHŒA, offensive","am-m(1), anan(1), aral(2), arg-m(2), ars(2), asaf(1), bapt(1), bufo(1), calc(1), calc-p(1), caps(1), carb-ac(3), carb-an(1), chin(2), chin-a(1), coloc(2), crot-h(1), cub(1), cur(1), guare(2), helon(1), hydr(1), kali-ar(3), kali-i(1), kali-p(3), kreos(2), lach(1), lam(1), lil-t(2), nat-a(2), nat-c(2), nit-ac(3), nux-v(3), onos(1), op(2), psor(3), pyrog(2), sabin(2), sang(2), sarr(1), sec(2), sep(3), sil(2), sulph(1), tril(1), ust(2)"
722,2,"LEUCORRHŒA, offensive, evening",sep(1)
722,2,"LEUCORRHŒA, offensive, ammonia, like",am-c(1)
722,2,"LEUCORRHŒA, offensive, blackish water",rhus-t(1)
722,2,"LEUCORRHŒA, offensive, cheese, like old","hep(3), sanic(1)"
722,2,"LEUCORRHŒA, offensive, fish-brine, like",sanic(2)
722,2,"LEUCORRHŒA, offensive, green corn, like",kreos(2)
722,2,"LEUCORRHŒA, offensive, menses, like",caust(1)
722,3,"LEUCORRHŒA, offensive, menses, like, after",guare(2)
722,2,"LEUCORRHŒA, offensive, pungent",kreos(1)
722,2,"LEUCORRHŒA, offensive, putrid","carb-ac(3), colch(1), kali-ar(2), kali-i(2), kali-p(3), kreos(3), lach(1), mur-ac(1), nat-c(2), nit-ac(1), ph-ac(1), psor(3), sabin(1), sec(2), sep(2)"
722,2,"LEUCORRHŒA, offensive, sour","hep(1), nat-p(2)"
722,2,"LEUCORRHŒA, offensive, sweetish","calc-p(1), merc-c(1)"
722,1,"LEUCORRHŒA, pregnancy","cocc(2), kreos(3), murx(2), puls(2), sep(3)"
722,1,"LEUCORRHŒA, purulent","alum(2), anan(1), arg-m(2), bufo(1), calc(1), calc-s(1), chin(2), cinnb(1), cocc(2), cur(1), hydr(2), ign(2), kali-s(2), kreos(1), merc(2), merc-i-f(2), nit-ac(1), sabin(2), sec(1), sep(3), sil(1)"
722,1,"LEUCORRHŒA, ropy, stringy, tenacious","aesc(1), am-m(1), aran(1), asar(2), bor(2), bov(2), caust(2), chel(1), coc-c(2), croc(2), graph(2), hydr(3), kali-bi(3), mez(1), nat-c(2), nit-ac(3), phyt(2), sabin(3), stann(1), tril(1)"
723,1,"LEUCORRHŒA, scanty menses, with","calc-p(1), caust(2)"
723,1,"LEUCORRHŒA, sexual excitement, from","canth(2), orig(1), plat(1), puls(2)"
723,1,"LEUCORRHŒA, sitting, while",ant-t(2)
723,1,"LEUCORRHŒA, starch, boiled, like","bor(3), ferr-i(1), nat-m(3), sabin(3)"
723,1,"LEUCORRHŒA, standing, from","ars(2), carb-an(1), kreos(1), lac-c(1)"
723,1,"LEUCORRHŒA, stool, after",zinc(1)
723,1,"LEUCORRHŒA, thick","aesc(2), alum(1), ambr(1), anan(1), ars(3), ars-i(2), asar(2), aur(2), aur-s(1), bar-c(1), bor(2), bov(2), bufo(1), calc(3), calc-s(1), carb-v(2), cast(1), coc-c(1), coloc(2), con(2), cur(1), hydr(3), iod(2), kali-bi(3), kali-s(1), lach(1), mag-m(2), mag-s(1), mez(1), murx(1), myric(1), nat-a(2), nat-c(2), nat-m(1), phyt(2), podo(2), puls(2), sabin(2), sarr(1), sep(2), staph(1), sulph(1), syph(1), vib(1), zinc(2)"
723,2,"LEUCORRHŒA, thick, as paste, white",bor(2)
723,1,"LEUCORRHŒA, thin, watery","alum(1), am-c(1), ambr(1), anan(1), ant-c(2), ant-t(2), arg-m(2), ars(2), ars-i(2), asaf(2), bufo(2), carb-an(2), carb-s(1), carb-v(2), cast(1), cham(1), chin(1), chin-a(1), cocc(2), ferr(2), ferr-ar(1), ferr-i(1), ferr-p(1), graph(3), helon(1), iod(1), kali-i(2), kali-n(1), kali-s(1), kreos(2), lac-c(2), lil-t(2), lob(2), lyc(2), mag-c(2), mag-m(2), merc(1), merc-c(1), mez(1), murx(2), nat-m(2), nat-p(2), nicc(2), nit-ac(3), ol-an(2), ph-ac(2), phos(2), puls(3), sabin(1), sars(1), sec(2), sep(2), sil(2), stann(1), sul-ac(1), sulph(2), syph(1), vib(1)"
723,1,"LEUCORRHŒA, transparent","agn(1), alum(2), am-c(2), am-m(2), aur(2), bor(3), bov(2), calc(1), calc-p(2), caust(2), mez(2), nat-m(3), nit-ac(2), pall(2), petr(2), plat(2), podo(2), sep(3), stann(2), stram(1), sul-ac(2), ust(1)"
723,1,"LEUCORRHŒA, walking agg.","aesc(2), alum(1), anan(1), aur(2), bov(3), calc(1), carb-an(2), graph(2), kreos(1), lac-c(2), mag-m(1), nat-m(2), phos(2), sars(2), sep(2), stront(1), sulph(2), tub(2)"
723,1,"LEUCORRHŒA, white","alum(2), am-c(1), am-m(2), ambr(1), anan(1), ant-t(2), arg-m(2), ars(2), aur(2), bar-c(1), berb(2), bor(3), bov(2), bufo(1), calc(2), calc-p(2), canth(1), carb-s(1), carb-v(2), chel(1), con(2), ferr(2), ferr-ar(1), ferr-p(1), gels(2), graph(3), kali-chl(2), kali-i(2), kali-n(1), kreos(2), lac-c(1), lil-t(1), lyss(2), mag-c(1), merc(2), merc-c(1), mez(2), nat-m(3), ol-an(1), pall(1), petr(2), phos(1), plat(2), podo(2), puls(2), sabin(1), sarr(1), sars(1), sep(3), sil(1), stann(2), stram(1), sul-ac(2), sulph(1), syph(1), ust(1), vib(1), zinc(2)"
723,2,"LEUCORRHŒA, white, stains linen yellow",chel(1)
723,1,"LEUCORRHŒA, yellow","acon(1), aesc(2), alum(2), alumn(2), anan(1), apis(1), arg-m(2), arg-n(2), ars(3), ars-i(2), asar(2), aur(2), aur-m(2), aur-s(2), bov(1), bufo(2), calc(3), calc-s(2), carb-an(2), carb-v(2), cham(3), chel(2), cinnb(1), coloc(2), con(1), cub(1), eupi(2), fl-ac(1), gran(2), graph(2), hydr(3), iod(2), kali-ar(2), kali-bi(2), kali-c(1), kali-i(2), kali-p(2), kali-s(2), kalm(2), kreos(3), lac-c(1), lac-d(2), lach(1), lact-ac(2), lil-t(2), lyc(2), merc(2), merc-c(1), merc-i-f(2), merc-i-r(1), murx(2), myric(1), nat-a(2), nat-c(2), nat-m(1), nat-p(2), nit-ac(1), nux-v(2), ol-j(1), onos(1), pall(2), ph-ac(2), phos(1), prun-s(1), puls(2), sabin(2), sep(3), sil(1), stann(2), sul-ac(1), sulph(3), syph(2), ust(1), zinc(2)"
723,2,"LEUCORRHŒA, yellow, stains linen","carb-an(2), chel(1), kreos(3), prun-s(1)"
723,0,"LOCHIA, acrid","bapt(1), carb-an(2), con(1), kreos(3), lil-t(1), merc(2), plat(1), pyrog(2), rhus-t(1), sep(2), sil(2)"
723,1,"LOCHIA, acrid, bloody","acon(1), bry(1), calc(1), caul(1), cham(2), rhus-t(1), sil(1)"
723,2,"LOCHIA, acrid, bloody, after growing light, it again becomes","calc(2), erig(3), kreos(2), rhus-t(2), sil(1)"
723,2,"LOCHIA, acrid, bloody, child nurses, when",sil(2)
723,2,"LOCHIA, acrid, bloody, motion, after least",erig(1)
723,1,"LOCHIA, acrid, brown","carb-v(2), kreos(2), sec(2)"
723,1,"LOCHIA, acrid, copious","acon(1), bry(1), calc(1), carb-an(1), cham(2), chin(1), coff(2), con(2), croc(2), erig(1), hep(1), lil-t(1), mill(1), nat-c(2), plat(2), puls(1), rhus-t(2), sec(2), senec(1), sulph(1), tril(1), ust(2), xan(1)"
723,1,"LOCHIA, acrid, dark","cham(2), chin(2), croc(2), kreos(3), plat(2), sec(3), ust(1)"
723,1,"LOCHIA, acrid, gushing",plat(2)
723,1,"LOCHIA, acrid, hot",bell(1)
723,1,"LOCHIA, acrid, ichorous","carb-an(2), rhus-t(1), sec(2)"
723,1,"LOCHIA, acrid, intermittent","calc(2), kreos(2), plat(2), rhus-t(1)"
723,1,"LOCHIA, acrid, lumpy","cimic(1), kreos(3)"
723,1,"LOCHIA, acrid, milky","calc(2), puls(2), sep(2)"
723,1,"LOCHIA, acrid, offensive, fetid","acon(1), bapt(2), bell(1), bry(2), carb-ac(1), carb-an(2), carb-v(2), chin(2), crot-h(2), kali-p(3), kreos(3), lach(1), nux-v(1), pyrog(2), rhus-t(2), sec(3), sep(2), sil(1), stram(1), sulph(1)"
723,2,"LOCHIA, acrid, offensive, fetid, cadaveric",stram(1)
723,1,"LOCHIA, acrid, protracted","bapt(1), bell(1), benz-ac(1), calc(2), carb-ac(3), caul(1), chin(2), croc(1), helon(1), hep(1), kreos(2), lil-t(1), nat-m(3), plat(2), rhus-t(2), sec(3), senec(3), sep(1), sulph(1), tril(1), ust(1)"
723,1,"LOCHIA, acrid, red","acon(1), bry(1), calc(1), chin(1), psor(1), sil(2), sulph(1)"
724,1,"LOCHIA, acrid, returning","acon(1), calc(2), erig(1), helon(1), kreos(2), psor(2), puls(2), rhus-t(2), senec(1), sulph(1)"
724,1,"LOCHIA, acrid, scanty","acon(1), bell(2), bry(1), coloc(1), dulc(1), nux-v(2), puls(3), pyrog(1), sec(3), stram(1), sulph(2)"
724,1,"LOCHIA, acrid, suppressed","acon(1), alet(1), aral(1), bell(1), bry(3), camph(2), caul(1), cham(2), chin(2), cimic(2), coloc(1), dulc(2), hyos(2), mill(1), nux-v(2), op(1), plat(1), psor(1), puls(3), pyrog(3), sec(2), stram(2), sulph(3), verat(1), zinc(1)"
724,2,"LOCHIA, acrid, suppressed, anger, from",coloc(1)
724,2,"LOCHIA, acrid, suppressed, cold, from","acon(2), bry(2), cham(1), cimic(2), dulc(2), pyrog(3), sulph(2)"
724,2,"LOCHIA, acrid, suppressed, excitement, by",cimic(1)
724,2,"LOCHIA, acrid, suppressed, fright","acon(1), ign(1), op(1)"
724,2,"LOCHIA, acrid, suppressed, grief",ign(1)
724,2,"LOCHIA, acrid, suppressed, vexation, after","acon(1), coloc(1)"
724,1,"LOCHIA, acrid, thin","bell(1), carb-an(2), cimic(1), lach(1), pyrog(2), rhus-t(2), sec(2), ust(1)"
724,1,"LOCHIA, acrid, white","nat-m(2), puls(2), sep(2), sulph(1)"
724,0,LYING agg. uterine symptoms,ambr(1)
724,0,"MASTURBATION, disposition","ambr(1), anan(1), bufo(1), calad(2), gels(2), grat(2), lach(2), orig(3), plat(2), puls(1), raph(1), tub(2)"
724,0,MENOPAUSE,"agar(2), aloe(1), apis(2), arg-n(2), bar-c(1), bry(1), calc(1), chin(2), cimic(1), cocc(2), coff(1), con(2), croc(2), crot-c(3), crot-h(2), cycl(2), gels(2), glon(1), graph(3), helon(2), hydr(1), ign(1), kali-bi(1), lach(3), mang(3), mosch(1), murx(2), nit-ac(1), phos(2), psor(3), puls(2), sang(1), sel(2), sep(3), sul-ac(2), sulph(3), tab(2), ter(1), ther(1), ust(1), verat(2), xan(1)"
724,0,"MENSES, daytime only","cact(1), caust(2), coff(1), cycl(1), ham(1), puls(3)"
724,1,"MENSES, daytime only, morning","am-m(1), bor(2), bov(2), sulph(1)"
724,2,"MENSES, daytime only, morning, and evening only",phel(2)
724,2,"MENSES, daytime only, morning, less during day",am-m(1)
724,2,"MENSES, daytime only, morning, only","bov(2), carb-an(1), sep(3)"
724,1,"MENSES, daytime only, forenoon only","lycps(1), nat-s(1)"
724,1,"MENSES, daytime only, afternoon","ferr(1), lyc(1)"
724,2,"MENSES, daytime only, afternoon, ceases in",mag-c(2)
724,2,"MENSES, daytime only, afternoon, while walking only",nat-s(1)
724,1,"MENSES, daytime only, evening only",coff(1)
724,2,"MENSES, daytime only, evening only, while lying","bov(1), coc-c(1)"
724,1,"MENSES, daytime only, night, ceases during (See Daytime)",
724,2,"MENSES, daytime only, night, ceases during (See Daytime), only","bor(1), bov(3), coff(1), cycl(1), mag-c(1), nat-m(1)"
724,2,"MENSES, daytime only, night, ceases during (See Daytime), more at","am-c(2), am-m(2), bov(2), coc-c(1), coca(2), glon(1), mag-c(3), mag-m(1), nat-m(2), sulph(1), zinc(2)"
724,2,"MENSES, daytime only, night, ceases during (See Daytime), sleep, only during",mag-c(1)
724,1,"MENSES, daytime only, absent, amenorrhœa","acon(2), aesc(1), agar(1), agn(1), alet(1), am-c(2), am-m(1), ant-c(2), apis(2), apoc(2), arg-n(1), ars(2), ars-i(2), aur(3), bar-c(2), bell(2), benz-ac(1), berb(1), bor(2), bry(2), calc(2), calc-s(1), canth(1), carb-s(3), carb-v(1), card-m(1), caul(2), caust(2), cham(2), chel(1), chin(2), chin-a(1), cic(1), cimic(1), cina(1), cocc(2), colch(1), coll(2), coloc(2), con(3), croc(1), crot-t(1), cupr(2), cycl(2), dig(1), dros(2), dulc(3), eupho(1), ferr(3), ferr-ar(2), ferr-i(3), ferr-p(2), gels(1), goss(2), graph(3), guai(2), ham(2), hell(2), helon(1), hyos(2), ign(2), iod(2), kali-ar(2), kali-c(3), kali-i(1), kali-n(2), kali-p(2), kali-s(1), lach(2), lil-t(1), lob(1), lyc(3), mag-c(2), mag-m(2), merc(2), mill(1), nat-c(1), nat-m(2), nat-p(1), nux-m(2), nux-v(2), ph-ac(1), phos(2), plat(2), podo(1), puls(3), rhus-t(2), sabad(2), sabin(1), sang(1), sec(1), senec(3), sep(3), sil(3), staph(2), stram(1), sulph(3), tub(3), valer(2), verat(1), verat-v(1), xan(1), zinc(2)"
724,2,"MENSES, daytime only, absent, amenorrhœa, molimen only","ant-c(2), con(2), cycl(2)"
724,1,"MENSES, daytime only, acrid, excoriating","all-s(1), am-c(2), ars(1), aur-m(1), bar-c(1), bov(1), canth(1), carb-s(1), carb-v(2), caust(2), cham(1), ferr(1), graph(2), hep(1), kali-ar(2), kali-c(3), kali-n(2), kreos(1), lac-c(2), lach(3), mag-c(1), nat-s(2), petr(1), rhus-t(2), sars(2), sep(1), sil(3), sul-ac(1), sulph(2), zinc(1)"
724,1,"MENSES, daytime only, amelioration of all complaints, during","lach(2), zinc(2)"
724,1,"MENSES, daytime only, anger brings on the flow","cham(1), nat-m(1)"
724,1,"MENSES, daytime only, appear, as if would","act-sp(1), aloe(2), am-m(1), ambr(1), apis(2), aur(1), bry(1), calc-p(2), canth(1), cina(1), cocc(1), croc(2), ferr(1), inul(1), kali-c(1), kreos(1), laur(1), lil-t(1), lyc(1), mag-c(2), mosch(1), mur-ac(1), murx(2), nat-c(2), nat-m(1), onos(2), phos(1), plat(2), puls(2), sang(1), senec(2), sep(2), staph(1), sul-ac(1), til(1), vib(1)"
724,1,"MENSES, daytime only, before the proper age","ambr(1), ant-c(2), bell(1), calc-p(2), canth(1), caust(2), cham(2), chin(1), coc-c(1), cocc(1), ferr(1), hyos(1), ip(1), kali-c(1), lyc(1), merc(1), nit-ac(1), phos(2), puls(2), rhus-t(1), sabin(2), sec(1), sil(2), sulph(1)"
724,1,"MENSES, daytime only, black","am-c(2), am-m(2), ant-c(1), apis(1), arund(1), asar(1), bell(2), calc-p(1), canth(1), carb-an(2), carb-s(1), carb-v(2), chin(2), coc-c(1), cocc(2), croc(2), cycl(3), elaps(2), ferr(2), graph(1), ign(2), kali-n(3), kali-p(1), lach(3), lyc(2), mag-c(2), mag-m(2), nat-h(2), nux-v(2), ol-an(2), plat(2), puls(3), rob(1), sang(2), sec(2), sol-t-ae(1), stram(2), sulph(2), ust(1), xan(1)"
725,2,"MENSES, daytime only, black, pitch-like","bism(1), cact(2), cocc(2), graph(2), kali-n(1), mag-c(2), mag-m(2), nux-v(1), plat(2), sang(1)"
725,1,"MENSES, daytime only, bloody, mucus","alum(1), apis(1), bar-c(1), berb(1), cocc(2), lachn(1), nat-s(1)"
725,1,"MENSES, daytime only, bright-red","acon(1), aloe(1), am-c(1), anan(1), ant-t(1), aran(1), arn(2), ars(1), bar-c(1), bell(3), bov(1), brom(1), bry(1), calc(1), calc-p(2), canth(1), carb-an(1), carb-v(1), caust(2), chin(1), cinnam(2), coloc(1), croc(1), dig(1), dros(1), dulc(3), erig(3), ferr(2), ferr-ar(1), ferr-p(1), form(1), graph(1), ham(2), hyos(3), ip(3), kali-ar(1), kali-c(2), kali-chl(1), kali-n(1), kali-s(1), kreos(1), lac-c(2), laur(1), led(1), lil-t(1), lyc(1), mag-m(1), manc(1), meli(1), mill(3), nat-c(1), nux-m(1), phos(3), plat(1), puls(1), rhus-t(2), sabad(1), sabin(3), sang(2), sec(2), sep(1), sil(1), spig(1), stram(1), stront(1), sulph(1), syph(1), thuj(1), tril(1), ust(2), zinc(1)"
725,2,"MENSES, daytime only, bright-red, mingled with dark clots","bell(3), lyc(2), sabin(2), sec(2)"
725,1,"MENSES, daytime only, brown","berb(1), bry(3), calc(1), carb-v(2), con(2), mag-c(1), nit-ac(2), puls(1), rhus-t(1), sec(2), sep(1), vesp(1)"
725,1,"MENSES, daytime only, changeable in appearance",puls(3)
725,1,"MENSES, daytime only, clotted","alet(1), aloe(1), am-c(2), am-m(2), ant-c(1), apis(2), apoc(1), arg-n(1), arn(2), bell(3), berb(1), bor(1), bov(1), bry(1), bufo(1), calc(3), calc-p(3), canth(1), carb-an(1), caust(2), cham(3), chin(2), cimic(2), coc-c(3), cocc(2), coff(2), con(1), croc(2), cycl(3), ferr(2), fl-ac(1), helon(1), hyos(2), ign(2), ip(3), kali-c(1), kali-chl(1), kali-n(1), kreos(1), lac-c(2), lach(3), laur(2), lyc(2), mag-m(2), med(2), merc(1), murx(3), nat-h(2), nat-m(2), nat-s(1), nit-ac(1), nux-m(1), nux-v(1), ph-ac(1), plat(3), psor(1), puls(3), rhus-t(3), sabin(3), sang(1), sanic(1), sec(2), sep(1), sol-t-ae(1), spig(1), staph(1), stram(2), stront(1), sulph(2), tril(1), tub(2), ust(2), vib(1), xan(1), zinc(2), zing(1)"
725,2,"MENSES, daytime only, clotted, dark","am-c(1), bell(3), bov(1), cham(2), chin(2), cimic(1), coc-c(1), cocc(2), croc(3), cycl(2), ferr(2), ign(1), kali-chl(1), kali-n(1), lyc(2), mag-m(2), plat(2), puls(2), sabin(3), sec(2), ust(2), zing(1)"
725,1,"MENSES, daytime only, copious","acon(2), agar(2), ail(1), alet(1), aloe(1), am-c(2), am-m(2), ambr(2), anan(1), ant-c(1), ant-t(1), apis(2), apoc(3), aran(2), arg-n(1), arn(2), ars(3), ars-i(2), arund(1), aur(1), bapt(1), bar-c(1), bar-m(1), bell(3), bor(2), bov(3), brom(1), bry(2), bufo(1), cact(1), calc(3), calc-p(1), calc-s(1), camph(1), cann-i(2), cann-s(1), canth(2), carb-ac(2), carb-an(2), carb-s(1), carb-v(2), card-m(2), cast(2), caust(2), cench(1), cham(2), chel(2), chin(3), chin-a(2), chin-s(1), cimic(2), cina(2), cinnam(2), clem(1), coc-c(1), cocc(3), coff(2), coll(2), coloc(2), con(2), cop(1), croc(2), crot-h(2), cur(1), cycl(3), dig(2), dulc(1), elaps(1), erig(3), eupi(2), ferr(3), ferr-ar(2), ferr-i(2), ferr-p(1), fl-ac(2), grat(1), guare(1), ham(1), helon(3), hep(2), hura(1), hydr(2), hyos(2), hyper(1), ign(2), iod(2), ip(3), iris(1), kali-ar(1), kali-br(2), kali-c(2), kali-fer(2), kali-i(2), kali-n(2), kali-p(2), kali-s(2), kreos(2), lac-c(2), lach(2), laur(1), led(2), lob(1), lyc(2), lyss(2), mag-c(2), mag-m(2), mag-s(1), med(2), merc(2), merc-c(2), mez(1), mill(3), mosch(1), mur-ac(1), murx(3), nat-a(2), nat-c(1), nat-m(3), nat-p(1), nat-s(1), nit-ac(2), nux-m(3), nux-v(3), onos(1), op(1), ph-ac(1), phos(3), phyt(2), plat(3), plb(1), prun-s(2), puls(2), raph(1), rat(3), rhod(1), rhus-t(3), ruta(2), sabin(3), samb(2), sang(1), sec(3), sel(1), senec(3), sep(2), sil(2), spong(1), stann(2), staph(1), stram(3), sul-ac(2), sulph(2), tarent(2), thuj(2), tril(2), tub(2), urt-u(1), ust(2), verat(2), vib(2), vinc(1), xan(1), zinc(2), zing(1)"
725,2,"MENSES, daytime only, copious, daytime","caust(2), coff(1), cycl(1), ham(1), nat-m(1), puls(1)"
725,2,"MENSES, daytime only, copious, morning","bor(1), bov(2), carb-an(1)"
725,2,"MENSES, daytime only, copious, afternoon, while walking",nat-c(1)
725,2,"MENSES, daytime only, copious, night","am-c(2), am-m(2), bov(1), coca(2), cycl(1), mag-c(3), mag-m(1), zinc(2)"
725,2,"MENSES, daytime only, copious, aged women","lach(1), plat(2)"
725,2,"MENSES, daytime only, copious, cold air agg.",am-c(1)
725,2,"MENSES, daytime only, copious, dancing, from","croc(2), erig(1), sec(1)"
725,2,"MENSES, daytime only, copious, excitement, after",calc(3)
725,2,"MENSES, daytime only, copious, exertion agg.","ambr(3), bov(2), calc(3), calc-p(2), croc(1), erig(3), mill(1), nit-ac(2), rhus-t(1), tril(1)"
725,2,"MENSES, daytime only, copious, faintness, with","acon(1), apis(1), chin(1), cocc(1), helon(1), ip(3), lach(1), sulph(1)"
725,2,"MENSES, daytime only, copious, intemperate women","crot-h(1), lach(1), nux-v(2)"
725,2,"MENSES, daytime only, copious, lean women, in","phos(2), sec(2)"
725,2,"MENSES, daytime only, copious, lying agg.",kreos(2)
725,2,"MENSES, daytime only, copious, mania, with",sep(2)
725,2,"MENSES, daytime only, copious, menopause, during","bov(1), cimic(1), croc(1), helon(1), lach(2), laur(2), nux-v(2), plb(1), sabin(2), sec(1), sep(2), ust(2)"
725,2,"MENSES, daytime only, copious, motion, from","croc(2), erig(3), ferr(2), helon(2), sabin(2), sec(2)"
725,3,"MENSES, daytime only, copious, motion, from, only during",lil-t(1)
726,2,"MENSES, daytime only, copious, nymphomania, with","plat(1), sec(1), stram(1)"
726,2,"MENSES, daytime only, copious, phthisical","calc(2), kali-c(2), phos(2), sang(1), senec(2), stann(2)"
726,2,"MENSES, daytime only, copious, rheumatic constitutions",ars(2)
726,2,"MENSES, daytime only, copious, riding, from",am-c(1)
726,3,"MENSES, daytime only, copious, riding, from, cold air",am-c(2)
726,2,"MENSES, daytime only, copious, scrawny women (See Withered)",
726,2,"MENSES, daytime only, copious, shocks, from",arn(1)
726,2,"MENSES, daytime only, copious, short duration, and","am-c(1), ant-c(1), kali-c(1), lach(2), nat-m(1), phos(1), plat(2), sil(2), thuj(2)"
726,2,"MENSES, daytime only, copious, sitting agg.",mag-m(1)
726,2,"MENSES, daytime only, copious, standing agg.","am-c(1), cocc(3), mag-c(1)"
726,2,"MENSES, daytime only, copious, tall women",phos(2)
726,2,"MENSES, daytime only, copious, thunderstorm, from","nat-c(1), phos(1)"
726,2,"MENSES, daytime only, copious, vexation, after","nux-v(1), rhus-t(1)"
726,2,"MENSES, daytime only, copious, walking agg.","am-c(2), cocc(3), croc(2), erig(1), lil-t(2), mag-c(1), nat-s(1), pall(2), puls(1), sabin(2), ust(1), zinc(1)"
726,3,"MENSES, daytime only, copious, walking agg., amel.","kreos(1), mag-m(1)"
726,2,"MENSES, daytime only, copious, withered women, in","arg-n(1), phos(1), sec(2)"
726,1,"MENSES, daytime only, dark","alet(1), aloe(1), am-c(2), am-m(2), anan(1), ant-c(2), apis(1), arn(1), ars(2), arund(1), asar(2), bell(2), bism(2), bor(1), bov(2), bry(2), cact(2), calc(2), calc-p(3), calc-s(1), canth(1), carb-ac(1), carb-an(2), carb-s(2), carb-v(1), cham(3), chin(2), chin-a(2), cimic(2), coc-c(1), cocc(2), cop(1), croc(3), crot-h(2), cycl(2), elaps(1), ferr(2), ferr-ar(1), ferr-p(1), fl-ac(2), graph(2), ham(3), helon(1), ign(2), kali-n(2), kali-p(2), kreos(2), lach(2), lil-t(2), lyc(1), mag-c(2), mag-m(1), mag-s(1), med(2), merc(1), nat-m(1), nit-ac(2), nux-m(2), nux-v(3), ol-an(1), ph-ac(2), plat(3), puls(3), sabin(2), sang(2), sec(3), sel(1), sep(2), staph(2), stram(2), sul-ac(1), sulph(2), tril(1), ust(3), zing(1)"
726,2,"MENSES, daytime only, dark, watery, then",thuj(1)
726,1,"MENSES, daytime only, delayed in girls, first menses","acon(1), agn(1), alet(1), am-c(1), apis(1), aur(2), bar-c(2), bry(1), calc(2), calc-p(2), calc-s(1), carb-s(2), cast(1), caul(1), caust(3), chel(1), cic(1), cimic(1), cocc(1), con(2), croc(1), cupr(1), dig(1), dros(1), dulc(1), ferr(1), graph(3), guai(1), ham(2), helon(1), hyos(1), kali-c(3), kali-p(2), lach(1), lyc(2), mag-c(2), mag-m(1), mang(2), merc(1), nat-m(3), petr(2), phos(1), puls(3), sabad(1), sabin(2), sars(1), senec(3), sep(2), sil(1), spig(1), staph(1), stram(1), stront(1), sulph(2), tub(2), valer(1), verat(1), zinc(2)"
726,1,"MENSES, daytime only, early, too (See Frequent)",lyss(2)
726,1,"MENSES, daytime only, exertion brings on the flow","bov(2), calc(2), rhus-t(1), tril(1)"
726,1,"MENSES, daytime only, fluid blood containing clots","alet(1), aloe(1), ant-c(1), apoc(1), arn(1), bell(3), bufo(1), caust(1), cham(2), chin(2), ferr(2), ign(1), ip(1), lyc(1), nat-s(1), nux-v(1), plat(1), puls(1), sabin(3), sang(1), sec(3), stram(1), ust(1), vib(1)"
726,1,"MENSES, daytime only, frequent, too early, too soon","agar(2), alet(2), all-s(1), aloe(1), alum(1), am-c(2), am-m(2), ambr(3), anac(2), anan(1), ant-c(1), apis(1), apoc(2), aran(2), arg-n(2), arn(1), ars(3), ars-i(1), arund(1), asaf(1), aur(1), aur-m(1), bapt(1), bar-c(1), bar-m(1), bell(3), benz-ac(1), bor(2), bov(3), brom(1), bry(3), bufo(2), cact(2), calc(3), calc-p(2), calc-s(2), canth(2), carb-an(3), carb-v(3), cast(1), caul(1), caust(2), cham(3), chel(1), chin(2), chin-a(2), chin-s(1), cimic(2), cina(2), cinnam(2), clem(2), coc-c(1), cocc(3), coff(2), colch(2), coloc(2), con(2), cop(2), croc(2), crot-h(1), cub(1), cur(1), cycl(3), daph(1), elaps(1), eupi(1), ferr(3), ferr-ar(1), ferr-i(1), ferr-p(2), fl-ac(2), form(1), gent-c(1), grat(1), helon(2), hipp(1), hura(1), hyper(1), ign(2), ind(1), indg(1), iod(1), ip(3), kali-ar(3), kali-bi(2), kali-c(3), kali-fer(2), kali-i(1), kali-n(1), kali-p(2), kali-s(2), kalm(2), kreos(2), lac-c(3), lach(1), lachn(1), laur(2), led(2), lil-t(1), lob(1), lyc(1), mag-c(2), mag-m(3), mag-s(2), mang(3), merc-c(2), mez(2), mosch(2), mur-ac(2), murx(2), nat-a(1), nat-c(2), nat-h(2), nat-m(3), nat-p(1), nicc(1), nit-ac(2), nux-m(3), nux-v(3), ol-an(1), onos(1), op(1), par(1), petr(2), ph-ac(2), phel(2), phos(3), phyt(1), plat(3), prun-s(1), puls(1), rat(3), rhod(2), rhus-t(3), ruta(2), sabin(3), sang(1), sars(1), sec(1), senec(2), seneg(1), sep(2), sil(2), spong(2), stann(2), staph(2), stram(1), stront(1), sul-ac(2), sulph(2), tarent(1), thuj(2), tril(2), tub(2), ust(2), vac(1), verat(2), xan(2), zinc(2), zing(1)"
726,1,"MENSES, daytime only, green","lac-c(2), manc(1), med(1), sep(2), tub(1)"
726,1,"MENSES, daytime only, grief brings on",ign(2)
726,1,"MENSES, daytime only, hot","arn(1), bell(2), bry(1), lac-c(1), puls(1)"
726,1,"MENSES, daytime only, intermittent","alum(1), apis(1), apoc(1), berb(2), bor(1), calc(1), canth(1), cast(1), caust(2), cham(2), chin(1), cimic(2), clem(1), cocc(1), colch(1), cop(1), cycl(2), eupi(1), ferr(2), ferr-p(1), glon(1), kali-c(1), kali-s(2), kreos(3), lac-c(2), lach(2), lil-t(2), lyc(1), lycps(1), mag-c(1), mag-s(1), merc(1), murx(1), nat-c(1), nat-s(1), nicc(1), nit-ac(2), nux-v(2), phos(2), psor(2), puls(3), rat(1), rhod(1), sabad(1), sabin(1), sec(2), senec(1), sep(2), sil(1), sulph(2), tril(1), ust(1), vesp(1), vib(2)"
726,1,"MENSES, daytime only, irregular","apis(2), apoc(1), aran(1), arg-n(2), art-v(2), aur-m-n(2), benz-ac(2), calc(2), calc-p(1), calc-s(1), carb-ac(2), carb-s(1), caul(2), caust(1), chel(1), cimic(2), cocc(2), con(2), cur(1), cycl(1), dig(2), ferr(1), ferr-p(1), ham(1), hyos(1), ign(2), iod(2), ip(2), iris(2), kali-bi(1), kali-p(1), kreos(2), lac-d(2), lach(2), lil-t(1), lyc(2), mag-c(1), mag-m(1), merc(1), murx(2), nit-ac(2), nux-m(3), nux-v(2), oena(1), op(1), phos(1), plb(1), puls(1), ruta(1), sabad(1), sec(3), senec(2), sep(2), sil(2), staph(2), sulph(2), tub(2), ust(1), verat(1), vesp(1), xan(1)"
727,1,"MENSES, daytime only, lactation, during","bor(1), calc(2), calc-p(2), pall(2), sil(2)"
727,2,"MENSES, daytime only, lactation, during, nursing the child, while","pall(1), sil(2)"
727,1,"MENSES, daytime only, late","acon(2), agn(2), alum(1), am-c(1), apis(2), arg-n(1), aster(1), aur(2), bell(2), benz-ac(1), bov(1), calc-p(2), calc-s(1), canth(1), carb-ac(2), carb-s(3), cast(1), caul(1), caust(3), cham(1), chel(2), chin(1), cic(1), cimic(2), cinnb(1), cocc(2), con(3), crot-h(2), cub(1), cupr(2), cur(1), cycl(2), daph(1), dig(1), dros(2), dulc(3), euphr(1), ferr(2), ferr-i(1), ferr-p(2), gels(1), glon(1), goss(1), graph(3), ham(1), hep(2), hyos(1), hyper(1), ign(2), iod(2), kali-c(3), kali-chl(1), kali-i(2), kali-n(1), kali-p(2), kali-s(2), kalm(1), lac-d(1), lach(2), lec(1), lept(2), lith(1), lyc(3), mag-c(3), mag-m(1), mag-s(1), merc(2), nat-c(1), nat-m(3), nat-p(2), nat-s(2), nicc(1), nit-ac(1), nux-m(3), petr(2), ph-ac(2), phos(2), plat(2), psor(2), puls(3), sabad(1), sabin(2), sars(2), sel(2), senec(2), sep(3), sil(3), staph(2), stront(1), sul-ac(2), sulph(3), tab(1), ter(1), til(1), tub(1), valer(2), verat(1), verat-v(1), xan(1), zinc(2)"
727,2,"MENSES, daytime only, late, first menses (See Delayed)",
727,2,"MENSES, daytime only, late, profuse","carb-ac(2), caust(2), chel(1), cur(1), dulc(1), ferr(1), kali-c(2), kali-i(2), lach(1), nit-ac(1), phos(2), sil(2), staph(1), vib(1)"
727,1,"MENSES, daytime only, lying, cease while","cact(2), caust(2), ham(1), lil-t(3)"
727,2,"MENSES, daytime only, lying, cease while, agg.",puls(1)
727,1,"MENSES, daytime only, membranous","acet-ac(1), apoc(1), bor(3), brom(1), bry(2), bufo(1), calc(2), calc-p(2), canth(2), cham(3), cimic(1), coll(2), cycl(2), guai(1), kali-bi(2), kali-c(1), kali-chl(1), lac-c(3), lach(1), nat-m(1), ph-ac(1), phos(2), phyt(1), rhus-t(2), sabin(1), tub(1), ust(1), vib(1)"
727,1,"MENSES, daytime only, mental excitement agg.","calc(3), tub(1)"
727,1,"MENSES, daytime only, moving about (See Walking)",
727,1,"MENSES, daytime only, new moon",rhus-t(1)
727,1,"MENSES, daytime only, offensive","alum(1), aral(1), ars(1), bell(3), bry(3), calc-p(1), carb-an(2), carb-s(1), carb-v(3), caust(2), cham(2), chin(1), chin-a(1), cimic(1), croc(2), helon(1), ign(2), kali-ar(2), kali-c(2), kali-p(3), kali-s(1), kreos(3), lac-c(1), lach(1), lil-t(2), lyss(1), merc(1), nit-ac(1), nux-v(1), phos(1), plat(2), psor(2), puls(1), rheum(1), sabin(3), sang(2), sec(2), sil(2), spig(1), sulph(1), ust(1), vib(1)"
727,2,"MENSES, daytime only, offensive, acrid","bell(2), carb-v(2)"
727,2,"MENSES, daytime only, offensive, ammonia, like",lac-c(1)
727,2,"MENSES, daytime only, offensive, fish, like spoiled",sol-t-ae(1)
727,2,"MENSES, daytime only, offensive, lochia, like",lil-t(2)
727,2,"MENSES, daytime only, offensive, pungent","kali-c(2), kreos(1)"
727,2,"MENSES, daytime only, offensive, putrid","alum-sil(2), ign(1), kali-ar(1), psor(2), sulph(2)"
727,2,"MENSES, daytime only, offensive, semen, like",sulph(2)
727,2,"MENSES, daytime only, offensive, sour","carb-v(1), cimic(1), sulph(2)"
727,2,"MENSES, daytime only, offensive, strong","carb-v(3), cop(1), sil(2)"
727,1,"MENSES, daytime only, painful, dysmenorrhœa","abrot(1), acon(2), agar(1), alet(1), alum(1), am-c(2), anan(1), ant-c(1), apis(1), arg-n(1), ars(2), ars-i(1), asar(1), bar-c(1), bar-m(1), bell(3), berb(2), bor(2), bov(1), brom(1), bry(1), cact(3), calc(2), calc-p(3), canth(1), carb-an(1), carb-s(1), carb-v(1), caul(2), caust(2), cham(3), chin(1), chin-a(1), cic(2), cimic(3), cinnb(1), cocc(2), coff(2), coll(1), coloc(2), con(2), croc(2), crot-c(1), cupr(1), cycl(2), dios(2), dulc(2), euphr(1), ferr(1), ferr-ar(1), ferr-i(1), ferr-p(1), gels(2), goss(1), graph(2), grat(1), ham(1), helon(2), hyos(1), hyper(1), ign(2), iod(1), ip(1), kali-ar(2), kali-bi(1), kali-c(3), kali-i(2), kali-n(1), kali-p(2), kali-s(2), kalm(1), kreos(1), lac-c(2), lach(2), lap-a(2), laur(1), led(1), lil-t(2), lob(1), lyc(2), mag-c(1), mag-m(1), mag-s(1), mang(1), med(2), meli(2), merc(2), merl(2), mosch(1), mur-ac(1), murx(1), nat-c(2), nat-m(1), nat-p(1), nat-s(1), nicc(1), nit-ac(1), nux-m(1), nux-v(2), ol-an(1), petr(1), ph-ac(1), phos(2), phyt(1), plat(2), plb(1), podo(1), psor(3), puls(2), rhus-t(2), sabin(2), sang(1), sars(1), sec(2), senec(2), sep(2), sil(1), spong(1), stram(1), sul-ac(1), sulph(2), ther(1), thuj(1), tub(2), verat(2), vib(1), xan(2)"
727,2,"MENSES, daytime only, painful, dysmenorrhœa, climaxis near",psor(3)
727,2,"MENSES, daytime only, painful, dysmenorrhœa, feet wet, from getting","acon(1), dulc(1), merc(1), nat-c(1), nat-m(1), phos(2), puls(3), rhus-t(2), sep(1), sil(1)"
727,1,"MENSES, daytime only, pain, flow only in the absence of","cocc(2), mag-c(1), plb(1)"
727,2,"MENSES, daytime only, pain, flow only in the absence of, flow only after the",mag-c(2)
727,1,"MENSES, daytime only, pale","alum(2), alumn(1), am-c(1), ant-t(1), apoc(1), arn(1), ars(1), bell(2), berb(2), bor(1), bov(2), bry(1), calc(2), calc-s(1), canth(1), carb-an(1), carb-v(2), caul(2), chin(1), chin-a(1), dros(1), dulc(2), eupi(1), ferr(3), ferr-ar(2), ferr-p(2), form(1), goss(1), graph(3), hyos(1), ip(1), kali-ar(2), kali-c(1), kali-n(1), kali-p(1), kreos(1), laur(1), led(1), lyc(1), manc(1), mang(2), merc(1), nat-m(3), nat-p(1), phos(2), prun-s(1), puls(2), rhus-t(1), sabad(1), sabin(2), sec(2), sep(2), sil(1), staph(2), stram(1), stront(1), sulph(2), tril(1), vib(1), zinc(1)"
728,1,"MENSES, daytime only, pitch-like","bism(1), cact(2), cocc(2), graph(2), kali-n(1), mag-c(2), mag-m(1), nux-v(1), plat(2), sang(1)"
728,1,"MENSES, daytime only, pregnancy, during","cocc(1), kali-c(1), kreos(1), nux-m(2), phos(1), plat(1), rhus-t(1), sec(1)"
728,1,"MENSES, daytime only, profuse (See Copious)",
728,1,"MENSES, daytime only, protracted","acon(2), agn(1), aloe(2), am-c(1), apoc(1), aran(1), arg-n(2), ars(2), arund(2), asar(2), bar-c(1), bell(1), bor(1), bov(1), bry(2), calc(3), calc-s(1), canth(2), carb-an(3), carb-v(3), caust(1), chel(1), chin(2), chin-a(1), cinnam(1), coc-c(1), coff(2), croc(2), crot-h(2), cupr(3), cur(1), cycl(1), daph(1), dulc(1), erig(2), ferr(3), ferr-ar(2), ferr-p(2), fl-ac(2), grat(1), hyos(1), ign(2), ip(1), kali-ar(2), kali-c(3), kali-chl(1), kali-n(1), kali-p(1), kali-s(1), kreos(2), lach(2), laur(1), led(1), lyc(3), lyss(2), mag-c(1), mag-s(1), merc(2), mez(2), mill(3), murx(1), nat-a(2), nat-c(2), nat-m(3), nat-p(2), nat-s(2), nux-m(2), nux-v(3), onos(1), ph-ac(2), phos(2), plat(3), puls(3), raph(1), rat(3), rhus-t(3), ruta(1), sabin(3), sec(3), senec(3), sep(2), sil(2), stann(1), stram(2), sul-ac(1), sulph(2), tarent(1), thuj(1), tub(2), ust(2), zinc(1)"
728,1,"MENSES, daytime only, return after having ceased, the periods","ambr(1), calc(2), kreos(2), lach(2), mag-c(1), mag-m(1), murx(1), nat-m(1), nux-v(2), puls(1), sep(1), thuj(1), tril(1), ust(1)"
728,2,"MENSES, daytime only, return after having ceased, the periods, excitement, from",calc(2)
728,2,"MENSES, daytime only, return after having ceased, the periods, old woman, in an","calc(2), lach(1), mag-c(1), mag-m(1), plat(2), sep(1), staph(1)"
728,2,"MENSES, daytime only, return after having ceased, the periods, overtaxation",tril(1)
728,1,"MENSES, daytime only, scanty","acon(1), alum(2), alumn(1), am-c(3), anac(1), apis(2), arg-n(2), ars(2), art-v(2), asaf(2), aur(2), bar-c(2), berb(2), bov(2), bufo(2), cact(2), calc(1), calc-ar(2), calc-s(1), cann-i(1), carb-an(2), carb-s(3), carb-v(2), caul(2), caust(2), cic(1), cimic(2), cocc(2), con(3), crot-t(1), cub(1), cupr(1), cur(1), cycl(3), dig(1), dros(1), dulc(3), erig(1), euphr(1), ferr(2), ferr-ar(2), ferr-p(2), form(1), goss(1), graph(3), helon(1), hep(2), ign(2), kali-ar(2), kali-br(1), kali-c(3), kali-p(2), kali-s(2), kalm(1), lac-c(1), lac-d(1), lach(3), lam(1), lil-t(2), lob(1), lyc(2), mag-c(2), mang(3), merc(2), mez(1), naja(1), nat-a(2), nat-c(2), nat-m(3), nat-s(1), nicc(1), nit-ac(2), nux-m(2), nux-v(2), oena(1), ol-an(1), petr(2), phos(3), plb(2), psor(1), puls(3), ruta(1), sabad(2), sang(1), sars(2), seneg(3), sep(3), sil(2), staph(2), stram(1), stront(1), sulph(3), ter(1), thuj(1), ust(1), valer(1), verat(1), verat-v(1), vib(2), xan(2), zinc(2)"
728,2,"MENSES, daytime only, scanty, daytime","bov(2), mag-c(3)"
728,2,"MENSES, daytime only, scanty, morning, flowing only in","carb-an(1), sep(2)"
728,1,"MENSES, daytime only, short duration","alum(2), am-c(3), ars(1), ars-i(1), asaf(2), aur-m(1), bar-c(2), berb(2), bov(1), carb-s(2), clem(1), cocc(2), colch(1), con(2), dulc(2), euphr(1), graph(2), iod(1), kali-c(1), kali-p(1), kreos(2), lach(3), lyc(1), mag-c(1), mag-m(1), mag-s(1), mang(2), merc(2), mosch(1), nat-m(2), nat-s(1), nicc(1), nux-v(2), oena(1), phos(2), plat(2), psor(2), puls(3), rhod(1), ruta(1), sabad(1), sars(1), sep(2), sil(1), stront(1), sulph(3), thuj(2), til(1), vib(1), zinc(1)"
728,2,"MENSES, daytime only, short duration, one day only","alum(2), apis(2), arg-n(2), bar-c(1), lepi(1), nux-v(1), psor(1), pyrog(1), sep(3), thuj(1)"
728,2,"MENSES, daytime only, short duration, one hour only","eupho(1), psor(1)"
728,1,"MENSES, daytime only, sitting, increased, while",cycl(1)
728,1,"MENSES, daytime only, sleep, only during",mag-c(1)
728,2,"MENSES, daytime only, sleep, only during, gushes during",coca(2)
728,1,"MENSES, daytime only, standing, increased, while",am-c(2)
728,1,"MENSES, daytime only, stool, increased during","hep(1), iod(1)"
728,1,"MENSES, daytime only, stringy","canth(1), croc(2), lac-c(2), plat(1), ust(1)"
728,1,"MENSES, daytime only, suppressed","abrot(2), acon(2), aeth(1), agn(2), alet(1), alum(1), am-c(2), anan(1), ant-c(2), apis(2), arg-n(2), arn(1), ars(2), ars-i(1), aur(1), aur-m(2), aur-m-n(1), aur-s(1), bar-c(2), bell(3), berb(1), bor(1), brom(2), bry(2), bufo(1), calc(2), calc-s(1), carb-an(2), carb-s(2), carb-v(1), card-m(1), caul(1), caust(2), cham(2), chel(1), chen-a(2), chin(1), chin-a(1), cimic(2), coc-c(2), cocc(2), colch(2), coloc(1), con(3), croc(2), cupr(2), cycl(3), dig(2), dros(1), dulc(3), ferr(2), ferr-ar(2), ferr-i(3), ferr-p(2), gels(2), glon(1), goss(1), graph(3), guai(1), hell(2), helon(1), hep(1), hyos(2), ign(1), iod(1), kali-ar(2), kali-c(3), kali-i(1), kali-n(2), kali-p(1), kali-s(2), kalm(2), lac-d(1), lach(3), lil-t(1), lob(1), lyc(3), mag-c(1), mag-m(2), mang(1), merc(1), mez(1), mill(1), nat-m(2), nit-ac(2), nux-m(2), nux-v(1), op(1), ox-ac(1), ph-ac(1), phos(2), plat(1), plb(1), podo(1), puls(3), rhod(2), rhus-t(2), ruta(1), sabad(2), sabin(1), sang(1), sars(1), sec(1), senec(3), sep(2), sil(3), spong(1), stann(1), staph(2), stram(2), stront(1), sulph(3), thuj(1), uran(2), ust(2), valer(2), verat(2), verat-v(1), xan(1), zinc(2)"
728,2,"MENSES, daytime only, suppressed, anger, from","cham(1), coloc(2)"
728,2,"MENSES, daytime only, suppressed, bathing, from","aeth(2), ant-c(1)"
728,2,"MENSES, daytime only, suppressed, chagrin, from","acon(1), chin(2), coloc(3), puls(1), staph(2)"
728,2,"MENSES, daytime only, suppressed, chill, from","bell(1), dulc(1), nux-m(1), puls(1), sep(1), sulph(2)"
729,2,"MENSES, daytime only, suppressed, cold, from","aral(1), bry(1), cimic(2), coc-c(2), con(2), dulc(2), nux-m(1), nux-v(1), podo(1), puls(2), senec(1), sep(2), sulph(1)"
729,3,"MENSES, daytime only, suppressed, cold, from, bath, from",acon(2)
729,3,"MENSES, daytime only, suppressed, cold, from, water, putting hands in","con(2), lac-d(2)"
729,2,"MENSES, daytime only, suppressed, dampness, from","dulc(2), rhus-t(2)"
729,2,"MENSES, daytime only, suppressed, dancing, after excessive",cycl(1)
729,2,"MENSES, daytime only, suppressed, emigrants, in",plat(2)
729,2,"MENSES, daytime only, suppressed, emotion, from",cimic(2)
729,2,"MENSES, daytime only, suppressed, exertion, from","cycl(2), nux-m(2)"
729,2,"MENSES, daytime only, suppressed, fright, from","acon(2), bry(1), calc(1), coff(1), gels(1), kali-c(2), lyc(2), nux-v(1), op(2)"
729,2,"MENSES, daytime only, suppressed, grief, from",ign(3)
729,2,"MENSES, daytime only, suppressed, heated, after being","bry(2), cycl(2)"
729,2,"MENSES, daytime only, suppressed, love, from disappointed","hell(1), ign(1), nat-m(1), ph-ac(1)"
729,2,"MENSES, daytime only, suppressed, plethoric women, in","acon(2), arn(1), bell(2), bry(1), calc(1), glon(1), nux-v(1), op(1), plat(1), sulph(1), verat(1)"
729,2,"MENSES, daytime only, suppressed, thunderstorm, from",nat-c(1)
729,2,"MENSES, daytime only, suppressed, water, working in",calc(1)
729,2,"MENSES, daytime only, suppressed, wet, from becoming","acon(1), calc(2), dulc(2), hell(2), nux-v(1), puls(2), rhus-t(2), senec(2)"
729,3,"MENSES, daytime only, suppressed, wet, from becoming, getting feet","acon(2), graph(2), hell(2), nat-m(2), nux-m(1), puls(3), rhus-t(3)"
729,1,"MENSES, daytime only, tenacious","cact(1), croc(3), cupr(2), kali-chl(1), lac-c(1), lach(1), mag-c(2), mag-m(1), mang(1), phos(1), plat(2), puls(2), sec(1)"
729,1,"MENSES, daytime only, thick","arg-n(2), arn(1), bell(2), cact(2), carb-v(2), coc-c(1), cocc(2), croc(1), cupr(1), fl-ac(2), graph(2), kali-n(1), kali-p(2), lil-t(2), mag-c(2), mag-s(1), nit-ac(2), nux-m(2), nux-v(1), plat(2), puls(3), sulph(2), tril(1)"
729,1,"MENSES, daytime only, thin","aeth(1), alum(2), alumn(1), ars(1), bell(2), berb(2), bov(2), dulc(2), erig(2), ferr(3), ferr-p(2), graph(2), kali-p(1), laur(2), mang(1), nat-m(3), phos(2), puls(3), sabin(2), sec(2), stram(1), sul-ac(1), sulph(1), tab(1), ust(2), vib(1)"
729,2,"MENSES, daytime only, thin, clots, with","cham(2), chin(2), ferr(2), sec(2)"
729,1,"MENSES, daytime only, vexation, after","acon(1), coloc(1), puls(1), staph(1)"
729,1,"MENSES, daytime only, vicarious","acon(1), ars(1), bapt(1), bell(1), bry(3), cact(1), calc(2), chin(1), cimic(1), coll(1), crot-h(2), dig(2), dulc(1), ferr(1), ham(2), mill(1), nux-v(1), phos(3), puls(1), sang(2), senec(2), sep(1), sulph(1), ust(1), zinc(1)"
729,1,"MENSES, daytime only, walking, only while","lil-t(2), nat-s(1), sec(1)"
729,2,"MENSES, daytime only, walking, only while, ceases while","coc-c(1), sabin(1), sec(1)"
729,2,"MENSES, daytime only, walking, only while, less while","cycl(1), sabin(1)"
729,1,"MENSES, daytime only, wash off, difficult to","mag-c(2), med(2)"
729,0,METRORRHAGIA,"acet-ac(2), acon(2), agn(2), alet(1), alumn(1), am-br(1), am-m(1), ambr(1), apis(2), apoc(2), aran(1), arg-m(1), arg-n(2), arn(2), ars(2), ars-i(2), asc-t(1), bapt(1), bell(3), both(3), bov(2), bry(2), bufo(1), calc(3), calc-s(1), cann-i(1), canth(2), carb-an(2), carb-s(2), carb-v(2), card-m(2), caul(2), cham(2), chin(3), chin-a(1), chin-s(2), cimic(2), cinnam(2), coc-c(2), coff(2), colch(2), coloc(2), cop(1), croc(3), crot-c(1), crot-h(3), elaps(2), erig(2), ferr(3), ferr-ar(1), ferr-i(2), ferr-m(2), ferr-p(2), fl-ac(1), gels(1), ham(3), helon(2), hep(2), hyos(2), ign(2), iod(2), ip(3), iris(1), kali-br(2), kali-c(2), kali-chl(2), kali-fer(3), kali-p(1), kali-s(1), kreos(2), lac-c(2), lach(3), led(2), lyc(2), lycps(1), mag-c(1), mag-m(1), med(2), merc(2), mill(3), murx(3), nat-a(1), nat-c(2), nat-h(2), nat-m(1), nit-ac(3), nux-m(2), nux-v(3), op(1), phos(3), phyt(2), plat(3), plb(1), prun-s(1), psor(3), puls(3), rat(3), rhus-t(2), ruta(1), sabin(3), sec(3), senec(2), sep(2), sil(2), squil(1), staph(2), stram(2), sulph(2), tarent(2), tril(3), tub(2), urt-u(1), ust(3), verat(1), zinc(1)"
729,1,"METRORRHAGIA, night agg.",mag-m(2)
729,1,"METRORRHAGIA, active","acon(2), apis(1), arn(1), bell(3), calc(1), cham(1), chin(1), cinnam(2), coff(2), croc(3), ferr(1), ham(2), hyos(1), ign(1), ip(3), phos(3), plat(1), sabin(3), sec(3), tril(1), ust(2)"
729,1,"METRORRHAGIA, aged women, in","calc(2), cham(1), hydr(1), ign(2), lach(1), mang(2), merc(2), phos(1), sep(1)"
729,1,"METRORRHAGIA, alternating with mania",crot-c(1)
729,2,"METRORRHAGIA, alternating with mania, with dyspnœa",fl-ac(1)
729,1,"METRORRHAGIA, anger, after","cham(3), staph(1)"
729,1,"METRORRHAGIA, between the menstrual periods","ambr(2), arn(2), bell(2), bov(2), bry(1), calc(3), canth(1), carb-v(1), cham(3), chin(1), cimic(2), cocc(2), coff(1), croc(2), elaps(1), ferr(1), hep(1), ip(3), kali-c(1), lach(1), lyc(1), mag-c(1), mag-s(1), mang(1), merc(1), murx(1), nit-ac(1), nux-v(1), phos(3), puls(1), rhus-t(3), sabin(3), sec(2), sep(2), sil(3), stram(1), sulph(1), zinc(1)"
729,1,"METRORRHAGIA, black","alet(1), am-c(1), arn(1), bell(1), carb-v(2), cham(2), chin(1), coff(1), croc(2), elaps(2), ferr(2), helon(2), ign(1), kreos(2), lyc(1), plat(3), puls(2), sabin(1), sec(2), sul-ac(2), sulph(1)"
729,2,"METRORRHAGIA, black, liquid","am-c(2), crot-h(2), elaps(2), sec(2), sul-ac(2)"
730,1,"METRORRHAGIA, bright red","acon(1), aran(1), arn(2), bell(2), calc(2), cham(1), chin(1), cinnam(2), erig(3), ham(2), hyos(1), ip(3), lac-c(1), led(2), lyc(1), mill(2), phos(3), rhus-t(1), sabin(3), sang(2), sec(1), tril(2), ust(1), vib(1)"
730,2,"METRORRHAGIA, bright red, clots, with","arn(2), bell(3), ip(2), sabin(3), ust(2)"
730,2,"METRORRHAGIA, bright red, fluid","ham(1), ust(1)"
730,1,"METRORRHAGIA, chamomile tea, from","chin(2), ign(1)"
730,1,"METRORRHAGIA, climacteric period","alet(2), aloe(2), arg-m(1), calc(3), carb-v(2), croc(2), ferr(2), kali-c(1), lach(3), lyc(1), med(2), murx(2), nux-v(2), plb(2), psor(2), puls(2), sabin(2), sang(2), sec(2), sep(3), sulph(3), tril(2), ust(2)"
730,1,"METRORRHAGIA, coagulated","alet(2), apoc(2), arg-m(1), arn(2), bell(3), cact(2), cham(3), chin(1), coc-c(1), coff(2), croc(2), cycl(1), elaps(1), ferr(2), helon(1), kreos(1), laur(1), lyc(1), merc(2), murx(2), nux-v(1), plat(2), plb(1), puls(2), rhus-t(2), sabin(2), sang(2), sec(1), stram(1), tril(1), ust(2)"
730,2,"METRORRHAGIA, coagulated, expelled in paroxysms","ferr(2), puls(2), ust(2)"
730,2,"METRORRHAGIA, coagulated, mixed with dark liquid blood","bell(3), elaps(1), sabin(2), sec(2)"
730,3,"METRORRHAGIA, coagulated, mixed with dark liquid blood, pale watery blood",chin(1)
730,1,"METRORRHAGIA, coition, after","arg-n(3), arn(2), ars(2), hydr(2), kreos(3), sep(2), tarent(2)"
730,1,"METRORRHAGIA, comes suddenly and ceases suddenly",bell(2)
730,1,"METRORRHAGIA, concussions","arn(2), cinnam(1), puls(1), rhus-t(2), ruta(1), sec(2), sulph(1)"
730,1,"METRORRHAGIA, continuous","apoc(1), arn(1), carb-v(1), cham(2), erig(2), hyos(2), ip(2), kali-c(1), kreos(2), mill(1), phos(1), sec(2), sulph(1), ust(1)"
730,2,"METRORRHAGIA, continuous, but slow","carb-v(1), ham(1), psor(1), sec(1), sulph(1), ust(1)"
730,1,"METRORRHAGIA, convulsions, with","bell(1), chin(2), hyos(2), sec(3)"
730,1,"METRORRHAGIA, dark blood","bell(2), bry(2), canth(1), cham(2), chin(3), croc(2), crot-h(2), ferr(2), ham(1), helon(1), kreos(2), lyc(1), nux-m(2), plat(2), plb(1), puls(2), sabin(1), sec(2), sep(1), sul-ac(1), sulph(2), tril(1), ust(1)"
730,2,"METRORRHAGIA, dark blood, clots, mixed with","bell(3), cham(2), chin(1), croc(2), ferr(2), kreos(1), lyc(1), puls(2), sabin(2), sec(2), ust(1)"
730,2,"METRORRHAGIA, dark blood, fluid","bry(1), crot-t(1), plat(1), sabin(1), sec(1)"
730,3,"METRORRHAGIA, dark blood, fluid, and thick","nux-m(1), plat(2)"
730,1,"METRORRHAGIA, emotions, excitement, etc.","acon(1), bell(1), bry(1), calc(2), cham(2), cocc(1), croc(1), hyos(1), nat-m(1), phos(1), plat(1), puls(1), sep(1), sil(2), stram(1), sulph(1)"
730,1,"METRORRHAGIA, exertion, after","ambr(3), aur(2), bov(2), calc(3), croc(2), erig(3), mill(1), nit-ac(2), rhus-t(1), tril(2)"
730,1,"METRORRHAGIA, fibroids, from","calc(2), calc-p(1), hydr(2), lyc(1), merc(1), nit-ac(1), phos(3), sabin(2), sil(1), sul-ac(1), sulph(2)"
730,1,"METRORRHAGIA, fluid","apis(1), ars(1), both(2), carb-v(2), chin(1), crot-h(2), elaps(2), erig(2), lach(3), mill(2), nat-m(1), nit-ac(3), phos(3), sec(2), sul-ac(2)"
730,1,"METRORRHAGIA, fright, after","acon(1), bell(1), calc(2), nux-v(1)"
730,1,"METRORRHAGIA, girls, little",cina(2)
730,1,"METRORRHAGIA, gushing","bell(2), cham(2), chin(1), croc(2), ham(2), ip(3), mill(2), phos(3), puls(2), sabin(3), sec(2), tril(1), ust(2)"
730,1,"METRORRHAGIA, hard stool, from passing","ambr(3), lyc(2)"
730,1,"METRORRHAGIA, hot blood","arn(1), bell(3), bry(1), lac-c(2), puls(1)"
730,1,"METRORRHAGIA, injuries (See Concussion)",
730,1,"METRORRHAGIA, intermittent flow","apoc(1), bell(2), cham(2), chin(1), ip(2), kreos(2), nux-v(1), phos(3), psor(2), puls(2), rhus-t(1), sabin(2), sec(1), sulph(1), ust(1)"
730,1,"METRORRHAGIA, iron, after abuse of",puls(1)
730,1,"METRORRHAGIA, labor, during and after","acon(1), alum(1), apis(1), arn(2), bell(2), bry(1), cann-s(1), caul(1), cham(2), chin(2), cinnam(2), croc(2), erig(3), ferr(2), ham(3), hyos(2), ip(3), kali-c(1), kreos(1), lach(1), lyc(1), merc(1), mill(1), nit-ac(1), nux-m(1), nux-v(1), ph-ac(1), phos(2), plat(2), sabin(3), sec(3), senec(1), tril(1), ust(2)"
730,1,"METRORRHAGIA, lying on back agg.",cham(2)
730,1,"METRORRHAGIA, motion agg.","arg-n(1), bell(1), bry(2), cact(1), calc(1), coff(2), croc(2), erig(3), helon(2), ip(3), psor(1), sabin(2), sec(2), sulph(1), tril(1), ust(1)"
730,2,"METRORRHAGIA, motion agg., walking amel.",sabin(2)
730,1,"METRORRHAGIA, nursing the child, when",sil(2)
730,1,"METRORRHAGIA, offensive","bell(2), cham(2), croc(1), crot-h(1), kreos(1), sabin(1), sec(2), ust(1)"
730,2,"METRORRHAGIA, offensive, pungent",kreos(1)
730,2,"METRORRHAGIA, offensive, putrid",cham(1)
730,1,"METRORRHAGIA, painless","bov(1), calc(1), croc(1), ham(2), kali-fer(3), mag-c(1), mill(2), nux-m(1), plat(1), sabin(1), sec(2), ust(1)"
730,1,"METRORRHAGIA, pale","carb-v(1), chin(1), ferr(2), hyos(1), merc(1), mill(1), sabin(1), sec(1), ust(1)"
730,1,"METRORRHAGIA, paroxysms, in","bell(1), cham(2), chin(1), nux-v(1), puls(3), rhus-t(1), sabin(3), ust(1)"
730,1,"METRORRHAGIA, passive","alet(1), carb-v(3), caul(1), chin(2), chin-s(2), cimic(1), croc(1), erig(3), ferr(2), ham(2), helon(2), kali-fer(3), lyc(2), plb(1), sec(2), sul-ac(1), ust(3), vinc(1)"
731,1,"METRORRHAGIA, polypus, from","bell(1), calc(2), con(2), lyc(1), phos(1), thuj(1)"
731,1,"METRORRHAGIA, profuse","acon(1), apis(1), arg-n(1), arn(2), bell(3), bry(1), calc(3), caul(1), cham(2), chin(2), cinnam(1), croc(1), erig(1), ferr(1), glon(1), ham(1), helon(1), hyos(1), ip(3), kali-c(1), kreos(2), lyc(1), mill(1), murx(1), nit-ac(1), nux-v(2), phos(3), puls(1), sabin(2), sec(2), tril(1), vib(1)"
731,1,"METRORRHAGIA, recurrent","arg-n(2), croc(2), kreos(2), nux-v(2), phos(2), psor(1), sulph(2)"
731,1,"METRORRHAGIA, retained placenta, from","bell(2), canth(2), carb-v(2), caul(1), puls(2), sabin(2), sec(1), sep(1)"
731,1,"METRORRHAGIA, scrawny women, in",sec(2)
731,1,"METRORRHAGIA, stool, after every","am-m(1), ambr(3), ind(1), lyc(2)"
731,1,"METRORRHAGIA, stringy blood","arg-n(1), croc(3), lac-c(1), ust(3)"
731,1,"METRORRHAGIA, subinvolution","lil-t(1), psor(1), sec(1), sulph(1), ust(1)"
731,1,"METRORRHAGIA, sudden","ars(2), bell(3), cinnam(1), ip(2), sec(1)"
731,1,"METRORRHAGIA, tall women",phos(2)
731,1,"METRORRHAGIA, thick blood","carb-v(1), nux-m(2), plat(1), puls(1), sulph(1), tril(1)"
731,1,"METRORRHAGIA, thin, fluid blood","apoc(1), bry(1), carb-v(2), chin(1), crot-h(2), elaps(2), erig(2), ferr(1), kreos(1), lach(3), laur(1), lyc(1), phos(2), plat(1), puls(1), sabin(3), sec(2), sul-ac(2), ust(2)"
731,2,"METRORRHAGIA, thin, fluid blood, mixed with clots","chin(2), elaps(2), ferr(2), kreos(1), sabin(2), sec(2)"
731,3,"METRORRHAGIA, thin, fluid blood, mixed with clots, foul smelling","kreos(1), sec(2)"
731,1,"METRORRHAGIA, vexation, after","ip(2), kali-c(1)"
731,1,"METRORRHAGIA, walking amel.",sabin(2)
731,1,"METRORRHAGIA, warm bath, after",thuj(1)
731,1,"METRORRHAGIA, watery","ant-t(1), berb(1), dulc(1), laur(1), phos(1), puls(1)"
731,1,"METRORRHAGIA, weakly women","ferr(1), psor(1), sulph(1)"
731,0,MOISTURE,petr(2)
731,1,"MOISTURE, sensation of",eup-pur(1)
731,0,MOLES,"chin(1), kali-c(2), merc(1), nat-c(2), puls(2), sil(2), sulph(1)"
731,0,"MOVEMENTS like a fœtus (See Abdomen, Movements)",
731,0,NODULES,"calc(1), lac-c(2), merc(1), phos(1)"
731,1,"NODULES, Vagina, in",agar(2)
731,0,NUMBNESS,"eup-per(1), mosch(1), plat(2)"
731,1,"NUMBNESS, washing in cold water, after",eupi(1)
731,1,"NUMBNESS, Ovaries","apis(1), podo(2)"
731,2,"NUMBNESS, Ovaries, beginning in right, extends to hip and ribs and over thigh, lying on it amel.",apis(1)
731,2,"NUMBNESS, Ovaries, painful, extending to limb",podo(1)
731,0,NYMPHOMANIA (See Mind),
731,0,"OPEN, uterus feels",lach(1)
731,1,"OPEN, uterus feels, opens and shuts, as if",nat-h(1)
731,0,PAIN,"aloe(1), apis(1), asaf(1), aur(1), bar-c(1), berb(1), brom(1), calc-p(2), carb-an(2), caust(1), coc-c(1), con(2), eupi(1), graph(2), kali-c(2), kreos(1), lac-c(2), lil-t(1), lyc(2), merc-c(2), phos(2), plat(1), sec(1), sep(1), staph(2), thuj(1), urt-u(2), zinc(2)"
731,1,"PAIN, night in bed",coc-c(1)
731,1,"PAIN, menses, before","chin(1), croc(2), lyc(1), plat(1), sulph(1)"
731,1,"PAIN, motion, on",berb(1)
731,1,"PAIN, paroxysmal",staph(2)
731,1,"PAIN, pulsating",calc-p(1)
731,1,"PAIN, rising from a seat, on",thuj(1)
731,1,"PAIN, sitting, while","lac-c(2), thuj(1)"
731,1,"PAIN, sitting up in bed amel.",coc-c(1)
731,1,"PAIN, spasmodic","ign(1), kreos(1), nux-v(1), thuj(1)"
731,1,"PAIN, Ovaries","acon(1), aesc(1), am-m(1), anan(1), apis(3), arg-m(2), arg-n(2), arn(1), ars(1), ars-i(1), atro(2), aur(1), bell(3), brom(1), bry(2), bufo(2), cact(2), calc(1), canth(2), carb-ac(1), cench(2), cham(1), cimic(1), cocc(1), coll(1), coloc(3), con(1), cop(1), crot-h(1), gels(1), graph(1), guai(1), ham(2), helon(2), hydrc(1), ign(2), iod(2), kali-br(2), kali-p(1), kreos(1), lac-c(2), lac-d(1), lach(3), lact-ac(1), lil-t(2), lyc(3), lyss(1), mag-p(3), med(1), merc(2), murx(1), naja(2), onos(1), pall(2), phos(2), phyt(2), plat(2), plb(1), podo(3), puls(2), ran-b(2), rhod(2), sabad(1), sars(1), sec(1), senec(1), sep(2), stann(1), staph(2), sulph(1), syph(1), tarent(1), ter(1), ther(1), thuj(1), urt-u(1), ust(2), vesp(1), vib(1), wye(1), xan(2), zinc(1)"
731,2,"PAIN, Ovaries, right","apis(2), arg-n(2), ars(1), ars-i(1), bell(3), bry(2), calc(1), cub(1), graph(1), iod(2), lil-t(1), lyc(3), pall(2), podo(3), sars(1), syph(1)"
731,3,"PAIN, Ovaries, right, lying on right side amel.",apis(2)
731,3,"PAIN, Ovaries, right, to left","graph(1), lyc(3), xan(1)"
731,3,"PAIN, Ovaries, right, to uterus","iod(1), podo(1)"
732,2,"PAIN, Ovaries, left","abrot(1), aesc(2), arg-m(3), brom(2), carb-ac(2), cimic(1), coloc(1), graph(1), ham(2), kali-br(1), kali-p(2), lac-c(2), lach(3), lil-t(2), lyss(1), med(1), merc(2), naja(2), phos(2), plat(2), tarent(2), ther(2), thuj(2), ust(3), vesp(1), wye(1), zinc(2)"
732,3,"PAIN, Ovaries, left, lying on left side agg.",thuj(1)
732,4,"PAIN, Ovaries, left, lying on left side agg., amel.",kali-p(1)
732,4,"PAIN, Ovaries, left, lying on left side agg., back amel.",kali-p(1)
732,2,"PAIN, Ovaries, extending to abdomen","ham(1), lil-t(1)"
732,3,"PAIN, Ovaries, extending to abdomen, to heart",tarent(1)
732,3,"PAIN, Ovaries, extending to abdomen, right","apis(1), lac-c(1), lach(3), lil-t(1), naja(1), syph(1), ust(1)"
732,3,"PAIN, Ovaries, extending to abdomen, small of back","aesc(2), merc(1), plat(1), podo(1), syph(1)"
732,3,"PAIN, Ovaries, extending to abdomen, uterus","naja(1), ust(1)"
732,2,"PAIN, Ovaries, night","kali-p(1), merc(2), podo(1), syph(2)"
732,2,"PAIN, Ovaries, alternating sides",lac-c(3)
732,3,"PAIN, Ovaries, alternating sides, pain in eye, with",sulph(1)
732,2,"PAIN, Ovaries, animated conversation",pall(3)
732,2,"PAIN, Ovaries, bending backward amel.",lac-c(2)
732,3,"PAIN, Ovaries, bending backward amel., double amel.","coloc(2), kali-p(1)"
732,2,"PAIN, Ovaries, breathing agg.","bry(1), lac-c(2)"
732,2,"PAIN, Ovaries, changes in the weather, from","ran-b(2), rhod(2), rhus-t(2), thuj(1)"
732,2,"PAIN, Ovaries, chronic gonorrhœa, with",plat(2)
732,2,"PAIN, Ovaries, coition, after","apis(2), lac-c(1), plat(2), staph(2), thuj(1)"
732,2,"PAIN, Ovaries, company amel.",pall(2)
732,2,"PAIN, Ovaries, continence, from","apis(2), kali-br(1)"
732,2,"PAIN, Ovaries, eating amel.",iod(1)
732,2,"PAIN, Ovaries, extending limbs amel.",plb(2)
732,2,"PAIN, Ovaries, flexing thigh amel.","coloc(2), pall(2)"
732,2,"PAIN, Ovaries, hæmorrhagic subjects, in",crot-h(1)
732,2,"PAIN, Ovaries, intermittent","bell(1), cham(1), lac-c(1), lach(1), thuj(1)"
732,2,"PAIN, Ovaries, jarring agg.","arg-n(1), bell(2), lil-t(1), pall(1)"
732,2,"PAIN, Ovaries, labor, after",lach(3)
732,2,"PAIN, Ovaries, lifting, from",rhus-t(1)
732,2,"PAIN, Ovaries, lying amel.","pall(1), thuj(1)"
732,3,"PAIN, Ovaries, lying amel., on back amel.","kali-p(1), rhus-t(1)"
732,3,"PAIN, Ovaries, lying amel., on back on a hard board or floor amel.",rhus-t(1)
732,3,"PAIN, Ovaries, lying amel., on painful side amel.",bry(2)
732,3,"PAIN, Ovaries, lying amel., on right side amel.",apis(1)
732,3,"PAIN, Ovaries, lying amel., on left side amel.",pall(2)
732,2,"PAIN, Ovaries, menses, before","apis(2), bell(2), cench(2), coloc(2), graph(1), lac-c(1), lach(3), podo(1), thuj(1), ust(1), vib(1), zinc(2)"
732,3,"PAIN, Ovaries, menses, before, during","apis(2), arg-m(1), bell(2), bry(1), cench(1), cocc(1), con(1), gels(1), iod(1), kali-p(1), lac-c(1), lach(3), lil-t(1), lyc(1), pall(2), phos(2), plat(2), podo(1), ther(1), thuj(2), ust(1), xan(1)"
732,4,"PAIN, Ovaries, menses, before, during, amel.","lac-c(2), lach(2), mosch(1), ust(1), zinc(2)"
732,3,"PAIN, Ovaries, menses, before, after","lach(3), pall(2)"
732,2,"PAIN, Ovaries, mental exertion",calc(1)
732,2,"PAIN, Ovaries, motion agg.","ars(2), bell(3), bry(3), cench(2), lac-c(2), pall(2), ther(1)"
732,3,"PAIN, Ovaries, motion agg., amel.",iod(1)
732,2,"PAIN, Ovaries, moving feet amel.",ars(2)
732,2,"PAIN, Ovaries, music and excitement",pall(1)
732,2,"PAIN, Ovaries, paroxysmal",ham(2)
732,2,"PAIN, Ovaries, pregnancy, during","kali-p(1), podo(1), xan(1)"
732,2,"PAIN, Ovaries, pressure amel.","pall(1), podo(1), zinc(1)"
732,2,"PAIN, Ovaries, pulsating","cop(1), onos(1)"
732,2,"PAIN, Ovaries, raising arms","apis(2), sulph(1)"
732,3,"PAIN, Ovaries, raising arms, the leg",lyc(1)
732,2,"PAIN, Ovaries, riding agg.",thuj(1)
732,2,"PAIN, Ovaries, rubbing amel.",pall(1)
732,2,"PAIN, Ovaries, sexual desire, during",kali-br(2)
732,2,"PAIN, Ovaries, sitting bent agg.",ars(2)
732,2,"PAIN, Ovaries, sleep, on going to",kali-p(1)
732,2,"PAIN, Ovaries, society, from",pall(3)
732,2,"PAIN, Ovaries, standing, on","apis(1), pall(1)"
732,2,"PAIN, Ovaries, stepping agg.","arg-n(1), bell(2), lil-t(1), pall(1)"
732,2,"PAIN, Ovaries, stooping",apis(1)
732,2,"PAIN, Ovaries, storm, before","rhod(2), rhus-t(1)"
732,2,"PAIN, Ovaries, stretching in bed",apis(1)
732,2,"PAIN, Ovaries, touch",bry(1)
732,2,"PAIN, Ovaries, turning in bed",lyc(1)
732,2,"PAIN, Ovaries, urination, during",thuj(1)
732,2,"PAIN, Ovaries, urging to urinate, when",thuj(2)
733,2,"PAIN, Ovaries, walking","apis(2), arg-n(1), bry(2), lil-t(1), med(1), pall(1), podo(1), thuj(1)"
733,3,"PAIN, Ovaries, walking, open air, in the, while",carb-ac(2)
733,3,"PAIN, Ovaries, walking, rapidly",lact-ac(1)
733,2,"PAIN, Ovaries, warm bed agg.","apis(2), merc(2)"
733,2,"PAIN, Ovaries, extending to abdomen","con(1), ham(1)"
733,3,"PAIN, Ovaries, extending to abdomen, back","abrot(1), aesc(1), merc(1), plat(1), podo(1), sulph(2), syph(1), xan(1)"
733,4,"PAIN, Ovaries, extending to abdomen, back, up the",arg-m(1)
733,3,"PAIN, Ovaries, extending to abdomen, backward","con(1), sep(1)"
733,3,"PAIN, Ovaries, extending to abdomen, chest","apis(1), lach(1)"
733,4,"PAIN, Ovaries, extending to abdomen, chest, left",apis(1)
733,3,"PAIN, Ovaries, extending to abdomen, crural region, down","podo(1), staph(1), xan(1)"
733,3,"PAIN, Ovaries, extending to abdomen, diagonally upward","apis(1), med(1), murx(2)"
733,3,"PAIN, Ovaries, extending to abdomen, downwards",med(1)
733,4,"PAIN, Ovaries, extending to abdomen, downwards, and forwards",arg-m(1)
733,3,"PAIN, Ovaries, extending to abdomen, genitals, to",lach(1)
733,3,"PAIN, Ovaries, extending to abdomen, groin","am-c(1), bufo(2), cub(2), lil-t(1), ust(1)"
733,4,"PAIN, Ovaries, extending to abdomen, groin, left","lil-t(1), ust(1)"
733,4,"PAIN, Ovaries, extending to abdomen, groin, hypogastrium and",xan(1)
733,4,"PAIN, Ovaries, extending to abdomen, groin, through toward left leg",plat(1)
733,3,"PAIN, Ovaries, extending to abdomen, hips","apis(1), berb(1), brom(1), con(1), lil-t(1), merc(1), ust(1), xan(1)"
733,3,"PAIN, Ovaries, extending to abdomen, knee","lac-c(1), wye(1)"
733,3,"PAIN, Ovaries, extending to abdomen, limbs, down","apis(2), calc(2), ferr-i(1), goss(1), lac-c(1), lil-t(2), pall(2), podo(1), thuj(2), ust(1), xan(1)"
733,4,"PAIN, Ovaries, extending to abdomen, limbs, down, right","apis(1), podo(1)"
733,4,"PAIN, Ovaries, extending to abdomen, limbs, down, left","apis(1), cham(1), lil-t(1), phos(1), thuj(1), ust(1)"
733,3,"PAIN, Ovaries, extending to abdomen, liver, to",lach(1)
733,3,"PAIN, Ovaries, extending to abdomen, loins",staph(1)
733,3,"PAIN, Ovaries, extending to abdomen, one to the other","lac-c(3), onos(1)"
733,3,"PAIN, Ovaries, extending to abdomen, outward",sep(1)
733,3,"PAIN, Ovaries, extending to abdomen, sacrum, to",arg-n(1)
733,3,"PAIN, Ovaries, extending to abdomen, shoulder blade",bor(1)
733,3,"PAIN, Ovaries, extending to abdomen, stomach",coloc(1)
733,3,"PAIN, Ovaries, extending to abdomen, thighs","apis(2), arg-m(1), arg-n(2), ars(2), berb(1), bry(2), cact(2), calc(2), carb-an(1), cham(1), lac-c(2), lil-t(2), nat-m(1), pall(1), phos(2), podo(2), staph(1), thuj(2), ust(1), wye(1), xan(1)"
733,4,"PAIN, Ovaries, extending to abdomen, thighs, anterior surface","lil-t(1), xan(1)"
733,4,"PAIN, Ovaries, extending to abdomen, thighs, hip, over, region of",xan(1)
733,4,"PAIN, Ovaries, extending to abdomen, thighs, inner surface","arg-n(1), ars(1), lil-t(2), phos(2)"
733,5,"PAIN, Ovaries, extending to abdomen, thighs, inner surface, and down knee",podo(1)
733,4,"PAIN, Ovaries, extending to abdomen, thighs, outer surface",lil-t(1)
733,3,"PAIN, Ovaries, extending to abdomen, upward","cimic(1), con(1), lach(1), lil-t(1)"
733,3,"PAIN, Ovaries, extending to abdomen, uterus, to","ham(1), iod(2), lach(1), sep(1), ust(1)"
733,3,"PAIN, Ovaries, extending to abdomen, vagina",sep(1)
733,1,"PAIN, Uterus (See Abdomen, Pain)","absin(1), acon(2), all-c(1), anan(1), ant-c(1), arn(1), ars(1), aster(1), aur(2), bar-m(1), bell(3), bry(2), bufo(1), cact(1), calad(1), calc(2), calc-p(2), calc-s(1), carb-an(1), carb-s(1), caul(2), caust(2), cham(2), chin(1), cimic(2), cinnam(1), cocc(2), coff(2), con(2), croc(1), crot-c(1), cur(1), ferr(2), ferr-ar(1), ferr-p(1), fl-ac(1), gels(2), graph(1), hyos(1), ign(1), iris(1), kali-ar(1), kali-c(2), kali-p(1), kreos(1), lac-c(2), lach(3), lil-t(2), lyc(2), lyss(1), mag-m(1), merc(1), merc-c(1), mosch(1), murx(2), nat-a(1), nat-c(2), nat-m(2), nux-v(3), onos(1), op(1), plat(2), podo(3), puls(3), rhus-t(2), rob(1), sabin(2), sec(2), sep(2), sulph(1), tarent(1), ter(2), ust(1), verat-v(1)"
733,2,"PAIN, Uterus (See Abdomen, Pain), morning","bufo(1), calc-p(2), puls(1)"
733,2,"PAIN, Uterus (See Abdomen, Pain), evening","cact(1), pall(1)"
733,2,"PAIN, Uterus (See Abdomen, Pain), night",kali-p(1)
733,3,"PAIN, Uterus (See Abdomen, Pain), night, 11 p.m.",cact(2)
733,3,"PAIN, Uterus (See Abdomen, Pain), night, menses before",calc(2)
733,3,"PAIN, Uterus (See Abdomen, Pain), night, midnight, after",calad(2)
733,2,"PAIN, Uterus (See Abdomen, Pain), alternating with pain in heart",lil-t(2)
733,2,"PAIN, Uterus (See Abdomen, Pain), anger, after",cham(3)
733,2,"PAIN, Uterus (See Abdomen, Pain), bath, after a",crot-c(1)
733,2,"PAIN, Uterus (See Abdomen, Pain), bending double amel.","acon(2), cimic(2), coloc(2), nux-v(2)"
733,2,"PAIN, Uterus (See Abdomen, Pain), coition, during","ferr-p(2), hep(2), merc-c(1)"
733,3,"PAIN, Uterus (See Abdomen, Pain), coition, during, after",plat(2)
733,2,"PAIN, Uterus (See Abdomen, Pain), cold damp weather",calc-p(2)
733,2,"PAIN, Uterus (See Abdomen, Pain), eating, after",caust(2)
733,2,"PAIN, Uterus (See Abdomen, Pain), exertion, after",pall(1)
733,2,"PAIN, Uterus (See Abdomen, Pain), flow of blood amel.","arg-n(1), bell(1), kali-c(1), lach(3), mosch(1), sep(1), sulph(1), ust(1), vib(2)"
733,2,"PAIN, Uterus (See Abdomen, Pain), gradually, comes and goes","plat(2), stann(1)"
733,2,"PAIN, Uterus (See Abdomen, Pain), jar agg.","bell(3), lach(2), lil-t(2)"
734,2,"PAIN, Uterus (See Abdomen, Pain), lying down, on","ambr(2), ferr(2)"
734,3,"PAIN, Uterus (See Abdomen, Pain), lying down, on, on right side amel.",sep(1)
734,3,"PAIN, Uterus (See Abdomen, Pain), lying down, on, on back amel.",onos(2)
734,2,"PAIN, Uterus (See Abdomen, Pain), maddening","acon(1), bell(2), cact(2), cimic(1), plat(2)"
734,2,"PAIN, Uterus (See Abdomen, Pain), menses, before","alum(1), arund(2), bell(2), bry(1), bufo(1), calc(3), calc-p(3), caul(3), caust(2), cham(2), coloc(1), kali-c(3), lach(2), lyc(2), mag-p(2), mosch(1), nat-m(1), nux-v(2), phos(2), puls(3), sec(1), sep(3), sil(2), ust(1), vib(2), zinc(3)"
734,3,"PAIN, Uterus (See Abdomen, Pain), menses, before, at beginning","calc(2), calc-p(2), caust(2), graph(1), kali-c(2), lach(2), lap-a(3), lyc(1), vib(2)"
734,3,"PAIN, Uterus (See Abdomen, Pain), menses, before, during","acon(2), agar(2), agn(1), alum(1), am-c(2), ars-m(1), bell(3), cact(3), calc(3), calc-p(2), calc-s(1), caul(1), cham(2), cimic(2), cocc(2), gels(2), ham(2), ign(2), kali-c(2), kali-s(1), kreos(2), lac-c(2), lach(2), lil-t(2), lyc(2), mag-m(2), nux-v(3), phyt(2), plat(2), puls(3), sars(1), sep(1), stann(2), sulph(2), tarent(2), tub(2), ust(2), xan(1)"
734,4,"PAIN, Uterus (See Abdomen, Pain), menses, before, during, amel.","bell(1), lach(2), mosch(1), sep(1), sulph(1), zinc(2)"
734,4,"PAIN, Uterus (See Abdomen, Pain), menses, before, during, cry out, compels her to","acon(2), cact(2), cham(2), coloc(2), mag-m(2), nux-m(1), nux-v(2), puls(3), senec(1), xan(1)"
734,3,"PAIN, Uterus (See Abdomen, Pain), menses, before, suppressed","cocc(2), kali-c(2), puls(3)"
734,2,"PAIN, Uterus (See Abdomen, Pain), mortification, from",cocc(2)
734,2,"PAIN, Uterus (See Abdomen, Pain), motion agg.","bell(3), bry(3), cimic(2), cocc(3), con(1), lil-t(1)"
734,2,"PAIN, Uterus (See Abdomen, Pain), nurses, while child","arn(2), cham(2), puls(1), sil(3)"
734,2,"PAIN, Uterus (See Abdomen, Pain), paroxysmal","asaf(1), bell(3), caul(2), caust(1), cham(3), cimic(2), coloc(1), con(1), ign(1), lac-c(1), mag-m(1), nux-m(1), nux-v(2), plat(3), puls(3), sabin(3), sec(2), sep(1), sulph(1), vib(2)"
734,2,"PAIN, Uterus (See Abdomen, Pain), periodically, same time each day",cact(1)
734,2,"PAIN, Uterus (See Abdomen, Pain), pregnancy, during","bry(1), kali-p(1), lyss(1), plat(1)"
734,2,"PAIN, Uterus (See Abdomen, Pain), pressure amel.","ign(1), lil-t(1), mag-p(2), sep(1)"
734,2,"PAIN, Uterus (See Abdomen, Pain), pressure on back amel.",mag-m(2)
734,2,"PAIN, Uterus (See Abdomen, Pain), pulsating","ars(1), bell(2), cact(2), cur(1), hep(2), murx(1), sep(2)"
734,2,"PAIN, Uterus (See Abdomen, Pain), reaching up with arms",graph(2)
734,2,"PAIN, Uterus (See Abdomen, Pain), rheumatic",bry(2)
734,2,"PAIN, Uterus (See Abdomen, Pain), sitting long",bufo(2)
734,2,"PAIN, Uterus (See Abdomen, Pain), stool, during","calc-p(1), carb-v(1)"
734,3,"PAIN, Uterus (See Abdomen, Pain), stool, during, after",lyc(1)
734,2,"PAIN, Uterus (See Abdomen, Pain), suddenly, comes and goes","bell(3), vib(1)"
734,2,"PAIN, Uterus (See Abdomen, Pain), touch of clothing",lil-t(1)
734,2,"PAIN, Uterus (See Abdomen, Pain), urging to urinate","con(1), tarent(1)"
734,2,"PAIN, Uterus (See Abdomen, Pain), walking agg.","bell(3), bry(3), bufo(1), med(1)"
734,2,"PAIN, Uterus (See Abdomen, Pain), wandering","arn(1), bell(1), lach(1), nux-m(1), puls(3), rhus-t(1), sulph(1)"
734,2,"PAIN, Uterus (See Abdomen, Pain), warmth amel. (See Abdomen)",
734,2,"PAIN, Uterus (See Abdomen, Pain), extending to back","bell(2), gels(2), graph(1)"
734,3,"PAIN, Uterus (See Abdomen, Pain), extending to back, back to groin",sabin(3)
734,3,"PAIN, Uterus (See Abdomen, Pain), extending to back, breasts","lyss(1), murx(1)"
734,4,"PAIN, Uterus (See Abdomen, Pain), extending to back, breasts, and right side of abdomen",lyss(1)
734,4,"PAIN, Uterus (See Abdomen, Pain), extending to back, breasts, left",murx(1)
734,3,"PAIN, Uterus (See Abdomen, Pain), extending to back, chest","lach(2), murx(2)"
734,3,"PAIN, Uterus (See Abdomen, Pain), extending to back, coccyx and toes",sec(1)
734,3,"PAIN, Uterus (See Abdomen, Pain), extending to back, diagonally upwards",murx(2)
734,3,"PAIN, Uterus (See Abdomen, Pain), extending to back, downward","aesc(1), apis(2), ars(1), cact(2), calc(1), calc-p(1), con(1), graph(2), ham(1), ip(1), kali-i(1), kreos(2), lac-c(1), mag-m(1), nat-m(1), nit-ac(1), nux-v(1), sec(1), sep(2), ust(1)"
734,3,"PAIN, Uterus (See Abdomen, Pain), extending to back, down the thighs","apis(1), ars(1), bufo(1), cact(1), calc(2), con(1), graph(1), ham(1), kali-c(2), kali-i(1), kreos(1), lac-c(2), mag-m(1), nat-m(1), nit-ac(1), nux-v(1), ust(1)"
734,4,"PAIN, Uterus (See Abdomen, Pain), extending to back, down the thighs, reading or writing, from",nat-m(1)
734,3,"PAIN, Uterus (See Abdomen, Pain), extending to back, labia, into",lyss(1)
734,3,"PAIN, Uterus (See Abdomen, Pain), extending to back, sacrum",calc-p(1)
734,3,"PAIN, Uterus (See Abdomen, Pain), extending to back, stomach","cact(1), elaps(1), ran-b(1), raph(1)"
734,3,"PAIN, Uterus (See Abdomen, Pain), extending to back, umbilicus, to",sep(1)
734,3,"PAIN, Uterus (See Abdomen, Pain), extending to back, upward","lach(3), lyc(1), lyss(1), murx(2), phos(1), sep(2)"
734,4,"PAIN, Uterus (See Abdomen, Pain), extending to back, upward, to right side of abdomen",lyss(1)
734,1,"PAIN, Vagina","bell(1), berb(1), calc(2), calc-p(2), canth(1), card-m(1), cham(1), chin(1), ferr(1), graph(2), ham(1), kali-c(2), kreos(2), lil-t(1), lyc(2), merc(1), nux-v(1), puls(1), rhus-t(1), sep(2), staph(2), sulph(1), thuj(1)"
734,2,"PAIN, Vagina, centres in, from other parts",calc-p(2)
734,2,"PAIN, Vagina, coition, during","alumn(1), arg-n(3), bell(1), berb(2), calc-p(2), coff(1), ferr(2), ferr-m(2), ferr-p(2), ham(1), hep(2), hydr(1), ign(1), kali-bi(2), kali-c(2), kreos(2), lyss(3), nat-m(3), plat(2), rhus-t(2), sabin(1), sep(3), sil(1), staph(2), sulph(2), thuj(2)"
735,2,"PAIN, Vagina, epistaxis, after",calc-p(1)
735,2,"PAIN, Vagina, menses, before","berb(1), elaps(1)"
735,3,"PAIN, Vagina, menses, before, during","ars-m(2), calc(1)"
735,2,"PAIN, Vagina, paroxysmal",staph(2)
735,2,"PAIN, Vagina, pulsating",alum(1)
735,2,"PAIN, Vagina, extending to chest",alum(1)
735,3,"PAIN, Vagina, extending to chest, meatus",berb(1)
735,3,"PAIN, Vagina, extending to chest, upward","lyss(1), nit-ac(1), sep(1)"
735,1,"PAIN, aching","calc-p(1), lil-t(2)"
735,2,"PAIN, aching, Ovaries","apis(1), brom(1), con(1), iod(1), kreos(2), lact-ac(1), lil-t(1), med(1), onos(1), pic-ac(1), podo(1), sep(1), sulph(1), syph(1)"
735,3,"PAIN, aching, Ovaries, right","lact-ac(2), pall(2)"
735,3,"PAIN, aching, Ovaries, left","brom(1), med(1), pic-ac(1), podo(1), syph(1)"
735,3,"PAIN, aching, Ovaries, walking rapidly","apis(1), lact-ac(1)"
735,2,"PAIN, aching, Uterus","calc-p(2), con(2), merc(1), sep(1), ust(1)"
735,3,"PAIN, aching, Uterus, morning",calc-p(2)
735,3,"PAIN, aching, Uterus, coition, during",merc-c(1)
735,2,"PAIN, aching, Vagina","calc(3), calc-p(1), elaps(1)"
735,3,"PAIN, aching, Vagina, epistaxis, after",calc-p(1)
735,3,"PAIN, aching, Vagina, menses, before",elaps(1)
735,4,"PAIN, aching, Vagina, menses, before, during",calc(1)
735,1,"PAIN, after-pains","acon(1), arn(3), asaf(1), aur(1), bell(2), bor(1), bry(2), calc(2), carb-an(1), carb-v(1), cham(3), chin(1), cic(1), cimic(2), cina(1), cocc(1), coff(2), con(2), croc(1), cupr(3), ferr(2), gels(2), graph(1), hyos(1), hyper(3), ign(2), iod(1), ip(1), kali-c(3), kreos(1), lach(1), lyc(1), nat-c(1), nat-m(2), nux-m(1), nux-v(2), op(1), par(1), plat(1), podo(2), puls(3), rhus-t(3), ruta(2), sabin(3), sec(3), sep(2), sul-ac(1), sulph(2), vib(2), xan(2), zinc(1)"
735,2,"PAIN, after-pains, child nurses, when","arn(2), cham(2), con(1), puls(1), sil(3)"
735,1,"PAIN, bearing down","bov(1), chin(1), mosch(1), plat(1)"
735,2,"PAIN, bearing down, menses, before",phos(1)
735,3,"PAIN, bearing down, menses, before, during",calc-s(1)
735,2,"PAIN, bearing down, Ovaries","apis(2), canth(1), ferr-i(1), ham(1), lac-d(1), lach(2), lil-t(2), mag-m(1), med(1), plat(1), podo(2)"
735,3,"PAIN, bearing down, Ovaries, right",apis(2)
735,3,"PAIN, bearing down, Ovaries, left","lac-d(1), lach(2)"
735,3,"PAIN, bearing down, Ovaries, standing, while",lil-t(3)
735,3,"PAIN, bearing down, Ovaries, walking, while","lil-t(2), med(1)"
735,2,"PAIN, bearing down, Uterus, and region of (See Labor-like Pains, also Pains in Abdomen)","agar(3), alet(1), aloe(1), alum(1), ant-c(2), ant-t(2), apis(2), arg-m(1), asaf(1), asc-t(1), aur(1), bell(3), bor(1), bov(1), bry(1), calc(2), calc-p(1), canth(1), carb-an(2), cham(3), chin(2), cimic(2), cocc(1), con(2), cop(1), croc(1), cur(1), der(1), elaps(1), ferr(2), ferr-i(2), graph(2), helon(1), ign(1), inul(1), iod(2), ip(1), kali-c(1), kali-fer(2), kali-s(1), kreos(2), lac-c(2), lil-t(3), lob(1), lyc(1), lyss(1), mag-c(1), mag-m(1), mang(2), merc(2), mosch(1), mur-ac(1), murx(3), nat-c(2), nat-h(3), nat-m(3), nit-ac(2), nux-v(2), onos(1), pall(2), plat(3), podo(2), puls(2), rhus-t(1), sabin(3), sec(3), sep(3), sil(2), stann(3), sulph(2), tarent(1), thuj(1), ust(1), zinc(1)"
735,3,"PAIN, bearing down, Uterus, and region of (See Labor-like Pains, also Pains in Abdomen), morning","bell(3), nat-m(3), nux-v(2), sep(3)"
735,3,"PAIN, bearing down, Uterus, and region of (See Labor-like Pains, also Pains in Abdomen), forenoon",sep(1)
735,3,"PAIN, bearing down, Uterus, and region of (See Labor-like Pains, also Pains in Abdomen), afternoon","mag-m(1), sep(3)"
735,3,"PAIN, bearing down, Uterus, and region of (See Labor-like Pains, also Pains in Abdomen), night in bed",sulph(3)
735,3,"PAIN, bearing down, Uterus, and region of (See Labor-like Pains, also Pains in Abdomen), midnight, after",bov(2)
735,3,"PAIN, bearing down, Uterus, and region of (See Labor-like Pains, also Pains in Abdomen), ascending steps",plat(2)
735,3,"PAIN, bearing down, Uterus, and region of (See Labor-like Pains, also Pains in Abdomen), come out, as if everything would","bell(3), con(2), kreos(3), lac-c(2), lil-t(3), nat-c(2), nat-h(3), nat-m(2), nit-ac(2), plat(2), podo(2), sep(3)"
735,4,"PAIN, bearing down, Uterus, and region of (See Labor-like Pains, also Pains in Abdomen), come out, as if everything would, pregnancy, during",kali-c(2)
735,4,"PAIN, bearing down, Uterus, and region of (See Labor-like Pains, also Pains in Abdomen), come out, as if everything would, stool, before",nat-c(2)
735,5,"PAIN, bearing down, Uterus, and region of (See Labor-like Pains, also Pains in Abdomen), come out, as if everything would, stool, before, during",podo(2)
735,3,"PAIN, bearing down, Uterus, and region of (See Labor-like Pains, also Pains in Abdomen), crossing limbs amel.","lil-t(3), murx(1), sep(3), zinc(1)"
735,3,"PAIN, bearing down, Uterus, and region of (See Labor-like Pains, also Pains in Abdomen), drinking, after",nux-v(1)
735,3,"PAIN, bearing down, Uterus, and region of (See Labor-like Pains, also Pains in Abdomen), eating amel.",sep(1)
735,3,"PAIN, bearing down, Uterus, and region of (See Labor-like Pains, also Pains in Abdomen), lifting, after",agar(2)
735,3,"PAIN, bearing down, Uterus, and region of (See Labor-like Pains, also Pains in Abdomen), lying agg.",puls(2)
735,4,"PAIN, bearing down, Uterus, and region of (See Labor-like Pains, also Pains in Abdomen), lying agg., amel.","agar(2), cimic(1), onos(1), pall(1), sep(2)"
735,4,"PAIN, bearing down, Uterus, and region of (See Labor-like Pains, also Pains in Abdomen), lying agg., on left side amel.",pall(1)
735,3,"PAIN, bearing down, Uterus, and region of (See Labor-like Pains, also Pains in Abdomen), menses, before","alum(1), apis(2), aur(1), bell(2), bov(1), calc-p(2), chin(2), chin-s(1), cina(2), con(2), croc(1), elaps(1), kali-c(2), mosch(1), nux-m(1), phos(2), plat(2), rhus-t(1), sabad(1), sec(1), sep(2), sul-ac(1), tarent(1), ust(1), vib(2), zinc(1)"
735,4,"PAIN, bearing down, Uterus, and region of (See Labor-like Pains, also Pains in Abdomen), menses, before, during","acon(1), agar(2), alet(1), aloe(1), am-c(1), am-m(1), ant-c(1), arg-n(1), asaf(2), aur(2), bell(3), berb(1), bor(1), bov(1), calc(1), calc-p(2), caul(1), caust(1), cham(2), chin(2), chin-s(1), cimic(2), cina(1), con(2), ferr(2), gels(2), graph(1), hyos(1), ign(1), kali-c(2), kali-i(1), kali-p(2), kreos(1), lach(2), lil-t(3), lob(1), mag-c(1), mosch(1), murx(1), nat-c(2), nat-m(2), nit-ac(2), nux-m(1), nux-v(1), pall(1), plat(2), podo(2), puls(3), rhus-t(1), sec(2), sep(3), sulph(2), thuj(1), vib(2), zinc(1)"
736,4,"PAIN, bearing down, Uterus, and region of (See Labor-like Pains, also Pains in Abdomen), menses, before, after","agar(2), con(2), pall(1), tarent(1)"
736,3,"PAIN, bearing down, Uterus, and region of (See Labor-like Pains, also Pains in Abdomen), pregnancy, during",kali-c(2)
736,3,"PAIN, bearing down, Uterus, and region of (See Labor-like Pains, also Pains in Abdomen), pressing on vulva amel.","bell(2), lil-t(3), murx(3), sep(3)"
736,3,"PAIN, bearing down, Uterus, and region of (See Labor-like Pains, also Pains in Abdomen), riding in a carriage agg.",asaf(2)
736,3,"PAIN, bearing down, Uterus, and region of (See Labor-like Pains, also Pains in Abdomen), sitting, she feels as if pushing something up, while",ferr-i(2)
736,4,"PAIN, bearing down, Uterus, and region of (See Labor-like Pains, also Pains in Abdomen), sitting, she feels as if pushing something up, while, bent, agg.",bell(2)
736,4,"PAIN, bearing down, Uterus, and region of (See Labor-like Pains, also Pains in Abdomen), sitting, she feels as if pushing something up, while, erect amel.",bell(2)
736,3,"PAIN, bearing down, Uterus, and region of (See Labor-like Pains, also Pains in Abdomen), standing agg.","con(2), murx(2), nat-m(1), pall(2), rheum(1), rhus-t(1), sep(3)"
736,4,"PAIN, bearing down, Uterus, and region of (See Labor-like Pains, also Pains in Abdomen), standing agg., amel.",bell(2)
736,3,"PAIN, bearing down, Uterus, and region of (See Labor-like Pains, also Pains in Abdomen), stool, before","nat-c(1), nit-ac(1)"
736,4,"PAIN, bearing down, Uterus, and region of (See Labor-like Pains, also Pains in Abdomen), stool, before, during","arg-n(1), bell(2), iod(1), lil-t(2), podo(2), stann(2)"
736,4,"PAIN, bearing down, Uterus, and region of (See Labor-like Pains, also Pains in Abdomen), stool, before, urging, with","con(2), corn(2), nux-v(3), plat(1)"
736,3,"PAIN, bearing down, Uterus, and region of (See Labor-like Pains, also Pains in Abdomen), stooping, when",lyc(2)
736,3,"PAIN, bearing down, Uterus, and region of (See Labor-like Pains, also Pains in Abdomen), supports abdomen with hands","bell(2), lil-t(2), murx(2), sep(2)"
736,3,"PAIN, bearing down, Uterus, and region of (See Labor-like Pains, also Pains in Abdomen), urging to urinate, on","nux-v(1), pall(2), sep(3)"
736,3,"PAIN, bearing down, Uterus, and region of (See Labor-like Pains, also Pains in Abdomen), walking agg.","bell(2), chin(2), coff(1), con(2), kreos(1), lil-t(2), nat-h(3), phos(1), plat(2), rhus-t(1), sep(3)"
736,4,"PAIN, bearing down, Uterus, and region of (See Labor-like Pains, also Pains in Abdomen), walking agg., in open air amel.",puls(2)
736,1,"PAIN, biting","berb(1), calc(1), caust(2), eupi(1), graph(1), kali-i(2), kali-n(1), kreos(3), merc(2), rhus-t(2), sil(2), staph(1), sulph(1), thuj(1), zinc(1)"
736,2,"PAIN, biting, menses, during","rhus-t(2), zinc(1)"
736,2,"PAIN, biting, urination, during","caust(2), hep(1), nat-m(1)"
736,2,"PAIN, biting, between labia",kreos(3)
736,2,"PAIN, biting, Vagina","cham(1), graph(2), thuj(1)"
736,2,"PAIN, biting, boring, ovaries","brom(1), coloc(2), lach(1), lyc(3), sumb(1), thuj(1), zinc(3)"
736,3,"PAIN, biting, boring, ovaries, right",lyc(3)
736,3,"PAIN, biting, boring, ovaries, left","brom(1), sumb(1), thuj(1), zinc(3)"
736,4,"PAIN, biting, boring, ovaries, left, menses, during",thuj(1)
736,5,"PAIN, biting, boring, ovaries, left, menses, during, amel.",zinc(1)
736,3,"PAIN, biting, boring, ovaries, bending up amel.",coloc(2)
736,3,"PAIN, biting, boring, ovaries, menses, during, amel.","lach(1), zinc(1)"
736,3,"PAIN, biting, boring, ovaries, pressure amel.",zinc(1)
736,2,"PAIN, biting, Uterus",merc(1)
736,1,"PAIN, bruised (See Sore)",
736,1,"PAIN, burning","agar(1), alum(1), am-c(2), ambr(2), anan(1), ars(1), aur(1), aur-m(2), bar-c(1), berb(1), bov(1), bry(1), bufo(1), calc(2), calc-p(1), calc-s(1), canth(1), carb-an(2), carb-s(2), carb-v(2), cast(1), caust(2), cham(1), chel(1), coc-c(1), con(1), cop(1), cur(1), dulc(1), eupi(2), ferr(2), ferr-ar(1), ferr-p(1), graph(2), helon(2), hep(1), kali-ar(1), kali-bi(2), kali-c(2), kali-i(2), kali-p(1), kali-s(1), kreos(2), lac-c(1), lach(1), lil-t(2), lyc(1), mag-s(1), merc(2), merc-c(2), nit-ac(3), nux-v(2), ox-ac(1), petr(2), phos(2), puls(2), sabin(2), sep(1), sil(2), staph(1), sulph(2), thuj(1), til(1), zinc(1)"
736,2,"PAIN, burning, night in bed",anan(1)
736,2,"PAIN, burning, lying amel.",berb(1)
736,2,"PAIN, burning, menses, before","calc(1), carb-v(1), sep(2)"
736,3,"PAIN, burning, menses, before, during","am-c(2), carb-v(2), kali-br(1), kali-c(2), kreos(2), sil(2), thuj(1)"
736,2,"PAIN, burning, motion agg.",ars(1)
736,2,"PAIN, burning, sitting, while","berb(1), sep(1)"
736,2,"PAIN, burning, urinating, while","ambr(2), calc(1), caust(2), eupi(2), kreos(3), lac-c(2), nat-m(1), plat(1), sulph(1)"
736,3,"PAIN, burning, urinating, while, after","caust(2), kreos(3), lac-c(2), merc(1)"
736,2,"PAIN, burning, walking agg.","berb(1), thuj(1)"
736,2,"PAIN, burning, Ovaries","abrot(1), anan(1), apis(3), ars(3), bell(2), bufo(2), canth(2), carb-an(1), coloc(1), eupi(2), goss(1), kali-i(2), kali-n(1), lac-c(2), lach(3), lil-t(2), lyc(1), med(1), nat-m(1), plat(2), sep(2), thuj(2), ust(1), zinc(1)"
736,3,"PAIN, burning, Ovaries, right","apis(2), bell(2), coloc(1), kali-n(1)"
736,3,"PAIN, burning, Ovaries, left","abrot(1), lach(2), med(1), thuj(1)"
736,3,"PAIN, burning, Ovaries, abortion, during",apis(3)
736,3,"PAIN, burning, Ovaries, coition, after","apis(3), thuj(1)"
736,3,"PAIN, burning, Ovaries, menses, during","bufo(1), canth(1)"
736,4,"PAIN, burning, Ovaries, menses, during, after",zinc(1)
736,3,"PAIN, burning, Ovaries, moving feet amel.",ars(3)
736,3,"PAIN, burning, Ovaries, paroxysmal",plat(2)
736,3,"PAIN, burning, Ovaries, riding, while",thuj(1)
736,3,"PAIN, burning, Ovaries, urination, when",nat-m(1)
737,3,"PAIN, burning, Ovaries, walking, while",thuj(1)
737,2,"PAIN, burning, Uterus","anan(1), arg-n(2), ars(2), bell(2), bry(2), bufo(1), calc-p(2), carb-an(1), carb-v(2), con(2), cur(1), hep(2), kreos(2), lac-c(1), lach(2), lap-a(1), lyc(2), nux-v(2), pip-n(1), ran-b(1), raph(1), rhod(1), sec(2), sep(1), tarent(1), ter(1), thuj(1)"
737,3,"PAIN, burning, Uterus, menses, before","bufo(1), carb-an(1), con(1), cur(1), nat-m(2)"
737,4,"PAIN, burning, Uterus, menses, before, during","ars(1), bry(1), calc-p(2), canth(1), carb-v(1), caust(1), merc(1), nat-m(1), nux-v(1), ph-ac(1), phos(1), rhus-t(1), sep(1), sulph(1), tarent(1)"
737,4,"PAIN, burning, Uterus, menses, before, after","canth(1), kreos(2)"
737,3,"PAIN, burning, Uterus, extending to pit of stomach",raph(2)
737,4,"PAIN, burning, Uterus, extending to pit of stomach, to kidneys",anan(1)
737,5,"PAIN, burning, Uterus, extending to pit of stomach, to kidneys, thighs",carb-an(1)
737,3,"PAIN, burning, Uterus, parturition, after",rhod(1)
737,3,"PAIN, burning, Uterus, cervix","con(1), kreos(2), sep(1)"
737,2,"PAIN, burning, Vagina","all-s(1), aur(1), bell(2), berb(3), bufo(1), calc(1), calc-p(2), canth(2), card-m(1), cham(2), chel(2), cop(1), graph(2), helon(1), kali-bi(2), kali-p(1), kreos(2), lyc(1), merc(2), nat-m(2), nit-ac(3), petr(2), puls(2), sabin(1), sep(1), spira(1), sulph(3), thuj(2)"
737,3,"PAIN, burning, Vagina, coition, during","kali-bi(1), kreos(2), lyc(2), nat-m(1), spira(1), sulph(2)"
737,4,"PAIN, burning, Vagina, coition, during, after","kreos(2), lyc(1)"
737,3,"PAIN, burning, Vagina, hour, every day at same",chel(2)
737,3,"PAIN, burning, Vagina, lying on left side agg.",merc(1)
737,3,"PAIN, burning, Vagina, menses, before","bufo(1), ign(2), nat-m(1), sulph(2)"
737,4,"PAIN, burning, Vagina, menses, before, during","all-s(1), berb(1), graph(2), nux-v(1), sulph(1)"
737,4,"PAIN, burning, Vagina, menses, before, after","berb(1), graph(1), kreos(1), lyc(1), sulph(2)"
737,3,"PAIN, burning, Vagina, pregnancy, during",bor(1)
737,3,"PAIN, burning, Vagina, sitting, while",thuj(2)
737,3,"PAIN, burning, Vagina, urinating, after",nat-m(1)
737,3,"PAIN, burning, Vagina, walking, while",thuj(2)
737,2,"PAIN, burning, bursting, ovaries","graph(1), med(1)"
737,2,"PAIN, burning, Uterus, as if something had burst",elaps(1)
737,1,"PAIN, constricting, contracting",thuj(1)
737,2,"PAIN, constricting, contracting, Ovaries","cact(2), puls(1)"
737,2,"PAIN, constricting, contracting, Uterus","bell(3), cact(1), chin-s(1), cocc(1), lil-t(1), lyc(1), plb(1), puls(2), sabin(1), sep(1), staph(1), tarent(1)"
737,3,"PAIN, constricting, contracting, Uterus, menses, during","agar(2), bell(2), cact(3), staph(1)"
737,2,"PAIN, constricting, contracting, Vagina","cact(3), plat(2), puls(2)"
737,1,"PAIN, cramping","con(1), thuj(1)"
737,2,"PAIN, cramping, rising from a seat",thuj(1)
737,2,"PAIN, cramping, Ovaries","bufo(2), cocc(1), coloc(2), cub(1), naja(2), phos(1), plat(1)"
737,3,"PAIN, cramping, Ovaries, left","coloc(2), naja(2)"
737,3,"PAIN, cramping, Ovaries, menses, during",cocc(2)
737,2,"PAIN, cramping, Uterus","agar(1), aloe(1), anan(1), bell(2), bry(1), bufo(1), cact(2), calad(2), calc-p(2), caul(3), caust(1), cham(3), chin(1), cocc(2), con(2), cop(1), gels(2), hyos(2), ign(2), kali-c(1), lyc(1), mag-m(2), nat-m(1), nux-v(3), onos(1), plat(2), puls(2), rob(1), sabin(3), sep(2), tarent(2), ust(3), vib(2)"
737,3,"PAIN, cramping, Uterus, 11 p.m.",cact(2)
737,3,"PAIN, cramping, Uterus, midnight, after",calad(2)
737,3,"PAIN, cramping, Uterus, anger, after",cham(3)
737,3,"PAIN, cramping, Uterus, cold damp weather",calc-p(2)
737,3,"PAIN, cramping, Uterus, double up, compelling her to","cact(2), cimic(2), nux-v(3)"
737,3,"PAIN, cramping, Uterus, leucorrhœa, followed by","con(2), mag-m(2)"
737,3,"PAIN, cramping, Uterus, menses, before","calc-p(3), caust(2), cham(3), mag-p(2), vib(2)"
737,4,"PAIN, cramping, Uterus, menses, before, during","acon(1), bell(2), cact(3), calc-p(2), caust(2), cham(3), cimic(2), cocc(3), coff(2), coloc(2), con(2), der(1), graph(3), ign(2), kali-c(2), kali-i(1), lach(2), mag-p(2), nit-ac(2), nux-v(3), onos(1), plat(2), puls(2), sec(1), sep(1), stann(1), tub(2)"
737,4,"PAIN, cramping, Uterus, menses, before, after","cocc(2), iod(1), plat(1), puls(1)"
737,4,"PAIN, cramping, Uterus, menses, before, should appear but do not, when","cocc(2), kali-c(2)"
737,3,"PAIN, cramping, Uterus, mortification, from",cocc(2)
737,3,"PAIN, cramping, Uterus, motion, from",cocc(3)
737,3,"PAIN, cramping, Uterus, pregnancy, during",cupr-ar(2)
737,3,"PAIN, cramping, Uterus, reaching up",rhus-t(2)
737,3,"PAIN, cramping, Uterus, stool, after",lyc(1)
737,3,"PAIN, cramping, Uterus, touching parts agg.",ign(2)
737,3,"PAIN, cramping, Uterus, walking, while",tarent(1)
737,3,"PAIN, cramping, Uterus, warmth amel.","caust(1), nux-m(1), nux-v(1)"
738,3,"PAIN, cramping, Uterus, extending up the back",gels(1)
738,4,"PAIN, cramping, Uterus, extending up the back, down thighs","kali-i(2), mag-m(2)"
738,4,"PAIN, cramping, Uterus, extending up the back, to stomach",cact(2)
738,3,"PAIN, cramping, Uterus, broad ligaments",cimic(3)
738,1,"PAIN, cutting","asaf(1), cann-s(1), carb-v(1), caust(1), con(1), ip(1)"
738,2,"PAIN, cutting, left to right",ip(1)
738,2,"PAIN, cutting, motion, on","caust(1), ip(1)"
738,2,"PAIN, cutting, urinating, when",con(1)
738,2,"PAIN, cutting, walking, while",caust(1)
738,2,"PAIN, cutting, Ovaries","apis(2), arg-n(2), arum-t(1), atro(1), bell(1), bor(2), bry(1), canth(1), cocc(1), coll(1), coloc(3), con(2), cub(1), eup-pur(1), graph(1), ham(1), lil-t(2), lyc(2), naja(1), nat-m(1), nux-m(1), onos(1), puls(1), sabad(2), stram(1), syph(1), thuj(2), ust(1), xan(1)"
738,3,"PAIN, cutting, Ovaries, right","apis(2), arg-n(2)"
738,4,"PAIN, cutting, Ovaries, right, to left",lyc(1)
738,3,"PAIN, cutting, Ovaries, left","graph(1), phos(1), puls(1), thuj(2), ust(1)"
738,4,"PAIN, cutting, Ovaries, left, then right",apis(1)
738,3,"PAIN, cutting, Ovaries, menses, during","apis(2), bor(2), cocc(1), lyc(2), phos(2)"
738,3,"PAIN, cutting, Ovaries, stretching in bed",apis(1)
738,3,"PAIN, cutting, Ovaries, urinating, when",nat-m(1)
738,3,"PAIN, cutting, Ovaries, extending down thighs","apis(2), arg-n(1)"
738,2,"PAIN, cutting, Uterus","asaf(1), bufo(1), calc(2), calc-p(2), cocc(3), con(1), crot-c(1), cur(1), ign(1), lac-c(2), murx(2), pall(1), puls(3), sep(1), tarent(1), thuj(1)"
738,3,"PAIN, cutting, Uterus, breath, every",cocc(3)
738,3,"PAIN, cutting, Uterus, coition, during",puls(1)
738,3,"PAIN, cutting, Uterus, menses, before","caust(1), mag-c(1), murx(1), nat-c(1)"
738,4,"PAIN, cutting, Uterus, menses, before, during","apis(1), asaf(2), bell(1), calc(2), canth(1), carb-v(1), caust(2), cocc(3), coloc(2), ferr(1), ign(1), kali-c(2), kreos(1), lach(1), merc(1), murx(1), nat-c(1), nat-m(1), phos(1), rhus-t(1), sec(1), sep(1), sil(1), zinc(1)"
738,3,"PAIN, cutting, Uterus, motion, during",cocc(3)
738,3,"PAIN, cutting, Uterus, stool, after, amel.",pall(1)
738,3,"PAIN, cutting, Uterus, washing in cold water",crot-c(1)
738,3,"PAIN, cutting, Uterus, extending to sacrum",calc-p(3)
738,4,"PAIN, cutting, Uterus, extending to sacrum, upwards",lac-c(1)
738,2,"PAIN, cutting, Vagina, coition, during","berb(2), ferr-m(2)"
738,1,"PAIN, darting (See Stitching)",
738,1,"PAIN, digging",con(1)
738,2,"PAIN, digging, Uterus","bufo(1), cur(1)"
738,3,"PAIN, digging, Uterus, menses, during",nux-v(2)
738,1,"PAIN, dragging (See Bearing Down, Abdomen, Dragging Pain in)",
738,1,"PAIN, drawing","aur(2), bar-c(1), mosch(1)"
738,2,"PAIN, drawing, stool, before",carb-an(1)
738,2,"PAIN, drawing, Ovaries","apis(1), ars(2), atro(1), bell(1), chin(2), coloc(1), goss(1), lach(1), lil-t(1), pall(2), plat(2), podo(1)"
738,3,"PAIN, drawing, Ovaries, right","apis(2), med(1), pall(1)"
738,3,"PAIN, drawing, Ovaries, left",coloc(1)
738,3,"PAIN, drawing, Ovaries, coition, after",plat(1)
738,3,"PAIN, drawing, Ovaries, menses, before",coloc(1)
738,3,"PAIN, drawing, Ovaries, motion agg.",ars(3)
738,3,"PAIN, drawing, Ovaries, raising arms",apis(2)
738,3,"PAIN, drawing, Ovaries, rubbing amel.",pall(2)
738,3,"PAIN, drawing, Ovaries, sitting bent, from",ars(3)
738,3,"PAIN, drawing, Ovaries, extending into thighs",ars(1)
738,2,"PAIN, drawing, Uterus","bell(3), calc-p(1), cham(2), cop(1), plat(1), plb(1), puls(2), sabin(1)"
738,3,"PAIN, drawing, Uterus, coition, after",plat(2)
738,3,"PAIN, drawing, Uterus, menses, would appear, as if",calc-p(1)
738,4,"PAIN, drawing, Uterus, menses, would appear, as if, before",jug-r(1)
738,2,"PAIN, drawing, Vagina","card-m(1), cop(1)"
738,1,"PAIN, gnawing","kali-c(1), lyc(2)"
738,2,"PAIN, gnawing, Ovaries","coloc(1), lil-t(2), plat(1), podo(1)"
738,3,"PAIN, gnawing, Ovaries, right","lil-t(2), podo(1)"
738,4,"PAIN, gnawing, Ovaries, right, walking","lil-t(1), podo(1)"
738,3,"PAIN, gnawing, Ovaries, left",coloc(1)
738,2,"PAIN, gnawing, Uterus",anan(1)
738,2,"PAIN, gnawing, Vagina",lyc(1)
738,2,"PAIN, gnawing, grasping, ovaries",lil-t(1)
738,1,"PAIN, grinding",con(2)
738,2,"PAIN, grinding, Ovaries","fl-ac(1), graph(1)"
738,1,"PAIN, griping ovaries","cur(1), lil-t(1)"
739,2,"PAIN, griping ovaries, Uterus","cham(1), con(1)"
739,1,"PAIN, labor-like","acon(1), agar(2), aloe(2), apis(2), arn(2), asaf(2), aur(1), bell(3), bor(1), bov(1), bry(2), calc(1), camph(1), cann-i(2), canth(1), carb-an(1), carb-v(1), caul(1), caust(1), cham(3), chin(1), cimic(2), cina(2), cocc(1), coff(2), con(2), croc(1), cupr(1), dros(1), ferr(2), gels(3), graph(1), hyos(2), ign(2), ip(2), kali-c(3), kali-p(1), kreos(2), lach(2), lil-t(2), lyc(1), mag-c(1), mag-m(1), med(1), merc(1), mosch(2), mur-ac(1), murx(1), nat-c(1), nat-m(1), nit-ac(1), nux-m(1), nux-v(2), op(2), ph-ac(1), phos(1), plat(3), podo(1), puls(3), rhus-t(2), ruta(1), sabin(2), sec(3), sep(3), sil(2), stann(1), sul-ac(1), sulph(2), tarent(1), thuj(1), ust(2), vib(1), xan(1), zinc(1)"
739,2,"PAIN, labor-like, menses, before","alum(1), apis(2), aur(1), bell(2), bov(2), calc-p(2), cham(2), chin(1), cimic(1), cina(2), cycl(1), dig(2), hyos(2), mag-c(1), mag-p(2), plat(1), rhus-t(1), sanic(1), sep(2), thuj(1), ust(1), zinc(1)"
739,3,"PAIN, labor-like, menses, before, during","acon(2), agar(1), alet(2), aloe(1), am-c(2), am-m(1), ant-c(1), apis(1), arg-n(1), asaf(2), bell(2), berb(1), bor(1), bov(1), calc(2), calc-p(2), carb-an(2), caul(1), caust(2), cham(3), chin(1), cimic(2), cina(1), coff(1), con(2), cycl(2), ferr(1), gels(2), graph(2), hyos(1), ign(2), kali-c(2), kali-s(1), kreos(1), lac-c(2), lach(2), lil-t(2), lyc(1), mag-p(2), med(1), mosch(1), nat-c(2), nit-ac(2), nux-m(2), nux-v(1), plat(2), puls(2), rhus-t(2), sec(2), sep(2), sulph(1), ust(1)"
739,4,"PAIN, labor-like, menses, before, during, standing agg.",rhus-t(2)
739,3,"PAIN, labor-like, menses, before, after","cham(2), iod(1), kreos(1), plat(1), puls(1)"
739,2,"PAIN, labor-like, pressure amel.",ign(1)
739,2,"PAIN, labor-like, standing, while",rhus-t(2)
739,2,"PAIN, labor-like, stool, during","nat-m(2), nux-v(2)"
739,2,"PAIN, labor-like, extending to back and hips","gels(3), sul-ac(1)"
739,3,"PAIN, labor-like, extending to back and hips, rectum","aloe(2), nux-v(2)"
739,3,"PAIN, labor-like, extending to back and hips, right to left",lyc(2)
739,3,"PAIN, labor-like, extending to back and hips, thighs","aloe(2), apis(1), cham(2), con(1), kali-c(1), nat-m(1), nux-v(1), stram(1), ust(1), vib(1)"
739,1,"PAIN, labor pains","caul(1), cimic(1), gels(1), puls(1)"
739,2,"PAIN, labor pains, alternate with hæmorrhage",puls(1)
739,2,"PAIN, labor pains, back, paroxysmal in","nux-v(2), sep(2)"
739,3,"PAIN, labor pains, back, paroxysmal in, down the, into gluteal muscles",kali-c(1)
739,3,"PAIN, labor pains, back, paroxysmal in, through to, and up the",gels(2)
739,2,"PAIN, labor pains, ceasing","acon(1), arn(1), bell(3), bor(2), camph(2), carb-v(2), caul(2), caust(2), cham(2), chin(1), cimic(3), cocc(1), coff(2), gels(1), graph(2), ign(1), kali-c(3), lyc(1), mag-m(1), nat-m(2), nux-v(2), op(3), plat(1), puls(3), ruta(1), sec(3), sep(2), sulph(1), thuj(2)"
739,3,"PAIN, labor pains, ceasing, convulsions come on","bell(1), cham(1), cic(1), cupr(1), hyos(1), ign(1), sec(2)"
739,3,"PAIN, labor pains, ceasing, cramp in hip, from",cimic(1)
739,3,"PAIN, labor pains, ceasing, hæmorrhage","chin(2), cimic(1), puls(1), sec(1)"
739,3,"PAIN, labor pains, ceasing, wave from uterus to throat stops the pains",gels(1)
739,2,"PAIN, labor pains, cutting, left to right",ip(1)
739,3,"PAIN, labor pains, cutting, left to right, in umbilical region",ip(3)
739,2,"PAIN, labor pains, darting upward from cervix",sep(1)
739,2,"PAIN, labor pains, desperate, make her","aur(2), cham(2)"
739,2,"PAIN, labor pains, distressing","acon(1), ambr(1), arn(1), aur(1), bell(1), caul(2), caust(1), cham(3), cimic(1), coff(2), con(1), gels(3), kali-c(3), lyc(1), nux-v(1), phos(1), plat(1), puls(1), sec(1), sep(3)"
739,3,"PAIN, labor pains, distressing, escape, wants to",bell(1)
739,2,"PAIN, labor pains, excessive","acon(1), ambr(1), arn(1), bell(2), cham(3), cimic(1), coff(2), con(1), nux-v(2), puls(1), sec(1), sep(3), ust(1)"
739,2,"PAIN, labor pains, fainting, causing","cimic(2), nux-v(3), puls(2)"
739,2,"PAIN, labor pains, false","arn(1), bell(3), bor(1), calc(3), caul(3), cham(2), cimic(2), cinnb(2), coff(1), con(2), dios(2), gels(2), kali-c(2), kali-p(1), nux-m(2), nux-v(2), op(2), puls(3), sec(1), sep(1), vib(1)"
739,2,"PAIN, labor pains, groin, felt in",cimic(1)
739,2,"PAIN, labor pains, ineffectual","acon(1), arn(1), bell(1), caust(2), cimic(1), coff(2), eup-pur(1), gels(1), goss(1), kali-c(3), kali-p(1), op(1), phos(1), plat(1), puls(3), sec(1), sep(1), ust(2)"
739,2,"PAIN, labor pains, interrupted","caul(2), mag-m(2), plat(2)"
739,3,"PAIN, labor pains, interrupted, by spasms",mag-m(2)
739,2,"PAIN, labor pains, irregular","aeth(1), arn(1), caul(2), caust(1), cocc(2), coff(2), cupr(1), nux-m(2), nux-v(1), puls(3), sec(1)"
739,2,"PAIN, labor pains, left-sided",plat(1)
739,2,"PAIN, labor pains, noise agg.",cimic(1)
739,2,"PAIN, labor pains, prolonged","cinnb(1), puls(1), sec(3)"
739,2,"PAIN, labor pains, shooting",kali-c(2)
739,2,"PAIN, labor pains, short","caul(2), puls(2)"
739,2,"PAIN, labor pains, sluggish",puls(2)
739,2,"PAIN, labor pains, soreness, with","arn(1), caust(2)"
740,2,"PAIN, labor pains, spasmodic","ambr(1), bell(2), bor(1), bry(2), caul(3), caust(3), cham(3), cimic(2), cocc(2), coff(1), con(1), cupr(1), ferr(1), gels(3), hyos(3), ign(1), ip(2), kali-c(1), lyc(1), mag-p(1), nux-m(2), nux-v(2), op(2), plat(1), puls(3), sec(2), sep(2), stann(1), vib(1)"
740,2,"PAIN, labor pains, stool, causing urging to","nux-v(3), plat(1)"
740,2,"PAIN, labor pains, stomach, felt more in, than in uterus",bor(1)
740,2,"PAIN, labor pains, suppressed and wanting","cact(1), carb-v(1), caul(1), cimic(1), op(2), puls(2), sec(1)"
740,2,"PAIN, labor pains, twitching, with",chin-s(2)
740,2,"PAIN, labor pains, walking agg.",thuj(1)
740,2,"PAIN, labor pains, weak","aeth(1), arn(1), bell(2), bor(1), cann-i(1), carb-s(2), carb-v(2), caul(2), caust(2), cham(2), chin(1), cimic(3), cocc(1), gels(3), graph(2), kali-c(3), kali-p(1), lyc(1), nat-c(2), nat-m(3), nux-m(2), nux-v(2), op(3), plat(1), puls(3), ruta(2), sec(3), sep(1), sulph(1), thuj(2), ust(1), zinc(1)"
740,2,"PAIN, labor pains, extending into groin","cimic(1), thuj(1)"
740,3,"PAIN, labor pains, extending into groin, heart, to",cimic(1)
740,3,"PAIN, labor pains, extending into groin, knees and up to sacrum",phyt(1)
740,3,"PAIN, labor pains, extending into groin, thighs, into","kali-c(2), vib(1)"
740,3,"PAIN, labor pains, extending into groin, upward","calc(3), gels(1), puls(1)"
740,4,"PAIN, labor pains, extending into groin, upward, run","bor(2), calc(3), cham(3), gels(1), lyc(1)"
740,1,"PAIN, lancinating","aeth(1), clem(1), meli(1)"
740,2,"PAIN, lancinating, breathing agg.",clem(1)
740,2,"PAIN, lancinating, urination, during",clem(1)
740,2,"PAIN, lancinating, Ovaries","apis(3), bell(1), bor(1), coll(1), con(1), cub(1), goss(1), lil-t(3)"
740,3,"PAIN, lancinating, Ovaries, menses, during","bor(2), coll(1)"
740,4,"PAIN, lancinating, Ovaries, menses, during, after",bor(2)
740,2,"PAIN, lancinating, Uterus","anan(1), ars(2), bufo(1), con(2), crot-c(1), graph(1), hura(1), ign(1), lac-c(1), murx(1), sep(1), tarent(1)"
740,3,"PAIN, lancinating, Uterus, touch agg.",ign(1)
740,3,"PAIN, lancinating, Uterus, washing in cold water, while",crot-c(1)
740,3,"PAIN, lancinating, Uterus, extending upward","lac-c(1), sep(1)"
740,2,"PAIN, lancinating, Vagina","berb(1), hura(1)"
740,3,"PAIN, lancinating, Vagina, walking agg.",berb(1)
740,1,"PAIN, pinching","kali-c(1), mur-ac(1), plat(1)"
740,2,"PAIN, pinching, menses would appear, as if",mur-ac(1)
740,2,"PAIN, pinching, Ovaries","anan(1), canth(1), cham(1), plat(2)"
740,2,"PAIN, pinching, Uterus","anan(1), bell(1), bry(1), cact(1), canth(1), cham(2), con(1)"
740,3,"PAIN, pinching, Uterus, menses, before","alum(2), bry(1)"
740,1,"PAIN, pressing","bar-c(1), calc-p(1), graph(1), thuj(1)"
740,2,"PAIN, pressing, menses, before","cina(1), croc(2)"
740,3,"PAIN, pressing, menses, before, during","am-c(1), ant-c(1), asaf(1), bell(3), berb(1), bov(1), calc(1), cham(2), chin(1), con(1), ip(1), mag-c(1), mag-s(1), mosch(1), nat-m(1), nit-ac(1), nux-m(1), nux-v(1), plat(2), puls(1), sep(2), sil(1), sulph(1), zinc(1)"
740,2,"PAIN, pressing, sitting, while",thuj(2)
740,2,"PAIN, pressing, stool, during",kali-c(1)
740,2,"PAIN, pressing, Ovaries","ang(1), ars(2), coloc(2), iod(2), lac-d(1), lach(3), lil-t(2), plat(1), sep(2)"
740,3,"PAIN, pressing, Ovaries, right","ang(1), ars(2), iod(2)"
740,3,"PAIN, pressing, Ovaries, left","lach(2), med(2)"
740,3,"PAIN, pressing, Ovaries, menses would appear, as though",plat(2)
740,3,"PAIN, pressing, Ovaries, stool, with urging to, after menses",plat(2)
740,2,"PAIN, pressing, Uterus (See Bearing Down)","acon(2), anac(1), anan(1), ant-c(2), bell(3), cact(1), calad(1), calc(1), calc-p(1), canth(1), cham(1), chin(1), cocc(2), gels(2), lil-t(2), nat-c(2), nit-ac(2), nux-v(1), plat(2), podo(1), puls(2), sec(2), sep(2), tarent(1), ust(1)"
740,3,"PAIN, pressing, Uterus (See Bearing Down), morning",puls(1)
740,3,"PAIN, pressing, Uterus (See Bearing Down), menses would appear, as if","mur-ac(2), plat(1)"
740,4,"PAIN, pressing, Uterus (See Bearing Down), menses would appear, as if, before",jug-r(1)
740,3,"PAIN, pressing, Uterus (See Bearing Down), stool, during",carb-v(2)
740,2,"PAIN, pressing, Vagina","alum(1), ant-c(1), bell(2), calc(2), graph(1), lil-t(2), lyc(1), nat-c(1), nit-ac(2), nux-v(2), podo(1), sep(2), sil(1), ust(2)"
740,3,"PAIN, pressing, Vagina, morning",puls(1)
740,4,"PAIN, pressing, Vagina, morning, menses, before","alum(1), bell(1), con(1)"
740,3,"PAIN, pressing, Vagina, during","ant-c(1), bell(2), con(1), lach(2), lil-t(2), nat-c(2), nit-ac(2), plat(1), sep(2), ust(1)"
740,3,"PAIN, pressing, Vagina, stool, during",podo(1)
740,3,"PAIN, pressing, Vagina, stooping, when",lyc(1)
740,1,"PAIN, sharp","aeth(1), ars(1), clem(1), meli(1), rhus-t(1)"
740,2,"PAIN, sharp, Ovaries","apis(2), cench(1), kali-p(1), lac-c(2), lach(2), lil-t(3), lyc(1), sep(1), staph(2), ust(1), vib(1), xan(1)"
741,2,"PAIN, sharp, Uterus","acon(3), apis(1), con(2)"
741,3,"PAIN, sharp, Uterus, nursing, while",sil(3)
741,1,"PAIN, shooting (See Stitching)",
741,1,"PAIN, smarting (See Burning)",
741,1,"PAIN, sore, tenderness","am-c(1), ambr(1), arn(1), ars(1), ars-i(2), bov(1), calc(2), calc-p(1), canth(1), carb-s(2), carb-v(3), caust(2), coc-c(2), coff(1), con(1), ferr-i(1), graph(2), hep(2), iod(1), kali-bi(1), kali-c(2), kreos(3), lac-c(2), lyc(1), meph(1), nit-ac(1), petr(1), phos(1), plat(3), puls(1), rhus-t(1), sec(1), sep(2), sil(2), staph(3), sulph(2), thuj(2), zinc(2)"
741,2,"PAIN, sore, tenderness, menses, before","con(1), kali-c(2), lach(1), sep(3)"
741,3,"PAIN, sore, tenderness, menses, before, during","bov(1), kali-c(2), nat-m(2), sil(1)"
741,3,"PAIN, sore, tenderness, menses, before, after",kali-c(2)
741,2,"PAIN, sore, tenderness, walking agg.",lac-c(2)
741,2,"PAIN, sore, tenderness, washing in cold water, after",eupi(1)
741,2,"PAIN, sore, tenderness, between labia when urinating",eupi(1)
741,2,"PAIN, sore, tenderness, Ovaries","alum(1), ant-c(2), apis(2), arg-m(1), arg-n(1), arn(1), ars-i(2), atro(1), bry(3), bufo(2), canth(2), chin(2), cimic(1), coloc(1), con(1), cupr-ar(1), graph(1), guai(1), ham(1), helon(1), hep(1), iod(2), kali-br(1), kali-c(1), lac-c(2), lach(3), lil-t(3), med(1), nux-m(2), ol-j(1), onos(1), pall(2), plat(2), psor(1), puls(1), rhus-t(1), sep(1), staph(2), syph(1), tarent(1), ter(1), ther(1), ust(1), vesp(1)"
741,3,"PAIN, sore, tenderness, Ovaries, right","apis(2), bry(2), iod(2), mag-m(1), pall(2), plat(1)"
741,3,"PAIN, sore, tenderness, Ovaries, left","arg-m(2), coloc(1), lach(3), plat(1), vesp(1)"
741,3,"PAIN, sore, tenderness, Ovaries, menses, before","kali-c(2), lac-c(2)"
741,4,"PAIN, sore, tenderness, Ovaries, menses, before, during","apis(2), canth(1), iod(2), kali-c(2), plat(1)"
741,4,"PAIN, sore, tenderness, Ovaries, menses, before, after","iod(2), kali-c(1)"
741,4,"PAIN, sore, tenderness, Ovaries, menses, before, suppressed, from",ant-c(1)
741,3,"PAIN, sore, tenderness, Ovaries, motion",ther(1)
741,3,"PAIN, sore, tenderness, Ovaries, walking agg.","apis(2), arn(3), bry(3)"
741,3,"PAIN, sore, tenderness, Ovaries, extending down the limbs",bry(1)
741,2,"PAIN, sore, tenderness, Uterus","aesc(2), am-c(1), ant-c(1), apis(2), arg-m(1), arg-n(1), arn(3), ars-i(2), aur(3), bell(3), bov(1), bry(3), bufo(2), calc(2), calc-p(1), canth(1), caul(1), cham(1), chin(1), cimic(2), cocc(2), con(2), helon(2), hydr(2), kali-c(1), kreos(1), lac-c(2), lach(3), lappa-a(1), lil-t(2), lyss(1), murx(3), nux-m(1), nux-v(1), onos(2), puls(2), rhus-t(1), sec(1), sep(1), tarent(1), tril(1), verat-v(3)"
741,3,"PAIN, sore, tenderness, Uterus, coition, during","puls(3), sep(1)"
741,3,"PAIN, sore, tenderness, Uterus, contact of clothing agg.","lach(3), lil-t(1)"
741,3,"PAIN, sore, tenderness, Uterus, jarring, sensitive to","arg-m(2), bell(3), lach(2), lappa-a(1), lil-t(3)"
741,3,"PAIN, sore, tenderness, Uterus, menses, before",bov(1)
741,4,"PAIN, sore, tenderness, Uterus, menses, before, during","am-c(1), arg-n(1), arn(1), bov(1), bry(2), canth(1), carb-v(1), caust(2), cocc(2), coff(1), con(2), ham(2), ign(1), kreos(1), nat-m(1), nux-m(2), nux-v(1), ruta(1), sil(1)"
741,4,"PAIN, sore, tenderness, Uterus, menses, before, after","bov(1), kreos(1)"
741,3,"PAIN, sore, tenderness, Uterus, motion","bell(3), bry(3)"
741,3,"PAIN, sore, tenderness, Uterus, pregnancy","bell-p(2), puls(1), sil(2)"
741,3,"PAIN, sore, tenderness, Uterus, riding in a carriage",arg-m(2)
741,3,"PAIN, sore, tenderness, Uterus, standing",lappa-a(1)
741,2,"PAIN, sore, tenderness, Vagina","acon(1), alum(1), aur(1), berb(3), brom(1), calc-p(1), coc-c(1), coff(2), ferr-i(1), graph(1), ham(2), ign(1), kali-bi(2), kali-c(1), kreos(3), lyss(3), merc(1), nit-ac(1), plat(2), puls(2), rhus-t(2), sep(1), sil(2), staph(1), sulph(2), thuj(1)"
741,3,"PAIN, sore, tenderness, Vagina, evening",rhus-t(1)
741,3,"PAIN, sore, tenderness, Vagina, coition, during","bell(1), berb(2), coff(1), ferr(2), ferr-m(1), ham(1), ign(1), kali-bi(2), kali-c(2), kreos(2), lyss(3), naja(2), plat(2), rhus-t(2), sep(2), sulph(2), thuj(2)"
741,4,"PAIN, sore, tenderness, Vagina, coition, during, preventing","coff(1), plat(2), rhus-t(1), sep(1), thuj(2)"
741,1,"PAIN, squeezing, ovaries","coloc(1), thuj(2)"
741,1,"PAIN, stinging","apis(2), ars(2), berb(1), calc-p(1), carb-v(1), eupi(1), kali-c(2), kreos(1), lil-t(1), lyc(1), phos(1), puls(1), sabin(1), sep(1), staph(2), urt-u(1), zinc(1)"
741,2,"PAIN, stinging, menses, before",zinc(1)
741,3,"PAIN, stinging, menses, before, during","kali-c(1), kreos(1), lyc(1), phos(1), puls(1), sabin(1), sep(1), sul-ac(1)"
741,2,"PAIN, stinging, walking, while",zinc(1)
741,2,"PAIN, stinging, clitoris, in",bor(1)
741,3,"PAIN, stinging, clitoris, in, night",bor(1)
741,2,"PAIN, stinging, Ovaries","apis(3), bor(1), bry(1), goss(1), graph(1), lil-t(3), merc(1), sep(2), vesp(1)"
741,3,"PAIN, stinging, Ovaries, right",apis(1)
741,3,"PAIN, stinging, Ovaries, left",lil-t(1)
741,3,"PAIN, stinging, Ovaries, coition, after",apis(2)
742,3,"PAIN, stinging, Ovaries, cold amel.","apis(1), vesp(1)"
742,3,"PAIN, stinging, Ovaries, menses, during",apis(2)
742,2,"PAIN, stinging, Uterus","apis(2), arg-m(1), ars(1), calc(2), con(2), sabin(1)"
742,2,"PAIN, stinging, Vagina","berb(1), ham(1), puls(1), sabin(1), staph(1)"
742,1,"PAIN, stitching","alum(1), ars(2), aur(1), bell(2), bor(2), calc(2), calc-p(2), caust(1), coc-c(1), con(2), croc(1), glon(2), graph(3), ign(1), kali-c(2), lac-c(1), meli(1), merc(1), murx(1), nat-s(1), nit-ac(1), pall(1), phos(3), rhus-t(1), sep(1), staph(1), sul-ac(1), tarent(1), thuj(1)"
742,2,"PAIN, stitching, left labium through uterus to right ovary","bell(1), lac-c(1), phos(1), thuj(1)"
742,2,"PAIN, stitching, menses, before",con(1)
742,3,"PAIN, stitching, menses, before, during","lyc(1), sul-ac(1)"
742,2,"PAIN, stitching, walking, while",thuj(1)
742,2,"PAIN, stitching, extending to chest","alum(1), calc-p(1)"
742,3,"PAIN, stitching, extending to chest, to vagina","lil-t(1), puls(1)"
742,2,"PAIN, stitching, between labia",eupi(1)
742,2,"PAIN, stitching, clitoris, night",bor(1)
742,2,"PAIN, stitching, Ovaries","abrot(1), absin(1), ambr(2), apis(2), ars(2), bell(2), bor(1), brom(1), bry(2), bufo(2), canth(2), carb-an(1), cench(1), coloc(2), con(1), cur(1), goss(1), graph(1), kali-ar(1), kali-c(1), kali-p(1), lac-c(1), lach(2), lil-t(1), lyc(2), mag-p(2), med(1), merc(1), phos(1), pic-ac(1), plat(2), podo(2), sep(2), staph(2), syph(1), thuj(1), ust(1), vib(2), xan(1)"
742,3,"PAIN, stitching, Ovaries, right","ars(3), bell(2), lac-c(1), lec(1), lyc(2), plat(2), podo(2)"
742,4,"PAIN, stitching, Ovaries, right, to left",lyc(2)
742,3,"PAIN, stitching, Ovaries, left","abrot(1), graph(1), lach(3), thuj(1)"
742,4,"PAIN, stitching, Ovaries, left, lying on back amel.",kali-p(1)
742,3,"PAIN, stitching, Ovaries, alternating sides",lac-c(1)
742,3,"PAIN, stitching, Ovaries, breathing, on",bry(2)
742,4,"PAIN, stitching, Ovaries, breathing, on, arresting",canth(2)
742,3,"PAIN, stitching, Ovaries, menses, before","podo(2), vib(1)"
742,4,"PAIN, stitching, Ovaries, menses, before, during","kali-p(1), lac-c(2), phos(1), podo(2)"
742,3,"PAIN, stitching, Ovaries, motion agg.","ars(2), bry(3), cench(1)"
742,3,"PAIN, stitching, Ovaries, standing, while",lil-t(1)
742,3,"PAIN, stitching, Ovaries, extending up side","cimic(1), lac-c(1), sep(2)"
742,4,"PAIN, stitching, Ovaries, extending up side, right",med(1)
742,4,"PAIN, stitching, Ovaries, extending up side, left",lac-c(1)
742,4,"PAIN, stitching, Ovaries, extending up side, to knee","lac-c(1), wye(1)"
742,4,"PAIN, stitching, Ovaries, extending up side, to liver",med(1)
742,4,"PAIN, stitching, Ovaries, extending up side, to thighs","phos(1), staph(1), ust(1)"
742,2,"PAIN, stitching, Uterus","acon(3), anan(1), apis(2), arg-n(2), ars(1), aur(1), bell(3), bor(1), bufo(1), calc(1), con(3), cur(1), ferr(2), fl-ac(1), gels(1), graph(1), hura(1), ign(1), inul(1), kali-c(2), kali-p(1), lac-c(2), lil-t(2), lyss(1), merc(2), murx(2), nux-v(1), phos(1), plat(1), sep(3), tarent(1)"
742,3,"PAIN, stitching, Uterus, menses, before",bor(1)
742,4,"PAIN, stitching, Uterus, menses, before, after",tarent(1)
742,3,"PAIN, stitching, Uterus, riding, while",arg-n(1)
742,3,"PAIN, stitching, Uterus, side to side",cimic(3)
742,3,"PAIN, stitching, Uterus, walking, while","arg-n(1), bell(3)"
742,3,"PAIN, stitching, Uterus, extending to right side of chest",con(1)
742,4,"PAIN, stitching, Uterus, extending to right side of chest, up back",gels(2)
742,4,"PAIN, stitching, Uterus, extending to right side of chest, upward","lac-c(3), murx(1), sep(2)"
742,2,"PAIN, stitching, Vagina","alum(2), am-c(1), ambr(2), ars(1), bell(2), berb(2), chin(1), con(1), graph(2), hydrc(1), kreos(2), lyss(1), mur-ac(1), nat-s(1), nit-ac(2), phos(1), puls(1), rhus-t(2), sabin(2), sep(2), stry(1), tarent(1)"
742,3,"PAIN, stitching, Vagina, morning, on waking",sep(2)
742,3,"PAIN, stitching, Vagina, abdomen, from",kreos(2)
742,3,"PAIN, stitching, Vagina, coition, during",berb(2)
742,3,"PAIN, stitching, Vagina, menses, during","bell(1), berb(1), con(2), graph(2), kreos(1), rhus-t(1), sabin(1), sul-ac(1)"
742,3,"PAIN, stitching, Vagina, outward",berb(1)
742,3,"PAIN, stitching, Vagina, standing, on",nit-ac(2)
742,3,"PAIN, stitching, Vagina, walking, while",nit-ac(2)
742,3,"PAIN, stitching, Vagina, extending to chest",alum(1)
742,4,"PAIN, stitching, Vagina, extending to chest, upward","alum(1), am-c(1), berb(1), lyss(2), nit-ac(2), phos(2), sabin(1), sep(2)"
742,1,"PAIN, tearing","anac(1), bar-c(2), berb(1), carb-an(2), carb-v(1), con(1), kali-c(2), nat-c(1), phos(2), sil(1), ter(1)"
742,2,"PAIN, tearing, evening",bar-c(1)
742,2,"PAIN, tearing, cry out, making her",bar-c(2)
742,2,"PAIN, tearing, menses, during",am-c(1)
742,2,"PAIN, tearing, sitting, while",con(2)
742,2,"PAIN, tearing, extending to anus",carb-an(2)
742,2,"PAIN, tearing, meatus, about the",berb(1)
743,2,"PAIN, tearing, Ovaries","abrot(1), graph(1), ham(1), kali-i(1), lil-t(1), merc(1), plat(2)"
743,3,"PAIN, tearing, Ovaries, right","graph(1), kali-i(1)"
743,3,"PAIN, tearing, Ovaries, left",plat(1)
743,3,"PAIN, tearing, Ovaries, menses, during",plat(1)
743,2,"PAIN, tearing, Uterus","arg-n(2), cham(2), lap-a(1), lyss(1), nat-m(1), plb(1), stry(1), tarent(1)"
743,3,"PAIN, tearing, Uterus, menses, before",nat-m(1)
743,4,"PAIN, tearing, Uterus, menses, before, during","agar(2), am-c(2), ars(1), bell(2), calc(1), caust(2), chin(1), lyc(1), merc(1), nat-c(1), nit-ac(1), podo(1), puls(2), rhus-t(1), sep(2), sil(1), staph(1), sulph(1), zinc(1)"
743,2,"PAIN, tearing, Vagina","am-c(2), chin(1), plb(1)"
743,0,PERSPIRATION,"lyc(2), merc(2), petr(2), sulph(2), thuj(2)"
743,0,PHYSOMETRA (See Flatus),
743,0,PLACENTA retained,"agn(2), ars(2), art-v(1), bell(2), canth(3), caul(1), cimic(1), croc(1), gels(1), ip(1), nux-v(2), puls(2), sabin(2), sec(2), sep(3)"
743,0,POLYPUS,lyc(1)
743,1,"POLYPUS, Uterus","ars(2), aur(2), bell(3), bufo(2), calc(3), calc-p(3), caust(1), con(2), hydr(1), led(1), lyc(2), merc(1), mez(1), nit-ac(1), petr(1), ph-ac(2), phos(3), plat(2), puls(1), rhus-t(1), sang(2), sec(1), sep(2), sil(2), staph(2), teucr(3), thuj(3)"
743,2,"POLYPUS, Uterus, soft",kali-s(2)
743,1,"POLYPUS, Vagina","calc(3), merc(1), petr(1), ph-ac(1), psor(1), puls(2), staph(1), teucr(2)"
743,0,PROLAPSUS uterus,"acon(1), aesc(2), agar(1), alet(2), aloe(2), alum(2), alumn(2), am-m(1), anan(1), apis(2), arg-m(3), arg-n(3), arn(2), ars(1), ars-i(1), aur(3), aur-m(1), bell(2), benz-ac(2), berb(1), bry(2), bufo(1), calc(2), calc-ar(1), calc-p(2), calc-s(1), canth(1), carb-an(2), caul(1), cham(1), chin(2), chin-a(1), cimic(1), cocc(1), coll(1), con(2), croc(1), ferr(2), ferr-ar(1), ferr-i(2), ferr-p(1), graph(2), helon(2), hydr(1), hydrc(1), iod(1), ip(2), kali-ar(1), kali-bi(2), kali-br(1), kali-c(2), kali-p(1), kali-s(1), kreos(1), lac-c(1), lach(2), lil-t(3), lyc(1), lyss(2), mang(1), merc(1), mill(2), murx(2), nat-h(3), nat-m(2), nat-p(1), nit-ac(2), nux-m(2), nux-v(2), op(1), pall(3), petr(2), ph-ac(1), phos(2), plat(3), podo(2), puls(3), rhus-t(3), sabin(2), sang(1), sec(2), sep(3), sil(2), stann(1), staph(1), sulph(2), teucr(1), thuj(2), tub(2), ust(2), zinc(1)"
743,1,"PROLAPSUS uterus, morning","nat-m(3), sep(1)"
743,1,"PROLAPSUS uterus, afternoon",sep(3)
743,1,"PROLAPSUS uterus, alternate days, on",alum(1)
743,1,"PROLAPSUS uterus, coition amel.",merc(1)
743,1,"PROLAPSUS uterus, confinement, after","bell(1), helon(2), podo(2), puls(1), rhus-t(2), sec(1), sep(1)"
743,1,"PROLAPSUS uterus, crossing legs amel.","lil-t(1), murx(1), sep(3)"
743,1,"PROLAPSUS uterus, electric shocks down the thighs, with",graph(2)
743,1,"PROLAPSUS uterus, fright, after","gels(1), op(3)"
743,1,"PROLAPSUS uterus, hot weather, in",kali-bi(2)
743,1,"PROLAPSUS uterus, lifting, from","agar(1), aur(2), calc(3), podo(2), rhus-t(2)"
743,1,"PROLAPSUS uterus, lying down amel.","nat-m(2), sep(2)"
743,1,"PROLAPSUS uterus, menses, during","aur(2), calc-p(2), cimic(2), kreos(1), lach(2), lil-t(2), nat-c(1), puls(3), sep(3)"
743,2,"PROLAPSUS uterus, menses, during, after","agar(1), aur(1), ip(1), kreos(1)"
743,1,"PROLAPSUS uterus, reaching up, from","aur(2), calc(2), nux-v(1), sulph(2)"
743,1,"PROLAPSUS uterus, stool, during","calc-p(2), con(1), nux-v(1), podo(3), puls(1), stann(2)"
743,2,"PROLAPSUS uterus, stool, during, after",stann(2)
743,2,"PROLAPSUS uterus, stool, during, urging to, constant","inul(1), nux-v(1)"
743,1,"PROLAPSUS uterus, storm, before a",rhus-t(1)
743,1,"PROLAPSUS uterus, straining, from",aur(2)
743,1,"PROLAPSUS uterus, urination, during",calc-p(2)
743,1,"PROLAPSUS uterus, walks bent","am-m(2), arn(2)"
743,1,"PROLAPSUS uterus, Vagina","alum(1), bell(1), calc-ar(1), chim(1), ferr(2), kreos(2), lach(2), merc(2), nux-m(2), nux-v(2), op(1), plb(1), sep(3), stann(2), sul-ac(1), sulph(2), thuj(1), verat(1)"
743,2,"PROLAPSUS uterus, Vagina, lifting, from",nux-v(2)
743,2,"PROLAPSUS uterus, Vagina, pregnancy, during","calc-ar(1), ferr(2)"
743,2,"PROLAPSUS uterus, Vagina, stool, during",stann(1)
743,0,PULSATING,"alum(1), apis(1), bell(2), calc-p(2), coc-c(2), lac-c(2), merc(2), nat-c(1), prun-s(1)"
743,1,"PULSATING, coition, after",nat-c(2)
743,1,"PULSATING, constant behind pubes",aesc(1)
743,1,"PULSATING, lying on the right side",apis(1)
743,1,"PULSATING, Ovaries","bell(2), cact(2), calc(1), con(1), cop(1), lach(2), onos(2), podo(1)"
743,2,"PULSATING, Ovaries, right",podo(1)
743,2,"PULSATING, Ovaries, menses, during",lac-c(1)
744,2,"PULSATING, Ovaries, standing, while","apis(1), cop(1)"
744,2,"PULSATING, Ovaries, walking, while",apis(1)
744,1,"PULSATING, Uterus","aesc(1), ars(1), bell(2), cact(2), calc-p(1), con(1), cur(1), murx(1), sabin(1), sarr(1)"
744,1,"PULSATING, Vagina","alum(2), merc(2)"
744,2,"PULSATING, Vagina, lying amel.",merc(1)
744,0,"PUSHES up when she sits down, the uterus","ferr-i(1), nat-h(3)"
744,0,REDNESS,"ars(1), aur-m(1), bell(2), calc(1), carb-v(2), helon(2), hydrc(1), kali-bi(1), led(1), merc(1), sep(2), sulph(2), til(1)"
744,0,RELAXATION of sphincter vaginæ,"agar(2), ambr(2), ars(1), calad(2), calc(2), croc(1), ferr(2), kali-c(2), lyss(2), mag-c(1), merc(1), mur-ac(1), nat-c(2), nat-m(1), sep(2), sil(1), staph(1), sulph(2), tub(2)"
744,0,RIGIDITY of os during labor,"ant-t(1), bell(2), caul(3), cham(3), cimic(1), con(2), gels(3), ign(1), jab(1), lob(1), lyc(1), nux-v(1), sec(1), verat-v(2)"
744,0,SENSITIVE,"aur-m(2), bell(3), canth(2), chin(1), coc-c(1), coff(2), con(1), merc(1), mur-ac(2), nux-v(1), plat(3), sep(2), staph(3), sulph(1), zinc(2)"
744,1,"SENSITIVE, Vagina","acon(1), alumn(1), aur(1), bell(2), berb(2), bry(2), calc(1), coff(2), ferr(2), ferr-p(1), graph(1), kreos(2), lyss(3), merc(1), nat-m(2), nux-v(1), plat(3), sec(1), sep(2), sil(2), staph(3), sulph(1), thuj(2)"
744,0,SEROUS cysts in vagina (See Tumors),
744,0,SHOCKS in uterus on falling asleep,stry(1)
744,1,"SHOCKS in uterus on falling asleep, vagina",kreos(1)
744,0,"SOFT, uterus",op(1)
744,1,"SOFT, uterus, feels as if",abies-c(1)
744,0,"SPASMS in uterus (See Pain, Cramping)",
744,0,STERILITY,"agn(1), alet(2), am-c(2), anag(1), anan(1), apis(1), aur(3), bar-m(2), bor(3), brom(1), calc(2), cann-s(1), canth(1), carb-s(1), caul(2), caust(1), cic(1), coff(2), con(2), dulc(1), ferr(2), ferr-p(2), goss(1), graph(2), helon(1), hyos(2), iod(2), kali-bi(2), kreos(2), lach(2), merc(2), nat-c(3), nat-m(3), nat-p(1), nux-m(1), orig(2), phos(2), phyt(1), plat(2), ruta(1), senec(2), sep(3), sil(2), sul-ac(2), sulph(1), zinc(2)"
744,1,"STERILITY, copious menstrual flow, from","calc(2), merc(1), mill(1), nat-m(2), phos(1), sul-ac(1), sulph(2)"
744,1,"STERILITY, excessive sexual desires from","kali-br(2), orig(2), phos(2), plat(2)"
744,0,SUBINVOLUTION,"bell(2), bry(1), calc(2), carb-v(1), caul(2), chin(1), cimic(3), cycl(1), hydr(2), kali-bi(2), kali-br(3), kali-c(1), kali-i(2), lil-t(2), mill(1), nat-h(2), nat-s(1), op(2), plat(1), podo(1), psor(1), puls(3), sabin(2), sec(2), sep(3), staph(1), sulph(3), ter(1), ust(2)"
744,0,SWOLLEN,"am-c(2), ambr(2), apis(2), arn(1), ars(3), ars-i(1), asaf(2), aur(1), aur-m(1), aur-s(1), bell(1), bry(1), calc(2), calc-p(1), calc-s(1), cann-s(1), canth(2), carb-an(1), carb-v(2), coc-c(1), coll(2), coloc(1), con(1), dig(1), ferr-i(2), goss(1), graph(2), helon(2), kali-bi(1), kreos(3), lac-c(2), lach(1), lil-t(2), meph(1), merc(2), nat-s(2), nit-ac(3), nux-v(1), phos(2), podo(2), puls(3), rhus-t(3), sec(1), sep(2), sulph(1), thuj(2), urt-u(2)"
744,1,"SWOLLEN, menses, before","lyc(1), sep(2)"
744,2,"SWOLLEN, menses, before, during","chin(1), graph(1), lyc(1), sep(1), staph(1), sulph(1), zinc(1)"
744,1,"SWOLLEN, œdematous","apis(1), graph(2), merc(2), nit-ac(2), phos(2), urt-u(2)"
744,1,"SWOLLEN, pregnancy, during","merc(2), podo(2)"
744,1,"SWOLLEN, phlegmonous",merc(2)
744,1,"SWOLLEN, labia minora","apis(2), chin-s(1), merc(1), nit-ac(1)"
744,2,"SWOLLEN, labia minora, between",eupi(1)
744,1,"SWOLLEN, Ovaries","alum(2), apis(2), ars(2), atro(1), bell(1), brom(2), bufo(2), carb-ac(2), coll(1), coloc(2), con(1), cub(1), goss(1), graph(2), ham(1), iod(2), kali-br(2), kali-i(2), lach(3), lil-t(3), med(2), nat-h(1), nux-m(1), pall(2), staph(1), syph(1), thuj(1), ust(1)"
744,2,"SWOLLEN, Ovaries, right","apis(2), lyc(1), pall(2)"
744,2,"SWOLLEN, Ovaries, left","brom(2), carb-ac(1), graph(1), kali-br(1), lach(3), lil-t(1), nat-h(2)"
744,2,"SWOLLEN, Ovaries, menses, before",brom(1)
744,3,"SWOLLEN, Ovaries, menses, before, during","apis(1), brom(1), nat-h(1)"
744,3,"SWOLLEN, Ovaries, menses, before, after",graph(2)
744,1,"SWOLLEN, Uterus","agn(2), anan(1), iod(2), lach(2), lil-t(2), lyss(2), meph(1), sabin(1), tarent(2), ust(1)"
744,2,"SWOLLEN, Uterus, menses, before","nux-m(1), ph-ac(1)"
744,3,"SWOLLEN, Uterus, menses, before, during","kali-bi(1), ust(1)"
744,2,"SWOLLEN, Uterus, cervix","arg-n(1), calc(1), calc-p(2), canth(1), hydr(1), iod(2), kreos(2), nat-m(2), sarr(1)"
744,1,"SWOLLEN, Vagina","agar(2), alumn(1), calc-p(1), cann-s(1), coc-c(1), cur(2), ferr(1), ferr-i(2), iod(2), kreos(2), merc(1), nit-ac(3), nux-v(2), puls(1)"
744,0,TIGHTNESS in ovarian region on raising arms,apis(2)
745,0,"TINGLING, voluptuous","agar(1), alum(2), apis(1), bov(1), bufo(1), calc(1), calc-p(2), canth(1), coff(1), elaps(1), kali-br(2), kreos(1), lach(1), lil-t(1), lyc(1), mosch(1), nux-v(2), orig(3), phos(2), plat(3), raph(1), sulph(1), tarent(1)"
745,0,TUBERCLES,"calc(2), carb-ac(2), merc(2), phos(1)"
745,1,"TUBERCLES, stinging burning",calc(2)
745,0,TUMORS,"calc(2), coc-c(1), lyc(3), nit-ac(2)"
745,1,"TUMORS, encysted","bar-c(1), calc(1), carb-s(1), graph(2), kali-c(1), lyc(1), nit-ac(1), rhod(1), sabin(2), sep(1), sil(2), sulph(1)"
745,1,"TUMORS, erectile","ars(1), carb-an(2), carb-v(2), kreos(1), lach(2), lyc(1), nit-ac(2), phos(2), plat(1), sep(1), sil(1), sulph(1), thuj(2)"
745,2,"TUMORS, erectile, bleeding","arn(1), coc-c(1), kreos(1), lach(1), phos(2), puls(1), thuj(1)"
745,2,"TUMORS, erectile, blue",carb-v(2)
745,2,"TUMORS, erectile, burning","calc(1), carb-an(2), thuj(2)"
745,2,"TUMORS, erectile, itching",nit-ac(2)
745,2,"TUMORS, erectile, pricking",carb-v(2)
745,2,"TUMORS, erectile, sticking",nit-ac(2)
745,1,"TUMORS, hard",carb-v(2)
745,1,"TUMORS, Ovaries","apis(3), apoc(1), ars(2), ars-i(1), bar-m(2), calc(2), coloc(2), fl-ac(1), graph(1), hep(1), iod(2), lach(3), lyc(3), plat(2), podo(2), staph(1), stram(1), syph(1), thuj(1), zinc(1)"
745,2,"TUMORS, Ovaries, right","apis(2), fl-ac(1), iod(2), lyc(3), podo(2)"
745,2,"TUMORS, Ovaries, left","lach(3), podo(2)"
745,2,"TUMORS, Ovaries, cysts","apis(2), bov(2), bufo(2), canth(1), carb-an(1), coloc(2), iod(2), kali-br(2), lach(2), merc(1), murx(1), plat(2), prun-s(1), rhod(1), rhus-t(2), thuj(1)"
745,2,"TUMORS, Ovaries, fibroids","apis(1), calc(1), coloc(1), fl-ac(1), hep(1), iod(1), lach(1), merc(1), plat(1), podo(2), staph(1), thuj(1)"
745,1,"TUMORS, Uterus","calc(2), crot-h(2), ter(3), thuj(1)"
745,2,"TUMORS, Uterus, fibroid","apis(2), aur-m-n(2), brom(1), bufo(1), calc(3), calc-f(3), calc-p(2), calc-s(2), con(2), kali-br(1), kali-c(2), kali-i(2), lach(2), led(2), lil-t(2), lyc(2), merc(1), merc-c(2), merc-i-r(1), nit-ac(1), nux-v(1), phos(3), plat(1), sec(1), sil(2), sul-ac(1), ter(2), thuj(1), tub(1), ust(2), vinc(1)"
745,1,"TUMORS, Vagina, cysts","lyc(2), puls(2), rhod(1), sil(3)"
745,0,TWITCHING,sep(1)
745,0,ULCERS,"alum(1), alumn(3), am-c(1), anan(1), arg-n(2), ars(1), asaf(2), bell(1), bry(1), calc(1), calc-s(1), carb-v(1), con(1), graph(1), hep(2), kali-i(1), lac-c(1), lach(2), lyc(2), merc(3), merc-c(2), merc-i-f(1), merc-i-r(1), mur-ac(2), nit-ac(3), ph-ac(1), phos(1), psor(2), puls(2), rhus-t(1), rob(1), sec(1), sep(2), sil(3), staph(1), sulph(1), syph(1), thuj(2), vesp(1), zinc(1)"
745,0,VAGINISMUS,"acon(2), bell(2), berb(2), cact(3), canth(2), cocc(1), con(1), ferr(1), ferr-p(2), gels(1), ham(2), ign(2), kali-br(1), lyc(2), mag-p(1), merc(1), nat-m(2), nux-v(1), plat(1), plb(3), puls(2), sil(2)"
745,1,"VAGINISMUS, coition, during","cact(1), plat(2)"
745,2,"VAGINISMUS, coition, during, preventing","cact(3), plat(1)"
745,0,"VEINS, varicose","ambr(1), calc(2), carb-v(2), ham(2), lyc(2), nux-v(1), thuj(2), zinc(2)"
745,0,WARTS (See Condylomata),
745,0,"WEAKNESS, sensation of, in region of uterus during passage of stool and urine",calc-p(2)
