شناخت,پرانا راستہ (ایپ),نیا راستہ (مطبوعہ کتاب),اردو جملہ,ادویات پرانی,ادویات ماخذی,فرق
m39985,OPENING,OPENING and shutting (See Pain),سر — کھلنا,0,0,یکساں
o38724,"BALANCING, difficulty to keep the head erect","BALANCING sensation in, difficulty to keep the head erect",سر — سر سیدھا رکھنا مشکل,1,1,یکساں
o38725,"BALANCING, motion, on","BALANCING sensation in, motion, on",سر — ڈولنا، حرکت پر,4,4,یکساں
o38726,"BALANCING, pendulum-like","BALANCING sensation in, pendulum-like",سر — پنڈولم کی طرح ڈولنا,1,1,یکساں
o38735,"BEATS, feels as if he could beat head to pieces","BEATS against the bed (See Striking), feels as if he could beat head to pieces",سر — لگتا ہے سر پیٹ پیٹ کر ٹکڑے کر دے,1,1,یکساں
o39100,"DRAWN, forwards","DRAWN backward (See Falling), forwards",سر — آگے کو کھنچنا,7,7,یکساں
o39102,"DRAWN, sideways, epilepsy, before","DRAWN backward (See Falling), sideways, epilepsy, before",سر — ایک طرف کو کھنچنا، مرگی کے دورے سے پہلے,3,3,یکساں
o39103,"DRAWN, sideways, first left then right","DRAWN backward (See Falling), sideways, first left then right",سر — ایک طرف کو کھنچنا، پہلے بائیں پھر دائیں,1,1,یکساں
o39104,"DRAWN, sideways, first right then left","DRAWN backward (See Falling), sideways, first right then left",سر — ایک طرف کو کھنچنا، پہلے دائیں پھر بائیں,2,2,یکساں
o39105,"DRAWN, sideways, right, to","DRAWN backward (See Falling), sideways, right, to",سر — دائیں طرف کو کھنچنا,4,4,یکساں
o39106,"DRAWN, sideways, upon shoulders","DRAWN backward (See Falling), sideways, upon shoulders",سر — ایک طرف کو کھنچنا، کندھوں پر,2,2,یکساں
o39109,"EMPTY, hollow sensation, afternoon","EMPTY, hollow sensation, afternoon",سر — کھوکھلا پن کا احساس، سہ پہر,1,1,یکساں
o39110,"EMPTY, hollow sensation, air, in open","EMPTY, hollow sensation, air, in open",سر — کھوکھلا پن کا احساس، کھلی ہوا میں,2,2,یکساں
o39111,"EMPTY, hollow sensation, bed, amel., on getting warm in","EMPTY, hollow sensation, bed, amel., on getting warm in",سر — کھوکھلا پن کا احساس، بستر میں گرم ہونے پر آرام,1,1,یکساں
o39112,"EMPTY, hollow sensation, eating, after","EMPTY, hollow sensation, eating, after",سر — کھوکھلا پن کا احساس، کھانے کے بعد,3,3,یکساں
o39113,"EMPTY, hollow sensation, forehead, in","EMPTY, hollow sensation, Forehead, in",سر — کھوکھلا پن کا احساس، ماتھے میں,6,6,یکساں
o39114,"EMPTY, hollow sensation, forehead, in, as if between forehead and brain","EMPTY, hollow sensation, Forehead, in, as if between forehead and brain",سر — کھوکھلا پن کا احساس، ماتھے میں، جیسے ماتھے اور دماغ کے بیچ خلا ہو,1,1,یکساں
o39115,"EMPTY, hollow sensation, intoxication, as after","EMPTY, hollow sensation, intoxication, as after",سر — کھوکھلا پن کا احساس، جیسے نشے کے بعد,4,4,یکساں
o39116,"EMPTY, hollow sensation, morning","EMPTY, hollow sensation, morning",سر — کھوکھلا پن کا احساس، صبح,6,6,یکساں
o39117,"EMPTY, hollow sensation, night agg. lying on occiput; amel. by pressure of hand","EMPTY, hollow sensation, night agg. lying on occiput; amel. by pressure of hand",سر — کھوکھلا پن کا احساس، رات گدی کے بل لیٹنے سے بگاڑ؛ ہاتھ کے دباؤ سے آرام,1,1,یکساں
o39118,"EMPTY, hollow sensation, pressure of hand amel.","EMPTY, hollow sensation, pressure of hand amel.",سر — کھوکھلا پن کا احساس، ہاتھ کے دباؤ سے آرام,2,2,یکساں
o39119,"EMPTY, hollow sensation, riding amel.","EMPTY, hollow sensation, riding amel.",سر — کھوکھلا پن کا احساس، سواری سے آرام,1,1,یکساں
o39120,"EMPTY, hollow sensation, sitting, while","EMPTY, hollow sensation, sitting, while",سر — کھوکھلا پن کا احساس، بیٹھے ہوئے,1,1,یکساں
o39121,"EMPTY, hollow sensation, sleep, after restless","EMPTY, hollow sensation, sleep, after restless",سر — کھوکھلا پن کا احساس، بے قرار نیند کے بعد,1,1,یکساں
o39122,"EMPTY, hollow sensation, talking, while","EMPTY, hollow sensation, talking, while",سر — کھوکھلا پن کا احساس، باتیں کرتے ہوئے,3,3,یکساں
o39123,"EMPTY, hollow sensation, warm bed amel.","EMPTY, hollow sensation, warm bed amel.",سر — کھوکھلا پن کا احساس، گرم بستر سے آرام,1,1,یکساں
o39128,"ENLARGED, 4 p.m.","ENLARGED sensation (See Expanded, Swollen), 4 p.m.",سر — بڑا ہو جانا (پھول جانے کا احساس)، سہ پہر 4 بجے,1,1,یکساں
o39129,"ENLARGED, bandaging amel.","ENLARGED sensation (See Expanded, Swollen), bandaging amel.",سر — بڑا ہو جانا (پھول جانے کا احساس)، پٹی باندھنے سے آرام,1,1,یکساں
o39130,"ENLARGED, elongated","ENLARGED sensation (See Expanded, Swollen), elongated",سر — بڑا ہو جانا (پھول جانے کا احساس)، لمبا ہو گیا,1,1,یکساں
o39133,"ENLARGED, fever, with intermittent","ENLARGED sensation (See Expanded, Swollen), fever, with intermittent",سر — بڑا ہو جانا (پھول جانے کا احساس)، باری کے بخار کے ساتھ,1,1,یکساں
o39134,"ENLARGED, headache, with","ENLARGED sensation (See Expanded, Swollen), headache, with",سر — بڑا ہو جانا (پھول جانے کا احساس)، سر درد کے ساتھ,1,1,یکساں
o39136,"ENLARGED, lying, while, rising agg.","ENLARGED sensation (See Expanded, Swollen), lying, while, rising agg.",سر — بڑا ہو جانا، لیٹے ہوئے، اٹھنے پر بگاڑ,1,1,یکساں
o39137,"ENLARGED, menses, during","ENLARGED sensation (See Expanded, Swollen), menses, during",سر — بڑا ہو جانا (پھول جانے کا احساس)، حیض کے دوران,2,2,یکساں
o39138,"ENLARGED, occiput","ENLARGED sensation (See Expanded, Swollen), Occiput",سر — بڑا ہو جانا (پھول جانے کا احساس)، گدی,2,2,یکساں
o39139,"ENLARGED, pregnancy, during","ENLARGED sensation (See Expanded, Swollen), pregnancy, during",سر — بڑا ہو جانا (پھول جانے کا احساس)، حمل کے دوران,1,1,یکساں
o39140,"ENLARGED, pulling on boots agg.","ENLARGED sensation (See Expanded, Swollen), pulling on boots agg.",سر — بڑا ہو جانا (پھول جانے کا احساس)، جوتے کھینچ کر پہننے سے بگاڑ,1,1,یکساں
o39141,"ENLARGED, stool, during","ENLARGED sensation (See Expanded, Swollen), stool, during",سر — بڑا ہو جانا (پھول جانے کا احساس)، پاخانے کے دوران,1,1,یکساں
o39142,"ENLARGED, weather, in cold, damp","ENLARGED sensation (See Expanded, Swollen), weather, in cold, damp",سر — بڑا ہو جانا (پھول جانے کا احساس)، ٹھنڈے نم موسم میں,1,1,یکساں
o39143,"ENLARGED, widened, sensation as if","ENLARGED sensation (See Expanded, Swollen), widened, sensation as if",سر — بڑا ہو جانا (پھول جانے کا احساس)، جیسے چوڑا ہو گیا ہو,1,1,یکساں
o39156,"ERUPTION, crusts, scabs, bloody","ERUPTION, crusts, scabs, bloody",سر — کھرنڈ، خونی,1,1,یکساں
o39157,"ERUPTION, crusts, scabs, brown","ERUPTION, crusts, scabs, brown",سر — کھرنڈ، بھورے,1,1,یکساں
o39158,"ERUPTION, crusts, scabs, greenish","ERUPTION, crusts, scabs, greenish",سر — کھرنڈ، سبزی مائل,3,3,یکساں
o39159,"ERUPTION, crusts, scabs, malignant","ERUPTION, crusts, scabs, malignant",سر — کھرنڈ، خبیث (بدخو),2,2,یکساں
o39160,"ERUPTION, crusts, scabs, moist","ERUPTION, crusts, scabs, moist",سر — کھرنڈ، نم,7,7,یکساں
o39161,"ERUPTION, crusts, scabs, occiput","ERUPTION, crusts, scabs, Occiput",سر — کھرنڈ، گدی پر,5,5,یکساں
o39162,"ERUPTION, crusts, scabs, serpiginous","ERUPTION, crusts, scabs, serpiginous",سر — کھرنڈ، رینگتے ہوئے (سانپ کی چال کی طرح پھیلتے),2,2,یکساں
o39163,"ERUPTION, crusts, scabs, temples","ERUPTION, crusts, scabs, Temples",سر — کھرنڈ، کنپٹیوں پر,2,2,یکساں
o39164,"ERUPTION, crusts, scabs, ulcerated","ERUPTION, crusts, scabs, ulcerated",سر — کھرنڈ، ناسور زدہ,3,3,یکساں
o39165,"ERUPTION, crusts, scabs, vermin, with","ERUPTION, crusts, scabs, vermin, with",سر — کھرنڈ، جوؤں کے ساتھ,5,5,یکساں
o39166,"ERUPTION, crusts, scabs, white","ERUPTION, crusts, scabs, white",سر — کھرنڈ، سفید,6,6,ماخذی مطابق کیے
o39167,"ERUPTION, crusts, scabs, white, with thick white pus beneath","ERUPTION, crusts, scabs, white, with thick white pus beneath",سر — کھرنڈ، سفید، نیچے گاڑھی سفید پیپ,1,1,یکساں
o39168,"ERUPTION, crusts, scabs, yellow","ERUPTION, crusts, scabs, yellow",سر — کھرنڈ، زرد,13,13,یکساں
o39248,"FALLING backward, sitting, while","FALLING backward of head (See Heaviness), sitting, while",سر — سر پیچھے کو گرے، بیٹھے ہوئے,4,4,یکساں
o39257,"FALLING, forward, looking at anything, when, sinking of head forward","FALLING backward of head (See Heaviness), forward, looking at anything, when, sinking of head forward",سر — سر آگے کو گرے، کسی چیز کو دیکھنے پر، سر آگے کو ڈھلک جائے,1,1,یکساں
o39258,"FALLING, forward, rising, on","FALLING backward of head (See Heaviness), forward, rising, on",سر — سر آگے کو گرے، اٹھنے پر,1,1,یکساں
o39260,"FALLING, forward, sensation of, in brain, pain, as if fell forward and came up again","FALLING backward of head (See Heaviness), forward, sensation of, in brain (See Looseness), pain, as if fell forward and came up again",سر — آگے کو گرنے کا احساس، دماغ میں، درد جیسے آگے گر کر پھر اوپر آ گیا ہو,1,1,یکساں
o39261,"FALLING, forward, sensation of, in brain, raising head amel.","FALLING backward of head (See Heaviness), forward, sensation of, in brain (See Looseness), raising head amel.",سر — آگے کو گرنے کا احساس، دماغ میں، سر اٹھانے سے آرام,1,1,یکساں
o39262,"FALLING, forward, sensation of, in brain, stooping, on","FALLING backward of head (See Heaviness), forward, sensation of, in brain (See Looseness), stooping, on",سر — آگے کو گرنے کا احساس، دماغ میں، جھکنے پر,14,14,یکساں
o39263,"FALLING, forward, sitting, while","FALLING backward of head (See Heaviness), forward, sitting, while",سر — سر آگے کو گرے، بیٹھے ہوئے,3,3,یکساں
o39264,"FALLING, forward, stooping, when","FALLING backward of head (See Heaviness), forward, stooping, when",سر — سر آگے کو گرے، جھکنے پر,2,2,یکساں
o39265,"FALLING, forward, walking, while","FALLING backward of head (See Heaviness), forward, walking, while",سر — سر آگے کو گرے، چلتے ہوئے,2,2,یکساں
o39266,"FALLING, forward, wrinkling of forehead and open air amel.","FALLING backward of head (See Heaviness), forward, wrinkling of forehead and open air amel.",سر — سر آگے کو گرے، ماتھے پر شکنیں ڈالنے اور کھلی ہوا سے آرام,1,1,یکساں
o39349,"FULLNESS (See Enlarged), pressure of hat, amel.","FULLNESS (See Enlarged), pressure of hat agg., amel.",سر — بھراؤ (بھرا بھرا لگنا)، ٹوپی کے دباؤ سے آرام,4,4,یکساں
o39387,"HAIR, bristling","HAIR baldness, bristling",سر — بال کھڑے ہو جائیں,28,28,یکساں
o39388,"HAIR, bristling, coming in from open air","HAIR baldness, bristling, coming in from open air",سر — بال کھڑے ہو جائیں، کھلی ہوا سے اندر آنے پر,1,1,یکساں
o39389,"HAIR, brittleness","HAIR baldness, brittleness",سر — بال ٹوٹنے والے (بھربھرے),4,4,یکساں
o39390,"HAIR, color changes","HAIR baldness, color changes",سر — بالوں کا رنگ بدل جائے,1,1,یکساں
o39391,"HAIR, curly, becomes","HAIR baldness, curly, becomes",سر — بال گھنگھریالے ہو جائیں,1,1,یکساں
o39392,"HAIR, dryness","HAIR baldness, dryness",سر — بال خشک,16,16,یکساں
o39394,"HAIR, falling, forehead","HAIR baldness, falling, Forehead",سر — بال گرنا، ماتھے سے,7,7,یکساں
o39395,"HAIR, falling, grief, from","HAIR baldness, falling, grief, from",سر — بال گرنا، غم سے,1,1,یکساں
o39396,"HAIR, falling, handfuls, in","HAIR baldness, falling, handfuls, in",سر — بال گرنا، مٹھیاں بھر بھر کر,4,4,یکساں
o39397,"HAIR, falling, menopause","HAIR baldness, falling, menopause",سر — بال گرنا، سنِ یاس میں,1,1,یکساں
o39398,"HAIR, falling, occiput, on","HAIR baldness, falling, Occiput, on",سر — بال گرنا، گدی سے,5,5,یکساں
o39399,"HAIR, falling, parturition, after","HAIR baldness, falling, parturition, after",سر — بال گرنا، زچگی کے بعد,8,8,یکساں
o39400,"HAIR, falling, pregnancy, during","HAIR baldness, falling, pregnancy, during",سر — بال گرنا، حمل کے دوران,1,1,یکساں
o39401,"HAIR, falling, sides","HAIR baldness, falling, Sides",سر — بال گرنا، پہلوؤں سے,6,6,یکساں
o39403,"HAIR, falling, spots in, and comes in white","HAIR baldness, falling, spots in, and comes in white",سر — بال گرنا، جگہ جگہ سے، اور سفید نکلیں,1,1,یکساں
o39404,"HAIR, falling, temples","HAIR baldness, falling, Temples",سر — بال گرنا، کنپٹیوں سے,7,7,یکساں
o39405,"HAIR, gray, becomes","HAIR baldness, gray, becomes",سر — بال سفید ہو جائیں,11,11,یکساں
o39407,"HAIR, greasy","HAIR baldness, greasy",سر — بال چکنے,3,3,یکساں
o39408,"HAIR, lustreless","HAIR baldness, lustreless",سر — بال بے رونق,6,6,یکساں
o39409,"HAIR, painful when touched","HAIR baldness, painful when touched",سر — بال چھونے سے دکھیں,31,31,یکساں
o39410,"HAIR, sticks together","HAIR baldness, sticks together",سر — بال آپس میں چپک جائیں,4,4,ماخذی مطابق کیے
o39411,"HAIR, sticks together, ends at","HAIR baldness, sticks together, ends at",سر — بال سروں پر آپس میں چپک جائیں,1,1,یکساں
o39412,"HAIR, tangles easily","HAIR baldness, tangles easily",سر — بال جلدی الجھ جائیں,6,6,یکساں
o39454,"HEAT, diarrhoea, during","HEAT, diarrhœa, during",سر — گرمی، دستوں کے دوران,9,9,یکساں
o39504,"HEAT, morning, rising, amel.","HEAT, morning, rising on, amel.",سر — گرمی، صبح اٹھنے سے آرام,1,1,یکساں
o39512,"HEAT, occiput, diarrhoea, during","HEAT, Occiput, diarrhœa, during",سر — گرمی، گدی میں، دستوں کے دوران,2,2,یکساں
o39522,"HEAT, pressure, of hands amel.","HEAT, pressure amel., of hands amel.",سر — گرمی، ہاتھوں کے دباؤ سے آرام,1,1,یکساں
o39547,"HEAT, standing, amel.","HEAT, standing agg., amel.",سر — گرمی، کھڑے ہونے سے آرام,1,1,یکساں
o39591,"HEAVINESS (See Pressing), bending head, forward, on","HEAVINESS (See Pressing), bending head back amel., forward, on",سر — بھاری پن، سر آگے جھکانے پر,2,2,یکساں
o39603,"HEAVINESS (See Pressing), darkness, amel.","HEAVINESS (See Pressing), darkness agg., amel.",سر — بھاری پن، اندھیرے میں آرام,1,1,یکساں
o39654,"HEAVINESS (See Pressing), looking steadily, amel.","HEAVINESS (See Pressing), looking steadily agg., amel.",سر — بھاری پن، ایک ٹک دیکھنے سے آرام,1,1,یکساں
o39655,"HEAVINESS (See Pressing), looking, sideways, while","HEAVINESS (See Pressing), looking steadily agg., sideways, while",سر — بھاری پن، ترچھا دیکھتے ہوئے,1,1,یکساں
o39686,"HEAVINESS (See Pressing), occiput, extending, down arms","HEAVINESS (See Pressing), Occiput, extending downward, down arms",سر — بھاری پن، گدی سے بازوؤں میں نیچے تک,1,1,یکساں
o39687,"HEAVINESS (See Pressing), occiput, extending, ear to ear","HEAVINESS (See Pressing), Occiput, extending downward, ear to ear",سر — بھاری پن، گدی میں، کان سے کان تک,1,1,یکساں
o39688,"HEAVINESS (See Pressing), occiput, extending, nape, into","HEAVINESS (See Pressing), Occiput, extending downward, nape, into",سر — بھاری پن، گدی سے گردن کے پچھلے حصے تک,1,1,یکساں
o39689,"HEAVINESS (See Pressing), occiput, extending, shoulders, to","HEAVINESS (See Pressing), Occiput, extending downward, shoulders, to",سر — بھاری پن، گدی سے کندھوں تک,1,1,یکساں
o39767,"INFLAMMATION, periosteum","INFLAMMATION of brain, Periosteum",سر — ہڈی کی جھلی کی سوزش,18,18,یکساں
o39768,"INFLAMMATION, tubercular","INFLAMMATION of brain, tubercular",سر — تپ دق والی سوزش,9,9,یکساں
o39769,"INFLAMMATION, with sopor","INFLAMMATION of brain, with sopor",سر — سوزش، گہری غنودگی کے ساتھ,1,1,یکساں
o39800,"ITCHING of scalp, occiput, scratching, amel.","ITCHING of scalp, Occiput, scratching agg., amel.",سر — خارش، گدی میں، کھجانے سے آرام,2,2,یکساں
o39807,"ITCHING of scalp, scratching, amel.","ITCHING of scalp, scratching agg., amel.",سر — خارش، کھجانے سے آرام,14,14,یکساں
o39808,"ITCHING of scalp, scratching, changes place, after","ITCHING of scalp, scratching agg., changes place, after",سر — خارش، کھجانے کے بعد جگہ بدل لے,4,4,یکساں
o39809,"ITCHING of scalp, scratching, not amel. after","ITCHING of scalp, scratching agg., not amel. after",سر — خارش، کھجانے کے بعد بھی آرام نہیں,3,3,یکساں
o39821,"JERKING of, backwards and forwards","JERKING of the head, backwards and forwards",سر — سر آگے پیچھے جھٹکے,4,4,یکساں
o39822,"JERKING of, behind forward, from","JERKING of the head, behind forward, from",سر — سر پیچھے سے آگے کو جھٹکے,6,6,یکساں
o39823,"JERKING of, daytime","JERKING of the head, daytime",سر — سر کے جھٹکے، دن کے وقت,1,1,یکساں
o39824,"JERKING of, head forward and knees upward during cough","JERKING of the head, head forward and knees upward during cough",سر — کھانسی کے دوران سر آگے اور گھٹنے اوپر کو جھٹکیں,1,1,یکساں
o39825,"JERKING of, here and there","JERKING of the head, here and there",سر — سر ادھر ادھر جھٹکے,3,3,یکساں
o39826,"JERKING of, involuntary, back and forward, while sitting","JERKING of the head, involuntary, back and forward, while sitting",سر — سر بے اختیار آگے پیچھے جھٹکے، بیٹھے ہوئے,1,1,یکساں
o39827,"JERKING of, lying on the back, while","JERKING of the head, lying on the back, while",سر — سر کے جھٹکے، پیٹھ کے بل لیٹے ہوئے,2,2,یکساں
o39829,"JERKING of, one side to another, from","JERKING of the head, one side to another, from",سر — سر ایک طرف سے دوسری طرف جھٹکے,5,5,یکساں
o39830,"JERKING of, right, to","JERKING of the head, right, to",سر — سر دائیں طرف جھٹکے,1,1,یکساں
o39831,"JERKING of, sitting, while","JERKING of the head, sitting, while",سر — سر کے جھٹکے، بیٹھے ہوئے,1,1,یکساں
o39833,"JERKING of, sleep, during, head jerks backwards","JERKING of the head, sleep, during, head jerks backwards",سر — نیند میں سر پیچھے کو جھٹکے,1,1,یکساں
o39834,"JERKING of, talking, while","JERKING of the head, talking, while",سر — سر کے جھٹکے، باتیں کرتے ہوئے,1,1,یکساں
o39835,"JERKING of, walking quickly or ascending stairs, on","JERKING of the head, walking quickly or ascending stairs, on",سر — سر کے جھٹکے، تیز چلنے یا سیڑھیاں چڑھنے پر,1,1,یکساں
o39841,"KNOCKS, pain as if knocked in the head","KNOCKS head against things, pain as if knocked in the head",سر — درد جیسے سر پر ضرب لگی ہو,1,1,یکساں
o39901,"MOTIONS of head (shaking, nodding, waving, etc.), throwing head, backward","MOTIONS of head (shaking, nodding, waving, etc.) (See Drawn, Falling, Trembling, etc.), throwing head about, backward",سر — سر پیچھے کو پٹختا ہے,13,13,یکساں
o39980,OEDEMA of scalp,ŒDEMA of scalp,سر — سر کی کھال کا ورم (پانی بھرنا),2,2,یکساں
o39981,"OEDEMA of, glabella","ŒDEMA of scalp, glabella",سر — ورم، بھنوؤں کے بیچ (ناک کی جڑ پر),1,1,یکساں
o39985,"OPENING, sensation as if opened and let in cold air","OPENING and shutting (See Pain), sensation as if opened and let in cold air",سر — جیسے سر کھل گیا ہو اور ٹھنڈی ہوا اندر آ گئی ہو,1,1,یکساں
o44290,"PERSPIRATION, forehead, afternoon","PERSPIRATION scalp, Forehead, afternoon",سر — پسینہ، ماتھے پر، سہ پہر,1,1,یکساں
o44291,"PERSPIRATION, forehead, anxiety, as from","PERSPIRATION scalp, Forehead, anxiety, as from",سر — پسینہ، ماتھے پر، جیسے بے چینی سے,2,2,یکساں
o44293,"PERSPIRATION, forehead, clammy","PERSPIRATION scalp, Forehead, clammy",سر — پسینہ، ماتھے پر، چپچپا,6,6,یکساں
o44295,"PERSPIRATION, forehead, cold, chill, during","PERSPIRATION scalp, Forehead, cold, chill, during",سر — پسینہ، ماتھے پر، ٹھنڈا، سردی لگنے کے دوران,2,2,یکساں
o44298,"PERSPIRATION, forehead, diarrhoea, during","PERSPIRATION scalp, Forehead, diarrhœa, during",سر — پسینہ، ماتھے پر، دستوں کے دوران,1,1,یکساں
o44302,"PERSPIRATION, forehead, evening","PERSPIRATION scalp, Forehead, evening",سر — پسینہ، ماتھے پر، شام,6,6,یکساں
o44303,"PERSPIRATION, forehead, evening, 6-30 p.m.","PERSPIRATION scalp, Forehead, evening, 6-30 p.m.",سر — پسینہ، ماتھے پر، شام ساڑھے 6 بجے,1,1,یکساں
o44304,"PERSPIRATION, forehead, evening, lying, after","PERSPIRATION scalp, Forehead, evening, lying, after",سر — پسینہ، ماتھے پر، شام لیٹنے کے بعد,1,1,یکساں
o44305,"PERSPIRATION, forehead, evening, walking, while","PERSPIRATION scalp, Forehead, evening, walking, while",سر — پسینہ، ماتھے پر، شام چلتے ہوئے,1,1,یکساں
o44306,"PERSPIRATION, forehead, evening, writing","PERSPIRATION scalp, Forehead, evening, writing",سر — پسینہ، ماتھے پر، شام لکھتے ہوئے,1,1,یکساں
o44311,"PERSPIRATION, forehead, morning","PERSPIRATION scalp, Forehead, morning",سر — پسینہ، ماتھے پر، صبح,7,7,یکساں
o44312,"PERSPIRATION, forehead, morning, 4 a.m.","PERSPIRATION scalp, Forehead, morning, 4 a.m.",سر — پسینہ، ماتھے پر، رات 4 بجے,1,1,یکساں
o44313,"PERSPIRATION, forehead, morning, 6 a.m.","PERSPIRATION scalp, Forehead, morning, 6 a.m.",سر — پسینہ، ماتھے پر، صبح 6 بجے,1,1,یکساں
o44314,"PERSPIRATION, forehead, morning, 8 a.m.","PERSPIRATION scalp, Forehead, morning, 8 a.m.",سر — پسینہ، ماتھے پر، صبح 8 بجے,1,1,یکساں
o44315,"PERSPIRATION, forehead, morning, bed, in","PERSPIRATION scalp, Forehead, morning, bed, in",سر — پسینہ، ماتھے پر، صبح بستر میں,1,1,یکساں
o44316,"PERSPIRATION, forehead, morning, stool, during","PERSPIRATION scalp, Forehead, morning, stool, during",سر — پسینہ، ماتھے پر، صبح پاخانے کے دوران,1,1,یکساں
o44318,"PERSPIRATION, forehead, night","PERSPIRATION scalp, Forehead, night",سر — پسینہ، ماتھے پر، رات,4,4,یکساں
o44319,"PERSPIRATION, forehead, night, pain in abdomen, during","PERSPIRATION scalp, Forehead, night, pain in abdomen, during",سر — پسینہ، ماتھے پر، رات پیٹ کے درد کے دوران,1,1,یکساں
o44320,"PERSPIRATION, forehead, noon","PERSPIRATION scalp, Forehead, noon",سر — پسینہ، ماتھے پر، دوپہر,2,2,یکساں
o44781,"SINKING, something were sinking from occiput, on stooping, as if","SINKING sensation, something were sinking from occiput, on stooping, as if",سر — جیسے جھکنے پر کوئی چیز گدی سے نیچے دھنس رہی ہو,1,1,یکساں
o44784,"SMALLER, brain feels smaller than skull","SMALLER feels, brain feels smaller than skull",سر — دماغ کھوپڑی سے چھوٹا محسوس ہو,2,2,یکساں
o44827,"SWOLLEN, glabella","SWOLLEN glands of head, glabella",سر — سوجن، بھنوؤں کے بیچ,1,1,یکساں
o44828,"SWOLLEN, occiput","SWOLLEN glands of head, Occiput",سر — سوجن، گدی پر,2,2,یکساں
o44833,"TICKLING, brain, night","TICKLING in, Brain, night",سر — گدگدی، دماغ میں، رات,1,1,یکساں
o44834,"TICKLING, forehead","TICKLING in, Forehead",سر — گدگدی، ماتھے میں,2,2,یکساں
o44882,"TWITCHING of muscles, sides, extending, throat, to","TWITCHING of muscles of the head, Sides, extending from side to side, throat, to",سر — پھڑکن، پہلوؤں سے حلق تک,1,1,یکساں
o44883,"TWITCHING of muscles, sides, extending, vertex, to, when jerking arms and on stepping","TWITCHING of muscles of the head, Sides, extending from side to side, vertex, to, when jerking arms and on stepping",سر — پھڑکن، پہلوؤں سے چوٹی تک، بازو جھٹکنے اور قدم رکھنے پر,1,1,یکساں
o66759,FALLING backward,FALLING backward of head (See Heaviness),سر — پیچھے کو گرنا,23,23,ماخذی مطابق کیے
r0,ABSCESS,ABSCESS,سر — پھوڑا,5,5,یکساں
r1,ADHESION of skin of forehead,ADHESION of skin of forehead,سر — ماتھے کی جلد کا چپک جانا,1,1,یکساں
r1002,"HEAVINESS (See Pressing), sleep amel.","HEAVINESS (See Pressing), sleep amel.",سر — بھاری پن، نیند سے آرام,1,1,یکساں
r1003,"HEAVINESS (See Pressing), smoking agg.","HEAVINESS (See Pressing), smoking agg.",سر — بھاری پن، تمباکو نوشی سے بگاڑ,2,2,یکساں
r1004,"HEAVINESS (See Pressing), sneezing, on","HEAVINESS (See Pressing), sneezing, on",سر — بھاری پن، چھینکتے وقت,1,1,یکساں
r1005,"HEAVINESS (See Pressing), standing, on","HEAVINESS (See Pressing), standing, on",سر — بھاری پن، کھڑے ہونے پر,9,9,یکساں
r1006,"HEAVINESS (See Pressing), stool, after","HEAVINESS (See Pressing), stool, after",سر — بھاری پن، پاخانے کے بعد,1,1,یکساں
r1009,"HEAVINESS (See Pressing), swallowing agg.","HEAVINESS (See Pressing), swallowing agg.",سر — بھاری پن، نگلنے سے بگاڑ,1,1,یکساں
r1010,"HEAVINESS (See Pressing), talking, from","HEAVINESS (See Pressing), talking, from",سر — بھاری پن، باتیں کرنے سے,4,4,یکساں
r1011,"HEAVINESS (See Pressing), thinking of it agg.","HEAVINESS (See Pressing), thinking of it agg.",سر — بھاری پن، اس کے بارے میں سوچنے سے بگاڑ,1,1,یکساں
r1012,"HEAVINESS (See Pressing), urine, profuse discharge, amel.","HEAVINESS (See Pressing), urine, profuse discharge, amel.",سر — بھاری پن، کھل کر پیشاب آنے سے آرام,2,2,یکساں
r1013,"HEAVINESS (See Pressing), vexation, after","HEAVINESS (See Pressing), vexation, after",سر — بھاری پن، کوفت کے بعد,1,1,یکساں
r1014,"HEAVINESS (See Pressing), waking, on","HEAVINESS (See Pressing), waking, on",سر — بھاری پن، جاگنے پر,31,31,یکساں
r1019,"HEAVINESS (See Pressing), warm room","HEAVINESS (See Pressing), warm room",سر — بھاری پن، گرم کمرے میں,10,10,یکساں
r1020,"HEAVINESS (See Pressing), washing amel.","HEAVINESS (See Pressing), washing amel.",سر — بھاری پن، دھونے سے آرام,2,2,یکساں
r1021,"HEAVINESS (See Pressing), wrinkling forehead amel.","HEAVINESS (See Pressing), wrinkling forehead amel.",سر — بھاری پن، ماتھے پر شکنیں ڈالنے سے آرام,1,1,یکساں
r1022,"HEAVINESS (See Pressing), writing, while","HEAVINESS (See Pressing), writing, while",سر — بھاری پن، لکھتے ہوئے,4,4,یکساں
r1025,"HEAVINESS (See Pressing), forehead, morning, waking, on","HEAVINESS (See Pressing), Forehead, morning, waking, on",سر — بھاری پن، ماتھے میں، صبح جاگنے پر,2,2,یکساں
r1026,"HEAVINESS (See Pressing), forehead, forenoon","HEAVINESS (See Pressing), Forehead, forenoon",سر — بھاری پن، ماتھے میں، دوپہر سے پہلے,5,5,یکساں
r1027,"HEAVINESS (See Pressing), forehead, noon","HEAVINESS (See Pressing), Forehead, noon",سر — بھاری پن، ماتھے میں، دوپہر,1,1,یکساں
r1028,"HEAVINESS (See Pressing), forehead, afternoon","HEAVINESS (See Pressing), Forehead, afternoon",سر — بھاری پن، ماتھے میں، سہ پہر,8,8,ماخذی مطابق کیے
r1029,"HEAVINESS (See Pressing), forehead, afternoon, 4 p.m.","HEAVINESS (See Pressing), Forehead, afternoon, 4 p.m.",سر — بھاری پن، ماتھے میں، سہ پہر 4 بجے,1,1,یکساں
r1031,"HEAVINESS (See Pressing), forehead, evening, menses, during","HEAVINESS (See Pressing), Forehead, evening, menses, during",سر — بھاری پن، ماتھے میں، شام، حیض کے دوران,1,1,یکساں
r1032,"HEAVINESS (See Pressing), forehead, air, in open, amel.","HEAVINESS (See Pressing), Forehead, air, in open, amel.",سر — بھاری پن، ماتھے میں، کھلی ہوا میں آرام,1,1,یکساں
r1033,"HEAVINESS (See Pressing), forehead, all would come out, as if","HEAVINESS (See Pressing), Forehead, all would come out, as if",سر — بھاری پن، ماتھے میں، جیسے سب کچھ باہر نکل پڑے گا,3,3,یکساں
r1034,"HEAVINESS (See Pressing), forehead, eating, after","HEAVINESS (See Pressing), Forehead, eating, after",سر — بھاری پن، ماتھے میں، کھانے کے بعد,3,3,یکساں
r1035,"HEAVINESS (See Pressing), forehead, heat of sun","HEAVINESS (See Pressing), Forehead, heat of sun",سر — بھاری پن، ماتھے میں، دھوپ کی گرمی سے,2,2,یکساں
r1036,"HEAVINESS (See Pressing), forehead, menses, during","HEAVINESS (See Pressing), Forehead, menses, during",سر — بھاری پن، ماتھے میں، حیض کے دوران,1,1,یکساں
r1037,"HEAVINESS (See Pressing), forehead, mental exertion","HEAVINESS (See Pressing), Forehead, mental exertion",سر — بھاری پن، ماتھے میں، ذہنی محنت سے,1,1,یکساں
r1038,"HEAVINESS (See Pressing), forehead, motion, on","HEAVINESS (See Pressing), Forehead, motion, on",سر — بھاری پن، ماتھے میں، حرکت پر,2,2,یکساں
r1039,"HEAVINESS (See Pressing), forehead, standing, while","HEAVINESS (See Pressing), Forehead, standing, while",سر — بھاری پن، ماتھے میں، کھڑے ہوئے,1,1,یکساں
r1040,"HEAVINESS (See Pressing), forehead, stone lay there, as if","HEAVINESS (See Pressing), Forehead, stone lay there, as if",سر — بھاری پن، ماتھے میں، جیسے پتھر رکھا ہو,1,1,یکساں
r1041,"HEAVINESS (See Pressing), forehead, stooping, when","HEAVINESS (See Pressing), Forehead, stooping, when",سر — بھاری پن، ماتھے میں، جھکنے پر,4,4,یکساں
r1042,"HEAVINESS (See Pressing), forehead, waking, on","HEAVINESS (See Pressing), Forehead, waking, on",سر — بھاری پن، ماتھے میں، جاگنے پر,2,2,یکساں
r1043,"HEAVINESS (See Pressing), forehead, walking, while","HEAVINESS (See Pressing), Forehead, walking, while",سر — بھاری پن، ماتھے میں، چلتے ہوئے,3,3,یکساں
r1044,"HEAVINESS (See Pressing), forehead, weight pressed forward in, as if a, must hold head upright","HEAVINESS (See Pressing), Forehead, weight pressed forward in, as if a, must hold head upright",سر — بھاری پن، ماتھے میں، جیسے وزن آگے کو دبا رہا ہو، سر سیدھا رکھنا پڑے,2,2,یکساں
r1046,"HEAVINESS (See Pressing), forehead, writing, while","HEAVINESS (See Pressing), Forehead, writing, while",سر — بھاری پن، ماتھے میں، لکھتے ہوئے,1,1,یکساں
r1047,"HEAVINESS (See Pressing), forehead, frontal sinuses","HEAVINESS (See Pressing), Forehead, frontal sinuses",سر — بھاری پن، ماتھے کے اندرونی خانوں (سائنس) میں,1,1,یکساں
r1050,"HEAVINESS (See Pressing), occiput, morning, menses, during","HEAVINESS (See Pressing), Occiput, morning, menses, during",سر — بھاری پن، گدی میں، صبح حیض کے دوران,1,1,یکساں
r1051,"HEAVINESS (See Pressing), occiput, forenoon","HEAVINESS (See Pressing), Occiput, forenoon",سر — بھاری پن، گدی میں، دوپہر سے پہلے,1,1,یکساں
r1052,"HEAVINESS (See Pressing), occiput, afternoon","HEAVINESS (See Pressing), Occiput, afternoon",سر — بھاری پن، گدی میں، سہ پہر,2,2,یکساں
r1053,"HEAVINESS (See Pressing), occiput, evening","HEAVINESS (See Pressing), Occiput, evening",سر — بھاری پن، گدی میں، شام,2,2,یکساں
r1054,"HEAVINESS (See Pressing), occiput, night","HEAVINESS (See Pressing), Occiput, night",سر — بھاری پن، گدی میں، رات,2,2,ماخذی مطابق کیے
r1055,"HEAVINESS (See Pressing), occiput, night, could not be raised from pillow, as if","HEAVINESS (See Pressing), Occiput, night, could not be raised from pillow, as if",سر — بھاری پن، گدی میں، رات، جیسے تکیے سے اٹھایا ہی نہ جا سکے,1,1,یکساں
r1056,"HEAVINESS (See Pressing), occiput, night, lying on back","HEAVINESS (See Pressing), Occiput, night, lying on back",سر — بھاری پن، گدی میں، رات پیٹھ کے بل لیٹے,1,1,یکساں
r1057,"HEAVINESS (See Pressing), occiput, bending head forward","HEAVINESS (See Pressing), Occiput, bending head forward",سر — بھاری پن، گدی میں، سر آگے جھکانے پر,3,3,یکساں
r1058,"HEAVINESS (See Pressing), occiput, chill, during","HEAVINESS (See Pressing), Occiput, chill, during",سر — بھاری پن، گدی میں، سردی لگنے کے دوران,1,1,یکساں
r1059,"HEAVINESS (See Pressing), occiput, draws eyes together","HEAVINESS (See Pressing), Occiput, draws eyes together",سر — بھاری پن، گدی میں، آنکھیں بند کرنے پر مجبور کرے,1,1,یکساں
r1060,"HEAVINESS (See Pressing), occiput, heat of sun","HEAVINESS (See Pressing), Occiput, heat of sun",سر — بھاری پن، گدی میں، دھوپ کی گرمی سے,1,1,یکساں
r1061,"HEAVINESS (See Pressing), occiput, lead, as if full of","HEAVINESS (See Pressing), Occiput, lead, as if full of",سر — بھاری پن، گدی میں، جیسے سیسے سے بھری ہو,6,6,یکساں
r1062,"HEAVINESS (See Pressing), occiput, lying down, after","HEAVINESS (See Pressing), Occiput, lying down, after",سر — بھاری پن، گدی میں، لیٹنے کے بعد,1,1,یکساں
r1065,"HEAVINESS (See Pressing), occiput, motion agg.","HEAVINESS (See Pressing), Occiput, motion agg.",سر — بھاری پن، گدی میں، حرکت سے بگاڑ,4,4,یکساں
r1067,"HEAVINESS (See Pressing), occiput, raise, difficult to, pain in occiput like a weight, must raise head with hands","HEAVINESS (See Pressing), Occiput, raise, difficult to, pain in occiput like a weight, must raise head with hands",سر — بھاری پن، گدی میں، سر اٹھانا مشکل، گدی میں وزن جیسا درد، سر ہاتھوں سے اٹھانا پڑے,2,2,یکساں
r1068,"HEAVINESS (See Pressing), occiput, rising, on","HEAVINESS (See Pressing), Occiput, rising, on",سر — بھاری پن، گدی میں، اٹھنے پر,1,1,یکساں
r1069,"HEAVINESS (See Pressing), occiput, sink, as if head would, backward","HEAVINESS (See Pressing), Occiput, sink, as if head would, backward",سر — بھاری پن، گدی میں، جیسے سر پیچھے کو ڈھلک جائے گا,4,4,یکساں
r1070,"HEAVINESS (See Pressing), occiput, sitting bent, while","HEAVINESS (See Pressing), Occiput, sitting bent, while",سر — بھاری پن، گدی میں، جھک کر بیٹھے ہوئے,1,1,یکساں
r1071,"HEAVINESS (See Pressing), occiput, step, at every, a jolt as if weight were on occiput","HEAVINESS (See Pressing), Occiput, step, at every, a jolt as if weight were on occiput",سر — بھاری پن، گدی میں، ہر قدم پر جھٹکا جیسے گدی پر وزن ہو,1,1,یکساں
r1072,"HEAVINESS (See Pressing), occiput, swallowing agg.","HEAVINESS (See Pressing), Occiput, swallowing agg.",سر — بھاری پن، گدی میں، نگلنے سے بگاڑ,1,1,یکساں
r1073,"HEAVINESS (See Pressing), occiput, waking, on","HEAVINESS (See Pressing), Occiput, waking, on",سر — بھاری پن، گدی میں، جاگنے پر,4,4,یکساں
r1074,"HEAVINESS (See Pressing), occiput, walking, while","HEAVINESS (See Pressing), Occiput, walking, while",سر — بھاری پن، گدی میں، چلتے ہوئے,1,1,یکساں
r1075,"HEAVINESS (See Pressing), occiput, extending downward","HEAVINESS (See Pressing), Occiput, extending downward",سر — بھاری پن، گدی سے نیچے کی طرف پھیلتا ہوا,3,3,یکساں
r1080,"HEAVINESS (See Pressing), sides","HEAVINESS (See Pressing), Sides",سر — بھاری پن، پہلوؤں میں,20,20,یکساں
r1081,"HEAVINESS (See Pressing), sides, right","HEAVINESS (See Pressing), Sides, right",سر — بھاری پن، دائیں پہلو میں,2,2,یکساں
r1082,"HEAVINESS (See Pressing), temples","HEAVINESS (See Pressing), Temples",سر — بھاری پن، کنپٹیاں,21,21,یکساں
r1083,"HEAVINESS (See Pressing), temples, as if a weight hung at both sides","HEAVINESS (See Pressing), Temples, as if a weight hung at both sides",سر — بھاری پن، کنپٹیوں میں، جیسے دونوں طرف وزن لٹکا ہو,2,2,یکساں
r1084,"HEAVINESS (See Pressing), Vertex (See Pressing)","HEAVINESS (See Pressing), Vertex (See Pressing)",سر — بھاری پن، چوٹی میں,0,0,یکساں
r1085,HEAVING up and down sensation,HEAVING up and down sensation,سر — اوپر نیچے اٹھنے گرنے کا احساس,3,3,یکساں
r1086,"HOLD up head, unable to","HOLD up head, unable to",سر — سر اوپر رکھنے سے قاصر,29,29,یکساں
r1088,HORRIPILATION (See Hair),HORRIPILATION (See Hair),سر — رونگٹے کھڑے ہونا,0,0,یکساں
r1089,HYDROCEPHALUS,HYDROCEPHALUS,سر — دماغ میں پانی بھر جانا (ہائیڈروسیفالس),37,37,یکساں
r1090,"HYDROCEPHALUS, lies with head low","HYDROCEPHALUS, lies with head low",سر — دماغ میں پانی، سر نیچا رکھ کر لیٹتا ہے,4,4,یکساں
r1091,"HYDROCEPHALUS, with sweat","HYDROCEPHALUS, with sweat",سر — دماغ میں پانی، پسینے کے ساتھ,1,1,یکساں
r1092,INFLAMMATION of brain,INFLAMMATION of brain,سر — دماغ کی سوزش,28,28,یکساں
r1096,"INFLAMMATION of brain, Mastoid (See Ear, Caries)","INFLAMMATION of brain, Mastoid (See Ear, Caries)",سر — کان کے پیچھے کی ہڈی کی سوزش,0,0,یکساں
r1098,"INJURIES of the head, after","INJURIES of the head, after",سر — سر کی چوٹ کے بعد,5,5,یکساں
r1099,"INTOXICATION, as from","INTOXICATION, as from (See Confusion of Mind)",سر — جیسے نشے سے,38,38,یکساں
r1101,"ITCHING of scalp, daytime","ITCHING of scalp, daytime",سر — سر کی کھال میں خارش، دن کے وقت,2,2,یکساں
r1102,"ITCHING of scalp, morning","ITCHING of scalp, morning",سر — سر کی کھال میں خارش، صبح,15,15,یکساں
r1103,"ITCHING of scalp, forenoon","ITCHING of scalp, forenoon",سر — سر کی کھال میں خارش، دوپہر سے پہلے,2,2,یکساں
r1105,"ITCHING of scalp, afternoon, 2 p.m.","ITCHING of scalp, afternoon, 2 p.m.",سر — خارش، سہ پہر 2 بجے,1,1,یکساں
r1106,"ITCHING of scalp, evening","ITCHING of scalp, evening",سر — سر کی کھال میں خارش، شام,12,12,یکساں
r1107,"ITCHING of scalp, night","ITCHING of scalp, night",سر — سر کی کھال میں خارش، رات,10,10,یکساں
r1109,"ITCHING of scalp, biting","ITCHING of scalp, biting",سر — سر کی کھال میں خارش، کاٹتی ہوئی,8,8,یکساں
r1110,"ITCHING of scalp, bleeds, must scratch until","ITCHING of scalp, bleeds, must scratch until",سر — سر کی کھال میں خارش، کھجانا پڑے یہاں تک کہ خون نکل آئے,5,5,یکساں
r1111,"ITCHING of scalp, burning","ITCHING of scalp, burning",سر — سر کی کھال میں خارش، جلتی ہوئی,12,12,یکساں
r1112,"ITCHING of scalp, cold, when becoming","ITCHING of scalp, cold, when becoming",سر — سر کی کھال میں خارش، ٹھنڈ لگنے پر,1,1,یکساں
r1113,"ITCHING of scalp, crawling","ITCHING of scalp, crawling",سر — سر کی کھال میں خارش، رینگتی ہوئی,3,3,یکساں
r1114,"ITCHING of scalp, damp weather","ITCHING of scalp, damp weather",سر — سر کی کھال میں خارش، نم موسم میں,1,1,یکساں
r1115,"ITCHING of scalp, lying, while","ITCHING of scalp, lying, while",سر — سر کی کھال میں خارش، لیٹے ہوئے,1,1,یکساں
r1116,"ITCHING of scalp, painful","ITCHING of scalp, painful",سر — سر کی کھال میں خارش، دردناک,1,1,یکساں
r1117,"ITCHING of scalp, perspiring","ITCHING of scalp, perspiring",سر — سر کی کھال میں خارش، پسینہ آتے وقت,1,1,یکساں
r1118,"ITCHING of scalp, rainy weather","ITCHING of scalp, rainy weather",سر — سر کی کھال میں خارش، برسات کے موسم میں,1,1,یکساں
r1119,"ITCHING of scalp, rubbing amel.","ITCHING of scalp, rubbing amel.",سر — سر کی کھال میں خارش، ملنے سے آرام,2,2,یکساں
r1120,"ITCHING of scalp, scratching agg.","ITCHING of scalp, scratching agg.",سر — سر کی کھال میں خارش، کھجانے سے بگاڑ,4,4,یکساں
r1124,"ITCHING of scalp, sleep, when going to","ITCHING of scalp, sleep, when going to",سر — سر کی کھال میں خارش، سوتے وقت,1,1,یکساں
r1125,"ITCHING of scalp, spots","ITCHING of scalp, spots",سر — سر کی کھال میں خارش، دھبوں میں,1,1,یکساں
r1126,"ITCHING of scalp, sudden","ITCHING of scalp, sudden",سر — سر کی کھال میں خارش، اچانک,1,1,یکساں
r1127,"ITCHING of scalp, undressing, when","ITCHING of scalp, undressing, when",سر — سر کی کھال میں خارش، کپڑے اتارتے وقت,1,1,یکساں
r1128,"ITCHING of scalp, walking in open air","ITCHING of scalp, walking in open air",سر — سر کی کھال میں خارش، کھلی ہوا میں چلتے ہوئے,1,1,یکساں
r1129,"ITCHING of scalp, wandering","ITCHING of scalp, wandering",سر — سر کی کھال میں خارش، جگہ بدلتی ہوئی,3,3,یکساں
r1130,"ITCHING of scalp, warm from exercise, when","ITCHING of scalp, warm from exercise, when",سر — سر کی کھال میں خارش، ورزش سے گرم ہونے پر,2,2,یکساں
r1132,"ITCHING of scalp, warmth of bed agg.","ITCHING of scalp, warmth of bed agg.",سر — سر کی کھال میں خارش، بستر کی گرمی سے بگاڑ,8,8,یکساں
r1134,"ITCHING of scalp, forehead, evening","ITCHING of scalp, Forehead, evening",سر — خارش، ماتھے میں، شام,2,2,یکساں
r1135,"ITCHING of scalp, forehead, air, in open, amel.","ITCHING of scalp, Forehead, air, in open, amel.",سر — خارش، ماتھے میں، کھلی ہوا میں آرام,1,1,یکساں
r1136,"ITCHING of scalp, forehead, burning","ITCHING of scalp, Forehead, burning",سر — خارش، ماتھے میں، جلتی ہوئی,1,1,یکساں
r1137,"ITCHING of scalp, forehead, dinner, during","ITCHING of scalp, Forehead, dinner, during",سر — خارش، ماتھے میں، دوپہر کے کھانے کے دوران,3,3,یکساں
r1138,"ITCHING of scalp, forehead, menses before, itching eruption on","ITCHING of scalp, Forehead, menses before, itching eruption on",سر — خارش، ماتھے میں، حیض سے پہلے، خارش والے دانے,1,1,یکساں
r1139,"ITCHING of scalp, forehead, rubbing amel.","ITCHING of scalp, Forehead, rubbing amel.",سر — خارش، ماتھے میں، ملنے سے آرام,3,3,یکساں
r1140,"ITCHING of scalp, forehead, scratching amel.","ITCHING of scalp, Forehead, scratching amel.",سر — خارش، ماتھے میں، کھجانے سے آرام,3,3,یکساں
r1142,"ITCHING of scalp, occiput, morning","ITCHING of scalp, Occiput, morning",سر — خارش، گدی میں، صبح,1,1,یکساں
r1143,"ITCHING of scalp, occiput, evening","ITCHING of scalp, Occiput, evening",سر — خارش، گدی میں، شام,3,3,یکساں
r1144,"ITCHING of scalp, occiput, scratching agg.","ITCHING of scalp, Occiput, scratching agg.",سر — خارش، گدی میں، کھجانے سے بگاڑ,1,1,یکساں
r1146,"ITCHING of scalp, occiput, warm room agg.","ITCHING of scalp, Occiput, warm room agg.",سر — خارش، گدی میں، گرم کمرے میں بگاڑ,2,2,یکساں
r1147,JERKING of the head,JERKING of the head,سر — سر کا جھٹکنا,15,15,یکساں
r1165,"KNOCKING in head (See Pulsation), ball striking skull, like a","KNOCKING in head (See Pulsation), ball striking skull, like a",سر — جیسے گیند کھوپڑی سے ٹکرائے,1,1,یکساں
r1167,"KNOCKING in head (See Pulsation), brain against skull, as of, motion, on","KNOCKING in head (See Pulsation), brain against skull, as of, motion, on",سر — جیسے دماغ کھوپڑی سے ٹکرائے، حرکت پر,2,2,یکساں
r1168,KNOCKS head against things,KNOCKS head against things,سر — سر چیزوں سے ٹکراتا ہے,8,8,یکساں
r1171,"LARGE (See Enlarged), brain feels","LARGE (See Enlarged), brain feels",سر — دماغ بڑا محسوس ہو,9,9,یکساں
r1172,"LEAN on something, desire to","LEAN on something, desire to",سر — کسی چیز سے ٹیک لگانے کی خواہش,2,2,یکساں
r1173,LICE,LICE,سر — جوئیں,13,13,یکساں
r1174,"LIFTING up of the skull, sensation of","LIFTING up of the skull, sensation of",سر — جیسے کھوپڑی اوپر اٹھ رہی ہو,2,2,یکساں
r1175,"LIGHTNESS, sense of (See Vertigo)","LIGHTNESS, sense of (See Vertigo)",سر — ہلکے پن کا احساس,0,0,یکساں
r1176,"LIGHTNESS, sense of, occiput, in","LIGHTNESS, sense of (See Vertigo), Occiput, in",سر — ہلکے پن کا احساس، گدی میں,1,1,یکساں
r1177,"LOOSENESS of brain, sensation of","LOOSENESS of brain, sensation of (See Motion, shaking, falling, striking)",سر — دماغ ڈھیلا ہونے کا احساس,48,48,یکساں
r1202,"LUMP, sensation as of, forehead, in","LUMP, sensation as of, Forehead, in",سر — جیسے ماتھے میں کوئی گلٹی ہو,3,3,یکساں
r1203,LUPUS,LUPUS,سر — لیوپس (جلد کی گلتی بیماری),2,2,یکساں
r1204,"LYING on something hard, as if","LYING on something hard, as if",سر — جیسے کسی سخت چیز پر لیٹا ہو,2,2,یکساں
r1207,"MARBLE, brain feels as if changed to","MARBLE, brain feels as if changed to",سر — جیسے دماغ سنگ مرمر بن گیا ہو,1,1,یکساں
r1208,"MOTIONS, movements, etc., in head","MOTIONS, movements, etc., in head (See Knocking, Looseness, Shaking, Waving, etc.)",سر — سر میں ہلچل، حرکتیں وغیرہ,71,71,یکساں
r1258,"MOTIONS of head (shaking, nodding, waving, etc.), backward and forward","MOTIONS of head (shaking, nodding, waving, etc.) (See Drawn, Falling, Trembling, etc.), backward and forward",سر — سر آگے پیچھے ہلتا ہے,10,10,یکساں
r1259,"MOTIONS of head (shaking, nodding, waving, etc.), constant","MOTIONS of head (shaking, nodding, waving, etc.) (See Drawn, Falling, Trembling, etc.), constant",سر — سر کی حرکتیں، مسلسل,3,3,یکساں
r1260,"MOTIONS of head (shaking, nodding, waving, etc.), convulsive","MOTIONS of head (shaking, nodding, waving, etc.) (See Drawn, Falling, Trembling, etc.), convulsive",سر — سر کی حرکتیں، تشنجی,9,9,یکساں
r1261,"MOTIONS of head (shaking, nodding, waving, etc.), convulsive, so that talking and swallowing are impossible","MOTIONS of head (shaking, nodding, waving, etc.) (See Drawn, Falling, Trembling, etc.), convulsive, so that talking and swallowing are impossible",سر — سر کی حرکتیں، تشنجی، اتنی کہ بولنا اور نگلنا ناممکن,1,1,یکساں
r1262,"MOTIONS of head (shaking, nodding, waving, etc.), difficult","MOTIONS of head (shaking, nodding, waving, etc.) (See Drawn, Falling, Trembling, etc.), difficult",سر — سر کی حرکتیں، مشکل,4,4,یکساں
r1263,"MOTIONS of head (shaking, nodding, waving, etc.), forward","MOTIONS of head (shaking, nodding, waving, etc.) (See Drawn, Falling, Trembling, etc.), forward",سر — سر آگے کو ہلتا ہے,4,4,یکساں
r1264,"MOTIONS of head (shaking, nodding, waving, etc.), hither and thither","MOTIONS of head (shaking, nodding, waving, etc.) (See Drawn, Falling, Trembling, etc.), hither and thither",سر — سر ادھر ادھر ہلتا ہے,3,3,یکساں
r1265,"MOTIONS of head (shaking, nodding, waving, etc.), impossible","MOTIONS of head (shaking, nodding, waving, etc.) (See Drawn, Falling, Trembling, etc.), impossible",سر — سر کی حرکت ناممکن,3,3,یکساں
r1266,"MOTIONS of head (shaking, nodding, waving, etc.), involuntary","MOTIONS of head (shaking, nodding, waving, etc.) (See Drawn, Falling, Trembling, etc.), involuntary",سر — سر کی حرکتیں، بے اختیار,8,8,یکساں
r1267,"MOTIONS of head (shaking, nodding, waving, etc.) (See Drawn, Falling, Trembling, etc.), jerking (See Shocks, Jerking)","MOTIONS of head (shaking, nodding, waving, etc.) (See Drawn, Falling, Trembling, etc.), jerking (See Shocks, Jerking)",سر — سر کی حرکتیں، جھٹکے,0,0,یکساں
r1268,"MOTIONS of head (shaking, nodding, waving, etc.), nodding of","MOTIONS of head (shaking, nodding, waving, etc.) (See Drawn, Falling, Trembling, etc.), nodding of",سر — سر ہاں کی طرح ہلنا (جھکنا),11,11,ماخذی مطابق کیے
r1269,"MOTIONS of head (shaking, nodding, waving, etc.), nodding of, writing, while","MOTIONS of head (shaking, nodding, waving, etc.) (See Drawn, Falling, Trembling, etc.), nodding of, writing, while",سر — سر ہاں کی طرح ہلنا، لکھتے ہوئے,2,2,یکساں
r1270,"MOTIONS of head (shaking, nodding, waving, etc.), pains, moves head to relieve","MOTIONS of head (shaking, nodding, waving, etc.) (See Drawn, Falling, Trembling, etc.), pains, moves head to relieve",سر — درد کم کرنے کے لیے سر ہلاتا ہے,3,3,یکساں
r1271,"MOTIONS of head (shaking, nodding, waving, etc.), pendulum-like","MOTIONS of head (shaking, nodding, waving, etc.) (See Drawn, Falling, Trembling, etc.), pendulum-like",سر — سر پنڈولم کی طرح ہلتا ہے,2,2,یکساں
r1272,"MOTIONS of head (shaking, nodding, waving, etc.), rising from the pillow, spasmodic","MOTIONS of head (shaking, nodding, waving, etc.) (See Drawn, Falling, Trembling, etc.), rising from the pillow, spasmodic",سر — سر تکیے سے جھٹکے سے اٹھے,2,2,یکساں
r1273,"MOTIONS of head (shaking, nodding, waving, etc.), rolling head","MOTIONS of head (shaking, nodding, waving, etc.) (See Drawn, Falling, Trembling, etc.), rolling head",سر — سر لڑھکانا (ادھر ادھر پٹخنا),40,40,ماخذی مطابق کیے
r1274,"MOTIONS of head (shaking, nodding, waving, etc.), rolling head, day and night, with moaning","MOTIONS of head (shaking, nodding, waving, etc.) (See Drawn, Falling, Trembling, etc.), rolling head, day and night, with moaning",سر — سر لڑھکانا، دن رات، کراہنے کے ساتھ,2,2,یکساں
r1275,"MOTIONS of head (shaking, nodding, waving, etc.), rolling head, in paroxysms","MOTIONS of head (shaking, nodding, waving, etc.) (See Drawn, Falling, Trembling, etc.), rolling head, in paroxysms",سر — سر لڑھکانا، دوروں کی شکل میں,1,1,یکساں
r1276,"MOTIONS of head (shaking, nodding, waving, etc.), rolling head, sitting, while","MOTIONS of head (shaking, nodding, waving, etc.) (See Drawn, Falling, Trembling, etc.), rolling head, sitting, while (See Turning)",سر — سر لڑھکانا، بیٹھے ہوئے,1,1,یکساں
r1277,"MOTIONS of head (shaking, nodding, waving, etc.), rolling head, when too weak to move body","MOTIONS of head (shaking, nodding, waving, etc.) (See Drawn, Falling, Trembling, etc.), rolling head, when too weak to move body",سر — سر لڑھکانا، جب جسم ہلانے کی طاقت نہ ہو,1,1,یکساں
r1278,"MOTIONS of head (shaking, nodding, waving, etc.), rubs against something","MOTIONS of head (shaking, nodding, waving, etc.) (See Drawn, Falling, Trembling, etc.), rubs against something",سر — سر کسی چیز سے رگڑتا ہے,1,1,یکساں
r1279,"MOTIONS of head (shaking, nodding, waving, etc.), shaking the head, involuntarily, which makes him dizzy","MOTIONS of head (shaking, nodding, waving, etc.) (See Drawn, Falling, Trembling, etc.), shaking the head, involuntarily, which makes him dizzy",سر — سر بے اختیار ہلاتا ہے، جس سے چکر آتے ہیں,1,1,یکساں
r1280,"MOTIONS of head (shaking, nodding, waving, etc.), sideways","MOTIONS of head (shaking, nodding, waving, etc.) (See Drawn, Falling, Trembling, etc.), sideways",سر — سر ایک طرف کو ہلتا ہے,10,10,یکساں
r1281,"MOTIONS of head (shaking, nodding, waving, etc.), rocks head from side to side to relieve pain","MOTIONS of head (shaking, nodding, waving, etc.) (See Drawn, Falling, Trembling, etc.), rocks head from side to side to relieve pain",سر — درد کم کرنے کے لیے سر ایک طرف سے دوسری طرف جھلاتا ہے,3,3,یکساں
r1282,"MOTIONS of head (shaking, nodding, waving, etc.), throwing head about","MOTIONS of head (shaking, nodding, waving, etc.) (See Drawn, Falling, Trembling, etc.), throwing head about",سر — سر ادھر ادھر پٹختا ہے,5,5,یکساں
r1284,"MOTIONS of head (shaking, nodding, waving, etc.), tosses","MOTIONS of head (shaking, nodding, waving, etc.) (See Drawn, Falling, Trembling, etc.), tosses",سر — سر تڑپاتا ہے,6,6,یکساں
r1285,"MOTIONS of head (shaking, nodding, waving, etc.), turning backward, of","MOTIONS of head (shaking, nodding, waving, etc.) (See Drawn, Falling, Trembling, etc.), turning backward, of",سر — سر پیچھے کو مڑنا,1,1,یکساں
r1290,"MOTIONS of head (shaking, nodding, waving, etc.), wagging","MOTIONS of head (shaking, nodding, waving, etc.) (See Drawn, Falling, Trembling, etc.), wagging",سر — سر ڈولنا (ہلتے رہنا),2,2,یکساں
r1291,NODDING (See Motions),NODDING (See Motions),سر — سر ہاں کی طرح ہلنا,0,0,یکساں
r1292,"NUMBNESS, sensation of","NUMBNESS, sensation of (See Asleep)",سر — سن ہونے کا احساس,63,63,یکساں
r1318,OILY forehead,OILY forehead,سر — ماتھا چکنا,2,2,یکساں
r1319,OPEN fontanelles,OPEN fontanelles,سر — تالو کھلا (نرم ہڈی بند نہ ہونا),9,9,یکساں
r1320,"OPEN fontanelles, sunken","OPEN fontanelles, sunken",سر — تالو کھلا اور دھنسا ہوا,2,2,یکساں
r1323,"PAIN, headache in general","PAIN, headache in general",سر — درد، سر درد عمومی,258,258,یکساں
r149,"COLD air, head sensitive to","COLD air, head sensitive to",سر — سر ٹھنڈی ہوا سے حساس,38,38,ماخذی مطابق کیے
r150,"COLD air, head sensitive to, morning","COLD air, head sensitive to, morning",سر — سر ٹھنڈی ہوا سے حساس، صبح,1,1,یکساں
r151,"COLD air, head sensitive to, evening","COLD air, head sensitive to, evening",سر — سر ٹھنڈی ہوا سے حساس، شام,1,1,یکساں
r152,"COLD air, head sensitive to, night","COLD air, head sensitive to, night",سر — سر ٹھنڈی ہوا سے حساس، رات,1,1,یکساں
r153,"COLD air, head sensitive to, walking in cold air","COLD air, head sensitive to, walking in cold air",سر — سر ٹھنڈی ہوا سے حساس، ٹھنڈی ہوا میں چلتے ہوئے,1,1,یکساں
r154,"COMMOTION, painless, in","COMMOTION, painless, in",سر — ہلچل، بغیر درد کے,1,1,یکساں
r155,"COMPRESSION (See Constriction, Pressing)","COMPRESSION (See Constriction, Pressing)",سر — دباؤ، سکڑاؤ,0,0,یکساں
r156,CONCUSSION of brain,CONCUSSION of brain,سر — دماغ کی چوٹ (جھٹکا),16,16,یکساں
r17,ANAEMIA of the brain,ANÆMIA of the brain,سر — دماغ میں خون کی کمی,31,31,یکساں
r18,"ASLEEP, sensation as if","ASLEEP, sensation as if",سر — جیسے سو گیا ہو (سن),12,12,یکساں
r25,BALANCING sensation in,BALANCING sensation in,سر — ڈولنے کا احساس,4,4,یکساں
r29,BALDNESS (See Hair),BALDNESS (See Hair),سر — گنج پن,0,0,یکساں
r3,"AIR or wind, passing through head, sensation as of, extending to abdomen","AIR OR WIND, passing through head, sensation as of, extending to abdomen",سر — جیسے سر میں سے ہوا گزر رہی ہو، پیٹ تک پھیلتی ہوئی,1,1,یکساں
r30,"BALL, sensation as of a, rising up","BALL, sensation as of a, rising up",سر — جیسے گیند اوپر چڑھ رہی ہو,7,7,یکساں
r36,BAND (See Constriction),BAND (See Constriction),سر — پٹی بندھی ہو (جکڑن),0,0,یکساں
r37,BEATS against the bed (See Striking),BEATS against the bed (See Striking),سر — بستر سے ٹکراتا ہے,5,5,یکساں
r381,"CONTRACTION of scalp, sensation of, forehead","CONTRACTION of scalp, sensation of, forehead",سر — سر کی کھال سکڑنے کا احساس، ماتھے میں,3,3,یکساں
r382,CONVULSIONS of the right side of head,CONVULSIONS of the right side of head,سر — سر کے دائیں حصے میں تشنج,1,1,یکساں
r383,"COVERS head (See Coldness, uncovering)","COVERS head (See Coldness, uncovering)",سر — سر ڈھانپتا ہے,0,0,یکساں
r385,"CRACKLING sensation in, evening","CRACKLING sensation in, evening",سر — چٹخنے کا احساس، شام,1,1,یکساں
r386,"CRACKLING sensation in, as if something broke","CRACKLING sensation in, as if something broke",سر — جیسے کچھ ٹوٹ گیا ہو,1,1,یکساں
r387,"CRACKLING sensation in, blowing nose, after","CRACKLING sensation in, blowing nose, after",سر — چٹخنے کا احساس، ناک سنکنے کے بعد,1,1,یکساں
r388,"CRACKLING sensation in, motion agg.","CRACKLING sensation in, motion agg.",سر — چٹخنے کا احساس، حرکت سے بگاڑ,1,1,یکساں
r389,"CRACKLING sensation in, shivering, with","CRACKLING sensation in, shivering, with",سر — چٹخنے کا احساس، کپکپی کے ساتھ,1,1,یکساں
r390,"CRACKLING sensation in, siesta, during","CRACKLING sensation in, siesta, during",سر — چٹخنے کا احساس، دوپہر کی نیند کے دوران,1,1,یکساں
r393,"CRACKLING sensation in, turning the head, when","CRACKLING sensation in, turning the head, when",سر — چٹخنے کا احساس، سر گھمانے پر,1,1,یکساں
r394,"CRACKLING sensation in, forehead","CRACKLING sensation in, Forehead",سر — چٹخنے کا احساس، ماتھے میں,2,2,یکساں
r395,"CRACKLING sensation in, side","CRACKLING sensation in, Side",سر — چٹخنے کا احساس، پہلو میں,6,6,یکساں
r396,"CRACKLING sensation in, occiput","CRACKLING sensation in, Occiput",سر — چٹخنے کا احساس، گدی میں,3,3,یکساں
r397,"CRACKLING sensation in, vertex","CRACKLING sensation in, Vertex",سر — چٹخنے کا احساس، چوٹی میں,2,2,یکساں
r398,"CRAWLING, creeping sensation (See Formication)","CRAWLING, creeping sensation (See Formication)",سر — رینگنے کا احساس,0,0,یکساں
r399,DANDRUFF,DANDRUFF,سر — سکری (بھوسی),30,30,ماخذی مطابق کیے
r40,"BEND head backward, must","BEND head backward, must (See Drawn back)",سر — سر پیچھے جھکانا پڑتا ہے,3,3,یکساں
r400,"DANDRUFF, white","DANDRUFF, white",سر — سفید سکری,5,5,یکساں
r401,"DANDRUFF, yellow","DANDRUFF, yellow",سر — زرد سکری,1,1,یکساں
r402,DILATED (See Expanded),DILATED (See Expanded),سر — پھیلا ہوا,0,0,یکساں
r403,"DISTENTION (See Enlarged, Swollen, Fullness, etc.)","DISTENTION (See Enlarged, Swollen, Fullness, etc.)",سر — پھیلاؤ، تناؤ,0,0,یکساں
r405,"DISTENTION (See Enlarged, Swollen, Fullness, etc.), blood vessels, during menses","DISTENTION (See Enlarged, Swollen, Fullness, etc.), blood vessels, during menses",سر — خون کی نالیوں کا پھیلاؤ، حیض کے دوران,1,1,یکساں
r406,DRAGGING sensation in,DRAGGING sensation in,سر — کھنچاؤ کا احساس,9,9,یکساں
r407,"DRAGGING sensation in, sitting and leaning against high pillow amel.","DRAGGING sensation in, sitting and leaning against high pillow amel.",سر — کھنچاؤ کا احساس، بیٹھ کر اونچے تکیے سے ٹیک لگانے سے آرام,1,1,یکساں
r408,"DRAGGING sensation in, extending to shoulders","DRAGGING sensation in, extending to shoulders",سر — کھنچاؤ کا احساس، کندھوں تک پھیلتا ہوا,1,1,یکساں
r410,"DRAWN backward (See Falling), convulsions, in","DRAWN backward (See Falling), convulsions, in",سر — پیچھے کو کھنچنا، تشنج میں,6,6,یکساں
r42,"BOARD or bar before, sensation as of","BOARD OR BAR before, sensation as of",سر — جیسے سامنے تختہ یا سلاخ ہو,17,17,یکساں
r420,ELONGATED sensation,ELONGATED sensation,سر — لمبا ہو جانے کا احساس,1,1,یکساں
r43,"BOARD or bar before, sensation as of, 11 a.m.","BOARD OR BAR before, sensation as of, 11 a.m.",سر — جیسے سامنے تختہ یا سلاخ ہو، دوپہر سے پہلے 11 بجے,1,1,یکساں
r440,"ENLARGED sensation (See Expanded, Swollen)","ENLARGED sensation (See Expanded, Swollen)",سر — بڑا ہونے کا احساس,61,61,یکساں
r458,"ERUPTION, margin of hair","ERUPTION, margin of hair",سر — دانے، پھنسیاں (سر کی کھال پر)، بالوں کے کنارے پر,7,7,یکساں
r459,"ERUPTION, occiput","ERUPTION, Occiput",سر — دانے، پھنسیاں (سر کی کھال پر)، گدی پر,19,19,یکساں
r46,"BOILING sensation (See Bubbling), seething in left side of vertex","BOILING sensation (See Bubbling), seething in left side of vertex",سر — چوٹی کے بائیں حصے میں کھولنے کا احساس,1,1,یکساں
r460,"ERUPTION, bleeding after scratching","ERUPTION, bleeding after scratching",سر — دانے، پھنسیاں (سر کی کھال پر)، کھجانے کے بعد خون آئے,14,14,یکساں
r462,"ERUPTION, blotches, moist","ERUPTION, blotches, moist",سر — دانے، نم چکتے,1,1,یکساں
r464,"ERUPTION, boils, Forehead (See Face)","ERUPTION, boils, Forehead (See Face)",سر — پھوڑے، ماتھے پر,0,0,یکساں
r465,"ERUPTION, boils, occiput","ERUPTION, boils, Occiput",سر — پھوڑے، گدی پر,3,3,یکساں
r466,"ERUPTION, boils, temple, right","ERUPTION, boils, Temple, right",سر — پھوڑے، دائیں کنپٹی پر,1,1,یکساں
r467,"ERUPTION, burning","ERUPTION, burning",سر — دانے، پھنسیاں (سر کی کھال پر)، جلن والے,9,9,یکساں
r468,"ERUPTION, carbuncles","ERUPTION, carbuncles",سر — دانے، پھنسیاں (سر کی کھال پر)، بڑے زہریلے پھوڑے (کاربنکل),6,6,یکساں
r469,"ERUPTION, copper-colored","ERUPTION, copper-colored",سر — دانے، پھنسیاں (سر کی کھال پر)، تانبے جیسے رنگ کے,3,3,یکساں
r47,"BOILING sensation (See Bubbling), side lain on","BOILING sensation (See Bubbling), side lain on",سر — ابلنے کا احساس، جس پہلو پر لیٹے,1,1,یکساں
r470,"ERUPTION, cracks","ERUPTION, cracks",سر — دانے، پھنسیاں (سر کی کھال پر)، دراڑیں,2,2,یکساں
r48,BORES head in pillow,BORES head in pillow,سر — تکیے میں سر گھساتا ہے,14,14,یکساں
r486,"ERUPTION, desquamating","ERUPTION, desquamating",سر — دانے، پھنسیاں (سر کی کھال پر)، چھلکے اترتے ہوئے,9,9,یکساں
r487,"ERUPTION, dirty","ERUPTION, dirty",سر — دانے، پھنسیاں (سر کی کھال پر)، گندے,3,3,یکساں
r488,"ERUPTION, dry","ERUPTION, dry",سر — دانے، پھنسیاں (سر کی کھال پر)، خشک,10,10,ماخذی مطابق کیے
r489,"ERUPTION, dry, offensive","ERUPTION, dry, offensive",سر — دانے، خشک، بدبودار,3,3,یکساں
r49,"BORES head in pillow, sleep, during","BORES head in pillow, sleep, during",سر — نیند میں تکیے میں سر گھساتا ہے,1,1,یکساں
r491,"ERUPTION, eczema, margin of hair from ear to ear posteriorly","ERUPTION, eczema, margin of hair from ear to ear posteriorly",سر — ایگزیما، بالوں کے کنارے پر کان سے کان تک پیچھے,4,4,یکساں
r492,"ERUPTION, eczema, occiput","ERUPTION, eczema, Occiput",سر — ایگزیما، گدی پر,6,6,یکساں
r493,"ERUPTION, excoriating","ERUPTION, excoriating",سر — دانے، پھنسیاں (سر کی کھال پر)، چھیلنے والے (کھال اتارنے والے),13,13,یکساں
r494,"ERUPTION, hard","ERUPTION, hard",سر — دانے، پھنسیاں (سر کی کھال پر)، سخت,3,3,یکساں
r496,"ERUPTION, herpes, circinatus","ERUPTION, herpes, circinatus",سر — ہرپیز، دائرے کی شکل میں,6,6,یکساں
r497,"ERUPTION, herpes, occiput","ERUPTION, herpes, Occiput",سر — ہرپیز، گدی پر,2,2,یکساں
r498,"ERUPTION, herpes, temples","ERUPTION, herpes, Temples",سر — ہرپیز، کنپٹیوں پر,3,3,یکساں
r5,"AIR OR WIND, passing through head, sensation as of, sensitive to (See Cold)","AIR OR WIND, passing through head, sensation as of, sensitive to (See Cold)",سر — جیسے سر میں سے ہوا گزرے، اس کے لیے حساس,0,0,یکساں
r500,"ERUPTION, impetigo, margin of the hair","ERUPTION, impetigo, margin of the hair",سر — پیپ والے چھالے، بالوں کے کنارے پر,1,1,یکساں
r502,"ERUPTION, itching, morning","ERUPTION, itching, morning",سر — دانے، خارش، صبح,1,1,یکساں
r503,"ERUPTION, itching, night agg.","ERUPTION, itching, night agg.",سر — دانے، خارش، رات بگاڑ,4,4,یکساں
r504,"ERUPTION, itching, menses, before","ERUPTION, itching, menses, before",سر — دانے، خارش، حیض سے پہلے,1,1,یکساں
r505,"ERUPTION, itching, moist, when","ERUPTION, itching, moist, when",سر — دانے، خارش، جب نم ہوں,1,1,یکساں
r506,"ERUPTION, itching, rainy weather, in","ERUPTION, itching, rainy weather, in",سر — دانے، خارش، برسات کے موسم میں,1,1,یکساں
r507,"ERUPTION, itching, warm evening agg.","ERUPTION, itching, warm evening agg.",سر — دانے، خارش، گرم شام میں بگاڑ,2,2,یکساں
r508,"ERUPTION, itching, warm room agg.","ERUPTION, itching, warm room agg.",سر — دانے، خارش، گرم کمرے میں بگاڑ,2,2,یکساں
r51,"BUBBLING sensation is, night","BUBBLING sensation is, night",سر — بلبلے اٹھنے کا احساس، رات,2,2,یکساں
r510,"ERUPTION, moist, glutinous moisture","ERUPTION, moist, glutinous moisture",سر — دانے، نم، لیس دار رطوبت,3,3,یکساں
r511,"ERUPTION, moist, that eats the hair","ERUPTION, moist, that eats the hair",سر — دانے، نم، جو بال کھا جائے,5,5,یکساں
r512,"ERUPTION, moist, yellow","ERUPTION, moist, yellow",سر — دانے، نم، زرد,6,6,یکساں
r513,"ERUPTION, moist, occiput","ERUPTION, moist, Occiput",سر — دانے، نم، گدی پر,6,6,یکساں
r515,"ERUPTION, nodes, occiput","ERUPTION, nodes, Occiput",سر — گلٹیاں، گدی پر,1,1,یکساں
r516,"ERUPTION, offensive","ERUPTION, offensive",سر — دانے، پھنسیاں (سر کی کھال پر)، بدبودار,16,16,یکساں
r517,"ERUPTION, painful","ERUPTION, painful",سر — دانے، پھنسیاں (سر کی کھال پر)، دردناک,10,10,یکساں
r519,"ERUPTION, pimples, margin of hair in front","ERUPTION, pimples, margin of hair in front",سر — پھنسیاں، سامنے بالوں کے کنارے پر,1,1,یکساں
r52,"BUBBLING sensation is, leaning back while sitting amel.","BUBBLING sensation is, leaning back while sitting amel.",سر — بلبلے اٹھنے کا احساس، بیٹھ کر پیچھے ٹیک لگانے سے آرام,1,1,یکساں
r520,"ERUPTION, pimples, occiput, on","ERUPTION, pimples, occiput, on",سر — پھنسیاں، گدی پر,9,9,یکساں
r521,"ERUPTION, pustules","ERUPTION, pustules",سر — دانے، پھنسیاں (سر کی کھال پر)، پیپ والے دانے,17,17,ماخذی مطابق کیے
r522,"ERUPTION, pustules, occiput","ERUPTION, pustules, occiput",سر — پیپ والے دانے، گدی پر,3,3,یکساں
r524,"ERUPTION, scales, bleeding after scratching","ERUPTION, scales, bleeding after scratching",سر — چھلکے، کھجانے کے بعد خون آئے,1,1,یکساں
r525,"ERUPTION, scales, dry","ERUPTION, scales, dry",سر — چھلکے، خشک,6,6,یکساں
r526,"ERUPTION, scales, fine","ERUPTION, scales, fine",سر — چھلکے، باریک,2,2,یکساں
r527,"ERUPTION, scales, fish scales, like","ERUPTION, scales, fish scales, like",سر — چھلکے، مچھلی کے چھلکوں جیسے,1,1,یکساں
r528,"ERUPTION, scales, offensive","ERUPTION, scales, offensive",سر — چھلکے، بدبودار,1,1,یکساں
r529,"ERUPTION, scales, patches","ERUPTION, scales, patches",سر — چھلکے، چکتوں میں,5,5,یکساں
r53,"BUBBLING sensation is, walking, while","BUBBLING sensation is, walking, while",سر — بلبلے اٹھنے کا احساس، چلتے ہوئے,2,2,یکساں
r530,"ERUPTION, scales, washing amel.","ERUPTION, scales, washing amel.",سر — چھلکے، دھونے سے آرام,1,1,یکساں
r531,"ERUPTION, scales, white","ERUPTION, scales, white",سر — چھلکے، سفید,6,6,یکساں
r532,"ERUPTION, scales, winter agg.","ERUPTION, scales, winter agg.",سر — چھلکے، سردیوں میں بگاڑ,1,1,یکساں
r534,"ERUPTION, scurfy, black","ERUPTION, scurfy, black",سر — بھوسی دار، کالے,1,1,یکساں
r535,"ERUPTION, scurfy, dry","ERUPTION, scurfy, dry",سر — بھوسی دار، خشک,1,1,یکساں
r536,"ERUPTION, scurfy, moist","ERUPTION, scurfy, moist",سر — بھوسی دار، نم,5,5,یکساں
r537,"ERUPTION, scurfy, white","ERUPTION, scurfy, white",سر — بھوسی دار، سفید,1,1,یکساں
r538,"ERUPTION, sensitive, extremely","ERUPTION, sensitive, extremely",سر — دانے، پھنسیاں (سر کی کھال پر)، انتہائی حساس,3,3,یکساں
r539,"ERUPTION, serpiginous","ERUPTION, serpiginous",سر — دانے، پھنسیاں (سر کی کھال پر)، رینگتے ہوئے پھیلنے والے,4,4,یکساں
r54,"BUBBLING sensation is, forehead, bubble bursting in, as if","BUBBLING sensation is, Forehead, bubble bursting in, as if",سر — جیسے ماتھے میں بلبلہ پھٹے,1,1,یکساں
r540,"ERUPTION, smarting (See Burning)","ERUPTION, smarting (See Burning)",سر — دانے، پھنسیاں (سر کی کھال پر)، چرچراہٹ (جلن),0,0,یکساں
r541,"ERUPTION, sore","ERUPTION, sore",سر — دانے، پھنسیاں (سر کی کھال پر)، دکھتے ہوئے,2,2,یکساں
r542,"ERUPTION, spots","ERUPTION, spots",سر — دانے، پھنسیاں (سر کی کھال پر)، دھبے,4,4,یکساں
r543,"ERUPTION, suppurating","ERUPTION, suppurating",سر — دانے، پھنسیاں (سر کی کھال پر)، پیپ بہاتے ہوئے,15,15,یکساں
r544,"ERUPTION, tubercles on scalp","ERUPTION, tubercles on scalp",سر — دانے، پھنسیاں (سر کی کھال پر)، سر کی کھال پر گلٹیاں (ٹیوبرکل),13,13,یکساں
r545,"ERUPTION, urticaria","ERUPTION, urticaria",سر — دانے، پھنسیاں (سر کی کھال پر)، چھپاکی (پتی اچھلنا),1,1,یکساں
r546,"ERUPTION, vesicles","ERUPTION, vesicles",سر — دانے، پھنسیاں (سر کی کھال پر)، آبلے,11,11,یکساں
r549,"ERYSIPELAS, left to right","ERYSIPELAS, left to right",سر — سرخ بادہ، بائیں سے دائیں,1,1,یکساں
r55,"BUBBLING sensation is, occiput, in","BUBBLING sensation is, Occiput, in",سر — بلبلے اٹھنے کا احساس، گدی میں,2,2,یکساں
r550,"ERYSIPELAS, extending to face","ERYSIPELAS, extending to face",سر — سرخ بادہ، چہرے تک پھیلتا ہوا,1,1,یکساں
r551,"ERYSIPELAS, forehead","ERYSIPELAS, Forehead",سر — سرخ بادہ، ماتھے پر,4,4,یکساں
r552,"ERYSIPELAS, forehead, spots","ERYSIPELAS, Forehead, spots",سر — سرخ بادہ، ماتھے پر دھبوں کی صورت,2,2,یکساں
r553,"ERYSIPELAS, occiput","ERYSIPELAS, Occiput",سر — سرخ بادہ، گدی پر,2,2,یکساں
r554,EXOSTOSES,EXOSTOSES,سر — ہڈی کی ابھار (بڑھی ہوئی ہڈی),10,10,یکساں
r555,"EXOSTOSES, painful","EXOSTOSES, painful",سر — ہڈی کی ابھار، دردناک,3,3,یکساں
r557,"EXPANDED, sensation, inflated, feels","EXPANDED, sensation (See Swollen), inflated, feels",سر — پھیلنے کا احساس، جیسے ہوا بھر دی گئی ہو,1,1,یکساں
r558,"EXPANDED, sensation, ring-like","EXPANDED, sensation (See Swollen), ring-like",سر — پھیلنے کا احساس، حلقے کی طرح,1,1,یکساں
r559,"EXPANDED, sensation, shaking head agg.","EXPANDED, sensation (See Swollen), shaking head agg.",سر — پھیلنے کا احساس، سر ہلانے سے بگاڑ,1,1,یکساں
r56,CARIES,CARIES,سر — ہڈی کا گلنا,13,13,یکساں
r560,"EXPANDED, sensation, stool, during","EXPANDED, sensation (See Swollen), stool, during",سر — پھیلنے کا احساس، پاخانے کے دوران,1,1,یکساں
r562,"EXPANDED, sensation, forehead, relaxed and, alternately","EXPANDED, sensation (See Swollen), Forehead, relaxed and, alternately",سر — پھیلنے کا احساس، ماتھے میں، باری باری ڈھیلا اور پھیلا ہوا,1,1,یکساں
r5656,"PARALYSIS of brain, incipient","PARALYSIS of brain, incipient",سر — دماغ کا فالج، ابتدائی,9,9,یکساں
r5659,"PERSPIRATION scalp, daytime","PERSPIRATION scalp, daytime",سر — سر کی کھال پر پسینہ، دن کے وقت,2,2,یکساں
r57,"CARIES, mastoid process, of (See Ear)","CARIES, mastoid process, of (See Ear)",سر — کان کے پیچھے کی ہڈی کا گلنا,0,0,یکساں
r5723,"PERSPIRATION, forehead, chill, during","PERSPIRATION scalp, Forehead, chill, during",سر — پسینہ، ماتھے پر، سردی لگنے کے دوران,8,8,یکساں
r5724,"PERSPIRATION, forehead, cold, warm room, in","PERSPIRATION scalp, Forehead, cold, warm room, in",سر — پسینہ، ماتھے پر، ٹھنڈا، گرم کمرے میں,1,1,یکساں
r5725,"PERSPIRATION, forehead, cough, during","PERSPIRATION scalp, Forehead, cough, during",سر — پسینہ، ماتھے پر، کھانسی کے دوران,4,4,یکساں
r5727,"PERSPIRATION, forehead, dinner, after","PERSPIRATION scalp, Forehead, dinner, after",سر — پسینہ، ماتھے پر، دوپہر کے کھانے کے بعد,4,4,یکساں
r5728,"PERSPIRATION, forehead, easy","PERSPIRATION scalp, Forehead, easy",سر — پسینہ، ماتھے پر، آسانی سے آ جائے,1,1,یکساں
r5729,"PERSPIRATION, forehead, eating, while","PERSPIRATION scalp, Forehead, eating, while",سر — پسینہ، ماتھے پر، کھاتے ہوئے,5,5,یکساں
r5730,"PERSPIRATION, forehead, fever, during","PERSPIRATION scalp, Forehead, fever, during",سر — پسینہ، ماتھے پر، بخار کے دوران,6,6,یکساں
r5731,"PERSPIRATION, forehead, greasy","PERSPIRATION scalp, Forehead, greasy",سر — پسینہ، ماتھے پر، چکنا,2,2,یکساں
r5732,"PERSPIRATION, forehead, headache, during","PERSPIRATION scalp, Forehead, headache, during",سر — پسینہ، ماتھے پر، سر درد کے دوران,5,5,یکساں
r5733,"PERSPIRATION, forehead, menses, during","PERSPIRATION scalp, Forehead, menses, during",سر — پسینہ، ماتھے پر، حیض کے دوران,2,2,یکساں
r5734,"PERSPIRATION, forehead, motion, during","PERSPIRATION scalp, Forehead, motion, during",سر — پسینہ، ماتھے پر، حرکت کے دوران,1,1,یکساں
r5735,"PERSPIRATION, forehead, offensive","PERSPIRATION scalp, Forehead, offensive",سر — پسینہ، ماتھے پر، بدبودار,2,2,یکساں
r5736,"PERSPIRATION, forehead, rising up in bed, when","PERSPIRATION scalp, Forehead, rising up in bed, when",سر — پسینہ، ماتھے پر، بستر میں اٹھ بیٹھنے پر,1,1,یکساں
r5737,"PERSPIRATION, forehead, rising from a seat","PERSPIRATION scalp, Forehead, rising from a seat",سر — پسینہ، ماتھے پر، نشست سے اٹھنے پر,1,1,یکساں
r5739,"PERSPIRATION, forehead, sour","PERSPIRATION scalp, Forehead, sour",سر — پسینہ، ماتھے پر، کھٹا,1,1,یکساں
r5740,"PERSPIRATION, forehead, sticky","PERSPIRATION scalp, Forehead, sticky",سر — پسینہ، ماتھے پر، چپکنے والا,1,1,یکساں
r5741,"PERSPIRATION, forehead, stool, during","PERSPIRATION scalp, Forehead, stool, during",سر — پسینہ، ماتھے پر، پاخانے کے دوران,2,2,یکساں
r5743,"PERSPIRATION, forehead, storm, during approach of","PERSPIRATION scalp, Forehead, storm, during approach of",سر — پسینہ، ماتھے پر، طوفان آنے سے پہلے,1,1,یکساں
r5744,"PERSPIRATION, forehead, walking in open air, while","PERSPIRATION scalp, Forehead, walking in open air, while",سر — پسینہ، ماتھے پر، کھلی ہوا میں چلتے ہوئے,2,2,یکساں
r5745,"PERSPIRATION, forehead, warm","PERSPIRATION scalp, Forehead, warm",سر — پسینہ، ماتھے پر، گرم,7,7,یکساں
r5746,"PERSPIRATION, occiput","PERSPIRATION scalp, Occiput",سر — پسینہ، گدی پر,16,16,یکساں
r5747,"PERSPIRATION, occiput, during sleep","PERSPIRATION scalp, Occiput, during sleep",سر — پسینہ، گدی پر، نیند کے دوران,1,1,یکساں
r5748,"PERSPIRATION, occiput, walking, while","PERSPIRATION scalp, Occiput, walking, while",سر — پسینہ، گدی پر، چلتے ہوئے,1,1,یکساں
r5749,PITHY feeling (See Numbness),PITHY feeling (See Numbness),سر — گودے جیسا (پولا) احساس,0,0,یکساں
r5751,"PRICKLING, left-side","PRICKLING, left-side",سر — چبھن، بائیں طرف,1,1,یکساں
r5752,"PRICKLING, debauch, after a","PRICKLING, debauch, after a",سر — چبھن، عیاشی (شراب نوشی) کے بعد,1,1,یکساں
r5753,"PRICKLING, eating, after","PRICKLING, eating, after",سر — چبھن، کھانے کے بعد,1,1,یکساں
r5754,"PRICKLING, lying, while","PRICKLING, lying, while",سر — چبھن، لیٹے ہوئے,1,1,یکساں
r5755,"PRICKLING, needles, as from","PRICKLING, needles, as from",سر — چبھن، جیسے سوئیوں سے,4,4,یکساں
r5757,"PRICKLING, forehead, left-side","PRICKLING, forehead, left-side",سر — چبھن، ماتھے کے بائیں طرف,1,1,یکساں
r5758,"PRICKLING, intermittent","PRICKLING, intermittent",سر — چبھن، وقفے وقفے سے,1,1,یکساں
r5759,"PRICKLING, like needles","PRICKLING, like needles",سر — چبھن، سوئیوں جیسی,10,10,یکساں
r5760,"PRICKLING, spots, in","PRICKLING, spots, in",سر — چبھن، دھبوں میں,1,1,یکساں
r5761,"PRICKLING, above root of nose","PRICKLING, above root of nose",سر — چبھن، ناک کی جڑ کے اوپر,1,1,یکساں
r5763,"PRICKLING, temples, evening","PRICKLING, Temples, evening",سر — چبھن، کنپٹیوں میں، شام,1,1,یکساں
r5764,"PRICKLING, temples, needles, as with","PRICKLING, Temples, needles, as with",سر — چبھن، کنپٹیوں میں، جیسے سوئیوں سے,2,2,یکساں
r5765,"PRICKLING, vertex","PRICKLING, Vertex",سر — چبھن، چوٹی میں,1,1,یکساں
r5766,"PULSATING, beating, throbbing","PULSATING, beating, throbbing (See Bursting, Congestion, Hammering)",سر — دھڑکن (سر میں نبض کی طرح دھڑکنا)، ٹھک ٹھک، دھک دھک,161,161,یکساں
r58,CEPHALAEMATOMA,CEPHALÆMATOMA,سر — نوزائیدہ کے سر پر خون کی رسولی,3,3,یکساں
r580,"FALLING, hither and thither","FALLING backward of head (See Heaviness), hither and thither",سر — گرنا، ادھر ادھر گرنا,5,5,یکساں
r581,"FALLING, pieces, sensation as if head would fall in, when stooping","FALLING backward of head (See Heaviness), pieces, sensation as if head would fall in, when stooping",سر — گرنا، جیسے جھکنے پر سر ٹکڑے ہو کر گر پڑے گا,1,1,یکساں
r582,"FALLING, sideways of head","FALLING backward of head (See Heaviness), sideways of head",سر — گرنا، سر ایک طرف کو گرنا,19,19,یکساں
r583,"FALLING, sideways of head, child leans head, all time","FALLING backward of head (See Heaviness), sideways of head, child leans head, all time",سر — سر ایک طرف کو گرنا، بچہ ہر وقت سر جھکائے رکھتا ہے,1,1,یکساں
r584,"FALLING, sideways of head, left side, to","FALLING backward of head (See Heaviness), sideways of head, left side, to",سر — سر بائیں طرف کو گرنا,1,1,یکساں
r585,"FALLING, sideways of head, right side, to","FALLING backward of head (See Heaviness), sideways of head, right side, to",سر — سر دائیں طرف کو گرنا,2,2,یکساں
r586,"FALLING, sideways of head, waking, on","FALLING backward of head (See Heaviness), sideways of head, waking, on",سر — سر ایک طرف کو گرنا، جاگنے پر,1,1,یکساں
r587,"FALLING, sideways of head, walking, while","FALLING backward of head (See Heaviness), sideways of head, walking, while",سر — سر ایک طرف کو گرنا، چلتے ہوئے,2,2,یکساں
r589,"FALLING, side to side in brain, to side to which stoops","FALLING backward of head (See Heaviness), side to side in brain, to side to which stoops",سر — گرنا، دماغ میں ایک طرف سے دوسری طرف، جس طرف جھکے اسی طرف,1,1,یکساں
r59,CEREBRAL haemorrhage,CEREBRAL HÆMORRHAGE,سر — دماغ میں خون کا رساؤ (دماغی نکسیر),30,30,یکساں
r590,"FALLING, side to side in brain, to left temple on stooping","FALLING backward of head (See Heaviness), side to side in brain, to left temple on stooping",سر — گرنا، دماغ میں ایک طرف سے دوسری طرف، جھکنے پر بائیں کنپٹی کی طرف,1,1,یکساں
r591,"FALLING, side to side in brain, walking in the open air","FALLING backward of head (See Heaviness), side to side in brain, walking in the open air",سر — گرنا، دماغ میں ایک طرف سے دوسری طرف، کھلی ہوا میں چلتے ہوئے,1,1,یکساں
r592,"FALLING, forehead, as if everything would fall out","FALLING backward of head (See Heaviness), Forehead, as if everything would fall out (See Pressure)",سر — گرنا، ماتھے میں، جیسے سب کچھ باہر گر پڑے گا,35,35,یکساں
r598,"FLATTENED sensation in forehead, as if pressed flat","FLATTENED sensation in forehead, as if pressed flat",سر — جیسے ماتھا دبا کر چپٹا کر دیا گیا ہو,1,1,یکساں
r599,FLUCTUATION (See Waving),FLUCTUATION (See Waving),سر — لہر کا احساس,0,0,یکساں
r60,CLUCKING in,CLUCKING in,سر — کٹ کٹ کی آواز,1,1,یکساں
r600,FONTANELLES (See Open),FONTANELLES (See Open),سر — تالو (سر کی نرم ہڈی),0,0,یکساں
r601,"FOREIGN body in right side of brain, as if","FOREIGN body in right side of brain, as if",سر — جیسے دماغ کے دائیں حصے میں کوئی باہری چیز ہو,1,1,یکساں
r603,"FORMICATION, morning","FORMICATION, morning",سر — چیونٹیاں رینگنے کا احساس، صبح,2,2,یکساں
r605,"FORMICATION, evening, in bed","FORMICATION, evening, in bed",سر — چیونٹیاں رینگنے کا احساس، شام بستر میں,1,1,یکساں
r6051,"PUSHED forward, as if","PUSHED forward, as if",سر — جیسے سر آگے کو دھکیلا جا رہا ہو,7,7,یکساں
r6054,"PUSHING sensation (See Pressure), pressure, amel.","PUSHING sensation (See Pressure), pressure, amel.",سر — دھکیلنے کا احساس، دبانے سے آرام,1,1,یکساں
r6056,"QUIVERING sensation, brain were shaking while walking, as if","QUIVERING sensation, brain were shaking while walking, as if",سر — جیسے چلتے ہوئے دماغ ہل رہا ہو,1,1,یکساں
r6057,"QUIVERING sensation, shaking head, on","QUIVERING sensation, shaking head, on",سر — تھرتھراہٹ، سر ہلانے پر,1,1,یکساں
r6058,"QUIVERING sensation, running and walking, while","QUIVERING sensation, running and walking, while",سر — تھرتھراہٹ، دوڑتے اور چلتے ہوئے,1,1,یکساں
r6059,"RAISE the head, difficult to, night","RAISE THE HEAD, difficult to, night",سر — سر اٹھانا مشکل، رات,1,1,یکساں
r606,"FORMICATION, heat amel.","FORMICATION, heat amel.",سر — چیونٹیاں رینگنے کا احساس، گرمائش سے آرام,1,1,یکساں
r6065,"REMOVED, as if calvarium","REMOVED, as if calvarium",سر — جیسے کھوپڑی کا اوپری حصہ ہٹا دیا گیا ہو,2,2,یکساں
r6067,"RESTLESSNESS, forenoon","RESTLESSNESS, forenoon",سر — سر کی بے قراری، دوپہر سے پہلے,2,2,یکساں
r6068,"RESTLESSNESS, when too weak to move body, will roll head side to side","RESTLESSNESS, when too weak to move body, will roll head side to side",سر — جب جسم ہلانے کی طاقت نہ ہو تو سر ایک طرف سے دوسری طرف لڑھکاتا ہے,1,1,یکساں
r6069,RIGID feeling,RIGID feeling,سر — اکڑا ہوا احساس,3,3,یکساں
r607,"FORMICATION, scratching until parts bleed","FORMICATION, scratching until parts bleed",سر — چیونٹیاں رینگنے کا احساس، کھجائے یہاں تک کہ خون نکل آئے,1,1,یکساں
r6070,"RISING sensation, in","RISING sensation, in",سر — سر میں اوپر اٹھنے کا احساس,6,6,یکساں
r6076,"ROLLING, in","ROLLING, in",سر — سر میں لڑھکنے کا احساس,6,6,یکساں
r608,"FORMICATION, walking, on","FORMICATION, walking, on",سر — چیونٹیاں رینگنے کا احساس، چلنے پر,1,1,یکساں
r6082,ROLLING of the (See Motion),ROLLING of the (See Motion),سر — سر کا لڑھکنا,0,0,یکساں
r6084,"RUBBING, against something","RUBBING, against something",سر — سر کسی چیز سے رگڑتا ہے,1,1,یکساں
r6085,"RUBBING, hand, with the","RUBBING, hand, with the",سر — سر ہاتھ سے ملتا ہے,1,1,یکساں
r6086,"RUBBING, inclination to rub forehead","RUBBING, inclination to rub forehead",سر — ماتھا ملنے کو جی چاہے,1,1,یکساں
r6088,"SENSITIVENESS of brain, brushing hair, from","SENSITIVENESS of brain, brushing hair, from",سر — دماغ حساس، بال برش کرنے سے,14,14,یکساں
r6089,"SENSITIVENESS of brain, jar, to the least","SENSITIVENESS of brain, jar, to the least (See Stepping and Pain in general)",سر — دماغ حساس، ذرا سے جھٹکے سے,23,23,یکساں
r6090,"SENSITIVENESS of brain, menses, before","SENSITIVENESS of brain, menses, before",سر — دماغ حساس، حیض سے پہلے,8,8,یکساں
r6092,"SENSITIVENESS of brain, noise, to (See Mind, sensitive)","SENSITIVENESS of brain, noise, to (See Mind, sensitive)",سر — دماغ حساس، شور سے,0,0,یکساں
r6093,"SENSITIVENESS of brain, stepping, to","SENSITIVENESS of brain, stepping, to",سر — دماغ حساس، قدم رکھنے سے,18,18,ماخذی مطابق کیے
r6094,"SENSITIVENESS of brain, stepping, to, ascending, when","SENSITIVENESS of brain, stepping, to, ascending, when",سر — دماغ حساس، قدم رکھنے سے، اوپر چڑھتے ہوئے,1,1,یکساں
r6095,"SENSITIVENESS of brain, touch, to gentlest, after anger","SENSITIVENESS of brain, touch, to gentlest, after anger",سر — دماغ حساس، غصے کے بعد ہلکے سے چھونے سے بھی,1,1,یکساں
r6096,"SEPARATED from body, were, as if","SEPARATED from body, were, as if",سر — جیسے سر جسم سے الگ ہو,4,4,یکساں
r6097,"SEPARATED from body, were, as if, night","SEPARATED from body, were, as if, night",سر — جیسے سر جسم سے الگ ہو، رات,1,1,یکساں
r61,"COLDNESS, chilliness, etc.","COLDNESS, chilliness, etc.",سر — ٹھنڈک، کپکپی وغیرہ کے ساتھ,107,107,یکساں
r610,"FORMICATION, forehead","FORMICATION, Forehead",سر — چیونٹیاں رینگنے کا احساس، ماتھے میں,17,17,یکساں
r6102,"SHAKING sensation (See Looseness, Motion, Waving), against frontal bone","SHAKING sensation (See Looseness, Motion, Waving), against frontal bone",سر — ہلنے کا احساس، ماتھے کی ہڈی سے ٹکراتا ہوا,1,1,یکساں
r6103,"SHAKING sensation (See Looseness, Motion, Waving), air agg.","SHAKING sensation (See Looseness, Motion, Waving), air agg.",سر — ہلنے کا احساس، ہوا سے بگاڑ,1,1,یکساں
r6104,"SHAKING sensation (See Looseness, Motion, Waving), ascending steps, when","SHAKING sensation (See Looseness, Motion, Waving), ascending steps, when",سر — ہلنے کا احساس، سیڑھیاں چڑھتے ہوئے,1,1,یکساں
r6105,"SHAKING sensation (See Looseness, Motion, Waving), chills, during","SHAKING sensation (See Looseness, Motion, Waving), chills, during",سر — ہلنے کا احساس، سردی لگنے کے دوران,1,1,یکساں
r6106,"SHAKING sensation (See Looseness, Motion, Waving), cold agg.","SHAKING sensation (See Looseness, Motion, Waving), cold agg.",سر — ہلنے کا احساس، ٹھنڈ سے بگاڑ,1,1,یکساں
r6107,"SHAKING sensation (See Looseness, Motion, Waving), cough during","SHAKING sensation (See Looseness, Motion, Waving), cough during",سر — ہلنے کا احساس، کھانسی کے دوران,5,5,یکساں
r6108,"SHAKING sensation (See Looseness, Motion, Waving), eating, agg. After","SHAKING sensation (See Looseness, Motion, Waving), eating, agg. after",سر — ہلنے کا احساس، کھانے کے بعد بگاڑ,1,1,یکساں
r6109,"SHAKING sensation (See Looseness, Motion, Waving), heat, except that of bed, amel.","SHAKING sensation (See Looseness, Motion, Waving), heat, except that of bed, amel.",سر — ہلنے کا احساس، گرمی سے آرام، سوائے بستر کی گرمی کے,1,1,یکساں
r611,"FORMICATION, forehead, above the","FORMICATION, Forehead, above the",سر — چیونٹیاں رینگنے کا احساس، ماتھے کے اوپر,1,1,یکساں
r6111,"SHAKING sensation (See Looseness, Motion, Waving), menses, during","SHAKING sensation (See Looseness, Motion, Waving), menses, during",سر — ہلنے کا احساس، حیض کے دوران,4,4,یکساں
r6112,"SHAKING sensation (See Looseness, Motion, Waving), motion of head, on","SHAKING sensation (See Looseness, Motion, Waving), motion of head, on",سر — ہلنے کا احساس، سر ہلانے پر,9,9,یکساں
r6114,"SHAKING sensation (See Looseness, Motion, Waving), rising from stooping","SHAKING sensation (See Looseness, Motion, Waving), rising from stooping",سر — ہلنے کا احساس، جھک کر سیدھا ہونے پر,1,1,یکساں
r6115,"SHAKING sensation (See Looseness, Motion, Waving), speaking, on","SHAKING sensation (See Looseness, Motion, Waving), speaking, on",سر — ہلنے کا احساس، بولنے پر,1,1,یکساں
r6116,"SHAKING sensation (See Looseness, Motion, Waving), stamping, on","SHAKING sensation (See Looseness, Motion, Waving), stamping, on",سر — ہلنے کا احساس، پاؤں پٹخنے پر,1,1,یکساں
r6117,"SHAKING sensation (See Looseness, Motion, Waving), steel spring, as of a","SHAKING sensation (See Looseness, Motion, Waving), steel spring, as of a",سر — ہلنے کا احساس، جیسے فولادی کمانی ہو,1,1,یکساں
r6118,"SHAKING sensation (See Looseness, Motion, Waving), stepping heavily, when","SHAKING sensation (See Looseness, Motion, Waving), stepping heavily, when",سر — ہلنے کا احساس، زور سے قدم رکھنے پر,5,5,یکساں
r612,"FORMICATION, occiput","FORMICATION, Occiput",سر — چیونٹیاں رینگنے کا احساس، گدی میں,4,4,یکساں
r6120,"SHAKING sensation (See Looseness, Motion, Waving), stooping, on","SHAKING sensation (See Looseness, Motion, Waving), stooping, on",سر — ہلنے کا احساس، جھکنے پر,1,1,یکساں
r6121,"SHAKING sensation (See Looseness, Motion, Waving), talking, while","SHAKING sensation (See Looseness, Motion, Waving), talking, while",سر — ہلنے کا احساس، باتیں کرتے ہوئے,2,2,یکساں
r6122,"SHAKING sensation (See Looseness, Motion, Waving), walking, while","SHAKING sensation (See Looseness, Motion, Waving), walking, while",سر — ہلنے کا احساس، چلتے ہوئے,14,14,یکساں
r6124,"SHAKING sensation (See Looseness, Motion, Waving), warm room amel.","SHAKING sensation (See Looseness, Motion, Waving), warm room amel.",سر — ہلنے کا احساس، گرم کمرے میں آرام,2,2,یکساں
r6125,"SHAKING sensation (See Looseness, Motion, Waving), wrapping up warmly amel.","SHAKING sensation (See Looseness, Motion, Waving), wrapping up warmly amel.",سر — ہلنے کا احساس، گرم لپیٹنے سے آرام,1,1,یکساں
r6126,"SHAKING sensation (See Looseness, Motion, Waving), forehead","SHAKING sensation (See Looseness, Motion, Waving), Forehead",سر — ہلنے کا احساس، ماتھے میں,1,1,یکساں
r6127,"SHAKING sensation (See Looseness, Motion, Waving), occiput","SHAKING sensation (See Looseness, Motion, Waving), Occiput",سر — ہلنے کا احساس، گدی میں,1,1,یکساں
r6128,"SHAKING sensation (See Looseness, Motion, Waving), temple","SHAKING sensation (See Looseness, Motion, Waving), Temple",سر — ہلنے کا احساس، کنپٹی میں,3,3,یکساں
r6129,"SHOCKS, blows, jerks, etc.","SHOCKS, blows, jerks, etc. (See Jerking Pain, Pulsation, Plug, Nail)",سر — ضربیں، جھٹکے وغیرہ,81,81,یکساں
r613,"FORMICATION, vertex","FORMICATION, Vertex",سر — چیونٹیاں رینگنے کا احساس، چوٹی میں,5,5,یکساں
r616,"FULLNESS (See Enlarged), morning, waking, on","FULLNESS (See Enlarged), morning, waking, on",سر — بھراؤ، صبح جاگنے پر,6,6,یکساں
r619,"FULLNESS (See Enlarged), morning, 10 a.m. to 10 p.m.","FULLNESS (See Enlarged), morning, 10 a.m. to 10 p.m.",سر — بھراؤ، صبح 10 سے رات 10 بجے تک,1,1,یکساں
r6198,SINKING sensation,SINKING sensation,سر — دھنسنے کا احساس,1,1,یکساں
r620,"FULLNESS (See Enlarged), noon to 2 p.m.","FULLNESS (See Enlarged), noon to 2 p.m.",سر — بھراؤ (بھرا بھرا لگنا)، دوپہر سے 2 بجے تک,1,1,یکساں
r6201,"SKULL-CAP, sensation of, 4 p.m.","SKULL-CAP, sensation of, 4 p.m.",سر — جیسے سر پر ٹوپی چڑھی ہو، سہ پہر 4 بجے,1,1,یکساں
r6205,SOFTENING of brain,SOFTENING of brain,سر — دماغ کا نرم پڑ جانا (گلنا),8,8,یکساں
r6206,SPLASHING,SPLASHING,سر — چھپاکے (پانی کے چھلکنے) کا احساس,9,9,یکساں
r6207,"SPLASHING, walking rapidly, while","SPLASHING, walking rapidly, while",سر — چھپاکے کا احساس، تیز چلتے ہوئے,1,1,یکساں
r6209,"STIFFNESS, sensation of, evening, bed, in","STIFFNESS, sensation of, evening, bed, in",سر — اکڑن کا احساس، شام بستر میں,1,1,یکساں
r6210,"STIFFNESS, sensation of, motion, on","STIFFNESS, sensation of, motion, on",سر — اکڑن کا احساس، حرکت پر,1,1,یکساں
r6212,"STIFFNESS, sensation of, must bend head back","STIFFNESS, sensation of, must bend head back",سر — اکڑن کا احساس، سر پیچھے جھکانا پڑے,1,1,یکساں
r6213,"STIFFNESS, sensation of, waking, on","STIFFNESS, sensation of, waking, on",سر — اکڑن کا احساس، جاگنے پر,1,1,یکساں
r6214,"STIFFNESS, sensation of, brain, in, in open air","STIFFNESS, sensation of, Brain, in, in open air",سر — اکڑن کا احساس، دماغ میں، کھلی ہوا میں,1,1,یکساں
r6216,"STIFFNESS, sensation of, occiput, in, extending, nose, to","STIFFNESS, sensation of, Occiput, in, extending, nose, to",سر — اکڑن کا احساس، گدی سے ناک تک پھیلتا ہوا,1,1,یکساں
r6217,"STIRRED with a spoon, as if, brain feels","STIRRED with a spoon, as if, brain feels",سر — جیسے دماغ چمچ سے ہلایا جا رہا ہو,2,2,یکساں
r6218,"STOMACH, as if rising from","STOMACH, as if rising from",سر — جیسے معدے سے اوپر اٹھ رہا ہو,4,4,یکساں
r6219,"STONE, as if from (See Heaviness)","STONE, as if from (See Heaviness)",سر — جیسے پتھر رکھا ہو,0,0,یکساں
r622,"FULLNESS (See Enlarged), afternoon, waking, on","FULLNESS (See Enlarged), afternoon, waking, on",سر — بھراؤ، سہ پہر جاگنے پر,1,1,یکساں
r6220,"STRIKING against the skull, sensation as through brain were","STRIKING against the skull, sensation as through brain were (See Knocks, Looseness)",سر — جیسے دماغ کھوپڑی سے ٹکرا رہا ہو,11,11,یکساں
r6224,"SUNSTROKE, from having slept in sun","SUNSTROKE, from having slept in sun",سر — لو لگنا، دھوپ میں سونے سے,2,2,یکساں
r6225,"SURGING sensation, lying while","SURGING sensation, lying while",سر — لہروں کا احساس، لیٹے ہوئے,1,1,یکساں
r6229,"SWASHING sensation (See Waving, Motions)","SWASHING sensation (See Waving, Motions)",سر — چھلکنے کا احساس (پانی کے ہلنے جیسا),23,23,یکساں
r623,"FULLNESS (See Enlarged), afternoon, to night","FULLNESS (See Enlarged), afternoon, to night",سر — بھراؤ، سہ پہر سے رات تک,1,1,یکساں
r6230,"SWASHING sensation (See Waving, Motions), shaking head, on","SWASHING sensation (See Waving, Motions), shaking head, on",سر — چھلکنے کا احساس، سر ہلانے پر,2,2,یکساں
r6231,"SWASHING sensation (See Waving, Motions), walking, while","SWASHING sensation (See Waving, Motions), walking, while",سر — چھلکنے کا احساس، چلتے ہوئے,2,2,یکساں
r6233,"SWOLLEN, distended, feeling, waking, on","SWOLLEN, distended, feeling, waking, on",سر — پھولا ہوا محسوس ہو، جاگنے پر,2,2,یکساں
r6234,"SWOLLEN, distended, feeling, walking, open air, in","SWOLLEN, distended, feeling, walking, open air, in",سر — پھولا ہوا محسوس ہو، کھلی ہوا میں چلتے ہوئے,1,1,یکساں
r6235,"SWOLLEN, distended, feeling, washing, after","SWOLLEN, distended, feeling, washing, after",سر — پھولا ہوا محسوس ہو، دھونے کے بعد,1,1,یکساں
r6237,"SWOLLEN, distended, feeling, forehead, expanding, alternating with contracting","SWOLLEN, distended, feeling, Forehead, expanding, alternating with contracting",سر — پھولا ہوا محسوس ہو، ماتھا، باری باری پھیلتا اور سکڑتا,1,1,یکساں
r6238,"SWOLLEN, distended, feeling, forehead, feels broad and high","SWOLLEN, distended, feeling, Forehead, feels broad and high",سر — پھولا ہوا محسوس ہو، ماتھا چوڑا اور اونچا لگے,1,1,یکساں
r6239,"SWOLLEN, distended, feeling, occiput","SWOLLEN, distended, feeling, Occiput",سر — پھولا ہوا محسوس ہو، گدی,4,4,یکساں
r624,"FULLNESS (See Enlarged), evening","FULLNESS (See Enlarged), evening",سر — بھراؤ (بھرا بھرا لگنا)، شام,9,9,یکساں
r6240,"SWOLLEN, distended, feeling, sides","SWOLLEN, distended, feeling, Sides",سر — پھولا ہوا محسوس ہو، پہلو,3,3,یکساں
r6241,"SWOLLEN, distended, feeling, temples","SWOLLEN, distended, feeling, Temples",سر — پھولا ہوا محسوس ہو، کنپٹیاں,5,5,یکساں
r6242,"SWOLLEN, distended, feeling, temples, right","SWOLLEN, distended, feeling, Temples, right",سر — پھولا ہوا محسوس ہو، دائیں کنپٹی,3,3,یکساں
r6243,"SWOLLEN, distended, feeling, temples, left","SWOLLEN, distended, feeling, Temples, left",سر — پھولا ہوا محسوس ہو، بائیں کنپٹی,2,2,یکساں
r6244,"SWOLLEN, distended, feeling, vertex","SWOLLEN, distended, feeling, Vertex",سر — پھولا ہوا محسوس ہو، چوٹی,1,1,یکساں
r6245,SWOLLEN glands of head,SWOLLEN glands of head,سر — سر کی گلٹیوں (غدود) کی سوجن,6,6,یکساں
r6248,"TENSION, drawing upward of skin of forehead","TENSION (See Constriction), drawing upward of skin of forehead",سر — تناؤ، ماتھے کی جلد اوپر کو کھنچے,1,1,یکساں
r6249,"THIN, cranium seemed thin","THIN, cranium seemed thin",سر — کھوپڑی پتلی لگے,3,3,یکساں
r625,"FULLNESS (See Enlarged), night","FULLNESS (See Enlarged), night",سر — بھراؤ (بھرا بھرا لگنا)، رات,3,3,یکساں
r6250,THROBBING (See Pulsating),THROBBING (See Pulsating),سر — دھک دھک,0,0,یکساں
r6251,THROWING head about (See Motion of head),THROWING head about (See Motion of head),سر — سر ادھر ادھر پٹخنا,0,0,یکساں
r6252,TICKLING in,TICKLING in,سر — سر میں گدگدی,2,2,یکساں
r6256,"TIED, feels as though","TIED, feels as though",سر — جیسے سر بندھا ہوا ہو,1,1,یکساں
r6257,TIGHTNESS (See Constriction),TIGHTNESS (See Constriction),سر — تنگی (جکڑن),0,0,یکساں
r6259,"TINGLING, large bell were struck, as though a","TINGLING, large bell were struck, as though a",سر — جھنجھناہٹ، جیسے بڑی گھنٹی بجائی گئی ہو,1,1,یکساں
r626,"FULLNESS (See Enlarged), air, in open amel.","FULLNESS (See Enlarged), air, in open amel.",سر — بھراؤ (بھرا بھرا لگنا)، کھلی ہوا میں آرام,4,4,یکساں
r6260,"TINGLING, speaking aloud, on","TINGLING, speaking aloud, on",سر — جھنجھناہٹ، اونچا بولنے پر,1,1,یکساں
r6261,"TINGLING, walking, while","TINGLING, walking, while",سر — جھنجھناہٹ، چلتے ہوئے,1,1,یکساں
r6262,"TINGLING, forehead","TINGLING, Forehead",سر — جھنجھناہٹ، ماتھے میں,15,15,یکساں
r6264,"TINGLING, occiput, stupefying on stepping","TINGLING, Occiput, stupefying on stepping",سر — جھنجھناہٹ، گدی میں، قدم رکھنے پر بے سدھ کر دے,1,1,یکساں
r6265,"TINGLING, temples","TINGLING, Temples",سر — جھنجھناہٹ، کنپٹیوں میں,5,5,یکساں
r6266,"TINGLING, temples, coldness of spot, with","TINGLING, Temples, coldness of spot, with",سر — جھنجھناہٹ، کنپٹیوں میں، ایک دھبے کی ٹھنڈک کے ساتھ,1,1,یکساں
r6267,"TINGLING, vertex","TINGLING, Vertex",سر — جھنجھناہٹ، چوٹی میں,7,7,یکساں
r6268,"TINGLING, vertex, menses omitting","TINGLING, Vertex, menses omitting",سر — جھنجھناہٹ، چوٹی میں، حیض رک جانے پر,1,1,یکساں
r6269,TIRED feeling,TIRED feeling,سر — تھکن کا احساس,8,8,یکساں
r627,"FULLNESS (See Enlarged), ascending, on","FULLNESS (See Enlarged), ascending, on",سر — بھراؤ (بھرا بھرا لگنا)، اوپر چڑھنے پر,1,1,یکساں
r6271,"TREMBLING sensation, conversation, from","TREMBLING sensation, conversation, from",سر — کپکپاہٹ کا احساس، بات چیت سے,1,1,یکساں
r6272,"TREMBLING sensation, cough, during","TREMBLING sensation, cough, during",سر — کپکپاہٹ کا احساس، کھانسی کے دوران,1,1,یکساں
r6273,"TREMBLING sensation, epilepsy, before","TREMBLING sensation, epilepsy, before",سر — کپکپاہٹ کا احساس، مرگی کے دورے سے پہلے,1,1,یکساں
r6274,"TREMBLING sensation, menses, during","TREMBLING sensation, menses, during",سر — کپکپاہٹ کا احساس، حیض کے دوران,4,4,یکساں
r6275,"TREMBLING sensation, moving agg.","TREMBLING sensation, moving agg.",سر — کپکپاہٹ کا احساس، حرکت سے بگاڑ,1,1,یکساں
r6276,"TREMBLING sensation, talking, after","TREMBLING sensation, talking, after",سر — کپکپاہٹ کا احساس، باتیں کرنے کے بعد,1,1,یکساں
r6277,"TREMBLING sensation, extending pit of stomach, to","TREMBLING sensation, extending pit of stomach, to",سر — کپکپاہٹ کا احساس، معدے کے گڑھے تک پھیلتا ہوا,1,1,یکساں
r6278,TURNED to left in convulsions,TURNED to left in convulsions,سر — تشنج میں بائیں طرف مڑا ہوا,2,2,یکساں
r6279,"TURNING and twisting, sensation of","TURNING and twisting, sensation of",سر — مڑنے اور بل کھانے کا احساس,11,11,یکساں
r628,"FULLNESS (See Enlarged), bending head backwards","FULLNESS (See Enlarged), bending head backwards",سر — بھراؤ (بھرا بھرا لگنا)، سر پیچھے جھکانے پر,1,1,یکساں
r6281,"TWITCHING of muscles, morning","TWITCHING of muscles of the head, morning",سر — پھڑکن، صبح,5,5,یکساں
r6282,"TWITCHING of muscles, noon","TWITCHING of muscles of the head, noon",سر — پھڑکن، دوپہر,1,1,یکساں
r6283,"TWITCHING of muscles, afternoon","TWITCHING of muscles of the head, afternoon",سر — پھڑکن، سہ پہر,3,3,یکساں
r6284,"TWITCHING of muscles, evening","TWITCHING of muscles of the head, evening",سر — پھڑکن، شام,5,5,یکساں
r6285,"TWITCHING of muscles, night","TWITCHING of muscles of the head, night",سر — پھڑکن، رات,3,3,یکساں
r6286,"TWITCHING of muscles, ascending steps, on","TWITCHING of muscles of the head, ascending steps, on",سر — پھڑکن، سیڑھیاں چڑھتے ہوئے,1,1,یکساں
r6287,"TWITCHING of muscles, blowing nose","TWITCHING of muscles of the head, blowing nose",سر — پھڑکن، ناک سنکنے پر,1,1,یکساں
r6288,"TWITCHING of muscles, cough, during","TWITCHING of muscles of the head, cough, during",سر — پھڑکن، کھانسی کے دوران,2,2,یکساں
r6289,"TWITCHING of muscles, eating, after","TWITCHING of muscles of the head, eating, after",سر — پھڑکن، کھانے کے بعد,1,1,یکساں
r629,"FULLNESS (See Enlarged), breakfast, after","FULLNESS (See Enlarged), breakfast, after",سر — بھراؤ (بھرا بھرا لگنا)، ناشتے کے بعد,2,2,یکساں
r6290,"TWITCHING of muscles, jerking the arms, when","TWITCHING of muscles of the head, jerking the arms, when",سر — پھڑکن، بازو جھٹکنے پر,1,1,یکساں
r6291,"TWITCHING of muscles, lying down, while","TWITCHING of muscles of the head, lying down, while",سر — پھڑکن، لیٹے ہوئے,1,1,یکساں
r6293,"TWITCHING of muscles, motion agg., of the arms","TWITCHING of muscles of the head, motion agg., of the arms",سر — پھڑکن، بازوؤں کی حرکت سے بگاڑ,1,1,یکساں
r6294,"TWITCHING of muscles, standing, after","TWITCHING of muscles of the head, standing, after",سر — پھڑکن، کھڑے ہونے کے بعد,1,1,یکساں
r6295,"TWITCHING of muscles, stepping, when","TWITCHING of muscles of the head, stepping, when",سر — پھڑکن، قدم رکھنے پر,1,1,یکساں
r6296,"TWITCHING of muscles, stool, during, agg.","TWITCHING of muscles of the head, stool, during, agg.",سر — پھڑکن، پاخانے کے دوران بگاڑ,1,1,یکساں
r6297,"TWITCHING of muscles, stooping, on","TWITCHING of muscles of the head, stooping, on",سر — پھڑکن، جھکنے پر,3,3,یکساں
r6298,"TWITCHING of muscles, touch agg.","TWITCHING of muscles of the head, touch agg.",سر — پھڑکن، چھونے سے بگاڑ,1,1,یکساں
r6299,"TWITCHING of muscles, walking, while","TWITCHING of muscles of the head, walking, while",سر — پھڑکن، چلتے ہوئے,2,2,یکساں
r630,"FULLNESS (See Enlarged), burst, as if would","FULLNESS (See Enlarged), burst, as if would",سر — بھراؤ (بھرا بھرا لگنا)، جیسے پھٹ جائے گا,9,9,یکساں
r6300,"TWITCHING of muscles, brain, in, as if","TWITCHING of muscles of the head, Brain, in, as if",سر — پھڑکن، جیسے دماغ میں,7,7,یکساں
r6302,"TWITCHING of muscles, forehead, afternoon","TWITCHING of muscles of the head, Forehead, afternoon",سر — پھڑکن، ماتھے میں، سہ پہر,1,1,یکساں
r6303,"TWITCHING of muscles, forehead, evening","TWITCHING of muscles of the head, Forehead, evening",سر — پھڑکن، ماتھے میں، شام,2,2,یکساں
r6304,"TWITCHING of muscles, forehead, stooping","TWITCHING of muscles of the head, Forehead, stooping",سر — پھڑکن، ماتھے میں، جھکنے پر,1,1,یکساں
r6305,"TWITCHING of muscles, forehead, extending, brain, into","TWITCHING of muscles of the head, Forehead, extending, brain, into",سر — پھڑکن، ماتھے سے دماغ میں پھیلتی ہوئی,1,1,یکساں
r6307,"TWITCHING of muscles, occiput, extending forehead, to","TWITCHING of muscles of the head, Occiput, extending forehead, to",سر — پھڑکن، گدی سے ماتھے تک پھیلتی ہوئی,1,1,یکساں
r6309,"TWITCHING of muscles, sides, right","TWITCHING of muscles of the head, Sides, right",سر — پھڑکن، دائیں پہلو میں,7,7,یکساں
r631,"FULLNESS (See Enlarged), coitus, after","FULLNESS (See Enlarged), coitus, after",سر — بھراؤ (بھرا بھرا لگنا)، مباشرت کے بعد,1,1,یکساں
r6310,"TWITCHING of muscles, sides, left","TWITCHING of muscles of the head, Sides, left",سر — پھڑکن، بائیں پہلو میں,6,6,یکساں
r6311,"TWITCHING of muscles, sides, extending from side to side","TWITCHING of muscles of the head, Sides, extending from side to side",سر — پھڑکن، ایک پہلو سے دوسرے پہلو تک پھیلتی ہوئی,1,1,یکساں
r6315,"TWITCHING of muscles, temples, right","TWITCHING of muscles of the head, Temples, right",سر — پھڑکن، دائیں کنپٹی میں,4,4,یکساں
r6316,"TWITCHING of muscles, temples, left","TWITCHING of muscles of the head, Temples, left",سر — پھڑکن، بائیں کنپٹی میں,8,8,یکساں
r6317,"TWITCHING of muscles, temples, spots, in","TWITCHING of muscles of the head, Temples, spots, in",سر — پھڑکن، کنپٹیوں میں، دھبوں میں,1,1,یکساں
r6318,"TWITCHING of muscles, temples, twitching-tearing in temple lain on; moves to other side on turning; agg. on raising eyes","TWITCHING of muscles of the head, Temples, twitching-tearing in temple lain on; moves to other side on turning; agg. on raising eyes",سر — پھڑکن، جس کنپٹی پر لیٹے اس میں پھڑکتا چیرتا درد؛ کروٹ بدلنے پر دوسری طرف؛ آنکھیں اوپر اٹھانے پر بگاڑ,1,1,یکساں
r6319,"TWITCHING of muscles, temples, walking, while","TWITCHING of muscles of the head, Temples, walking, while",سر — پھڑکن، کنپٹیوں میں، چلتے ہوئے,1,1,یکساں
r632,"FULLNESS (See Enlarged), descending, on","FULLNESS (See Enlarged), descending, on",سر — بھراؤ (بھرا بھرا لگنا)، نیچے اترنے پر,1,1,یکساں
r6320,"TWITCHING of muscles, temples, extending brain, into","TWITCHING of muscles of the head, Temples, extending brain, into",سر — پھڑکن، کنپٹیوں سے دماغ میں پھیلتی ہوئی,1,1,یکساں
r6324,ULCERS,ULCERS,سر — ناسور (زخم),11,11,ماخذی مطابق کیے
r6325,"ULCERS, occiput, on","ULCERS, Occiput, on",سر — ناسور، گدی پر,1,1,یکساں
r6326,UNCOVERING head agg.,UNCOVERING head agg.,سر — سر کھولنے (ننگا کرنے) سے بگاڑ,62,62,یکساں
r6328,"UNSTEADY feeling, study, after, agg.","UNSTEADY feeling, study, after, agg.",سر — ڈگمگاہٹ کا احساس، پڑھائی کے بعد بگاڑ,1,1,یکساں
r6329,VACANT feeling,VACANT feeling,سر — خالی پن کا احساس,2,2,یکساں
r633,"FULLNESS (See Enlarged), dinner, after","FULLNESS (See Enlarged), dinner, after",سر — بھراؤ (بھرا بھرا لگنا)، دوپہر کے کھانے کے بعد,1,1,یکساں
r6330,"VACANT feeling, forehead morning, waking, after","VACANT feeling, Forehead morning, waking, after",سر — خالی پن کا احساس، ماتھے میں، صبح جاگنے کے بعد,1,1,یکساں
r6331,VIBRATING (See Shaking),VIBRATING (See Shaking),سر — تھرتھراہٹ,0,0,یکساں
r6332,"WARM coverings on head, agg.","WARM coverings on head, agg.",سر — سر پر گرم اوڑھنے سے بگاڑ,32,32,یکساں
r6334,"WATER, sensation as of, boiling water, in (See Boiling)","WATER, sensation as of, boiling water, in (See Boiling)",سر — جیسے سر کھولتے پانی میں ہو,0,0,یکساں
r6335,"WATER, sensation as of, cold, poured on head","WATER, sensation as of, cold, poured on head",سر — جیسے سر پر ٹھنڈا پانی ڈالا گیا ہو,2,2,یکساں
r6336,"WATER, sensation as of, dripping on head","WATER, sensation as of, dripping on head",سر — جیسے سر پر پانی ٹپک رہا ہو,1,1,یکساں
r6337,"WATER, sensation as of, in the head","WATER, sensation as of, in the head",سر — جیسے سر میں پانی ہو,1,1,یکساں
r6338,"WATER, sensation as of, warm water, in","WATER, sensation as of, warm water, in",سر — جیسے سر گرم پانی میں ہو,3,3,یکساں
r6339,"WATER, sensation as of, wrapped up in","WATER, sensation as of, wrapped up in",سر — جیسے سر پانی میں لپٹا ہو,1,1,یکساں
r634,"FULLNESS (See Enlarged), eating, before","FULLNESS (See Enlarged), eating, before",سر — بھراؤ، کھانے سے پہلے,1,1,یکساں
r6341,"WAVING sensation (See Shaking), motion amel.","WAVING sensation (See Shaking), motion amel.",سر — لہرانے کا احساس، حرکت سے آرام,1,1,یکساں
r6342,"WAVING sensation (See Shaking), rising from stooping","WAVING sensation (See Shaking), rising from stooping",سر — لہرانے کا احساس، جھک کر سیدھا ہونے پر,1,1,یکساں
r6343,"WAVING sensation (See Shaking), standing agg.","WAVING sensation (See Shaking), standing agg.",سر — لہرانے کا احساس، کھڑے ہونے سے بگاڑ,1,1,یکساں
r6344,"WAVING sensation (See Shaking), stooping, after","WAVING sensation (See Shaking), stooping, after",سر — لہرانے کا احساس، جھکنے کے بعد,2,2,یکساں
r6345,"WAVING sensation (See Shaking), turning head agg.","WAVING sensation (See Shaking), turning head agg.",سر — لہرانے کا احساس، سر گھمانے سے بگاڑ,1,1,یکساں
r6346,"WAVING sensation (See Shaking), water in, as from","WAVING sensation (See Shaking), water in, as from",سر — لہرانے کا احساس، جیسے اندر پانی ہو,6,6,یکساں
r6347,"WAVING sensation (See Shaking), wave-like motion upward","WAVING sensation (See Shaking), wave-like motion upward",سر — لہر کی طرح اوپر کو حرکت,2,2,یکساں
r6349,"WAVING sensation (See Shaking), forehead, right to left, from","WAVING sensation (See Shaking), Forehead, right to left, from",سر — لہرانے کا احساس، ماتھے میں، دائیں سے بائیں,1,1,یکساں
r6350,"WAVING sensation (See Shaking), forehead, like a heavy body swaying back and forth","WAVING sensation (See Shaking), Forehead, like a heavy body swaying back and forth",سر — لہرانے کا احساس، ماتھے میں، جیسے بھاری چیز آگے پیچھے جھول رہی ہو,1,1,یکساں
r6351,"WAVING sensation (See Shaking), occiput","WAVING sensation (See Shaking), Occiput",سر — لہرانے کا احساس، گدی میں,2,2,یکساں
r6354,"WEAKNESS, morning, rising, after","WEAKNESS, morning, rising, after",سر — کمزوری، صبح اٹھنے کے بعد,1,1,یکساں
r6355,"WEAKNESS, noon","WEAKNESS, noon",سر — کمزوری، دوپہر,1,1,یکساں
r6356,"WEAKNESS, evening","WEAKNESS, evening",سر — کمزوری، شام,2,2,یکساں
r6357,"WEAKNESS, coffee, after","WEAKNESS, coffee, after",سر — کمزوری، کافی کے بعد,1,1,یکساں
r6358,"WEAKNESS, cough, after","WEAKNESS, cough, after",سر — کمزوری، کھانسی کے بعد,1,1,یکساں
r6359,"WEAKNESS, dinner, during","WEAKNESS, dinner, during",سر — کمزوری، دوپہر کے کھانے کے دوران,1,1,یکساں
r6360,"WEAKNESS, exertion, after","WEAKNESS, exertion, after",سر — کمزوری، محنت کے بعد,1,1,یکساں
r6361,"WEAKNESS, headache were coming on, as though","WEAKNESS, headache were coming on, as though",سر — کمزوری، جیسے سر درد شروع ہونے والا ہو,6,6,یکساں
r6362,"WEAKNESS, heat, after","WEAKNESS, heat, after",سر — کمزوری، بخار کی گرمی کے بعد,1,1,یکساں
r6363,"WEAKNESS, lying on back, while","WEAKNESS, lying on back, while",سر — کمزوری، پیٹھ کے بل لیٹے ہوئے,1,1,یکساں
r6364,"WEAKNESS, mental exertion, after","WEAKNESS, mental exertion, after",سر — کمزوری، ذہنی محنت کے بعد,1,1,یکساں
r6366,"WEAKNESS, pain, after","WEAKNESS, pain, after",سر — کمزوری، درد کے بعد,1,1,یکساں
r6367,"WEAKNESS, respiration, on deep","WEAKNESS, respiration, on deep",سر — کمزوری، گہری سانس لینے پر,1,1,یکساں
r6368,"WEAKNESS, side lain on","WEAKNESS, side lain on",سر — کمزوری، جس پہلو پر لیٹے,1,1,یکساں
r6369,"WEAKNESS, standing, while","WEAKNESS, standing, while",سر — کمزوری، کھڑے ہوئے,1,1,یکساں
r6370,"WEAKNESS, stomach, during weakness in","WEAKNESS, stomach, during weakness in",سر — کمزوری، معدے کی کمزوری کے دوران,1,1,یکساں
r6371,"WEAKNESS, walking, while","WEAKNESS, walking, while",سر — کمزوری، چلتے ہوئے,1,1,یکساں
r6373,"WEAKNESS, working in hot room, as from","WEAKNESS, working in hot room, as from",سر — کمزوری، جیسے گرم کمرے میں کام کرنے سے,1,1,یکساں
r6374,"WEAKNESS, extending to lower extremities, as though paralyzed","WEAKNESS, extending to lower extremities, as though paralyzed",سر — کمزوری، ٹانگوں تک پھیلتی ہوئی، جیسے فالج زدہ ہوں,1,1,یکساں
r6376,"WEIGHT (See Heaviness, pressing, etc.)","WEIGHT (See Heaviness, pressing, etc.)",سر — وزن (بوجھ),0,0,یکساں
r6377,WENS,WENS,سر — چربی کی رسولیاں (سر پر),10,10,یکساں
r6378,"WRAPPED (See Uncovering, warm coverings)","WRAPPED (See Uncovering, warm coverings)",سر — لپیٹنا,0,0,یکساں
r6379,"CONGESTION, hyperaemia, etc.","CONGESTION, hyperæmia, etc. (See Fullness, Pulsation)",سر — خون کا جماؤ (سر کو خون چڑھنا)، خون کی زیادتی وغیرہ,174,174,یکساں
r638,"FULLNESS (See Enlarged), heat, during","FULLNESS (See Enlarged), heat, during",سر — بھراؤ (بھرا بھرا لگنا)، بخار کی گرمی کے دوران,2,2,یکساں
r6380,"CONSTRICTION, tension","CONSTRICTION, tension (See also Drawing, Pressing)",سر — جکڑن (کساؤ)، تناؤ,159,159,یکساں
r6382,TWITCHING of muscles of the head,TWITCHING of muscles of the head,سر — سر کے پٹھوں کی پھڑکن,45,45,یکساں
r6383,WASHING head agg.,WASHING head agg.,سر — سر دھونے سے بگاڑ,24,24,یکساں
r639,"FULLNESS (See Enlarged), intermittent","FULLNESS (See Enlarged), intermittent",سر — بھراؤ (بھرا بھرا لگنا)، وقفے وقفے سے,1,1,یکساں
r640,"FULLNESS (See Enlarged), leaning head to left","FULLNESS (See Enlarged), leaning head to left",سر — بھراؤ (بھرا بھرا لگنا)، سر بائیں طرف جھکانے پر,1,1,یکساں
r641,"FULLNESS (See Enlarged), lying, while","FULLNESS (See Enlarged), lying, while",سر — بھراؤ (بھرا بھرا لگنا)، لیٹے ہوئے,1,1,یکساں
r642,"FULLNESS (See Enlarged), menses, on appearance of","FULLNESS (See Enlarged), menses, on appearance of",سر — بھراؤ، حیض شروع ہونے پر,1,1,یکساں
r645,"FULLNESS (See Enlarged), mental exertion, from","FULLNESS (See Enlarged), mental exertion, from",سر — بھراؤ، ذہنی محنت سے,8,8,یکساں
r647,"FULLNESS (See Enlarged), motion agg.","FULLNESS (See Enlarged), motion agg.",سر — بھراؤ (بھرا بھرا لگنا)، حرکت سے بگاڑ,1,1,یکساں
r648,"FULLNESS (See Enlarged), pressure of hat agg.","FULLNESS (See Enlarged), pressure of hat agg.",سر — بھراؤ (بھرا بھرا لگنا)، ٹوپی کے دباؤ سے بگاڑ,1,1,یکساں
r650,"FULLNESS (See Enlarged), raising head, on","FULLNESS (See Enlarged), raising head, on",سر — بھراؤ (بھرا بھرا لگنا)، سر اٹھانے پر,1,1,یکساں
r651,"FULLNESS (See Enlarged), reading, while","FULLNESS (See Enlarged), reading, while",سر — بھراؤ (بھرا بھرا لگنا)، پڑھتے ہوئے,3,3,یکساں
r652,"FULLNESS (See Enlarged), rising, on","FULLNESS (See Enlarged), rising, on",سر — بھراؤ (بھرا بھرا لگنا)، اٹھنے پر,4,4,یکساں
r653,"FULLNESS (See Enlarged), sewing agg.","FULLNESS (See Enlarged), sewing agg.",سر — بھراؤ (بھرا بھرا لگنا)، سلائی سے بگاڑ,1,1,یکساں
r654,"FULLNESS (See Enlarged), shaking head, on","FULLNESS (See Enlarged), shaking head, on",سر — بھراؤ (بھرا بھرا لگنا)، سر ہلانے پر,2,2,یکساں
r655,"FULLNESS (See Enlarged), siesta, after","FULLNESS (See Enlarged), siesta, after",سر — بھراؤ (بھرا بھرا لگنا)، دوپہر کی نیند کے بعد,1,1,یکساں
r656,"FULLNESS (See Enlarged), sitting, while","FULLNESS (See Enlarged), sitting, while",سر — بھراؤ، بیٹھے ہوئے,2,2,یکساں
r658,"FULLNESS (See Enlarged), sleep, agg., after","FULLNESS (See Enlarged), sleep, agg., after",سر — بھراؤ، نیند کے بعد بگاڑ,1,1,یکساں
r660,"FULLNESS (See Enlarged), sneezing, on","FULLNESS (See Enlarged), sneezing, on",سر — بھراؤ (بھرا بھرا لگنا)، چھینکتے وقت,1,1,یکساں
r661,"FULLNESS (See Enlarged), stool, when straining at","FULLNESS (See Enlarged), stool, when straining at",سر — بھراؤ، پاخانے پر زور لگاتے ہوئے,1,1,یکساں
r663,"FULLNESS (See Enlarged), stooping, when","FULLNESS (See Enlarged), stooping, when",سر — بھراؤ (بھرا بھرا لگنا)، جھکنے پر,8,8,یکساں
r664,"FULLNESS (See Enlarged), talking, after","FULLNESS (See Enlarged), talking, after",سر — بھراؤ (بھرا بھرا لگنا)، باتیں کرنے کے بعد,1,1,یکساں
r665,"FULLNESS (See Enlarged), urine, copious flow amel.","FULLNESS (See Enlarged), urine, copious flow amel.",سر — بھراؤ (بھرا بھرا لگنا)، کھل کر پیشاب آنے سے آرام,1,1,یکساں
r666,"FULLNESS (See Enlarged), vertigo, during","FULLNESS (See Enlarged), vertigo, during",سر — بھراؤ (بھرا بھرا لگنا)، چکر کے دوران,18,18,یکساں
r667,"FULLNESS (See Enlarged), waking, on","FULLNESS (See Enlarged), waking, on",سر — بھراؤ (بھرا بھرا لگنا)، جاگنے پر,4,4,یکساں
r668,"FULLNESS (See Enlarged), walking in open air amel.","FULLNESS (See Enlarged), walking in open air amel.",سر — بھراؤ (بھرا بھرا لگنا)، کھلی ہوا میں چلنے سے آرام,5,5,یکساں
r669,"FULLNESS (See Enlarged), warm room","FULLNESS (See Enlarged), warm room",سر — بھراؤ (بھرا بھرا لگنا)، گرم کمرے میں,3,3,یکساں
r670,"FULLNESS (See Enlarged), wine, after","FULLNESS (See Enlarged), wine, after",سر — بھراؤ (بھرا بھرا لگنا)، شراب (وائن) کے بعد,1,1,یکساں
r671,"FULLNESS (See Enlarged), writing, while","FULLNESS (See Enlarged), writing, while",سر — بھراؤ (بھرا بھرا لگنا)، لکھتے ہوئے,1,1,یکساں
r673,"FULLNESS (See Enlarged), forehead, morning","FULLNESS (See Enlarged), Forehead, morning",سر — بھراؤ، ماتھے میں، صبح,7,7,یکساں
r674,"FULLNESS (See Enlarged), forehead, morning, walking, while","FULLNESS (See Enlarged), Forehead, morning, walking, while",سر — بھراؤ، ماتھے میں، صبح چلتے ہوئے,2,2,یکساں
r675,"FULLNESS (See Enlarged), forehead, forenoon","FULLNESS (See Enlarged), Forehead, forenoon",سر — بھراؤ، ماتھے میں، دوپہر سے پہلے,2,2,یکساں
r676,"FULLNESS (See Enlarged), forehead, afternoon","FULLNESS (See Enlarged), Forehead, afternoon",سر — بھراؤ، ماتھے میں، سہ پہر,2,2,یکساں
r677,"FULLNESS (See Enlarged), forehead, evening","FULLNESS (See Enlarged), Forehead, evening",سر — بھراؤ، ماتھے میں، شام,4,4,یکساں
r678,"FULLNESS (See Enlarged), forehead, closing eyes amel.","FULLNESS (See Enlarged), Forehead, closing eyes amel.",سر — بھراؤ، ماتھے میں، آنکھیں بند کرنے سے آرام,1,1,یکساں
r679,"FULLNESS (See Enlarged), forehead, coitus, after","FULLNESS (See Enlarged), Forehead, coitus, after",سر — بھراؤ، ماتھے میں، مباشرت کے بعد,1,1,یکساں
r680,"FULLNESS (See Enlarged), forehead, eating amel.","FULLNESS (See Enlarged), Forehead, eating amel.",سر — بھراؤ، ماتھے میں، کھانے سے آرام,1,1,یکساں
r681,"FULLNESS (See Enlarged), forehead, reading, while","FULLNESS (See Enlarged), Forehead, reading, while",سر — بھراؤ، ماتھے میں، پڑھتے ہوئے,1,1,یکساں
r682,"FULLNESS (See Enlarged), forehead, stool amel.","FULLNESS (See Enlarged), Forehead, stool amel.",سر — بھراؤ، ماتھے میں، پاخانے سے آرام,1,1,یکساں
r683,"FULLNESS (See Enlarged), forehead, stooping, on","FULLNESS (See Enlarged), Forehead, stooping, on",سر — بھراؤ، ماتھے میں، جھکنے پر,1,1,یکساں
r684,"FULLNESS (See Enlarged), forehead, waking, while","FULLNESS (See Enlarged), Forehead, waking, while",سر — بھراؤ، ماتھے میں، جاگتے وقت,1,1,یکساں
r685,"FULLNESS (See Enlarged), forehead, washing amel.","FULLNESS (See Enlarged), Forehead, washing amel.",سر — بھراؤ، ماتھے میں، دھونے سے آرام,1,1,یکساں
r687,"FULLNESS (See Enlarged), forehead, eyes, over, with vertigo","FULLNESS (See Enlarged), Forehead, eyes, over, with vertigo",سر — بھراؤ، آنکھوں کے اوپر، چکر کے ساتھ,1,1,یکساں
r688,"FULLNESS (See Enlarged), forehead, nose, over, evening","FULLNESS (See Enlarged), Forehead, nose, over, evening",سر — بھراؤ، ناک کے اوپر، شام,1,1,یکساں
r689,"FULLNESS (See Enlarged), occiput","FULLNESS (See Enlarged), Occiput",سر — بھراؤ (بھرا بھرا لگنا)، گدی,20,20,ماخذی مطابق کیے
r691,"FULLNESS (See Enlarged), occiput, evening in, walking in open air","FULLNESS (See Enlarged), Occiput, evening in, walking in open air",سر — بھراؤ، گدی میں، شام کھلی ہوا میں چلتے ہوئے,1,1,یکساں
r692,"FULLNESS (See Enlarged), occiput, coughing, on","FULLNESS (See Enlarged), Occiput, coughing, on",سر — بھراؤ، گدی میں، کھانستے وقت,1,1,یکساں
r693,"FULLNESS (See Enlarged), occiput, lying on face amel.","FULLNESS (See Enlarged), Occiput, lying on face amel.",سر — بھراؤ، گدی میں، منہ کے بل لیٹنے سے آرام,1,1,یکساں
r694,"FULLNESS (See Enlarged), side","FULLNESS (See Enlarged), Side",سر — بھراؤ (بھرا بھرا لگنا)، پہلو میں,6,6,یکساں
r695,"FULLNESS (See Enlarged), temple","FULLNESS (See Enlarged), Temple",سر — بھراؤ (بھرا بھرا لگنا)، کنپٹی,15,15,یکساں
r696,"FULLNESS (See Enlarged), temple, first right, then left, then to nape where it disappears","FULLNESS (See Enlarged), Temple, first right, then left, then to nape where it disappears",سر — بھراؤ، کنپٹی میں، پہلے دائیں، پھر بائیں، پھر گردن کے پچھلے حصے میں جا کر غائب,1,1,یکساں
r698,"FULLNESS (See Enlarged), vertex, evening","FULLNESS (See Enlarged), Vertex, evening",سر — بھراؤ، چوٹی میں، شام,1,1,یکساں
r699,"FULLNESS (See Enlarged), vertex, eating, after","FULLNESS (See Enlarged), Vertex, eating, after",سر — بھراؤ، چوٹی میں، کھانے کے بعد,1,1,یکساں
r700,"FULLNESS (See Enlarged), vertex, reading, while","FULLNESS (See Enlarged), Vertex, reading, while",سر — بھراؤ، چوٹی میں، پڑھتے ہوئے,1,1,یکساں
r701,"FULLNESS (See Enlarged), vertex, sitting up agg.","FULLNESS (See Enlarged), Vertex, sitting up agg.",سر — بھراؤ، چوٹی میں، اٹھ کر بیٹھنے سے بگاڑ,1,1,یکساں
r702,"FULLNESS (See Enlarged), vertex, stooping","FULLNESS (See Enlarged), Vertex, stooping",سر — بھراؤ، چوٹی میں، جھکنے پر,1,1,یکساں
r703,FUNGUS,FUNGUS,سر — پھپھوندی جیسی رسولی,3,3,یکساں
r704,GURGLING (See Bubbling),GURGLING (See Bubbling),سر — غڑغڑاہٹ,3,3,یکساں
r705,"GURGLING (See Bubbling), temples","GURGLING (See Bubbling), Temples",سر — غڑغڑاہٹ، کنپٹیوں میں,1,1,یکساں
r706,HAIR baldness,HAIR baldness,سر — بال، گنج پن,11,11,یکساں
r736,"HANDS, holds head with, on coughing","HANDS, holds head with, on coughing",سر — سر ہاتھوں سے تھامتا ہے، کھانستے وقت,4,4,یکساں
r740,"HAT, aversion to","HAT, aversion to (See Warm covering)",سر — ٹوپی سے بیزار,4,4,یکساں
r741,"HEADLESS, sensation of being","HEADLESS, sensation of being",سر — جیسے سر ہے ہی نہیں,3,3,یکساں
r746,"HEAT, morning, waking, on","HEAT, morning, waking, on",سر — گرمی، صبح جاگنے پر,7,7,یکساں
r747,"HEAT, forenoon","HEAT, forenoon",سر — گرمی، دوپہر سے پہلے,2,2,یکساں
r748,"HEAT, noon","HEAT, noon",سر — گرمی، دوپہر,3,3,یکساں
r749,"HEAT, afternoon","HEAT, afternoon",سر — گرمی، سہ پہر,32,32,ماخذی مطابق کیے
r750,"HEAT, afternoon, 4 p.m.","HEAT, afternoon, 4 p.m.",سر — گرمی، سہ پہر 4 بجے,1,1,یکساں
r751,"HEAT, evening","HEAT, evening",سر — گرمی، شام,34,34,یکساں
r753,"HEAT, night, bed, in","HEAT, night, bed, in",سر — گرمی، رات بستر میں,4,4,یکساں
r754,"HEAT, night, waking, on","HEAT, night, waking, on",سر — گرمی، رات جاگنے پر,1,1,یکساں
r755,"HEAT, midnight","HEAT, midnight",سر — گرمی، آدھی رات,2,2,یکساں
r756,"HEAT, abdomen, from pain in","HEAT, abdomen, from pain in",سر — گرمی، پیٹ کے درد سے,1,1,یکساں
r757,"HEAT, agreeable","HEAT, agreeable",سر — گرمی، خوشگوار,4,4,یکساں
r758,"HEAT, air, in open, agg.","HEAT, air, in open, agg.",سر — گرمی، کھلی ہوا میں بگاڑ,1,1,یکساں
r761,"HEAT, alternating with chilliness","HEAT, alternating with chilliness",سر — گرمی، باری باری سردی محسوس ہونے کے ساتھ,2,2,یکساں
r764,"HEAT, anxiety, with","HEAT, anxiety, with",سر — گرمی، بے چینی کے ساتھ,3,3,یکساں
r765,"HEAT, back, with coldness of","HEAT, back, with coldness of",سر — گرمی، کمر کی ٹھنڈک کے ساتھ,1,1,یکساں
r768,"HEAT, beer, after","HEAT, beer, after",سر — گرمی، بیئر کے بعد,2,2,یکساں
r769,"HEAT, breakfast, after","HEAT, breakfast, after",سر — گرمی، ناشتے کے بعد,1,1,یکساں
r770,"HEAT, burning","HEAT, burning",سر — گرمی، جلتی ہوئی,11,11,یکساں
r771,"HEAT, chill, before","HEAT, chill, before",سر — گرمی، سردی لگنے سے پہلے,1,1,یکساں
r774,"HEAT, chilliness, during","HEAT, chilliness, during",سر — گرمی، سردی محسوس ہونے کے دوران,9,9,یکساں
r775,"HEAT, cold bath amel.","HEAT, cold bath amel.",سر — گرمی، ٹھنڈے پانی سے نہانے پر آرام,5,5,یکساں
r776,"HEAT, cold water, amel.","HEAT, cold water, amel.",سر — گرمی، ٹھنڈے پانی سے آرام,2,2,یکساں
r777,"HEAT, cold to touch, though","HEAT, cold to touch, though",سر — گرمی، چھونے میں ٹھنڈا، پھر بھی گرمی,1,1,یکساں
r778,"HEAT, coldness of body, with","HEAT, coldness of body, with",سر — گرمی، جسم کی ٹھنڈک کے ساتھ,23,23,یکساں
r784,"HEAT, contradiction, from","HEAT, contradiction, from",سر — گرمی، بات کاٹنے پر,1,1,یکساں
r785,"HEAT, coryza, during","HEAT, coryza, during",سر — گرمی، زکام کے دوران,5,5,یکساں
r786,"HEAT, cough, during","HEAT, cough, during",سر — گرمی، کھانسی کے دوران,7,7,یکساں
r787,"HEAT, descending to toes","HEAT, descending to toes",سر — گرمی، پاؤں کی انگلیوں تک اترتی ہوئی,1,1,یکساں
r789,"HEAT, dinner, during","HEAT, dinner, during",سر — گرمی، دوپہر کے کھانے کے دوران,4,4,یکساں
r791,"HEAT, eating, after","HEAT, eating, after",سر — گرمی، کھانے کے بعد,17,17,یکساں
r793,"HEAT, epilepsy, before","HEAT, epilepsy, before",سر — گرمی، مرگی کے دورے سے پہلے,1,1,یکساں
r794,"HEAT, epistaxis amel.","HEAT, epistaxis amel.",سر — گرمی، نکسیر سے آرام,2,2,یکساں
r795,"HEAT, exertion, from","HEAT, exertion, from",سر — گرمی، محنت سے,2,2,یکساں
r797,"HEAT, flashes of, after chilliness","HEAT, flashes of, after chilliness",سر — گرمی کی لپٹیں، سردی محسوس ہونے کے بعد,2,2,یکساں
r798,"HEAT, flashes of, extending from head to stomach","HEAT, flashes of, extending from head to stomach",سر — گرمی کی لپٹیں، سر سے معدے تک پھیلتی ہوئی,1,1,یکساں
r799,"HEAT, fright, after","HEAT, fright, after",سر — گرمی، ڈر کے بعد,1,1,یکساں
r800,"HEAT, grief, after","HEAT, grief, after",سر — گرمی، غم کے بعد,1,1,یکساں
r801,"HEAT, heart, during oppression of","HEAT, heart, during oppression of",سر — گرمی، دل پر بوجھ کے دوران,1,1,یکساں
r803,"HEAT, heat of face, with","HEAT, heat of face, with",سر — گرمی، چہرے کی گرمی کے ساتھ,23,23,یکساں
r806,"HEAT, hot body, as if, fell forwards","HEAT, hot body, as if, fell forwards",سر — گرمی، جیسے گرم جسم آگے کو گرا ہو,1,1,یکساں
r810,"HEAT, laughing agg.","HEAT, laughing agg.",سر — گرمی، ہنسنے سے بگاڑ,1,1,یکساں
r813,"HEAT, menses, before","HEAT, menses, before",سر — گرمی، حیض سے پہلے,11,11,یکساں
r816,"HEAT, mental exertion, from","HEAT, mental exertion, from",سر — گرمی، ذہنی محنت سے,6,6,یکساں
r817,"HEAT, music, from","HEAT, music, from",سر — گرمی، موسیقی سے,1,1,یکساں
r818,"HEAT, pale face, with","HEAT, pale face, with",سر — گرمی، زرد چہرے کے ساتھ,2,2,یکساں
r819,"HEAT, periodical","HEAT, periodical",سر — گرمی، وقفے وقفے سے، باقاعدہ,1,1,یکساں
r820,"HEAT, pressure amel.","HEAT, pressure amel.",سر — گرمی، دبانے سے آرام,3,3,یکساں
r822,"HEAT, reading, while","HEAT, reading, while",سر — گرمی، پڑھتے ہوئے,1,1,یکساں
r823,"HEAT, redness of face, with","HEAT, redness of face, with",سر — گرمی، چہرے کی سرخی کے ساتھ,17,17,یکساں
r824,"HEAT, riding, while","HEAT, riding, while",سر — گرمی، سواری کرتے ہوئے,1,1,یکساں
r830,"HEAT, rising up, abdomen, from","HEAT, rising up, abdomen, from",سر — گرمی، پیٹ سے اوپر چڑھتی ہوئی,6,6,یکساں
r831,"HEAT, rising up, back, from","HEAT, rising up, back, from",سر — گرمی، کمر سے اوپر چڑھتی ہوئی,1,1,یکساں
r832,"HEAT, rising up, chest, from","HEAT, rising up, chest, from",سر — گرمی، سینے سے اوپر چڑھتی ہوئی,7,7,یکساں
r833,"HEAT, sewing, while","HEAT, sewing, while",سر — گرمی، سلائی کرتے ہوئے,1,1,یکساں
r834,"HEAT, siesta, after","HEAT, siesta, after",سر — گرمی، دوپہر کی نیند کے بعد,3,3,یکساں
r835,"HEAT, sitting, while","HEAT, sitting, while",سر — گرمی، بیٹھے ہوئے,5,5,یکساں
r836,"HEAT, sleep, before","HEAT, sleep, before",سر — گرمی، نیند سے پہلے,3,3,یکساں
r838,"HEAT, sleepiness, with","HEAT, sleepiness, with",سر — گرمی، غنودگی کے ساتھ,3,3,یکساں
r839,"HEAT, sneezing amel.","HEAT, sneezing amel.",سر — گرمی، چھینک سے آرام,1,1,یکساں
r840,"HEAT, soup, on taking","HEAT, soup, on taking",سر — گرمی، شوربہ (سوپ) پینے پر,1,1,یکساں
r841,"HEAT, speaking, by","HEAT, speaking, by",سر — گرمی، بولنے سے,2,2,یکساں
r842,"HEAT, spot, in small","HEAT, spot, in small",سر — گرمی، چھوٹے سے دھبے میں,2,2,یکساں
r843,"HEAT, standing agg.","HEAT, standing agg.",سر — گرمی، کھڑے ہونے سے بگاڑ,2,2,یکساں
r845,"HEAT, stool, during urging to","HEAT, stool, during urging to",سر — گرمی، پاخانے کی حاجت کے دوران,3,3,یکساں
r847,"HEAT, stooping, when","HEAT, stooping, when",سر — گرمی، جھکنے پر,3,3,یکساں
r848,"HEAT, storm, on approach of","HEAT, storm, on approach of",سر — گرمی، طوفان آنے سے پہلے,1,1,یکساں
r849,"HEAT, stove agg.","HEAT, stove agg.",سر — گرمی، چولہے (آگ) کے پاس بگاڑ,2,2,یکساں
r850,"HEAT, thinking of it agg.","HEAT, thinking of it agg.",سر — گرمی، اس کے بارے میں سوچنے سے بگاڑ,1,1,یکساں
r851,"HEAT, transient","HEAT, transient",سر — گرمی، عارضی,7,7,یکساں
r852,"HEAT, urinating, while","HEAT, urinating, while",سر — گرمی، پیشاب کرتے ہوئے,1,1,یکساں
r853,"HEAT, vapor, as from warm","HEAT, vapor, as from warm",سر — گرمی، جیسے گرم بھاپ سے,1,1,یکساں
r854,"HEAT, waking, on","HEAT, waking, on",سر — گرمی، جاگنے پر,10,10,یکساں
r856,"HEAT, walking, while","HEAT, walking, while",سر — گرمی، چلتے ہوئے,8,8,یکساں
r858,"HEAT, warm room","HEAT, warm room",سر — گرمی، گرم کمرے میں,16,16,یکساں
r859,"HEAT, washing hands in cold water amel.","HEAT, washing hands in cold water amel.",سر — گرمی، ٹھنڈے پانی سے ہاتھ دھونے سے آرام,1,1,یکساں
r860,"HEAT, wine, after","HEAT, wine, after",سر — گرمی، شراب کے بعد,3,3,یکساں
r862,"HEAT, writing, on","HEAT, writing, on",سر — گرمی، لکھنے پر,4,4,یکساں
r864,"HEAT, forehead, morning","HEAT, Forehead, morning",سر — گرمی، ماتھے میں، صبح,5,5,یکساں
r865,"HEAT, forehead, forenoon","HEAT, Forehead, forenoon",سر — گرمی، ماتھے میں، دوپہر سے پہلے,4,4,یکساں
r866,"HEAT, forehead, noon","HEAT, Forehead, noon",سر — گرمی، ماتھے میں، دوپہر,1,1,یکساں
r867,"HEAT, forehead, afternoon","HEAT, Forehead, afternoon",سر — گرمی، ماتھے میں، سہ پہر,5,5,یکساں
r868,"HEAT, forehead, evening","HEAT, Forehead, evening",سر — گرمی، ماتھے میں، شام,6,6,ماخذی مطابق کیے
r869,"HEAT, forehead, evening, while writing","HEAT, Forehead, evening, while writing",سر — گرمی، ماتھے میں، شام لکھتے ہوئے,1,1,یکساں
r870,"HEAT, forehead, night","HEAT, Forehead, night",سر — گرمی، ماتھے میں، رات,3,3,یکساں
r871,"HEAT, forehead, air, cool, amel.","HEAT, Forehead, air, cool, amel.",سر — گرمی، ماتھے میں، ٹھنڈی ہوا سے آرام,3,3,یکساں
r872,"HEAT, forehead, alternately in either protuberance","HEAT, Forehead, alternately in either protuberance",سر — گرمی، ماتھے میں، باری باری دونوں ابھاروں میں,1,1,یکساں
r873,"HEAT, forehead, chilliness, during","HEAT, Forehead, chilliness, during",سر — گرمی، ماتھے میں، سردی محسوس ہونے کے دوران,2,2,یکساں
r874,"HEAT, forehead, dinner, after","HEAT, Forehead, dinner, after",سر — گرمی، ماتھے میں، دوپہر کے کھانے کے بعد,1,1,یکساں
r875,"HEAT, forehead, walking, while","HEAT, Forehead, walking, while",سر — گرمی، ماتھے میں، چلتے ہوئے,1,1,یکساں
r876,"HEAT, forehead, warm water trickled down inside, as if","HEAT, Forehead, warm water trickled down inside, as if",سر — گرمی، ماتھے میں، جیسے اندر گرم پانی رس کر بہہ رہا ہو,1,1,یکساں
r877,"HEAT, forehead, warmth in middle of forehead, feeling of, then coolness as from draught of air","HEAT, Forehead, warmth in middle of forehead, feeling of, then coolness as from draught of air",سر — گرمی، ماتھے کے بیچ میں گرمائش کا احساس، پھر ٹھنڈک جیسے ہوا کے جھونکے سے,1,1,یکساں
r878,"HEAT, forehead, writing, while","HEAT, Forehead, writing, while",سر — گرمی، ماتھے میں، لکھتے ہوئے,1,1,یکساں
r880,"HEAT, occiput, morning","HEAT, Occiput, morning",سر — گرمی، گدی میں، صبح,1,1,یکساں
r881,"HEAT, occiput, evening","HEAT, Occiput, evening",سر — گرمی، گدی میں، شام,1,1,یکساں
r883,"HEAT, occiput, excitement agg.","HEAT, Occiput, excitement agg.",سر — گرمی، گدی میں، جوش سے بگاڑ,1,1,یکساں
r884,"HEAT, occiput, flashes of","HEAT, Occiput, flashes of",سر — گرمی، گدی میں، لپٹیں,3,3,یکساں
r885,"HEAT, occiput, walking in open air, amel.","HEAT, Occiput, walking in open air, amel.",سر — گرمی، گدی میں، کھلی ہوا میں چلنے سے آرام,1,1,یکساں
r886,"HEAT, occiput, warm room, in","HEAT, Occiput, warm room, in",سر — گرمی، گدی میں، گرم کمرے میں,1,1,یکساں
r887,"HEAT, sides","HEAT, Sides",سر — گرمی، پہلوؤں میں,11,11,یکساں
r888,"HEAT, sides, right, evening","HEAT, Sides, right, evening",سر — گرمی، دائیں پہلو میں، شام,1,1,یکساں
r889,"HEAT, sides, in flashes","HEAT, Sides, in flashes",سر — گرمی، پہلوؤں میں، لپٹوں کی صورت,1,1,یکساں
r890,"HEAT, temples","HEAT, Temples",سر — گرمی، کنپٹیاں,10,10,یکساں
r891,"HEAT, temples, cold cheeks, with","HEAT, Temples, cold cheeks, with",سر — گرمی، کنپٹیوں میں، ٹھنڈے گالوں کے ساتھ,1,1,یکساں
r893,"HEAT, vertex, morning","HEAT, Vertex, morning",سر — گرمی، چوٹی میں، صبح,1,1,یکساں
r894,"HEAT, vertex, 11 p.m.","HEAT, Vertex, 11 p.m.",سر — گرمی، چوٹی میں، رات 11 بجے,1,1,یکساں
r895,"HEAT, vertex, grief, after","HEAT, Vertex, grief, after",سر — گرمی، چوٹی میں، غم کے بعد,3,3,یکساں
r896,"HEAT, vertex, menopause, during","HEAT, Vertex, menopause, during",سر — گرمی، چوٹی میں، سنِ یاس کے دوران,1,1,یکساں
r897,"HEAT, vertex, menses, during","HEAT, Vertex, menses, during",سر — گرمی، چوٹی میں، حیض کے دوران,2,2,یکساں
r898,"HEAT, vertex, pressure amel.","HEAT, Vertex, pressure amel.",سر — گرمی، چوٹی میں، دبانے سے آرام,1,1,یکساں
r899,"HEAT, vertex, spots, in","HEAT, Vertex, spots, in",سر — گرمی، چوٹی میں، دھبوں کی صورت,3,3,یکساں
r9,"ALIVE, sensation as if something, were in head","ALIVE, sensation as if something, were in head",سر — جیسے سر میں کوئی زندہ چیز ہو,8,8,یکساں
r900,"HEAT, vertex, thinking, while","HEAT, Vertex, thinking, while",سر — گرمی، چوٹی میں، سوچتے ہوئے,1,1,یکساں
r901,"HEAT, vertex, warm applications amel.","HEAT, Vertex, warm applications amel.",سر — گرمی، چوٹی میں، گرم پٹیوں سے آرام,1,1,یکساں
r904,"HEAVINESS (See Pressing), morning, rising, on","HEAVINESS (See Pressing), morning, rising, on",سر — بھاری پن، صبح اٹھنے پر,24,24,یکساں
r906,"HEAVINESS (See Pressing), morning, waking, on","HEAVINESS (See Pressing), morning, waking, on",سر — بھاری پن، صبح جاگنے پر,28,28,یکساں
r907,"HEAVINESS (See Pressing), afternoon","HEAVINESS (See Pressing), afternoon",سر — بھاری پن، سہ پہر,25,25,ماخذی مطابق کیے
r910,"HEAVINESS (See Pressing), afternoon, 4 p.m.","HEAVINESS (See Pressing), afternoon, 4 p.m.",سر — بھاری پن، سہ پہر 4 بجے,1,1,یکساں
r911,"HEAVINESS (See Pressing), evening","HEAVINESS (See Pressing), evening",سر — بھاری پن، شام,26,26,یکساں
r913,"HEAVINESS (See Pressing), night, waking, on","HEAVINESS (See Pressing), night, waking, on",سر — بھاری پن، رات جاگنے پر,4,4,یکساں
r914,"HEAVINESS (See Pressing), air, in cold","HEAVINESS (See Pressing), air, in cold",سر — بھاری پن، ٹھنڈی ہوا میں,1,1,یکساں
r917,"HEAVINESS (See Pressing), alternating with clearness of mind","HEAVINESS (See Pressing), alternating with clearness of mind",سر — بھاری پن، باری باری ذہن کی صفائی کے ساتھ,1,1,یکساں
r918,"HEAVINESS (See Pressing), ascending, on","HEAVINESS (See Pressing), ascending, on",سر — بھاری پن، اوپر چڑھنے پر,2,2,یکساں
r919,"HEAVINESS (See Pressing), back and limbs, with pain in","HEAVINESS (See Pressing), back and limbs, with pain in",سر — بھاری پن، کمر اور اعضا میں درد کے ساتھ,1,1,یکساں
r921,"HEAVINESS (See Pressing), bed, while lying in","HEAVINESS (See Pressing), bed, while lying in",سر — بھاری پن، بستر میں لیٹے ہوئے,1,1,یکساں
r922,"HEAVINESS (See Pressing), beer, after","HEAVINESS (See Pressing), beer, after",سر — بھاری پن، بیئر کے بعد,1,1,یکساں
r923,"HEAVINESS (See Pressing), bending head back amel.","HEAVINESS (See Pressing), bending head back amel.",سر — بھاری پن، سر پیچھے جھکانے سے آرام,2,2,یکساں
r925,"HEAVINESS (See Pressing), blood, as if too full of","HEAVINESS (See Pressing), blood, as if too full of",سر — بھاری پن، جیسے خون سے بہت بھرا ہو,3,3,یکساں
r926,"HEAVINESS (See Pressing), breakfast, after","HEAVINESS (See Pressing), breakfast, after",سر — بھاری پن، ناشتے کے بعد,1,1,یکساں
r927,"HEAVINESS (See Pressing), candle-light, from","HEAVINESS (See Pressing), candle-light, from",سر — بھاری پن، موم بتی کی روشنی سے,1,1,یکساں
r928,"HEAVINESS (See Pressing), chill, during","HEAVINESS (See Pressing), chill, during",سر — بھاری پن، سردی لگنے کے دوران,1,1,یکساں
r930,"HEAVINESS (See Pressing), coffee, strong amel.","HEAVINESS (See Pressing), coffee, strong amel.",سر — بھاری پن، کڑک کافی سے آرام,1,1,یکساں
r933,"HEAVINESS (See Pressing), coughing, on","HEAVINESS (See Pressing), coughing, on",سر — بھاری پن، کھانستے وقت,2,2,یکساں
r934,"HEAVINESS (See Pressing), daily","HEAVINESS (See Pressing), daily",سر — بھاری پن، روزانہ,2,2,یکساں
r935,"HEAVINESS (See Pressing), darkness agg.","HEAVINESS (See Pressing), darkness agg.",سر — بھاری پن، اندھیرے میں بگاڑ,1,1,یکساں
r937,"HEAVINESS (See Pressing), descending, on","HEAVINESS (See Pressing), descending, on",سر — بھاری پن، نیچے اترنے پر,1,1,یکساں
r938,"HEAVINESS (See Pressing), dinner, after","HEAVINESS (See Pressing), dinner, after",سر — بھاری پن، دوپہر کے کھانے کے بعد,1,1,یکساں
r940,"HEAVINESS (See Pressing), drinking, as if had been","HEAVINESS (See Pressing), drinking, as if had been",سر — بھاری پن، جیسے شراب پی رکھی ہو,8,8,یکساں
r941,"HEAVINESS (See Pressing), dull","HEAVINESS (See Pressing), dull",سر — بھاری پن، مدھم (ہلکا),9,9,یکساں
r942,"HEAVINESS (See Pressing), eating, while","HEAVINESS (See Pressing), eating, while",سر — بھاری پن، کھاتے ہوئے,1,1,یکساں
r944,"HEAVINESS (See Pressing), epistaxis amel.","HEAVINESS (See Pressing), epistaxis amel.",سر — بھاری پن، نکسیر سے آرام,1,1,یکساں
r945,"HEAVINESS (See Pressing), erect, on becoming","HEAVINESS (See Pressing), erect, on becoming",سر — بھاری پن، سیدھا ہونے پر,1,1,یکساں
r946,"HEAVINESS (See Pressing), exercise, on","HEAVINESS (See Pressing), exercise, on",سر — بھاری پن، ورزش پر,1,1,یکساں
r947,"HEAVINESS (See Pressing), exertion of eyes, on","HEAVINESS (See Pressing), exertion of eyes, on",سر — بھاری پن، نظر پر زور دینے سے,1,1,یکساں
r948,"HEAVINESS (See Pressing), falls, backward, head","HEAVINESS (See Pressing), falls, backward, head",سر — بھاری پن، سر پیچھے کو گرے,9,9,یکساں
r953,"HEAVINESS (See Pressing), heat, from","HEAVINESS (See Pressing), heat, from",سر — بھاری پن، گرمی سے,2,2,یکساں
r957,"HEAVINESS (See Pressing), holding head erect, on","HEAVINESS (See Pressing), holding head erect, on",سر — بھاری پن، سر سیدھا رکھنے پر,2,2,یکساں
r958,"HEAVINESS (See Pressing), lean on something, desires to","HEAVINESS (See Pressing), lean on something, desires to",سر — بھاری پن، کسی چیز سے ٹیک لگانا چاہے,2,2,یکساں
r959,"HEAVINESS (See Pressing), light, from strong","HEAVINESS (See Pressing), light, from strong",سر — بھاری پن، تیز روشنی سے,1,1,یکساں
r960,"HEAVINESS (See Pressing), looking steadily agg.","HEAVINESS (See Pressing), looking steadily agg.",سر — بھاری پن، ایک ٹک دیکھنے سے بگاڑ,1,1,یکساں
r971,"HEAVINESS (See Pressing), menses, before","HEAVINESS (See Pressing), menses, before",سر — بھاری پن، حیض سے پہلے,3,3,یکساں
r975,"HEAVINESS (See Pressing), mental exertion, from","HEAVINESS (See Pressing), mental exertion, from",سر — بھاری پن، ذہنی محنت سے,8,8,یکساں
r981,"HEAVINESS (See Pressing), painful","HEAVINESS (See Pressing), painful",سر — بھاری پن، دردناک,6,6,یکساں
r982,"HEAVINESS (See Pressing), perspiration, during","HEAVINESS (See Pressing), perspiration, during",سر — بھاری پن، پسینے کے دوران,3,3,یکساں
r983,"HEAVINESS (See Pressing), pressed forward, as if brain were","HEAVINESS (See Pressing), pressed forward, as if brain were",سر — بھاری پن، جیسے دماغ آگے کو دبایا جا رہا ہو,4,4,یکساں
r987,"HEAVINESS (See Pressing), pressure amel.","HEAVINESS (See Pressing), pressure amel.",سر — بھاری پن، دبانے سے آرام,7,7,یکساں
r990,"HEAVINESS (See Pressing), reading, while","HEAVINESS (See Pressing), reading, while",سر — بھاری پن، پڑھتے ہوئے,3,3,یکساں
r991,"HEAVINESS (See Pressing), riding, while","HEAVINESS (See Pressing), riding, while",سر — بھاری پن، سواری کرتے ہوئے,1,1,یکساں
r995,"HEAVINESS (See Pressing), sewing, while","HEAVINESS (See Pressing), sewing, while",سر — بھاری پن، سلائی کرتے ہوئے,1,1,یکساں
r996,"HEAVINESS (See Pressing), shaking head amel.","HEAVINESS (See Pressing), shaking head amel.",سر — بھاری پن، سر ہلانے سے آرام,1,1,یکساں
r997,"HEAVINESS (See Pressing), siesta, after a","HEAVINESS (See Pressing), siesta, after a",سر — بھاری پن، دوپہر کی نیند کے بعد,4,4,یکساں
r1048,"HEAVINESS (See Pressing), occiput","HEAVINESS (See Pressing), Occiput",سر — بھاری پن، گدی,93,92,ماخذی مطابق کیے
r1023,"HEAVINESS (See Pressing), forehead","HEAVINESS (See Pressing), Forehead",سر — بھاری پن، ماتھا,133,131,ماخذی مطابق کیے
r5722,"PERSPIRATION, forehead, cold","PERSPIRATION scalp, Forehead, cold",سر — پسینہ، ماتھے پر، ٹھنڈا,48,47,ماخذی مطابق کیے
r490,"ERUPTION, eczema","ERUPTION, eczema",سر — دانے، پھنسیاں (سر کی کھال پر)، ایگزیما,39,38,ماخذی مطابق کیے
r863,"HEAT, forehead","HEAT, Forehead",سر — گرمی، ماتھا,112,109,ماخذی مطابق کیے
r879,"HEAT, occiput","HEAT, Occiput",سر — گرمی، گدی,34,33,ماخذی مطابق کیے
o39393,"HAIR, falling","HAIR baldness, falling",سر — بال گرنا,97,94,ماخذی مطابق کیے
o39907,"MOTIONS of head (shaking, nodding, waving, etc.), turning, side, to, wrong side, when spoken to","MOTIONS of head (shaking, nodding, waving, etc.) (See Drawn, Falling, Trembling, etc.), turning backward, of, side, to, wrong side, when spoken to",سر — کوئی بات کرے تو سر غلط طرف مڑتا ہے,1,1,یکساں
o42071,"PAIN, pressing, forehead, eyes, over, pressure so severe, when rising, could only half open eyes, could not look up","PAIN, headache in general, Pressing (See Bursting, Drawing), Forehead, eyes, over, pressure so severe, when rising, could only half open eyes, could not look up",سر — درد، دبانے والا، آنکھوں کے اوپر، دباؤ اتنا شدید کہ اٹھنے پر آنکھیں آدھی ہی کھل سکیں، اوپر دیکھ نہ سکے,1,1,یکساں
r6270,TREMBLING sensation,TREMBLING sensation,سر — کپکپاہٹ کا احساس,28,27,ماخذی مطابق کیے
o39905,"MOTIONS of head (shaking, nodding, waving, etc.), turning, side, to, left","MOTIONS of head (shaking, nodding, waving, etc.) (See Drawn, Falling, Trembling, etc.), turning backward, of, side, to, left",سر — سر بائیں طرف کو مڑنا,2,2,یکساں
o39906,"MOTIONS of head (shaking, nodding, waving, etc.), turning, side, to, right","MOTIONS of head (shaking, nodding, waving, etc.) (See Drawn, Falling, Trembling, etc.), turning backward, of, side, to, right",سر — سر دائیں طرف کو مڑنا,1,1,یکساں
o44203,"PAIN, wandering, mist before eyes; then fleeting pains, agg. at occipital protuberance, down neck and shoulders, amel. lying in a dark, quiet place, and from sleep","PAIN, headache in general, wandering pains, mist before eyes; then fleeting pains, agg. at occipital protuberance, down neck and shoulders, amel. lying in a dark, quiet place, and from sleep",سر — درد، گھومتا درد؛ پہلے آنکھوں کے آگے دھند، پھر اڑتے درد، گدی کے ابھار پر بگاڑ، گردن اور کندھوں تک، اندھیرے پرسکون کمرے میں لیٹنے اور نیند سے آرام,1,1,یکساں
r3563,"PAIN, drawing, forehead, eyes, above, feel as if projecting, with sensation as if a thread were tightly drawn through eyeball and backward into middle of brain, sight weak","PAIN, headache in general, Drawing, Forehead, eyes, above, feel as if projecting, with sensation as if a thread were tightly drawn through eyeball and backward into middle of brain, sight weak",سر — درد، کھینچتا ہوا، آنکھوں کے اوپر، آنکھیں باہر کو ابھری لگیں، جیسے آنکھ کے ڈھیلے میں سے دھاگہ کس کر پیچھے دماغ کے بیچ تک کھینچا گیا ہو، نظر کمزور,1,1,یکساں
r4151,"PAIN, pressing, forehead, eminence, frontal, morning, rising, after","PAIN, headache in general, Pressing (See Bursting, Drawing), Forehead, eminence, frontal, morning, rising, after",سر — درد، دبانے والا، ماتھے کے ابھار میں، صبح، اٹھنے کے بعد,1,1,یکساں
r4178,"PAIN, pressing, forehead, eyes, over, morning, waking, on","PAIN, headache in general, Pressing (See Bursting, Drawing), Forehead, eyes, over, morning, waking, on",سر — درد، دبانے والا، آنکھوں کے اوپر، صبح جاگنے پر,1,1,یکساں
r6101,"SHAKING sensation (See Looseness, Motion, Waving)","SHAKING sensation (See Looseness, Motion, Waving)",سر — ہلنے کا احساس (دماغ ہلتا ہوا),73,70,ماخذی مطابق کیے
r1133,"ITCHING of scalp, forehead","ITCHING of scalp, Forehead",سر — سر کی کھال میں خارش، ماتھا,48,46,ماخذی مطابق کیے
r471,"ERUPTION, crusts, scabs","ERUPTION, crusts, scabs",سر — دانے، پھنسیاں (سر کی کھال پر)، کھرنڈ، پپڑیاں,72,69,ماخذی مطابق کیے
o40766,"PAIN, drawing, occiput, extending, upper cervical region and shoulders, amel. resting head high on pillow, with eyes half closed; sleepy","PAIN, headache in general, Drawing, Occiput, extending to ears, upper cervical region and shoulders, amel. resting head high on pillow, with eyes half closed; sleepy",سر — درد، کھینچتا ہوا، گدی سے گردن کے اوپری حصے اور کندھوں تک، سر اونچے تکیے پر ٹکانے سے آرام، آنکھیں آدھی بند؛ غنودگی,1,1,یکساں
o41581,"PAIN, nail, as from a, forehead, eminence, frontal, left","PAIN, headache in general, Nail, as from a, Forehead, eminence, frontal, left",سر — درد، کیل جیسا، ماتھے کے بائیں ابھار میں,1,1,یکساں
o41591,"PAIN, nail, as from a, sides, driven outward, were, amel. lying on it","PAIN, headache in general, Nail, as from a, Sides, driven outward, were, amel. lying on it",سر — درد، کیل جیسا، پہلوؤں میں، جیسے باہر کی طرف ٹھونکی گئی ہو، اس پر لیٹنے سے آرام,1,1,یکساں
o42020,"PAIN, pressing, forehead, eminence, frontal, dinner, after","PAIN, headache in general, Pressing (See Bursting, Drawing), Forehead, eminence, frontal, dinner, after",سر — درد، دبانے والا، ماتھے کے ابھار میں، دوپہر کے کھانے کے بعد,1,1,یکساں
o42023,"PAIN, pressing, forehead, eminence, frontal, extending, outward","PAIN, headache in general, Pressing (See Bursting, Drawing), Forehead, eminence, frontal, extending to eye, outward",سر — درد، دبانے والا، ماتھے کے ابھار میں، باہر کی طرف,5,5,یکساں
o42024,"PAIN, pressing, forehead, eminence, frontal, extending, to right eye","PAIN, headache in general, Pressing (See Bursting, Drawing), Forehead, eminence, frontal, extending to eye, to right eye",سر — درد، دبانے والا، ماتھے کے ابھار سے دائیں آنکھ تک,1,1,یکساں
o42025,"PAIN, pressing, forehead, eminence, frontal, extending, vertex","PAIN, headache in general, Pressing (See Bursting, Drawing), Forehead, eminence, frontal, extending to eye, vertex",سر — درد، دبانے والا، ماتھے کے ابھار میں، چوٹی تک,1,1,یکساں
o42034,"PAIN, pressing, forehead, eminence, frontal, sitting, while","PAIN, headache in general, Pressing (See Bursting, Drawing), Forehead, eminence, frontal, sitting, while",سر — درد، دبانے والا، ماتھے کے ابھار میں، بیٹھے ہوئے,1,1,یکساں
o42057,"PAIN, pressing, forehead, eyes, over, extending eyes, into","PAIN, headache in general, Pressing (See Bursting, Drawing), Forehead, eyes, over, extending eyes, into",سر — درد، دبانے والا، آنکھوں کے اوپر سے آنکھوں کے اندر تک,1,1,یکساں
o42062,"PAIN, pressing, forehead, eyes, over, margin of orbits to temples, from","PAIN, headache in general, Pressing (See Bursting, Drawing), Forehead, eyes, over, margin of orbits to temples, from",سر — درد، دبانے والا، آنکھوں کے حلقوں کے کنارے سے کنپٹیوں تک,1,1,یکساں
o42063,"PAIN, pressing, forehead, eyes, over, menses, during","PAIN, headache in general, Pressing (See Bursting, Drawing), Forehead, eyes, over, menses, during",سر — درد، دبانے والا، آنکھوں کے اوپر، حیض کے دوران,1,1,یکساں
r3566,"PAIN, drawing, forehead, nose, above root of, mental exertion, on","PAIN, headache in general, Drawing, Forehead, nose, above root of, mental exertion, on",سر — درد، کھینچتا ہوا، ماتھے میں، ناک کی جڑ کے اوپر، ذہنی محنت پر,1,1,یکساں
r4050,"PAIN, pressing, forehead, band, as from, laughing, when","PAIN, headache in general, Pressing (See Bursting, Drawing), Forehead, band, as from, laughing, when",سر — درد، دبانے والا، ماتھے میں، جیسے پٹی سے، ہنسنے پر,1,1,یکساں
r4152,"PAIN, pressing, forehead, eminence, frontal, afternoon, 3 p.m.","PAIN, headache in general, Pressing (See Bursting, Drawing), Forehead, eminence, frontal, afternoon, 3 p.m.",سر — درد، دبانے والا، ماتھے کے ابھار میں، سہ پہر 3 بجے,1,1,یکساں
r4155,"PAIN, pressing, forehead, eminence, frontal, night, midnight","PAIN, headache in general, Pressing (See Bursting, Drawing), Forehead, eminence, frontal, night, midnight",سر — درد، دبانے والا، ماتھے کے ابھار میں، آدھی رات,1,1,یکساں
r4158,"PAIN, pressing, forehead, eminence, frontal, close the eyes, compelled to","PAIN, headache in general, Pressing (See Bursting, Drawing), Forehead, eminence, frontal, close the eyes, compelled to",سر — درد، دبانے والا، ماتھے کے ابھار میں، آنکھیں بند کرنے پر مجبور کرے,1,1,یکساں
r4167,"PAIN, pressing, forehead, eminence, frontal, warm room, on entering","PAIN, headache in general, Pressing (See Bursting, Drawing), Forehead, eminence, frontal, warm room, on entering",سر — درد، دبانے والا، ماتھے کے ابھار میں، گرم کمرے میں، داخل ہونے پر,2,2,یکساں
r4174,"PAIN, pressing, forehead, eyes, over, right, upward and inward","PAIN, headache in general, Pressing (See Bursting, Drawing), Forehead, eyes, over, right, upward and inward",سر — درد، دبانے والا، دائیں آنکھ کے اوپر، اوپر اور اندر کی طرف,1,1,یکساں
r4180,"PAIN, pressing, forehead, eyes, over, closed the eyes, compelled to","PAIN, headache in general, Pressing (See Bursting, Drawing), Forehead, eyes, over, closed the eyes, compelled to",سر — درد، دبانے والا، آنکھوں کے اوپر، آنکھیں بند کرنے پر مجبور کرے,1,1,یکساں
r4181,"PAIN, pressing, forehead, eyes, over, eyes would be forced out, as if","PAIN, headache in general, Pressing (See Bursting, Drawing), Forehead, eyes, over, eyes would be forced out, as if",سر — درد، دبانے والا، آنکھوں کے اوپر، جیسے آنکھیں باہر کو دھکیل دی جائیں گی,11,11,یکساں
r4556,"PAIN, shooting, forehead, over eyes, right, extending occiput, to","PAIN, headache in general, Shooting (See Cutting, Lancinating, Shocks, Stitches, etc.), Forehead, over eyes, right, extending occiput, to",سر — درد، دوڑتا ہوا (تیر جیسا)، دائیں آنکھ کے اوپر سے گدی تک,2,2,یکساں
r4559,"PAIN, shooting, forehead, over eyes, left, extending occiput, to","PAIN, headache in general, Shooting (See Cutting, Lancinating, Shocks, Stitches, etc.), Forehead, over eyes, left, extending occiput, to",سر — درد، دوڑتا ہوا (تیر جیسا)، بائیں آنکھ کے اوپر سے گدی تک,1,1,یکساں
r4951,"PAIN, stitching, forehead, eminence frontal, extending, brain, to","PAIN, headache in general, Stitching, Forehead, eminence frontal, extending, brain, to",سر — درد، چبھتا ہوا، ماتھے میں، ماتھے کے ابھار میں، دماغ تک,1,1,یکساں
r5201,"PAIN, stunning, stupefying, morning, waking, on, as from liquor","PAIN, headache in general, Stunning, stupefying, morning, waking, on, as from liquor",سر — درد، بے سدھ کر دینے والا، صبح جاگنے پر، جیسے شراب سے,3,3,یکساں
r5637,"PAIN, torn, as if, brain aches as if torn to pieces, morning on rising, agg. motion, amel. rest and warmth; passes of with much yawning","PAIN, headache in general, Torn, as if (See Sore, Tearing etc.), brain aches as if torn to pieces, morning on rising, agg. motion, amel. rest and warmth; passes of with much yawning",سر — درد، دماغ جیسے ٹکڑے ٹکڑے کر دیا گیا ہو، صبح اٹھنے پر، حرکت سے بگاڑ، آرام اور گرمائش سے آرام؛ بہت جمائیوں کے ساتھ ختم ہو,1,1,یکساں
r892,"HEAT, vertex","HEAT, Vertex",سر — گرمی، چوٹی,46,44,ماخذی مطابق کیے
r44,BOILING sensation (See Bubbling),BOILING sensation (See Bubbling),سر — ابلنے کا احساس,22,21,ماخذی مطابق کیے
o38713,"ALIVE, sensation, pressing, crawling pain, spreading out from centre, as of something alive","ALIVE, sensation as if something, were in head, pressing, crawling pain, spreading out from centre, as of something alive",سر — دبانے والا رینگتا درد جو مرکز سے پھیلے، جیسے کوئی زندہ چیز ہو,1,1,یکساں
o39694,"HEAVINESS (See Pressing), occiput, lying, back, on while, agg.","HEAVINESS (See Pressing), Occiput, lying down, after, back, on while, agg.",سر — بھاری پن، گدی میں، پیٹھ کے بل لیٹے ہوئے بگاڑ,2,2,یکساں
o39695,"HEAVINESS (See Pressing), occiput, lying, side, on, amel.","HEAVINESS (See Pressing), Occiput, lying down, after, side, on, amel.",سر — بھاری پن، گدی میں، پہلو پر لیٹنے سے آرام,1,1,یکساں
o40764,"PAIN, drawing, occiput, extending, neck, before going to sleep","PAIN, headache in general, Drawing, Occiput, extending to ears, neck, before going to sleep",سر — درد، کھینچتا ہوا، گدی سے گردن تک، سونے سے پہلے,1,1,یکساں
o40833,"PAIN, drawing, temples, air, open, amel.","PAIN, headache in general, Drawing, Temples, air, open, amel.",سر — درد، کھینچتا ہوا، کنپٹیوں میں، کھلی ہوا میں آرام,1,1,یکساں
o40842,"PAIN, drawing, temples, extending, forehead, across","PAIN, headache in general, Drawing, Temples, extending to eye, forehead, across",سر — درد، کھینچتا ہوا، کنپٹیوں سے پھیلتا ہوا، ماتھے میں، آر پار,5,5,یکساں
o40844,"PAIN, drawing, temples, extending, jaw, upper","PAIN, headache in general, Drawing, Temples, extending to eye, jaw, upper",سر — درد، کھینچتا ہوا، کنپٹیوں سے اوپر کے جبڑے تک,1,1,یکساں
o40888,"PAIN, dull, forehead, right frontal eminence, in, then in left","PAIN, headache in general, Dull pain, Forehead, right frontal eminence, in, then in left",سر — درد، مدھم، ماتھے کے دائیں ابھار میں، پھر بائیں میں,1,1,یکساں
o41376,"PAIN, heated, from becoming, walking, agg. head, but amel. pain of limbs","PAIN, headache in general, heated, from becoming, walking, agg. head, but amel. pain of limbs",سر — درد، چلنے سے گرم ہونے پر سر میں بگاڑ مگر اعضا کے درد میں آرام,1,1,یکساں
o41590,"PAIN, nail, as from a, sides, dinner, after","PAIN, headache in general, Nail, as from a, Sides, dinner, after",سر — درد، کیل جیسا، پہلوؤں میں، دوپہر کے کھانے کے بعد,1,1,یکساں
o41598,"PAIN, nail, as from a, temples, temple, to","PAIN, headache in general, Nail, as from a, Temples, temple, to",سر — درد، کیل جیسا، کنپٹی سے کنپٹی تک,1,1,یکساں
o41601,"PAIN, nail, as from a, vertex, walking in open air, amel.","PAIN, headache in general, Nail, as from a, Vertex, walking in open air, amel.",سر — درد، کیل جیسا، چوٹی میں، کھلی ہوا میں چلنے سے آرام,1,1,یکساں
o41683,"PAIN, occiput, extending, forehead, to, in waves","PAIN, headache in general, Occiput, extending down back, forehead, to, in waves",سر — درد، گدی سے ماتھے تک، لہروں کی صورت,1,1,یکساں
o41694,"PAIN, occiput, extending, shoulders, to, while lying on back","PAIN, headache in general, Occiput, extending down back, shoulders, to, while lying on back",سر — درد، گدی سے کندھوں تک، پیٹھ کے بل لیٹے ہوئے,1,1,یکساں
o41880,"PAIN, periodic, morning, every, every other, on awaking","PAIN, headache in general, periodic headache, morning, every, every other, on awaking",سر — درد، وقفے وقفے سے، باقاعدہ، ہر صبح یا ایک صبح چھوڑ کر، جاگنے پر,2,2,یکساں
o42021,"PAIN, pressing, forehead, eminence, frontal, evening","PAIN, headache in general, Pressing (See Bursting, Drawing), Forehead, eminence, frontal, evening",سر — درد، دبانے والا، ماتھے کے ابھار میں، شام,1,1,یکساں
o42027,"PAIN, pressing, forehead, eminence, frontal, morning","PAIN, headache in general, Pressing (See Bursting, Drawing), Forehead, eminence, frontal, morning",سر — درد، دبانے والا، ماتھے کے ابھار میں، صبح,1,1,یکساں
o42031,"PAIN, pressing, forehead, eminence, frontal, pressure amel.","PAIN, headache in general, Pressing (See Bursting, Drawing), Forehead, eminence, frontal, pressure amel.",سر — درد، دبانے والا، ماتھے کے ابھار میں، دبانے سے آرام,2,2,یکساں
o42037,"PAIN, pressing, forehead, eminence, frontal, walking in open air","PAIN, headache in general, Pressing (See Bursting, Drawing), Forehead, eminence, frontal, walking in open air",سر — درد، دبانے والا، ماتھے کے ابھار میں، کھلی ہوا میں چلتے ہوئے,1,1,یکساں
o42066,"PAIN, pressing, forehead, eyes, over, motion agg.","PAIN, headache in general, Pressing (See Bursting, Drawing), Forehead, eyes, over, motion agg.",سر — درد، دبانے والا، آنکھوں کے اوپر، حرکت سے بگاڑ,2,2,یکساں
o42067,"PAIN, pressing, forehead, eyes, over, opening eyes agg.","PAIN, headache in general, Pressing (See Bursting, Drawing), Forehead, eyes, over, opening eyes agg.",سر — درد، دبانے والا، آنکھوں کے اوپر، آنکھیں کھولنے سے بگاڑ,1,1,یکساں
o42068,"PAIN, pressing, forehead, eyes, over, pressing down upon the eyes","PAIN, headache in general, Pressing (See Bursting, Drawing), Forehead, eyes, over, pressing down upon the eyes",سر — درد، دبانے والا، آنکھوں کے اوپر، آنکھوں پر نیچے کو دباتا ہوا,3,3,یکساں
o42070,"PAIN, pressing, forehead, eyes, over, pressure amel.","PAIN, headache in general, Pressing (See Bursting, Drawing), Forehead, eyes, over, pressure amel.",سر — درد، دبانے والا، آنکھوں کے اوپر، دبانے سے آرام,1,1,یکساں
o42074,"PAIN, pressing, forehead, eyes, over, stooping agg.","PAIN, headache in general, Pressing (See Bursting, Drawing), Forehead, eyes, over, stooping agg.",سر — درد، دبانے والا، آنکھوں کے اوپر، جھکنے سے بگاڑ,2,2,یکساں
o42075,"PAIN, pressing, forehead, eyes, over, walking in open air","PAIN, headache in general, Pressing (See Bursting, Drawing), Forehead, eyes, over, walking in open air",سر — درد، دبانے والا، آنکھوں کے اوپر، کھلی ہوا میں چلتے ہوئے,1,1,یکساں
o42092,"PAIN, pressing, forehead, lying, on back, amel.","PAIN, headache in general, Pressing (See Bursting, Drawing), Forehead, lying amel., on back, amel.",سر — درد، دبانے والا، ماتھے میں، پیٹھ کے بل لیٹنے سے آرام,2,2,یکساں
o42214,"PAIN, pressing, occiput, extending, eyes, to","PAIN, headache in general, Pressing (See Bursting, Drawing), Occiput, extending into back and chest at noon, eyes, to",سر — درد، دبانے والا، گدی سے آنکھوں تک,1,1,یکساں
o42215,"PAIN, pressing, occiput, extending, forehead, to","PAIN, headache in general, Pressing (See Bursting, Drawing), Occiput, extending into back and chest at noon, forehead, to",سر — درد، دبانے والا، گدی سے ماتھے تک,4,4,یکساں
o42217,"PAIN, pressing, occiput, extending, neck, to","PAIN, headache in general, Pressing (See Bursting, Drawing), Occiput, extending into back and chest at noon, neck, to",سر — درد، دبانے والا، گدی سے گردن تک,6,6,یکساں
o42219,"PAIN, pressing, occiput, extending, shoulders, to","PAIN, headache in general, Pressing (See Bursting, Drawing), Occiput, extending into back and chest at noon, shoulders, to",سر — درد، دبانے والا، گدی سے کندھوں تک,1,1,یکساں
o42220,"PAIN, pressing, occiput, extending, teeth, to","PAIN, headache in general, Pressing (See Bursting, Drawing), Occiput, extending into back and chest at noon, teeth, to",سر — درد، دبانے والا، گدی سے دانتوں تک,1,1,یکساں
o42222,"PAIN, pressing, occiput, extending, vertex, to","PAIN, headache in general, Pressing (See Bursting, Drawing), Occiput, extending into back and chest at noon, vertex, to",سر — درد، دبانے والا، گدی سے چوٹی تک,3,3,یکساں
o42232,"PAIN, pressing, occiput, lying, down, after","PAIN, headache in general, Pressing (See Bursting, Drawing), Occiput, lying on back, down, after",سر — درد، دبانے والا، گدی میں، لیٹنے کے بعد,1,1,یکساں
o42250,"PAIN, pressing, occiput, sides of, extending, outward","PAIN, headache in general, Pressing (See Bursting, Drawing), Occiput, sides of, extending to neck, outward",سر — درد، دبانے والا، گدی کے پہلوؤں میں، باہر کی طرف,2,2,یکساں
o42347,"PAIN, pressing, sleep, siesta, after, agg.","PAIN, headache in general, Pressing (See Bursting, Drawing), sleep agg., siesta, after, agg.",سر — درد، دبانے والا، دوپہر کی نیند کے بعد بگاڑ,1,1,یکساں
o42618,"PAIN, shooting, forehead, extending, occiput, to","PAIN, headache in general, Shooting (See Cutting, Lancinating, Shocks, Stitches, etc.), Forehead, extending, occiput, to",سر — درد، دوڑتا ہوا (تیر جیسا)، ماتھے سے گدی تک,5,5,یکساں
o42708,"PAIN, shooting, temples, extending, occiput, to","PAIN, headache in general, Shooting (See Cutting, Lancinating, Shocks, Stitches, etc.), Temples, extending from temple to temple, occiput, to",سر — درد، دوڑتا ہوا (تیر جیسا)، کنپٹیوں سے گدی تک,3,3,یکساں
o42710,"PAIN, shooting, temples, extending, outward, out and in","PAIN, headache in general, Shooting (See Cutting, Lancinating, Shocks, Stitches, etc.), Temples, extending from temple to temple, outward, out and in",سر — درد، دوڑتا ہوا (تیر جیسا)، کنپٹیوں سے باہر کی طرف، باہر اور اندر,1,1,یکساں
o42712,"PAIN, shooting, temples, extending, upward, up and down","PAIN, headache in general, Shooting (See Cutting, Lancinating, Shocks, Stitches, etc.), Temples, extending from temple to temple, upward, up and down",سر — درد، دوڑتا ہوا (تیر جیسا)، کنپٹیوں سے اوپر کی طرف، اوپر اور نیچے,1,1,یکساں
o42713,"PAIN, shooting, temples, extending, zygoma, to","PAIN, headache in general, Shooting (See Cutting, Lancinating, Shocks, Stitches, etc.), Temples, extending from temple to temple, zygoma, to",سر — درد، دوڑتا ہوا (تیر جیسا)، کنپٹیوں سے گال کی ہڈی تک,1,1,یکساں
o43072,"PAIN, stitching, extending, chest, or neck, to","PAIN, headache in general, Stitching, extending backwards, chest, or neck, to",سر — درد، چبھتا ہوا، سینے یا گردن تک پھیلتا ہوا,1,1,یکساں
o43081,"PAIN, stitching, extending, teeth, ears and neck, to","PAIN, headache in general, Stitching, extending backwards, teeth, ears and neck, to",سر — درد، چبھتا ہوا، دانتوں، کانوں اور گردن تک پھیلتا ہوا,1,1,یکساں
o43242,"PAIN, stitching, occiput, extending, ears, through","PAIN, headache in general, Stitching, Occiput, extending across, ears, through",سر — درد، چبھتا ہوا، گدی سے کانوں کے آر پار,1,1,یکساں
o43243,"PAIN, stitching, occiput, extending, eye, to","PAIN, headache in general, Stitching, Occiput, extending across, eye, to",سر — درد، چبھتا ہوا، گدی سے آنکھ تک,1,1,یکساں
o43244,"PAIN, stitching, occiput, extending, forehead, to","PAIN, headache in general, Stitching, Occiput, extending across, forehead, to",سر — درد، چبھتا ہوا، گدی سے ماتھے تک,5,5,یکساں
o43249,"PAIN, stitching, occiput, extending, vertex, to","PAIN, headache in general, Stitching, Occiput, extending across, vertex, to",سر — درد، چبھتا ہوا، گدی سے چوٹی تک,1,1,یکساں
o43311,"PAIN, stitching, sides, extending, face, to","PAIN, headache in general, Stitching, Sides, extending backward, face, to",سر — درد، چبھتا ہوا، پہلوؤں سے چہرے تک,1,1,یکساں
o43316,"PAIN, stitching, sides, extending, occiput, to","PAIN, headache in general, Stitching, Sides, extending backward, occiput, to",سر — درد، چبھتا ہوا، پہلوؤں سے گدی تک,2,2,یکساں
o43479,"PAIN, stunning, stupefying, cold, chilliness, with","PAIN, headache in general, Stunning, stupefying, cold agg., chilliness, with",سر — درد، بے سدھ کر دینے والا، ٹھنڈ، سردی محسوس ہونے کے ساتھ,1,1,یکساں
o43486,"PAIN, stunning, stupefying, forehead, eyes, over","PAIN, headache in general, Stunning, stupefying, Forehead, eyes, over",سر — درد، بے سدھ کر دینے والا، آنکھوں کے اوپر,1,1,یکساں
o43487,"PAIN, stunning, stupefying, forehead, nose, above","PAIN, headache in general, Stunning, stupefying, Forehead, nose, above",سر — درد، بے سدھ کر دینے والا، ماتھے میں، ناک کے اوپر,4,4,یکساں
o43488,"PAIN, stunning, stupefying, forehead, so violent; sweats from anxiety, while walking in open air","PAIN, headache in general, Stunning, stupefying, Forehead, so violent; sweats from anxiety, while walking in open air",سر — درد، بے سدھ کر دینے والا، ماتھے میں، اتنا شدید کہ بے چینی سے پسینہ آ جائے، کھلی ہوا میں چلتے ہوئے,1,1,یکساں
o43492,"PAIN, stunning, stupefying, motion, and rest, during","PAIN, headache in general, Stunning, stupefying, motion amel., and rest, during",سر — درد، بے سدھ کر دینے والا، حرکت اور آرام دونوں میں,1,1,یکساں
r1329,"PAIN, morning, bed, in, first motion, on","PAIN, headache in general, morning, bed, in, first motion, on",سر — درد، صبح، بستر میں، پہلی حرکت پر,1,1,یکساں
r1330,"PAIN, morning, bed, in, nausea, with","PAIN, headache in general, morning, bed, in, nausea, with",سر — درد، صبح، بستر میں، متلی کے ساتھ,9,9,یکساں
r1342,"PAIN, morning, waking, on, first opening the eyes, on","PAIN, headache in general, morning, waking, on, first opening the eyes, on",سر — درد، صبح، جاگنے پر، آنکھیں کھولتے ہی,4,4,یکساں
r2397,"PAIN, occiput, morning, room, in, amel.","PAIN, headache in general, Occiput, morning, room, in, amel.",سر — درد، گدی میں، صبح کمرے میں آرام,1,1,یکساں
r2584,"PAIN, occiput, sides of, left, sitting, while","PAIN, headache in general, Occiput, sides of, left, sitting, while",سر — درد، گدی کے بائیں پہلو میں، بیٹھے ہوئے,1,1,یکساں
r2953,"PAIN, blows, as from, vertex, stupefying pain, as from a blow on","PAIN, headache in general, blows, as from, Vertex, stupefying pain, as from a blow on",سر — درد، چوٹی پر، بے سدھ کر دینے والا، جیسے ضرب لگی ہو,1,1,یکساں
r3159,"PAIN, burning, forehead, evening, bed, in","PAIN, headache in general, Burning, Forehead, evening, bed, in",سر — درد، جلتا ہوا، ماتھے میں، شام بستر میں,1,1,یکساں
r3162,"PAIN, burning, forehead, air, open, amel.","PAIN, headache in general, Burning, Forehead, air, open, amel.",سر — درد، جلتا ہوا، ماتھے میں، کھلی ہوا میں آرام,3,3,یکساں
r3176,"PAIN, burning, forehead, eyes, over, afternoon","PAIN, headache in general, Burning, Forehead, eyes, over, afternoon",سر — درد، جلتا ہوا، آنکھوں کے اوپر، سہ پہر,1,1,یکساں
r3177,"PAIN, burning, forehead, eyes, over, evening","PAIN, headache in general, Burning, Forehead, eyes, over, evening",سر — درد، جلتا ہوا، آنکھوں کے اوپر، شام,1,1,یکساں
r3178,"PAIN, burning, forehead, eyes, over, night","PAIN, headache in general, Burning, Forehead, eyes, over, night",سر — درد، جلتا ہوا، آنکھوں کے اوپر، رات,1,1,یکساں
r3192,"PAIN, burning, vertex, morning, waking, on","PAIN, headache in general, Burning, Vertex, morning, waking, on",سر — درد، جلتا ہوا، چوٹی میں، صبح، جاگنے پر,1,1,یکساں
r3221,"PAIN, burrowing, forehead, morning, rising, on","PAIN, headache in general, Burrowing, Forehead, morning, rising, on",سر — درد، کھودتا ہوا، ماتھے میں، صبح اٹھتے وقت,2,2,یکساں
r3224,"PAIN, burrowing, forehead, eyes, over, while walking","PAIN, headache in general, Burrowing, Forehead, eyes, over, while walking",سر — درد، کھودتا ہوا، آنکھوں کے اوپر، چلتے ہوئے,1,1,یکساں
r3349,"PAIN, cramping, sides, left, cold, crampy","PAIN, headache in general, Cramping, Sides, left, cold, crampy",سر — درد، اینٹھن والا، بائیں پہلو میں، ٹھنڈا، اینٹھن جیسا,1,1,یکساں
r341,"CONSTRICTION, forehead, band, as from, laughing, from","CONSTRICTION, tension (See also Drawing, Pressing), Forehead, band, as from, laughing, from",سر — جکڑن، ماتھے میں، جیسے پٹی سے، ہنسنے سے,1,1,یکساں
r3454,"PAIN, drawing, morning, waking, on, passes off on rising","PAIN, headache in general, Drawing, morning, waking, on, passes off on rising",سر — درد، کھینچتا ہوا، صبح جاگنے پر، اٹھنے سے ختم ہو جائے,1,1,یکساں
r3528,"PAIN, drawing, forehead, morning, waking, on","PAIN, headache in general, Drawing, Forehead, morning, waking, on",سر — درد، کھینچتا ہوا، ماتھے میں، صبح جاگنے پر,4,4,یکساں
r3554,"PAIN, drawing, forehead, worm, as if a, crept through","PAIN, headache in general, Drawing, Forehead, worm, as if a, crept through",سر — درد، کھینچتا ہوا، ماتھے میں، جیسے کیڑا رینگتا گزرا ہو,1,1,یکساں
r3561,"PAIN, drawing, forehead, eyes, above, right","PAIN, headache in general, Drawing, Forehead, eyes, above, right",سر — درد، کھینچتا ہوا، دائیں آنکھ کے اوپر,4,4,یکساں
r3562,"PAIN, drawing, forehead, eyes, above, left","PAIN, headache in general, Drawing, Forehead, eyes, above, left",سر — درد، کھینچتا ہوا، بائیں آنکھ کے اوپر,4,4,یکساں
r3564,"PAIN, drawing, forehead, eyes, above, mental exertion","PAIN, headache in general, Drawing, Forehead, eyes, above, mental exertion",سر — درد، کھینچتا ہوا، آنکھوں کے اوپر، ذہنی محنت سے,1,1,یکساں
r3601,"PAIN, drawing, occiput, sides of, drawn back, as if head would be","PAIN, headache in general, Drawing, Occiput, sides of, drawn back, as if head would be",سر — درد، کھینچتا ہوا، گدی کے پہلوؤں میں، جیسے سر پیچھے کو کھینچ لیا جائے گا,1,1,یکساں
r3694,"PAIN, gnawing, forehead, eye, above right, morning","PAIN, headache in general, Gnawing, Forehead, eye, above right, morning",سر — درد، کترتا ہوا، دائیں آنکھ کے اوپر، صبح,1,1,یکساں
r3779,"PAIN, lancinating, forehead, morning, rising, on","PAIN, headache in general, Lancinating (See Cutting), Forehead, morning, rising, on",سر — درد، نشتر جیسا، ماتھے میں، صبح اٹھتے وقت,1,1,یکساں
r3785,"PAIN, lancinating, forehead, eminence, frontal, left","PAIN, headache in general, Lancinating (See Cutting), Forehead, eminence, frontal, left",سر — درد، نشتر جیسا، ماتھے کے بائیں ابھار میں,1,1,یکساں
r3791,"PAIN, lancinating, sides, extending to eye, ear, temples and lower jaw","PAIN, headache in general, Lancinating (See Cutting), Sides, extending to eye, ear, temples and lower jaw",سر — درد، نشتر جیسا، پہلوؤں سے آنکھ، کان، کنپٹیوں اور نچلے جبڑے تک,1,1,یکساں
r3797,"PAIN, nail, as from a, air, open, in","PAIN, headache in general, Nail, as from a, air, open, in",سر — درد، کیل جیسا، کھلی ہوا میں,1,1,یکساں
r3826,"PAIN, opening and shutting, occiput, air, open, amel.","PAIN, headache in general, Opening and shutting, Occiput, air, open, amel.",سر — درد، کھلنے اور بند ہونے جیسا، گدی میں، کھلی ہوا میں آرام,1,1,یکساں
r3939,"PAIN, pressing, mental exertion, from, reading, while","PAIN, headache in general, Pressing (See Bursting, Drawing), mental exertion, from, reading, while",سر — درد، دبانے والا، ذہنی محنت سے، پڑھتے ہوئے,4,4,یکساں
r4017,"PAIN, pressing, brain, as if bound up, cloth, by a","PAIN, headache in general, Pressing (See Bursting, Drawing), Brain, as if bound up, cloth, by a",سر — درد، دبانے والا، دماغ جیسے کپڑے سے باندھ دیا ہو,1,1,یکساں
r4030,"PAIN, pressing, forehead, morning, rising, after","PAIN, headache in general, Pressing (See Bursting, Drawing), Forehead, morning, rising, after",سر — درد، دبانے والا، ماتھے میں، صبح اٹھنے کے بعد,6,6,یکساں
r4032,"PAIN, pressing, forehead, morning, waking, on","PAIN, headache in general, Pressing (See Bursting, Drawing), Forehead, morning, waking, on",سر — درد، دبانے والا، ماتھے میں، صبح جاگنے پر,13,13,یکساں
r4034,"PAIN, pressing, forehead, forenoon, menses, during","PAIN, headache in general, Pressing (See Bursting, Drawing), Forehead, forenoon, menses, during",سر — درد، دبانے والا، ماتھے میں، دوپہر سے پہلے، حیض کے دوران,1,1,یکساں
r4040,"PAIN, pressing, forehead, night, waking, on","PAIN, headache in general, Pressing (See Bursting, Drawing), Forehead, night, waking, on",سر — درد، دبانے والا، ماتھے میں، رات جاگنے پر,2,2,یکساں
r4042,"PAIN, pressing, forehead, air, open, amel.","PAIN, headache in general, Pressing (See Bursting, Drawing), Forehead, air, open, amel.",سر — درد، دبانے والا، ماتھے میں، کھلی ہوا میں آرام,9,9,یکساں
r4049,"PAIN, pressing, forehead, band, as from, closing eyes amel.","PAIN, headache in general, Pressing (See Bursting, Drawing), Forehead, band, as from, closing eyes amel.",سر — درد، دبانے والا، ماتھے میں، پٹی، جیسے آنکھیں بند کرنے سے آرام,1,1,یکساں
r4077,"PAIN, pressing, forehead, house, in, agg.","PAIN, headache in general, Pressing (See Bursting, Drawing), Forehead, house, in, agg.",سر — درد، دبانے والا، ماتھے میں، گھر کے اندر بگاڑ,2,2,یکساں
r4098,"PAIN, pressing, forehead, outward, brain would come out, as though","PAIN, headache in general, Pressing (See Bursting, Drawing), Forehead, outward, brain would come out, as though",سر — درد، دبانے والا، ماتھے میں، باہر کی طرف، جیسے دماغ باہر نکل آئے گا,36,36,یکساں
r4148,"PAIN, pressing, forehead, eminence, frontal, right","PAIN, headache in general, Pressing (See Bursting, Drawing), Forehead, eminence, frontal, right",سر — درد، دبانے والا، ماتھے کے دائیں ابھار میں,3,3,یکساں
r4149,"PAIN, pressing, forehead, eminence, frontal, left","PAIN, headache in general, Pressing (See Bursting, Drawing), Forehead, eminence, frontal, left",سر — درد، دبانے والا، ماتھے کے بائیں ابھار میں,5,5,یکساں
r4159,"PAIN, pressing, forehead, eminence, frontal, descending steps agg.","PAIN, headache in general, Pressing (See Bursting, Drawing), Forehead, eminence, frontal, descending steps agg.",سر — درد، دبانے والا، ماتھے کے ابھار میں، سیڑھیاں اترنے سے بگاڑ,1,1,یکساں
r4162,"PAIN, pressing, forehead, eminence, frontal, rubbing amel.","PAIN, headache in general, Pressing (See Bursting, Drawing), Forehead, eminence, frontal, rubbing amel.",سر — درد، دبانے والا، ماتھے کے ابھار میں، ملنے سے آرام,1,1,یکساں
r4164,"PAIN, pressing, forehead, eminence, frontal, studying agg.","PAIN, headache in general, Pressing (See Bursting, Drawing), Forehead, eminence, frontal, studying agg.",سر — درد، دبانے والا، ماتھے کے ابھار میں، پڑھائی سے بگاڑ,1,1,یکساں
r4165,"PAIN, pressing, forehead, eminence, frontal, touch agg.","PAIN, headache in general, Pressing (See Bursting, Drawing), Forehead, eminence, frontal, touch agg.",سر — درد، دبانے والا، ماتھے کے ابھار میں، چھونے سے بگاڑ,1,1,یکساں
r4168,"PAIN, pressing, forehead, eminence, frontal, extending to eye","PAIN, headache in general, Pressing (See Bursting, Drawing), Forehead, eminence, frontal, extending to eye",سر — درد، دبانے والا، ماتھے کے ابھار میں، پھیلتا ہوا، آنکھ تک,1,1,یکساں
r4175,"PAIN, pressing, forehead, eyes, over, left","PAIN, headache in general, Pressing (See Bursting, Drawing), Forehead, eyes, over, left",سر — درد، دبانے والا، بائیں آنکھ کے اوپر,6,6,یکساں
r4176,"PAIN, pressing, forehead, eyes, over, daytime","PAIN, headache in general, Pressing (See Bursting, Drawing), Forehead, eyes, over, daytime",سر — درد، دبانے والا، آنکھوں کے اوپر، دن کے وقت,1,1,یکساں
r4177,"PAIN, pressing, forehead, eyes, over, morning","PAIN, headache in general, Pressing (See Bursting, Drawing), Forehead, eyes, over, morning",سر — درد، دبانے والا، آنکھوں کے اوپر، صبح,5,5,یکساں
r4179,"PAIN, pressing, forehead, eyes, over, afternoon","PAIN, headache in general, Pressing (See Bursting, Drawing), Forehead, eyes, over, afternoon",سر — درد، دبانے والا، آنکھوں کے اوپر، سہ پہر,2,2,یکساں
r4197,"PAIN, pressing, forehead, nose, above, morning","PAIN, headache in general, Pressing (See Bursting, Drawing), Forehead, nose, above, morning",سر — درد، دبانے والا، ماتھے میں، ناک کے اوپر، صبح,1,1,یکساں
r4198,"PAIN, pressing, forehead, nose, above, cold amel.","PAIN, headache in general, Pressing (See Bursting, Drawing), Forehead, nose, above, cold amel.",سر — درد، دبانے والا، ماتھے میں، ناک کے اوپر، ٹھنڈ سے آرام,1,1,یکساں
r4201,"PAIN, pressing, forehead, sides, right, then left","PAIN, headache in general, Pressing (See Bursting, Drawing), Forehead, sides, right, then left",سر — درد، دبانے والا، ماتھے میں، دائیں پہلو میں، پھر بائیں,1,1,یکساں
r4206,"PAIN, pressing, occiput, morning, waking, on","PAIN, headache in general, Pressing (See Bursting, Drawing), Occiput, morning, waking, on",سر — درد، دبانے والا، گدی میں، صبح جاگنے پر,3,3,یکساں
r4213,"PAIN, pressing, occiput, air, open, agg.","PAIN, headache in general, Pressing (See Bursting, Drawing), Occiput, air, open, agg.",سر — درد، دبانے والا، گدی میں، ہوا، کھلی سے بگاڑ,2,2,یکساں
r4223,"PAIN, pressing, occiput, exercise, mental or physical, amel.","PAIN, headache in general, Pressing (See Bursting, Drawing), Occiput, exercise, mental or physical, amel.",سر — درد، دبانے والا، گدی میں، ذہنی یا جسمانی ورزش سے آرام,1,1,یکساں
r4247,"PAIN, pressing, occiput, spots, in, as with a button","PAIN, headache in general, Pressing (See Bursting, Drawing), Occiput, spots, in, as with a button",سر — درد، دبانے والا، گدی میں، دھبوں میں، جیسے بٹن سے,4,4,یکساں
r4278,"PAIN, pressing, occiput, sides of, right, extending to left","PAIN, headache in general, Pressing (See Bursting, Drawing), Occiput, sides of, right, extending to left",سر — درد، دبانے والا، گدی کے دائیں پہلو سے بائیں تک,1,1,یکساں
r4283,"PAIN, pressing, occiput, sides of, sitting, while","PAIN, headache in general, Pressing (See Bursting, Drawing), Occiput, sides of, sitting, while",سر — درد، دبانے والا، گدی کے پہلوؤں میں، بیٹھے ہوئے,1,1,یکساں
r4294,"PAIN, pressing, sides, left, lying on, while","PAIN, headache in general, Pressing (See Bursting, Drawing), Sides, left, lying on, while",سر — درد، دبانے والا، بائیں پہلو میں، اس پر لیٹے ہوئے,1,1,یکساں
r4301,"PAIN, pressing, sides, brain, as if, against the bone","PAIN, headache in general, Pressing (See Bursting, Drawing), Sides, brain, as if, against the bone",سر — درد، دبانے والا، پہلوؤں میں، جیسے دماغ ہڈی سے دب رہا ہو,1,1,یکساں
r4313,"PAIN, pressing, sides, screwed in, as if, amel. in open air","PAIN, headache in general, Pressing (See Bursting, Drawing), Sides, screwed in, as if, amel. in open air",سر — درد، دبانے والا، پہلوؤں میں، جیسے پیچ کس دیے ہوں، کھلی ہوا میں آرام,2,2,یکساں
r4318,"PAIN, pressing, sides, sudden, as from blunt tool, pressed in","PAIN, headache in general, Pressing (See Bursting, Drawing), Sides, sudden, as from blunt tool, pressed in",سر — درد، دبانے والا، پہلوؤں میں، اچانک، جیسے کند اوزار اندر دبایا ہو,1,1,یکساں
r4322,"PAIN, pressing, sides, extending, eyes, to","PAIN, headache in general, Pressing (See Bursting, Drawing), Sides, extending, eyes, to",سر — درد، دبانے والا، پہلوؤں سے آنکھوں تک,1,1,یکساں
r4332,"PAIN, pressing, temples, morning, bed, in","PAIN, headache in general, Pressing (See Bursting, Drawing), Temples, morning, bed, in",سر — درد، دبانے والا، کنپٹیوں میں، صبح بستر میں,1,1,یکساں
r4341,"PAIN, pressing, temples, air, open, amel.","PAIN, headache in general, Pressing (See Bursting, Drawing), Temples, air, open, amel.",سر — درد، دبانے والا، کنپٹیوں میں، کھلی ہوا میں آرام,1,1,یکساں
r4371,"PAIN, pressing, temples, outward, heat of face and flickering before eyes, with","PAIN, headache in general, Pressing (See Bursting, Drawing), Temples, outward, heat of face and flickering before eyes, with",سر — درد، دبانے والا، کنپٹیوں میں، باہر کی طرف، چہرے کی گرمی اور آنکھوں کے آگے جھلملاہٹ کے ساتھ,1,1,یکساں
r4412,"PAIN, pressing, vertex, morning, waking, on","PAIN, headache in general, Pressing (See Bursting, Drawing), Vertex, morning, waking, on",سر — درد، دبانے والا، چوٹی میں، صبح، جاگنے پر,2,2,یکساں
r4424,"PAIN, pressing, vertex, air, open, amel.","PAIN, headache in general, Pressing (See Bursting, Drawing), Vertex, air, open, amel.",سر — درد، دبانے والا، چوٹی میں، کھلی ہوا میں آرام,1,1,یکساں
r4432,"PAIN, pressing, vertex, dark, in, while","PAIN, headache in general, Pressing (See Bursting, Drawing), Vertex, dark, in, while",سر — درد، دبانے والا، چوٹی میں، اندھیرے میں,1,1,یکساں
r4439,"PAIN, pressing, vertex, inspiration, deep, on","PAIN, headache in general, Pressing (See Bursting, Drawing), Vertex, inspiration, deep, on",سر — درد، دبانے والا، چوٹی میں، گہری سانس لینے پر,1,1,یکساں
r4463,"PAIN, pressing, vertex, urinate, if the desire to, be not soon attended to","PAIN, headache in general, Pressing (See Bursting, Drawing), Vertex, urinate, if the desire to, be not soon attended to",سر — درد، دبانے والا، چوٹی میں، اگر پیشاب کی حاجت پر جلد توجہ نہ دی جائے,1,1,یکساں
r4468,"PAIN, pressing, vertex, extending, eye, to","PAIN, headache in general, Pressing (See Bursting, Drawing), Vertex, extending, eye, to",سر — درد، دبانے والا، چوٹی سے آنکھ تک,2,2,یکساں
r4539,"PAIN, shooting, forehead, air, open, in","PAIN, headache in general, Shooting (See Cutting, Lancinating, Shocks, Stitches, etc.), Forehead, air, open, in",سر — درد، دوڑتا ہوا (تیر جیسا)، ماتھے میں، کھلی ہوا میں,1,1,یکساں
r4555,"PAIN, shooting, forehead, over eyes, right, 4 p.m.","PAIN, headache in general, Shooting (See Cutting, Lancinating, Shocks, Stitches, etc.), Forehead, over eyes, right, 4 p.m.",سر — درد، دوڑتا ہوا (تیر جیسا)، ماتھے میں، آنکھوں کے اوپر، دائیں طرف، سہ پہر 4 بجے,1,1,یکساں
r4558,"PAIN, shooting, forehead, over eyes, left, 3 p.m.","PAIN, headache in general, Shooting (See Cutting, Lancinating, Shocks, Stitches, etc.), Forehead, over eyes, left, 3 p.m.",سر — درد، دوڑتا ہوا (تیر جیسا)، ماتھے میں، آنکھوں کے اوپر، بائیں طرف، سہ پہر 3 بجے,1,1,یکساں
r4585,"PAIN, shooting, sides, left, talking, while","PAIN, headache in general, Shooting (See Cutting, Lancinating, Shocks, Stitches, etc.), Sides, left, talking, while",سر — درد، دوڑتا ہوا (تیر جیسا)، بائیں پہلو میں، باتیں کرتے ہوئے,1,1,یکساں
r4880,"PAIN, stitching, forehead, morning, waking, on","PAIN, headache in general, Stitching, Forehead, morning, waking, on",سر — درد، چبھتا ہوا، ماتھے میں، صبح جاگنے پر,2,2,یکساں
r4886,"PAIN, stitching, forehead, evening, bed, in","PAIN, headache in general, Stitching, Forehead, evening, bed, in",سر — درد، چبھتا ہوا، ماتھے میں، شام بستر میں,1,1,یکساں
r4925,"PAIN, stitching, forehead, extending, ear, to","PAIN, headache in general, Stitching, Forehead, extending, ear, to",سر — درد، چبھتا ہوا، ماتھے سے کان تک,2,2,یکساں
r4937,"PAIN, stitching, forehead, eminence frontal, afternoon, 2 p.m.","PAIN, headache in general, Stitching, Forehead, eminence frontal, afternoon, 2 p.m.",سر — درد، چبھتا ہوا، ماتھے میں، ماتھے کے ابھار میں، سہ پہر 2 بجے,1,1,یکساں
r4938,"PAIN, stitching, forehead, eminence frontal, afternoon, 4 p.m.","PAIN, headache in general, Stitching, Forehead, eminence frontal, afternoon, 4 p.m.",سر — درد، چبھتا ہوا، ماتھے میں، ماتھے کے ابھار میں، سہ پہر 4 بجے,1,1,یکساں
r4940,"PAIN, stitching, forehead, eminence frontal, evening, 6 p.m.","PAIN, headache in general, Stitching, Forehead, eminence frontal, evening, 6 p.m.",سر — درد، چبھتا ہوا، ماتھے میں، ماتھے کے ابھار میں، شام 6 بجے,1,1,یکساں
r4941,"PAIN, stitching, forehead, eminence frontal, evening, 7 p.m.","PAIN, headache in general, Stitching, Forehead, eminence frontal, evening, 7 p.m.",سر — درد، چبھتا ہوا، ماتھے میں، ماتھے کے ابھار میں، شام 7 بجے,1,1,یکساں
r4942,"PAIN, stitching, forehead, eminence frontal, dinner, during","PAIN, headache in general, Stitching, Forehead, eminence frontal, dinner, during",سر — درد، چبھتا ہوا، ماتھے میں، ماتھے کے ابھار میں، دوپہر کے کھانے کے دوران,1,1,یکساں
r4944,"PAIN, stitching, forehead, eminence frontal, noise, from","PAIN, headache in general, Stitching, Forehead, eminence frontal, noise, from",سر — درد، چبھتا ہوا، ماتھے میں، ماتھے کے ابھار میں، شور سے,1,1,یکساں
r4947,"PAIN, stitching, forehead, eminence frontal, standing, while","PAIN, headache in general, Stitching, Forehead, eminence frontal, standing, while",سر — درد، چبھتا ہوا، ماتھے میں، ماتھے کے ابھار میں، کھڑے ہوئے,1,1,یکساں
r4948,"PAIN, stitching, forehead, eminence frontal, stooping, when","PAIN, headache in general, Stitching, Forehead, eminence frontal, stooping, when",سر — درد، چبھتا ہوا، ماتھے کے ابھار میں، جھکنے پر,2,2,یکساں
r4949,"PAIN, stitching, forehead, eminence frontal, waking, on","PAIN, headache in general, Stitching, Forehead, eminence frontal, waking, on",سر — درد، چبھتا ہوا، ماتھے میں، ماتھے کے ابھار میں، جاگنے پر,1,1,یکساں
r4950,"PAIN, stitching, forehead, eminence frontal, washing, when","PAIN, headache in general, Stitching, Forehead, eminence frontal, washing, when",سر — درد، چبھتا ہوا، ماتھے کے ابھار میں، دھوتے وقت,1,1,یکساں
r4963,"PAIN, stitching, forehead, eyes over, eating, after","PAIN, headache in general, Stitching, Forehead, eyes over, eating, after",سر — درد، چبھتا ہوا، ماتھے میں، آنکھوں کے اوپر، کھانے کے بعد,1,1,یکساں
r4969,"PAIN, stitching, forehead, middle of, stooping, when","PAIN, headache in general, Stitching, Forehead, middle of, stooping, when",سر — درد، چبھتا ہوا، ماتھے کے بیچ میں، جھکنے پر,2,2,یکساں
r4985,"PAIN, stitching, forehead, air, open, amel.","PAIN, headache in general, Stitching, Forehead, air, open, amel.",سر — درد، چبھتا ہوا، ماتھے میں، کھلی ہوا میں آرام,3,3,یکساں
r5000,"PAIN, stitching, occiput, morning, waking, on","PAIN, headache in general, Stitching, Occiput, morning, waking, on",سر — درد، چبھتا ہوا، گدی میں، صبح جاگنے پر,2,2,یکساں
r5028,"PAIN, stitching, occiput, extending, frontal eminence, to","PAIN, headache in general, Stitching, Occiput, extending across, frontal eminence, to",سر — درد، چبھتا ہوا، گدی سے ماتھے کے ابھار تک,1,1,یکساں
r5029,"PAIN, stitching, occiput, extending, nape of neck, to","PAIN, headache in general, Stitching, Occiput, extending across, nape of neck, to",سر — درد، چبھتا ہوا، گدی سے گردن کے پچھلے حصے تک,3,3,یکساں
r5030,"PAIN, stitching, occiput, extending, upper jaw, left side","PAIN, headache in general, Stitching, Occiput, extending across, upper jaw, left side",سر — درد، چبھتا ہوا، گدی سے اوپر کے جبڑے تک، بائیں طرف,1,1,یکساں
r5034,"PAIN, stitching, occiput, sides of, right, extending to forehead","PAIN, headache in general, Stitching, Occiput, sides of, right, extending to forehead",سر — درد، چبھتا ہوا، گدی کے دائیں پہلو میں، پھیلتا ہوا، ماتھے تک,1,1,یکساں
r5037,"PAIN, stitching, occiput, sides of, morning, 7 a.m.","PAIN, headache in general, Stitching, Occiput, sides of, morning, 7 a.m.",سر — درد، چبھتا ہوا، گدی کے پہلوؤں میں، صبح 7 بجے,1,1,یکساں
r5040,"PAIN, stitching, occiput, sides of, evening, sleep amel.","PAIN, headache in general, Stitching, Occiput, sides of, evening, sleep amel.",سر — درد، چبھتا ہوا، گدی کے پہلوؤں میں، شام، نیند سے آرام,1,1,یکساں
r5041,"PAIN, stitching, occiput, sides of, breakfast, during","PAIN, headache in general, Stitching, Occiput, sides of, breakfast, during",سر — درد، چبھتا ہوا، گدی کے پہلوؤں میں، ناشتے کے دوران,1,1,یکساں
r5042,"PAIN, stitching, occiput, sides of, dinner, after","PAIN, headache in general, Stitching, Occiput, sides of, dinner, after",سر — درد، چبھتا ہوا، گدی کے پہلوؤں میں، دوپہر کے کھانے کے بعد,2,2,یکساں
r5044,"PAIN, stitching, occiput, sides of, extending forehead, to","PAIN, headache in general, Stitching, Occiput, sides of, extending forehead, to",سر — درد، چبھتا ہوا، گدی کے پہلوؤں سے ماتھے تک,1,1,یکساں
r5060,"PAIN, stitching, sides, night, menses, after","PAIN, headache in general, Stitching, Sides, night, menses, after",سر — درد، چبھتا ہوا، پہلوؤں میں، رات، حیض کے بعد,1,1,یکساں
r5090,"PAIN, stitching, sides, extending, eye, to","PAIN, headache in general, Stitching, Sides, extending backward, eye, to",سر — درد، چبھتا ہوا، پہلوؤں سے آنکھ تک,2,2,یکساں
r5092,"PAIN, stitching, sides, extending, forehead, to","PAIN, headache in general, Stitching, Sides, extending backward, forehead, to",سر — درد، چبھتا ہوا، پہلوؤں سے ماتھے تک,1,1,یکساں
r5094,"PAIN, stitching, sides, extending, frontal bone, to","PAIN, headache in general, Stitching, Sides, extending backward, frontal bone, to",سر — درد، چبھتا ہوا، پہلوؤں سے ماتھے کی ہڈی تک,2,2,یکساں
r5095,"PAIN, stitching, sides, extending, nape of neck, to","PAIN, headache in general, Stitching, Sides, extending backward, nape of neck, to",سر — درد، چبھتا ہوا، پہلوؤں سے گردن کے پچھلے حصے تک,1,1,یکساں
r5098,"PAIN, stitching, sides, extending, side to side, from","PAIN, headache in general, Stitching, Sides, extending backward, side to side, from",سر — درد، چبھتا ہوا، ایک پہلو سے دوسرے پہلو تک,1,1,یکساں
r5112,"PAIN, stitching, temples, evening, bed, in","PAIN, headache in general, Stitching, Temples, evening, bed, in",سر — درد، چبھتا ہوا، کنپٹیوں میں، شام بستر میں,2,2,یکساں
r5116,"PAIN, stitching, temples, night, sleep, during","PAIN, headache in general, Stitching, Temples, night, sleep, during",سر — درد، چبھتا ہوا، کنپٹیوں میں، رات، نیند کے دوران,1,1,یکساں
r5118,"PAIN, stitching, temples, air, open, in","PAIN, headache in general, Stitching, Temples, air, open, in",سر — درد، چبھتا ہوا، کنپٹیوں میں، کھلی ہوا میں,1,1,یکساں
r5191,"PAIN, stitching, vertex, extending, forehead, to","PAIN, headache in general, Stitching, Vertex, extending, forehead, to",سر — درد، چبھتا ہوا، چوٹی سے ماتھے تک,3,3,یکساں
r697,"FULLNESS (See Enlarged), vertex","FULLNESS (See Enlarged), Vertex",سر — بھراؤ (بھرا بھرا لگنا)، چوٹی,21,20,ماخذی مطابق کیے
r796,"HEAT, flashes of","HEAT, flashes of",سر — گرمی، لپٹیں (گرمی کی لہریں),42,40,ماخذی مطابق کیے
r6200,"SKULL-CAP, sensation of","SKULL-CAP, sensation of",سر — جیسے سر پر ٹوپی چڑھی ہو,20,19,ماخذی مطابق کیے
o39001,"CONSTRICTION, lying, back, on, while","CONSTRICTION, tension (See also Drawing, Pressing), lying amel., back, on, while",سر — جکڑن (کساؤ)، پیٹھ کے بل لیٹے ہوئے,1,1,یکساں
o39019,"CONSTRICTION, occiput, extending, upward, downward and toward ears","CONSTRICTION, tension (See also Drawing, Pressing), Occiput, extending to finger joints, upward, downward and toward ears",سر — جکڑن، گدی سے اوپر، نیچے اور کانوں کی طرف,1,1,یکساں
o39022,"CONSTRICTION, occiput, night, lying on, side","CONSTRICTION, tension (See also Drawing, Pressing), Occiput, night, lying on back, side",سر — جکڑن، گدی میں، رات پہلو پر لیٹے,1,1,یکساں
o40700,"PAIN, drawing, forehead, extending, lower jaw","PAIN, headache in general, Drawing, Forehead, extending to eyes, lower jaw",سر — درد، کھینچتا ہوا، ماتھے سے نچلے جبڑے تک,1,1,یکساں
o40701,"PAIN, drawing, forehead, extending, neck","PAIN, headache in general, Drawing, Forehead, extending to eyes, neck",سر — درد، کھینچتا ہوا، ماتھے سے پھیلتا ہوا، گردن,4,4,یکساں
o40702,"PAIN, drawing, forehead, extending, nose","PAIN, headache in general, Drawing, Forehead, extending to eyes, nose",سر — درد، کھینچتا ہوا، ماتھے سے ناک,5,5,یکساں
o40703,"PAIN, drawing, forehead, extending, occiput","PAIN, headache in general, Drawing, Forehead, extending to eyes, occiput",سر — درد، کھینچتا ہوا، ماتھے سے پھیلتا ہوا، گدی میں,2,2,یکساں
o40762,"PAIN, drawing, occiput, extending, forehead","PAIN, headache in general, Drawing, Occiput, extending to ears, forehead",سر — درد، کھینچتا ہوا، گدی سے پھیلتا ہوا، ماتھے میں,2,2,یکساں
o40763,"PAIN, drawing, occiput, extending, nape of","PAIN, headache in general, Drawing, Occiput, extending to ears, nape of",سر — درد، کھینچتا ہوا، گدی سے گردن کے پچھلے حصے تک,4,4,یکساں
o40765,"PAIN, drawing, occiput, extending, nose","PAIN, headache in general, Drawing, Occiput, extending to ears, nose",سر — درد، کھینچتا ہوا، گدی سے پھیلتا ہوا، ناک,1,1,یکساں
o40767,"PAIN, drawing, occiput, extending, upward from nape","PAIN, headache in general, Drawing, Occiput, extending to ears, upward from nape",سر — درد، کھینچتا ہوا، گدی میں، گردن کے پچھلے حصے سے اوپر کی طرف,3,3,یکساں
o40772,"PAIN, drawing, occiput, motion, of head","PAIN, headache in general, Drawing, Occiput, motion amel., of head",سر — درد، کھینچتا ہوا، گدی میں، سر ہلانے پر,2,2,یکساں
o40804,"PAIN, drawing, sides, air, open","PAIN, headache in general, Drawing, Sides, air, open",سر — درد، کھینچتا ہوا، پہلوؤں میں، کھلی ہوا,1,1,یکساں
o40808,"PAIN, drawing, sides, extending, face","PAIN, headache in general, Drawing, Sides, extending to clavicle, face",سر — درد، کھینچتا ہوا، پہلوؤں سے چہرے تک,1,1,یکساں
o40809,"PAIN, drawing, sides, extending, forehead","PAIN, headache in general, Drawing, Sides, extending to clavicle, forehead",سر — درد، کھینچتا ہوا، پہلوؤں سے ماتھے تک,1,1,یکساں
o40810,"PAIN, drawing, sides, extending, neck","PAIN, headache in general, Drawing, Sides, extending to clavicle, neck",سر — درد، کھینچتا ہوا، پہلوؤں سے گردن تک,3,3,یکساں
o40811,"PAIN, drawing, sides, extending, orbits","PAIN, headache in general, Drawing, Sides, extending to clavicle, orbits",سر — درد، کھینچتا ہوا، پہلوؤں سے آنکھوں کے حلقوں تک,1,1,یکساں
o40812,"PAIN, drawing, sides, extending, teeth","PAIN, headache in general, Drawing, Sides, extending to clavicle, teeth",سر — درد، کھینچتا ہوا، پہلوؤں سے دانتوں تک,2,2,یکساں
o40841,"PAIN, drawing, temples, extending, face","PAIN, headache in general, Drawing, Temples, extending to eye, face",سر — درد، کھینچتا ہوا، کنپٹیوں سے پھیلتا ہوا، چہرہ,4,4,یکساں
o40843,"PAIN, drawing, temples, extending, head","PAIN, headache in general, Drawing, Temples, extending to eye, head",سر — درد، کھینچتا ہوا، کنپٹیوں سے پھیلتا ہوا، سر,2,2,یکساں
o40845,"PAIN, drawing, temples, extending, vertex","PAIN, headache in general, Drawing, Temples, extending to eye, vertex",سر — درد، کھینچتا ہوا، کنپٹیوں سے پھیلتا ہوا، چوٹی میں,2,2,یکساں
o40846,"PAIN, drawing, temples, extending, zygoma","PAIN, headache in general, Drawing, Temples, extending to eye, zygoma",سر — درد، کھینچتا ہوا، کنپٹیوں سے پھیلتا ہوا، گال کی ہڈی,1,1,یکساں
o40866,"PAIN, drawing, vertex, extending, forehead","PAIN, headache in general, Drawing, Vertex, extending to eyes, forehead",سر — درد، کھینچتا ہوا، چوٹی سے ماتھے تک,1,1,یکساں
o40867,"PAIN, drawing, vertex, extending, neck","PAIN, headache in general, Drawing, Vertex, extending to eyes, neck",سر — درد، کھینچتا ہوا، چوٹی سے گردن تک,1,1,یکساں
o40868,"PAIN, drawing, vertex, extending, nose while eating","PAIN, headache in general, Drawing, Vertex, extending to eyes, nose while eating",سر — درد، کھینچتا ہوا، چوٹی سے ناک تک، کھاتے ہوئے,1,1,یکساں
o40869,"PAIN, drawing, vertex, extending, temple","PAIN, headache in general, Drawing, Vertex, extending to eyes, temple",سر — درد، کھینچتا ہوا، چوٹی سے کنپٹی تک,1,1,یکساں
o40887,"PAIN, dull, forehead, eye, over","PAIN, headache in general, Dull pain, Forehead, eye, over",سر — درد، مدھم، آنکھ کے اوپر,6,6,یکساں
o40890,"PAIN, dull, move head, must, and close eyes","PAIN, headache in general, Dull pain, move head, must, and close eyes",سر — درد، مدھم، سر ہلانا اور آنکھیں بند کرنا پڑیں,1,1,یکساں
o41427,"PAIN, jerking, temples, extending, upper jaw to","PAIN, headache in general, Jerking, Temples, extending downward, upper jaw to",سر — درد، جھٹکے دار، کنپٹیوں سے اوپر کے جبڑے تک,1,1,یکساں
o41428,"PAIN, jerking, temples, extending, upward","PAIN, headache in general, Jerking, Temples, extending downward, upward",سر — درد، جھٹکے دار، کنپٹیوں سے پھیلتا ہوا، اوپر کی طرف,2,2,یکساں
o41582,"PAIN, nail, as from a, forehead, extending from occiput to forehead","PAIN, headache in general, Nail, as from a, Forehead, extending from occiput to forehead",سر — درد، کیل جیسا، گدی سے ماتھے تک,1,1,یکساں
o41583,"PAIN, nail, as from a, forehead, left side","PAIN, headache in general, Nail, as from a, Forehead, left side",سر — درد، کیل جیسا، ماتھے کے بائیں حصے میں,1,1,یکساں
o41587,"PAIN, nail, as from a, occiput, extending to vertex","PAIN, headache in general, Nail, as from a, Occiput, extending to vertex",سر — درد، کیل جیسا، گدی سے چوٹی تک,1,1,یکساں
o41588,"PAIN, nail, as from a, occiput, in one side","PAIN, headache in general, Nail, as from a, Occiput, in one side",سر — درد، کیل جیسا، گدی کے ایک طرف,1,1,یکساں
o41592,"PAIN, nail, as from a, sides, pressure amel.","PAIN, headache in general, Nail, as from a, Sides, pressure amel.",سر — درد، کیل جیسا، پہلوؤں میں، دبانے سے آرام,1,1,یکساں
o41593,"PAIN, nail, as from a, sides, right","PAIN, headache in general, Nail, as from a, Sides, right",سر — درد، کیل جیسا، دائیں پہلو میں,1,1,یکساں
o41594,"PAIN, nail, as from a, sides, walking about amel.","PAIN, headache in general, Nail, as from a, Sides, walking about amel.",سر — درد، کیل جیسا، پہلوؤں میں، چلنے پھرنے سے آرام,1,1,یکساں
o41596,"PAIN, nail, as from a, temples, morning","PAIN, headache in general, Nail, as from a, Temples, morning",سر — درد، کیل جیسا، کنپٹیوں میں، صبح,1,1,یکساں
o41597,"PAIN, nail, as from a, temples, right","PAIN, headache in general, Nail, as from a, Temples, right",سر — درد، کیل جیسا، دائیں کنپٹی میں,1,1,یکساں
o41679,"PAIN, occiput, extending, chest, to","PAIN, headache in general, Occiput, extending down back, chest, to",سر — درد، گدی سے سینے تک,1,1,یکساں
o41680,"PAIN, occiput, extending, ears, to","PAIN, headache in general, Occiput, extending down back, ears, to",سر — درد، گدی سے کانوں تک,9,9,یکساں
o41681,"PAIN, occiput, extending, eyes, to","PAIN, headache in general, Occiput, extending down back, eyes, to",سر — درد، گدی سے آنکھوں تک,18,18,یکساں
o41685,"PAIN, occiput, extending, head, to","PAIN, headache in general, Occiput, extending down back, head, to",سر — درد، گدی سے سر تک,16,16,یکساں
o41687,"PAIN, occiput, extending, jaw, to","PAIN, headache in general, Occiput, extending down back, jaw, to",سر — درد، گدی سے جبڑے تک,3,3,یکساں
o41689,"PAIN, occiput, extending, neck, to","PAIN, headache in general, Occiput, extending down back, neck, to",سر — درد، گدی سے گردن تک,14,14,یکساں
o41690,"PAIN, occiput, extending, nose, to","PAIN, headache in general, Occiput, extending down back, nose, to",سر — درد، گدی سے ناک تک,1,1,یکساں
o41693,"PAIN, occiput, extending, shoulders, to","PAIN, headache in general, Occiput, extending down back, shoulders, to",سر — درد، گدی سے کندھوں تک,9,9,یکساں
o41695,"PAIN, occiput, extending, temples, to","PAIN, headache in general, Occiput, extending down back, temples, to",سر — درد، گدی سے کنپٹیوں تک,8,8,یکساں
o41696,"PAIN, occiput, extending, throat, to","PAIN, headache in general, Occiput, extending down back, throat, to",سر — درد، گدی سے حلق تک,1,1,یکساں
o41819,"PAIN, occiput, turning, eyes, agg.","PAIN, headache in general, Occiput, turning head, eyes, agg.",سر — درد، گدی میں، آنکھیں گھمانے سے بگاڑ,1,1,یکساں
o41833,"PAIN, occiput, warm, room, amel.","PAIN, headache in general, Occiput, warm clothing agg., room, amel.",سر — درد، گدی میں، گرم کمرے میں آرام,1,1,یکساں
o42150,"PAIN, pressing, forehead, warm, stove agg.","PAIN, headache in general, Pressing (See Bursting, Drawing), Forehead, warm room, stove agg.",سر — درد، دبانے والا، ماتھے میں، گرم چولہے سے بگاڑ,2,2,یکساں
o42213,"PAIN, pressing, occiput, extending, downward","PAIN, headache in general, Pressing (See Bursting, Drawing), Occiput, extending into back and chest at noon, downward",سر — درد، دبانے والا، گدی سے پھیلتا ہوا، نیچے کی طرف,4,4,یکساں
o42216,"PAIN, pressing, occiput, extending, forward","PAIN, headache in general, Pressing (See Bursting, Drawing), Occiput, extending into back and chest at noon, forward",سر — درد، دبانے والا، گدی سے آگے کی طرف,7,7,یکساں
o42218,"PAIN, pressing, occiput, extending, outward","PAIN, headache in general, Pressing (See Bursting, Drawing), Occiput, extending into back and chest at noon, outward",سر — درد، دبانے والا، گدی سے پھیلتا ہوا، باہر کی طرف,2,2,یکساں
o42221,"PAIN, pressing, occiput, extending, upward","PAIN, headache in general, Pressing (See Bursting, Drawing), Occiput, extending into back and chest at noon, upward",سر — درد، دبانے والا، گدی سے اوپر کی طرف,3,3,یکساں
o42500,"PAIN, pressing, vertex, pressure, amel.","PAIN, headache in general, Pressing (See Bursting, Drawing), Vertex, pressure agg., amel.",سر — درد، دبانے والا، چوٹی میں، دبانے سے آرام,6,6,یکساں
o42577,"PAIN, room, entering a, on, from cold air","PAIN, headache in general, room in crowded, entering a, on, from cold air",سر — درد، ٹھنڈی ہوا سے کمرے میں داخل ہونے پر,3,3,یکساں
o42612,"PAIN, shooting, extending, vertex, to","PAIN, headache in general, Shooting (See Cutting, Lancinating, Shocks, Stitches, etc.), extending downward into teeth, vertex, to",سر — درد، دوڑتا ہوا (تیر جیسا)، پھیلتا ہوا، چوٹی تک,1,1,یکساں
o42682,"PAIN, shooting, sides, extending, eye","PAIN, headache in general, Shooting (See Cutting, Lancinating, Shocks, Stitches, etc.), Sides, extending to half of right hand, eye",سر — درد، دوڑتا ہوا (تیر جیسا)، پہلوؤں سے آنکھ تک,1,1,یکساں
o42683,"PAIN, shooting, sides, extending, root of nose","PAIN, headache in general, Shooting (See Cutting, Lancinating, Shocks, Stitches, etc.), Sides, extending to half of right hand, root of nose",سر — درد، دوڑتا ہوا (تیر جیسا)، پہلوؤں سے پھیلتا ہوا، ناک کی جڑ,1,1,یکساں
o42707,"PAIN, shooting, temples, extending, inward","PAIN, headache in general, Shooting (See Cutting, Lancinating, Shocks, Stitches, etc.), Temples, extending from temple to temple, inward",سر — درد، دوڑتا ہوا (تیر جیسا)، کنپٹیوں سے پھیلتا ہوا، اندر کی طرف,6,6,یکساں
o43074,"PAIN, stitching, extending, eyes, to","PAIN, headache in general, Stitching, extending backwards, eyes, to",سر — درد، چبھتا ہوا، پھیلتا ہوا، آنکھوں تک,5,5,یکساں
o43077,"PAIN, stitching, extending, malar bone, to","PAIN, headache in general, Stitching, extending backwards, malar bone, to",سر — درد، چبھتا ہوا، پھیلتا ہوا، گال کی ہڈی تک,2,2,یکساں
o43080,"PAIN, stitching, extending, root of nose, to","PAIN, headache in general, Stitching, extending backwards, root of nose, to",سر — درد، چبھتا ہوا، پھیلتا ہوا، ناک کی جڑ تک,3,3,یکساں
o43162,"PAIN, stitching, forehead, raising, head amel.","PAIN, headache in general, Stitching, Forehead, raising the eyes, head amel.",سر — درد، چبھتا ہوا، ماتھے میں، سر اٹھانے سے آرام,1,1,یکساں
o43206,"PAIN, stitching, heat, of stove, from","PAIN, headache in general, Stitching, heat amel., of stove, from",سر — درد، چبھتا ہوا، چولہے کی گرمی سے,1,1,یکساں
o43227,"PAIN, stitching, moving, eyes, on","PAIN, headache in general, Stitching, moving the jaw agg., eyes, on",سر — درد، چبھتا ہوا، آنکھیں ہلانے پر,3,3,یکساں
o43241,"PAIN, stitching, occiput, extending, back of chest","PAIN, headache in general, Stitching, Occiput, extending across, back of chest",سر — درد، چبھتا ہوا، گدی سے سینے کے پچھلے حصے تک,1,1,یکساں
o43245,"PAIN, stitching, occiput, extending, forward","PAIN, headache in general, Stitching, Occiput, extending across, forward",سر — درد، چبھتا ہوا، گدی سے آگے کی طرف,2,2,یکساں
o43306,"PAIN, stitching, sides, exerting, eyes and head","PAIN, headache in general, Stitching, Sides, exerting arms, eyes and head",سر — درد، چبھتا ہوا، پہلوؤں میں، آنکھوں اور سر پر زور دینے سے,1,1,یکساں
o43313,"PAIN, stitching, sides, extending, forward","PAIN, headache in general, Stitching, Sides, extending backward, forward",سر — درد، چبھتا ہوا، پہلوؤں سے آگے کی طرف,4,4,یکساں
o43317,"PAIN, stitching, sides, extending, outward","PAIN, headache in general, Stitching, Sides, extending backward, outward",سر — درد، چبھتا ہوا، پہلوؤں سے پھیلتا ہوا، باہر کی طرف,1,1,یکساں
o43363,"PAIN, stitching, temples, alternating, with pressure","PAIN, headache in general, Stitching, Temples, alternating with heat and coldness, with pressure",سر — درد، چبھتا ہوا، کنپٹیوں میں، باری باری دباؤ کے ساتھ,1,1,یکساں
o43405,"PAIN, stitching, temples, pressure, amel.","PAIN, headache in general, Stitching, Temples, pressure agg., amel.",سر — درد، چبھتا ہوا، کنپٹیوں میں، دبانے سے آرام,3,3,یکساں
o43421,"PAIN, stitching, temples, touch, amel.","PAIN, headache in general, Stitching, Temples, touch agg., amel.",سر — درد، چبھتا ہوا، کنپٹیوں میں، چھونے سے آرام,2,2,یکساں
o43478,"PAIN, stunning, stupefying, cold, amel.","PAIN, headache in general, Stunning, stupefying, cold agg., amel.",سر — درد، بے سدھ کر دینے والا، ٹھنڈ سے آرام,1,1,یکساں
o43481,"PAIN, stunning, stupefying, coughing, on","PAIN, headache in general, Stunning, stupefying, coughing, on",سر — درد، بے سدھ کر دینے والا، کھانستے وقت,2,2,یکساں
o43483,"PAIN, stunning, stupefying, eating, after","PAIN, headache in general, Stunning, stupefying, eating, after",سر — درد، بے سدھ کر دینے والا، کھانے کے بعد,1,1,یکساں
o43498,"PAIN, stunning, stupefying, reading, while","PAIN, headache in general, Stunning, stupefying, reading, while",سر — درد، بے سدھ کر دینے والا، پڑھتے ہوئے,2,2,یکساں
o43500,"PAIN, stunning, stupefying, sides, right","PAIN, headache in general, Stunning, stupefying, Sides, right",سر — درد، بے سدھ کر دینے والا، دائیں پہلو میں,3,3,یکساں
o43502,"PAIN, stunning, stupefying, smoking, while","PAIN, headache in general, Stunning, stupefying, smoking, while",سر — درد، بے سدھ کر دینے والا، تمباکو نوشی کرتے ہوئے,1,1,یکساں
o43504,"PAIN, stunning, stupefying, sunshine, from","PAIN, headache in general, Stunning, stupefying, sunshine, from",سر — درد، بے سدھ کر دینے والا، دھوپ سے,1,1,یکساں
o43956,"PAIN, temples, extending, temple to temple, and back again","PAIN, headache in general, Temples, extending backward over ears, temple to temple, and back again",سر — درد، کنپٹی سے کنپٹی تک اور واپس,3,3,یکساں
o44166,"PAIN, vertex, touch, by laying hand on it, amel.","PAIN, headache in general, Vertex, touch agg., by laying hand on it, amel.",سر — درد، چوٹی میں، ہاتھ رکھنے سے آرام,1,1,یکساں
o44892,"TWITCHING of muscles, temples, extending, jaws or teeth, to","TWITCHING of muscles of the head, Temples, extending brain, into, jaws or teeth, to",سر — پھڑکن، کنپٹیوں سے جبڑوں یا دانتوں تک,1,1,یکساں
o44893,"TWITCHING of muscles, temples, extending, vertex, to","TWITCHING of muscles of the head, Temples, extending brain, into, vertex, to",سر — پھڑکن، کنپٹیوں سے چوٹی تک,1,1,یکساں
r1335,"PAIN, morning, increases until noon, or a little later, then gradually decreases","PAIN, headache in general, morning, increases until noon, or a little later, then gradually decreases",سر — درد، صبح، دوپہر یا اس سے کچھ بعد تک بڑھے، پھر آہستہ آہستہ گھٹے,2,2,یکساں
r1343,"PAIN, morning, waking, on, preceded by disagreeable dreams","PAIN, headache in general, morning, waking, on, preceded by disagreeable dreams",سر — درد، صبح، جاگنے پر، پہلے ناگوار خواب,1,1,یکساں
r1344,"PAIN, morning, waking, on, until 10 a.m.","PAIN, headache in general, morning, waking, on, until 10 a.m.",سر — درد، صبح، جاگنے پر، صبح 10 بجے تک,1,1,یکساں
r1345,"PAIN, morning, waking, on, 5 a.m.","PAIN, headache in general, morning, waking, on, 5 a.m.",سر — درد، صبح، جاگنے پر، صبح 5 بجے,4,4,یکساں
r1448,"PAIN, animal fluids, from loss of, profuse uterine haemorrhages, after","PAIN, headache in general, animal fluids, from loss of (See Sexual excess), profuse uterine hæmorrhages, after",سر — درد، جسمانی رطوبتوں کے ضیاع سے، رحم سے بہت خون بہنے کے بعد,1,1,یکساں
r1512,"PAIN, cold, becoming, from, feet","PAIN, headache in general, cold, becoming, from, feet",سر — درد، پاؤں ٹھنڈے ہونے سے,6,6,یکساں
r1521,"PAIN, confusion mental, with, lose senses or go mad, as if would","PAIN, headache in general, confusion mental, with, lose senses or go mad, as if would",سر — درد، ذہنی الجھن کے ساتھ، جیسے ہوش کھو دے گا یا پاگل ہو جائے گا,6,6,یکساں
r1802,"PAIN, rising, upright, erect, amel.","PAIN, headache in general, rising (See Morning, Noon, Night, etc., on Rising, also Raising Head), upright, erect, amel.",سر — درد، سیدھا کھڑے ہونے پر آرام,5,5,یکساں
r1968,"PAIN, wind, from exposure to, cold, riding in","PAIN, headache in general, wind, from exposure to, cold, riding in",سر — درد، ٹھنڈی ہوا میں سواری سے,10,10,یکساں
r2393,"PAIN, occiput, morning, bed, in","PAIN, headache in general, Occiput, morning, bed, in",سر — درد، گدی میں، صبح بستر میں,6,6,یکساں
r2398,"PAIN, occiput, morning, waking, on","PAIN, headache in general, Occiput, morning, waking, on",سر — درد، گدی میں، صبح جاگنے پر,21,21,یکساں
r2404,"PAIN, occiput, forenoon, mental exertion, after","PAIN, headache in general, Occiput, forenoon, mental exertion, after",سر — درد، گدی میں، دوپہر سے پہلے ذہنی محنت کے بعد,1,1,یکساں
r2406,"PAIN, occiput, forenoon, sitting, while","PAIN, headache in general, Occiput, forenoon, sitting, while",سر — درد، گدی میں، دوپہر سے پہلے بیٹھے ہوئے,1,1,یکساں
r2415,"PAIN, occiput, evening, bed, in","PAIN, headache in general, Occiput, evening, bed, in",سر — درد، گدی میں، شام بستر میں,3,3,یکساں
r2424,"PAIN, occiput, air, open, amel.","PAIN, headache in general, Occiput, air, open, amel.",سر — درد، گدی میں، کھلی ہوا میں آرام,13,13,یکساں
r2492,"PAIN, occiput, motion, head, of","PAIN, headache in general, Occiput, motion, head, of",سر — درد، گدی میں، سر ہلانے پر,6,6,یکساں
r2521,"PAIN, occiput, stooping, changes to forehead, on","PAIN, headache in general, Occiput, stooping, changes to forehead, on",سر — درد، گدی میں، جھکنے پر ماتھے میں چلا جائے,1,1,یکساں
r2532,"PAIN, occiput, urine, copious flow of, amel.","PAIN, headache in general, Occiput, urine, copious flow of, amel.",سر — درد، گدی میں، کھل کر پیشاب آنے سے آرام,1,1,یکساں
r2533,"PAIN, occiput, urinate, if desire to, be delayed","PAIN, headache in general, Occiput, urinate, if desire to, be delayed",سر — درد، گدی میں، اگر پیشاب کی حاجت روکی جائے,1,1,یکساں
r2537,"PAIN, occiput, walking, in open air, amel.","PAIN, headache in general, Occiput, walking, in open air, amel.",سر — درد، گدی میں، کھلی ہوا میں چلنے سے آرام,6,6,یکساں
r2538,"PAIN, occiput, walking, in open air, slowly amel.","PAIN, headache in general, Occiput, walking, in open air, slowly amel.",سر — درد، گدی میں، کھلی ہوا میں آہستہ چلنے سے آرام,1,1,یکساں
r2567,"PAIN, Occiput, extending down back, spine, down (See Back and neck)","PAIN, headache in general, Occiput, extending down back, spine, down (See Back and neck)",سر — درد، گدی سے کمر اور ریڑھ کی ہڈی میں نیچے تک,0,0,یکساں
r2574,"PAIN, occiput, occipital protuberance, heat, from","PAIN, headache in general, Occiput, occipital protuberance, heat, from",سر — درد، گدی کے ابھار میں، گرمی سے,1,1,یکساں
r2581,"PAIN, occiput, sides of, right, to left eye","PAIN, headache in general, Occiput, sides of, right, to left eye",سر — درد، گدی کے دائیں پہلو سے بائیں آنکھ تک,1,1,یکساں
r2583,"PAIN, occiput, sides of, left, to right","PAIN, headache in general, Occiput, sides of, left, to right",سر — درد، گدی کے بائیں پہلو سے دائیں تک,1,1,یکساں
r2588,"PAIN, occiput, sides of, evening, 8 p.m.","PAIN, headache in general, Occiput, sides of, evening, 8 p.m.",سر — درد، گدی کے پہلوؤں میں، رات 8 بجے,1,1,یکساں
r2592,"PAIN, occiput, sides of, waking, after","PAIN, headache in general, Occiput, sides of, waking, after",سر — درد، گدی کے پہلوؤں میں، جاگنے کے بعد,1,1,یکساں
r2593,"PAIN, occiput, sides of, walking, on","PAIN, headache in general, Occiput, sides of, walking, on",سر — درد، گدی کے پہلوؤں میں، چلنے پر,1,1,یکساں
r2605,"PAIN, Occiput and Forehead, Sides, one side, side on which one lies (See Sides Lying)","PAIN, headache in general, Occiput and Forehead, Sides, one side, side on which one lies (See Sides Lying)",سر — درد، گدی اور ماتھا، پہلو، ایک طرف، جس طرف لیٹے,0,0,یکساں
r2743,"PAIN, temples, right, lying upon it, while","PAIN, headache in general, Temples, right, lying upon it, while",سر — درد، دائیں کنپٹی میں، اس پر لیٹے ہوئے,1,1,یکساں
r2752,"PAIN, temples, morning, rising, on","PAIN, headache in general, Temples, morning, rising, on",سر — درد، کنپٹیوں میں، صبح اٹھتے وقت,7,7,یکساں
r2753,"PAIN, temples, morning, waking, on","PAIN, headache in general, Temples, morning, waking, on",سر — درد، کنپٹیوں میں، صبح جاگنے پر,21,21,یکساں
r2759,"PAIN, temples, evening, bed, in","PAIN, headache in general, Temples, evening, bed, in",سر — درد، کنپٹیوں میں، شام بستر میں,6,6,یکساں
r2768,"PAIN, Temples, bending head backwards, on, forward (See Stooping)","PAIN, headache in general, Temples, bending head backwards, on, forward (See Stooping)",سر — درد، کنپٹیاں، سر پیچھے یا آگے جھکانے پر,0,0,یکساں
r2799,"PAIN, temples, pulsating, reading, while","PAIN, headache in general, Temples, pulsating, reading, while",سر — درد، کنپٹیوں میں، دھڑکتا ہوا، پڑھتے ہوئے,9,9,یکساں
r2858,"PAIN, vertex, morning, bed, in","PAIN, headache in general, Vertex, morning, bed, in",سر — درد، چوٹی میں، صبح بستر میں,2,2,یکساں
r2862,"PAIN, vertex, waking, on, 5 a.m.","PAIN, headache in general, Vertex, waking, on, 5 a.m.",سر — درد، چوٹی میں، جاگنے پر، صبح 5 بجے,1,1,یکساں
r2869,"PAIN, vertex, evening, bed, in","PAIN, headache in general, Vertex, evening, bed, in",سر — درد، چوٹی میں، شام بستر میں,2,2,یکساں
r2872,"PAIN, vertex, night, on going to sleep, amel.","PAIN, headache in general, Vertex, night, on going to sleep, amel.",سر — درد، چوٹی میں، رات سوتے وقت آرام,1,1,یکساں
r2873,"PAIN, vertex, air, cold, amel.","PAIN, headache in general, Vertex, air, cold, amel.",سر — درد، چوٹی میں، ٹھنڈی ہوا سے آرام,1,1,یکساں
r2875,"PAIN, vertex, air, open, amel.","PAIN, headache in general, Vertex, air, open, amel.",سر — درد، چوٹی میں، کھلی ہوا میں آرام,10,10,یکساں
r2947,"PAIN, blows, as from, back of head and neck, on","PAIN, headache in general, blows, as from, back of head and neck, on",سر — درد، جیسے گدی اور گردن پر ضرب لگی ہو,1,1,یکساں
r2948,"PAIN, blows, as from, forehead, one awakens at 1 a.m.","PAIN, headache in general, blows, as from, Forehead, one awakens at 1 a.m.",سر — درد، جیسے ماتھے پر ضرب لگی ہو، رات 1 بجے جگا دے,1,1,یکساں
r2950,"PAIN, blows, as from, occiput, on","PAIN, headache in general, blows, as from, Occiput, on",سر — درد، جیسے گدی پر ضرب لگی ہو، گدی پر,3,3,یکساں
r3106,"PAIN, burning, morning, waking, on","PAIN, headache in general, Burning, morning, waking, on",سر — درد، جلتا ہوا، صبح جاگنے پر,2,2,یکساں
r3110,"PAIN, burning, evening, bed, in","PAIN, headache in general, Burning, evening, bed, in",سر — درد، جلتا ہوا، شام بستر میں,3,3,یکساں
r3112,"PAIN, burning, air, open in, amel.","PAIN, headache in general, Burning, air, open in, amel.",سر — درد، جلتا کھلی ہوا میں آرام,4,4,یکساں
r3152,"PAIN, burning, brain, sitting upright, on","PAIN, headache in general, Burning, Brain, sitting upright, on",سر — درد، جلتا ہوا، دماغ میں، سیدھا بیٹھنے پر,1,1,یکساں
r3157,"PAIN, burning, forehead, morning, on rising amel.","PAIN, headache in general, Burning, Forehead, morning, on rising amel.",سر — درد، جلتا ہوا، ماتھے میں، صبح اٹھنے پر آرام,1,1,یکساں
r3161,"PAIN, burning, forehead, night, day and night","PAIN, headache in general, Burning, Forehead, night, day and night",سر — درد، جلتا ہوا، ماتھے میں، رات، دن رات,1,1,یکساں
r3164,"PAIN, burning, forehead, dinner, after","PAIN, headache in general, Burning, Forehead, dinner, after",سر — درد، جلتا ہوا، ماتھے میں، دوپہر کے کھانے کے بعد,2,2,یکساں
r3165,"PAIN, burning, forehead, eating, after","PAIN, headache in general, Burning, Forehead, eating, after",سر — درد، جلتا ہوا، ماتھے میں، کھانے کے بعد,1,1,یکساں
r3166,"PAIN, burning, forehead, room, on entering","PAIN, headache in general, Burning, Forehead, room, on entering",سر — درد، جلتا ہوا، ماتھے میں، کمرہ، داخل ہونے پر,1,1,یکساں
r3167,"PAIN, burning, forehead, scratching, after","PAIN, headache in general, Burning, Forehead, scratching, after",سر — درد، جلتا ہوا، ماتھے میں، کھجانے کے بعد,1,1,یکساں
r3168,"PAIN, burning, forehead, sitting, while","PAIN, headache in general, Burning, Forehead, sitting, while",سر — درد، جلتا ہوا، ماتھے میں، بیٹھے ہوئے,1,1,یکساں
r3169,"PAIN, burning, forehead, standing, while","PAIN, headache in general, Burning, Forehead, standing, while",سر — درد، جلتا ہوا، ماتھے میں، کھڑے ہوئے,1,1,یکساں
r3170,"PAIN, burning, forehead, stool, during","PAIN, headache in general, Burning, Forehead, stool, during",سر — درد، جلتا ہوا، ماتھے میں، پاخانے کے دوران,1,1,یکساں
r3171,"PAIN, burning, forehead, touched, when","PAIN, headache in general, Burning, Forehead, touched, when",سر — درد، جلتا ہوا، ماتھے میں، چھونے پر,2,2,یکساں
r3172,"PAIN, burning, forehead, waking, on","PAIN, headache in general, Burning, Forehead, waking, on",سر — درد، جلتا ہوا، ماتھے میں، جاگنے پر,1,1,یکساں
r3173,"PAIN, burning, forehead, walking, when","PAIN, headache in general, Burning, Forehead, walking, when",سر — درد، جلتا ہوا، ماتھے میں، چلتے ہوئے,1,1,یکساں
r3175,"PAIN, burning, forehead, eyes, over","PAIN, headache in general, Burning, Forehead, eyes, over",سر — درد، جلتا ہوا، آنکھوں کے اوپر,13,13,یکساں
r3185,"PAIN, burning, sides, left, morning on waking","PAIN, headache in general, Burning, Sides, left, morning on waking",سر — درد، جلتا ہوا، بائیں پہلو میں، صبح جاگنے پر,1,1,یکساں
r3194,"PAIN, burning, vertex, chilly, when","PAIN, headache in general, Burning, Vertex, chilly, when",سر — درد، جلتا ہوا، چوٹی میں، سردی محسوس ہونے پر,1,1,یکساں
r3195,"PAIN, burning, vertex, grief, after","PAIN, headache in general, Burning, Vertex, grief, after",سر — درد، جلتا ہوا، چوٹی میں، غم کے بعد,2,2,یکساں
r3196,"PAIN, burning, vertex, menopause, during","PAIN, headache in general, Burning, Vertex, menopause, during",سر — درد، جلتا ہوا، چوٹی میں، سنِ یاس کے دوران,1,1,یکساں
r3197,"PAIN, burning, vertex, menses, during","PAIN, headache in general, Burning, Vertex, menses, during",سر — درد، جلتا ہوا، چوٹی میں، حیض کے دوران,4,4,یکساں
r3199,"PAIN, burning, vertex, spots, in","PAIN, headache in general, Burning, Vertex, spots, in",سر — درد، جلتا ہوا، چوٹی میں، دھبوں میں,4,4,یکساں
r3223,"PAIN, burrowing, forehead, eyes, over","PAIN, headache in general, Burrowing, Forehead, eyes, over",سر — درد، کھودتا ہوا، آنکھوں کے اوپر,3,3,یکساں
r3231,"PAIN, burrowing, sides, air, open","PAIN, headache in general, Burrowing, Sides, air, open",سر — درد، کھودتا ہوا، پہلوؤں میں، کھلی ہوا,1,1,یکساں
r3236,"PAIN, burrowing, temples, dinner, after","PAIN, headache in general, Burrowing, Temples, dinner, after",سر — درد، کھودتا ہوا، کنپٹیوں میں، دوپہر کے کھانے کے بعد,1,1,یکساں
r3242,"PAIN, bursting, morning, waking, on","PAIN, headache in general, Bursting, morning, waking, on",سر — درد، پھٹنے جیسا، صبح جاگنے پر,4,4,یکساں
r3247,"PAIN, bursting, air, open in, amel.","PAIN, headache in general, Bursting, air, open in, amel.",سر — درد، پھٹنے جیسا، کھلی ہوا میں آرام,1,1,یکساں
r3287,"PAIN, bursting, weather, wet, agg.","PAIN, headache in general, Bursting, weather, wet, agg.",سر — درد، پھٹنے جیسا، موسم، بھیگنے سے بگاڑ,1,1,یکساں
r3293,"PAIN, bursting, forehead, morning, 10 a.m.","PAIN, headache in general, Bursting, Forehead, morning, 10 a.m.",سر — درد، پھٹنے جیسا، ماتھے میں، صبح 10 بجے,1,1,یکساں
r3297,"PAIN, bursting, forehead, coughing, on","PAIN, headache in general, Bursting, Forehead, coughing, on",سر — درد، پھٹنے جیسا، ماتھے میں، کھانستے وقت,4,4,یکساں
r3298,"PAIN, bursting, forehead, eating, after","PAIN, headache in general, Bursting, Forehead, eating, after",سر — درد، پھٹنے جیسا، ماتھے میں، کھانے کے بعد,2,2,یکساں
r3299,"PAIN, bursting, forehead, exercise, after","PAIN, headache in general, Bursting, Forehead, exercise, after",سر — درد، پھٹنے جیسا، ماتھے میں، ورزش کے بعد,1,1,یکساں
r3300,"PAIN, bursting, forehead, lying, while","PAIN, headache in general, Bursting, Forehead, lying, while",سر — درد، پھٹنے جیسا، ماتھے میں، لیٹے ہوئے,1,1,یکساں
r3301,"PAIN, bursting, forehead, menses, during","PAIN, headache in general, Bursting, Forehead, menses, during",سر — درد، پھٹنے جیسا، ماتھے میں، حیض کے دوران,2,2,یکساں
r3304,"PAIN, bursting, forehead, eyes, over","PAIN, headache in general, Bursting, Forehead, eyes, over",سر — درد، پھٹنے جیسا، آنکھوں کے اوپر,3,3,یکساں
r3307,"PAIN, bursting, occiput, extending to top of head, is so severe she thinks head will burst and she will go crazy","PAIN, headache in general, Bursting, Occiput, extending to top of head, is so severe she thinks head will burst and she will go crazy",سر — درد، پھٹنے جیسا، گدی سے سر کی چوٹی تک، اتنا شدید کہ سمجھتی ہے سر پھٹ جائے گا اور پاگل ہو جائے گی,1,1,یکساں
r3310,"PAIN, bursting, sides, menses, during","PAIN, headache in general, Bursting, Sides, menses, during",سر — درد، پھٹنے جیسا، پہلوؤں میں، حیض کے دوران,2,2,یکساں
r3311,"PAIN, bursting, sides, standing, while","PAIN, headache in general, Bursting, Sides, standing, while",سر — درد، پھٹنے جیسا، پہلوؤں میں، کھڑے ہوئے,1,1,یکساں
r3315,"PAIN, bursting, temples, coughing, on","PAIN, headache in general, Bursting, Temples, coughing, on",سر — درد، پھٹنے جیسا، کنپٹیوں میں، کھانستے وقت,1,1,یکساں
r3319,"PAIN, bursting, vertex, afternoon, while walking","PAIN, headache in general, Bursting, Vertex, afternoon, while walking",سر — درد، پھٹنے جیسا، چوٹی میں، سہ پہر، چلتے ہوئے,1,1,یکساں
r3322,"PAIN, bursting, vertex, blown off, as if","PAIN, headache in general, Bursting, Vertex, blown off, as if",سر — درد، پھٹنے جیسا، چوٹی میں، جیسے اڑا دی گئی ہو,1,1,یکساں
r3323,"PAIN, bursting, vertex, coughing, on","PAIN, headache in general, Bursting, Vertex, coughing, on",سر — درد، پھٹنے جیسا، چوٹی میں، کھانستے وقت,1,1,یکساں
r3324,"PAIN, bursting, vertex, fly off, as if would","PAIN, headache in general, Bursting, Vertex, fly off, as if would",سر — درد، پھٹنے جیسا، چوٹی میں، جیسے اڑ جائے گی,1,1,یکساں
r3325,"PAIN, bursting, vertex, forced asunder, as if","PAIN, headache in general, Bursting, Vertex, forced asunder, as if",سر — درد، پھٹنے جیسا، چوٹی میں، جیسے زبردستی پھاڑ کر الگ کر دی گئی ہو,4,4,یکساں
r3326,"PAIN, bursting, vertex, walking, while","PAIN, headache in general, Bursting, Vertex, walking, while",سر — درد، پھٹنے جیسا، چوٹی میں، چلتے ہوئے,1,1,یکساں
r3330,"PAIN, come off, pain as if top of head would, jar, at every","PAIN, headache in general, Come off, pain as if top of head would, jar, at every",سر — درد، جیسے سر کا اوپری حصہ اتر جائے گا، ہر جھٹکے پر,2,2,یکساں
r3344,"PAIN, cramping, occiput, small spot, in","PAIN, headache in general, Cramping, Occiput, small spot, in",سر — درد، اینٹھن والا، گدی میں، چھوٹے سے دھبے میں,1,1,یکساں
r335,"CONSTRICTION, forehead, morning, rising, on","CONSTRICTION, tension (See also Drawing, Pressing), Forehead, morning, rising, on",سر — جکڑن، ماتھے میں، صبح اٹھتے وقت,1,1,یکساں
r3354,"PAIN, cramping, temples, tickling, with","PAIN, headache in general, Cramping, Temples, tickling, with",سر — درد، اینٹھن والا، کنپٹیوں میں، گدگدی کے ساتھ,1,1,یکساں
r339,"CONSTRICTION, forehead, band, as from, noon","CONSTRICTION, tension (See also Drawing, Pressing), Forehead, band, as from, noon",سر — جکڑن، ماتھے میں، جیسے پٹی سے، دوپہر,1,1,یکساں
r340,"CONSTRICTION, forehead, band, as from, closing eyes amel.","CONSTRICTION, tension (See also Drawing, Pressing), Forehead, band, as from, closing eyes amel.",سر — جکڑن، ماتھے میں، جیسے پٹی سے، آنکھیں بند کرنے سے آرام,1,1,یکساں
r3453,"PAIN, drawing, morning, rising, on","PAIN, headache in general, Drawing, morning, rising, on",سر — درد، کھینچتا ہوا، صبح اٹھتے وقت,1,1,یکساں
r3461,"PAIN, drawing, air, cold, agg.","PAIN, headache in general, Drawing, air, cold, agg.",سر — درد، کھینچتا ہوا، ٹھنڈی ہوا سے بگاڑ,1,1,یکساں
r3465,"PAIN, drawing, bed, in, warm amel.","PAIN, headache in general, Drawing, bed, in, warm amel.",سر — درد، کھینچتا ہوا، گرم بستر میں آرام,1,1,یکساں
r3484,"PAIN, drawing, house, on entering, amel.","PAIN, headache in general, Drawing, house, on entering, amel.",سر — درد، کھینچتا ہوا، گھر، داخل ہونے پر آرام,2,2,یکساں
r3502,"PAIN, drawing, sneezing, frequent, amel.","PAIN, headache in general, Drawing, sneezing, frequent, amel.",سر — درد، کھینچتا ہوا، بار بار چھینکنے سے آرام,1,1,یکساں
r3507,"PAIN, drawing, stripes, as if, in","PAIN, headache in general, Drawing, stripes, as if, in",سر — درد، کھینچتا ہوا، جیسے دھاریوں میں,1,1,یکساں
r3530,"PAIN, drawing, forehead, forenoon, 10 a.m.","PAIN, headache in general, Drawing, Forehead, forenoon, 10 a.m.",سر — درد، کھینچتا ہوا، ماتھے میں، صبح 10 بجے,1,1,یکساں
r3532,"PAIN, drawing, forehead, afternoon, 2 p.m.","PAIN, headache in general, Drawing, Forehead, afternoon, 2 p.m.",سر — درد، کھینچتا ہوا، ماتھے میں، سہ پہر 2 بجے,1,1,یکساں
r3535,"PAIN, drawing, forehead, night, midnight","PAIN, headache in general, Drawing, Forehead, night, midnight",سر — درد، کھینچتا ہوا، ماتھے میں، آدھی رات,1,1,یکساں
r3537,"PAIN, drawing, forehead, dinner, after","PAIN, headache in general, Drawing, Forehead, dinner, after",سر — درد، کھینچتا ہوا، ماتھے میں، دوپہر کے کھانے کے بعد,1,1,یکساں
r3538,"PAIN, drawing, forehead, exertion, during","PAIN, headache in general, Drawing, Forehead, exertion, during",سر — درد، کھینچتا ہوا، ماتھے میں، محنت کے دوران,1,1,یکساں
r3541,"PAIN, drawing, forehead, menses, during","PAIN, headache in general, Drawing, Forehead, menses, during",سر — درد، کھینچتا ہوا، ماتھے میں، حیض کے دوران,1,1,یکساں
r3547,"PAIN, drawing, forehead, sitting, while","PAIN, headache in general, Drawing, Forehead, sitting, while",سر — درد، کھینچتا ہوا، ماتھے میں، بیٹھے ہوئے,1,1,یکساں
r3548,"PAIN, drawing, forehead, standing, while","PAIN, headache in general, Drawing, Forehead, standing, while",سر — درد، کھینچتا ہوا، ماتھے میں، کھڑے ہوئے,1,1,یکساں
r3551,"PAIN, drawing, forehead, walking, while","PAIN, headache in general, Drawing, Forehead, walking, while",سر — درد، کھینچتا ہوا، ماتھے میں، چلتے ہوئے,2,2,یکساں
r3565,"PAIN, drawing, forehead, nose, above root of","PAIN, headache in general, Drawing, Forehead, nose, above root of",سر — درد، کھینچتا ہوا، ناک کی جڑ کے اوپر,11,11,یکساں
r3573,"PAIN, drawing, occiput, bed, in","PAIN, headache in general, Drawing, Occiput, bed, in",سر — درد، کھینچتا ہوا، گدی میں، بستر میں,2,2,یکساں
r3575,"PAIN, drawing, occiput, chewing, while","PAIN, headache in general, Drawing, Occiput, chewing, while",سر — درد، کھینچتا ہوا، گدی میں، چباتے ہوئے,1,1,یکساں
r3576,"PAIN, drawing, occiput, eating, after","PAIN, headache in general, Drawing, Occiput, eating, after",سر — درد، کھینچتا ہوا، گدی میں، کھانے کے بعد,2,2,یکساں
r3581,"PAIN, drawing, occiput, sitting, while","PAIN, headache in general, Drawing, Occiput, sitting, while",سر — درد، کھینچتا ہوا، گدی میں، بیٹھے ہوئے,3,3,یکساں
r3582,"PAIN, drawing, occiput, standing, while","PAIN, headache in general, Drawing, Occiput, standing, while",سر — درد، کھینچتا ہوا، گدی میں، کھڑے ہوئے,1,1,یکساں
r3595,"PAIN, drawing, occiput, sides of, right","PAIN, headache in general, Drawing, Occiput, sides of, right",سر — درد، کھینچتا ہوا، گدی کے دائیں پہلو میں,4,4,یکساں
r3596,"PAIN, drawing, occiput, sides of, left","PAIN, headache in general, Drawing, Occiput, sides of, left",سر — درد، کھینچتا ہوا، گدی کے بائیں پہلو میں,4,4,یکساں
r3597,"PAIN, drawing, occiput, sides of, forenoon","PAIN, headache in general, Drawing, Occiput, sides of, forenoon",سر — درد، کھینچتا ہوا، گدی کے پہلوؤں میں، دوپہر سے پہلے,2,2,یکساں
r3598,"PAIN, drawing, occiput, sides of, alternating with similar sensation in the ball of thumb","PAIN, headache in general, Drawing, Occiput, sides of, alternating with similar sensation in the ball of thumb",سر — درد، کھینچتا ہوا، گدی کے پہلوؤں میں، باری باری انگوٹھے کی گدی میں ویسے ہی احساس کے ساتھ,1,1,یکساں
r3599,"PAIN, drawing, occiput, sides of, bending head backward amel.","PAIN, headache in general, Drawing, Occiput, sides of, bending head backward amel.",سر — درد، کھینچتا ہوا، گدی کے پہلوؤں میں، سر پیچھے جھکانے سے آرام,1,1,یکساں
r3600,"PAIN, drawing, occiput, sides of, cramp like","PAIN, headache in general, Drawing, Occiput, sides of, cramp like",سر — درد، کھینچتا ہوا، گدی کے پہلوؤں میں، اینٹھن جیسا,2,2,یکساں
r3602,"PAIN, drawing, occiput, sides of, paroxysmal","PAIN, headache in general, Drawing, Occiput, sides of, paroxysmal",سر — درد، کھینچتا ہوا، گدی کے پہلوؤں میں، دوروں کی شکل میں,1,1,یکساں
r3603,"PAIN, drawing, occiput, sides of, pressive","PAIN, headache in general, Drawing, Occiput, sides of, pressive",سر — درد، کھینچتا ہوا، گدی کے پہلوؤں میں، دبانے والا,2,2,یکساں
r3604,"PAIN, drawing, occiput, sides of, rheumatic","PAIN, headache in general, Drawing, Occiput, sides of, rheumatic",سر — درد، کھینچتا ہوا، گدی کے پہلوؤں میں، گٹھیا والا,1,1,یکساں
r3605,"PAIN, drawing, occiput, sides of, warm room","PAIN, headache in general, Drawing, Occiput, sides of, warm room",سر — درد، کھینچتا ہوا، گدی کے پہلوؤں میں، گرم کمرے میں,1,1,یکساں
r3606,"PAIN, drawing, occiput, sides of, extending from left to right","PAIN, headache in general, Drawing, Occiput, sides of, extending from left to right",سر — درد، کھینچتا ہوا، گدی کے پہلوؤں میں، بائیں سے دائیں پھیلتا ہوا,1,1,یکساں
r3613,"PAIN, drawing, sides, increases gradually and ceases suddenly, feeling as if a nerve had been torn","PAIN, headache in general, Drawing, Sides, increases gradually and ceases suddenly, feeling as if a nerve had been torn",سر — درد، کھینچتا ہوا، پہلوؤں میں، آہستہ آہستہ بڑھے اور اچانک ختم ہو، جیسے کوئی رگ (عصب) پھٹ گئی ہو,1,1,یکساں
r3635,"PAIN, drawing, temples, chilliness, during","PAIN, headache in general, Drawing, Temples, chilliness, during",سر — درد، کھینچتا ہوا، کنپٹیوں میں، سردی محسوس ہونے کے دوران,1,1,یکساں
r3638,"PAIN, drawing, temples, eating, while","PAIN, headache in general, Drawing, Temples, eating, while",سر — درد، کھینچتا ہوا، کنپٹیوں میں، کھاتے ہوئے,1,1,یکساں
r3640,"PAIN, drawing, temples, motion, on","PAIN, headache in general, Drawing, Temples, motion, on",سر — درد، کھینچتا ہوا، کنپٹیوں میں، حرکت پر,1,1,یکساں
r3641,"PAIN, drawing, temples, periodical, every two days","PAIN, headache in general, Drawing, Temples, periodical, every two days",سر — درد، کھینچتا ہوا، کنپٹیوں میں، ہر دو دن بعد,1,1,یکساں
r3643,"PAIN, drawing, temples, sitting, while","PAIN, headache in general, Drawing, Temples, sitting, while",سر — درد، کھینچتا ہوا، کنپٹیوں میں، بیٹھے ہوئے,2,2,یکساں
r3646,"PAIN, drawing, temples, touch, on","PAIN, headache in general, Drawing, Temples, touch, on",سر — درد، کھینچتا ہوا، کنپٹیوں میں، چھونے پر,1,1,یکساں
r3648,"PAIN, drawing, temples, walking, amel.","PAIN, headache in general, Drawing, Temples, walking, amel.",سر — درد، کھینچتا ہوا، کنپٹیوں میں، چلنے سے آرام,1,1,یکساں
r3659,"PAIN, drawing, vertex, evening, before going to bed","PAIN, headache in general, Drawing, Vertex, evening, before going to bed",سر — درد، کھینچتا ہوا، چوٹی میں، شام سونے سے پہلے,1,1,یکساں
r3660,"PAIN, drawing, vertex, walking, while","PAIN, headache in general, Drawing, Vertex, walking, while",سر — درد، کھینچتا ہوا، چوٹی میں، چلتے ہوئے,1,1,یکساں
r3693,"PAIN, gnawing, forehead, eminence, frontal","PAIN, headache in general, Gnawing, Forehead, eminence, frontal",سر — درد، کترتا ہوا، ماتھے کے ابھار میں,1,1,یکساں
r3695,"PAIN, gnawing, forehead, nose, above","PAIN, headache in general, Gnawing, Forehead, nose, above",سر — درد، کترتا ہوا، ناک کے اوپر,4,4,یکساں
r3735,"PAIN, jerking, forehead, stooping, on","PAIN, headache in general, Jerking, Forehead, stooping, on",سر — درد، جھٹکے دار، ماتھے میں، جھکنے پر,1,1,یکساں
r3762,"PAIN, lancinating, air, cold, agg.","PAIN, headache in general, Lancinating (See Cutting), air, cold, agg.",سر — درد، نشتر جیسا، ٹھنڈی ہوا سے بگاڑ,2,2,یکساں
r3784,"PAIN, lancinating, forehead, eminence, frontal","PAIN, headache in general, Lancinating (See Cutting), Forehead, eminence, frontal",سر — درد، نشتر جیسا، ماتھے کے ابھار میں,1,1,یکساں
r3788,"PAIN, lancinating, occiput, pulsation, with every","PAIN, headache in general, Lancinating (See Cutting), Occiput, pulsation, with every",سر — درد، نشتر جیسا، گدی میں، ہر دھڑکن کے ساتھ,1,1,یکساں
r3796,"PAIN, nail, as from a, morning, rising on","PAIN, headache in general, Nail, as from a, morning, rising on",سر — درد، کیل جیسا، صبح اٹھتے وقت,1,1,یکساں
r3798,"PAIN, nail, as from a, alcoholics, after","PAIN, headache in general, Nail, as from a, alcoholics, after",سر — درد، کیل جیسا، شراب نوشوں میں,1,1,یکساں
r3799,"PAIN, nail, as from a, menses, during","PAIN, headache in general, Nail, as from a, menses, during",سر — درد، کیل جیسا، حیض کے دوران,3,3,یکساں
r3842,"PAIN, pinching, temples, forceps, as with","PAIN, headache in general, Pinching, Temples, forceps, as with",سر — درد، چٹکی جیسا، کنپٹیوں میں، جیسے چمٹی سے,3,3,یکساں
r3857,"PAIN, pressing, morning, waking, on","PAIN, headache in general, Pressing (See Bursting, Drawing), morning, waking, on",سر — درد، دبانے والا، صبح جاگنے پر,15,15,یکساں
r3860,"PAIN, pressing, noon, sleep, after","PAIN, headache in general, Pressing (See Bursting, Drawing), noon, sleep, after",سر — درد، دبانے والا، دوپہر، نیند کے بعد,1,1,یکساں
r3866,"PAIN, pressing, evening, lying down, after","PAIN, headache in general, Pressing (See Bursting, Drawing), evening, lying down, after",سر — درد، دبانے والا، شام لیٹنے کے بعد,1,1,یکساں
r3867,"PAIN, pressing, evening, sunset, after","PAIN, headache in general, Pressing (See Bursting, Drawing), evening, sunset, after",سر — درد، دبانے والا، شام غروبِ آفتاب کے بعد,1,1,یکساں
r3868,"PAIN, pressing, evening, walking, while","PAIN, headache in general, Pressing (See Bursting, Drawing), evening, walking, while",سر — درد، دبانے والا، شام، چلتے ہوئے,1,1,یکساں
r3870,"PAIN, pressing, night, waking, on","PAIN, headache in general, Pressing (See Bursting, Drawing), night, waking, on",سر — درد، دبانے والا، رات جاگنے پر,2,2,یکساں
r3873,"PAIN, pressing, air, in open, amel.","PAIN, headache in general, Pressing (See Bursting, Drawing), air, in open, amel.",سر — درد، دبانے والا، کھلی ہوا میں آرام,15,15,یکساں
r3901,"PAIN, pressing, covered, pressing with distress, while","PAIN, headache in general, Pressing (See Bursting, Drawing), covered, pressing with distress, while",سر — درد، دبانے والا، ڈھکے ہوئے، بے چینی کے ساتھ دباؤ,1,1,یکساں
r3928,"PAIN, pressing, inward, sharp corners, as if by","PAIN, headache in general, Pressing (See Bursting, Drawing), inward, sharp corners, as if by",سر — درد، دبانے والا، اندر کی طرف، جیسے تیز کونوں سے,1,1,یکساں
r3940,"PAIN, pressing, mental exertion, from, while attention is concentrated","PAIN, headache in general, Pressing (See Bursting, Drawing), mental exertion, from, while attention is concentrated",سر — درد، دبانے والا، ذہنی محنت سے، جب دھیان جما ہو,1,1,یکساں
r3953,"PAIN, pressing, outward, contents would be forced out, as if","PAIN, headache in general, Pressing (See Bursting, Drawing), outward, contents would be forced out, as if",سر — درد، دبانے والا، باہر کی طرف، جیسے اندر کا سب کچھ باہر دھکیل دیا جائے گا,1,1,یکساں
r3954,"PAIN, pressing, outward, sharp instrument, as if by a","PAIN, headache in general, Pressing (See Bursting, Drawing), outward, sharp instrument, as if by a",سر — درد، دبانے والا، باہر کی طرف، جیسے کسی تیز اوزار سے,1,1,یکساں
r3968,"PAIN, pressing, room, in, crowded","PAIN, headache in general, Pressing (See Bursting, Drawing), room, in, crowded",سر — درد، دبانے والا، بھرے ہوئے کمرے میں,1,1,یکساں
r3970,"PAIN, pressing, room, in, warm","PAIN, headache in general, Pressing (See Bursting, Drawing), room, in, warm",سر — درد، دبانے والا، گرم کمرے میں,5,5,یکساں
r3994,"PAIN, pressing, sun, in, passes off in shade","PAIN, headache in general, Pressing (See Bursting, Drawing), sun, in, passes off in shade",سر — درد، دبانے والا، دھوپ میں، سائے میں ختم ہو جائے,1,1,یکساں
r3997,"PAIN, pressing, tea, after warm, amel.","PAIN, headache in general, Pressing (See Bursting, Drawing), tea, after warm, amel.",سر — درد، دبانے والا، گرم چائے کے بعد آرام,1,1,یکساں
r4,"AIR or wind, passing through head, sensation as of, rocking, on","AIR OR WIND, passing through head, sensation as of, extending to abdomen, rocking, on",سر — جیسے سر میں سے ہوا گزر رہی ہو، جھولنے پر,1,1,یکساں
r4004,"PAIN, pressing, vise, as if in a, open air amel.","PAIN, headache in general, Pressing (See Bursting, Drawing), vise, as if in a, open air amel.",سر — درد، دبانے والا، جیسے شکنجے میں ہو، کھلی ہوا میں آرام,1,1,یکساں
r4035,"PAIN, pressing, forehead, forenoon, 10 a.m.","PAIN, headache in general, Pressing (See Bursting, Drawing), Forehead, forenoon, 10 a.m.",سر — درد، دبانے والا، ماتھے میں، صبح 10 بجے,1,1,یکساں
r4038,"PAIN, pressing, forehead, afternoon, 1 p.m.","PAIN, headache in general, Pressing (See Bursting, Drawing), Forehead, afternoon, 1 p.m.",سر — درد، دبانے والا، ماتھے میں، سہ پہر 1 بجے,1,1,یکساں
r4047,"PAIN, pressing, forehead, ball, as from","PAIN, headache in general, Pressing (See Bursting, Drawing), Forehead, ball, as from",سر — درد، دبانے والا، ماتھے میں، جیسے گیند سے,4,4,یکساں
r4048,"PAIN, pressing, forehead, band, as from","PAIN, headache in general, Pressing (See Bursting, Drawing), Forehead, band, as from",سر — درد، دبانے والا، ماتھے میں، پٹی، جیسے,18,18,یکساں
r4051,"PAIN, pressing, forehead, bed, in","PAIN, headache in general, Pressing (See Bursting, Drawing), Forehead, bed, in",سر — درد، دبانے والا، ماتھے میں، بستر میں,1,1,یکساں
r4052,"PAIN, pressing, forehead, bending head down, on","PAIN, headache in general, Pressing (See Bursting, Drawing), Forehead, bending head down, on",سر — درد، دبانے والا، ماتھے میں، سر نیچے جھکانے پر,2,2,یکساں
r4055,"PAIN, pressing, forehead, chill, during","PAIN, headache in general, Pressing (See Bursting, Drawing), Forehead, chill, during",سر — درد، دبانے والا، ماتھے میں، سردی لگنے کے دوران,2,2,یکساں
r4056,"PAIN, pressing, forehead, close the eyes, compelled to","PAIN, headache in general, Pressing (See Bursting, Drawing), Forehead, close the eyes, compelled to",سر — درد، دبانے والا، ماتھے میں، آنکھیں بند کرنے پر مجبور کرے,5,5,یکساں
r4061,"PAIN, pressing, forehead, coughing, on","PAIN, headache in general, Pressing (See Bursting, Drawing), Forehead, coughing, on",سر — درد، دبانے والا، ماتھے میں، کھانستے وقت,17,17,یکساں
r4065,"PAIN, pressing, forehead, dinner, after","PAIN, headache in general, Pressing (See Bursting, Drawing), Forehead, dinner, after",سر — درد، دبانے والا، ماتھے میں، دوپہر کے کھانے کے بعد,7,7,یکساں
r4067,"PAIN, pressing, forehead, dull point, as with a","PAIN, headache in general, Pressing (See Bursting, Drawing), Forehead, dull point, as with a",سر — درد، دبانے والا، ماتھے میں، جیسے کند نوک سے,1,1,یکساں
r4068,"PAIN, pressing, forehead, eating, after","PAIN, headache in general, Pressing (See Bursting, Drawing), Forehead, eating, after",سر — درد، دبانے والا، ماتھے میں، کھانے کے بعد,8,8,یکساں
r4071,"PAIN, pressing, forehead, exercise, after","PAIN, headache in general, Pressing (See Bursting, Drawing), Forehead, exercise, after",سر — درد، دبانے والا، ماتھے میں، ورزش کے بعد,1,1,یکساں
r4072,"PAIN, pressing, forehead, fever, during","PAIN, headache in general, Pressing (See Bursting, Drawing), Forehead, fever, during",سر — درد، دبانے والا، ماتھے میں، بخار کے دوران,2,2,یکساں
r4073,"PAIN, pressing, forehead, fingers, as from a","PAIN, headache in general, Pressing (See Bursting, Drawing), Forehead, fingers, as from a",سر — درد، دبانے والا، ماتھے میں، جیسے انگلی سے,2,2,یکساں
r4075,"PAIN, pressing, forehead, hat, as from a tight","PAIN, headache in general, Pressing (See Bursting, Drawing), Forehead, hat, as from a tight",سر — درد، دبانے والا، ماتھے میں، جیسے تنگ ٹوپی سے,1,1,یکساں
r4076,"PAIN, pressing, forehead, hiccough, from","PAIN, headache in general, Pressing (See Bursting, Drawing), Forehead, hiccough, from",سر — درد، دبانے والا، ماتھے میں، ہچکی سے,1,1,یکساں
r4086,"PAIN, pressing, forehead, menses, before","PAIN, headache in general, Pressing (See Bursting, Drawing), Forehead, menses, before",سر — درد، دبانے والا، ماتھے میں، حیض سے پہلے,2,2,یکساں
r4089,"PAIN, pressing, forehead, mental exertion, from","PAIN, headache in general, Pressing (See Bursting, Drawing), Forehead, mental exertion, from",سر — درد، دبانے والا، ماتھے میں، ذہنی محنت سے,14,14,یکساں
r4094,"PAIN, pressing, forehead, narrow, as if too","PAIN, headache in general, Pressing (See Bursting, Drawing), Forehead, narrow, as if too",سر — درد، دبانے والا، ماتھے میں، جیسے بہت تنگ ہو,1,1,یکساں
r4102,"PAIN, pressing, forehead, reading, while","PAIN, headache in general, Pressing (See Bursting, Drawing), Forehead, reading, while",سر — درد، دبانے والا، ماتھے میں، پڑھتے ہوئے,5,5,یکساں
r4104,"PAIN, pressing, forehead, rising, on","PAIN, headache in general, Pressing (See Bursting, Drawing), Forehead, rising, on",سر — درد، دبانے والا، ماتھے میں، اٹھنے پر,5,5,یکساں
r4105,"PAIN, pressing, forehead, room, in","PAIN, headache in general, Pressing (See Bursting, Drawing), Forehead, room, in",سر — درد، دبانے والا، ماتھے میں، کمرے میں,3,3,یکساں
r4110,"PAIN, pressing, forehead, sneezing, after","PAIN, headache in general, Pressing (See Bursting, Drawing), Forehead, sneezing, after",سر — درد، دبانے والا، ماتھے میں، چھینک کے بعد,1,1,یکساں
r4112,"PAIN, pressing, forehead, standing, while","PAIN, headache in general, Pressing (See Bursting, Drawing), Forehead, standing, while",سر — درد، دبانے والا، ماتھے میں، کھڑے ہوئے,3,3,یکساں
r4113,"PAIN, pressing, forehead, stool, during","PAIN, headache in general, Pressing (See Bursting, Drawing), Forehead, stool, during",سر — درد، دبانے والا، ماتھے میں، پاخانے کے دوران,5,5,یکساں
r4118,"PAIN, pressing, forehead, supper, after","PAIN, headache in general, Pressing (See Bursting, Drawing), Forehead, supper, after",سر — درد، دبانے والا، ماتھے میں، رات کے کھانے کے بعد,1,1,یکساں
r4119,"PAIN, pressing, forehead, talking, after","PAIN, headache in general, Pressing (See Bursting, Drawing), Forehead, talking, after",سر — درد، دبانے والا، ماتھے میں، باتیں کرنے کے بعد,3,3,یکساں
r4123,"PAIN, pressing, forehead, waking, on","PAIN, headache in general, Pressing (See Bursting, Drawing), Forehead, waking, on",سر — درد، دبانے والا، ماتھے میں، جاگنے پر,14,14,یکساں
r4124,"PAIN, pressing, forehead, Walking, while","PAIN, headache in general, Pressing (See Bursting, Drawing), Forehead, walking, while",سر — درد، دبانے والا، ماتھے میں، چلتے ہوئے,11,11,یکساں
r4129,"PAIN, pressing, forehead, warm room, amel.","PAIN, headache in general, Pressing (See Bursting, Drawing), Forehead, warm room, amel.",سر — درد، دبانے والا، ماتھے میں، گرم کمرے میں آرام,1,1,یکساں
r4132,"PAIN, pressing, forehead, weight or stone, as if","PAIN, headache in general, Pressing (See Bursting, Drawing), Forehead, weight or stone, as if",سر — درد، دبانے والا، ماتھے میں، جیسے وزن یا پتھر رکھا ہو,14,14,یکساں
r4134,"PAIN, pressing, forehead, writing, while","PAIN, headache in general, Pressing (See Bursting, Drawing), Forehead, writing, while",سر — درد، دبانے والا، ماتھے میں، لکھتے ہوئے,3,3,یکساں
r4196,"PAIN, pressing, forehead, nose, above","PAIN, headache in general, Pressing (See Bursting, Drawing), Forehead, nose, above",سر — درد، دبانے والا، ماتھے میں، ناک کے اوپر,45,45,یکساں
r4202,"PAIN, pressing, forehead, sides, left","PAIN, headache in general, Pressing (See Bursting, Drawing), Forehead, sides, left",سر — درد، دبانے والا، ماتھے میں، بائیں پہلو میں,33,33,یکساں
r4203,"PAIN, pressing, forehead, sides, extending to back","PAIN, headache in general, Pressing (See Bursting, Drawing), Forehead, sides, extending to back",سر — درد، دبانے والا، ماتھے میں، پہلوؤں سے کمر تک,1,1,یکساں
r4210,"PAIN, pressing, occiput, evening, walking in open air","PAIN, headache in general, Pressing (See Bursting, Drawing), Occiput, evening, walking in open air",سر — درد، دبانے والا، گدی میں، شام، کھلی ہوا میں چلنا,1,1,یکساں
r4211,"PAIN, pressing, occiput, evening, warm room","PAIN, headache in general, Pressing (See Bursting, Drawing), Occiput, evening, warm room",سر — درد، دبانے والا، گدی میں، شام، گرم کمرے میں,1,1,یکساں
r4215,"PAIN, pressing, occiput, anger, after","PAIN, headache in general, Pressing (See Bursting, Drawing), Occiput, anger, after",سر — درد، دبانے والا، گدی میں، غصے کے بعد,2,2,یکساں
r4217,"PAIN, pressing, occiput, band, as from","PAIN, headache in general, Pressing (See Bursting, Drawing), Occiput, band, as from",سر — درد، دبانے والا، گدی میں، پٹی، جیسے,3,3,یکساں
r4221,"PAIN, pressing, occiput, eating, after","PAIN, headache in general, Pressing (See Bursting, Drawing), Occiput, eating, after",سر — درد، دبانے والا، گدی میں، کھانے کے بعد,1,1,یکساں
r4224,"PAIN, pressing, occiput, fever, during","PAIN, headache in general, Pressing (See Bursting, Drawing), Occiput, fever, during",سر — درد، دبانے والا، گدی میں، بخار کے دوران,1,1,یکساں
r4229,"PAIN, pressing, occiput, inward, between vertex and occiput","PAIN, headache in general, Pressing (See Bursting, Drawing), Occiput, inward, between vertex and occiput",سر — درد، دبانے والا، گدی میں، اندر کی طرف، چوٹی اور گدی کے بیچ,1,1,یکساں
r4233,"PAIN, pressing, occiput, menses, during","PAIN, headache in general, Pressing (See Bursting, Drawing), Occiput, menses, during",سر — درد، دبانے والا، گدی میں، حیض کے دوران,1,1,یکساں
r4250,"PAIN, pressing, occiput, stool, during","PAIN, headache in general, Pressing (See Bursting, Drawing), Occiput, stool, during",سر — درد، دبانے والا، گدی میں، پاخانے کے دوران,1,1,یکساں
r4251,"PAIN, pressing, occiput, stooping, on","PAIN, headache in general, Pressing (See Bursting, Drawing), Occiput, stooping, on",سر — درد، دبانے والا، گدی میں، جھکنے پر,4,4,یکساں
r4252,"PAIN, pressing, occiput, supper, after","PAIN, headache in general, Pressing (See Bursting, Drawing), Occiput, supper, after",سر — درد، دبانے والا، گدی میں، رات کے کھانے کے بعد,1,1,یکساں
r4253,"PAIN, pressing, occiput, talking, from","PAIN, headache in general, Pressing (See Bursting, Drawing), Occiput, talking, from",سر — درد، دبانے والا، گدی میں، باتیں کرنے سے,1,1,یکساں
r4254,"PAIN, pressing, occiput, tight hat, as from","PAIN, headache in general, Pressing (See Bursting, Drawing), Occiput, tight hat, as from",سر — درد، دبانے والا، گدی میں، جیسے تنگ ٹوپی سے,1,1,یکساں
r4256,"PAIN, pressing, occiput, vise, as in a","PAIN, headache in general, Pressing (See Bursting, Drawing), Occiput, vise, as in a",سر — درد، دبانے والا، گدی میں، جیسے شکنجے میں,4,4,یکساں
r4264,"PAIN, pressing, occiput, writing, while","PAIN, headache in general, Pressing (See Bursting, Drawing), Occiput, writing, while",سر — درد، دبانے والا، گدی میں، لکھتے ہوئے,1,1,یکساں
r4277,"PAIN, pressing, occiput, sides of, right","PAIN, headache in general, Pressing (See Bursting, Drawing), Occiput, sides of, right",سر — درد، دبانے والا، گدی کے دائیں پہلو میں,9,9,یکساں
r4279,"PAIN, pressing, occiput, sides of, left","PAIN, headache in general, Pressing (See Bursting, Drawing), Occiput, sides of, left",سر — درد، دبانے والا، گدی کے بائیں پہلو میں,6,6,یکساں
r4280,"PAIN, pressing, occiput, sides of, evening","PAIN, headache in general, Pressing (See Bursting, Drawing), Occiput, sides of, evening",سر — درد، دبانے والا، گدی کے پہلوؤں میں، شام,2,2,یکساں
r4281,"PAIN, pressing, occiput, sides of, lying down amel.","PAIN, headache in general, Pressing (See Bursting, Drawing), Occiput, sides of, lying down amel.",سر — درد، دبانے والا، گدی کے پہلوؤں میں، لیٹنے سے آرام,1,1,یکساں
r4282,"PAIN, pressing, occiput, sides of, pulsating","PAIN, headache in general, Pressing (See Bursting, Drawing), Occiput, sides of, pulsating",سر — درد، دبانے والا، گدی کے پہلوؤں میں، دھڑکتا ہوا,2,2,یکساں
r4284,"PAIN, pressing, occiput, sides of, turning the head","PAIN, headache in general, Pressing (See Bursting, Drawing), Occiput, sides of, turning the head",سر — درد، دبانے والا، گدی کے پہلوؤں میں، سر گھمانے پر,1,1,یکساں
r4285,"PAIN, pressing, occiput, sides of, walking in open air","PAIN, headache in general, Pressing (See Bursting, Drawing), Occiput, sides of, walking in open air",سر — درد، دبانے والا، گدی کے پہلوؤں میں، کھلی ہوا میں چلنا,1,1,یکساں
r4286,"PAIN, pressing, occiput, sides of, extending to neck","PAIN, headache in general, Pressing (See Bursting, Drawing), Occiput, sides of, extending to neck",سر — درد، دبانے والا، گدی کے پہلوؤں میں، پھیلتا ہوا، گردن تک,2,2,یکساں
r4288,"PAIN, pressing, occiput, sides of, sub-occipital region","PAIN, headache in general, Pressing (See Bursting, Drawing), Occiput, sides of, sub-occipital region",سر — درد، دبانے والا، گدی کے پہلوؤں میں، گدی کے نیچے,1,1,یکساں
r4292,"PAIN, pressing, sides, right, then left","PAIN, headache in general, Pressing (See Bursting, Drawing), Sides, right, then left",سر — درد، دبانے والا، دائیں پہلو میں، پھر بائیں,1,1,یکساں
r4295,"PAIN, pressing, sides, air, open amel.","PAIN, headache in general, Pressing (See Bursting, Drawing), Sides, air, open amel.",سر — درد، دبانے والا، پہلوؤں میں، کھلی ہوا میں آرام,1,1,یکساں
r4296,"PAIN, pressing, sides, all sides, from","PAIN, headache in general, Pressing (See Bursting, Drawing), Sides, all sides, from",سر — درد، دبانے والا، پہلوؤں میں، ہر طرف سے,2,2,یکساں
r4298,"PAIN, pressing, sides, band tied around, like a","PAIN, headache in general, Pressing (See Bursting, Drawing), Sides, band tied around, like a",سر — درد، دبانے والا، پہلوؤں میں، جیسے گرد پٹی بندھی ہو,1,1,یکساں
r4299,"PAIN, pressing, sides, behind and before, from","PAIN, headache in general, Pressing (See Bursting, Drawing), Sides, behind and before, from",سر — درد، دبانے والا، پہلوؤں میں، آگے اور پیچھے سے,2,2,یکساں
r4300,"PAIN, pressing, sides, board, like a heavy","PAIN, headache in general, Pressing (See Bursting, Drawing), Sides, board, like a heavy",سر — درد، دبانے والا، پہلوؤں میں، جیسے بھاری تختہ,1,1,یکساں
r4304,"PAIN, pressing, sides, foreign body, as of","PAIN, headache in general, Pressing (See Bursting, Drawing), Sides, foreign body, as of",سر — درد، دبانے والا، پہلوؤں میں، جیسے کوئی باہری چیز ہو,1,1,یکساں
r4305,"PAIN, pressing, sides, hoop, like a","PAIN, headache in general, Pressing (See Bursting, Drawing), Sides, hoop, like a",سر — درد، دبانے والا، پہلوؤں میں، جیسے حلقہ (کڑا) ہو,1,1,یکساں
r4306,"PAIN, pressing, sides, internal, while leaning head against wall","PAIN, headache in general, Pressing (See Bursting, Drawing), Sides, internal, while leaning head against wall",سر — درد، دبانے والا، پہلوؤں میں، اندرونی، سر دیوار سے ٹیکے ہوئے,1,1,یکساں
r4309,"PAIN, pressing, sides, outward, right","PAIN, headache in general, Pressing (See Bursting, Drawing), Sides, outward, right",سر — درد، دبانے والا، پہلوؤں میں، باہر کی طرف، دائیں طرف,8,8,یکساں
r4310,"PAIN, pressing, sides, outward, left","PAIN, headache in general, Pressing (See Bursting, Drawing), Sides, outward, left",سر — درد، دبانے والا، پہلوؤں میں، باہر کی طرف، بائیں طرف,3,3,یکساں
r4311,"PAIN, pressing, sides, rising from stooping, after","PAIN, headache in general, Pressing (See Bursting, Drawing), Sides, rising from stooping, after",سر — درد، دبانے والا، پہلوؤں میں، جھک کر سیدھا ہونے کے بعد,1,1,یکساں
r4312,"PAIN, pressing, sides, screw behind each ear, as from","PAIN, headache in general, Pressing (See Bursting, Drawing), Sides, screw behind each ear, as from",سر — درد، دبانے والا، پہلوؤں میں، جیسے ہر کان کے پیچھے پیچ کسا ہو,1,1,یکساں
r4317,"PAIN, pressing, sides, stupefying, as with blunt instrument","PAIN, headache in general, Pressing (See Bursting, Drawing), Sides, stupefying, as with blunt instrument",سر — درد، دبانے والا، پہلوؤں میں، بے سدھ کر دینے والا، جیسے کند اوزار سے,2,2,یکساں
r4319,"PAIN, pressing, sides, talking, from","PAIN, headache in general, Pressing (See Bursting, Drawing), Sides, talking, from",سر — درد، دبانے والا، پہلوؤں میں، باتیں کرنے سے,3,3,یکساں
r4320,"PAIN, pressing, sides, tool, as from a blunt","PAIN, headache in general, Pressing (See Bursting, Drawing), Sides, tool, as from a blunt",سر — درد، دبانے والا، پہلوؤں میں، جیسے کند اوزار سے,5,5,یکساں
r4327,"PAIN, pressing, temples, right, to left","PAIN, headache in general, Pressing (See Bursting, Drawing), Temples, right, to left",سر — درد، دبانے والا، دائیں کنپٹی سے بائیں تک,2,2,یکساں
r4328,"PAIN, pressing, temples, right, lying on it","PAIN, headache in general, Pressing (See Bursting, Drawing), Temples, right, lying on it",سر — درد، دبانے والا، دائیں کنپٹی میں، اس پر لیٹے ہوئے,1,1,یکساں
r4339,"PAIN, pressing, temples, evening, amel.","PAIN, headache in general, Pressing (See Bursting, Drawing), Temples, evening, amel.",سر — درد، دبانے والا، کنپٹیوں میں، شام سے آرام,1,1,یکساں
r4344,"PAIN, pressing, temples, breakfast, after","PAIN, headache in general, Pressing (See Bursting, Drawing), Temples, breakfast, after",سر — درد، دبانے والا، کنپٹیوں میں، ناشتے کے بعد,1,1,یکساں
r4345,"PAIN, pressing, temples, coughing, when","PAIN, headache in general, Pressing (See Bursting, Drawing), Temples, coughing, when",سر — درد، دبانے والا، کنپٹیوں میں، کھانستے وقت,1,1,یکساں
r4346,"PAIN, pressing, temples, crushed, as if","PAIN, headache in general, Pressing (See Bursting, Drawing), Temples, crushed, as if",سر — درد، دبانے والا، کنپٹیوں میں، جیسے کچل دی گئی ہوں,1,1,یکساں
r4350,"PAIN, pressing, temples, drawing in eyes, as from strabismus","PAIN, headache in general, Pressing (See Bursting, Drawing), Temples, drawing in eyes, as from strabismus",سر — درد، دبانے والا، کنپٹیوں میں، آنکھوں میں کھنچاؤ جیسے بھینگا پن ہو,1,1,یکساں
r4351,"PAIN, pressing, temples, eating, after","PAIN, headache in general, Pressing (See Bursting, Drawing), Temples, eating, after",سر — درد، دبانے والا، کنپٹیوں میں، کھانے کے بعد,2,2,یکساں
r4353,"PAIN, pressing, temples, exertion, during","PAIN, headache in general, Pressing (See Bursting, Drawing), Temples, exertion, during",سر — درد، دبانے والا، کنپٹیوں میں، محنت کے دوران,1,1,یکساں
r4356,"PAIN, pressing, temples, house, in","PAIN, headache in general, Pressing (See Bursting, Drawing), Temples, house, in",سر — درد، دبانے والا، کنپٹیوں میں، گھر کے اندر,1,1,یکساں
r4360,"PAIN, pressing, temples, lying on side, when","PAIN, headache in general, Pressing (See Bursting, Drawing), Temples, lying on side, when",سر — درد، دبانے والا، کنپٹیوں میں، پہلو پر لیٹنے پر,1,1,یکساں
r4363,"PAIN, pressing, temples, meditating, while","PAIN, headache in general, Pressing (See Bursting, Drawing), Temples, meditating, while",سر — درد، دبانے والا، کنپٹیوں میں، غور و فکر کرتے ہوئے,4,4,یکساں
r4364,"PAIN, pressing, temples, menses, during","PAIN, headache in general, Pressing (See Bursting, Drawing), Temples, menses, during",سر — درد، دبانے والا، کنپٹیوں میں، حیض کے دوران,2,2,یکساں
r4369,"PAIN, pressing, temples, outward, right","PAIN, headache in general, Pressing (See Bursting, Drawing), Temples, outward, right",سر — درد، دبانے والا، کنپٹیوں میں، باہر کی طرف، دائیں طرف,11,11,یکساں
r4370,"PAIN, pressing, temples, outward, left","PAIN, headache in general, Pressing (See Bursting, Drawing), Temples, outward, left",سر — درد، دبانے والا، کنپٹیوں میں، باہر کی طرف، بائیں طرف,6,6,یکساں
r4377,"PAIN, pressing, temples, screws, as with","PAIN, headache in general, Pressing (See Bursting, Drawing), Temples, screws, as with",سر — درد، دبانے والا، کنپٹیوں میں، جیسے پیچ کسے ہوں,4,4,یکساں
r4381,"PAIN, pressing, temples, sleep, after","PAIN, headache in general, Pressing (See Bursting, Drawing), Temples, sleep, after",سر — درد، دبانے والا، کنپٹیوں میں، نیند کے بعد,1,1,یکساں
r4382,"PAIN, pressing, temples, sneezing, after","PAIN, headache in general, Pressing (See Bursting, Drawing), Temples, sneezing, after",سر — درد، دبانے والا، کنپٹیوں میں، چھینک کے بعد,1,1,یکساں
r4383,"PAIN, pressing, temples, speaking, from","PAIN, headache in general, Pressing (See Bursting, Drawing), Temples, speaking, from",سر — درد، دبانے والا، کنپٹیوں میں، بولنے سے,1,1,یکساں
r4384,"PAIN, pressing, temples, spots, in","PAIN, headache in general, Pressing (See Bursting, Drawing), Temples, spots, in",سر — درد، دبانے والا، کنپٹیوں میں، دھبوں میں,3,3,یکساں
r4385,"PAIN, pressing, temples, stool, before","PAIN, headache in general, Pressing (See Bursting, Drawing), Temples, stool, before",سر — درد، دبانے والا، کنپٹیوں میں، پاخانے سے پہلے,1,1,یکساں
r4392,"PAIN, pressing, temples, urinate, if the desire be not soon attended to","PAIN, headache in general, Pressing (See Bursting, Drawing), Temples, urinate, if the desire be not soon attended to",سر — درد، دبانے والا، کنپٹیوں میں، اگر پیشاب کی حاجت پر جلد توجہ نہ دی جائے,1,1,یکساں
r4393,"PAIN, pressing, temples, vise, as if in","PAIN, headache in general, Pressing (See Bursting, Drawing), Temples, vise, as if in",سر — درد، دبانے والا، کنپٹیوں میں، شکنجہ، جیسے اندر ہو,9,9,یکساں
r4394,"PAIN, pressing, temples, waking, on","PAIN, headache in general, Pressing (See Bursting, Drawing), Temples, waking, on",سر — درد، دبانے والا، کنپٹیوں میں، جاگنے پر,4,4,یکساں
r4395,"PAIN, pressing, temples, walking, while","PAIN, headache in general, Pressing (See Bursting, Drawing), Temples, walking, while",سر — درد، دبانے والا، کنپٹیوں میں، چلتے ہوئے,3,3,یکساں
r4396,"PAIN, pressing, temples, wedge, as if","PAIN, headache in general, Pressing (See Bursting, Drawing), Temples, wedge, as if",سر — درد، دبانے والا، کنپٹیوں میں، جیسے پھانا ہو,1,1,یکساں
r4397,"PAIN, pressing, temples, writing, while","PAIN, headache in general, Pressing (See Bursting, Drawing), Temples, writing, while",سر — درد، دبانے والا، کنپٹیوں میں، لکھتے ہوئے,1,1,یکساں
r4398,"PAIN, pressing, temples, extending brain, to","PAIN, headache in general, Pressing (See Bursting, Drawing), Temples, extending brain, to",سر — درد، دبانے والا، کنپٹیوں سے دماغ تک,1,1,یکساں
r4413,"PAIN, pressing, vertex, morning, 5 a.m.","PAIN, headache in general, Pressing (See Bursting, Drawing), Vertex, morning, 5 a.m.",سر — درد، دبانے والا، چوٹی میں، صبح 5 بجے,1,1,یکساں
r4415,"PAIN, pressing, vertex, forenoon, 11 a.m.","PAIN, headache in general, Pressing (See Bursting, Drawing), Vertex, forenoon, 11 a.m.",سر — درد، دبانے والا، چوٹی میں، صبح 11 بجے,1,1,یکساں
r4420,"PAIN, pressing, vertex, evening, 5 p.m.","PAIN, headache in general, Pressing (See Bursting, Drawing), Vertex, evening, 5 p.m.",سر — درد، دبانے والا، چوٹی میں، شام، سہ پہر 5 بجے,1,1,یکساں
r4421,"PAIN, pressing, vertex, evening, 6 p.m.","PAIN, headache in general, Pressing (See Bursting, Drawing), Vertex, evening, 6 p.m.",سر — درد، دبانے والا، چوٹی میں، شام 6 بجے,1,1,یکساں
r4423,"PAIN, pressing, vertex, night, 4 a.m.","PAIN, headache in general, Pressing (See Bursting, Drawing), Vertex, night, 4 a.m.",سر — درد، دبانے والا، چوٹی میں، رات 4 بجے,1,1,یکساں
r4427,"PAIN, pressing, vertex, band drawn tightly over, from ear to ear","PAIN, headache in general, Pressing (See Bursting, Drawing), Vertex, band drawn tightly over, from ear to ear",سر — درد، دبانے والا، چوٹی میں، جیسے کان سے کان تک پٹی کس کر بندھی ہو,1,1,یکساں
r4429,"PAIN, pressing, vertex, bound, as if","PAIN, headache in general, Pressing (See Bursting, Drawing), Vertex, bound, as if",سر — درد، دبانے والا، چوٹی میں، جیسے باندھ دی گئی ہو,3,3,یکساں
r4430,"PAIN, pressing, vertex, cold air, from","PAIN, headache in general, Pressing (See Bursting, Drawing), Vertex, cold air, from",سر — درد، دبانے والا، چوٹی میں، ٹھنڈی ہوا سے,1,1,یکساں
r4431,"PAIN, pressing, vertex, coughing, on","PAIN, headache in general, Pressing (See Bursting, Drawing), Vertex, coughing, on",سر — درد، دبانے والا، چوٹی میں، کھانستے وقت,1,1,یکساں
r4433,"PAIN, pressing, vertex, draw eyes together, must","PAIN, headache in general, Pressing (See Bursting, Drawing), Vertex, draw eyes together, must",سر — درد، دبانے والا، چوٹی میں، آنکھیں سکیڑنی پڑیں,1,1,یکساں
r4434,"PAIN, pressing, vertex, eating, after","PAIN, headache in general, Pressing (See Bursting, Drawing), Vertex, eating, after",سر — درد، دبانے والا، چوٹی میں، کھانے کے بعد,1,1,یکساں
r4435,"PAIN, pressing, vertex, finger, as from","PAIN, headache in general, Pressing (See Bursting, Drawing), Vertex, finger, as from",سر — درد، دبانے والا، چوٹی میں، جیسے انگلی سے,2,2,یکساں
r4436,"PAIN, pressing, vertex, grief, after","PAIN, headache in general, Pressing (See Bursting, Drawing), Vertex, grief, after",سر — درد، دبانے والا، چوٹی میں، غم کے بعد,1,1,یکساں
r4437,"PAIN, pressing, vertex, hard body, as from","PAIN, headache in general, Pressing (See Bursting, Drawing), Vertex, hard body, as from",سر — درد، دبانے والا، چوٹی میں، جیسے کسی سخت چیز سے,3,3,یکساں
r4442,"PAIN, pressing, vertex, lying, while","PAIN, headache in general, Pressing (See Bursting, Drawing), Vertex, lying, while",سر — درد، دبانے والا، چوٹی میں، لیٹے ہوئے,1,1,یکساں
r4443,"PAIN, pressing, vertex, menses, during","PAIN, headache in general, Pressing (See Bursting, Drawing), Vertex, menses, during",سر — درد، دبانے والا، چوٹی میں، حیض کے دوران,5,5,یکساں
r4444,"PAIN, pressing, vertex, mental exertion, after","PAIN, headache in general, Pressing (See Bursting, Drawing), Vertex, mental exertion, after",سر — درد، دبانے والا، چوٹی میں، ذہنی محنت کے بعد,5,5,یکساں
r4448,"PAIN, pressing, vertex, plug, as if","PAIN, headache in general, Pressing (See Bursting, Drawing), Vertex, plug, as if",سر — درد، دبانے والا، چوٹی میں، ڈاٹ (کیل جیسی چیز)، جیسے,1,1,یکساں
r4451,"PAIN, pressing, vertex, riding in a carriage, while","PAIN, headache in general, Pressing (See Bursting, Drawing), Vertex, riding in a carriage, while",سر — درد، دبانے والا، چوٹی میں، گاڑی میں سواری کرتے ہوئے,1,1,یکساں
r4452,"PAIN, pressing, vertex, screwed up in a vise, as if","PAIN, headache in general, Pressing (See Bursting, Drawing), Vertex, screwed up in a vise, as if",سر — درد، دبانے والا، چوٹی میں، جیسے شکنجے میں کس دی گئی ہو,1,1,یکساں
r4454,"PAIN, pressing, vertex, standing, while","PAIN, headache in general, Pressing (See Bursting, Drawing), Vertex, standing, while",سر — درد، دبانے والا، چوٹی میں، کھڑے ہوئے,1,1,یکساں
r4455,"PAIN, pressing, vertex, stooping, when","PAIN, headache in general, Pressing (See Bursting, Drawing), Vertex, stooping, when",سر — درد، دبانے والا، چوٹی میں، جھکنے پر,5,5,یکساں
r4456,"PAIN, pressing, vertex, sun, while standing in","PAIN, headache in general, Pressing (See Bursting, Drawing), Vertex, sun, while standing in",سر — درد، دبانے والا، چوٹی میں، دھوپ میں کھڑے ہوئے,1,1,یکساں
r4457,"PAIN, pressing, vertex, talking, from","PAIN, headache in general, Pressing (See Bursting, Drawing), Vertex, talking, from",سر — درد، دبانے والا، چوٹی میں، باتیں کرنے سے,4,4,یکساں
r4458,"PAIN, pressing, vertex, talking, hearing","PAIN, headache in general, Pressing (See Bursting, Drawing), Vertex, talking, hearing",سر — درد، دبانے والا، چوٹی میں، باتیں سننے سے,1,1,یکساں
r4460,"PAIN, pressing, vertex, touching the hair, on","PAIN, headache in general, Pressing (See Bursting, Drawing), Vertex, touching the hair, on",سر — درد، دبانے والا، چوٹی میں، بال چھونے پر,1,1,یکساں
r4464,"PAIN, pressing, vertex, walking, while","PAIN, headache in general, Pressing (See Bursting, Drawing), Vertex, walking, while",سر — درد، دبانے والا، چوٹی میں، چلتے ہوئے,1,1,یکساں
r4467,"PAIN, pressing, vertex, wrinkling forehead, compels","PAIN, headache in general, Pressing (See Bursting, Drawing), Vertex, wrinkling forehead, compels",سر — درد، دبانے والا، چوٹی میں، ماتھے پر شکنیں ڈالنے پر مجبور کرے,1,1,یکساں
r4476,"PAIN, pulled, sensation as if hair were, vertex, from the","PAIN, headache in general, pulled, sensation as if hair were, Vertex, from the",سر — درد، جیسے چوٹی کے بال کھینچے جا رہے ہوں,7,7,یکساں
r4485,"PAIN, shooting, morning, begins in, increases till noon and ceases toward evening","PAIN, headache in general, Shooting (See Cutting, Lancinating, Shocks, Stitches, etc.), morning, begins in, increases till noon and ceases toward evening",سر — درد، دوڑتا ہوا (تیر جیسا)، صبح شروع ہو، دوپہر تک بڑھے، شام کی طرف ختم,1,1,یکساں
r4486,"PAIN, shooting, morning, rising, after","PAIN, headache in general, Shooting (See Cutting, Lancinating, Shocks, Stitches, etc.), morning, rising, after",سر — درد، دوڑتا ہوا (تیر جیسا)، صبح اٹھنے کے بعد,1,1,یکساں
r4488,"PAIN, shooting, morning, waking, on","PAIN, headache in general, Shooting (See Cutting, Lancinating, Shocks, Stitches, etc.), morning, waking, on",سر — درد، دوڑتا ہوا (تیر جیسا)، صبح جاگنے پر,1,1,یکساں
r4520,"PAIN, shooting, teeth, clenching, amel.","PAIN, headache in general, Shooting (See Cutting, Lancinating, Shocks, Stitches, etc.), teeth, clenching, amel.",سر — درد، دوڑتا ہوا (تیر جیسا)، دانت بھینچنے سے آرام,1,1,یکساں
r4545,"PAIN, shooting, forehead, menses, during","PAIN, headache in general, Shooting (See Cutting, Lancinating, Shocks, Stitches, etc.), Forehead, menses, during",سر — درد، دوڑتا ہوا (تیر جیسا)، ماتھے میں، حیض کے دوران,1,1,یکساں
r4547,"PAIN, shooting, forehead, motion, quick","PAIN, headache in general, Shooting (See Cutting, Lancinating, Shocks, Stitches, etc.), Forehead, motion, quick",سر — درد، دوڑتا ہوا (تیر جیسا)، ماتھے میں، تیز حرکت سے,1,1,یکساں
r4550,"PAIN, shooting, forehead, stooping, on","PAIN, headache in general, Shooting (See Cutting, Lancinating, Shocks, Stitches, etc.), Forehead, stooping, on",سر — درد، دوڑتا ہوا (تیر جیسا)، ماتھے میں، جھکنے پر,1,1,یکساں
r4551,"PAIN, shooting, forehead, walking, while","PAIN, headache in general, Shooting (See Cutting, Lancinating, Shocks, Stitches, etc.), Forehead, walking, while",سر — درد، دوڑتا ہوا (تیر جیسا)، ماتھے میں، چلتے ہوئے,2,2,یکساں
r4561,"PAIN, shooting, forehead, over eyes, morning on waking","PAIN, headache in general, Shooting (See Cutting, Lancinating, Shocks, Stitches, etc.), Forehead, over eyes, morning on waking",سر — درد، دوڑتا ہوا (تیر جیسا)، ماتھے میں، آنکھوں کے اوپر، صبح جاگنے پر,1,1,یکساں
r4562,"PAIN, shooting, forehead, over eyes, afternoon","PAIN, headache in general, Shooting (See Cutting, Lancinating, Shocks, Stitches, etc.), Forehead, over eyes, afternoon",سر — درد، دوڑتا ہوا (تیر جیسا)، ماتھے میں، آنکھوں کے اوپر، سہ پہر,1,1,یکساں
r4563,"PAIN, shooting, forehead, over eyes, outward","PAIN, headache in general, Shooting (See Cutting, Lancinating, Shocks, Stitches, etc.), Forehead, over eyes, outward",سر — درد، دوڑتا ہوا (تیر جیسا)، ماتھے میں، آنکھوں کے اوپر، باہر کی طرف,13,13,یکساں
r4564,"PAIN, shooting, forehead, over eyes, pressure amel.","PAIN, headache in general, Shooting (See Cutting, Lancinating, Shocks, Stitches, etc.), Forehead, over eyes, pressure amel.",سر — درد، دوڑتا ہوا (تیر جیسا)، ماتھے میں، آنکھوں کے اوپر، دبانے سے آرام,1,1,یکساں
r4565,"PAIN, shooting, forehead, over eyes, rubbing amel.","PAIN, headache in general, Shooting (See Cutting, Lancinating, Shocks, Stitches, etc.), Forehead, over eyes, rubbing amel.",سر — درد، دوڑتا ہوا (تیر جیسا)، ماتھے میں، آنکھوں کے اوپر، ملنے سے آرام,1,1,یکساں
r4566,"PAIN, shooting, forehead, over eyes, upward","PAIN, headache in general, Shooting (See Cutting, Lancinating, Shocks, Stitches, etc.), Forehead, over eyes, upward",سر — درد، دوڑتا ہوا (تیر جیسا)، ماتھے میں، آنکھوں کے اوپر، اوپر کی طرف,2,2,یکساں
r4572,"PAIN, shooting, occiput, pulsation, with every","PAIN, headache in general, Shooting (See Cutting, Lancinating, Shocks, Stitches, etc.), Occiput, pulsation, with every",سر — درد، دوڑتا ہوا (تیر جیسا)، گدی میں، ہر دھڑکن کے ساتھ,1,1,یکساں
r4575,"PAIN, shooting, occiput, extending back, down","PAIN, headache in general, Shooting (See Cutting, Lancinating, Shocks, Stitches, etc.), Occiput, extending back, down",سر — درد، دوڑتا ہوا (تیر جیسا)، گدی سے پیچھے نیچے کی طرف,1,1,یکساں
r4584,"PAIN, shooting, sides, left, then right","PAIN, headache in general, Shooting (See Cutting, Lancinating, Shocks, Stitches, etc.), Sides, left, then right",سر — درد، دوڑتا ہوا (تیر جیسا)، بائیں پہلو میں، پھر دائیں,1,1,یکساں
r4587,"PAIN, shooting, sides, cough, during","PAIN, headache in general, Shooting (See Cutting, Lancinating, Shocks, Stitches, etc.), Sides, cough, during",سر — درد، دوڑتا ہوا (تیر جیسا)، پہلوؤں میں، کھانسی کے دوران,1,1,یکساں
r4595,"PAIN, shooting, temples, right, extending to left side of occiput","PAIN, headache in general, Shooting (See Cutting, Lancinating, Shocks, Stitches, etc.), Temples, right, extending to left side of occiput",سر — درد، دوڑتا ہوا (تیر جیسا)، دائیں کنپٹی سے گدی کے بائیں حصے تک,1,1,یکساں
r4598,"PAIN, shooting, temples, forenoon, 10-30 a.m.","PAIN, headache in general, Shooting (See Cutting, Lancinating, Shocks, Stitches, etc.), Temples, forenoon, 10-30 a.m.",سر — درد، دوڑتا ہوا (تیر جیسا)، کنپٹیوں میں، صبح ساڑھے 10 بجے,1,1,یکساں
r4603,"PAIN, shooting, temples, air open, amel.","PAIN, headache in general, Shooting (See Cutting, Lancinating, Shocks, Stitches, etc.), Temples, air open, amel.",سر — درد، دوڑتا ہوا (تیر جیسا)، کنپٹیوں میں، کھلی ہوا میں آرام,1,1,یکساں
r4606,"PAIN, shooting, temples, cough, during","PAIN, headache in general, Shooting (See Cutting, Lancinating, Shocks, Stitches, etc.), Temples, cough, during",سر — درد، دوڑتا ہوا (تیر جیسا)، کنپٹیوں میں، کھانسی کے دوران,1,1,یکساں
r4612,"PAIN, shooting, temples, stool, during","PAIN, headache in general, Shooting (See Cutting, Lancinating, Shocks, Stitches, etc.), Temples, stool, during",سر — درد، دوڑتا ہوا (تیر جیسا)، کنپٹیوں میں، پاخانے کے دوران,1,1,یکساں
r4624,"PAIN, shooting, vertex, air, cold","PAIN, headache in general, Shooting (See Cutting, Lancinating, Shocks, Stitches, etc.), Vertex, air, cold",سر — درد، دوڑتا ہوا (تیر جیسا)، چوٹی میں، ہوا، ٹھنڈ,1,1,یکساں
r4626,"PAIN, shooting, vertex, coughing, on","PAIN, headache in general, Shooting (See Cutting, Lancinating, Shocks, Stitches, etc.), Vertex, coughing, on",سر — درد، دوڑتا ہوا (تیر جیسا)، چوٹی میں، کھانستے وقت,1,1,یکساں
r4631,"PAIN, shooting, vertex, extending forward, to","PAIN, headache in general, Shooting (See Cutting, Lancinating, Shocks, Stitches, etc.), Vertex, extending forward, to",سر — درد، دوڑتا ہوا (تیر جیسا)، چوٹی سے آگے کی طرف,2,2,یکساں
r4773,"PAIN, stitching, morning, rising, after","PAIN, headache in general, Stitching, morning, rising, after",سر — درد، چبھتا ہوا، صبح اٹھنے کے بعد,4,4,یکساں
r4774,"PAIN, stitching, morning, waking, on","PAIN, headache in general, Stitching, morning, waking, on",سر — درد، چبھتا ہوا، صبح جاگنے پر,1,1,یکساں
r4780,"PAIN, stitching, afternoon, 4 p.m. every day, with coldness and trembling","PAIN, headache in general, Stitching, afternoon, 4 p.m. every day, with coldness and trembling",سر — درد، چبھتا ہوا، سہ پہر 4 بجے روزانہ، ٹھنڈک اور کپکپی کے ساتھ,1,1,یکساں
r4784,"PAIN, stitching, night, waking, on","PAIN, headache in general, Stitching, night, waking, on",سر — درد، چبھتا ہوا، رات جاگنے پر,1,1,یکساں
r4786,"PAIN, stitching, air, in open, amel.","PAIN, headache in general, Stitching, air, in open, amel.",سر — درد، چبھتا ہوا، کھلی ہوا میں آرام,5,5,یکساں
r4793,"PAIN, stitching, cold hand, touch of, amel.","PAIN, headache in general, Stitching, cold hand, touch of, amel.",سر — درد، چبھتا ہوا، ٹھنڈے ہاتھ کے لمس سے آرام,1,1,یکساں
r4884,"PAIN, stitching, forehead, afternoon, 2 p.m.","PAIN, headache in general, Stitching, Forehead, afternoon, 2 p.m.",سر — درد، چبھتا ہوا، ماتھے میں، سہ پہر 2 بجے,1,1,یکساں
r4887,"PAIN, stitching, forehead, evening, 6 p.m.","PAIN, headache in general, Stitching, Forehead, evening, 6 p.m.",سر — درد، چبھتا ہوا، ماتھے میں، شام 6 بجے,1,1,یکساں
r4895,"PAIN, stitching, forehead, chill, during","PAIN, headache in general, Stitching, Forehead, chill, during",سر — درد، چبھتا ہوا، ماتھے میں، سردی لگنے کے دوران,1,1,یکساں
r4896,"PAIN, stitching, forehead, cough, during","PAIN, headache in general, Stitching, Forehead, cough, during",سر — درد، چبھتا ہوا، ماتھے میں، کھانسی کے دوران,6,6,یکساں
r4897,"PAIN, stitching, forehead, dinner, after","PAIN, headache in general, Stitching, Forehead, dinner, after",سر — درد، چبھتا ہوا، ماتھے میں، دوپہر کے کھانے کے بعد,1,1,یکساں
r4898,"PAIN, stitching, forehead, eating, after","PAIN, headache in general, Stitching, Forehead, eating, after",سر — درد، چبھتا ہوا، ماتھے میں، کھانے کے بعد,3,3,یکساں
r4900,"PAIN, stitching, forehead, light, from","PAIN, headache in general, Stitching, Forehead, light, from",سر — درد، چبھتا ہوا، ماتھے میں، روشنی سے,1,1,یکساں
r4902,"PAIN, stitching, forehead, meditation, on","PAIN, headache in general, Stitching, Forehead, meditation, on",سر — درد، چبھتا ہوا، ماتھے میں، غور و فکر پر,1,1,یکساں
r4903,"PAIN, stitching, forehead, menses, during","PAIN, headache in general, Stitching, Forehead, menses, during",سر — درد، چبھتا ہوا، ماتھے میں، حیض کے دوران,1,1,یکساں
r4905,"PAIN, stitching, forehead, motion, on","PAIN, headache in general, Stitching, Forehead, motion, on",سر — درد، چبھتا ہوا، ماتھے میں، حرکت پر,4,4,یکساں
r4911,"PAIN, stitching, forehead, rising, after","PAIN, headache in general, Stitching, Forehead, rising, after",سر — درد، چبھتا ہوا، ماتھے میں، اٹھنے کے بعد,1,1,یکساں
r4912,"PAIN, stitching, forehead, room, in","PAIN, headache in general, Stitching, Forehead, room, in",سر — درد، چبھتا ہوا، ماتھے میں، کمرے میں,2,2,یکساں
r4913,"PAIN, stitching, forehead, sitting, while","PAIN, headache in general, Stitching, Forehead, sitting, while",سر — درد، چبھتا ہوا، ماتھے میں، بیٹھے ہوئے,1,1,یکساں
r4914,"PAIN, stitching, forehead, sleep, on going to","PAIN, headache in general, Stitching, Forehead, sleep, on going to",سر — درد، چبھتا ہوا، ماتھے میں، سوتے وقت,1,1,یکساں
r4915,"PAIN, stitching, forehead, standing, while","PAIN, headache in general, Stitching, Forehead, standing, while",سر — درد، چبھتا ہوا، ماتھے میں، کھڑے ہوئے,1,1,یکساں
r4917,"PAIN, stitching, forehead, stooping, on","PAIN, headache in general, Stitching, Forehead, stooping, on",سر — درد، چبھتا ہوا، ماتھے میں، جھکنے پر,9,9,یکساں
r4920,"PAIN, stitching, forehead, touch, on","PAIN, headache in general, Stitching, Forehead, touch, on",سر — درد، چبھتا ہوا، ماتھے میں، چھونے پر,1,1,یکساں
r4921,"PAIN, stitching, forehead, walking, while","PAIN, headache in general, Stitching, Forehead, walking, while",سر — درد، چبھتا ہوا، ماتھے میں، چلتے ہوئے,5,5,یکساں
r4934,"PAIN, stitching, forehead, eminence frontal, right","PAIN, headache in general, Stitching, Forehead, eminence frontal, right",سر — درد، چبھتا ہوا، ماتھے میں، ماتھے کے ابھار میں، دائیں طرف,5,5,یکساں
r4935,"PAIN, stitching, forehead, eminence frontal, left","PAIN, headache in general, Stitching, Forehead, eminence frontal, left",سر — درد، چبھتا ہوا، ماتھے میں، ماتھے کے ابھار میں، بائیں طرف,7,7,یکساں
r4939,"PAIN, stitching, forehead, eminence frontal, evening","PAIN, headache in general, Stitching, Forehead, eminence frontal, evening",سر — درد، چبھتا ہوا، ماتھے میں، ماتھے کے ابھار میں، شام,3,3,یکساں
r4943,"PAIN, stitching, forehead, eminence frontal, motion amel.","PAIN, headache in general, Stitching, Forehead, eminence frontal, motion amel.",سر — درد، چبھتا ہوا، ماتھے میں، ماتھے کے ابھار میں، حرکت سے آرام,1,1,یکساں
r4945,"PAIN, stitching, forehead, eminence frontal, open air amel.","PAIN, headache in general, Stitching, Forehead, eminence frontal, open air amel.",سر — درد، چبھتا ہوا، ماتھے کے ابھار میں، کھلی ہوا میں آرام,1,1,یکساں
r4946,"PAIN, stitching, forehead, eminence frontal, pulsating","PAIN, headache in general, Stitching, Forehead, eminence frontal, pulsating",سر — درد، چبھتا ہوا، ماتھے میں، ماتھے کے ابھار میں، دھڑکتا ہوا,1,1,یکساں
r4956,"PAIN, stitching, forehead, eyes over, right","PAIN, headache in general, Stitching, Forehead, eyes over, right",سر — درد، چبھتا ہوا، ماتھے میں، آنکھوں کے اوپر، دائیں طرف,6,6,یکساں
r4957,"PAIN, stitching, forehead, eyes over, left","PAIN, headache in general, Stitching, Forehead, eyes over, left",سر — درد، چبھتا ہوا، ماتھے میں، آنکھوں کے اوپر، بائیں طرف,5,5,یکساں
r4958,"PAIN, stitching, forehead, eyes over, morning","PAIN, headache in general, Stitching, Forehead, eyes over, morning",سر — درد، چبھتا ہوا، ماتھے میں، آنکھوں کے اوپر، صبح,2,2,یکساں
r4959,"PAIN, stitching, forehead, eyes over, 3 p.m.","PAIN, headache in general, Stitching, Forehead, eyes over, 3 p.m.",سر — درد، چبھتا ہوا، ماتھے میں، آنکھوں کے اوپر، سہ پہر 3 بجے,1,1,یکساں
r4960,"PAIN, stitching, forehead, eyes over, evening","PAIN, headache in general, Stitching, Forehead, eyes over, evening",سر — درد، چبھتا ہوا، ماتھے میں، آنکھوں کے اوپر، شام,4,4,یکساں
r4961,"PAIN, stitching, forehead, eyes over, coughing","PAIN, headache in general, Stitching, Forehead, eyes over, coughing",سر — درد، چبھتا ہوا، ماتھے میں، آنکھوں کے اوپر، کھانسنا,1,1,یکساں
r4962,"PAIN, stitching, forehead, eyes over, dinner","PAIN, headache in general, Stitching, Forehead, eyes over, dinner",سر — درد، چبھتا ہوا، ماتھے میں، آنکھوں کے اوپر، دوپہر کا کھانا,2,2,یکساں
r4964,"PAIN, stitching, forehead, eyes over, walking in open air amel.","PAIN, headache in general, Stitching, Forehead, eyes over, walking in open air amel.",سر — درد، چبھتا ہوا، ماتھے میں، آنکھوں کے اوپر، کھلی ہوا میں چلنے سے آرام,2,2,یکساں
r4966,"PAIN, stitching, forehead, middle of, noon","PAIN, headache in general, Stitching, Forehead, middle of, noon",سر — درد، چبھتا ہوا، ماتھے میں، بیچ میں، دوپہر,1,1,یکساں
r4967,"PAIN, stitching, forehead, middle of, afternoon","PAIN, headache in general, Stitching, Forehead, middle of, afternoon",سر — درد، چبھتا ہوا، ماتھے میں، بیچ میں، سہ پہر,1,1,یکساں
r4968,"PAIN, stitching, forehead, middle of, evening","PAIN, headache in general, Stitching, Forehead, middle of, evening",سر — درد، چبھتا ہوا، ماتھے میں، بیچ میں، شام,1,1,یکساں
r4970,"PAIN, stitching, forehead, middle of, walking in open air","PAIN, headache in general, Stitching, Forehead, middle of, walking in open air",سر — درد، چبھتا ہوا، ماتھے میں، بیچ میں، کھلی ہوا میں چلنا,1,1,یکساں
r4971,"PAIN, stitching, forehead, middle of, extending outward","PAIN, headache in general, Stitching, Forehead, middle of, extending outward",سر — درد، چبھتا ہوا، ماتھے کے بیچ سے باہر کی طرف,2,2,یکساں
r4972,"PAIN, stitching, forehead, nose, over","PAIN, headache in general, Stitching, Forehead, nose, over",سر — درد، چبھتا ہوا، ماتھے میں، ناک کے اوپر,14,14,یکساں
r5005,"PAIN, stitching, occiput, coughing, on","PAIN, headache in general, Stitching, Occiput, coughing, on",سر — درد، چبھتا ہوا، گدی میں، کھانستے وقت,2,2,یکساں
r5007,"PAIN, stitching, occiput, dinner, after","PAIN, headache in general, Stitching, Occiput, dinner, after",سر — درد، چبھتا ہوا، گدی میں، دوپہر کے کھانے کے بعد,1,1,یکساں
r5008,"PAIN, stitching, occiput, eating, after","PAIN, headache in general, Stitching, Occiput, eating, after",سر — درد، چبھتا ہوا، گدی میں، کھانے کے بعد,1,1,یکساں
r5009,"PAIN, stitching, occiput, lying down, on","PAIN, headache in general, Stitching, Occiput, lying down, on",سر — درد، چبھتا ہوا، گدی میں، لیٹنے پر,1,1,یکساں
r5010,"PAIN, stitching, occiput, menses, during","PAIN, headache in general, Stitching, Occiput, menses, during",سر — درد، چبھتا ہوا، گدی میں، حیض کے دوران,1,1,یکساں
r5011,"PAIN, stitching, occiput, motion, on","PAIN, headache in general, Stitching, Occiput, motion, on",سر — درد، چبھتا ہوا، گدی میں، حرکت پر,3,3,یکساں
r5013,"PAIN, stitching, occiput, room, on entering","PAIN, headache in general, Stitching, Occiput, room, on entering",سر — درد، چبھتا ہوا، گدی میں، کمرے میں داخل ہونے پر,1,1,یکساں
r5014,"PAIN, stitching, occiput, sitting, while","PAIN, headache in general, Stitching, Occiput, sitting, while",سر — درد، چبھتا ہوا، گدی میں، بیٹھے ہوئے,2,2,یکساں
r5017,"PAIN, stitching, occiput, stooping, after","PAIN, headache in general, Stitching, Occiput, stooping, after",سر — درد، چبھتا ہوا، گدی میں، جھکنے کے بعد,3,3,یکساں
r5026,"PAIN, occiput, extending, forehead, to","PAIN, headache in general, Occiput, extending down back, forehead, to",سر — درد، گدی سے ماتھے تک,41,41,یکساں
r5031,"PAIN, occiput, extending, vertex, to","PAIN, headache in general, Occiput, extending down back, vertex, to",سر — درد، گدی سے چوٹی تک,20,20,یکساں
r5033,"PAIN, stitching, occiput, sides of, right","PAIN, headache in general, Stitching, Occiput, sides of, right",سر — درد، چبھتا ہوا، گدی کے دائیں پہلو میں,4,4,یکساں
r5035,"PAIN, stitching, occiput, sides of, left","PAIN, headache in general, Stitching, Occiput, sides of, left",سر — درد، چبھتا ہوا، گدی کے بائیں پہلو میں,6,6,یکساں
r5036,"PAIN, stitching, occiput, sides of, morning","PAIN, headache in general, Stitching, Occiput, sides of, morning",سر — درد، چبھتا ہوا، گدی کے پہلوؤں میں، صبح,2,2,یکساں
r5038,"PAIN, stitching, occiput, sides of, afternoon","PAIN, headache in general, Stitching, Occiput, sides of, afternoon",سر — درد، چبھتا ہوا، گدی کے پہلوؤں میں، سہ پہر,2,2,یکساں
r5039,"PAIN, stitching, occiput, sides of, evening","PAIN, headache in general, Stitching, Occiput, sides of, evening",سر — درد، چبھتا ہوا، گدی کے پہلوؤں میں، شام,3,3,یکساں
r5043,"PAIN, stitching, occiput, sides of, twitching","PAIN, headache in general, Stitching, Occiput, sides of, twitching",سر — درد، چبھتا ہوا، گدی کے پہلوؤں میں، پھڑکتا ہوا,2,2,یکساں
r5049,"PAIN, stitching, sides, left, extending to frontal eminence","PAIN, headache in general, Stitching, Sides, left, extending to frontal eminence",سر — درد، چبھتا ہوا، بائیں پہلو سے ماتھے کے ابھار تک,1,1,یکساں
r5052,"PAIN, stitching, sides, morning, until evening","PAIN, headache in general, Stitching, Sides, morning, until evening",سر — درد، چبھتا ہوا، پہلوؤں میں، صبح، شام تک,1,1,یکساں
r5054,"PAIN, stitching, sides, forenoon, standing","PAIN, headache in general, Stitching, Sides, forenoon, standing",سر — درد، چبھتا ہوا، پہلوؤں میں، دوپہر سے پہلے، کھڑا ہونا,1,1,یکساں
r5055,"PAIN, stitching, sides, forenoon, walking","PAIN, headache in general, Stitching, Sides, forenoon, walking",سر — درد، چبھتا ہوا، پہلوؤں میں، دوپہر سے پہلے، چلنا,1,1,یکساں
r5057,"PAIN, stitching, sides, afternoon, 3 p.m.","PAIN, headache in general, Stitching, Sides, afternoon, 3 p.m.",سر — درد، چبھتا ہوا، پہلوؤں میں، سہ پہر 3 بجے,1,1,یکساں
r5062,"PAIN, stitching, sides, bowing, on","PAIN, headache in general, Stitching, Sides, bowing, on",سر — درد، چبھتا ہوا، پہلوؤں میں، جھک کر سلام کرنے پر,1,1,یکساں
r5064,"PAIN, stitching, sides, coughing, on","PAIN, headache in general, Stitching, Sides, coughing, on",سر — درد، چبھتا ہوا، پہلوؤں میں، کھانستے وقت,4,4,یکساں
r5065,"PAIN, stitching, sides, dinner, after","PAIN, headache in general, Stitching, Sides, dinner, after",سر — درد، چبھتا ہوا، پہلوؤں میں، دوپہر کے کھانے کے بعد,3,3,یکساں
r5068,"PAIN, stitching, sides, fright, from","PAIN, headache in general, Stitching, Sides, fright, from",سر — درد، چبھتا ہوا، پہلوؤں میں، ڈر سے,1,1,یکساں
r5071,"PAIN, stitching, sides, menses, before","PAIN, headache in general, Stitching, Sides, menses, before",سر — درد، چبھتا ہوا، پہلوؤں میں، حیض سے پہلے,1,1,یکساں
r5075,"PAIN, stitching, sides, reading, while","PAIN, headache in general, Stitching, Sides, reading, while",سر — درد، چبھتا ہوا، پہلوؤں میں، پڑھتے ہوئے,1,1,یکساں
r5076,"PAIN, stitching, sides, room, in","PAIN, headache in general, Stitching, Sides, room, in",سر — درد، چبھتا ہوا، پہلوؤں میں، کمرے میں,1,1,یکساں
r5077,"PAIN, stitching, sides, sitting down, on","PAIN, headache in general, Stitching, Sides, sitting down, on",سر — درد، چبھتا ہوا، پہلوؤں میں، بیٹھتے وقت,1,1,یکساں
r5079,"PAIN, stitching, sides, standing, while","PAIN, headache in general, Stitching, Sides, standing, while",سر — درد، چبھتا ہوا، پہلوؤں میں، کھڑے ہوئے,1,1,یکساں
r5080,"PAIN, stitching, sides, stooping, on","PAIN, headache in general, Stitching, Sides, stooping, on",سر — درد، چبھتا ہوا، پہلوؤں میں، جھکنے پر,3,3,یکساں
r5084,"PAIN, stitching, sides, waking, on","PAIN, headache in general, Stitching, Sides, waking, on",سر — درد، چبھتا ہوا، پہلوؤں میں، جاگنے پر,1,1,یکساں
r5088,"PAIN, stitching, sides, extending, deep into brain","PAIN, headache in general, Stitching, Sides, extending backward, deep into brain",سر — درد، چبھتا ہوا، پہلوؤں سے دماغ کی گہرائی تک,2,2,یکساں
r5089,"PAIN, stitching, sides, extending, down arm","PAIN, headache in general, Stitching, Sides, extending backward, down arm",سر — درد، چبھتا ہوا، پہلوؤں سے بازو میں نیچے تک,1,1,یکساں
r5091,"PAIN, stitching, extending, face, to","PAIN, headache in general, Stitching, extending backwards, face, to",سر — درد، چبھتا ہوا، پھیلتا ہوا، چہرے تک,2,2,یکساں
r5096,"PAIN, stitching, extending, occiput, to","PAIN, headache in general, Stitching, extending backwards, occiput, to",سر — درد، چبھتا ہوا، پھیلتا ہوا، گدی تک,4,4,یکساں
r5101,"PAIN, stitching, temples, right, to left","PAIN, headache in general, Stitching, Temples, right, to left",سر — درد، چبھتا ہوا، دائیں کنپٹی سے بائیں تک,1,1,یکساں
r5103,"PAIN, stitching, temples, left, to right","PAIN, headache in general, Stitching, Temples, left, to right",سر — درد، چبھتا ہوا، بائیں کنپٹی سے دائیں تک,1,1,یکساں
r5106,"PAIN, stitching, temples, forenoon, 10 a.m.","PAIN, headache in general, Stitching, Temples, forenoon, 10 a.m.",سر — درد، چبھتا ہوا، کنپٹیوں میں، دوپہر سے پہلے، صبح 10 بجے,1,1,یکساں
r5107,"PAIN, stitching, temples, forenoon, 11 a.m.","PAIN, headache in general, Stitching, Temples, forenoon, 11 a.m.",سر — درد، چبھتا ہوا، کنپٹیوں میں، دوپہر سے پہلے، صبح 11 بجے,1,1,یکساں
r5109,"PAIN, stitching, temples, afternoon, 1 p.m.","PAIN, headache in general, Stitching, Temples, afternoon, 1 p.m.",سر — درد، چبھتا ہوا، کنپٹیوں میں، سہ پہر 1 بجے,2,2,یکساں
r5110,"PAIN, stitching, temples, afternoon, 3 p.m.","PAIN, headache in general, Stitching, Temples, afternoon, 3 p.m.",سر — درد، چبھتا ہوا، کنپٹیوں میں، سہ پہر 3 بجے,1,1,یکساں
r5113,"PAIN, stitching, temples, evening, 6 p.m.","PAIN, headache in general, Stitching, Temples, evening, 6 p.m.",سر — درد، چبھتا ہوا، کنپٹیوں میں، شام 6 بجے,2,2,یکساں
r5114,"PAIN, stitching, temples, evening, 8 p.m.","PAIN, headache in general, Stitching, Temples, evening, 8 p.m.",سر — درد، چبھتا ہوا، کنپٹیوں میں، رات 8 بجے,1,1,یکساں
r5117,"PAIN, stitching, temples, night, 3 a.m.","PAIN, headache in general, Stitching, Temples, night, 3 a.m.",سر — درد، چبھتا ہوا، کنپٹیوں میں، رات 3 بجے,1,1,یکساں
r5122,"PAIN, stitching, temples, boring, amel. on touch","PAIN, headache in general, Stitching, Temples, boring, amel. on touch",سر — درد، چبھتا ہوا، کنپٹیوں میں، برما سا، چھونے سے آرام,1,1,یکساں
r5123,"PAIN, stitching, temples, breathing, when","PAIN, headache in general, Stitching, Temples, breathing, when",سر — درد، چبھتا ہوا، کنپٹیوں میں، سانس لیتے وقت,1,1,یکساں
r5125,"PAIN, stitching, temples, chewing, on","PAIN, headache in general, Stitching, Temples, chewing, on",سر — درد، چبھتا ہوا، کنپٹیوں میں، چباتے وقت,2,2,یکساں
r5127,"PAIN, stitching, temples, cough, during","PAIN, headache in general, Stitching, Temples, cough, during",سر — درد، چبھتا ہوا، کنپٹیوں میں، کھانسی کے دوران,3,3,یکساں
r5129,"PAIN, stitching, temples, dinner, after","PAIN, headache in general, Stitching, Temples, dinner, after",سر — درد، چبھتا ہوا، کنپٹیوں میں، دوپہر کے کھانے کے بعد,1,1,یکساں
r5131,"PAIN, stitching, temples, light, looking at a bright","PAIN, headache in general, Stitching, Temples, light, looking at a bright",سر — درد، چبھتا ہوا، کنپٹیوں میں، تیز روشنی دیکھنے پر,1,1,یکساں
r5134,"PAIN, stitching, temples, motion, during","PAIN, headache in general, Stitching, Temples, motion, during",سر — درد، چبھتا ہوا، کنپٹیوں میں، حرکت کے دوران,4,4,یکساں
r5136,"PAIN, stitching, temples, needles like, burning","PAIN, headache in general, Stitching, Temples, needles like, burning",سر — درد، چبھتا ہوا، کنپٹیوں میں، سوئیوں جیسا، جلتا ہوا,2,2,یکساں
r5145,"PAIN, stitching, temples, singing, while","PAIN, headache in general, Stitching, Temples, singing, while",سر — درد، چبھتا ہوا، کنپٹیوں میں، گاتے ہوئے,1,1,یکساں
r5146,"PAIN, stitching, temples, sitting, while","PAIN, headache in general, Stitching, Temples, sitting, while",سر — درد، چبھتا ہوا، کنپٹیوں میں، بیٹھے ہوئے,3,3,یکساں
r5148,"PAIN, stitching, temples, stool, during","PAIN, headache in general, Stitching, Temples, stool, during",سر — درد، چبھتا ہوا، کنپٹیوں میں، پاخانے کے دوران,1,1,یکساں
r5150,"PAIN, stitching, temples, talking, after","PAIN, headache in general, Stitching, Temples, talking, after",سر — درد، چبھتا ہوا، کنپٹیوں میں، باتیں کرنے کے بعد,1,1,یکساں
r5159,"PAIN, stitching, temples, extending brain, into","PAIN, headache in general, Stitching, Temples, extending brain, into",سر — درد، چبھتا ہوا، کنپٹیوں میں، دماغ میں پھیلتا ہوا، میں,2,2,یکساں
r5172,"PAIN, stitching, vertex, forenoon, 10-30 a.m.","PAIN, headache in general, Stitching, Vertex, forenoon, 10-30 a.m.",سر — درد، چبھتا ہوا، چوٹی میں، صبح ساڑھے 10 بجے,1,1,یکساں
r5179,"PAIN, stitching, vertex, coughing, on","PAIN, headache in general, Stitching, Vertex, coughing, on",سر — درد، چبھتا ہوا، چوٹی میں، کھانستے وقت,2,2,یکساں
r5180,"PAIN, stitching, vertex, menses, after","PAIN, headache in general, Stitching, Vertex, menses, after",سر — درد، چبھتا ہوا، چوٹی میں، حیض کے بعد,1,1,یکساں
r5183,"PAIN, stitching, vertex, reading, while","PAIN, headache in general, Stitching, Vertex, reading, while",سر — درد، چبھتا ہوا، چوٹی میں، پڑھتے ہوئے,2,2,یکساں
r5186,"PAIN, stitching, vertex, stooping, on","PAIN, headache in general, Stitching, Vertex, stooping, on",سر — درد، چبھتا ہوا، چوٹی میں، جھکنے پر,2,2,یکساں
r5187,"PAIN, stitching, vertex, sun, exposure to","PAIN, headache in general, Stitching, Vertex, sun, exposure to",سر — درد، چبھتا ہوا، چوٹی میں، دھوپ میں رہنے سے,1,1,یکساں
r5188,"PAIN, stitching, vertex, walking, while","PAIN, headache in general, Stitching, Vertex, walking, while",سر — درد، چبھتا ہوا، چوٹی میں، چلتے ہوئے,1,1,یکساں
r5642,"PAIN, torn, as if, forehead, forenoon","PAIN, headache in general, Torn, as if (See Sore, Tearing etc.), Forehead, forenoon",سر — درد، جیسے ماتھا چیر دیا گیا ہو، دوپہر سے پہلے,1,1,یکساں
r5650,"PAIN, ulcerative, forehead, periodical, with constipation","PAIN, headache in general, Ulcerative, Forehead, periodical, with constipation",سر — درد، ناسور جیسا، ماتھے میں، وقفے وقفے سے، قبض کے ساتھ,1,1,یکساں
r6079,"ROLLING, lead ball rolled about, as, study, after","ROLLING, in, lead ball rolled about, as (See Ball), study, after",سر — جیسے سیسے کی گیند لڑھک رہی ہو، پڑھائی کے بعد,1,1,یکساں
r6080,"ROLLING, lead ball rolled about, as, vertigo, during","ROLLING, in, lead ball rolled about, as (See Ball), vertigo, during",سر — جیسے سیسے کی گیند لڑھک رہی ہو، چکر کے دوران,1,1,یکساں
r969,"HEAVINESS (See Pressing), lying, side, on, amel.","HEAVINESS (See Pressing), lying, while, side, on, amel.",سر — بھاری پن، پہلو پر لیٹنے سے آرام,1,1,یکساں
o38708,"ALIVE, sensation, brain were an ant-hill, as if","ALIVE, sensation as if something, were in head, brain were an ant-hill, as if",سر — جیسے دماغ چیونٹیوں کا بل ہو,1,1,یکساں
o38709,"ALIVE, sensation, crawling in forehead, as of a worm","ALIVE, sensation as if something, were in head, crawling in forehead, as of a worm",سر — جیسے ماتھے میں کیڑا رینگ رہا ہو,1,1,یکساں
o38710,"ALIVE, sensation, everything in head were, as if","ALIVE, sensation as if something, were in head, everything in head were, as if",سر — جیسے سر کی ہر چیز زندہ ہو,1,1,یکساں
o38712,"ALIVE, sensation, night, in bed","ALIVE, sensation as if something, were in head, night, in bed",سر — زندہ چیز کا احساس، رات بستر میں,1,1,یکساں
o38714,"ALIVE, sensation, walking, while","ALIVE, sensation as if something, were in head, walking, while",سر — زندہ چیز کا احساس، چلتے ہوئے,1,1,یکساں
o39018,"CONSTRICTION, occiput, extending, into nape of neck","CONSTRICTION, tension (See also Drawing, Pressing), Occiput, extending to finger joints, into nape of neck",سر — جکڑن، گدی سے گردن کے پچھلے حصے تک,1,1,یکساں
o39445,"HEAT, coldness, feet, with","HEAT, coldness of body, with, feet, with",سر — گرمی، پاؤں کی ٹھنڈک کے ساتھ,20,20,یکساں
o39446,"HEAT, coldness, fingers, with","HEAT, coldness of body, with, fingers, with",سر — گرمی، انگلیوں کی ٹھنڈک کے ساتھ,1,1,یکساں
o39447,"HEAT, coldness, hands, with","HEAT, coldness of body, with, hands, with",سر — گرمی، ہاتھوں کی ٹھنڈک کے ساتھ,14,14,یکساں
o39449,"HEAT, coldness, of face, with","HEAT, coldness of body, with, of face, with",سر — گرمی، چہرے کی ٹھنڈک کے ساتھ,1,1,یکساں
o39715,"HEAVINESS (See Pressing), pressed, weight on brain, like a","HEAVINESS (See Pressing), pressed forward, as if brain were, weight on brain, like a",سر — بھاری پن، جیسے دماغ پر وزن ہو,3,3,یکساں
o40310,"PAIN, burning, motion, amel.","PAIN, headache in general, Burning, motion agg., amel.",سر — درد، جلتا ہوا، حرکت سے آرام,1,1,یکساں
o40685,"PAIN, drawing, extending, face","PAIN, headache in general, Drawing, extending to eyes, face",سر — درد، کھینچتا ہوا، پھیلتا ہوا، چہرے تک,4,4,یکساں
o40686,"PAIN, drawing, extending, forward","PAIN, headache in general, Drawing, extending to eyes, forward",سر — درد، کھینچتا ہوا، پھیلتا ہوا، آگے کی طرف,2,2,یکساں
o40687,"PAIN, drawing, extending, here and there","PAIN, headache in general, Drawing, extending to eyes, here and there",سر — درد، کھینچتا ہوا، پھیلتا ہوا، کبھی یہاں کبھی وہاں,4,4,یکساں
o40688,"PAIN, drawing, extending, neck","PAIN, headache in general, Drawing, extending to eyes, neck",سر — درد، کھینچتا ہوا، پھیلتا ہوا، گردن تک,1,1,یکساں
o40689,"PAIN, drawing, extending, nose","PAIN, headache in general, Drawing, extending to eyes, nose",سر — درد، کھینچتا ہوا، پھیلتا ہوا، ناک تک,1,1,یکساں
o40690,"PAIN, drawing, extending, occiput","PAIN, headache in general, Drawing, extending to eyes, occiput",سر — درد، کھینچتا ہوا، پھیلتا ہوا، گدی تک,2,2,یکساں
o40691,"PAIN, drawing, extending, spine","PAIN, headache in general, Drawing, extending to eyes, spine",سر — درد، کھینچتا ہوا، پھیلتا ہوا، ریڑھ کی ہڈی تک,3,3,یکساں
o40692,"PAIN, drawing, extending, temples","PAIN, headache in general, Drawing, extending to eyes, temples",سر — درد، کھینچتا ہوا، پھیلتا ہوا، کنپٹیوں تک,1,1,یکساں
o40742,"PAIN, drawing, lying, with head high amel.","PAIN, headache in general, Drawing, lying down amel., with head high amel.",سر — درد، کھینچتا ہوا، سر اونچا رکھ کر لیٹنے سے آرام,1,1,یکساں
o40798,"PAIN, drawing, pressure, amel.","PAIN, headache in general, Drawing, pressure agg., amel.",سر — درد، کھینچتا ہوا، دبانے سے آرام,1,1,یکساں
o40875,"PAIN, drawing, warmth, of bed amel.","PAIN, headache in general, Drawing, warmth amel., of bed amel.",سر — درد، کھینچتا ہوا، بستر کی گرمائش سے آرام,1,1,یکساں
o41127,"PAIN, forehead, eyes, above, left, extending, vertex, to","PAIN, headache in general, Forehead, in, eyes, above, left, extending to occiput and finally over whole body, vertex, to",سر — درد، بائیں آنکھ کے اوپر سے چوٹی تک,1,1,یکساں
o41477,"PAIN, lancinating, walking, in open air amel.","PAIN, headache in general, Lancinating (See Cutting), walking fast, in open air amel.",سر — درد، نشتر جیسا، چلنا، کھلی ہوا میں آرام,1,1,یکساں
o41586,"PAIN, nail, as from a, occiput","PAIN, headache in general, Nail, as from a, Occiput",سر — درد، کیل جیسا، گدی میں,5,5,یکساں
o41589,"PAIN, nail, as from a, sides","PAIN, headache in general, Nail, as from a, Sides",سر — درد، کیل جیسا، پہلوؤں میں,11,11,ماخذی مطابق کیے
o41595,"PAIN, nail, as from a, temples","PAIN, headache in general, Nail, as from a, Temples",سر — درد، کیل جیسا، کنپٹیوں میں,10,10,یکساں
o41599,"PAIN, nail, as from a, vertex","PAIN, headache in general, Nail, as from a, Vertex",سر — درد، کیل جیسا، چوٹی میں,9,9,یکساں
o41667,"PAIN, occiput, dark, amel.","PAIN, headache in general, Occiput, dark agg., amel.",سر — درد، گدی میں، اندھیرے میں آرام,3,3,یکساں
o41691,"PAIN, occiput, extending, over whole head","PAIN, headache in general, Occiput, extending down back, over whole head",سر — درد، گدی سے پورے سر پر,1,1,یکساں
o41692,"PAIN, occiput, extending, right to left","PAIN, headache in general, Occiput, extending down back, right to left",سر — درد، گدی میں، دائیں سے بائیں,3,3,یکساں
o41697,"PAIN, occiput, extending, upward","PAIN, headache in general, Occiput, extending down back, upward",سر — درد، گدی سے اوپر کی طرف,13,13,یکساں
o41710,"PAIN, occiput, heat, of stove","PAIN, headache in general, Occiput, heat agg., of stove",سر — درد، گدی میں، چولہے کی گرمی سے,2,2,یکساں
o41764,"PAIN, occiput, occipital protuberance, motion agg.","PAIN, headache in general, Occiput, occipital protuberance, motion agg.",سر — درد، گدی کے ابھار میں، حرکت سے بگاڑ,1,1,یکساں
o41771,"PAIN, occiput, pressure, amel.","PAIN, headache in general, Occiput, pressure agg., amel.",سر — درد، گدی میں، دبانے سے آرام,23,23,یکساں
o41816,"PAIN, occiput, touch, amel.","PAIN, headache in general, Occiput, touch agg., amel.",سر — درد، گدی میں، چھونے سے آرام,1,1,یکساں
o41817,"PAIN, occiput, touch, the hair agg.","PAIN, headache in general, Occiput, touch agg., the hair agg.",سر — درد، گدی میں، بال چھونے سے بگاڑ,3,3,یکساں
o41831,"PAIN, occiput, warm, food","PAIN, headache in general, Occiput, warm clothing agg., food",سر — درد، گدی میں، گرم کھانے سے,4,4,یکساں
o41836,"PAIN, occiput, wine, amel.","PAIN, headache in general, Occiput, wine agg., amel.",سر — درد، گدی میں، شراب سے آرام,1,1,یکساں
o41850,"PAIN, opening and shutting, occiput, cold application amel.","PAIN, headache in general, Opening and shutting, Occiput, cold application amel.",سر — درد، کھلنے اور بند ہونے جیسا، گدی میں، ٹھنڈی پٹی سے آرام,1,1,یکساں
o41864,"PAIN, periodic, certain hours, at","PAIN, headache in general, periodic headache, certain hours, at",سر — درد، وقفے وقفے سے، باقاعدہ، مقررہ اوقات پر,1,1,یکساں
o41867,"PAIN, periodic, every day, at same hour","PAIN, headache in general, periodic headache, every day, at same hour",سر — درد، وقفے وقفے سے، باقاعدہ، روزانہ ایک ہی وقت پر,6,6,یکساں
o41868,"PAIN, periodic, every day, continues two or three days","PAIN, headache in general, periodic headache, every day, continues two or three days",سر — درد، وقفے وقفے سے، باقاعدہ، روزانہ، دو تین دن رہے,1,1,یکساں
o41869,"PAIN, periodic, every day, earlier each day","PAIN, headache in general, periodic headache, every day, earlier each day",سر — درد، وقفے وقفے سے، باقاعدہ، روزانہ، ہر روز پہلے سے جلدی,1,1,یکساں
o41881,"PAIN, periodic, morning, on awaking, with vertigo and nausea, also in evening, often amel. by pressure, in open air or by eating","PAIN, headache in general, periodic headache, morning, every, on awaking, with vertigo and nausea, also in evening, often amel. by pressure, in open air or by eating",سر — درد، وقفے وقفے سے، باقاعدہ، صبح جاگنے پر، چکر اور متلی کے ساتھ، شام کو بھی، اکثر دبانے، کھلی ہوا یا کھانے سے آرام,1,1,یکساں
o41911,"PAIN, plug, peg or wedge, as from a","PAIN, headache in general, Plug, peg or wedge, as from a (See Nail)",سر — درد، جیسے ڈاٹ، کیل یا پھانے سے,19,19,یکساں
o41925,"PAIN, pressing, bending backward, amel.","PAIN, headache in general, Pressing (See Bursting, Drawing), bending backward agg., amel.",سر — درد، دبانے والا، پیچھے جھکنے سے آرام,3,3,یکساں
o42058,"PAIN, pressing, forehead, eyes, over, extending, nose, to","PAIN, headache in general, Pressing (See Bursting, Drawing), Forehead, eyes, over, extending eyes, into, nose, to",سر — درد، دبانے والا، آنکھوں کے اوپر سے ناک تک,1,1,یکساں
o42204,"PAIN, pressing, occiput, closing eyes agg.","PAIN, headache in general, Pressing (See Bursting, Drawing), Occiput, closing eyes agg.",سر — درد، دبانے والا، گدی میں، آنکھیں بند کرنے سے بگاڑ,1,1,یکساں
o42237,"PAIN, pressing, occiput, motion","PAIN, headache in general, Pressing (See Bursting, Drawing), Occiput, motion",سر — درد، دبانے والا، گدی میں، حرکت,9,9,یکساں
o42346,"PAIN, pressing, sleep, amel.","PAIN, headache in general, Pressing (See Bursting, Drawing), sleep agg., amel.",سر — درد، دبانے والا، نیند سے آرام,1,1,یکساں
o42375,"PAIN, pressing, temples, dinner","PAIN, headache in general, Pressing (See Bursting, Drawing), Temples, dinner",سر — درد، دبانے والا، کنپٹیوں میں، دوپہر کا کھانا,4,4,یکساں
o42393,"PAIN, pressing, temples, fever","PAIN, headache in general, Pressing (See Bursting, Drawing), Temples, fever",سر — درد، دبانے والا، کنپٹیوں میں، بخار,1,1,یکساں
o42554,"PAIN, resting head, on hand, while","PAIN, headache in general, resting head quietly on a cushion amel., on hand, while",سر — درد، سر ہاتھ پر ٹکائے ہوئے,2,2,یکساں
o42607,"PAIN, shooting, extending, flying","PAIN, headache in general, Shooting (See Cutting, Lancinating, Shocks, Stitches, etc.), extending downward into teeth, flying",سر — درد، دوڑتا ہوا (تیر جیسا)، اڑتا ہوا پھیلے,3,3,یکساں
o42608,"PAIN, shooting, extending, from behind forward","PAIN, headache in general, Shooting (See Cutting, Lancinating, Shocks, Stitches, etc.), extending downward into teeth, from behind forward",سر — درد، دوڑتا ہوا (تیر جیسا)، پیچھے سے آگے کی طرف,1,1,یکساں
o42609,"PAIN, shooting, extending, from within outward","PAIN, headache in general, Shooting (See Cutting, Lancinating, Shocks, Stitches, etc.), extending downward into teeth, from within outward",سر — درد، دوڑتا ہوا (تیر جیسا)، اندر سے باہر کی طرف,5,5,یکساں
o42610,"PAIN, shooting, extending, here and there","PAIN, headache in general, Shooting (See Cutting, Lancinating, Shocks, Stitches, etc.), extending downward into teeth, here and there",سر — درد، دوڑتا ہوا (تیر جیسا)، پھیلتا ہوا، کبھی یہاں کبھی وہاں,10,10,یکساں
o42611,"PAIN, shooting, extending, upward","PAIN, headache in general, Shooting (See Cutting, Lancinating, Shocks, Stitches, etc.), extending downward into teeth, upward",سر — درد، دوڑتا ہوا (تیر جیسا)، پھیلتا ہوا، اوپر کی طرف,3,3,یکساں
o42635,"PAIN, shooting, forehead, over eyes, left, extending, vertex, to","PAIN, headache in general, Shooting (See Cutting, Lancinating, Shocks, Stitches, etc.), Forehead, over eyes, left, extending occiput, to, vertex, to",سر — درد، دوڑتا ہوا (تیر جیسا)، ماتھے میں، آنکھوں کے اوپر، بائیں طرف، چوٹی تک,1,1,یکساں
o42651,"PAIN, shooting, lying, with head low","PAIN, headache in general, Shooting (See Cutting, Lancinating, Shocks, Stitches, etc.), lying down, with head low",سر — درد، دوڑتا ہوا (تیر جیسا)، سر نیچا رکھ کر لیٹنے پر,1,1,یکساں
o43073,"PAIN, stitching, extending, ears","PAIN, headache in general, Stitching, extending backwards, ears",سر — درد، چبھتا ہوا، پھیلتا ہوا، کانوں تک,1,1,یکساں
o43076,"PAIN, stitching, extending, frontal eminence","PAIN, headache in general, Stitching, extending backwards, frontal eminence",سر — درد، چبھتا ہوا، پھیلتا ہوا، ماتھے کے ابھار میں,1,1,یکساں
o43082,"PAIN, stitching, extending, upward","PAIN, headache in general, Stitching, extending backwards, upward",سر — درد، چبھتا ہوا، پھیلتا ہوا، اوپر کی طرف,1,1,یکساں
o43205,"PAIN, stitching, heat, during the","PAIN, headache in general, Stitching, heat amel., during the",سر — درد، چبھتا ہوا، گرمی، کے دوران,4,4,یکساں
o43226,"PAIN, stitching, moving, arms","PAIN, headache in general, Stitching, moving the jaw agg., arms",سر — درد، چبھتا ہوا، بازو ہلانے پر,1,1,یکساں
o43228,"PAIN, stitching, moving, head","PAIN, headache in general, Stitching, moving the jaw agg., head",سر — درد، چبھتا ہوا، سر ہلانا,4,4,یکساں
o43417,"PAIN, stitching, temples, stooping","PAIN, headache in general, Stitching, Temples, stooping",سر — درد، چبھتا ہوا، کنپٹیوں میں، جھکنا,3,3,یکساں
o43477,"PAIN, stunning, stupefying, cold agg.","PAIN, headache in general, Stunning, stupefying, cold agg.",سر — درد، بے سدھ کر دینے والا، ٹھنڈ سے بگاڑ,2,2,یکساں
o43480,"PAIN, stunning, stupefying, compressing","PAIN, headache in general, Stunning, stupefying, compressing",سر — درد، بے سدھ کر دینے والا، دبانے والا,1,1,یکساں
o43482,"PAIN, stunning, stupefying, drawing","PAIN, headache in general, Stunning, stupefying, drawing",سر — درد، بے سدھ کر دینے والا، کھینچتا ہوا,1,1,یکساں
o43491,"PAIN, stunning, stupefying, motion amel.","PAIN, headache in general, Stunning, stupefying, motion amel.",سر — درد، بے سدھ کر دینے والا، حرکت سے آرام,3,3,یکساں
o43494,"PAIN, stunning, stupefying, occiput","PAIN, headache in general, Stunning, stupefying, Occiput",سر — درد، بے سدھ کر دینے والا، گدی میں,9,9,یکساں
o43495,"PAIN, stunning, stupefying, periodical","PAIN, headache in general, Stunning, stupefying, periodical",سر — درد، بے سدھ کر دینے والا، وقفے وقفے سے,1,1,یکساں
o43496,"PAIN, stunning, stupefying, pressing","PAIN, headache in general, Stunning, stupefying, pressing",سر — درد، بے سدھ کر دینے والا، دباتا ہوا,21,21,یکساں
o43497,"PAIN, stunning, stupefying, pressure amel.","PAIN, headache in general, Stunning, stupefying, pressure amel.",سر — درد، بے سدھ کر دینے والا، دبانے سے آرام,2,2,یکساں
o43499,"PAIN, stunning, stupefying, sides","PAIN, headache in general, Stunning, stupefying, Sides",سر — درد، بے سدھ کر دینے والا، پہلوؤں میں,8,8,یکساں
o43501,"PAIN, stunning, stupefying, sitting","PAIN, headache in general, Stunning, stupefying, sitting",سر — درد، بے سدھ کر دینے والا، بیٹھنا,2,2,یکساں
o43503,"PAIN, stunning, stupefying, stinging","PAIN, headache in general, Stunning, stupefying, stinging",سر — درد، بے سدھ کر دینے والا، ڈنک جیسا,1,1,یکساں
o43505,"PAIN, stunning, stupefying, temples","PAIN, headache in general, Stunning, stupefying, Temples",سر — درد، بے سدھ کر دینے والا، کنپٹیوں میں,9,9,یکساں
o43506,"PAIN, stunning, stupefying, throbbing","PAIN, headache in general, Stunning, stupefying, throbbing",سر — درد، بے سدھ کر دینے والا، دھڑکتا ہوا,2,2,یکساں
o43507,"PAIN, stunning, stupefying, tightening","PAIN, headache in general, Stunning, stupefying, tightening",سر — درد، بے سدھ کر دینے والا، کستا ہوا,2,2,یکساں
o43508,"PAIN, stunning, stupefying, vertex","PAIN, headache in general, Stunning, stupefying, Vertex",سر — درد، بے سدھ کر دینے والا، چوٹی میں,5,5,یکساں
o43509,"PAIN, stunning, stupefying, warm room agg.","PAIN, headache in general, Stunning, stupefying, warm room agg.",سر — درد، بے سدھ کر دینے والا، گرم کمرے میں بگاڑ,4,4,یکساں
o43937,"PAIN, temples, alternating, sides","PAIN, headache in general, Temples, alternating with heat of face, sides",سر — درد، کنپٹیوں میں، باری باری دونوں طرف,2,2,یکساں
o43954,"PAIN, temples, extending, over forehead","PAIN, headache in general, Temples, extending backward over ears, over forehead",سر — درد، کنپٹیوں سے پورے ماتھے پر,15,15,یکساں
o43955,"PAIN, temples, extending, temple to temple","PAIN, headache in general, Temples, extending backward over ears, temple to temple",سر — درد، کنپٹی سے کنپٹی تک,23,23,ماخذی مطابق کیے
o43957,"PAIN, temples, extending, to centre of head","PAIN, headache in general, Temples, extending backward over ears, to centre of head",سر — درد، کنپٹیوں سے سر کے بیچ تک,1,1,یکساں
o43962,"PAIN, temples, extending, to jaw","PAIN, headache in general, Temples, extending backward over ears, to jaw",سر — درد، کنپٹیوں سے جبڑے تک,7,7,یکساں
o43969,"PAIN, temples, extending, to vertex","PAIN, headache in general, Temples, extending backward over ears, to vertex",سر — درد، کنپٹیوں سے چوٹی تک,6,6,یکساں
o43971,"PAIN, temples, extending, upwards","PAIN, headache in general, Temples, extending backward over ears, upwards",سر — درد، کنپٹیوں سے اوپر کی طرف,3,3,یکساں
o44000,"PAIN, temples, pressure, amel.","PAIN, headache in general, Temples, pressure agg., amel.",سر — درد، کنپٹیوں میں، دبانے سے آرام,31,31,یکساں
o44001,"PAIN, temples, pressure, on opposite side amel.","PAIN, headache in general, Temples, pressure agg., on opposite side amel.",سر — درد، کنپٹیوں میں، مخالف طرف دبانے سے آرام,1,1,یکساں
o44016,"PAIN, temples, side, not lain on","PAIN, headache in general, Temples, side lain on, not lain on",سر — درد، کنپٹیوں میں، جس طرف نہ لیٹے,1,1,یکساں
o44030,"PAIN, temples, touch, amel.","PAIN, headache in general, Temples, touch agg., amel.",سر — درد، کنپٹیوں میں، چھونے سے آرام,3,3,یکساں
o44032,"PAIN, temples, turning, eyes out","PAIN, headache in general, Temples, turning eyes up, eyes out",سر — درد، کنپٹیوں میں، آنکھیں باہر کی طرف گھمانے پر,1,1,یکساں
o44150,"PAIN, vertex, pressure, amel.","PAIN, headache in general, Vertex, pressure agg., amel.",سر — درد، چوٹی میں، دبانے سے آرام,12,12,یکساں
o44183,"PAIN, vinegar, applying, amel.","PAIN, headache in general, vinegar agg., applying, amel.",سر — درد، سرکہ لگانے سے آرام,2,2,یکساں
o44186,"PAIN, violent pains, with red face, vomiting and diarrhoea","PAIN, headache in general, violent pains, with red face, vomiting and diarrhœa",سر — درد، شدید، سرخ چہرے، قے اور دستوں کے ساتھ,1,1,یکساں
o44936,"WEAKNESS, extending, throat, to","WEAKNESS, extending to lower extremities, as though paralyzed, throat, to",سر — کمزوری، حلق تک پھیلتی ہوئی,1,1,یکساں
r1000,"HEAVINESS (See Pressing), sitting, bent over, while","HEAVINESS (See Pressing), sitting, while, bent over, while",سر — بھاری پن، جھک کر بیٹھے ہوئے,1,1,یکساں
r1301,"NUMBNESS, forehead, morning on waking and while lying, amel. exercise and wrapping head warmly","NUMBNESS, sensation of (See Asleep), Forehead, morning on waking and while lying, amel. exercise and wrapping head warmly",سر — سن ہونا، ماتھے میں، صبح جاگنے پر اور لیٹے ہوئے، ورزش اور سر گرم لپیٹنے سے آرام,1,1,یکساں
r1303,"NUMBNESS, forehead, blow, as if from a","NUMBNESS, sensation of (See Asleep), Forehead, blow, as if from a",سر — سن ہونا، ماتھے میں، جیسے ضرب لگی ہو,1,1,یکساں
r1304,"NUMBNESS, forehead, board lay there, as if a","NUMBNESS, sensation of (See Asleep), Forehead, board lay there, as if a",سر — سن ہونا، ماتھے میں، جیسے تختہ رکھا ہو,1,1,یکساں
r1308,"NUMBNESS, occiput, too tightly bound, as if","NUMBNESS, sensation of (See Asleep), Occiput, too tightly bound, as if",سر — سن ہونا، گدی میں، جیسے بہت کس کر باندھی ہو,2,2,یکساں
r1311,"NUMBNESS, sides, right, then left","NUMBNESS, sensation of (See Asleep), Sides, right, then left",سر — سن ہونا، دائیں پھر بائیں پہلو میں,1,1,یکساں
r1331,"PAIN, morning, breakfast is delayed, if","PAIN, headache in general, morning, breakfast is delayed, if",سر — درد، صبح، اگر ناشتہ دیر سے ملے,1,1,یکساں
r1339,"PAIN, morning, same hour, at","PAIN, headache in general, morning, same hour, at",سر — درد، صبح، ایک ہی وقت پر,1,1,یکساں
r1391,"PAIN, evening, twilight, at","PAIN, headache in general, evening, twilight, at",سر — درد، شام جھٹپٹے کے وقت,3,3,یکساں
r1401,"PAIN, night, bed, in","PAIN, headache in general, night, bed, in",سر — درد، رات بستر میں,9,9,یکساں
r1405,"PAIN, night, waking, on","PAIN, headache in general, night, waking, on",سر — درد، رات جاگنے پر,23,23,یکساں
r1406,"PAIN, night, midnight, before","PAIN, headache in general, night, midnight, before",سر — درد، آدھی رات سے پہلے,9,9,یکساں
r1422,"PAIN, air, open, amel.","PAIN, headache in general, air, open (See Walking in open air), amel.",سر — درد، کھلی ہوا میں آرام,105,105,یکساں
r1453,"PAIN, back, pressing up against something hard, amel.","PAIN, headache in general, back, pressing up against something hard, amel.",سر — درد، کمر کسی سخت چیز سے دبانے پر آرام,1,1,یکساں
r1477,"PAIN, blindness, followed by violent headache, sight returns as headache becomes worse","PAIN, headache in general, blindness, followed by violent headache, sight returns as headache becomes worse",سر — درد، پہلے اندھا پن، پھر شدید سر درد؛ درد بڑھے تو نظر لوٹ آئے,1,1,یکساں
r1499,"PAIN, chronic, old people, of","PAIN, headache in general, chronic, old people, of",سر — درد، پرانا، بوڑھوں میں,1,1,یکساں
r1522,"PAIN, confusion mental, with, unable to collect one's senses","PAIN, headache in general, confusion mental, with, unable to collect one's senses",سر — درد، ذہنی الجھن کے ساتھ، حواس اکٹھے نہیں کر پاتا,13,13,یکساں
r1524,"PAIN, constant, fixed, lasts for weeks, months, years, even years, with rare intermission","PAIN, headache in general, constant, continued, fixed, lasts for weeks, months, years, even years, with rare intermission",سر — درد، مسلسل، ایک جگہ جما ہوا، ہفتوں مہینوں برسوں رہے، کبھی کبھار وقفہ,1,1,یکساں
r1537,"PAIN, damp houses, living in, from","PAIN, headache in general, damp houses, living in, from",سر — درد، نم گھروں میں رہنے سے,11,11,یکساں
r1571,"PAIN, exertion of body, etc., of vision (See Straining Eyes)","PAIN, headache in general, exertion of body, etc., of vision (See Straining Eyes)",سر — درد، نظر پر زور دینے سے,0,0,یکساں
r1577,"PAIN, fasting, from, if hunger is not appeared at once","PAIN, headache in general, fasting, from, if hunger is not appeared at once",سر — درد، فاقے سے، اگر بھوک لگتے ہی نہ کھائے,6,6,یکساں
r1580,"PAIN, flatus, emission of, amel.","PAIN, headache in general, flatus, emission of, amel.",سر — درد، ریاح خارج ہونے سے آرام,2,2,یکساں
r1590,"PAIN, hammering, evening, while lying","PAIN, headache in general, hammering, evening, while lying",سر — درد، ہتھوڑے جیسا، شام لیٹے ہوئے,1,1,یکساں
r1591,"PAIN, hammering, vivacious talking, from","PAIN, headache in general, hammering, vivacious talking, from",سر — درد، ہتھوڑے جیسا، جوش سے باتیں کرنے سے,1,1,یکساں
r1601,"PAIN, heated, from becoming, by a fire or stove","PAIN, headache in general, heated, from becoming, by a fire or stove",سر — درد، آگ یا چولہے سے گرم ہونے پر,19,19,یکساں
r1602,"PAIN, heated, from becoming, from bed","PAIN, headache in general, heated, from becoming, from bed",سر — درد، بستر سے گرم ہونے پر,2,2,یکساں
r1617,"PAIN, injuries, mechanical, after","PAIN, headache in general, injuries, mechanical, after",سر — درد، چوٹ لگنے کے بعد,20,20,یکساں
r1619,"PAIN, inspiration, during an, deep","PAIN, headache in general, inspiration, during an, deep",سر — درد، گہری سانس اندر لیتے وقت,1,1,یکساں
r1695,"PAIN, move, on beginning to, amel.","PAIN, headache in general, move, on beginning to, amel.",سر — درد، ہلنا شروع کرتے ہی آرام,1,1,یکساں
r1697,"PAIN, moving, arms, on","PAIN, headache in general, moving, arms, on",سر — درد، بازو ہلانے پر,9,9,یکساں
r1728,"PAIN, pains in back, with, in small of","PAIN, headache in general, pains in back, with, in small of",سر — درد، کمر کے نچلے حصے کے درد کے ساتھ,4,4,یکساں
r1730,"PAIN, pain in neck, with, nape of","PAIN, headache in general, pain in neck, with, nape of",سر — درد، گردن کے پچھلے حصے کے درد کے ساتھ,66,66,یکساں
r1762,"PAIN, pressure, external, agg.","PAIN, headache in general, pressure, external, agg.",سر — درد، باہر سے دباؤ سے بگاڑ,38,38,یکساں
r1785,"PAIN, riding in a carriage, noise and jarring of, agg.","PAIN, headache in general, riding in a carriage, noise and jarring of, agg.",سر — درد، گاڑی کے شور اور جھٹکوں سے بگاڑ,1,1,یکساں
r1793,"PAIN, rising, from lying, amel.","PAIN, headache in general, rising (See Morning, Noon, Night, etc., on Rising, also Raising Head), from lying, amel.",سر — درد، لیٹے سے اٹھنے پر آرام,36,36,یکساں
r1799,"PAIN, rising, from stooping, amel.","PAIN, headache in general, rising (See Morning, Noon, Night, etc., on Rising, also Raising Head), from stooping, amel.",سر — درد، جھک کر سیدھا ہونے پر آرام,4,4,یکساں
r1800,"PAIN, rising, standing position, to amel.","PAIN, headache in general, rising (See Morning, Noon, Night, etc., on Rising, also Raising Head), standing position, to amel.",سر — درد، کھڑے ہونے سے آرام,21,21,یکساں
r1815,"PAIN, sexual desire, repression of, after","PAIN, headache in general, sexual desire, repression of, after",سر — درد، جنسی خواہش دبانے کے بعد,2,2,یکساں
r1825,"PAIN, sitting, up or erect, amel.","PAIN, headache in general, sitting, up or erect, amel.",سر — درد، سیدھا بیٹھنے سے آرام,6,6,یکساں
r1857,"PAIN, stool, from pressing, at","PAIN, headache in general, stool, from pressing, at",سر — درد، پاخانے پر زور لگانے سے,25,25,یکساں
r1872,"PAIN, sun, from exposure to, amel.","PAIN, headache in general, sun, from exposure to, amel.",سر — درد، دھوپ میں رہنے سے آرام,2,2,یکساں
r1892,"PAIN, touch, on vertex, from","PAIN, headache in general, touch, on vertex, from",سر — درد، چوٹی چھونے سے,1,1,یکساں
r1904,"PAIN, unconsciousness, with, and after","PAIN, headache in general, unconsciousness, with, and after",سر — درد، بے ہوشی کے ساتھ اور بعد,1,1,یکساں
r1908,"PAIN, urination, before, if the call be not attended to","PAIN, headache in general, urination, before, if the call be not attended to",سر — درد، پیشاب سے پہلے، اگر حاجت پر توجہ نہ دی جائے,2,2,یکساں
r1913,"PAIN, vaults, cellars, etc.","PAIN, headache in general, vaults, cellars, etc.",سر — درد، تہہ خانوں وغیرہ میں,6,6,یکساں
r1922,"PAIN, voice, male, affects brain","PAIN, headache in general, voice, male, affects brain",سر — درد، مرد کی آواز دماغ پر اثر کرے,1,1,یکساں
r1963,"PAIN, wet, from getting, while sweating","PAIN, headache in general, wet, from getting, while sweating",سر — درد، پسینے کی حالت میں بھیگ جانے سے,6,6,یکساں
r24,"ASLEEP, forehead, in, left half of","ASLEEP, sensation as if, Forehead, in, left half of",سر — سویا ہوا احساس، ماتھے کے بائیں آدھے حصے میں,1,1,یکساں
r2400,"PAIN, occiput, morning, until 2 p.m.","PAIN, headache in general, Occiput, morning, until 2 p.m.",سر — درد، گدی میں، صبح سے سہ پہر 2 بجے تک,1,1,یکساں
r2405,"PAIN, occiput, forenoon, shaking head","PAIN, headache in general, Occiput, forenoon, shaking head",سر — درد، گدی میں، دوپہر سے پہلے سر ہلانے پر,1,1,یکساں
r2407,"PAIN, occiput, forenoon, 11 a.m.","PAIN, headache in general, Occiput, forenoon, 11 a.m.",سر — درد، گدی میں، صبح 11 بجے,1,1,یکساں
r2410,"PAIN, occiput, afternoon, 1 p.m.","PAIN, headache in general, Occiput, afternoon, 1 p.m.",سر — درد، گدی میں، سہ پہر 1 بجے,1,1,یکساں
r2412,"PAIN, occiput, afternoon, 4 p.m.","PAIN, headache in general, Occiput, afternoon, 4 p.m.",سر — درد، گدی میں، سہ پہر 4 بجے,1,1,یکساں
r2414,"PAIN, occiput, evening, amel.","PAIN, headache in general, Occiput, evening, amel.",سر — درد، گدی میں، شام کو آرام,2,2,یکساں
r2416,"PAIN, occiput, evening, gas light","PAIN, headache in general, Occiput, evening, gas light",سر — درد، گدی میں، شام گیس کی روشنی سے,1,1,یکساں
r2418,"PAIN, occiput, night, midnight","PAIN, headache in general, Occiput, night, midnight",سر — درد، گدی میں، آدھی رات,1,1,یکساں
r2419,"PAIN, occiput, night, 1 a.m.","PAIN, headache in general, Occiput, night, 1 a.m.",سر — درد، گدی میں، رات 1 بجے,2,2,یکساں
r2420,"PAIN, occiput, night, 2 a.m.","PAIN, headache in general, Occiput, night, 2 a.m.",سر — درد، گدی میں، رات 2 بجے,1,1,یکساں
r2429,"PAIN, occiput, anger, from","PAIN, headache in general, Occiput, anger, from",سر — درد، گدی میں، غصے سے,3,3,یکساں
r2432,"PAIN, occiput, bandaging the head, amel.","PAIN, headache in general, Occiput, bandaging the head, amel.",سر — درد، گدی میں، سر باندھنے سے آرام,1,1,یکساں
r2434,"PAIN, occiput, bending head backward, amel.","PAIN, headache in general, Occiput, bending head backward, amel.",سر — درد، گدی میں، سر پیچھے جھکانے سے آرام,9,9,یکساں
r2436,"PAIN, occiput, blindness, with","PAIN, headache in general, Occiput, blindness, with",سر — درد، گدی میں، اندھے پن کے ساتھ,1,1,یکساں
r2437,"PAIN, occiput, breakfast, after","PAIN, headache in general, Occiput, breakfast, after",سر — درد، گدی میں، ناشتے کے بعد,2,2,یکساں
r2438,"PAIN, occiput, chagrin, after","PAIN, headache in general, Occiput, chagrin, after",سر — درد، گدی میں، رنج و ندامت کے بعد,2,2,یکساں
r2439,"PAIN, occiput, chill, during","PAIN, headache in general, Occiput, chill, during",سر — درد، گدی میں، سردی لگنے کے دوران,1,1,یکساں
r2441,"PAIN, occiput, closing eyes, amel.","PAIN, headache in general, Occiput, closing eyes, amel.",سر — درد، گدی میں، آنکھیں بند کرنے سے آرام,2,2,یکساں
r2442,"PAIN, occiput, coition, after","PAIN, headache in general, Occiput, coition, after",سر — درد، گدی میں، مباشرت کے بعد,12,12,یکساں
r2444,"PAIN, occiput, cold air, amel.","PAIN, headache in general, Occiput, cold air, amel.",سر — درد، گدی میں، ٹھنڈی ہوا سے آرام,3,3,یکساں
r2446,"PAIN, occiput, coughing, on","PAIN, headache in general, Occiput, coughing, on",سر — درد، گدی میں، کھانستے وقت,22,22,یکساں
r2451,"PAIN, occiput, eating, after","PAIN, headache in general, Occiput, eating, after",سر — درد، گدی میں، کھانے کے بعد,11,11,یکساں
r2452,"PAIN, occiput, emotions, from","PAIN, headache in general, Occiput, emotions, from",سر — درد، گدی میں، جذبات سے,2,2,یکساں
r2454,"PAIN, occiput, exertion, after","PAIN, headache in general, Occiput, exertion, after",سر — درد، گدی میں، محنت کے بعد,3,3,یکساں
r2456,"PAIN, occiput, fever, during","PAIN, headache in general, Occiput, fever, during",سر — درد، گدی میں، بخار کے دوران,2,2,یکساں
r2457,"PAIN, occiput, foreign body, as if","PAIN, headache in general, Occiput, foreign body, as if",سر — درد، گدی میں، جیسے کوئی باہری چیز ہو,1,1,یکساں
r2458,"PAIN, occiput, grief, after","PAIN, headache in general, Occiput, grief, after",سر — درد، گدی میں، غم کے بعد,1,1,یکساں
r2462,"PAIN, occiput, heated, from becoming","PAIN, headache in general, Occiput, heated, from becoming",سر — درد، گدی میں، گرم ہو جانے سے,5,5,یکساں
r2464,"PAIN, occiput, indigestion, after","PAIN, headache in general, Occiput, indigestion, after",سر — درد، گدی میں، بدہضمی کے بعد,5,5,یکساں
r2468,"PAIN, occiput, leaning head back, amel.","PAIN, headache in general, Occiput, leaning head back, amel.",سر — درد، گدی میں، سر پیچھے ٹیکنے سے آرام,1,1,یکساں
r2482,"PAIN, occiput, menses, before","PAIN, headache in general, Occiput, menses, before",سر — درد، گدی میں، حیض سے پہلے,3,3,یکساں
r2488,"PAIN, occiput, mental labor, amel.","PAIN, headache in general, Occiput, mental labor, amel.",سر — درد، گدی میں، ذہنی کام سے آرام,2,2,یکساں
r2490,"PAIN, occiput, motion, amel.","PAIN, headache in general, Occiput, motion, amel.",سر — درد، گدی میں، حرکت سے آرام,6,6,یکساں
r2491,"PAIN, occiput, motion, eyelids","PAIN, headache in general, Occiput, motion, eyelids",سر — درد، گدی میں، پلکیں ہلانے پر,2,2,یکساں
r2502,"PAIN, occiput, rising, after","PAIN, headache in general, Occiput, rising, after",سر — درد، گدی میں، اٹھنے کے بعد,3,3,یکساں
r2506,"PAIN, occiput, screwed together, as if","PAIN, headache in general, Occiput, screwed together, as if",سر — درد، گدی میں، جیسے پیچ کس کر جوڑ دی گئی ہو,3,3,یکساں
r2507,"PAIN, occiput, sexual excesses, after","PAIN, headache in general, Occiput, sexual excesses, after",سر — درد، گدی میں، جنسی زیادتیوں کے بعد,3,3,یکساں
r2509,"PAIN, occiput, shaking head, amel.","PAIN, headache in general, Occiput, shaking head, amel.",سر — درد، گدی میں، سر ہلانے سے آرام,1,1,یکساں
r2512,"PAIN, occiput, sleep, after","PAIN, headache in general, Occiput, sleep, after",سر — درد، گدی میں، نیند کے بعد,45,45,یکساں
r2518,"PAIN, occiput, stool, while pressing at","PAIN, headache in general, Occiput, stool, while pressing at",سر — درد، گدی میں، پاخانے پر زور لگاتے ہوئے,1,1,یکساں
r2520,"PAIN, occiput, stooping, amel.","PAIN, headache in general, Occiput, stooping, amel.",سر — درد، گدی میں، جھکنے سے آرام,3,3,یکساں
r2522,"PAIN, occiput, sun, heat of","PAIN, headache in general, Occiput, sun, heat of",سر — درد، گدی میں، دھوپ کی گرمی سے,10,10,یکساں
r2523,"PAIN, occiput, suppurating, as if","PAIN, headache in general, Occiput, suppurating, as if",سر — درد، گدی میں، جیسے پیپ پڑ رہی ہو,1,1,یکساں
r2534,"PAIN, occiput, vexation, after","PAIN, headache in general, Occiput, vexation, after",سر — درد، گدی میں، کوفت کے بعد,5,5,یکساں
r2548,"PAIN, occiput, writing, from","PAIN, headache in general, Occiput, writing, from",سر — درد، گدی میں، لکھنے سے,3,3,یکساں
r2573,"PAIN, occiput, occipital protuberance, afternoon","PAIN, headache in general, Occiput, occipital protuberance, afternoon",سر — درد، گدی کے ابھار میں، سہ پہر,1,1,یکساں
r2576,"PAIN, occiput, occipital protuberance, pressure of hat agg.","PAIN, headache in general, Occiput, occipital protuberance, pressure of hat agg.",سر — درد، گدی کے ابھار میں، ٹوپی کے دباؤ سے بگاڑ,1,1,یکساں
r2577,"PAIN, occiput, occipital protuberance, walking in wind","PAIN, headache in general, Occiput, occipital protuberance, walking in wind",سر — درد، گدی کے ابھار میں، ہوا میں چلتے ہوئے,1,1,یکساں
r2585,"PAIN, occiput, sides of, daytime","PAIN, headache in general, Occiput, sides of, daytime",سر — درد، گدی کے پہلوؤں میں، دن کے وقت,1,1,یکساں
r2586,"PAIN, occiput, sides of, morning","PAIN, headache in general, Occiput, sides of, morning",سر — درد، گدی کے پہلوؤں میں، صبح,2,2,یکساں
r2587,"PAIN, occiput, sides of, forenoon","PAIN, headache in general, Occiput, sides of, forenoon",سر — درد، گدی کے پہلوؤں میں، دوپہر سے پہلے,2,2,یکساں
r2589,"PAIN, occiput, sides of, bending backward","PAIN, headache in general, Occiput, sides of, bending backward",سر — درد، گدی کے پہلوؤں میں، پیچھے جھکنے پر,1,1,یکساں
r2590,"PAIN, occiput, sides of, pressure amel.","PAIN, headache in general, Occiput, sides of, pressure amel.",سر — درد، گدی کے پہلوؤں میں، دبانے سے آرام,1,1,یکساں
r2591,"PAIN, occiput, sides of, shaking head","PAIN, headache in general, Occiput, sides of, shaking head",سر — درد، گدی کے پہلوؤں میں، سر ہلانے پر,1,1,یکساں
r2595,"PAIN, occiput and forehead, morning, on waking","PAIN, headache in general, Occiput and Forehead, morning, on waking",سر — درد، گدی اور ماتھے میں، صبح جاگنے پر,3,3,یکساں
r264,"CONSTRICTION, morning, rising, after","CONSTRICTION, tension (See also Drawing, Pressing), morning, rising, after",سر — جکڑن، صبح اٹھنے کے بعد,1,1,یکساں
r269,"CONSTRICTION, air, open, agg.","CONSTRICTION, tension (See also Drawing, Pressing), air, open, agg.",سر — جکڑن، کھلی ہوا میں بگاڑ,4,4,یکساں
r2741,"PAIN, temples, right, alternating with pain in right knee","PAIN, headache in general, Temples, right, alternating with pain in right knee",سر — درد، دائیں کنپٹی میں، باری باری دائیں گھٹنے کے درد کے ساتھ,1,1,یکساں
r2742,"PAIN, temples, right, to left","PAIN, headache in general, Temples, right, to left",سر — درد، دائیں کنپٹی سے بائیں تک,6,6,یکساں
r2745,"PAIN, temples, left, to right","PAIN, headache in general, Temples, left, to right",سر — درد، بائیں کنپٹی سے دائیں تک,7,7,یکساں
r2746,"PAIN, temples, left, alternating with pain in right knee","PAIN, headache in general, Temples, left, alternating with pain in right knee",سر — درد، بائیں کنپٹی میں، باری باری دائیں گھٹنے کے درد کے ساتھ,1,1,یکساں
r2747,"PAIN, temples, left, periodical","PAIN, headache in general, Temples, left, periodical",سر — درد، بائیں کنپٹی میں، وقفے وقفے سے,1,1,یکساں
r2748,"PAIN, temples, left, pulsating","PAIN, headache in general, Temples, left, pulsating",سر — درد، بائیں کنپٹی میں، دھڑکتا ہوا,1,1,یکساں
r2751,"PAIN, temples, morning, amel.","PAIN, headache in general, Temples, morning, amel.",سر — درد، کنپٹیوں میں، صبح آرام,1,1,یکساں
r2757,"PAIN, temples, afternoon, 5 p.m.","PAIN, headache in general, Temples, afternoon, 5 p.m.",سر — درد، کنپٹیوں میں، سہ پہر 5 بجے,2,2,یکساں
r2761,"PAIN, temples, air, cold","PAIN, headache in general, Temples, air, cold",سر — درد، کنپٹیوں میں، ٹھنڈی ہوا سے,3,3,یکساں
r2767,"PAIN, temples, bending head backwards, on","PAIN, headache in general, Temples, bending head backwards, on",سر — درد، کنپٹیوں میں، سر پیچھے جھکانے پر,4,4,یکساں
r2769,"PAIN, temples, chill, after","PAIN, headache in general, Temples, chill, after",سر — درد، کنپٹیوں میں، سردی لگنے کے بعد,1,1,یکساں
r2771,"PAIN, temples, coughing, on","PAIN, headache in general, Temples, coughing, on",سر — درد، کنپٹیوں میں، کھانستے وقت,18,18,یکساں
r2773,"PAIN, temples, dark, in the","PAIN, headache in general, Temples, dark, in the",سر — درد، کنپٹیوں میں، اندھیرے میں,1,1,یکساں
r2774,"PAIN, temples, dinner, after","PAIN, headache in general, Temples, dinner, after",سر — درد، کنپٹیوں میں، دوپہر کے کھانے کے بعد,4,4,یکساں
r2777,"PAIN, temples, eating, after","PAIN, headache in general, Temples, eating, after",سر — درد، کنپٹیوں میں، کھانے کے بعد,16,16,یکساں
r2778,"PAIN, temples, exertion, after","PAIN, headache in general, Temples, exertion, after",سر — درد، کنپٹیوں میں، محنت کے بعد,3,3,یکساں
r2784,"PAIN, temples, menses, before","PAIN, headache in general, Temples, menses, before",سر — درد، کنپٹیوں میں، حیض سے پہلے,1,1,یکساں
r2787,"PAIN, temples, mental exertion, amel.","PAIN, headache in general, Temples, mental exertion, amel.",سر — درد، کنپٹیوں میں، ذہنی محنت سے آرام,1,1,یکساں
r2789,"PAIN, temples, motion, amel.","PAIN, headache in general, Temples, motion, amel.",سر — درد، کنپٹیوں میں، حرکت سے آرام,4,4,یکساں
r2792,"PAIN, temples, opera, from attending","PAIN, headache in general, Temples, opera, from attending",سر — درد، کنپٹیوں میں، اوپیرا (تھیٹر) دیکھنے سے,1,1,یکساں
r2798,"PAIN, temples, pulsating, mastoid process","PAIN, headache in general, Temples, pulsating, mastoid process",سر — درد، کنپٹیوں میں، دھڑکتا ہوا، کان کے پیچھے کی ہڈی میں,1,1,یکساں
r2800,"PAIN, temples, rising, after","PAIN, headache in general, Temples, rising, after",سر — درد، کنپٹیوں میں، اٹھنے کے بعد,3,3,یکساں
r2810,"PAIN, temples, sleep, during","PAIN, headache in general, Temples, sleep, during",سر — درد، کنپٹیوں میں، نیند کے دوران,1,1,یکساں
r2814,"PAIN, temples, stepping, on","PAIN, headache in general, Temples, stepping, on",سر — درد، کنپٹیوں میں، قدم رکھنے پر,5,5,یکساں
r2815,"PAIN, temples, stool, straining at","PAIN, headache in general, Temples, stool, straining at",سر — درد، کنپٹیوں میں، پاخانے پر زور لگاتے ہوئے,4,4,یکساں
r2818,"PAIN, temples, sun, exposure to","PAIN, headache in general, Temples, sun, exposure to",سر — درد، کنپٹیوں میں، دھوپ میں رہنے سے,1,1,یکساں
r2827,"PAIN, temples, walking in open air, amel.","PAIN, headache in general, Temples, walking in open air, amel.",سر — درد، کنپٹیوں میں، کھلی ہوا میں چلنے سے آرام,2,2,یکساں
r2829,"PAIN, temples, wind, riding against the","PAIN, headache in general, Temples, wind, riding against the",سر — درد، کنپٹیوں میں، ہوا کے مخالف سواری کرنے سے,1,1,یکساں
r2830,"PAIN, temples, wine, from","PAIN, headache in general, Temples, wine, from",سر — درد، کنپٹیوں میں، شراب سے,2,2,یکساں
r2857,"PAIN, vertex, morning, amel.","PAIN, headache in general, Vertex, morning, amel.",سر — درد، چوٹی میں، صبح آرام,1,1,یکساں
r2861,"PAIN, vertex, waking, on","PAIN, headache in general, Vertex, waking, on",سر — درد، چوٹی میں، جاگنے پر,17,17,یکساں
r2864,"PAIN, vertex, forenoon, 10 a.m.","PAIN, headache in general, Vertex, forenoon, 10 a.m.",سر — درد، چوٹی میں، صبح 10 بجے,2,2,یکساں
r2865,"PAIN, vertex, forenoon, 11 a.m.","PAIN, headache in general, Vertex, forenoon, 11 a.m.",سر — درد، چوٹی میں، صبح 11 بجے,1,1,یکساں
r2871,"PAIN, vertex, night, amel.","PAIN, headache in general, Vertex, night, amel.",سر — درد، چوٹی میں، رات کو آرام,1,1,یکساں
r2879,"PAIN, vertex, coughing, on","PAIN, headache in general, Vertex, coughing, on",سر — درد، چوٹی میں، کھانستے وقت,10,10,یکساں
r2880,"PAIN, vertex, deep inspiration, on","PAIN, headache in general, Vertex, deep inspiration, on",سر — درد، چوٹی میں، گہری سانس لینے پر,1,1,یکساں
r2881,"PAIN, vertex, dinner, after","PAIN, headache in general, Vertex, dinner, after",سر — درد، چوٹی میں، دوپہر کے کھانے کے بعد,3,3,یکساں
r2883,"PAIN, vertex, eating, after","PAIN, headache in general, Vertex, eating, after",سر — درد، چوٹی میں، کھانے کے بعد,12,12,یکساں
r2885,"PAIN, vertex, heat, during","PAIN, headache in general, Vertex, heat, during",سر — درد، چوٹی میں، بخار کی گرمی کے دوران,1,1,یکساں
r2890,"PAIN, vertex, meditating, while","PAIN, headache in general, Vertex, meditating, while",سر — درد، چوٹی میں، غور و فکر کرتے ہوئے,1,1,یکساں
r2891,"PAIN, vertex, menses, during","PAIN, headache in general, Vertex, menses, during",سر — درد، چوٹی میں، حیض کے دوران,15,15,یکساں
r2893,"PAIN, vertex, motion, on","PAIN, headache in general, Vertex, motion, on",سر — درد، چوٹی میں، حرکت پر,23,23,یکساں
r2894,"PAIN, vertex, moving the eyes, on","PAIN, headache in general, Vertex, moving the eyes, on",سر — درد، چوٹی میں، آنکھیں ہلانے پر,1,1,یکساں
r2896,"PAIN, vertex, noise, from","PAIN, headache in general, Vertex, noise, from",سر — درد، چوٹی میں، شور سے,6,6,یکساں
r2902,"PAIN, vertex, reading, while","PAIN, headache in general, Vertex, reading, while",سر — درد، چوٹی میں، پڑھتے ہوئے,5,5,یکساں
r2904,"PAIN, vertex, room, on entering","PAIN, headache in general, Vertex, room, on entering",سر — درد، چوٹی میں، کمرے میں داخل ہونے پر,1,1,یکساں
r2909,"PAIN, vertex, sneezing, on","PAIN, headache in general, Vertex, sneezing, on",سر — درد، چوٹی میں، چھینکتے وقت,4,4,یکساں
r2910,"PAIN, vertex, spots, in","PAIN, headache in general, Vertex, spots, in",سر — درد، چوٹی میں، دھبوں میں,4,4,یکساں
r2911,"PAIN, vertex, standing, while","PAIN, headache in general, Vertex, standing, while",سر — درد، چوٹی میں، کھڑے ہوئے,5,5,یکساں
r2912,"PAIN, vertex, stool, during","PAIN, headache in general, Vertex, stool, during",سر — درد، چوٹی میں، پاخانے کے دوران,2,2,یکساں
r2918,"PAIN, vertex, urinating, after","PAIN, headache in general, Vertex, urinating, after",سر — درد، چوٹی میں، پیشاب کے بعد,1,1,یکساں
r2924,"PAIN, vertex, walking in open air, amel.","PAIN, headache in general, Vertex, walking in open air, amel.",سر — درد، چوٹی میں، کھلی ہوا میں چلنے سے آرام,3,3,یکساں
r2927,"PAIN, vertex, writing, from","PAIN, headache in general, Vertex, writing, from",سر — درد، چوٹی میں، لکھنے سے,3,3,یکساں
r2952,"PAIN, blows, as from, temple","PAIN, headache in general, blows, as from, Temple",سر — درد، جیسے کنپٹی پر ضرب لگی ہو,1,1,یکساں
r2954,"PAIN, boring, digging, screwing","PAIN, headache in general, Boring, digging, screwing",سر — درد، برما سا، کھودتا، پیچ کستا ہوا,94,94,یکساں
r3114,"PAIN, burning, brain were on fire, as if","PAIN, headache in general, Burning, brain were on fire, as if",سر — درد، جلتا ہوا، جیسے دماغ میں آگ لگی ہو,3,3,یکساں
r3116,"PAIN, burning, chilliness, with","PAIN, headache in general, Burning, chilliness, with",سر — درد، جلتا ہوا، سردی محسوس ہونے کے ساتھ,3,3,یکساں
r3117,"PAIN, burning, climacteric, during the","PAIN, headache in general, Burning, climacteric, during the",سر — درد، جلتا ہوا، سنِ یاس کے دوران,1,1,یکساں
r3120,"PAIN, burning, dinner, after","PAIN, headache in general, Burning, dinner, after",سر — درد، جلتا ہوا، دوپہر کے کھانے کے بعد,2,2,یکساں
r3121,"PAIN, burning, hot iron around head, as from; or hot water in","PAIN, headache in general, Burning, hot iron around head, as from; or hot water in",سر — درد، جلتا ہوا، جیسے سر کے گرد گرم لوہا ہو؛ یا اندر گرم پانی,2,2,یکساں
r3126,"PAIN, burning, menses, during","PAIN, headache in general, Burning, menses, during",سر — درد، جلتا ہوا، حیض کے دوران,1,1,یکساں
r3133,"PAIN, burning, room, on entering from air","PAIN, headache in general, Burning, room, on entering from air",سر — درد، جلتا ہوا، کھلی ہوا سے کمرے میں داخل ہونے پر,1,1,یکساں
r3135,"PAIN, burning, scratching, after","PAIN, headache in general, Burning, scratching, after",سر — درد، جلتا ہوا، کھجانے کے بعد,6,6,یکساں
r3136,"PAIN, burning, sitting, while","PAIN, headache in general, Burning, sitting, while",سر — درد، جلتا ہوا، بیٹھے ہوئے,2,2,یکساں
r3139,"PAIN, burning, sparks, like","PAIN, headache in general, Burning, sparks, like",سر — درد، جلتا ہوا، چنگاریوں جیسا,1,1,یکساں
r3140,"PAIN, burning, spots, in","PAIN, headache in general, Burning, spots, in",سر — درد، جلتا ہوا، دھبوں میں,5,5,یکساں
r3141,"PAIN, burning, standing, while","PAIN, headache in general, Burning, standing, while",سر — درد، جلتا ہوا، کھڑے ہوئے,1,1,یکساں
r3143,"PAIN, burning, talking, from","PAIN, headache in general, Burning, talking, from",سر — درد، جلتا ہوا، باتیں کرنے سے,1,1,یکساں
r3145,"PAIN, burning, touched, when","PAIN, headache in general, Burning, touched, when",سر — درد، جلتا ہوا، چھونے پر,2,2,یکساں
r3146,"PAIN, burning, vomiting, after","PAIN, headache in general, Burning, vomiting, after",سر — درد، جلتا ہوا، قے کے بعد,2,2,یکساں
r3154,"PAIN, burning, forehead, right","PAIN, headache in general, Burning, Forehead, right",سر — درد، جلتا ہوا، ماتھے میں، دائیں طرف,3,3,یکساں
r3155,"PAIN, burning, forehead, left","PAIN, headache in general, Burning, Forehead, left",سر — درد، جلتا ہوا، ماتھے میں، بائیں طرف,2,2,یکساں
r3156,"PAIN, burning, forehead, morning","PAIN, headache in general, Burning, Forehead, morning",سر — درد، جلتا ہوا، ماتھے میں، صبح,3,3,یکساں
r3158,"PAIN, burning, forehead, evening","PAIN, headache in general, Burning, Forehead, evening",سر — درد، جلتا ہوا، ماتھے میں، شام,1,1,یکساں
r3160,"PAIN, burning, forehead, night","PAIN, headache in general, Burning, Forehead, night",سر — درد، جلتا ہوا، ماتھے میں، رات,2,2,ماخذی مطابق کیے
r3163,"PAIN, burning, forehead, cold hand amel.","PAIN, headache in general, Burning, Forehead, cold hand amel.",سر — درد، جلتا ہوا، ماتھے میں، ٹھنڈے ہاتھ سے آرام,2,2,یکساں
r3174,"PAIN, burning, forehead, extending to eyes","PAIN, headache in general, Burning, Forehead, extending to eyes",سر — درد، جلتا ہوا، ماتھے سے آنکھوں تک,1,1,یکساں
r3179,"PAIN, burning, forehead, sides of","PAIN, headache in general, Burning, Forehead, sides of",سر — درد، جلتا ہوا، ماتھے میں، پہلوؤں میں,7,7,یکساں
r318,"CONSTRICTION, string, as if by, from nape to ears","CONSTRICTION, tension (See also Drawing, Pressing), string, as if by, from nape to ears",سر — جکڑن، جیسے گردن کے پچھلے حصے سے کانوں تک ڈوری بندھی ہو,1,1,یکساں
r3181,"PAIN, burning, occiput, left","PAIN, headache in general, Burning, Occiput, left",سر — درد، جلتا ہوا، گدی میں، بائیں طرف,1,1,یکساں
r3182,"PAIN, burning, occiput, covering head agg.","PAIN, headache in general, Burning, Occiput, covering head agg.",سر — درد، جلتا ہوا، گدی میں، سر ڈھانپنے سے بگاڑ,1,1,یکساں
r3183,"PAIN, burning, occiput, extending down neck in morning","PAIN, headache in general, Burning, Occiput, extending down neck in morning",سر — درد، جلتا ہوا، گدی سے گردن میں نیچے تک، صبح,1,1,یکساں
r3187,"PAIN, burning, temples, right","PAIN, headache in general, Burning, Temples, right",سر — درد، جلتا ہوا، دائیں کنپٹی میں,10,10,یکساں
r3188,"PAIN, burning, temples, left","PAIN, headache in general, Burning, Temples, left",سر — درد، جلتا ہوا، بائیں کنپٹی میں,11,11,یکساں
r3189,"PAIN, burning, temples, extending to cheek","PAIN, headache in general, Burning, Temples, extending to cheek",سر — درد، جلتا ہوا، کنپٹیوں سے گال تک,1,1,یکساں
r3191,"PAIN, burning, vertex, morning","PAIN, headache in general, Burning, Vertex, morning",سر — درد، جلتا ہوا، چوٹی میں، صبح,1,1,یکساں
r3193,"PAIN, burning, vertex, noon","PAIN, headache in general, Burning, Vertex, noon",سر — درد، جلتا ہوا، چوٹی میں، دوپہر,1,1,یکساں
r3198,"PAIN, burning, vertex, rubbing amel.","PAIN, headache in general, Burning, Vertex, rubbing amel.",سر — درد، جلتا ہوا، چوٹی میں، ملنے سے آرام,1,1,یکساں
r3200,"PAIN, burning, vertex, transient","PAIN, headache in general, Burning, Vertex, transient",سر — درد، جلتا ہوا، چوٹی میں، عارضی,1,1,یکساں
r3201,"PAIN, burning, vertex, extending to temples","PAIN, headache in general, Burning, Vertex, extending to temples",سر — درد، جلتا ہوا، چوٹی سے کنپٹیوں تک,1,1,یکساں
r3207,"PAIN, burrowing, air, in open","PAIN, headache in general, Burrowing, air, in open",سر — درد، کھودتا ہوا، کھلی ہوا میں,2,2,یکساں
r3210,"PAIN, burrowing, dinner, after","PAIN, headache in general, Burrowing, dinner, after",سر — درد، کھودتا ہوا، دوپہر کے کھانے کے بعد,2,2,یکساں
r3219,"PAIN, burrowing, forehead, left","PAIN, headache in general, Burrowing, Forehead, left",سر — درد، کھودتا ہوا، ماتھے میں، بائیں طرف,1,1,یکساں
r3220,"PAIN, burrowing, forehead, morning","PAIN, headache in general, Burrowing, Forehead, morning",سر — درد، کھودتا ہوا، ماتھے میں، صبح,2,2,یکساں
r3222,"PAIN, burrowing, forehead, extending to mouth","PAIN, headache in general, Burrowing, Forehead, extending to mouth",سر — درد، کھودتا ہوا، ماتھے سے منہ تک,1,1,یکساں
r3225,"PAIN, burrowing, forehead, sides of","PAIN, headache in general, Burrowing, Forehead, sides of",سر — درد، کھودتا ہوا، ماتھے میں، پہلوؤں میں,3,3,یکساں
r3227,"PAIN, burrowing, occiput, left","PAIN, headache in general, Burrowing, Occiput, left",سر — درد، کھودتا ہوا، گدی میں، بائیں طرف,1,1,یکساں
r3228,"PAIN, burrowing, occiput, lying amel.","PAIN, headache in general, Burrowing, Occiput, lying amel.",سر — درد، کھودتا ہوا، گدی میں، لیٹنے سے آرام,1,1,یکساں
r3230,"PAIN, burrowing, sides, forenoon","PAIN, headache in general, Burrowing, Sides, forenoon",سر — درد، کھودتا ہوا، پہلوؤں میں، دوپہر سے پہلے,1,1,یکساں
r3232,"PAIN, burrowing, sides, walking in open air","PAIN, headache in general, Burrowing, Sides, walking in open air",سر — درد، کھودتا ہوا، پہلوؤں میں، کھلی ہوا میں چلنا,1,1,یکساں
r3233,"PAIN, burrowing, sides, extending to occiput","PAIN, headache in general, Burrowing, Sides, extending to occiput",سر — درد، کھودتا ہوا، پہلوؤں سے گدی تک,1,1,یکساں
r3235,"PAIN, burrowing, temples, midnight","PAIN, headache in general, Burrowing, Temples, midnight",سر — درد، کھودتا ہوا، کنپٹیوں میں، آدھی رات,1,1,یکساں
r3240,"PAIN, bursting, morning, gradually increasing till evening","PAIN, headache in general, Bursting, morning, gradually increasing till evening",سر — درد، پھٹنے جیسا، صبح شروع ہو کر شام تک آہستہ آہستہ بڑھے,3,3,یکساں
r3241,"PAIN, bursting, morning, first opening the eyes on","PAIN, headache in general, Bursting, morning, first opening the eyes on",سر — درد، پھٹنے جیسا، صبح آنکھیں کھولتے ہی,1,1,یکساں
r3245,"PAIN, bursting, night, waking him","PAIN, headache in general, Bursting, night, waking him",سر — درد، پھٹنے جیسا، رات، جگا دے,1,1,یکساں
r3249,"PAIN, bursting, calvarium were being lifted, as if","PAIN, headache in general, Bursting, calvarium were being lifted, as if",سر — درد، پھٹنے جیسا، جیسے کھوپڑی کا اوپری حصہ اٹھایا جا رہا ہو,1,1,یکساں
r3250,"PAIN, bursting, closing eyes, on","PAIN, headache in general, Bursting, closing eyes, on",سر — درد، پھٹنے جیسا، آنکھیں بند کرنے پر,1,1,یکساں
r3251,"PAIN, bursting, coughing, on","PAIN, headache in general, Bursting, coughing, on",سر — درد، پھٹنے جیسا، کھانستے وقت,27,27,یکساں
r3252,"PAIN, bursting, day, every","PAIN, headache in general, Bursting, day, every",سر — درد، پھٹنے جیسا، روزانہ,1,1,یکساں
r3253,"PAIN, bursting, eating, after","PAIN, headache in general, Bursting, eating, after",سر — درد، پھٹنے جیسا، کھانے کے بعد,3,3,یکساں
r3255,"PAIN, bursting, fever, with","PAIN, headache in general, Bursting, fever, with",سر — درد، پھٹنے جیسا، بخار کے ساتھ,2,2,یکساں
r3256,"PAIN, bursting, fly to pieces, as if would","PAIN, headache in general, Bursting, fly to pieces, as if would",سر — درد، پھٹنے جیسا، جیسے ٹکڑے ٹکڑے ہو کر اڑ جائے گا,7,7,یکساں
r3258,"PAIN, bursting, influenza, during","PAIN, headache in general, Bursting, influenza, during",سر — درد، پھٹنے جیسا، انفلوئنزا کے دوران,1,1,یکساں
r3259,"PAIN, bursting, jar, from any","PAIN, headache in general, Bursting, jar, from any",سر — درد، پھٹنے جیسا، کسی بھی جھٹکے سے,3,3,یکساں
r3261,"PAIN, bursting, menses, before","PAIN, headache in general, Bursting, menses, before",سر — درد، پھٹنے جیسا، حیض سے پہلے,5,5,یکساں
r3266,"PAIN, bursting, mental exertion, reading or writing amel.","PAIN, headache in general, Bursting, mental exertion, reading or writing amel.",سر — درد، پھٹنے جیسا، ذہنی محنت، پڑھنے یا لکھنے سے آرام,1,1,یکساں
r3267,"PAIN, bursting, motion, from","PAIN, headache in general, Bursting, motion, from",سر — درد، پھٹنے جیسا، حرکت سے,13,13,یکساں
r3271,"PAIN, bursting, press with hands, must","PAIN, headache in general, Bursting, press with hands, must",سر — درد، پھٹنے جیسا، ہاتھوں سے دبانا پڑتا ہے,3,3,یکساں
r3274,"PAIN, bursting, sitting, while","PAIN, headache in general, Bursting, sitting, while",سر — درد، پھٹنے جیسا، بیٹھے ہوئے,1,1,یکساں
r3278,"PAIN, bursting, split open with a wedge, as if","PAIN, headache in general, Bursting, split open with a wedge, as if",سر — درد، پھٹنے جیسا، جیسے پھانے سے چیر کر کھول دیا ہو,1,1,یکساں
r3279,"PAIN, bursting, Stool, after","PAIN, headache in general, Bursting, stool, after",سر — درد، پھٹنے جیسا، پاخانے کے بعد,1,1,یکساں
r3281,"PAIN, bursting, stooping, while","PAIN, headache in general, Bursting, stooping, while",سر — درد، پھٹنے جیسا، جھکتے ہوئے,9,9,یکساں
r3282,"PAIN, bursting, talking aloud, while","PAIN, headache in general, Bursting, talking aloud, while",سر — درد، پھٹنے جیسا، اونچا بولتے ہوئے,1,1,یکساں
r3283,"PAIN, bursting, turning head, after","PAIN, headache in general, Bursting, turning head, after",سر — درد، پھٹنے جیسا، سر گھمانے کے بعد,1,1,یکساں
r3284,"PAIN, bursting, waking, on","PAIN, headache in general, Bursting, waking, on",سر — درد، پھٹنے جیسا، جاگنے پر,7,7,یکساں
r3285,"PAIN, bursting, walking, while","PAIN, headache in general, Bursting, walking, while",سر — درد، پھٹنے جیسا، چلتے ہوئے,3,3,یکساں
r3288,"PAIN, bursting, weeks, every six","PAIN, headache in general, Bursting, weeks, every six",سر — درد، پھٹنے جیسا، ہر چھ ہفتے بعد,1,1,یکساں
r3290,"PAIN, bursting, brain would burst out, as if","PAIN, headache in general, Bursting, Brain would burst out, as if",سر — درد، پھٹنے جیسا، جیسے دماغ پھٹ کر باہر نکل آئے گا,7,7,یکساں
r3294,"PAIN, bursting, forehead, evening","PAIN, headache in general, Bursting, Forehead, evening",سر — درد، پھٹنے جیسا، ماتھے میں، شام,1,1,یکساں
r3295,"PAIN, bursting, forehead, night","PAIN, headache in general, Bursting, Forehead, night",سر — درد، پھٹنے جیسا، ماتھے میں، رات,1,1,یکساں
r3296,"PAIN, bursting, forehead, bandaging amel.","PAIN, headache in general, Bursting, Forehead, bandaging amel.",سر — درد، پھٹنے جیسا، ماتھے میں، پٹی باندھنے سے آرام,1,1,یکساں
r3302,"PAIN, bursting, forehead, paroxysmal","PAIN, headache in general, Bursting, Forehead, paroxysmal",سر — درد، پھٹنے جیسا، ماتھے میں، دوروں کی شکل میں,1,1,یکساں
r3303,"PAIN, bursting, forehead, extending to nose","PAIN, headache in general, Bursting, Forehead, extending to nose",سر — درد، پھٹنے جیسا، ماتھے سے ناک تک,1,1,یکساں
r3306,"PAIN, bursting, occiput, excitement","PAIN, headache in general, Bursting, Occiput, excitement",سر — درد، پھٹنے جیسا، گدی میں، جوش,1,1,یکساں
r3313,"PAIN, bursting, temples, right","PAIN, headache in general, Bursting, Temples, right",سر — درد، پھٹنے جیسا، دائیں کنپٹی میں,2,2,یکساں
r3314,"PAIN, bursting, temples, afternoon","PAIN, headache in general, Bursting, Temples, afternoon",سر — درد، پھٹنے جیسا، کنپٹیوں میں، سہ پہر,1,1,یکساں
r3316,"PAIN, bursting, temples, walking in open air amel.","PAIN, headache in general, Bursting, Temples, walking in open air amel.",سر — درد، پھٹنے جیسا، کنپٹیوں میں، کھلی ہوا میں چلنے سے آرام,1,1,یکساں
r3318,"PAIN, bursting, vertex, morning","PAIN, headache in general, Bursting, Vertex, morning",سر — درد، پھٹنے جیسا، چوٹی میں، صبح,1,1,یکساں
r3320,"PAIN, bursting, vertex, night","PAIN, headache in general, Bursting, Vertex, night",سر — درد، پھٹنے جیسا، چوٹی میں، رات,1,1,یکساں
r3321,"PAIN, bursting, vertex, binding up head amel.","PAIN, headache in general, Bursting, Vertex, binding up head amel.",سر — درد، پھٹنے جیسا، چوٹی میں، سر باندھنے سے آرام,1,1,یکساں
r3327,"PAIN, bursting, vertex, wet weather","PAIN, headache in general, Bursting, Vertex, wet weather",سر — درد، پھٹنے جیسا، چوٹی میں، نم موسم میں,1,1,یکساں
r3331,"PAIN, come off, pain as if top of head would, straining at stool","PAIN, headache in general, Come off, pain as if top of head would, straining at stool",سر — درد، جیسے سر کا اوپری حصہ اتر جائے گا، پاخانے پر زور لگاتے ہوئے,1,1,یکساں
r3333,"PAIN, cramping, morning, early after rising","PAIN, headache in general, Cramping, morning, early after rising",سر — درد، اینٹھن والا، صبح سویرے اٹھنے کے بعد,1,1,یکساں
r3336,"PAIN, cramping, suppressed catarrh, from","PAIN, headache in general, Cramping, suppressed catarrh, from",سر — درد، اینٹھن والا، دبے ہوئے نزلے سے,1,1,یکساں
r3337,"PAIN, cramping, study and exertion from, after ague","PAIN, headache in general, Cramping, study and exertion from, after ague",سر — درد، اینٹھن والا، پڑھائی اور محنت سے، باری کے بخار کے بعد,1,1,یکساں
r3338,"PAIN, cramping, vexation, after","PAIN, headache in general, Cramping, vexation, after",سر — درد، اینٹھن والا، کوفت کے بعد,1,1,یکساں
r3341,"PAIN, cramping, forehead, above root of nose","PAIN, headache in general, Cramping, Forehead, above root of nose",سر — درد، اینٹھن والا، ماتھے میں، ناک کی جڑ کے اوپر,3,3,یکساں
r3342,"PAIN, cramping, forehead, as if would lose senses","PAIN, headache in general, Cramping, Forehead, as if would lose senses",سر — درد، اینٹھن والا، ماتھے میں، جیسے ہوش کھو دے گا,2,2,یکساں
r3345,"PAIN, cramping, occiput, stooping","PAIN, headache in general, Cramping, Occiput, stooping",سر — درد، اینٹھن والا، گدی میں، جھکنا,1,1,یکساں
r3347,"PAIN, cramping, sides, right","PAIN, headache in general, Cramping, Sides, right",سر — درد، اینٹھن والا، دائیں پہلو میں,1,1,یکساں
r3348,"PAIN, cramping, sides, left","PAIN, headache in general, Cramping, Sides, left",سر — درد، اینٹھن والا، بائیں پہلو میں,2,2,یکساں
r3351,"PAIN, cramping, temples, right","PAIN, headache in general, Cramping, Temples, right",سر — درد، اینٹھن والا، دائیں کنپٹی میں,1,1,یکساں
r3352,"PAIN, cramping, temples, left","PAIN, headache in general, Cramping, Temples, left",سر — درد، اینٹھن والا، بائیں کنپٹی میں,4,4,یکساں
r3353,"PAIN, cramping, temples, afternoon","PAIN, headache in general, Cramping, Temples, afternoon",سر — درد، اینٹھن والا، کنپٹیوں میں، سہ پہر,1,1,یکساں
r3355,"PAIN, cramping, temples, extending into teeth","PAIN, headache in general, Cramping, Temples, extending into teeth",سر — درد، اینٹھن والا، کنپٹیوں سے دانتوں میں تک,1,1,یکساں
r3356,"PAIN, crushed, as if shattered, beaten to pieces","PAIN, headache in general, Crushed, as if shattered, beaten to pieces",سر — درد، جیسے کچل دیا گیا، چور چور، پیٹ پیٹ کر ٹکڑے کیا گیا ہو,45,45,یکساں
r3357,"PAIN, cutting, darting, stabbing","PAIN, headache in general, Cutting, darting, stabbing",سر — درد، کاٹتا ہوا، تیر جیسا، چھرا گھونپنے جیسا,70,70,یکساں
r338,"CONSTRICTION, forehead, band, as from","CONSTRICTION, tension (See also Drawing, Pressing), Forehead, band, as from",سر — جکڑن، ماتھے میں، جیسے پٹی سے,24,24,یکساں
r342,"CONSTRICTION, forehead, coughing, on","CONSTRICTION, tension (See also Drawing, Pressing), Forehead, coughing, on",سر — جکڑن، ماتھے میں، کھانستے وقت,3,3,یکساں
r343,"CONSTRICTION, forehead, eating, after","CONSTRICTION, tension (See also Drawing, Pressing), Forehead, eating, after",سر — جکڑن، ماتھے میں، کھانے کے بعد,1,1,یکساں
r345,"CONSTRICTION, forehead, narrow, as if too","CONSTRICTION, tension (See also Drawing, Pressing), Forehead, narrow, as if too",سر — جکڑن، ماتھے میں، جیسے بہت تنگ ہو,1,1,یکساں
r3456,"PAIN, drawing, noon, amel.","PAIN, headache in general, Drawing, noon, amel.",سر — درد، کھینچتا ہوا، دوپہر سے آرام,1,1,یکساں
r3459,"PAIN, drawing, evening, amel. in","PAIN, headache in general, Drawing, evening, amel. in",سر — درد، کھینچتا ہوا، شام کو آرام,1,1,یکساں
r346,"CONSTRICTION, forehead, string, as by","CONSTRICTION, tension (See also Drawing, Pressing), Forehead, string, as by",سر — جکڑن، ماتھے میں، جیسے ڈوری سے,2,2,یکساں
r3466,"PAIN, drawing, breath, when holding","PAIN, headache in general, Drawing, breath, when holding",سر — درد، کھینچتا ہوا، سانس روکنے پر,1,1,یکساں
r3467,"PAIN, drawing, chewing, while","PAIN, headache in general, Drawing, chewing, while",سر — درد، کھینچتا ہوا، چباتے ہوئے,1,1,یکساں
r3468,"PAIN, drawing, chilliness, during","PAIN, headache in general, Drawing, chilliness, during",سر — درد، کھینچتا ہوا، سردی محسوس ہونے کے دوران,2,2,یکساں
r3469,"PAIN, drawing, church, while in","PAIN, headache in general, Drawing, church, while in",سر — درد، کھینچتا ہوا، گرجے میں ہوتے ہوئے,1,1,یکساں
r3471,"PAIN, drawing, closing eyes, amel.","PAIN, headache in general, Drawing, closing eyes, amel.",سر — درد، کھینچتا ہوا، آنکھیں بند کرنے سے آرام,1,1,یکساں
r3473,"PAIN, drawing, cough, during","PAIN, headache in general, Drawing, cough, during",سر — درد، کھینچتا ہوا، کھانسی کے دوران,1,1,یکساں
r3476,"PAIN, drawing, dinner, after","PAIN, headache in general, Drawing, dinner, after",سر — درد، کھینچتا ہوا، دوپہر کے کھانے کے بعد,3,3,یکساں
r3477,"PAIN, drawing, draught of air, from","PAIN, headache in general, Drawing, draught of air, from",سر — درد، کھینچتا ہوا، ہوا کے جھونکے سے,2,2,یکساں
r3478,"PAIN, drawing, eating, during","PAIN, headache in general, Drawing, eating, during",سر — درد، کھینچتا ہوا، کھاتے ہوئے,1,1,یکساں
r3481,"PAIN, drawing, hat, pressure of","PAIN, headache in general, Drawing, hat, pressure of",سر — درد، کھینچتا ہوا، ٹوپی کے دباؤ سے,1,1,یکساں
r3483,"PAIN, drawing, heated, when","PAIN, headache in general, Drawing, heated, when",سر — درد، کھینچتا ہوا، گرم ہونے پر,1,1,یکساں
r3487,"PAIN, drawing, menses, during","PAIN, headache in general, Drawing, menses, during",سر — درد، کھینچتا ہوا، حیض کے دوران,3,3,یکساں
r3488,"PAIN, drawing, mental exertion, from","PAIN, headache in general, Drawing, mental exertion, from",سر — درد، کھینچتا ہوا، ذہنی محنت سے,7,7,یکساں
r349,"CONSTRICTION, forehead, over the eyes, left","CONSTRICTION, tension (See also Drawing, Pressing), Forehead, over the eyes, left",سر — جکڑن، بائیں آنکھ کے اوپر,1,1,یکساں
r3491,"PAIN, drawing, moving head, on","PAIN, headache in general, Drawing, moving head, on",سر — درد، کھینچتا ہوا، سر ہلانے پر,2,2,یکساں
r3492,"PAIN, drawing, nausea, during","PAIN, headache in general, Drawing, nausea, during",سر — درد، کھینچتا ہوا، متلی کے دوران,1,1,یکساں
r3494,"PAIN, drawing, periosteum, as if in","PAIN, headache in general, Drawing, periosteum, as if in",سر — درد، کھینچتا ہوا، جیسے ہڈی کی جھلی میں,2,2,یکساں
r3499,"PAIN, drawing, rising, when","PAIN, headache in general, Drawing, rising, when",سر — درد، کھینچتا ہوا، اٹھنے پر,3,3,یکساں
r35,"BALL, sensation as of a, forehead, in","BALL, sensation as of a, rising up, Forehead, in",سر — جیسے ماتھے میں گیند ہو,2,2,یکساں
r350,"CONSTRICTION, forehead, over the eyes, looking intently","CONSTRICTION, tension (See also Drawing, Pressing), Forehead, over the eyes, looking intently",سر — جکڑن، آنکھوں کے اوپر، غور سے دیکھنے پر,1,1,یکساں
r3501,"PAIN, drawing, sitting, while","PAIN, headache in general, Drawing, sitting, while",سر — درد، کھینچتا ہوا، بیٹھے ہوئے,5,5,یکساں
r3505,"PAIN, drawing, stooping low, on","PAIN, headache in general, Drawing, stooping low, on",سر — درد، کھینچتا ہوا، نیچے جھکنے پر,1,1,یکساں
r3508,"PAIN, drawing, swallowing, on","PAIN, headache in general, Drawing, swallowing, on",سر — درد، کھینچتا ہوا، نگلنے پر,1,1,یکساں
r3509,"PAIN, drawing, thunderstorm, during","PAIN, headache in general, Drawing, thunderstorm, during",سر — درد، کھینچتا ہوا، گرج چمک کے طوفان کے دوران,1,1,یکساں
r3510,"PAIN, drawing, touch, on","PAIN, headache in general, Drawing, touch, on",سر — درد، کھینچتا ہوا، چھونے پر,2,2,یکساں
r3511,"PAIN, drawing, waking, when","PAIN, headache in general, Drawing, waking, when",سر — درد، کھینچتا ہوا، جاگنے پر,1,1,یکساں
r3512,"PAIN, drawing, walking, while","PAIN, headache in general, Drawing, walking, while",سر — درد، کھینچتا ہوا، چلتے ہوئے,2,2,یکساں
r352,"CONSTRICTION, forehead, from margin of orbits to temples, pressure amel.","CONSTRICTION, tension (See also Drawing, Pressing), Forehead, from margin of orbits to temples, pressure amel.",سر — جکڑن، آنکھوں کے حلقوں کے کنارے سے کنپٹیوں تک، دبانے سے آرام,2,2,یکساں
r3525,"PAIN, drawing, forehead, right","PAIN, headache in general, Drawing, Forehead, right",سر — درد، کھینچتا ہوا، ماتھے میں، دائیں طرف,7,7,یکساں
r3526,"PAIN, drawing, forehead, left","PAIN, headache in general, Drawing, Forehead, left",سر — درد، کھینچتا ہوا، ماتھے میں، بائیں طرف,12,12,یکساں
r3529,"PAIN, drawing, forehead, forenoon","PAIN, headache in general, Drawing, Forehead, forenoon",سر — درد، کھینچتا ہوا، ماتھے میں، دوپہر سے پہلے,4,4,یکساں
r353,"CONSTRICTION, Forehead, nose, over root of (See Pressing Pain)","CONSTRICTION, tension (See also Drawing, Pressing), Forehead, nose, over root of (See Pressing Pain)",سر — جکڑن (کساؤ)، ناک کی جڑ کے اوپر ماتھے میں,0,0,یکساں
r3531,"PAIN, drawing, forehead, noon","PAIN, headache in general, Drawing, Forehead, noon",سر — درد، کھینچتا ہوا، ماتھے میں، دوپہر,2,2,یکساں
r3533,"PAIN, drawing, forehead, evening","PAIN, headache in general, Drawing, Forehead, evening",سر — درد، کھینچتا ہوا، ماتھے میں، شام,2,2,یکساں
r3536,"PAIN, drawing, forehead, alternating with pains in the wrist","PAIN, headache in general, Drawing, Forehead, alternating with pains in the wrist",سر — درد، کھینچتا ہوا، ماتھے میں، باری باری کلائی کے درد کے ساتھ,1,1,یکساں
r3539,"PAIN, drawing, forehead, intermittent","PAIN, headache in general, Drawing, Forehead, intermittent",سر — درد، کھینچتا ہوا، ماتھے میں، وقفے وقفے سے,1,1,یکساں
r3540,"PAIN, drawing, forehead, lying while","PAIN, headache in general, Drawing, Forehead, lying while",سر — درد، کھینچتا ہوا، ماتھے میں، لیٹے ہوئے,1,1,یکساں
r3542,"PAIN, drawing, forehead, mental exertion","PAIN, headache in general, Drawing, Forehead, mental exertion",سر — درد، کھینچتا ہوا، ماتھے میں، ذہنی محنت سے,2,2,یکساں
r3543,"PAIN, drawing, forehead, opening eyes agg.","PAIN, headache in general, Drawing, Forehead, opening eyes agg.",سر — درد، کھینچتا ہوا، ماتھے میں، آنکھیں کھولنے سے بگاڑ,1,1,یکساں
r3544,"PAIN, drawing, forehead, pressure amel.","PAIN, headache in general, Drawing, Forehead, pressure amel.",سر — درد، کھینچتا ہوا، ماتھے میں، دبانے سے آرام,1,1,یکساں
r3545,"PAIN, drawing, forehead, raising the eyes","PAIN, headache in general, Drawing, Forehead, raising the eyes",سر — درد، کھینچتا ہوا، ماتھے میں، آنکھیں اوپر اٹھانے پر,1,1,یکساں
r3546,"PAIN, drawing, forehead, rising after","PAIN, headache in general, Drawing, Forehead, rising after",سر — درد، کھینچتا ہوا، ماتھے میں، اٹھنے کے بعد,1,1,یکساں
r3549,"PAIN, drawing, forehead, stooping","PAIN, headache in general, Drawing, Forehead, stooping",سر — درد، کھینچتا ہوا، ماتھے میں، جھکنا,1,1,یکساں
r3550,"PAIN, drawing, forehead, turning eyes to side","PAIN, headache in general, Drawing, Forehead, turning eyes to side",سر — درد، کھینچتا ہوا، ماتھے میں، آنکھیں ایک طرف گھمانے پر,1,1,یکساں
r3552,"PAIN, drawing, forehead, wandering","PAIN, headache in general, Drawing, Forehead, wandering",سر — درد، کھینچتا ہوا، ماتھے میں، گھومتا پھرتا,1,1,یکساں
r3553,"PAIN, drawing, forehead, wine agg.","PAIN, headache in general, Drawing, Forehead, wine agg.",سر — درد، کھینچتا ہوا، ماتھے میں، شراب سے بگاڑ,1,1,یکساں
r3555,"PAIN, drawing, forehead, extending to eyes","PAIN, headache in general, Drawing, Forehead, extending to eyes",سر — درد، کھینچتا ہوا، ماتھے سے آنکھوں تک,6,6,یکساں
r3568,"PAIN, drawing, occiput, morning","PAIN, headache in general, Drawing, Occiput, morning",سر — درد، کھینچتا ہوا، گدی میں، صبح,1,1,یکساں
r3569,"PAIN, drawing, occiput, forenoon","PAIN, headache in general, Drawing, Occiput, forenoon",سر — درد، کھینچتا ہوا، گدی میں، دوپہر سے پہلے,1,1,یکساں
r357,"CONSTRICTION, occiput, night, lying on back","CONSTRICTION, tension (See also Drawing, Pressing), Occiput, night, lying on back",سر — جکڑن، گدی میں، رات پیٹھ کے بل لیٹے,1,1,یکساں
r3570,"PAIN, drawing, occiput, noon amel.","PAIN, headache in general, Drawing, Occiput, noon amel.",سر — درد، کھینچتا ہوا، گدی میں، دوپہر کو آرام,1,1,یکساں
r3571,"PAIN, drawing, occiput, afternoon","PAIN, headache in general, Drawing, Occiput, afternoon",سر — درد، کھینچتا ہوا، گدی میں، سہ پہر,1,1,یکساں
r3572,"PAIN, drawing, occiput, evening in bed","PAIN, headache in general, Drawing, Occiput, evening in bed",سر — درد، کھینچتا ہوا، گدی میں، شام بستر میں,1,1,یکساں
r3574,"PAIN, drawing, occiput, bending head backward amel.","PAIN, headache in general, Drawing, Occiput, bending head backward amel.",سر — درد، کھینچتا ہوا، گدی میں، سر پیچھے جھکانے سے آرام,1,1,یکساں
r3577,"PAIN, drawing, occiput, mental exertion","PAIN, headache in general, Drawing, Occiput, mental exertion",سر — درد، کھینچتا ہوا، گدی میں، ذہنی محنت سے,2,2,یکساں
r3578,"PAIN, drawing, occiput, motion amel.","PAIN, headache in general, Drawing, Occiput, motion amel.",سر — درد، کھینچتا ہوا، گدی میں، حرکت سے آرام,1,1,یکساں
r3580,"PAIN, drawing, occiput, pressure amel.","PAIN, headache in general, Drawing, Occiput, pressure amel.",سر — درد، کھینچتا ہوا، گدی میں، دبانے سے آرام,2,2,یکساں
r3583,"PAIN, drawing, occiput, stooping","PAIN, headache in general, Drawing, Occiput, stooping",سر — درد، کھینچتا ہوا، گدی میں، جھکنا,1,1,یکساں
r3584,"PAIN, drawing, occiput, swallowing","PAIN, headache in general, Drawing, Occiput, swallowing",سر — درد، کھینچتا ہوا، گدی میں، نگلنے پر,1,1,یکساں
r3585,"PAIN, drawing, occiput, walking amel.","PAIN, headache in general, Drawing, Occiput, walking amel.",سر — درد، کھینچتا ہوا، گدی میں، چلنے سے آرام,1,1,یکساں
r3586,"PAIN, drawing, occiput, wandering","PAIN, headache in general, Drawing, Occiput, wandering",سر — درد، کھینچتا ہوا، گدی میں، گھومتا پھرتا,1,1,یکساں
r3587,"PAIN, drawing, occiput, extending to ears","PAIN, headache in general, Drawing, Occiput, extending to ears",سر — درد، کھینچتا ہوا، گدی سے کانوں تک,2,2,یکساں
r360,"CONSTRICTION, occiput, coughing, on","CONSTRICTION, tension (See also Drawing, Pressing), Occiput, coughing, on",سر — جکڑن، گدی میں، کھانستے وقت,2,2,یکساں
r3608,"PAIN, drawing, sides, right","PAIN, headache in general, Drawing, Sides, right",سر — درد، کھینچتا ہوا، دائیں پہلو میں,16,16,یکساں
r3609,"PAIN, drawing, sides, left","PAIN, headache in general, Drawing, Sides, left",سر — درد، کھینچتا ہوا، بائیں پہلو میں,14,14,یکساں
r361,"CONSTRICTION, occiput, standing, on","CONSTRICTION, tension (See also Drawing, Pressing), Occiput, standing, on",سر — جکڑن، گدی میں، کھڑے ہونے پر,1,1,یکساں
r3610,"PAIN, drawing, sides, evening","PAIN, headache in general, Drawing, Sides, evening",سر — درد، کھینچتا ہوا، پہلوؤں میں، شام,1,1,یکساں
r3614,"PAIN, drawing, sides, motion agg.","PAIN, headache in general, Drawing, Sides, motion agg.",سر — درد، کھینچتا ہوا، پہلوؤں میں، حرکت سے بگاڑ,1,1,یکساں
r3615,"PAIN, drawing, sides, rheumatic","PAIN, headache in general, Drawing, Sides, rheumatic",سر — درد، کھینچتا ہوا، پہلوؤں میں، گٹھیا والا,1,1,یکساں
r3616,"PAIN, drawing, sides, side lain on","PAIN, headache in general, Drawing, Sides, side lain on",سر — درد، کھینچتا ہوا، پہلوؤں میں، جس طرف لیٹے,1,1,یکساں
r3617,"PAIN, drawing, sides, spots","PAIN, headache in general, Drawing, Sides, spots",سر — درد، کھینچتا ہوا، پہلوؤں میں، دھبوں میں,1,1,یکساں
r3618,"PAIN, drawing, sides, tearing","PAIN, headache in general, Drawing, Sides, tearing",سر — درد، کھینچتا ہوا، پہلوؤں میں، چیرتا ہوا,1,1,یکساں
r3619,"PAIN, drawing, sides, twitching","PAIN, headache in general, Drawing, Sides, twitching",سر — درد، کھینچتا ہوا، پہلوؤں میں، پھڑکتا ہوا,1,1,یکساں
r3620,"PAIN, drawing, sides, warm bed amel.","PAIN, headache in general, Drawing, Sides, warm bed amel.",سر — درد، کھینچتا ہوا، پہلوؤں میں، گرم بستر سے آرام,1,1,یکساں
r3621,"PAIN, drawing, sides, extending to clavicle","PAIN, headache in general, Drawing, Sides, extending to clavicle",سر — درد، کھینچتا ہوا، پہلوؤں سے ہنسلی کی ہڈی تک,1,1,یکساں
r3627,"PAIN, drawing, sides, behind ears","PAIN, headache in general, Drawing, Sides, behind ears",سر — درد، کھینچتا ہوا، پہلوؤں میں، کانوں کے پیچھے,1,1,یکساں
r3629,"PAIN, drawing, temples, right","PAIN, headache in general, Drawing, Temples, right",سر — درد، کھینچتا ہوا، دائیں کنپٹی میں,10,10,یکساں
r363,"CONSTRICTION, occiput, waking, on","CONSTRICTION, tension (See also Drawing, Pressing), Occiput, waking, on",سر — جکڑن، گدی میں، جاگنے پر,2,2,یکساں
r3630,"PAIN, drawing, temples, left","PAIN, headache in general, Drawing, Temples, left",سر — درد، کھینچتا ہوا، بائیں کنپٹی میں,13,13,یکساں
r3631,"PAIN, drawing, temples, afternoon","PAIN, headache in general, Drawing, Temples, afternoon",سر — درد، کھینچتا ہوا، کنپٹیوں میں، سہ پہر,1,1,یکساں
r3632,"PAIN, drawing, temples, evening","PAIN, headache in general, Drawing, Temples, evening",سر — درد، کھینچتا ہوا، کنپٹیوں میں، شام,5,5,یکساں
r3634,"PAIN, drawing, temples, ceasing suddenly","PAIN, headache in general, Drawing, Temples, ceasing suddenly",سر — درد، کھینچتا ہوا، کنپٹیوں میں، اچانک ختم ہو,1,1,یکساں
r3636,"PAIN, drawing, temples, closing eyes","PAIN, headache in general, Drawing, Temples, closing eyes",سر — درد، کھینچتا ہوا، کنپٹیوں میں، آنکھیں بند کرنا,1,1,یکساں
r3637,"PAIN, drawing, temples, coughing","PAIN, headache in general, Drawing, Temples, coughing",سر — درد، کھینچتا ہوا، کنپٹیوں میں، کھانسنا,1,1,یکساں
r3639,"PAIN, drawing, temples, increasing gradually","PAIN, headache in general, Drawing, Temples, increasing gradually",سر — درد، کھینچتا ہوا، کنپٹیوں میں، آہستہ آہستہ بڑھے,1,1,یکساں
r364,"CONSTRICTION, occiput, writing, while","CONSTRICTION, tension (See also Drawing, Pressing), Occiput, writing, while",سر — جکڑن، گدی میں، لکھتے ہوئے,1,1,یکساں
r3642,"PAIN, drawing, temples, pressure agg.","PAIN, headache in general, Drawing, Temples, pressure agg.",سر — درد، کھینچتا ہوا، کنپٹیوں میں، دبانے سے بگاڑ,1,1,یکساں
r3644,"PAIN, drawing, temples, spots","PAIN, headache in general, Drawing, Temples, spots",سر — درد، کھینچتا ہوا، کنپٹیوں میں، دھبوں میں,1,1,یکساں
r3645,"PAIN, drawing, temples, standing amel.","PAIN, headache in general, Drawing, Temples, standing amel.",سر — درد، کھینچتا ہوا، کنپٹیوں میں، کھڑے ہونے سے آرام,1,1,یکساں
r3649,"PAIN, drawing, temples, extending to eye","PAIN, headache in general, Drawing, Temples, extending to eye",سر — درد، کھینچتا ہوا، کنپٹیوں سے آنکھ تک,1,1,یکساں
r3657,"PAIN, drawing, vertex, morning","PAIN, headache in general, Drawing, Vertex, morning",سر — درد، کھینچتا ہوا، چوٹی میں، صبح,1,1,یکساں
r3661,"PAIN, drawing, vertex, extending to eyes","PAIN, headache in general, Drawing, Vertex, extending to eyes",سر — درد، کھینچتا ہوا، چوٹی سے آنکھوں تک,1,1,یکساں
r3679,"PAIN, dull, occiput, extending to vertex","PAIN, headache in general, Dull pain, Occiput, extending to vertex",سر — درد، مدھم، گدی سے چوٹی تک پھیلتا ہوا,1,1,یکساں
r3681,"PAIN, dull, sides, left","PAIN, headache in general, Dull pain, Sides, left",سر — درد، مدھم، بائیں پہلو میں,1,1,یکساں
r3683,"PAIN, dull, temples, from temple to temple","PAIN, headache in general, Dull pain, Temples, from temple to temple",سر — درد، مدھم، کنپٹی سے کنپٹی تک,1,1,یکساں
r3689,"PAIN, gnawing, night, when stepping heavily","PAIN, headache in general, Gnawing, night, when stepping heavily",سر — درد، کترتا ہوا، رات، زور سے قدم رکھنے پر,1,1,یکساں
r3690,"PAIN, gnawing, otalgia, with","PAIN, headache in general, Gnawing, otalgia, with",سر — درد، کترتا ہوا، کان کے درد کے ساتھ,1,1,یکساں
r3699,"PAIN, gnawing, temples, right","PAIN, headache in general, Gnawing, Temples, right",سر — درد، کترتا ہوا، دائیں کنپٹی میں,1,1,یکساں
r3702,"PAIN, grasping, forehead, cold foot bath amel.","PAIN, headache in general, Grasping, Forehead, cold foot bath amel.",سر — درد، پکڑنے والا، ماتھے میں، پاؤں ٹھنڈے پانی میں رکھنے سے آرام,1,1,یکساں
r3708,"PAIN, grinding, forehead, eating amel.","PAIN, headache in general, Grinding, Forehead, eating amel.",سر — درد، پیستا ہوا، ماتھے میں، کھانے سے آرام,1,1,یکساں
r3709,"PAIN, grinding, forehead, frontal eminence left","PAIN, headache in general, Grinding, Forehead, frontal eminence left",سر — درد، پیستا ہوا، ماتھے کے بائیں ابھار میں,1,1,یکساں
r3715,"PAIN, jerking, ascending steps, on","PAIN, headache in general, Jerking, ascending steps, on",سر — درد، جھٹکے دار، سیڑھیاں چڑھنے پر,2,2,یکساں
r3720,"PAIN, jerking, menses, during","PAIN, headache in general, Jerking, menses, during",سر — درد، جھٹکے دار، حیض کے دوران,1,1,یکساں
r3725,"PAIN, jerking, turning suddenly, on","PAIN, headache in general, Jerking, turning suddenly, on",سر — درد، جھٹکے دار، اچانک مڑنے پر,1,1,یکساں
r3726,"PAIN, jerking, walking, while","PAIN, headache in general, Jerking, walking, while",سر — درد، جھٹکے دار، چلتے ہوئے,2,2,یکساں
r373,"CONSTRICTION, temples, band from temple to temple, like a","CONSTRICTION, tension (See also Drawing, Pressing), Temples, band from temple to temple, like a",سر — جکڑن، کنپٹی سے کنپٹی تک پٹی کی طرح,1,1,یکساں
r3730,"PAIN, jerking, forehead, left","PAIN, headache in general, Jerking, Forehead, left",سر — درد، جھٹکے دار، ماتھے میں، بائیں طرف,2,2,یکساں
r3731,"PAIN, jerking, forehead, evening","PAIN, headache in general, Jerking, Forehead, evening",سر — درد، جھٹکے دار، ماتھے میں، شام,1,1,یکساں
r3732,"PAIN, jerking, forehead, night","PAIN, headache in general, Jerking, Forehead, night",سر — درد، جھٹکے دار، ماتھے میں، رات,1,1,یکساں
r3733,"PAIN, jerking, forehead, across","PAIN, headache in general, Jerking, Forehead, across",سر — درد، جھٹکے دار، ماتھے میں، آر پار,1,1,یکساں
r3734,"PAIN, jerking, forehead, alternating with dull aching","PAIN, headache in general, Jerking, Forehead, alternating with dull aching",سر — درد، جھٹکے دار، ماتھے میں، باری باری مدھم درد کے ساتھ,1,1,یکساں
r3736,"PAIN, jerking, forehead, extending backward","PAIN, headache in general, Jerking, Forehead, extending backward",سر — درد، جھٹکے دار، ماتھے سے پیچھے کی طرف پھیلتا ہوا,1,1,یکساں
r3739,"PAIN, jerking, occiput, intermitting","PAIN, headache in general, Jerking, Occiput, intermitting",سر — درد، جھٹکے دار، گدی میں، وقفے وقفے سے,1,1,یکساں
r374,"CONSTRICTION, temples, cough, during","CONSTRICTION, tension (See also Drawing, Pressing), Temples, cough, during",سر — جکڑن، کنپٹیوں میں، کھانسی کے دوران,5,5,یکساں
r3740,"PAIN, jerking, occiput, walking in open air","PAIN, headache in general, Jerking, Occiput, walking in open air",سر — درد، جھٹکے دار، گدی میں، کھلی ہوا میں چلنا,1,1,یکساں
r3741,"PAIN, jerking, occiput, extending forward","PAIN, headache in general, Jerking, Occiput, extending forward",سر — درد، جھٹکے دار، گدی سے آگے کی طرف,1,1,یکساں
r3744,"PAIN, jerking, sides, right","PAIN, headache in general, Jerking, Sides, right",سر — درد، جھٹکے دار، دائیں پہلو میں,4,4,یکساں
r3745,"PAIN, jerking, sides, left","PAIN, headache in general, Jerking, Sides, left",سر — درد، جھٹکے دار، بائیں پہلو میں,2,2,یکساں
r3747,"PAIN, jerking, temples, right","PAIN, headache in general, Jerking, Temples, right",سر — درد، جھٹکے دار، دائیں کنپٹی میں,1,1,یکساں
r3748,"PAIN, jerking, temples, left","PAIN, headache in general, Jerking, Temples, left",سر — درد، جھٹکے دار، بائیں کنپٹی میں,1,1,یکساں
r3749,"PAIN, jerking, temples, stepping on","PAIN, headache in general, Jerking, Temples, stepping on",سر — درد، جھٹکے دار، کنپٹیوں میں، قدم رکھنے پر,1,1,یکساں
r3750,"PAIN, jerking, temples, extending downward","PAIN, headache in general, Jerking, Temples, extending downward",سر — درد، جھٹکے دار، کنپٹیوں سے نیچے کی طرف,1,1,یکساں
r3754,"PAIN, jerking, vertex, here and there","PAIN, headache in general, Jerking, Vertex, here and there",سر — درد، جھٹکے دار، چوٹی میں، کبھی یہاں کبھی وہاں,1,1,یکساں
r3755,"PAIN, jerking, vertex, paroxysmal","PAIN, headache in general, Jerking, Vertex, paroxysmal",سر — درد، جھٹکے دار، چوٹی میں، دوروں کی شکل میں,1,1,یکساں
r3759,"PAIN, lancinating, morning, rising after","PAIN, headache in general, Lancinating (See Cutting), morning, rising after",سر — درد، نشتر جیسا، صبح اٹھنے کے بعد,2,2,یکساں
r3765,"PAIN, lancinating, exertion, on","PAIN, headache in general, Lancinating (See Cutting), exertion, on",سر — درد، نشتر جیسا، محنت پر,1,1,یکساں
r377,"CONSTRICTION, vertex, menses, during","CONSTRICTION, tension (See also Drawing, Pressing), Vertex, menses, during",سر — جکڑن، چوٹی میں، حیض کے دوران,3,3,یکساں
r3770,"PAIN, lancinating, stooping, on","PAIN, headache in general, Lancinating (See Cutting), stooping, on",سر — درد، نشتر جیسا، جھکنے پر,1,1,یکساں
r3772,"PAIN, lancinating, vertigo, with","PAIN, headache in general, Lancinating (See Cutting), vertigo, with",سر — درد، نشتر جیسا، چکر کے ساتھ,1,1,یکساں
r3773,"PAIN, lancinating, waking, on","PAIN, headache in general, Lancinating (See Cutting), waking, on",سر — درد، نشتر جیسا، جاگنے پر,1,1,یکساں
r3776,"PAIN, lancinating, brain, base of","PAIN, headache in general, Lancinating (See Cutting), Brain, base of",سر — درد، نشتر جیسا، دماغ کی بنیاد میں,1,1,یکساں
r3780,"PAIN, lancinating, forehead, afternoon","PAIN, headache in general, Lancinating (See Cutting), Forehead, afternoon",سر — درد، نشتر جیسا، ماتھے میں، سہ پہر,1,1,یکساں
r3781,"PAIN, lancinating, forehead, moving eyes","PAIN, headache in general, Lancinating (See Cutting), Forehead, moving eyes",سر — درد، نشتر جیسا، ماتھے میں، آنکھیں ہلانے پر,1,1,یکساں
r3782,"PAIN, lancinating, forehead, pressure agg.","PAIN, headache in general, Lancinating (See Cutting), Forehead, pressure agg.",سر — درد، نشتر جیسا، ماتھے میں، دبانے سے بگاڑ,1,1,یکساں
r3783,"PAIN, lancinating, forehead, extending to occiput","PAIN, headache in general, Lancinating (See Cutting), Forehead, extending to occiput",سر — درد، نشتر جیسا، ماتھے سے گدی تک,1,1,یکساں
r3787,"PAIN, lancinating, occiput, night","PAIN, headache in general, Lancinating (See Cutting), Occiput, night",سر — درد، نشتر جیسا، گدی میں، رات,1,1,یکساں
r3790,"PAIN, lancinating, sides, morning","PAIN, headache in general, Lancinating (See Cutting), Sides, morning",سر — درد، نشتر جیسا، پہلوؤں میں، صبح,1,1,یکساں
r3793,"PAIN, lancinating, temples, left when chewing","PAIN, headache in general, Lancinating (See Cutting), Temples, left when chewing",سر — درد، نشتر جیسا، بائیں کنپٹی میں، چباتے وقت,1,1,یکساں
r3794,"PAIN, lancinating, temples, temple to temple","PAIN, headache in general, Lancinating (See Cutting), Temples, temple to temple",سر — درد، نشتر جیسا، کنپٹی سے کنپٹی تک,1,1,یکساں
r3800,"PAIN, nail, as from a, walking in open air","PAIN, headache in general, Nail, as from a, walking in open air",سر — درد، کیل جیسا، کھلی ہوا میں چلنا,1,1,یکساں
r3824,"PAIN, opening and shutting, moving head or turning eyes, on","PAIN, headache in general, Opening and shutting, moving head or turning eyes, on",سر — درد، کھلنے اور بند ہونے جیسا، سر ہلانے یا آنکھیں گھمانے پر,1,1,یکساں
r3832,"PAIN, pinching, sleep, after","PAIN, headache in general, Pinching, sleep, after",سر — درد، چٹکی جیسا، نیند کے بعد,1,1,یکساں
r3834,"PAIN, pinching, walking, on","PAIN, headache in general, Pinching, walking, on",سر — درد، چٹکی جیسا، چلنے پر,1,1,یکساں
r3836,"PAIN, pinching, forehead, extending to root of nose","PAIN, headache in general, Pinching, Forehead, extending to root of nose",سر — درد، چٹکی جیسا، ماتھے سے ناک کی جڑ تک,1,1,یکساں
r3840,"PAIN, pinching, temples, right","PAIN, headache in general, Pinching, Temples, right",سر — درد، چٹکی جیسا، دائیں کنپٹی میں,3,3,یکساں
r3841,"PAIN, pinching, temples, left","PAIN, headache in general, Pinching, Temples, left",سر — درد، چٹکی جیسا، بائیں کنپٹی میں,2,2,یکساں
r3843,"PAIN, pinching, temples, extending to ear","PAIN, headache in general, Pinching, Temples, extending to ear",سر — درد، چٹکی جیسا، کنپٹی سے کان تک,1,1,یکساں
r3856,"PAIN, pressing, morning, rising on","PAIN, headache in general, Pressing (See Bursting, Drawing), morning, rising on",سر — درد، دبانے والا، صبح اٹھتے وقت,10,10,یکساں
r3861,"PAIN, pressing, noon, toward amel.","PAIN, headache in general, Pressing (See Bursting, Drawing), noon, toward amel.",سر — درد، دبانے والا، دوپہر کی طرف آرام,2,2,یکساں
r3863,"PAIN, pressing, afternoon, 2 p.m.","PAIN, headache in general, Pressing (See Bursting, Drawing), afternoon, 2 p.m.",سر — درد، دبانے والا، سہ پہر 2 بجے,1,1,یکساں
r3865,"PAIN, pressing, evening, amel.","PAIN, headache in general, Pressing (See Bursting, Drawing), evening, amel.",سر — درد، دبانے والا، شام کو آرام,1,1,یکساں
r3871,"PAIN, pressing, night, 2 a.m.","PAIN, headache in general, Pressing (See Bursting, Drawing), night, 2 a.m.",سر — درد، دبانے والا، رات 2 بجے,1,1,یکساں
r3875,"PAIN, pressing, armor, as if in","PAIN, headache in general, Pressing (See Bursting, Drawing), armor, as if in",سر — درد، دبانے والا، جیسے زرہ (لوہے کے خول) میں ہو,21,21,یکساں
r3876,"PAIN, pressing, ascending steps, on","PAIN, headache in general, Pressing (See Bursting, Drawing), ascending steps, on",سر — درد، دبانے والا، سیڑھیاں چڑھنے پر,4,4,یکساں
r3878,"PAIN, pressing, band, as if by","PAIN, headache in general, Pressing (See Bursting, Drawing), band, as if by",سر — درد، دبانے والا، جیسے پٹی سے,15,15,یکساں
r3879,"PAIN, pressing, bed, while in","PAIN, headache in general, Pressing (See Bursting, Drawing), bed, while in",سر — درد، دبانے والا، بستر، اندر ہوتے ہوئے,7,7,یکساں
r3885,"PAIN, pressing, boards, as if compressed by two","PAIN, headache in general, Pressing (See Bursting, Drawing), boards, as if compressed by two",سر — درد، دبانے والا، جیسے دو تختوں میں دبایا گیا ہو,1,1,یکساں
r3886,"PAIN, pressing, breakfast, after","PAIN, headache in general, Pressing (See Bursting, Drawing), breakfast, after",سر — درد، دبانے والا، ناشتے کے بعد,3,3,یکساں
r3891,"PAIN, pressing, chill, during","PAIN, headache in general, Pressing (See Bursting, Drawing), chill, during",سر — درد، دبانے والا، سردی لگنے کے دوران,2,2,یکساں
r3894,"PAIN, pressing, coffee, after","PAIN, headache in general, Pressing (See Bursting, Drawing), coffee, after",سر — درد، دبانے والا، کافی کے بعد,2,2,یکساں
r3896,"PAIN, pressing, company, while in","PAIN, headache in general, Pressing (See Bursting, Drawing), company, while in",سر — درد، دبانے والا، لوگوں میں,2,2,یکساں
r3897,"PAIN, pressing, congestion, as from","PAIN, headache in general, Pressing (See Bursting, Drawing), congestion, as from",سر — درد، دبانے والا، جیسے خون کے جماؤ سے,5,5,یکساں
r3898,"PAIN, pressing, constipation, during","PAIN, headache in general, Pressing (See Bursting, Drawing), constipation, during",سر — درد، دبانے والا، قبض کے دوران,1,1,یکساں
r3900,"PAIN, pressing, coughing, while","PAIN, headache in general, Pressing (See Bursting, Drawing), coughing, while",سر — درد، دبانے والا، کھانستے ہوئے,20,20,یکساں
r3903,"PAIN, pressing, darkness, in","PAIN, headache in general, Pressing (See Bursting, Drawing), darkness, in",سر — درد، دبانے والا، اندھیرے میں,1,1,یکساں
r3907,"PAIN, pressing, dinner, during","PAIN, headache in general, Pressing (See Bursting, Drawing), dinner, during",سر — درد، دبانے والا، دوپہر کے کھانے کے دوران,1,1,یکساں
r3913,"PAIN, pressing, eating, after","PAIN, headache in general, Pressing (See Bursting, Drawing), eating, after",سر — درد، دبانے والا، کھانے کے بعد,22,22,یکساں
r3915,"PAIN, pressing, excitement, after","PAIN, headache in general, Pressing (See Bursting, Drawing), excitement, after",سر — درد، دبانے والا، جوش کے بعد,1,1,یکساں
r3917,"PAIN, pressing, fever, during","PAIN, headache in general, Pressing (See Bursting, Drawing), fever, during",سر — درد، دبانے والا، بخار کے دوران,1,1,یکساں
r3921,"PAIN, pressing, hat, pressure of","PAIN, headache in general, Pressing (See Bursting, Drawing), hat, pressure of",سر — درد، دبانے والا، ٹوپی کے دباؤ سے,4,4,یکساں
r3923,"PAIN, pressing, heated, when","PAIN, headache in general, Pressing (See Bursting, Drawing), heated, when",سر — درد، دبانے والا، گرم ہونے پر,1,1,یکساں
r3924,"PAIN, pressing, hiccough, during","PAIN, headache in general, Pressing (See Bursting, Drawing), hiccough, during",سر — درد، دبانے والا، ہچکی کے دوران,1,1,یکساں
r3925,"PAIN, pressing, hot things, from","PAIN, headache in general, Pressing (See Bursting, Drawing), hot things, from",سر — درد، دبانے والا، گرم چیزوں سے,1,1,یکساں
r3935,"PAIN, pressing, menses, before","PAIN, headache in general, Pressing (See Bursting, Drawing), menses, before",سر — درد، دبانے والا، حیض سے پہلے,8,8,یکساں
r3950,"PAIN, pressing, nosebleed, before","PAIN, headache in general, Pressing (See Bursting, Drawing), nosebleed, before",سر — درد، دبانے والا، نکسیر سے پہلے,1,1,یکساں
r3951,"PAIN, pressing, opening eyes, after sleep","PAIN, headache in general, Pressing (See Bursting, Drawing), opening eyes, after sleep",سر — درد، دبانے والا، نیند کے بعد آنکھیں کھولنے پر,1,1,یکساں
r3961,"PAIN, pressing, reading, while","PAIN, headache in general, Pressing (See Bursting, Drawing), reading, while",سر — درد، دبانے والا، پڑھتے ہوئے,5,5,یکساں
r3963,"PAIN, pressing, rising, on","PAIN, headache in general, Pressing (See Bursting, Drawing), rising, on",سر — درد، دبانے والا، اٹھنے پر,8,8,یکساں
r3974,"PAIN, pressing, shaking head, on","PAIN, headache in general, Pressing (See Bursting, Drawing), shaking head, on",سر — درد، دبانے والا، سر ہلانے پر,5,5,یکساں
r3982,"PAIN, pressing, sleeping on the affected side (left), while","PAIN, headache in general, Pressing (See Bursting, Drawing), sleeping on the affected side (left), while",سر — درد، دبانے والا، متاثرہ (بائیں) پہلو پر سوتے ہوئے,1,1,یکساں
r3983,"PAIN, pressing, smoking, from","PAIN, headache in general, Pressing (See Bursting, Drawing), smoking, from",سر — درد، دبانے والا، تمباکو نوشی سے,2,2,یکساں
r3984,"PAIN, pressing, sneezing, after","PAIN, headache in general, Pressing (See Bursting, Drawing), sneezing, after",سر — درد، دبانے والا، چھینک کے بعد,2,2,یکساں
r3985,"PAIN, pressing, spots, in","PAIN, headache in general, Pressing (See Bursting, Drawing), spots, in",سر — درد، دبانے والا، دھبوں میں,16,16,یکساں
r3988,"PAIN, pressing, stool, before","PAIN, headache in general, Pressing (See Bursting, Drawing), stool, before",سر — درد، دبانے والا، پاخانے سے پہلے,1,1,یکساں
r3995,"PAIN, pressing, supper, after","PAIN, headache in general, Pressing (See Bursting, Drawing), supper, after",سر — درد، دبانے والا، رات کے کھانے کے بعد,2,2,یکساں
r3996,"PAIN, pressing, talking loudly, from","PAIN, headache in general, Pressing (See Bursting, Drawing), talking loudly, from",سر — درد، دبانے والا، اونچا بولنے سے,1,1,یکساں
r4003,"PAIN, pressing, vise, as if in a","PAIN, headache in general, Pressing (See Bursting, Drawing), vise, as if in a",سر — درد، دبانے والا، جیسے شکنجے میں ہو,50,50,یکساں
r4006,"PAIN, pressing, walking, while","PAIN, headache in general, Pressing (See Bursting, Drawing), walking, while",سر — درد، دبانے والا، چلتے ہوئے,14,14,یکساں
r4010,"PAIN, pressing, washing, after amel.","PAIN, headache in general, Pressing (See Bursting, Drawing), washing, after amel.",سر — درد، دبانے والا، دھونے کے بعد آرام,3,3,یکساں
r4012,"PAIN, pressing, weight, as from","PAIN, headache in general, Pressing (See Bursting, Drawing), weight, as from",سر — درد، دبانے والا، جیسے وزن سے,28,28,یکساں
r4015,"PAIN, pressing, writing, while","PAIN, headache in general, Pressing (See Bursting, Drawing), writing, while",سر — درد، دبانے والا، لکھتے ہوئے,7,7,یکساں
r4028,"PAIN, pressing, forehead, daytime","PAIN, headache in general, Pressing (See Bursting, Drawing), Forehead, daytime",سر — درد، دبانے والا، ماتھے میں، دن کے وقت,5,5,یکساں
r4033,"PAIN, pressing, forehead, forenoon","PAIN, headache in general, Pressing (See Bursting, Drawing), Forehead, forenoon",سر — درد، دبانے والا، ماتھے میں، دوپہر سے پہلے,8,8,یکساں
r4036,"PAIN, pressing, forehead, noon","PAIN, headache in general, Pressing (See Bursting, Drawing), Forehead, noon",سر — درد، دبانے والا، ماتھے میں، دوپہر,3,3,یکساں
r4039,"PAIN, pressing, forehead, evening","PAIN, headache in general, Pressing (See Bursting, Drawing), Forehead, evening",سر — درد، دبانے والا، ماتھے میں، شام,20,20,یکساں
r4043,"PAIN, pressing, forehead, alternating with expansion","PAIN, headache in general, Pressing (See Bursting, Drawing), Forehead, alternating with expansion",سر — درد، دبانے والا، ماتھے میں، باری باری پھیلاؤ کے ساتھ,1,1,یکساں
r4045,"PAIN, pressing, forehead, ascending steps","PAIN, headache in general, Pressing (See Bursting, Drawing), Forehead, ascending steps",سر — درد، دبانے والا، ماتھے میں، سیڑھیاں چڑھتے ہوئے,3,3,یکساں
r4046,"PAIN, pressing, forehead, backward","PAIN, headache in general, Pressing (See Bursting, Drawing), Forehead, backward",سر — درد، دبانے والا، ماتھے میں، پیچھے کی طرف,3,3,یکساں
r4057,"PAIN, pressing, forehead, closing eyes amel.","PAIN, headache in general, Pressing (See Bursting, Drawing), Forehead, closing eyes amel.",سر — درد، دبانے والا، ماتھے میں، آنکھیں بند کرنے سے آرام,2,2,یکساں
r4058,"PAIN, pressing, forehead, cold air agg.","PAIN, headache in general, Pressing (See Bursting, Drawing), Forehead, cold air agg.",سر — درد، دبانے والا، ماتھے میں، ٹھنڈی ہوا سے بگاڑ,1,1,یکساں
r4059,"PAIN, pressing, forehead, cold applications amel.","PAIN, headache in general, Pressing (See Bursting, Drawing), Forehead, cold applications amel.",سر — درد، دبانے والا، ماتھے میں، ٹھنڈی پٹیوں سے آرام,5,5,یکساں
r4060,"PAIN, pressing, forehead, company agg.","PAIN, headache in general, Pressing (See Bursting, Drawing), Forehead, company agg.",سر — درد، دبانے والا، ماتھے میں، لوگوں میں بگاڑ,1,1,یکساں
r4062,"PAIN, pressing, forehead, cramp-like","PAIN, headache in general, Pressing (See Bursting, Drawing), Forehead, cramp-like",سر — درد، دبانے والا، ماتھے میں، اینٹھن جیسا,1,1,یکساں
r4063,"PAIN, pressing, forehead, crowded room","PAIN, headache in general, Pressing (See Bursting, Drawing), Forehead, crowded room",سر — درد، دبانے والا، ماتھے میں، بھرے ہوئے کمرے میں,2,2,یکساں
r4064,"PAIN, pressing, forehead, descending steps","PAIN, headache in general, Pressing (See Bursting, Drawing), Forehead, descending steps",سر — درد، دبانے والا، ماتھے میں، سیڑھیاں اترتے ہوئے,2,2,یکساں
r4066,"PAIN, pressing, forehead, downward","PAIN, headache in general, Pressing (See Bursting, Drawing), Forehead, downward",سر — درد، دبانے والا، ماتھے میں، نیچے کی طرف,16,16,یکساں
r4070,"PAIN, pressing, forehead, excitement","PAIN, headache in general, Pressing (See Bursting, Drawing), Forehead, excitement",سر — درد، دبانے والا، ماتھے میں، جوش,1,1,یکساں
r4074,"PAIN, pressing, forehead, forward","PAIN, headache in general, Pressing (See Bursting, Drawing), Forehead, forward",سر — درد، دبانے والا، ماتھے میں، آگے کی طرف,5,5,یکساں
r4078,"PAIN, pressing, forehead, intermittent","PAIN, headache in general, Pressing (See Bursting, Drawing), Forehead, intermittent",سر — درد، دبانے والا، ماتھے میں، وقفے وقفے سے,3,3,یکساں
r4079,"PAIN, pressing, forehead, inward","PAIN, headache in general, Pressing (See Bursting, Drawing), Forehead, inward",سر — درد، دبانے والا، ماتھے میں، اندر کی طرف,29,29,یکساں
r4080,"PAIN, pressing, forehead, jarring agg.","PAIN, headache in general, Pressing (See Bursting, Drawing), Forehead, jarring agg.",سر — درد، دبانے والا، ماتھے میں، جھٹکے سے بگاڑ,6,6,یکساں
r4081,"PAIN, pressing, forehead, light agg.","PAIN, headache in general, Pressing (See Bursting, Drawing), Forehead, light agg.",سر — درد، دبانے والا، ماتھے میں، روشنی سے بگاڑ,1,1,یکساں
r4082,"PAIN, pressing, forehead, looking intently","PAIN, headache in general, Pressing (See Bursting, Drawing), Forehead, looking intently",سر — درد، دبانے والا، ماتھے میں، غور سے دیکھنے پر,2,2,یکساں
r4083,"PAIN, pressing, forehead, lying amel.","PAIN, headache in general, Pressing (See Bursting, Drawing), Forehead, lying amel.",سر — درد، دبانے والا، ماتھے میں، لیٹنے سے آرام,3,3,یکساں
r4095,"PAIN, pressing, forehead, noise agg.","PAIN, headache in general, Pressing (See Bursting, Drawing), Forehead, noise agg.",سر — درد، دبانے والا، ماتھے میں، شور سے بگاڑ,2,2,یکساں
r4096,"PAIN, pressing, forehead, opening the eyes","PAIN, headache in general, Pressing (See Bursting, Drawing), Forehead, opening the eyes",سر — درد، دبانے والا، ماتھے میں، آنکھیں کھولنے پر,2,2,یکساں
r4097,"PAIN, pressing, forehead, outward","PAIN, headache in general, Pressing (See Bursting, Drawing), Forehead, outward",سر — درد، دبانے والا، ماتھے میں، باہر کی طرف,94,94,ماخذی مطابق کیے
r4099,"PAIN, pressing, forehead, paroxysmal","PAIN, headache in general, Pressing (See Bursting, Drawing), Forehead, paroxysmal",سر — درد، دبانے والا، ماتھے میں، دوروں کی شکل میں,3,3,یکساں
r4100,"PAIN, pressing, forehead, pressure amel.","PAIN, headache in general, Pressing (See Bursting, Drawing), Forehead, pressure amel.",سر — درد، دبانے والا، ماتھے میں، دبانے سے آرام,8,8,یکساں
r4101,"PAIN, pressing, forehead, raising the head","PAIN, headache in general, Pressing (See Bursting, Drawing), Forehead, raising the head",سر — درد، دبانے والا، ماتھے میں، سر اٹھانے پر,1,1,یکساں
r4103,"PAIN, pressing, forehead, riding","PAIN, headache in general, Pressing (See Bursting, Drawing), Forehead, riding",سر — درد، دبانے والا، ماتھے میں، سواری سے,1,1,یکساں
r4106,"PAIN, pressing, forehead, shaking the head","PAIN, headache in general, Pressing (See Bursting, Drawing), Forehead, shaking the head",سر — درد، دبانے والا، ماتھے میں، سر ہلانے پر,1,1,یکساں
r4109,"PAIN, pressing, forehead, smoking","PAIN, headache in general, Pressing (See Bursting, Drawing), Forehead, smoking",سر — درد، دبانے والا، ماتھے میں، تمباکو نوشی سے,3,3,یکساں
r4111,"PAIN, pressing, forehead, spots","PAIN, headache in general, Pressing (See Bursting, Drawing), Forehead, spots",سر — درد، دبانے والا، ماتھے میں، دھبوں میں,3,3,یکساں
r4117,"PAIN, pressing, forehead, sudden","PAIN, headache in general, Pressing (See Bursting, Drawing), Forehead, sudden",سر — درد، دبانے والا، ماتھے میں، اچانک,1,1,یکساں
r4120,"PAIN, pressing, forehead, thinking of it","PAIN, headache in general, Pressing (See Bursting, Drawing), Forehead, thinking of it",سر — درد، دبانے والا، ماتھے میں، اس کے بارے میں سوچنے سے,1,1,یکساں
r4121,"PAIN, pressing, forehead, uncovering body amel.","PAIN, headache in general, Pressing (See Bursting, Drawing), Forehead, uncovering body amel.",سر — درد، دبانے والا، ماتھے میں، جسم کھولنے سے آرام,1,1,یکساں
r4122,"PAIN, pressing, forehead, upward","PAIN, headache in general, Pressing (See Bursting, Drawing), Forehead, upward",سر — درد، دبانے والا، ماتھے میں، اوپر کی طرف,2,2,یکساں
r4131,"PAIN, pressing, Forehead, wedge-like (See Plug)","PAIN, headache in general, Pressing (See Bursting, Drawing), Forehead, wedge-like (See Plug)",سر — درد، دبانے والا، ماتھے میں، پھانے جیسا,0,0,یکساں
r4133,"PAIN, pressing, forehead, weight of hat","PAIN, headache in general, Pressing (See Bursting, Drawing), Forehead, weight of hat",سر — درد، دبانے والا، ماتھے میں، ٹوپی کے وزن سے,1,1,یکساں
r4135,"PAIN, pressing, forehead, extending downward","PAIN, headache in general, Pressing (See Bursting, Drawing), Forehead, extending downward",سر — درد، دبانے والا، ماتھے سے نیچے کی طرف,3,3,یکساں
r4146,"PAIN, pressing, forehead, above","PAIN, headache in general, Pressing (See Bursting, Drawing), Forehead, above",سر — درد، دبانے والا، ماتھے میں، اوپر,10,10,یکساں
r4157,"PAIN, pressing, forehead, eminence, frontal, air, open, amel.","PAIN, headache in general, Pressing (See Bursting, Drawing), Forehead, eminence, frontal, air, open, in, amel.",سر — درد، دبانے والا، ماتھے کے ابھار میں، کھلی ہوا میں آرام,1,1,یکساں
r4207,"PAIN, pressing, occiput, forenoon","PAIN, headache in general, Pressing (See Bursting, Drawing), Occiput, forenoon",سر — درد، دبانے والا، گدی میں، دوپہر سے پہلے,4,4,یکساں
r4208,"PAIN, pressing, occiput, afternoon","PAIN, headache in general, Pressing (See Bursting, Drawing), Occiput, afternoon",سر — درد، دبانے والا، گدی میں، سہ پہر,2,2,یکساں
r4209,"PAIN, pressing, occiput, evening","PAIN, headache in general, Pressing (See Bursting, Drawing), Occiput, evening",سر — درد، دبانے والا، گدی میں، شام,4,4,یکساں
r4212,"PAIN, pressing, occiput, night","PAIN, headache in general, Pressing (See Bursting, Drawing), Occiput, night",سر — درد، دبانے والا، گدی میں، رات,1,1,یکساں
r4216,"PAIN, pressing, occiput, asunder","PAIN, headache in general, Pressing (See Bursting, Drawing), Occiput, asunder",سر — درد، دبانے والا، گدی میں، پھٹ کر الگ ہو جائے,4,4,یکساں
r4218,"PAIN, pressing, occiput, bending head backward amel.","PAIN, headache in general, Pressing (See Bursting, Drawing), Occiput, bending head backward amel.",سر — درد، دبانے والا، گدی میں، سر پیچھے جھکانے سے آرام,1,1,یکساں
r4220,"PAIN, pressing, occiput, downward","PAIN, headache in general, Pressing (See Bursting, Drawing), Occiput, downward",سر — درد، دبانے والا، گدی میں، نیچے کی طرف,2,2,یکساں
r4225,"PAIN, pressing, occiput, forward","PAIN, headache in general, Pressing (See Bursting, Drawing), Occiput, forward",سر — درد، دبانے والا، گدی میں، آگے کی طرف,7,7,یکساں
r4226,"PAIN, pressing, occiput, holding head erect amel.","PAIN, headache in general, Pressing (See Bursting, Drawing), Occiput, holding head erect amel.",سر — درد، دبانے والا، گدی میں، سر سیدھا رکھنے سے آرام,1,1,یکساں
r4227,"PAIN, pressing, occiput, intermittent","PAIN, headache in general, Pressing (See Bursting, Drawing), Occiput, intermittent",سر — درد، دبانے والا، گدی میں، وقفے وقفے سے,2,2,یکساں
r4228,"PAIN, pressing, occiput, inward","PAIN, headache in general, Pressing (See Bursting, Drawing), Occiput, inward",سر — درد، دبانے والا، گدی میں، اندر کی طرف,14,14,یکساں
r4230,"PAIN, pressing, occiput, looking up","PAIN, headache in general, Pressing (See Bursting, Drawing), Occiput, looking up",سر — درد، دبانے والا، گدی میں، اوپر دیکھنے پر,1,1,یکساں
r4231,"PAIN, pressing, occiput, lying on back","PAIN, headache in general, Pressing (See Bursting, Drawing), Occiput, lying on back",سر — درد، دبانے والا، گدی میں، پیٹھ کے بل لیٹے ہوئے,1,1,یکساں
r4234,"PAIN, pressing, occiput, mental exertion","PAIN, headache in general, Pressing (See Bursting, Drawing), Occiput, mental exertion",سر — درد، دبانے والا، گدی میں، ذہنی محنت سے,3,3,یکساں
r4236,"PAIN, pressing, occiput, noise agg.","PAIN, headache in general, Pressing (See Bursting, Drawing), Occiput, noise agg.",سر — درد، دبانے والا، گدی میں، شور سے بگاڑ,4,4,یکساں
r4237,"PAIN, pressing, occiput, outward","PAIN, headache in general, Pressing (See Bursting, Drawing), Occiput, outward",سر — درد، دبانے والا، گدی میں، باہر کی طرف,14,14,یکساں
r4238,"PAIN, pressing, occiput, paroxysmal","PAIN, headache in general, Pressing (See Bursting, Drawing), Occiput, paroxysmal",سر — درد، دبانے والا، گدی میں، دوروں کی شکل میں,1,1,یکساں
r4239,"PAIN, pressing, occiput, pressure amel.","PAIN, headache in general, Pressing (See Bursting, Drawing), Occiput, pressure amel.",سر — درد، دبانے والا، گدی میں، دبانے سے آرام,1,1,یکساں
r4240,"PAIN, pressing, occiput, pulsating","PAIN, headache in general, Pressing (See Bursting, Drawing), Occiput, pulsating",سر — درد، دبانے والا، گدی میں، دھڑکتا ہوا,5,5,یکساں
r4241,"PAIN, pressing, occiput, reading","PAIN, headache in general, Pressing (See Bursting, Drawing), Occiput, reading",سر — درد، دبانے والا، گدی میں، پڑھنا,1,1,یکساں
r4242,"PAIN, pressing, occiput, rising from bed","PAIN, headache in general, Pressing (See Bursting, Drawing), Occiput, rising from bed",سر — درد، دبانے والا، گدی میں، بستر سے اٹھنے پر,1,1,یکساں
r4243,"PAIN, pressing, occiput, rubbing amel.","PAIN, headache in general, Pressing (See Bursting, Drawing), Occiput, rubbing amel.",سر — درد، دبانے والا، گدی میں، ملنے سے آرام,2,2,یکساں
r4255,"PAIN, pressing, occiput, touch agg.","PAIN, headache in general, Pressing (See Bursting, Drawing), Occiput, touch agg.",سر — درد، دبانے والا، گدی میں، چھونے سے بگاڑ,2,2,یکساں
r4261,"PAIN, pressing, occiput, warm room agg.","PAIN, headache in general, Pressing (See Bursting, Drawing), Occiput, warm room agg.",سر — درد، دبانے والا، گدی میں، گرم کمرے میں بگاڑ,5,5,یکساں
r4262,"PAIN, pressing, occiput, weight or stone","PAIN, headache in general, Pressing (See Bursting, Drawing), Occiput, weight or stone",سر — درد، دبانے والا، گدی میں، جیسے وزن یا پتھر,21,21,یکساں
r4263,"PAIN, pressing, occiput, wrapping up head amel.","PAIN, headache in general, Pressing (See Bursting, Drawing), Occiput, wrapping up head amel.",سر — درد، دبانے والا، گدی میں، سر لپیٹنے سے آرام,1,1,یکساں
r4265,"PAIN, pressing, occiput, extending into back and chest at noon","PAIN, headache in general, Pressing (See Bursting, Drawing), Occiput, extending into back and chest at noon",سر — درد، دبانے والا، گدی سے کمر اور سینے تک، دوپہر کو,1,1,یکساں
r4290,"PAIN, pressing, sides, both sides","PAIN, headache in general, Pressing (See Bursting, Drawing), Sides, both sides",سر — درد، دبانے والا، دونوں پہلوؤں میں,26,26,یکساں
r4297,"PAIN, pressing, sides, asunder","PAIN, headache in general, Pressing (See Bursting, Drawing), Sides, asunder",سر — درد، دبانے والا، پہلوؤں میں، پھٹ کر الگ ہو جائے,2,2,یکساں
r4303,"PAIN, pressing, sides, downward","PAIN, headache in general, Pressing (See Bursting, Drawing), Sides, downward",سر — درد، دبانے والا، پہلوؤں میں، نیچے کی طرف,2,2,یکساں
r4307,"PAIN, pressing, sides, inward","PAIN, headache in general, Pressing (See Bursting, Drawing), Sides, inward",سر — درد، دبانے والا، پہلوؤں میں، اندر کی طرف,17,17,یکساں
r4314,"PAIN, pressing, sides, side lain on","PAIN, headache in general, Pressing (See Bursting, Drawing), Sides, side lain on",سر — درد، دبانے والا، پہلوؤں میں، جس طرف لیٹے,1,1,یکساں
r4315,"PAIN, pressing, sides, skull feels smaller","PAIN, headache in general, Pressing (See Bursting, Drawing), Sides, skull feels smaller",سر — درد، دبانے والا، پہلوؤں میں، کھوپڑی چھوٹی محسوس ہو,1,1,یکساں
r4316,"PAIN, pressing, sides, stooping","PAIN, headache in general, Pressing (See Bursting, Drawing), Sides, stooping",سر — درد، دبانے والا، پہلوؤں میں، جھکنا,1,1,یکساں
r4321,"PAIN, pressing, sides, walking in open air amel.","PAIN, headache in general, Pressing (See Bursting, Drawing), Sides, walking in open air amel.",سر — درد، دبانے والا، پہلوؤں میں، کھلی ہوا میں چلنے سے آرام,1,1,یکساں
r4329,"PAIN, pressing, temples, left","PAIN, headache in general, Pressing (See Bursting, Drawing), Temples, left",سر — درد، دبانے والا، بائیں کنپٹی میں,11,11,یکساں
r4330,"PAIN, pressing, temples, daytime","PAIN, headache in general, Pressing (See Bursting, Drawing), Temples, daytime",سر — درد، دبانے والا، کنپٹیوں میں، دن کے وقت,2,2,یکساں
r4335,"PAIN, pressing, temples, forenoon","PAIN, headache in general, Pressing (See Bursting, Drawing), Temples, forenoon",سر — درد، دبانے والا، کنپٹیوں میں، دوپہر سے پہلے,4,4,یکساں
r4336,"PAIN, pressing, temples, noon","PAIN, headache in general, Pressing (See Bursting, Drawing), Temples, noon",سر — درد، دبانے والا، کنپٹیوں میں، دوپہر,2,2,یکساں
r4337,"PAIN, pressing, temples, afternoon","PAIN, headache in general, Pressing (See Bursting, Drawing), Temples, afternoon",سر — درد، دبانے والا، کنپٹیوں میں، سہ پہر,4,4,یکساں
r4340,"PAIN, pressing, temples, night","PAIN, headache in general, Pressing (See Bursting, Drawing), Temples, night",سر — درد، دبانے والا، کنپٹیوں میں، رات,2,2,یکساں
r4342,"PAIN, pressing, temples, alternating with drawing in occiput","PAIN, headache in general, Pressing (See Bursting, Drawing), Temples, alternating with drawing in occiput",سر — درد، دبانے والا، کنپٹیوں میں، باری باری گدی میں کھنچاؤ کے ساتھ,1,1,یکساں
r4343,"PAIN, pressing, temples, bending backwards agg.","PAIN, headache in general, Pressing (See Bursting, Drawing), Temples, bending backwards agg.",سر — درد، دبانے والا، کنپٹیوں میں، پیچھے جھکنے سے بگاڑ,1,1,یکساں
r4347,"PAIN, pressing, temples, cutting","PAIN, headache in general, Pressing (See Bursting, Drawing), Temples, cutting",سر — درد، دبانے والا، کنپٹیوں میں، کاٹتا ہوا,1,1,یکساں
r4348,"PAIN, pressing, temples, digital","PAIN, headache in general, Pressing (See Bursting, Drawing), Temples, digital",سر — درد، دبانے والا، کنپٹیوں میں، جیسے انگلی سے,10,10,یکساں
r4352,"PAIN, pressing, temples, excitement","PAIN, headache in general, Pressing (See Bursting, Drawing), Temples, excitement",سر — درد، دبانے والا، کنپٹیوں میں، جوش,1,1,یکساں
r4355,"PAIN, pressing, temples, forward","PAIN, headache in general, Pressing (See Bursting, Drawing), Temples, forward",سر — درد، دبانے والا، کنپٹیوں میں، آگے کی طرف,1,1,یکساں
r4357,"PAIN, pressing, temples, increasing and decreasing gradually","PAIN, headache in general, Pressing (See Bursting, Drawing), Temples, increasing and decreasing gradually",سر — درد، دبانے والا، کنپٹیوں میں، آہستہ آہستہ بڑھے اور گھٹے,1,1,یکساں
r4358,"PAIN, pressing, temples, inwards","PAIN, headache in general, Pressing (See Bursting, Drawing), Temples, inwards",سر — درد، دبانے والا، کنپٹیوں میں، اندر کی طرف,41,41,یکساں
r4359,"PAIN, pressing, temples, leaning forward on a table amel.","PAIN, headache in general, Pressing (See Bursting, Drawing), Temples, leaning forward on a table amel.",سر — درد، دبانے والا، کنپٹیوں میں، میز پر آگے جھک کر ٹیک لگانے سے آرام,1,1,یکساں
r4367,"PAIN, pressing, temples, noise","PAIN, headache in general, Pressing (See Bursting, Drawing), Temples, noise",سر — درد، دبانے والا، کنپٹیوں میں، شور سے,1,1,یکساں
r4368,"PAIN, pressing, temples, outward","PAIN, headache in general, Pressing (See Bursting, Drawing), Temples, outward",سر — درد، دبانے والا، کنپٹیوں میں، باہر کی طرف,51,51,یکساں
r4372,"PAIN, pressing, temples, paroxysmal","PAIN, headache in general, Pressing (See Bursting, Drawing), Temples, paroxysmal",سر — درد، دبانے والا، کنپٹیوں میں، دوروں کی شکل میں,1,1,یکساں
r4373,"PAIN, pressing, temples, pressure amel.","PAIN, headache in general, Pressing (See Bursting, Drawing), Temples, pressure amel.",سر — درد، دبانے والا، کنپٹیوں میں، دبانے سے آرام,3,3,یکساں
r4374,"PAIN, pressing, temples, pulsating","PAIN, headache in general, Pressing (See Bursting, Drawing), Temples, pulsating",سر — درد، دبانے والا، کنپٹیوں میں، دھڑکتا ہوا,4,4,یکساں
r4375,"PAIN, pressing, temples, reading","PAIN, headache in general, Pressing (See Bursting, Drawing), Temples, reading",سر — درد، دبانے والا، کنپٹیوں میں، پڑھنا,4,4,یکساں
r4378,"PAIN, pressing, temples, shaking head","PAIN, headache in general, Pressing (See Bursting, Drawing), Temples, shaking head",سر — درد، دبانے والا، کنپٹیوں میں، سر ہلانے پر,1,1,یکساں
r4379,"PAIN, pressing, temples, side lain on","PAIN, headache in general, Pressing (See Bursting, Drawing), Temples, side lain on",سر — درد، دبانے والا، کنپٹیوں میں، جس طرف لیٹے,1,1,یکساں
r4390,"PAIN, pressing, temples, thinking of the pain agg.","PAIN, headache in general, Pressing (See Bursting, Drawing), Temples, thinking of the pain agg.",سر — درد، دبانے والا، کنپٹیوں میں، درد کے بارے میں سوچنے سے بگاڑ,1,1,یکساں
r4391,"PAIN, pressing, temples, touching the hair agg.","PAIN, headache in general, Pressing (See Bursting, Drawing), Temples, touching the hair agg.",سر — درد، دبانے والا، کنپٹیوں میں، بال چھونے سے بگاڑ,1,1,یکساں
r4410,"PAIN, pressing, vertex, daytime","PAIN, headache in general, Pressing (See Bursting, Drawing), Vertex, daytime",سر — درد، دبانے والا، چوٹی میں، دن کے وقت,2,2,یکساں
r4416,"PAIN, pressing, vertex, noon","PAIN, headache in general, Pressing (See Bursting, Drawing), Vertex, noon",سر — درد، دبانے والا، چوٹی میں، دوپہر,1,1,یکساں
r4425,"PAIN, pressing, vertex, ascending steps","PAIN, headache in general, Pressing (See Bursting, Drawing), Vertex, ascending steps",سر — درد، دبانے والا، چوٹی میں، سیڑھیاں چڑھتے ہوئے,1,1,یکساں
r4426,"PAIN, pressing, vertex, asunder","PAIN, headache in general, Pressing (See Bursting, Drawing), Vertex, asunder",سر — درد، دبانے والا، چوٹی میں، پھٹ کر الگ ہو جائے,4,4,یکساں
r4428,"PAIN, pressing, vertex, binding head up amel.","PAIN, headache in general, Pressing (See Bursting, Drawing), Vertex, binding head up amel.",سر — درد، دبانے والا، چوٹی میں، سر باندھنے سے آرام,1,1,یکساں
r4438,"PAIN, pressing, vertex, increasing and decreasing slowly","PAIN, headache in general, Pressing (See Bursting, Drawing), Vertex, increasing and decreasing slowly",سر — درد، دبانے والا، چوٹی میں، آہستہ آہستہ بڑھے اور گھٹے,2,2,یکساں
r4440,"PAIN, pressing, vertex, intermitting","PAIN, headache in general, Pressing (See Bursting, Drawing), Vertex, intermitting",سر — درد، دبانے والا، چوٹی میں، وقفے وقفے سے,3,3,یکساں
r4441,"PAIN, pressing, vertex, inward","PAIN, headache in general, Pressing (See Bursting, Drawing), Vertex, inward",سر — درد، دبانے والا، چوٹی میں، اندر کی طرف,19,19,یکساں
r4445,"PAIN, pressing, vertex, noise agg.","PAIN, headache in general, Pressing (See Bursting, Drawing), Vertex, noise agg.",سر — درد، دبانے والا، چوٹی میں، شور سے بگاڑ,2,2,یکساں
r4446,"PAIN, pressing, vertex, outward","PAIN, headache in general, Pressing (See Bursting, Drawing), Vertex, outward",سر — درد، دبانے والا، چوٹی میں، باہر کی طرف,14,14,یکساں
r4447,"PAIN, pressing, vertex, paroxysmal","PAIN, headache in general, Pressing (See Bursting, Drawing), Vertex, paroxysmal",سر — درد، دبانے والا، چوٹی میں، دوروں کی شکل میں,1,1,یکساں
r4449,"PAIN, pressing, vertex, pressure agg.","PAIN, headache in general, Pressing (See Bursting, Drawing), Vertex, pressure agg.",سر — درد، دبانے والا، چوٹی میں، دبانے سے بگاڑ,2,2,یکساں
r4453,"PAIN, pressing, vertex, small spot","PAIN, headache in general, Pressing (See Bursting, Drawing), Vertex, small spot",سر — درد، دبانے والا، چوٹی میں، چھوٹے سے دھبے میں,1,1,یکساں
r4459,"PAIN, pressing, vertex, thinking about it agg.","PAIN, headache in general, Pressing (See Bursting, Drawing), Vertex, thinking about it agg.",سر — درد، دبانے والا، چوٹی میں، اس کے بارے میں سوچنے سے بگاڑ,1,1,یکساں
r4461,"PAIN, pressing, vertex, turning head","PAIN, headache in general, Pressing (See Bursting, Drawing), Vertex, turning head",سر — درد، دبانے والا، چوٹی میں، سر گھمانا,1,1,یکساں
r4462,"PAIN, pressing, vertex, upward","PAIN, headache in general, Pressing (See Bursting, Drawing), Vertex, upward",سر — درد، دبانے والا، چوٹی میں، اوپر کی طرف,3,3,یکساں
r4474,"PAIN, pulled, sensation as if hair were, out","PAIN, headache in general, pulled, sensation as if hair were, out",سر — درد، جیسے بال اکھاڑے جا رہے ہوں,3,3,یکساں
r4475,"PAIN, pulled, sensation as if hair were, occiput","PAIN, headache in general, pulled, sensation as if hair were, Occiput",سر — درد، جیسے گدی کے بال کھینچے جا رہے ہوں,3,3,یکساں
r4478,"PAIN, pulling, like, extending into teeth","PAIN, headache in general, Pulling, like, extending into teeth",سر — درد، کھینچنے جیسا، دانتوں تک پھیلتا ہوا,1,1,یکساں
r4479,"PAIN, pulling, like, forehead","PAIN, headache in general, Pulling, like, Forehead",سر — درد، کھینچنے جیسا، ماتھے میں,1,1,یکساں
r4480,"PAIN, scraped feel, amel. on motion, while lying the pain shifts to side lain on","PAIN, headache in general, Scraped feel, amel. on motion, while lying the pain shifts to side lain on",سر — درد، چھلا ہوا احساس، حرکت سے آرام، لیٹے ہوئے درد اس پہلو کی طرف چلا جائے جس پر لیٹے,1,1,یکساں
r4492,"PAIN, shooting, evening, amel. toward","PAIN, headache in general, Shooting (See Cutting, Lancinating, Shocks, Stitches, etc.), evening, amel. toward",سر — درد، دوڑتا ہوا (تیر جیسا)، شام کی طرف آرام,1,1,یکساں
r4494,"PAIN, shooting, air, cold","PAIN, headache in general, Shooting (See Cutting, Lancinating, Shocks, Stitches, etc.), air, cold",سر — درد، دوڑتا ہوا (تیر جیسا)، ٹھنڈی ہوا,1,1,یکساں
r4497,"PAIN, shooting, blowing nose, on","PAIN, headache in general, Shooting (See Cutting, Lancinating, Shocks, Stitches, etc.), blowing nose, on",سر — درد، دوڑتا ہوا (تیر جیسا)، ناک سنکنے پر,1,1,یکساں
r4498,"PAIN, shooting, coughing, on","PAIN, headache in general, Shooting (See Cutting, Lancinating, Shocks, Stitches, etc.), coughing, on",سر — درد، دوڑتا ہوا (تیر جیسا)، کھانستے وقت,6,6,یکساں
r4499,"PAIN, shooting, cramps, during","PAIN, headache in general, Shooting (See Cutting, Lancinating, Shocks, Stitches, etc.), cramps, during",سر — درد، دوڑتا ہوا (تیر جیسا)، مروڑ کے دوران,1,1,یکساں
r4500,"PAIN, shooting, cries, extorting","PAIN, headache in general, Shooting (See Cutting, Lancinating, Shocks, Stitches, etc.), cries, extorting",سر — درد، دوڑتا ہوا (تیر جیسا)، چیخیں نکلوا دے,1,1,یکساں
r4502,"PAIN, shooting, exercise, during","PAIN, headache in general, Shooting (See Cutting, Lancinating, Shocks, Stitches, etc.), exercise, during",سر — درد، دوڑتا ہوا (تیر جیسا)، ورزش کے دوران,1,1,یکساں
r4506,"PAIN, shooting, menses, before","PAIN, headache in general, Shooting (See Cutting, Lancinating, Shocks, Stitches, etc.), menses, before",سر — درد، دوڑتا ہوا (تیر جیسا)، حیض سے پہلے,4,4,یکساں
r4513,"PAIN, shooting, singing, while","PAIN, headache in general, Shooting (See Cutting, Lancinating, Shocks, Stitches, etc.), singing, while",سر — درد، دوڑتا ہوا (تیر جیسا)، گاتے ہوئے,2,2,یکساں
r4516,"PAIN, shooting, sneezing, on","PAIN, headache in general, Shooting (See Cutting, Lancinating, Shocks, Stitches, etc.), sneezing, on",سر — درد، دوڑتا ہوا (تیر جیسا)، چھینکتے وقت,2,2,یکساں
r4517,"PAIN, shooting, step, at every","PAIN, headache in general, Shooting (See Cutting, Lancinating, Shocks, Stitches, etc.), step, at every",سر — درد، دوڑتا ہوا (تیر جیسا)، ہر قدم پر,1,1,یکساں
r4518,"PAIN, shooting, stooping, on","PAIN, headache in general, Shooting (See Cutting, Lancinating, Shocks, Stitches, etc.), stooping, on",سر — درد، دوڑتا ہوا (تیر جیسا)، جھکنے پر,6,6,یکساں
r4519,"PAIN, shooting, talking, from","PAIN, headache in general, Shooting (See Cutting, Lancinating, Shocks, Stitches, etc.), talking, from",سر — درد، دوڑتا ہوا (تیر جیسا)، باتیں کرنے سے,2,2,یکساں
r4522,"PAIN, shooting, vexation, after","PAIN, headache in general, Shooting (See Cutting, Lancinating, Shocks, Stitches, etc.), vexation, after",سر — درد، دوڑتا ہوا (تیر جیسا)، کوفت کے بعد,1,1,یکساں
r4523,"PAIN, shooting, walking, while","PAIN, headache in general, Shooting (See Cutting, Lancinating, Shocks, Stitches, etc.), walking, while",سر — درد، دوڑتا ہوا (تیر جیسا)، چلتے ہوئے,2,2,یکساں
r4524,"PAIN, shooting, yawning, from","PAIN, headache in general, Shooting (See Cutting, Lancinating, Shocks, Stitches, etc.), yawning, from",سر — درد، دوڑتا ہوا (تیر جیسا)، جمائی سے,1,1,یکساں
r4533,"PAIN, shooting, forehead, right","PAIN, headache in general, Shooting (See Cutting, Lancinating, Shocks, Stitches, etc.), Forehead, right",سر — درد، دوڑتا ہوا (تیر جیسا)، ماتھے میں، دائیں طرف,3,3,یکساں
r4534,"PAIN, shooting, forehead, left","PAIN, headache in general, Shooting (See Cutting, Lancinating, Shocks, Stitches, etc.), Forehead, left",سر — درد، دوڑتا ہوا (تیر جیسا)، ماتھے میں، بائیں طرف,2,2,یکساں
r4535,"PAIN, shooting, forehead, morning","PAIN, headache in general, Shooting (See Cutting, Lancinating, Shocks, Stitches, etc.), Forehead, morning",سر — درد، دوڑتا ہوا (تیر جیسا)، ماتھے میں، صبح,1,1,یکساں
r4536,"PAIN, shooting, forehead, noon","PAIN, headache in general, Shooting (See Cutting, Lancinating, Shocks, Stitches, etc.), Forehead, noon",سر — درد، دوڑتا ہوا (تیر جیسا)، ماتھے میں، دوپہر,1,1,یکساں
r4537,"PAIN, shooting, forehead, evening","PAIN, headache in general, Shooting (See Cutting, Lancinating, Shocks, Stitches, etc.), Forehead, evening",سر — درد، دوڑتا ہوا (تیر جیسا)، ماتھے میں، شام,1,1,یکساں
r4538,"PAIN, shooting, forehead, night in bed","PAIN, headache in general, Shooting (See Cutting, Lancinating, Shocks, Stitches, etc.), Forehead, night in bed",سر — درد، دوڑتا ہوا (تیر جیسا)، ماتھے میں، رات بستر میں,1,1,یکساں
r4540,"PAIN, shooting, forehead, diagonally","PAIN, headache in general, Shooting (See Cutting, Lancinating, Shocks, Stitches, etc.), Forehead, diagonally",سر — درد، دوڑتا ہوا (تیر جیسا)، ماتھے میں، ترچھا,1,1,یکساں
r4541,"PAIN, shooting, forehead, eating amel.","PAIN, headache in general, Shooting (See Cutting, Lancinating, Shocks, Stitches, etc.), Forehead, eating amel.",سر — درد، دوڑتا ہوا (تیر جیسا)، ماتھے میں، کھانے سے آرام,1,1,یکساں
r4542,"PAIN, shooting, forehead, flying","PAIN, headache in general, Shooting (See Cutting, Lancinating, Shocks, Stitches, etc.), Forehead, flying",سر — درد، دوڑتا ہوا (تیر جیسا)، ماتھے میں، اڑتا ہوا,3,3,یکساں
r4543,"PAIN, shooting, forehead, intermittent","PAIN, headache in general, Shooting (See Cutting, Lancinating, Shocks, Stitches, etc.), Forehead, intermittent",سر — درد، دوڑتا ہوا (تیر جیسا)، ماتھے میں، وقفے وقفے سے,1,1,یکساں
r4544,"PAIN, shooting, forehead, inward","PAIN, headache in general, Shooting (See Cutting, Lancinating, Shocks, Stitches, etc.), Forehead, inward",سر — درد، دوڑتا ہوا (تیر جیسا)، ماتھے میں، اندر کی طرف,4,4,یکساں
r4548,"PAIN, shooting, forehead, outward","PAIN, headache in general, Shooting (See Cutting, Lancinating, Shocks, Stitches, etc.), Forehead, outward",سر — درد، دوڑتا ہوا (تیر جیسا)، ماتھے میں، باہر کی طرف,3,3,یکساں
r4549,"PAIN, shooting, forehead, rythmical","PAIN, headache in general, Shooting (See Cutting, Lancinating, Shocks, Stitches, etc.), Forehead, rythmical",سر — درد، دوڑتا ہوا (تیر جیسا)، ماتھے میں، باقاعدہ وقفوں سے (تال کے ساتھ),1,1,یکساں
r4569,"PAIN, shooting, occiput, evening","PAIN, headache in general, Shooting (See Cutting, Lancinating, Shocks, Stitches, etc.), Occiput, evening",سر — درد، دوڑتا ہوا (تیر جیسا)، گدی میں، شام,1,1,یکساں
r4570,"PAIN, shooting, occiput, diagonally across","PAIN, headache in general, Shooting (See Cutting, Lancinating, Shocks, Stitches, etc.), Occiput, diagonally across",سر — درد، دوڑتا ہوا (تیر جیسا)، گدی میں، ترچھا آر پار,1,1,یکساں
r4571,"PAIN, shooting, occiput, forward","PAIN, headache in general, Shooting (See Cutting, Lancinating, Shocks, Stitches, etc.), Occiput, forward",سر — درد، دوڑتا ہوا (تیر جیسا)، گدی میں، آگے کی طرف,2,2,یکساں
r4573,"PAIN, shooting, occiput, turning eyes upward","PAIN, headache in general, Shooting (See Cutting, Lancinating, Shocks, Stitches, etc.), Occiput, turning eyes upward",سر — درد، دوڑتا ہوا (تیر جیسا)، گدی میں، آنکھیں اوپر گھمانے پر,1,1,یکساں
r4574,"PAIN, shooting, occiput, upward","PAIN, headache in general, Shooting (See Cutting, Lancinating, Shocks, Stitches, etc.), Occiput, upward",سر — درد، دوڑتا ہوا (تیر جیسا)، گدی میں، اوپر کی طرف,3,3,یکساں
r4582,"PAIN, shooting, sides, right","PAIN, headache in general, Shooting (See Cutting, Lancinating, Shocks, Stitches, etc.), Sides, right",سر — درد، دوڑتا ہوا (تیر جیسا)، دائیں پہلو میں,4,4,یکساں
r4586,"PAIN, shooting, sides, night","PAIN, headache in general, Shooting (See Cutting, Lancinating, Shocks, Stitches, etc.), Sides, night",سر — درد، دوڑتا ہوا (تیر جیسا)، پہلوؤں میں، رات,1,1,یکساں
r4588,"PAIN, shooting, sides, lain on","PAIN, headache in general, Shooting (See Cutting, Lancinating, Shocks, Stitches, etc.), Sides, lain on",سر — درد، دوڑتا ہوا (تیر جیسا)، پہلوؤں میں، جس پر لیٹے,1,1,یکساں
r4589,"PAIN, shooting, sides, periodical","PAIN, headache in general, Shooting (See Cutting, Lancinating, Shocks, Stitches, etc.), Sides, periodical",سر — درد، دوڑتا ہوا (تیر جیسا)، پہلوؤں میں، وقفے وقفے سے,1,1,یکساں
r4590,"PAIN, shooting, sides, extending to half of right hand","PAIN, headache in general, Shooting (See Cutting, Lancinating, Shocks, Stitches, etc.), Sides, extending to half of right hand",سر — درد، دوڑتا ہوا (تیر جیسا)، پہلوؤں سے دائیں ہاتھ کے آدھے حصے تک,1,1,یکساں
r4594,"PAIN, shooting, temples, right","PAIN, headache in general, Shooting (See Cutting, Lancinating, Shocks, Stitches, etc.), Temples, right",سر — درد، دوڑتا ہوا (تیر جیسا)، دائیں کنپٹی میں,5,5,یکساں
r4596,"PAIN, shooting, temples, left","PAIN, headache in general, Shooting (See Cutting, Lancinating, Shocks, Stitches, etc.), Temples, left",سر — درد، دوڑتا ہوا (تیر جیسا)، بائیں کنپٹی میں,8,8,یکساں
r4597,"PAIN, shooting, temples, morning on waking","PAIN, headache in general, Shooting (See Cutting, Lancinating, Shocks, Stitches, etc.), Temples, morning on waking",سر — درد، دوڑتا ہوا (تیر جیسا)، کنپٹیوں میں، صبح جاگنے پر,1,1,یکساں
r4599,"PAIN, shooting, temples, noon","PAIN, headache in general, Shooting (See Cutting, Lancinating, Shocks, Stitches, etc.), Temples, noon",سر — درد، دوڑتا ہوا (تیر جیسا)، کنپٹیوں میں، دوپہر,2,2,یکساں
r4600,"PAIN, shooting, temples, afternoon","PAIN, headache in general, Shooting (See Cutting, Lancinating, Shocks, Stitches, etc.), Temples, afternoon",سر — درد، دوڑتا ہوا (تیر جیسا)، کنپٹیوں میں، سہ پہر,2,2,یکساں
r4601,"PAIN, shooting, temples, evening","PAIN, headache in general, Shooting (See Cutting, Lancinating, Shocks, Stitches, etc.), Temples, evening",سر — درد، دوڑتا ہوا (تیر جیسا)، کنپٹیوں میں، شام,2,2,یکساں
r4602,"PAIN, shooting, temples, night","PAIN, headache in general, Shooting (See Cutting, Lancinating, Shocks, Stitches, etc.), Temples, night",سر — درد، دوڑتا ہوا (تیر جیسا)، کنپٹیوں میں، رات,2,2,یکساں
r4604,"PAIN, shooting, temples, bending head backward agg.","PAIN, headache in general, Shooting (See Cutting, Lancinating, Shocks, Stitches, etc.), Temples, bending head backward agg.",سر — درد، دوڑتا ہوا (تیر جیسا)، کنپٹیوں میں، سر پیچھے جھکانے سے بگاڑ,1,1,یکساں
r4605,"PAIN, shooting, temples, cold air agg.","PAIN, headache in general, Shooting (See Cutting, Lancinating, Shocks, Stitches, etc.), Temples, cold air agg.",سر — درد، دوڑتا ہوا (تیر جیسا)، کنپٹیوں میں، ٹھنڈی ہوا سے بگاڑ,1,1,یکساں
r4607,"PAIN, shooting, temples, heat agg.","PAIN, headache in general, Shooting (See Cutting, Lancinating, Shocks, Stitches, etc.), Temples, heat agg.",سر — درد، دوڑتا ہوا (تیر جیسا)، کنپٹیوں میں، گرمی سے بگاڑ,1,1,یکساں
r4608,"PAIN, shooting, temples, lying agg.","PAIN, headache in general, Shooting (See Cutting, Lancinating, Shocks, Stitches, etc.), Temples, lying agg.",سر — درد، دوڑتا ہوا (تیر جیسا)، کنپٹیوں میں، لیٹنے سے بگاڑ,1,1,یکساں
r4609,"PAIN, shooting, temples, pressure amel.","PAIN, headache in general, Shooting (See Cutting, Lancinating, Shocks, Stitches, etc.), Temples, pressure amel.",سر — درد، دوڑتا ہوا (تیر جیسا)، کنپٹیوں میں، دبانے سے آرام,1,1,یکساں
r4610,"PAIN, shooting, temples, pulsating","PAIN, headache in general, Shooting (See Cutting, Lancinating, Shocks, Stitches, etc.), Temples, pulsating",سر — درد، دوڑتا ہوا (تیر جیسا)، کنپٹیوں میں، دھڑکتا ہوا,1,1,یکساں
r4611,"PAIN, shooting, temples, spreading out in a circle","PAIN, headache in general, Shooting (See Cutting, Lancinating, Shocks, Stitches, etc.), Temples, spreading out in a circle",سر — درد، دوڑتا ہوا (تیر جیسا)، کنپٹیوں میں، دائرے میں پھیلتا ہوا,1,1,یکساں
r4613,"PAIN, shooting, temples, transient","PAIN, headache in general, Shooting (See Cutting, Lancinating, Shocks, Stitches, etc.), Temples, transient",سر — درد، دوڑتا ہوا (تیر جیسا)، کنپٹیوں میں، عارضی,2,2,یکساں
r4614,"PAIN, shooting, temples, extending from temple to temple","PAIN, headache in general, Shooting (See Cutting, Lancinating, Shocks, Stitches, etc.), Temples, extending from temple to temple",سر — درد، دوڑتا ہوا (تیر جیسا)، کنپٹی سے کنپٹی تک,8,8,یکساں
r4623,"PAIN, shooting, vertex, across","PAIN, headache in general, Shooting (See Cutting, Lancinating, Shocks, Stitches, etc.), Vertex, across",سر — درد، دوڑتا ہوا (تیر جیسا)، چوٹی میں، آر پار,1,1,یکساں
r4625,"PAIN, shooting, vertex, boring through","PAIN, headache in general, Shooting (See Cutting, Lancinating, Shocks, Stitches, etc.), Vertex, boring through",سر — درد، دوڑتا ہوا (تیر جیسا)، چوٹی میں، برما کی طرح آر پار,1,1,یکساں
r4627,"PAIN, shooting, vertex, deep","PAIN, headache in general, Shooting (See Cutting, Lancinating, Shocks, Stitches, etc.), Vertex, deep",سر — درد، دوڑتا ہوا (تیر جیسا)، چوٹی میں، گہرا,5,5,یکساں
r4628,"PAIN, shooting, vertex, drawing head backward","PAIN, headache in general, Shooting (See Cutting, Lancinating, Shocks, Stitches, etc.), Vertex, drawing head backward",سر — درد، دوڑتا ہوا (تیر جیسا)، چوٹی میں، سر پیچھے کو کھینچے,1,1,یکساں
r4629,"PAIN, shooting, vertex, inward","PAIN, headache in general, Shooting (See Cutting, Lancinating, Shocks, Stitches, etc.), Vertex, inward",سر — درد، دوڑتا ہوا (تیر جیسا)، چوٹی میں، اندر کی طرف,3,3,یکساں
r4630,"PAIN, shooting, vertex, transient","PAIN, headache in general, Shooting (See Cutting, Lancinating, Shocks, Stitches, etc.), Vertex, transient",سر — درد، دوڑتا ہوا (تیر جیسا)، چوٹی میں، عارضی,2,2,یکساں
r4635,"PAIN, smarting, forehead, on touch","PAIN, headache in general, Smarting (compare Soreness), Forehead, on touch",سر — درد، چرچراہٹ، ماتھے میں، چھونے پر,1,1,یکساں
r4653,"PAIN, Sore bruised, sensitive to pressure, coughing (See Pain in general)","PAIN, headache in general, Sore bruised, sensitive to pressure, coughing (See Pain in general)",سر — درد، دکھتا کچلا ہوا، دباؤ اور کھانسی سے حساس,0,0,یکساں
r4775,"PAIN, stitching, morning, 3 a.m.","PAIN, headache in general, Stitching, morning, 3 a.m.",سر — درد، چبھتا ہوا، رات 3 بجے,1,1,یکساں
r4777,"PAIN, stitching, noon, until goes to sleep","PAIN, headache in general, Stitching, noon, until goes to sleep",سر — درد، چبھتا ہوا، دوپہر سے سونے تک,1,1,یکساں
r4779,"PAIN, stitching, afternoon, 4 p.m.","PAIN, headache in general, Stitching, afternoon, 4 p.m.",سر — درد، چبھتا ہوا، سہ پہر 4 بجے,2,2,یکساں
r4782,"PAIN, stitching, evening, in bed","PAIN, headache in general, Stitching, evening, in bed",سر — درد، چبھتا ہوا، شام بستر میں,1,1,یکساں
r4787,"PAIN, stitching, bed, while in","PAIN, headache in general, Stitching, bed, while in",سر — درد، چبھتا ہوا، بستر، اندر ہوتے ہوئے,3,3,یکساں
r4788,"PAIN, stitching, blowing nose, on","PAIN, headache in general, Stitching, blowing nose, on",سر — درد، چبھتا ہوا، ناک سنکنے پر,1,1,یکساں
r4789,"PAIN, stitching, boring, stitching","PAIN, headache in general, Stitching, boring, stitching",سر — درد، چبھتا ہوا، برما سا، چبھتا,1,1,یکساں
r4790,"PAIN, stitching, breakfast, after","PAIN, headache in general, Stitching, breakfast, after",سر — درد، چبھتا ہوا، ناشتے کے بعد,1,1,یکساں
r4792,"PAIN, stitching, chilliness, during","PAIN, headache in general, Stitching, chilliness, during",سر — درد، چبھتا ہوا، سردی محسوس ہونے کے دوران,1,1,یکساں
r4796,"PAIN, stitching, coughing, when","PAIN, headache in general, Stitching, coughing, when",سر — درد، چبھتا ہوا، کھانستے وقت,31,31,یکساں
r4798,"PAIN, stitching, descending, on","PAIN, headache in general, Stitching, descending, on",سر — درد، چبھتا ہوا، نیچے اترنے پر,1,1,یکساں
r4799,"PAIN, stitching, dinner, during","PAIN, headache in general, Stitching, dinner, during",سر — درد، چبھتا ہوا، دوپہر کے کھانے کے دوران,1,1,یکساں
r4803,"PAIN, stitching, eating, after","PAIN, headache in general, Stitching, eating, after",سر — درد، چبھتا ہوا، کھانے کے بعد,10,10,یکساں
r4804,"PAIN, stitching, exertion, during","PAIN, headache in general, Stitching, exertion, during",سر — درد، چبھتا ہوا، محنت کے دوران,1,1,یکساں
r4805,"PAIN, stitching, fright, from least","PAIN, headache in general, Stitching, fright, from least",سر — درد، چبھتا ہوا، ذرا سے ڈر سے,1,1,یکساں
r4814,"PAIN, stitching, menses, before","PAIN, headache in general, Stitching, menses, before",سر — درد، چبھتا ہوا، حیض سے پہلے,2,2,یکساں
r4818,"PAIN, stitching, mental exertion, after","PAIN, headache in general, Stitching, mental exertion, after",سر — درد، چبھتا ہوا، ذہنی محنت کے بعد,2,2,یکساں
r4827,"PAIN, stitching, odors, from strong","PAIN, headache in general, Stitching, odors, from strong",سر — درد، چبھتا ہوا، تیز بو سے,1,1,یکساں
r4832,"PAIN, stitching, reading, while","PAIN, headache in general, Stitching, reading, while",سر — درد، چبھتا ہوا، پڑھتے ہوئے,3,3,یکساں
r4833,"PAIN, stitching, respiration, on deep","PAIN, headache in general, Stitching, respiration, on deep",سر — درد، چبھتا ہوا، گہری سانس لینے پر,1,1,یکساں
r4843,"PAIN, stitching, sitting, while","PAIN, headache in general, Stitching, sitting, while",سر — درد، چبھتا ہوا، بیٹھے ہوئے,9,9,یکساں
r4844,"PAIN, stitching, standing, while","PAIN, headache in general, Stitching, standing, while",سر — درد، چبھتا ہوا، کھڑے ہوئے,3,3,یکساں
r4847,"PAIN, stitching, stooping, when","PAIN, headache in general, Stitching, stooping, when",سر — درد، چبھتا ہوا، جھکنے پر,19,19,یکساں
r4849,"PAIN, stitching, sun, from exposure to","PAIN, headache in general, Stitching, sun, from exposure to",سر — درد، چبھتا ہوا، دھوپ میں رہنے سے,2,2,یکساں
r4850,"PAIN, stitching, talking, after","PAIN, headache in general, Stitching, talking, after",سر — درد، چبھتا ہوا، باتیں کرنے کے بعد,2,2,یکساں
r4855,"PAIN, stitching, vexation, after","PAIN, headache in general, Stitching, vexation, after",سر — درد، چبھتا ہوا، کوفت کے بعد,1,1,یکساں
r4856,"PAIN, stitching, waking, on","PAIN, headache in general, Stitching, waking, on",سر — درد، چبھتا ہوا، جاگنے پر,4,4,یکساں
r4863,"PAIN, stitching, weather, on change of","PAIN, headache in general, Stitching, weather, on change of",سر — درد، چبھتا ہوا، موسم بدلنے پر,1,1,یکساں
r4878,"PAIN, stitching, forehead, daytime","PAIN, headache in general, Stitching, Forehead, daytime",سر — درد، چبھتا ہوا، ماتھے میں، دن کے وقت,1,1,یکساں
r4881,"PAIN, stitching, forehead, forenoon","PAIN, headache in general, Stitching, Forehead, forenoon",سر — درد، چبھتا ہوا، ماتھے میں، دوپہر سے پہلے,2,2,یکساں
r4882,"PAIN, stitching, forehead, noon","PAIN, headache in general, Stitching, Forehead, noon",سر — درد، چبھتا ہوا، ماتھے میں، دوپہر,2,2,یکساں
r4883,"PAIN, stitching, forehead, afternoon","PAIN, headache in general, Stitching, Forehead, afternoon",سر — درد، چبھتا ہوا، ماتھے میں، سہ پہر,6,6,یکساں
r4894,"PAIN, stitching, forehead, burning","PAIN, headache in general, Stitching, Forehead, burning",سر — درد، چبھتا ہوا، ماتھے میں، جلتا ہوا,1,1,یکساں
r4899,"PAIN, stitching, forehead, externally","PAIN, headache in general, Stitching, Forehead, externally",سر — درد، چبھتا ہوا، ماتھے میں، باہر کی طرف (سطح پر),5,5,یکساں
r4901,"PAIN, stitching, forehead, lying amel.","PAIN, headache in general, Stitching, Forehead, lying amel.",سر — درد، چبھتا ہوا، ماتھے میں، لیٹنے سے آرام,3,3,یکساں
r4906,"PAIN, stitching, forehead, moving eyes","PAIN, headache in general, Stitching, Forehead, moving eyes",سر — درد، چبھتا ہوا، ماتھے میں، آنکھیں ہلانے پر,1,1,یکساں
r4907,"PAIN, stitching, forehead, pressure agg.","PAIN, headache in general, Stitching, Forehead, pressure agg.",سر — درد، چبھتا ہوا، ماتھے میں، دبانے سے بگاڑ,1,1,یکساں
r4908,"PAIN, stitching, forehead, raising the eyes","PAIN, headache in general, Stitching, Forehead, raising the eyes",سر — درد، چبھتا ہوا، ماتھے میں، آنکھیں اوپر اٹھانے پر,1,1,یکساں
r4910,"PAIN, stitching, forehead, reading","PAIN, headache in general, Stitching, Forehead, reading",سر — درد، چبھتا ہوا، ماتھے میں، پڑھنا,2,2,یکساں
r4918,"PAIN, stitching, forehead, sunlight","PAIN, headache in general, Stitching, Forehead, sunlight",سر — درد، چبھتا ہوا، ماتھے میں، دھوپ سے,1,1,یکساں
r4919,"PAIN, stitching, forehead, talking loud","PAIN, headache in general, Stitching, Forehead, talking loud",سر — درد، چبھتا ہوا، ماتھے میں، اونچا بولنے سے,1,1,یکساں
r4924,"PAIN, stitching, forehead, warm applications amel.","PAIN, headache in general, Stitching, Forehead, warm applications amel.",سر — درد، چبھتا ہوا، ماتھے میں، گرم پٹیوں سے آرام,1,1,یکساں
r4932,"PAIN, stitching, forehead, above","PAIN, headache in general, Stitching, Forehead, above",سر — درد، چبھتا ہوا، ماتھے میں، اوپر,5,5,یکساں
r4973,"PAIN, stitching, forehead, sides of","PAIN, headache in general, Stitching, Forehead, sides of",سر — درد، چبھتا ہوا، ماتھے میں، پہلوؤں میں,32,32,یکساں
r5001,"PAIN, stitching, occiput, forenoon","PAIN, headache in general, Stitching, Occiput, forenoon",سر — درد، چبھتا ہوا، گدی میں، دوپہر سے پہلے,1,1,یکساں
r5002,"PAIN, stitching, occiput, evening","PAIN, headache in general, Stitching, Occiput, evening",سر — درد، چبھتا ہوا، گدی میں، شام,8,8,یکساں
r5003,"PAIN, stitching, occiput, night","PAIN, headache in general, Stitching, Occiput, night",سر — درد، چبھتا ہوا، گدی میں، رات,1,1,یکساں
r5004,"PAIN, stitching, occiput, burning","PAIN, headache in general, Stitching, Occiput, burning",سر — درد، چبھتا ہوا، گدی میں، جلتا ہوا,2,2,یکساں
r5006,"PAIN, stitching, occiput, deep seated","PAIN, headache in general, Stitching, Occiput, deep seated",سر — درد، چبھتا ہوا، گدی میں، گہرا,2,2,یکساں
r5012,"PAIN, stitching, occiput, pulsating","PAIN, headache in general, Stitching, Occiput, pulsating",سر — درد، چبھتا ہوا، گدی میں، دھڑکتا ہوا,4,4,یکساں
r5015,"PAIN, stitching, occiput, sleep amel.","PAIN, headache in general, Stitching, Occiput, sleep amel.",سر — درد، چبھتا ہوا، گدی میں، نیند سے آرام,1,1,یکساں
r5016,"PAIN, stitching, occiput, stepping agg.","PAIN, headache in general, Stitching, Occiput, stepping agg.",سر — درد، چبھتا ہوا، گدی میں، قدم رکھنے سے بگاڑ,2,2,یکساں
r5018,"PAIN, stitching, occiput, tearing","PAIN, headache in general, Stitching, Occiput, tearing",سر — درد، چبھتا ہوا، گدی میں، چیرتا ہوا,1,1,یکساں
r5019,"PAIN, stitching, occiput, turning the head","PAIN, headache in general, Stitching, Occiput, turning the head",سر — درد، چبھتا ہوا، گدی میں، سر گھمانے پر,2,2,یکساں
r5020,"PAIN, stitching, occiput, warm room","PAIN, headache in general, Stitching, Occiput, warm room",سر — درد، چبھتا ہوا، گدی میں، گرم کمرے میں,1,1,یکساں
r5021,"PAIN, stitching, occiput, extending across","PAIN, headache in general, Stitching, Occiput, extending across",سر — درد، چبھتا ہوا، گدی کے آر پار پھیلتا ہوا,1,1,یکساں
r5027,"PAIN, occiput, extending, forward","PAIN, headache in general, Occiput, extending down back, forward",سر — درد، گدی سے آگے کی طرف,11,11,یکساں
r5047,"PAIN, stitching, sides, right","PAIN, headache in general, Stitching, Sides, right",سر — درد، چبھتا ہوا، دائیں پہلو میں,17,17,یکساں
r5048,"PAIN, stitching, sides, left","PAIN, headache in general, Stitching, Sides, left",سر — درد، چبھتا ہوا، بائیں پہلو میں,17,17,یکساں
r5050,"PAIN, stitching, sides, daytime","PAIN, headache in general, Stitching, Sides, daytime",سر — درد، چبھتا ہوا، پہلوؤں میں، دن کے وقت,1,1,یکساں
r5051,"PAIN, stitching, sides, morning","PAIN, headache in general, Stitching, Sides, morning",سر — درد، چبھتا ہوا، پہلوؤں میں، صبح,6,6,یکساں
r5053,"PAIN, stitching, sides, forenoon","PAIN, headache in general, Stitching, Sides, forenoon",سر — درد، چبھتا ہوا، پہلوؤں میں، دوپہر سے پہلے,4,4,یکساں
r5058,"PAIN, stitching, sides, evening","PAIN, headache in general, Stitching, Sides, evening",سر — درد، چبھتا ہوا، پہلوؤں میں، شام,7,7,یکساں
r5061,"PAIN, stitching, sides, alternating sides","PAIN, headache in general, Stitching, Sides, alternating sides",سر — درد، چبھتا ہوا، پہلوؤں میں، باری باری دونوں طرف,1,1,یکساں
r5063,"PAIN, stitching, sides, burning","PAIN, headache in general, Stitching, Sides, burning",سر — درد، چبھتا ہوا، پہلوؤں میں، جلتا ہوا,1,1,یکساں
r5066,"PAIN, stitching, sides, exerting arms","PAIN, headache in general, Stitching, Sides, exerting arms",سر — درد، چبھتا ہوا، پہلوؤں میں، بازوؤں پر زور دینے سے,1,1,یکساں
r5069,"PAIN, stitching, sides, looking up","PAIN, headache in general, Stitching, Sides, looking up",سر — درد، چبھتا ہوا، پہلوؤں میں، اوپر دیکھنے پر,1,1,یکساں
r5070,"PAIN, stitching, sides, lying on painless side amel.","PAIN, headache in general, Stitching, Sides, lying on painless side amel.",سر — درد، چبھتا ہوا، پہلوؤں میں، بے درد پہلو پر لیٹنے سے آرام,1,1,یکساں
r5073,"PAIN, stitching, sides, motion agg.","PAIN, headache in general, Stitching, Sides, motion agg.",سر — درد، چبھتا ہوا، پہلوؤں میں، حرکت سے بگاڑ,1,1,یکساں
r5074,"PAIN, stitching, sides, pulsating","PAIN, headache in general, Stitching, Sides, pulsating",سر — درد، چبھتا ہوا، پہلوؤں میں، دھڑکتا ہوا,2,2,یکساں
r5081,"PAIN, stitching, sides, talking","PAIN, headache in general, Stitching, Sides, talking",سر — درد، چبھتا ہوا، پہلوؤں میں، باتیں کرنے سے,1,1,یکساں
r5082,"PAIN, stitching, sides, tearing","PAIN, headache in general, Stitching, Sides, tearing",سر — درد، چبھتا ہوا، پہلوؤں میں، چیرتا ہوا,2,2,یکساں
r5083,"PAIN, stitching, sides, turning head to right","PAIN, headache in general, Stitching, Sides, turning head to right",سر — درد، چبھتا ہوا، پہلوؤں میں، سر دائیں گھمانے پر,1,1,یکساں
r5085,"PAIN, stitching, sides, wandering","PAIN, headache in general, Stitching, Sides, wandering",سر — درد، چبھتا ہوا، پہلوؤں میں، گھومتا پھرتا,2,2,یکساں
r5086,"PAIN, stitching, sides, extending backward","PAIN, headache in general, Stitching, Sides, extending backward",سر — درد، چبھتا ہوا، پہلوؤں سے پیچھے کی طرف,1,1,یکساں
r5097,"PAIN, stitching, extending, outward","PAIN, headache in general, Stitching, extending backwards, outward",سر — درد، چبھتا ہوا، پھیلتا ہوا، باہر کی طرف,1,1,یکساں
r5102,"PAIN, stitching, temples, left","PAIN, headache in general, Stitching, Temples, left",سر — درد، چبھتا ہوا، بائیں کنپٹی میں,17,17,یکساں
r5104,"PAIN, stitching, temples, morning","PAIN, headache in general, Stitching, Temples, morning",سر — درد، چبھتا ہوا، کنپٹیوں میں، صبح,1,1,یکساں
r5105,"PAIN, stitching, temples, forenoon","PAIN, headache in general, Stitching, Temples, forenoon",سر — درد، چبھتا ہوا، کنپٹیوں میں، دوپہر سے پہلے,5,5,یکساں
r5115,"PAIN, stitching, temples, night","PAIN, headache in general, Stitching, Temples, night",سر — درد، چبھتا ہوا، کنپٹیوں میں، رات,2,2,ماخذی مطابق کیے
r5119,"PAIN, stitching, temples, alternating with heat and coldness","PAIN, headache in general, Stitching, Temples, alternating with heat and coldness",سر — درد، چبھتا ہوا، کنپٹیوں میں، باری باری گرمی اور ٹھنڈک کے ساتھ,1,1,یکساں
r5121,"PAIN, stitching, temples, bending head forward","PAIN, headache in general, Stitching, Temples, bending head forward",سر — درد، چبھتا ہوا، کنپٹیوں میں، سر آگے جھکانے پر,1,1,یکساں
r5124,"PAIN, stitching, temples, burning","PAIN, headache in general, Stitching, Temples, burning",سر — درد، چبھتا ہوا، کنپٹیوں میں، جلتا ہوا,4,4,یکساں
r5126,"PAIN, stitching, temples, cold amel.","PAIN, headache in general, Stitching, Temples, cold amel.",سر — درد، چبھتا ہوا، کنپٹیوں میں، ٹھنڈ سے آرام,1,1,یکساں
r5128,"PAIN, stitching, temples, descending stairs","PAIN, headache in general, Stitching, Temples, descending stairs",سر — درد، چبھتا ہوا، کنپٹیوں میں، سیڑھیاں اترتے ہوئے,1,1,یکساں
r5130,"PAIN, stitching, temples, intermittent","PAIN, headache in general, Stitching, Temples, intermittent",سر — درد، چبھتا ہوا، کنپٹیوں میں، وقفے وقفے سے,1,1,یکساں
r5132,"PAIN, stitching, temples, lying on the painful part amel.","PAIN, headache in general, Stitching, Temples, lying on the painful part amel.",سر — درد، چبھتا ہوا، کنپٹیوں میں، دکھتے حصے کے بل لیٹنے سے آرام,1,1,یکساں
r5133,"PAIN, stitching, temples, mental exertion","PAIN, headache in general, Stitching, Temples, mental exertion",سر — درد، چبھتا ہوا، کنپٹیوں میں، ذہنی محنت سے,3,3,یکساں
r5135,"PAIN, stitching, temples, moving the jaw","PAIN, headache in general, Stitching, Temples, moving the jaw",سر — درد، چبھتا ہوا، کنپٹیوں میں، جبڑا ہلانے پر,1,1,یکساں
r5137,"PAIN, stitching, temples, paroxysmal","PAIN, headache in general, Stitching, Temples, paroxysmal",سر — درد، چبھتا ہوا، کنپٹیوں میں، دوروں کی شکل میں,1,1,یکساں
r5138,"PAIN, stitching, temples, pressure agg.","PAIN, headache in general, Stitching, Temples, pressure agg.",سر — درد، چبھتا ہوا، کنپٹیوں میں، دبانے سے بگاڑ,1,1,یکساں
r5140,"PAIN, stitching, temples, reading","PAIN, headache in general, Stitching, Temples, reading",سر — درد، چبھتا ہوا، کنپٹیوں میں، پڑھنا,1,1,یکساں
r5141,"PAIN, stitching, temples, raising head amel.","PAIN, headache in general, Stitching, Temples, raising head amel.",سر — درد، چبھتا ہوا، کنپٹیوں میں، سر اٹھانے سے آرام,1,1,یکساں
r5142,"PAIN, stitching, temples, rheumatic","PAIN, headache in general, Stitching, Temples, rheumatic",سر — درد، چبھتا ہوا، کنپٹیوں میں، گٹھیا والا,1,1,یکساں
r5143,"PAIN, stitching, temples, rhythmical","PAIN, headache in general, Stitching, Temples, rhythmical",سر — درد، چبھتا ہوا، کنپٹیوں میں، باقاعدہ وقفوں سے (تال کے ساتھ),2,2,یکساں
r5144,"PAIN, stitching, temples, shaking head","PAIN, headache in general, Stitching, Temples, shaking head",سر — درد، چبھتا ہوا، کنپٹیوں میں، سر ہلانے پر,2,2,یکساں
r5147,"PAIN, stitching, temples, stepping agg.","PAIN, headache in general, Stitching, Temples, stepping agg.",سر — درد، چبھتا ہوا، کنپٹیوں میں، قدم رکھنے سے بگاڑ,1,1,یکساں
r5151,"PAIN, stitching, temples, tearing","PAIN, headache in general, Stitching, Temples, tearing",سر — درد، چبھتا ہوا، کنپٹیوں میں، چیرتا ہوا,2,2,یکساں
r5152,"PAIN, stitching, temples, touch agg.","PAIN, headache in general, Stitching, Temples, touch agg.",سر — درد، چبھتا ہوا، کنپٹیوں میں، چھونے سے بگاڑ,1,1,یکساں
r5157,"PAIN, stitching, temples, warm application amel.","PAIN, headache in general, Stitching, Temples, warm application amel.",سر — درد، چبھتا ہوا، کنپٹیوں میں، گرم پٹی سے آرام,1,1,یکساں
r5158,"PAIN, stitching, temples, warm room in","PAIN, headache in general, Stitching, Temples, warm room in",سر — درد، چبھتا ہوا، کنپٹیوں میں، گرم کمرے میں,1,1,یکساں
r5170,"PAIN, stitching, vertex, morning","PAIN, headache in general, Stitching, Vertex, morning",سر — درد، چبھتا ہوا، چوٹی میں، صبح,2,2,یکساں
r5173,"PAIN, stitching, vertex, noon","PAIN, headache in general, Stitching, Vertex, noon",سر — درد، چبھتا ہوا، چوٹی میں، دوپہر,1,1,یکساں
r5176,"PAIN, stitching, vertex, evening","PAIN, headache in general, Stitching, Vertex, evening",سر — درد، چبھتا ہوا، چوٹی میں، شام,3,3,یکساں
r5177,"PAIN, stitching, vertex, night","PAIN, headache in general, Stitching, Vertex, night",سر — درد، چبھتا ہوا، چوٹی میں، رات,2,2,یکساں
r5178,"PAIN, stitching, vertex, burning","PAIN, headache in general, Stitching, Vertex, burning",سر — درد، چبھتا ہوا، چوٹی میں، جلتا ہوا,1,1,یکساں
r5181,"PAIN, stitching, vertex, paroxysmal","PAIN, headache in general, Stitching, Vertex, paroxysmal",سر — درد، چبھتا ہوا، چوٹی میں، دوروں کی شکل میں,2,2,یکساں
r5182,"PAIN, stitching, vertex, pulsating","PAIN, headache in general, Stitching, Vertex, pulsating",سر — درد، چبھتا ہوا، چوٹی میں، دھڑکتا ہوا,1,1,یکساں
r5184,"PAIN, stitching, vertex, rubbing amel.","PAIN, headache in general, Stitching, Vertex, rubbing amel.",سر — درد، چبھتا ہوا، چوٹی میں، ملنے سے آرام,1,1,یکساں
r5185,"PAIN, stitching, vertex, spots","PAIN, headache in general, Stitching, Vertex, spots",سر — درد، چبھتا ہوا، چوٹی میں، دھبوں میں,2,2,یکساں
r5189,"PAIN, stitching, vertex, washing amel.","PAIN, headache in general, Stitching, Vertex, washing amel.",سر — درد، چبھتا ہوا، چوٹی میں، دھونے سے آرام,1,1,یکساں
r5190,"PAIN, stitching, vertex, wet weather","PAIN, headache in general, Stitching, Vertex, wet weather",سر — درد، چبھتا ہوا، چوٹی میں، نم موسم میں,1,1,یکساں
r5202,"PAIN, stunning, stupefying, afternoon","PAIN, headache in general, Stunning, stupefying, afternoon",سر — درد، بے سدھ کر دینے والا، سہ پہر,2,2,یکساں
r5203,"PAIN, stunning, stupefying, evening","PAIN, headache in general, Stunning, stupefying, evening",سر — درد، بے سدھ کر دینے والا، شام,1,1,یکساں
r5204,"PAIN, stunning, stupefying, night","PAIN, headache in general, Stunning, stupefying, night",سر — درد، بے سدھ کر دینے والا، رات,1,1,یکساں
r5416,"PAIN, tearing, forehead, eminence, frontal, left, under, extending to eyes","PAIN, headache in general, Tearing, rending, Forehead, eminence, frontal, left, under, extending to eyes",سر — درد، چیرتا ہوا، ماتھے کے بائیں ابھار کے نیچے سے آنکھوں تک,1,1,یکساں
r5431,"PAIN, tearing, forehead, eyes, over, air, open, amel.","PAIN, headache in general, Tearing, rending, Forehead, eyes, over, air, open, amel.",سر — درد، چیرتا ہوا، آنکھوں کے اوپر، کھلی ہوا میں آرام,3,3,یکساں
r5641,"PAIN, torn, as if, forehead","PAIN, headache in general, Torn, as if (See Sore, Tearing etc.), Forehead",سر — درد، جیسے ماتھا چیر دیا گیا ہو,8,8,یکساں
r5643,"PAIN, torn, as if, occiput","PAIN, headache in general, Torn, as if (See Sore, Tearing etc.), Occiput",سر — درد، جیسے گدی چیر دی گئی ہو,1,1,یکساں
r5644,"PAIN, torn, as if, sides","PAIN, headache in general, Torn, as if (See Sore, Tearing etc.), Sides",سر — درد، جیسے پہلو چیر دیے گئے ہوں,2,2,یکساں
r5645,"PAIN, torn, as if, temples","PAIN, headache in general, Torn, as if (See Sore, Tearing etc.), Temples",سر — درد، جیسے کنپٹیاں چیر دی گئی ہوں,1,1,یکساں
r5646,"PAIN, torn, as if, vertex","PAIN, headache in general, Torn, as if (See Sore, Tearing etc.), Vertex",سر — درد، جیسے چوٹی چیر دی گئی ہو,5,5,یکساں
r5652,"PAIN, ulcerative, occiput, left","PAIN, headache in general, Ulcerative, Occiput, left",سر — درد، ناسور جیسا، گدی کے بائیں حصے میں,1,1,یکساں
r5661,"PERSPIRATION scalp, morning, rising, on","PERSPIRATION scalp, daytime, morning, rising, on",سر — سر کی کھال پر پسینہ، صبح اٹھتے وقت,1,1,یکساں
r5742,"PERSPIRATION, forehead, stool, after","PERSPIRATION scalp, Forehead, stool, during, after",سر — پسینہ، ماتھے پر، پاخانے کے بعد,4,4,یکساں
r593,"FALLING, forehead, coughing, while","FALLING backward of head (See Heaviness), Forehead, as if everything would fall out (See Pressure), coughing, while",سر — گرنا، ماتھے میں، کھانستے ہوئے,1,1,یکساں
r594,"FALLING, forehead, moving the eyes, on","FALLING backward of head (See Heaviness), Forehead, as if everything would fall out (See Pressure), moving the eyes, on",سر — گرنا، ماتھے میں، آنکھیں ہلانے پر,1,1,یکساں
r595,"FALLING, forehead, stool, during","FALLING backward of head (See Heaviness), Forehead, as if everything would fall out (See Pressure), stool, during",سر — گرنا، ماتھے میں، پاخانے کے دوران,1,1,یکساں
r596,"FALLING, forehead, stooping, on","FALLING backward of head (See Heaviness), Forehead, as if everything would fall out (See Pressure), stooping, on",سر — گرنا، ماتھے میں، جھکنے پر,3,3,یکساں
r6074,"RISING sensation, vertex to forehead, from, sensation of something","RISING sensation, in, vertex to forehead, from, sensation of something",سر — جیسے کوئی چیز چوٹی سے ماتھے کی طرف اٹھ رہی ہو,1,1,یکساں
r6081,"ROLLING, lead ball rolled about, as, vomiting agg.","ROLLING, in, lead ball rolled about, as (See Ball), vomiting agg.",سر — جیسے سیسے کی گیند لڑھک رہی ہو، قے سے بگاڑ,1,1,یکساں
r6113,"SHAKING sensation (See Looseness, Motion, Waving), motion of head, lying head down, on","SHAKING sensation (See Looseness, Motion, Waving), motion of head, on, lying head down, on",سر — ہلنے کا احساس، سر نیچے کر کے لیٹنے پر,1,1,یکساں
r6123,"SHAKING sensation (See Looseness, Motion, Waving), walking, open air, in","SHAKING sensation (See Looseness, Motion, Waving), walking, while, open air, in",سر — ہلنے کا احساس، کھلی ہوا میں چلتے ہوئے,2,2,یکساں
r6211,"STIFFNESS, sensation of, motion, of head agg.","STIFFNESS, sensation of, motion, on, of head agg.",سر — اکڑن کا احساس، سر کی حرکت سے بگاڑ,1,1,یکساں
r646,"FULLNESS (See Enlarged), mental exertion, amel., when mind is employed","FULLNESS (See Enlarged), mental exertion, from, amel., when mind is employed",سر — بھراؤ، ذہن مصروف ہو تو آرام,1,1,یکساں
r662,"FULLNESS (See Enlarged), stool, amel., after","FULLNESS (See Enlarged), stool, when straining at, amel., after",سر — بھراؤ، پاخانے کے بعد آرام,1,1,یکساں
r759,"HEAT, air, in open, amel.","HEAT, air, in open, agg., amel.",سر — گرمی، کھلی ہوا میں آرام,15,15,یکساں
r905,"HEAVINESS (See Pressing), morning, rising, amel. after","HEAVINESS (See Pressing), morning, rising, on, amel. after",سر — بھاری پن، صبح اٹھنے کے بعد آرام,4,4,یکساں
r916,"HEAVINESS (See Pressing), air, in open, amel.","HEAVINESS (See Pressing), air, in cold, in open, amel.",سر — بھاری پن، کھلی ہوا میں آرام,16,16,یکساں
r965,"HEAVINESS (See Pressing), lying, back, on","HEAVINESS (See Pressing), lying, while, back, on",سر — بھاری پن، پیٹھ کے بل لیٹنے پر,2,2,یکساں
r967,"HEAVINESS (See Pressing), lying, head too low, as if had been","HEAVINESS (See Pressing), lying, while, head too low, as if had been",سر — بھاری پن، جیسے سر بہت نیچا رکھ کر لیٹا رہا ہو,1,1,یکساں
r979,"HEAVINESS (See Pressing), motion, of eyes, on","HEAVINESS (See Pressing), motion, from, of eyes, on",سر — بھاری پن، آنکھیں ہلانے پر,4,4,یکساں
r672,"FULLNESS (See Enlarged), forehead","FULLNESS (See Enlarged), Forehead",سر — بھراؤ (بھرا بھرا لگنا)، ماتھا,72,67,ماخذی مطابق کیے
r409,DRAWN backward (See Falling),DRAWN backward (See Falling),سر — پیچھے کو کھنچنا,43,40,ماخذی مطابق کیے
r1166,"KNOCKING in head (See Pulsation), brain against skull, as of","KNOCKING in head (See Pulsation), brain against skull, as of",سر — جیسے دماغ کھوپڑی سے ٹکرائے,14,13,ماخذی مطابق کیے
r514,"ERUPTION, nodes","ERUPTION, nodes",سر — دانے، پھنسیاں (سر کی کھال پر)، گلٹیاں,14,13,ماخذی مطابق کیے
r6301,"TWITCHING of muscles, forehead","TWITCHING of muscles of the head, Forehead",سر — پھڑکن، ماتھے میں,27,25,ماخذی مطابق کیے
o41036,"PAIN, forehead, eminence, frontal, morning, waking, on","PAIN, headache in general, Forehead, in, eminence, frontal, morning, waking, on",سر — درد، ماتھے کے ابھار میں، صبح جاگنے پر,1,1,یکساں
o41103,"PAIN, forehead, eyes, above, evening, reading, while","PAIN, headache in general, Forehead, in, eyes, above, evening, reading, while",سر — درد، آنکھوں کے اوپر، شام پڑھتے ہوئے,2,2,یکساں
o41121,"PAIN, forehead, eyes, above, forenoon, walking, while","PAIN, headache in general, Forehead, in, eyes, above, forenoon, walking, while",سر — درد، آنکھوں کے اوپر، دوپہر سے پہلے چلتے ہوئے,1,1,یکساں
o41124,"PAIN, forehead, eyes, above, left, coition, after","PAIN, headache in general, Forehead, in, eyes, above, left, coition, after",سر — درد، بائیں آنکھ کے اوپر، مباشرت کے بعد,1,1,یکساں
o42059,"PAIN, pressing, forehead, eyes, over, extending, outward","PAIN, headache in general, Pressing (See Bursting, Drawing), Forehead, eyes, over, extending eyes, into, outward",سر — درد، دبانے والا، آنکھوں کے اوپر سے باہر کی طرف,1,1,یکساں
o42385,"PAIN, pressing, temples, extending, eyes, above, to","PAIN, headache in general, Pressing (See Bursting, Drawing), Temples, extending brain, to, eyes, above, to",سر — درد، دبانے والا، کنپٹیوں سے آنکھوں کے اوپر تک,1,1,یکساں
o42671,"PAIN, shooting, occiput, extending, vertex, to, like a bolt","PAIN, headache in general, Shooting (See Cutting, Lancinating, Shocks, Stitches, etc.), Occiput, extending back, down, vertex, to, like a bolt",سر — درد، دوڑتا ہوا (تیر جیسا)، گدی سے چوٹی تک، سلاخ کی طرح,3,3,یکساں
o43542,"PAIN, tearing, bending head, forward, burning, tearing in, on","PAIN, headache in general, Tearing, rending, bending head back agg., forward amel., burning, tearing in, on",سر — درد، چیرتا ہوا، سر آگے جھکانے پر، جلتا چیرتا درد,1,1,یکساں
o44744,"SHOCKS, blows, occiput, dull, heavy, throbbing pain through head, with sensation like a heavy blow on back of head and neck","SHOCKS, blows, jerks, etc. (See Jerking Pain, Pulsation, Plug, Nail), Occiput, dull, heavy, throbbing pain through head, with sensation like a heavy blow on back of head and neck",سر — ضربیں، گدی میں، پورے سر میں مدھم بھاری دھڑکتا درد، جیسے گدی اور گردن پر زور کی ضرب لگی ہو,1,1,یکساں
o44772,"SHOCKS, blows, vertex, bolt, as from a, from neck to vertex, agg. at each throb of heart","SHOCKS, blows, jerks, etc. (See Jerking Pain, Pulsation, Plug, Nail), Vertex, bolt, as from a, from neck to vertex, agg. at each throb of heart",سر — ضربیں، چوٹی میں، جیسے گردن سے چوٹی تک سلاخ ہو، دل کی ہر دھڑکن پر بگاڑ,1,1,یکساں
r3846,"PAIN, plug, as from a, split wide open by a wedge, body cold, head burns, cannot get warm; whines","PAIN, headache in general, Plug, peg or wedge, as from a (See Nail), split wide open by a wedge, body cold, head burns, cannot get warm; whines",سر — درد، جیسے پھانے سے چیر کر کھول دیا ہو؛ جسم ٹھنڈا، سر جلے، گرم نہ ہو سکے؛ رونی آواز نکالے,1,1,یکساں
r5415,"PAIN, tearing, forehead, eminence, frontal, left, under","PAIN, headache in general, Tearing, rending, Forehead, eminence, frontal, left, under",سر — درد، چیرتا ہوا، ماتھے کے بائیں ابھار کے نیچے,1,1,یکساں
r5417,"PAIN, tearing, forehead, eminence, frontal, afternoon, 2 p.m.","PAIN, headache in general, Tearing, rending, Forehead, eminence, frontal, afternoon, 2 p.m.",سر — درد، چیرتا ہوا، ماتھے کے ابھار میں، سہ پہر 2 بجے,1,1,یکساں
r5419,"PAIN, tearing, forehead, eminence, frontal, air, open in","PAIN, headache in general, Tearing, rending, Forehead, eminence, frontal, air, open in",سر — درد، چیرتا ہوا، ماتھے کے ابھار میں، کھلی ہوا میں,1,1,یکساں
r5420,"PAIN, tearing, forehead, eminence, frontal, dinner, after","PAIN, headache in general, Tearing, rending, Forehead, eminence, frontal, dinner, after",سر — درد، چیرتا ہوا، ماتھے کے ابھار میں، دوپہر کے کھانے کے بعد,1,1,یکساں
r5421,"PAIN, tearing, forehead, eminence, frontal, speaking, while","PAIN, headache in general, Tearing, rending, Forehead, eminence, frontal, speaking, while",سر — درد، چیرتا ہوا، ماتھے کے ابھار میں، بولتے ہوئے,1,1,یکساں
r5422,"PAIN, tearing, forehead, eminence, frontal, extending ear, to","PAIN, headache in general, Tearing, rending, Forehead, eminence, frontal, extending ear, to",سر — درد، چیرتا ہوا، ماتھے کے ابھار سے کان تک,3,3,یکساں
r5450,"PAIN, tearing, forehead, sides of, extending, cheek, to","PAIN, headache in general, Tearing, rending, Forehead, sides of, extending, cheek, to",سر — درد، چیرتا ہوا، ماتھے میں، پہلوؤں میں، گال تک,1,1,یکساں
r5595,"PAIN, tearing, temples, twitching, tearing in, temple lain on, moves to the other side on turning","PAIN, headache in general, Tearing, rending, Temples, twitching, tearing in, temple lain on, moves to the other side on turning",سر — درد، چیرتا ہوا، جس کنپٹی پر لیٹے اس میں پھڑکتا چیرتا درد، کروٹ بدلنے پر دوسری طرف چلا جائے,1,1,یکساں
r2,"AIR or wind, passing through head, sensation as of","AIR OR WIND, passing through head, sensation as of",سر — جیسے سر میں سے ہوا گزر رہی ہو,13,12,ماخذی مطابق کیے
r380,"CONTRACTION of scalp, sensation of","CONTRACTION of scalp, sensation of",سر — سر کی کھال سکڑنے کا احساس,13,12,ماخذی مطابق کیے
r499,"ERUPTION, impetigo","ERUPTION, impetigo",سر — دانے، پھنسیاں (سر کی کھال پر)، پیپ والے چھالے (امپیٹیگو),13,12,ماخذی مطابق کیے
r6340,WAVING sensation (See Shaking),WAVING sensation (See Shaking),سر — لہرانے کا احساس,39,36,ماخذی مطابق کیے
r1341,"PAIN, morning, waking, on","PAIN, headache in general, morning, waking, on",سر — درد، صبح، جاگنے پر,91,90,ماخذی مطابق کیے
r4200,"PAIN, pressing, forehead, sides, right","PAIN, headache in general, Pressing (See Bursting, Drawing), Forehead, sides, right",سر — درد، دبانے والا، ماتھے میں، دائیں پہلو میں,39,38,ماخذی مطابق کیے
o38711,"ALIVE, sensation, night","ALIVE, sensation as if something, were in head, night",سر — زندہ چیز کا احساس، رات,1,1,یکساں
o38999,"CONSTRICTION, looking, sideways","CONSTRICTION, tension (See also Drawing, Pressing), looking steadily agg., sideways",سر — جکڑن (کساؤ)، ترچھا دیکھنے پر,1,1,یکساں
o39038,"CONSTRICTION, sitting, amel.","CONSTRICTION, tension (See also Drawing, Pressing), sitting agg., amel.",سر — جکڑن، بیٹھنے سے آرام,2,2,یکساں
o39039,"CONSTRICTION, sitting, bent forward agg.","CONSTRICTION, tension (See also Drawing, Pressing), sitting agg., bent forward agg.",سر — جکڑن، آگے جھک کر بیٹھنے سے بگاڑ,1,1,یکساں
o39041,"CONSTRICTION, sleeping, on affected side","CONSTRICTION, tension (See also Drawing, Pressing), sleeping agg., on affected side",سر — جکڑن (کساؤ)، متاثرہ پہلو پر سونے سے,1,1,یکساں
o39406,"HAIR, gray, in spots","HAIR baldness, gray, becomes, in spots",سر — بال جگہ جگہ سے سفید,1,1,یکساں
o39714,"HEAVINESS (See Pressing), pressed, brain feels compressed","HEAVINESS (See Pressing), pressed forward, as if brain were, brain feels compressed",سر — بھاری پن، دماغ دبا ہوا محسوس ہو,1,1,یکساں
o39759,"HOLD, steady, unable to","HOLD up head, unable to, steady, unable to",سر — سر ساکت نہیں رکھ سکتا,1,1,یکساں
o39817,"ITCHING of scalp, warm, when head becomes","ITCHING of scalp, warm from exercise, when, when head becomes",سر — سر کی کھال میں خارش، سر گرم ہونے پر,5,5,یکساں
o39828,"JERKING of, lying, the head jerks clear of the pillow","JERKING of the head, lying on the back, while, the head jerks clear of the pillow",سر — لیٹے ہوئے سر جھٹکے سے تکیے سے اٹھ جائے,1,1,یکساں
o40649,"PAIN, darkness, amel.","PAIN, headache in general, darkness agg., amel.",سر — درد، اندھیرے میں آرام,14,14,یکساں
o40883,"PAIN, dull, afternoon","PAIN, headache in general, Dull pain, afternoon",سر — درد، مدھم، سہ پہر,1,1,یکساں
o40884,"PAIN, dull, eating amel.","PAIN, headache in general, Dull pain, eating amel.",سر — درد، مدھم، کھانے سے آرام,1,1,یکساں
o40885,"PAIN, dull, evening","PAIN, headache in general, Dull pain, evening",سر — درد، مدھم، شام,3,3,یکساں
o40889,"PAIN, dull, morning","PAIN, headache in general, Dull pain, morning",سر — درد، مدھم، صبح,3,3,یکساں
o40893,"PAIN, dull, pressure amel.","PAIN, headache in general, Dull pain, pressure amel.",سر — درد، مدھم، دبانے سے آرام,2,2,یکساں
o41012,"PAIN, forehead, eminence, frontal, afternoon, 4 p.m.","PAIN, headache in general, Forehead, in, eminence, frontal, afternoon, 4 p.m.",سر — درد، ماتھے کے ابھار میں، سہ پہر 4 بجے,1,1,یکساں
o41013,"PAIN, forehead, eminence, frontal, air open, amel.","PAIN, headache in general, Forehead, in, eminence, frontal, air open, amel.",سر — درد، ماتھے کے ابھار میں، کھلی ہوا میں آرام,1,1,یکساں
o41020,"PAIN, forehead, eminence, frontal, evening, 7 p.m.","PAIN, headache in general, Forehead, in, eminence, frontal, evening, 7 p.m.",سر — درد، ماتھے کے ابھار میں، شام 7 بجے,1,1,یکساں
o41021,"PAIN, forehead, eminence, frontal, evening, 8 p.m.","PAIN, headache in general, Forehead, in, eminence, frontal, evening, 8 p.m.",سر — درد، ماتھے کے ابھار میں، رات 8 بجے,1,1,یکساں
o41034,"PAIN, forehead, eminence, frontal, morning, 10 a.m.","PAIN, headache in general, Forehead, in, eminence, frontal, morning, 10 a.m.",سر — درد، ماتھے کے ابھار میں، صبح 10 بجے,1,1,یکساں
o41035,"PAIN, forehead, eminence, frontal, morning, 3-30 a.m.","PAIN, headache in general, Forehead, in, eminence, frontal, morning, 3-30 a.m.",سر — درد، ماتھے کے ابھار میں، رات ساڑھے 3 بجے,1,1,یکساں
o41039,"PAIN, forehead, eminence, frontal, rest, during","PAIN, headache in general, Forehead, in, eminence, frontal, rest, during",سر — درد، ماتھے کے ابھار میں، آرام کے دوران,1,1,یکساں
o41041,"PAIN, forehead, eminence, frontal, shaking head, on","PAIN, headache in general, Forehead, in, eminence, frontal, shaking head, on",سر — درد، ماتھے کے ابھار میں، سر ہلانے پر,1,1,یکساں
o41043,"PAIN, forehead, eminence, frontal, stooping, on","PAIN, headache in general, Forehead, in, eminence, frontal, stooping, on",سر — درد، ماتھے کے ابھار میں، جھکنے پر,1,1,یکساں
o41044,"PAIN, forehead, eminence, frontal, waking, on","PAIN, headache in general, Forehead, in, eminence, frontal, waking, on",سر — درد، ماتھے کے ابھار میں، جاگنے پر,1,1,یکساں
o41060,"PAIN, forehead, extending, eye, teeth, to","PAIN, headache in general, Forehead, in, extending backward, eye, teeth, to",سر — درد، ماتھے سے آنکھ اور دانتوں تک,1,1,یکساں
o41078,"PAIN, forehead, eyes, above, afternoon, 1 p.m.","PAIN, headache in general, Forehead, in, eyes, above, afternoon, 1 p.m.",سر — درد، آنکھوں کے اوپر، سہ پہر 1 بجے,3,3,یکساں
o41079,"PAIN, forehead, eyes, above, afternoon, 3 p.m.","PAIN, headache in general, Forehead, in, eyes, above, afternoon, 3 p.m.",سر — درد، آنکھوں کے اوپر، سہ پہر 3 بجے,2,2,یکساں
o41080,"PAIN, forehead, eyes, above, afternoon, 4 p.m.","PAIN, headache in general, Forehead, in, eyes, above, afternoon, 4 p.m.",سر — درد، آنکھوں کے اوپر، سہ پہر 4 بجے,1,1,یکساں
o41081,"PAIN, forehead, eyes, above, afternoon, motion","PAIN, headache in general, Forehead, in, eyes, above, afternoon, motion",سر — درد، آنکھوں کے اوپر، سہ پہر حرکت سے,1,1,یکساں
o41086,"PAIN, forehead, eyes, above, bed, on going to","PAIN, headache in general, Forehead, in, eyes, above, bed, on going to",سر — درد، آنکھوں کے اوپر، بستر پر جاتے وقت,1,1,یکساں
o41087,"PAIN, forehead, eyes, above, breakfast, after","PAIN, headache in general, Forehead, in, eyes, above, breakfast, after",سر — درد، آنکھوں کے اوپر، ناشتے کے بعد,2,2,یکساں
o41088,"PAIN, forehead, eyes, above, close the eyes, compels him to","PAIN, headache in general, Forehead, in, eyes, above, close the eyes, compels him to",سر — درد، آنکھوں کے اوپر، آنکھیں بند کرنے پر مجبور کرے,1,1,یکساں
o41094,"PAIN, forehead, eyes, above, coughing, after","PAIN, headache in general, Forehead, in, eyes, above, coughing, after",سر — درد، آنکھوں کے اوپر، کھانسنے کے بعد,2,2,یکساں
o41095,"PAIN, forehead, eyes, above, dark, in the","PAIN, headache in general, Forehead, in, eyes, above, dark, in the",سر — درد، آنکھوں کے اوپر، اندھیرے میں,1,1,یکساں
o41097,"PAIN, forehead, eyes, above, eating, after","PAIN, headache in general, Forehead, in, eyes, above, eating, after",سر — درد، آنکھوں کے اوپر، کھانے کے بعد,3,3,یکساں
o41100,"PAIN, forehead, eyes, above, evening, 6 p.m.","PAIN, headache in general, Forehead, in, eyes, above, evening, 6 p.m.",سر — درد، آنکھوں کے اوپر، شام 6 بجے,3,3,یکساں
o41101,"PAIN, forehead, eyes, above, evening, 8 p.m.","PAIN, headache in general, Forehead, in, eyes, above, evening, 8 p.m.",سر — درد، آنکھوں کے اوپر، رات 8 بجے,1,1,یکساں
o41102,"PAIN, forehead, eyes, above, evening, 9 p.m.","PAIN, headache in general, Forehead, in, eyes, above, evening, 9 p.m.",سر — درد، آنکھوں کے اوپر، رات 9 بجے,1,1,یکساں
o41110,"PAIN, forehead, eyes, above, extending, outward","PAIN, headache in general, Forehead, in, eyes, above, extending to ear, outward",سر — درد، آنکھوں کے اوپر سے باہر کی طرف,2,2,یکساں
o41116,"PAIN, forehead, eyes, above, forenoon, 10 a.m. to 4 p.m.","PAIN, headache in general, Forehead, in, eyes, above, forenoon, 10 a.m. to 4 p.m.",سر — درد، آنکھوں کے اوپر، صبح 10 سے سہ پہر 4 بجے تک,1,1,یکساں
o41117,"PAIN, forehead, eyes, above, forenoon, 11 a.m.","PAIN, headache in general, Forehead, in, eyes, above, forenoon, 11 a.m.",سر — درد، آنکھوں کے اوپر، صبح 11 بجے,4,4,یکساں
o41118,"PAIN, forehead, eyes, above, forenoon, 8 a.m.","PAIN, headache in general, Forehead, in, eyes, above, forenoon, 8 a.m.",سر — درد، آنکھوں کے اوپر، صبح 8 بجے,1,1,یکساں
o41120,"PAIN, forehead, eyes, above, forenoon, 9 a.m. until 3 p.m.","PAIN, headache in general, Forehead, in, eyes, above, forenoon, 9 a.m. until 3 p.m.",سر — درد، آنکھوں کے اوپر، صبح 9 سے سہ پہر 3 بجے تک,1,1,یکساں
o41126,"PAIN, forehead, eyes, above, left, extending to occiput and finally over whole body","PAIN, headache in general, Forehead, in, eyes, above, left, extending to occiput and finally over whole body",سر — درد، بائیں آنکھ کے اوپر، گدی تک اور آخر میں پورے جسم پر پھیلے,1,1,یکساں
o41128,"PAIN, forehead, eyes, above, left, lying on left side amel.","PAIN, headache in general, Forehead, in, eyes, above, left, lying on left side amel.",سر — درد، بائیں آنکھ کے اوپر، بائیں پہلو لیٹنے سے آرام,1,1,یکساں
o41129,"PAIN, forehead, eyes, above, left, periodical","PAIN, headache in general, Forehead, in, eyes, above, left, periodical",سر — درد، بائیں آنکھ کے اوپر، وقفے وقفے سے,1,1,یکساں
o41130,"PAIN, forehead, eyes, above, left, then right","PAIN, headache in general, Forehead, in, eyes, above, left, then right",سر — درد، بائیں آنکھ کے اوپر، پھر دائیں,6,6,یکساں
o41131,"PAIN, forehead, eyes, above, light, from","PAIN, headache in general, Forehead, in, eyes, above, light, from",سر — درد، آنکھوں کے اوپر، روشنی سے,7,7,یکساں
o41133,"PAIN, forehead, eyes, above, looking, down","PAIN, headache in general, Forehead, in, eyes, above, looking at bright objects, down",سر — درد، آنکھوں کے اوپر، نیچے دیکھنے پر,1,1,یکساں
o41134,"PAIN, forehead, eyes, above, looking, intently at anything","PAIN, headache in general, Forehead, in, eyes, above, looking at bright objects, intently at anything",سر — درد، آنکھوں کے اوپر، کسی چیز کو غور سے دیکھنے پر,1,1,یکساں
o41135,"PAIN, forehead, eyes, above, lying down, after","PAIN, headache in general, Forehead, in, eyes, above, lying down, after",سر — درد، آنکھوں کے اوپر، لیٹنے کے بعد,4,4,یکساں
o41138,"PAIN, forehead, eyes, above, menses, before","PAIN, headache in general, Forehead, in, eyes, above, menses, before",سر — درد، آنکھوں کے اوپر، حیض سے پہلے,6,6,یکساں
o41141,"PAIN, forehead, eyes, above, mental exertion, during","PAIN, headache in general, Forehead, in, eyes, above, mental exertion, during",سر — درد، آنکھوں کے اوپر، ذہنی محنت کے دوران,5,5,یکساں
o41143,"PAIN, forehead, eyes, above, morning, 4 a.m.","PAIN, headache in general, Forehead, in, eyes, above, morning, 4 a.m.",سر — درد، آنکھوں کے اوپر، رات 4 بجے,1,1,یکساں
o41145,"PAIN, forehead, eyes, above, morning, in bed","PAIN, headache in general, Forehead, in, eyes, above, morning, in bed",سر — درد، آنکھوں کے اوپر، صبح بستر میں,4,4,یکساں
o41146,"PAIN, forehead, eyes, above, morning, until 4 p.m.","PAIN, headache in general, Forehead, in, eyes, above, morning, until 4 p.m.",سر — درد، آنکھوں کے اوپر، صبح سے سہ پہر 4 بجے تک,1,1,یکساں
o41149,"PAIN, forehead, eyes, above, narrow line, in a","PAIN, headache in general, Forehead, in, eyes, above, narrow line, in a",سر — درد، آنکھوں کے اوپر، ایک پتلی لکیر میں,1,1,یکساں
o41151,"PAIN, forehead, eyes, above, night, midnight","PAIN, headache in general, Forehead, in, eyes, above, night, midnight",سر — درد، آنکھوں کے اوپر، آدھی رات,1,1,یکساں
o41154,"PAIN, forehead, eyes, above, numbness, followed by","PAIN, headache in general, Forehead, in, eyes, above, numbness, followed by",سر — درد، آنکھوں کے اوپر، بعد میں سن پن,1,1,یکساں
o41161,"PAIN, forehead, eyes, above, sewing, while","PAIN, headache in general, Forehead, in, eyes, above, sewing, while",سر — درد، آنکھوں کے اوپر، سلائی کرتے ہوئے,1,1,یکساں
o41162,"PAIN, forehead, eyes, above, sitting, while","PAIN, headache in general, Forehead, in, eyes, above, sitting, while",سر — درد، آنکھوں کے اوپر، بیٹھے ہوئے,1,1,یکساں
o41164,"PAIN, forehead, eyes, above, sneezing, when","PAIN, headache in general, Forehead, in, eyes, above, sneezing, when",سر — درد، آنکھوں کے اوپر، چھینکتے وقت,1,1,یکساں
o41166,"PAIN, forehead, eyes, above, stooping, when","PAIN, headache in general, Forehead, in, eyes, above, stooping, when",سر — درد، آنکھوں کے اوپر، جھکنے پر,10,10,یکساں
o41168,"PAIN, forehead, eyes, above, supper, during","PAIN, headache in general, Forehead, in, eyes, above, supper, during",سر — درد، آنکھوں کے اوپر، رات کے کھانے کے دوران,1,1,یکساں
o41169,"PAIN, forehead, eyes, above, waking, on","PAIN, headache in general, Forehead, in, eyes, above, waking, on",سر — درد، آنکھوں کے اوپر، جاگنے پر,5,5,یکساں
o41484,"PAIN, lies, prone with head hanging over side of bed","PAIN, headache in general, lies with head high, prone with head hanging over side of bed",سر — درد، منہ کے بل لیٹتا ہے، سر بستر کے کنارے سے لٹکا ہوا,1,1,یکساں
o41485,"PAIN, lies, with head low","PAIN, headache in general, lies with head high, with head low",سر — درد، سر نیچا رکھ کر لیٹتا ہے,10,10,یکساں
o41496,"PAIN, looking, downward, from, out of window causes vertigo, anxiety headache and sweat","PAIN, headache in general, looking fixedly at anything, from, downward, from, out of window causes vertigo, anxiety headache and sweat",سر — درد، کھڑکی سے نیچے دیکھنے سے چکر، بے چینی، سر درد اور پسینہ,1,1,یکساں
o41686,"PAIN, occiput, extending, jaw, lower, to","PAIN, headache in general, Occiput, extending down back, jaw, to, lower, to",سر — درد، گدی سے نچلے جبڑے تک,1,1,یکساں
o41865,"PAIN, periodic, day and night","PAIN, headache in general, periodic headache, day and night",سر — درد، وقفے وقفے سے باقاعدہ، دن رات,7,7,یکساں
o41872,"PAIN, periodic, every other day","PAIN, headache in general, periodic headache, every other day",سر — درد، وقفے وقفے سے، باقاعدہ، ایک دن چھوڑ کر,15,15,یکساں
o41876,"PAIN, periodic, every three or four days","PAIN, headache in general, periodic headache, every three or four days",سر — درد، وقفے وقفے سے، باقاعدہ، ہر تین چار دن بعد,1,1,یکساں
o41882,"PAIN, periodic, noon to 10 p.m.","PAIN, headache in general, periodic headache, noon to 10 p.m.",سر — درد، وقفے وقفے سے، باقاعدہ، دوپہر سے رات 10 بجے تک,1,1,یکساں
o42384,"PAIN, pressing, temples, extending, ears, to","PAIN, headache in general, Pressing (See Bursting, Drawing), Temples, extending brain, to, ears, to",سر — درد، دبانے والا، کنپٹیوں سے کانوں تک,1,1,یکساں
o42386,"PAIN, pressing, temples, extending, forehead, across","PAIN, headache in general, Pressing (See Bursting, Drawing), Temples, extending brain, to, forehead, across",سر — درد، دبانے والا، کنپٹیوں سے پھیلتا ہوا، ماتھے میں، آر پار,4,4,یکساں
o42388,"PAIN, pressing, temples, extending, head, to","PAIN, headache in general, Pressing (See Bursting, Drawing), Temples, extending brain, to, head, to",سر — درد، دبانے والا، کنپٹیوں سے سر تک,2,2,یکساں
o42389,"PAIN, pressing, temples, extending, neck, to","PAIN, headache in general, Pressing (See Bursting, Drawing), Temples, extending brain, to, neck, to",سر — درد، دبانے والا، کنپٹیوں سے گردن تک,2,2,یکساں
o42390,"PAIN, pressing, temples, extending, occiput, to","PAIN, headache in general, Pressing (See Bursting, Drawing), Temples, extending brain, to, occiput, to",سر — درد، دبانے والا، کنپٹیوں سے گدی تک,2,2,یکساں
o42391,"PAIN, pressing, temples, extending, vertex, to","PAIN, headache in general, Pressing (See Bursting, Drawing), Temples, extending brain, to, vertex, to",سر — درد، دبانے والا، کنپٹیوں سے چوٹی تک,3,3,یکساں
o42392,"PAIN, pressing, temples, extending, zygoma, to","PAIN, headache in general, Pressing (See Bursting, Drawing), Temples, extending brain, to, zygoma, to",سر — درد، دبانے والا، کنپٹیوں سے گال کی ہڈی تک,1,1,یکساں
o42548,"PAIN, raising, arms to head","PAIN, headache in general, raising head, arms to head",سر — درد، بازو سر تک اٹھانے پر,1,1,یکساں
o42550,"PAIN, reading, amel.","PAIN, headache in general, reading agg., amel.",سر — درد، پڑھنے سے آرام,2,2,یکساں
o42562,"PAIN, riding, horseback amel.","PAIN, headache in general, riding on the cars, horseback amel.",سر — درد، گھڑ سواری سے آرام,1,1,یکساں
o42578,"PAIN, room, pains coming on in room are amel. outdoors and vice versa","PAIN, headache in general, room in crowded, pains coming on in room are amel. outdoors and vice versa",سر — درد، کمرے میں شروع ہو تو باہر آرام، اور الٹ,2,2,یکساں
o42667,"PAIN, shooting, occiput, extending, eye, to","PAIN, headache in general, Shooting (See Cutting, Lancinating, Shocks, Stitches, etc.), Occiput, extending back, down, eye, to",سر — درد، دوڑتا ہوا (تیر جیسا)، گدی سے آنکھ تک,2,2,یکساں
o42669,"PAIN, shooting, occiput, extending, spine and arms, down","PAIN, headache in general, Shooting (See Cutting, Lancinating, Shocks, Stitches, etc.), Occiput, extending back, down, spine and arms, down",سر — درد، دوڑتا ہوا (تیر جیسا)، گدی سے ریڑھ کی ہڈی اور بازوؤں میں نیچے تک,1,1,یکساں
o42670,"PAIN, shooting, occiput, extending, temples, to","PAIN, headache in general, Shooting (See Cutting, Lancinating, Shocks, Stitches, etc.), Occiput, extending back, down, temples, to",سر — درد، دوڑتا ہوا (تیر جیسا)، گدی سے کنپٹیوں تک,1,1,یکساں
o42737,"PAIN, shooting, vertex, extending, temples, to","PAIN, headache in general, Shooting (See Cutting, Lancinating, Shocks, Stitches, etc.), Vertex, extending forward, to, temples, to",سر — درد، دوڑتا ہوا (تیر جیسا)، چوٹی سے کنپٹیوں تک,1,1,یکساں
o43266,"PAIN, stitching, occiput, sides of, extending, side to side","PAIN, headache in general, Stitching, Occiput, sides of, extending forehead, to, side to side",سر — درد، چبھتا ہوا، گدی کے پہلوؤں میں، ایک طرف سے دوسری طرف,1,1,یکساں
o43379,"PAIN, stitching, temples, extending, eye, to","PAIN, headache in general, Stitching, Temples, extending brain, into, eye, to",سر — درد، چبھتا ہوا، کنپٹیوں سے آنکھ تک,3,3,یکساں
o43380,"PAIN, stitching, temples, extending, forehead, across","PAIN, headache in general, Stitching, Temples, extending brain, into, forehead, across",سر — درد، چبھتا ہوا، کنپٹیوں سے پھیلتا ہوا، ماتھے میں، آر پار,7,7,یکساں
o43382,"PAIN, stitching, temples, extending, occiput, to","PAIN, headache in general, Stitching, Temples, extending brain, into, occiput, to",سر — درد، چبھتا ہوا، کنپٹیوں سے گدی تک,3,3,یکساں
o43384,"PAIN, stitching, temples, extending, teeth, to","PAIN, headache in general, Stitching, Temples, extending brain, into, teeth, to",سر — درد، چبھتا ہوا، کنپٹیوں سے دانتوں تک,1,1,یکساں
o43386,"PAIN, stitching, temples, extending, zygoma, to","PAIN, headache in general, Stitching, Temples, extending brain, into, zygoma, to",سر — درد، چبھتا ہوا، کنپٹیوں سے گال کی ہڈی تک,1,1,یکساں
o43752,"PAIN, tearing, occiput, sitting, while, amel.","PAIN, headache in general, Tearing, rending, Occiput, sitting erect agg., while, amel.",سر — درد، چیرتا ہوا، گدی میں، بیٹھے ہوئے آرام,2,2,یکساں
o43791,"PAIN, tearing, sides, extending, ear, to","PAIN, headache in general, Tearing, rending, Sides, extending down neck into face and teeth, ear, to",سر — درد، چیرتا ہوا، پہلوؤں سے کان تک,2,2,یکساں
o43792,"PAIN, tearing, sides, extending, eye, to","PAIN, headache in general, Tearing, rending, Sides, extending down neck into face and teeth, eye, to",سر — درد، چیرتا ہوا، پہلوؤں سے آنکھ تک,1,1,یکساں
o43793,"PAIN, tearing, sides, extending, face, to","PAIN, headache in general, Tearing, rending, Sides, extending down neck into face and teeth, face, to",سر — درد، چیرتا ہوا، پہلوؤں سے چہرے تک,1,1,یکساں
o44207,"PAIN, warm room, amel.","PAIN, headache in general, warm room agg., amel.",سر — درد، گرم کمرے میں آرام,29,29,یکساں
o44639,"PUSHED, to forehead from occiput, sensation as if a load were","PUSHED forward, as if, to forehead from occiput, sensation as if a load were",سر — جیسے کوئی بوجھ گدی سے ماتھے کی طرف دھکیلا جا رہا ہو,1,1,یکساں
o44705,"SHAKING sensation (See Looseness, Motion, Waving), stepping, striking foot against anything","SHAKING sensation (See Looseness, Motion, Waving), stepping heavily, when, striking foot against anything",سر — ہلنے کا احساس، قدم رکھتے ہوئے پاؤں کسی چیز سے ٹکرائے,1,1,یکساں
o44720,"SHOCKS, blows, electric, like, falling asleep, while sitting","SHOCKS, blows, jerks, etc. (See Jerking Pain, Pulsation, Plug, Nail), electric, like, falling asleep, while sitting",سر — ضربیں، بجلی کے جھٹکے جیسی، بیٹھے بیٹھے نیند آتے وقت,1,1,یکساں
o44745,"SHOCKS, blows, occiput, extending, forehead, to","SHOCKS, blows, jerks, etc. (See Jerking Pain, Pulsation, Plug, Nail), Occiput, extending, forehead, to",سر — ضربیں، گدی سے ماتھے تک پھیلتی ہوئی,2,2,یکساں
o44770,"SHOCKS, blows, temples, sudden, deep in, causes starting","SHOCKS, blows, jerks, etc. (See Jerking Pain, Pulsation, Plug, Nail), Temples, sudden, deep in, causes starting",سر — ضربیں، کنپٹیوں میں، اچانک، گہرائی میں، چونکا دیں,1,1,یکساں
o44802,"STRIKING, nodding the head, on","STRIKING against the skull, sensation as through brain were (See Knocks, Looseness), nodding the head, on",سر — سر ہاں کی طرح ہلانے پر ٹکراؤ کا احساس,1,1,یکساں
r1001,"HEAVINESS (See Pressing), sitting, erect","HEAVINESS (See Pressing), sitting, while, erect",سر — بھاری پن، سیدھا بیٹھنے پر,1,1,یکساں
r1008,"HEAVINESS (See Pressing), stooping, amel.","HEAVINESS (See Pressing), stooping, on, amel.",سر — بھاری پن، جھکنے سے آرام,4,4,یکساں
r1016,"HEAVINESS (See Pressing), walking, amel.","HEAVINESS (See Pressing), walking, while, amel.",سر — بھاری پن، چلنے سے آرام,2,2,یکساں
r1017,"HEAVINESS (See Pressing), walking, open air amel.","HEAVINESS (See Pressing), walking, while, open air amel.",سر — بھاری پن، کھلی ہوا میں چلنے سے آرام,1,1,یکساں
r1018,"HEAVINESS (See Pressing), walking, after","HEAVINESS (See Pressing), walking, while, after",سر — بھاری پن، چلنے کے بعد,1,1,یکساں
r1179,"LOOSENESS of brain, morning, on waking","LOOSENESS of brain, sensation of (See Motion, shaking, falling, striking), morning, on waking",سر — دماغ ڈھیلا، صبح جاگنے پر,1,1,یکساں
r1182,"LOOSENESS of brain, carrying a weight, while","LOOSENESS of brain, sensation of (See Motion, shaking, falling, striking), carrying a weight, while",سر — دماغ ڈھیلا، وزن اٹھاتے ہوئے,1,1,یکساں
r1183,"LOOSENESS of brain, coughing, on","LOOSENESS of brain, sensation of (See Motion, shaking, falling, striking), coughing, on",سر — دماغ ڈھیلا، کھانستے وقت,5,5,یکساں
r1184,"LOOSENESS of brain, diagonally across top, when turning","LOOSENESS of brain, sensation of (See Motion, shaking, falling, striking), diagonally across top, when turning",سر — دماغ ڈھیلا، مڑنے پر سر کے اوپر ترچھا ہلے,1,1,یکساں
r1186,"LOOSENESS of brain, hot weather, during","LOOSENESS of brain, sensation of (See Motion, shaking, falling, striking), hot weather, during",سر — دماغ ڈھیلا، گرم موسم میں,1,1,یکساں
r1187,"LOOSENESS of brain, motion, on","LOOSENESS of brain, sensation of (See Motion, shaking, falling, striking), motion, on",سر — دماغ ڈھیلا، حرکت پر,7,7,یکساں
r1190,"LOOSENESS of brain, stepping, on","LOOSENESS of brain, sensation of (See Motion, shaking, falling, striking), stepping, on",سر — دماغ ڈھیلا، قدم رکھنے پر,9,9,یکساں
r1191,"LOOSENESS of brain, stooping, on","LOOSENESS of brain, sensation of (See Motion, shaking, falling, striking), stooping, on",سر — دماغ ڈھیلا، جھکنے پر,4,4,یکساں
r1194,"LOOSENESS of brain, waking, on","LOOSENESS of brain, sensation of (See Motion, shaking, falling, striking), waking, on",سر — دماغ ڈھیلا، جاگنے پر,1,1,یکساں
r1195,"LOOSENESS of brain, walking, while","LOOSENESS of brain, sensation of (See Motion, shaking, falling, striking), walking, while",سر — دماغ ڈھیلا، چلتے ہوئے,17,17,یکساں
r1197,"LOOSENESS of brain, forehead, in","LOOSENESS of brain, sensation of (See Motion, shaking, falling, striking), Forehead, in",سر — دماغ ڈھیلا، ماتھے میں,5,5,یکساں
r1200,"LOOSENESS of brain, temples, when stooping feels as if brain fell toward left","LOOSENESS of brain, sensation of (See Motion, shaking, falling, striking), Temples, when stooping feels as if brain fell toward left",سر — دماغ ڈھیلا، جھکنے پر لگے دماغ بائیں طرف گر گیا,1,1,یکساں
r1294,"NUMBNESS, morning, soreness then numbness extending to body","NUMBNESS, sensation of (See Asleep), morning, soreness then numbness extending to body",سر — سن ہونا، صبح، پہلے دکھن پھر سن پن جو جسم تک پھیلے,1,1,یکساں
r1296,"NUMBNESS, dinner, after","NUMBNESS, sensation of (See Asleep), dinner, after",سر — سن ہونا، دوپہر کے کھانے کے بعد,1,1,یکساں
r1297,"NUMBNESS, lying, while","NUMBNESS, sensation of (See Asleep), lying, while",سر — سن ہونا، لیٹے ہوئے,1,1,یکساں
r1298,"NUMBNESS, menses, during","NUMBNESS, sensation of (See Asleep), menses, during",سر — سن ہونا، حیض کے دوران,1,1,یکساں
r1302,"NUMBNESS, forehead, evening","NUMBNESS, sensation of (See Asleep), Forehead, evening",سر — سن ہونا، ماتھے میں، شام,1,1,یکساں
r1305,"NUMBNESS, forehead, warm room","NUMBNESS, sensation of (See Asleep), Forehead, warm room",سر — سن ہونا، ماتھے میں، گرم کمرے میں,1,1,یکساں
r1306,"NUMBNESS, forehead, extending to nasal bone","NUMBNESS, sensation of (See Asleep), Forehead, extending to nasal bone",سر — سن ہونا، ماتھے سے ناک کی ہڈی تک,1,1,یکساں
r1312,"NUMBNESS, sides, left","NUMBNESS, sensation of (See Asleep), Sides, left",سر — سن ہونا، بائیں پہلو میں,3,3,یکساں
r1315,"NUMBNESS, vertex, preceded by feeling as if scalp and brain were contracted; amel. motion and open air","NUMBNESS, sensation of (See Asleep), Vertex, preceded by feeling as if scalp and brain were contracted; amel. motion and open air",سر — سن ہونا، چوٹی میں، پہلے لگے جیسے کھال اور دماغ سکڑ گئے ہوں؛ حرکت اور کھلی ہوا سے آرام,1,1,یکساں
r1327,"PAIN, morning, amel.","PAIN, headache in general, morning, amel.",سر — درد، صبح سے آرام,5,5,یکساں
r1332,"PAIN, morning, ceases toward evening","PAIN, headache in general, morning, ceases toward evening",سر — درد، صبح، شام کی طرف ختم ہو جائے,9,9,یکساں
r1333,"PAIN, morning, comes and goes with the sun","PAIN, headache in general, morning, comes and goes with the sun",سر — درد، صبح، سورج کے ساتھ آئے اور جائے,9,9,یکساں
r1334,"PAIN, morning, increases and decreases with the sun","PAIN, headache in general, morning, increases and decreases with the sun",سر — درد، صبح، سورج کے ساتھ بڑھے اور گھٹے,9,9,یکساں
r1336,"PAIN, morning, increasing during day","PAIN, headache in general, morning, increasing during day",سر — درد، صبح، دن بھر بڑھتا جائے,1,1,یکساں
r1340,"PAIN, morning, until noon","PAIN, headache in general, morning, until noon",سر — درد، صبح، دوپہر تک,8,8,یکساں
r1346,"PAIN, morning, 6 a.m. until evening","PAIN, headache in general, morning, 6 a.m. until evening",سر — درد، صبح 6 بجے سے شام تک,1,1,یکساں
r1347,"PAIN, morning, until 10 a.m.","PAIN, headache in general, morning, until 10 a.m.",سر — درد، صبح 10 بجے تک,3,3,یکساں
r1352,"PAIN, forenoon, 8 a.m.","PAIN, headache in general, forenoon, 8 a.m.",سر — درد، صبح 8 بجے,1,1,یکساں
r1354,"PAIN, forenoon, 9 a.m. to 1 p.m.","PAIN, headache in general, forenoon, 9 a.m. to 1 p.m.",سر — درد، صبح 9 سے سہ پہر 1 بجے تک,1,1,یکساں
r1355,"PAIN, forenoon, 9 a.m. to 4 p.m.","PAIN, headache in general, forenoon, 9 a.m. to 4 p.m.",سر — درد، صبح 9 سے سہ پہر 4 بجے تک,1,1,یکساں
r1357,"PAIN, forenoon, 10 a.m. to 2 p.m.","PAIN, headache in general, forenoon, 10 a.m. to 2 p.m.",سر — درد، صبح 10 سے سہ پہر 2 بجے تک,1,1,یکساں
r1358,"PAIN, forenoon, 10 a.m. to 3 p.m.","PAIN, headache in general, forenoon, 10 a.m. to 3 p.m.",سر — درد، صبح 10 سے سہ پہر 3 بجے تک,1,1,یکساں
r1359,"PAIN, forenoon, 10 a.m. to 4 p.m.","PAIN, headache in general, forenoon, 10 a.m. to 4 p.m.",سر — درد، صبح 10 سے سہ پہر 4 بجے تک,1,1,یکساں
r1360,"PAIN, forenoon, 10 a.m. to 6 p.m.","PAIN, headache in general, forenoon, 10 a.m. to 6 p.m.",سر — درد، صبح 10 سے شام 6 بجے تک,1,1,یکساں
r1361,"PAIN, forenoon, 11 a.m.","PAIN, headache in general, forenoon, 11 a.m.",سر — درد، صبح 11 بجے,4,4,یکساں
r1363,"PAIN, noon, until evening","PAIN, headache in general, noon, until evening",سر — درد، دوپہر سے شام تک,1,1,یکساں
r1366,"PAIN, afternoon, amel.","PAIN, headache in general, afternoon, amel.",سر — درد، سہ پہر سے آرام,2,2,یکساں
r1367,"PAIN, afternoon, lasting all night","PAIN, headache in general, afternoon, lasting all night",سر — درد، سہ پہر، ساری رات رہے,3,3,یکساں
r1374,"PAIN, afternoon, 2 p.m. to 7 a.m.","PAIN, headache in general, afternoon, 2 p.m. to 7 a.m.",سر — درد، سہ پہر 2 سے صبح 7 بجے تک,1,1,یکساں
r1375,"PAIN, afternoon, 2 p.m. until late in the evening","PAIN, headache in general, afternoon, 2 p.m. until late in the evening",سر — درد، سہ پہر 2 بجے سے رات گئے تک,2,2,یکساں
r1381,"PAIN, afternoon, 4 p.m. to 3 a.m.","PAIN, headache in general, afternoon, 4 p.m. to 3 a.m.",سر — درد، سہ پہر 4 سے رات 3 بجے تک,1,1,یکساں
r1387,"PAIN, evening, amel.","PAIN, headache in general, evening, amel.",سر — درد، شام کو آرام,13,13,یکساں
r1390,"PAIN, evening, lasting all night","PAIN, headache in general, evening, lasting all night",سر — درد، شام سے ساری رات,1,1,یکساں
r1392,"PAIN, evening, 6 p.m.","PAIN, headache in general, evening, 6 p.m.",سر — درد، شام 6 بجے,8,8,یکساں
r1393,"PAIN, evening, 7 p.m.","PAIN, headache in general, evening, 7 p.m.",سر — درد، شام 7 بجے,13,13,یکساں
r1396,"PAIN, evening, 9 p.m.","PAIN, headache in general, evening, 9 p.m.",سر — درد، رات 9 بجے,8,8,یکساں
r1397,"PAIN, evening, 10 p.m.","PAIN, headache in general, evening, 10 p.m.",سر — درد، رات 10 بجے,7,7,یکساں
r1398,"PAIN, evening, 11 p.m.","PAIN, headache in general, evening, 11 p.m.",سر — درد، رات 11 بجے,8,8,یکساں
r1400,"PAIN, night, amel.","PAIN, headache in general, night, amel.",سر — درد، رات کو آرام,5,5,یکساں
r1403,"PAIN, night, lighting the gas amel.","PAIN, headache in general, night, lighting the gas amel.",سر — درد، رات گیس کی روشنی جلانے سے آرام,2,2,یکساں
r1404,"PAIN, night, sleep amel.","PAIN, headache in general, night, sleep amel.",سر — درد، رات نیند سے آرام,1,1,یکساں
r1411,"PAIN, night, 1 a.m. to 10 a.m.","PAIN, headache in general, night, 1 a.m. to 10 a.m.",سر — درد، رات 1 بجے سے صبح 10 بجے تک,2,2,یکساں
r1412,"PAIN, night, 2 a.m.","PAIN, headache in general, night, 2 a.m.",سر — درد، رات 2 بجے,2,2,یکساں
r1413,"PAIN, night, 3 a.m.","PAIN, headache in general, night, 3 a.m.",سر — درد، رات 3 بجے,5,5,یکساں
r1414,"PAIN, night, 4 a.m.","PAIN, headache in general, night, 4 a.m.",سر — درد، رات 4 بجے,3,3,یکساں
r1415,"PAIN, night, 5 a.m.","PAIN, headache in general, night, 5 a.m.",سر — درد، صبح 5 بجے,2,2,یکساں
r1416,"PAIN, acids, from","PAIN, headache in general, acids, from",سر — درد، تیزابی چیزوں سے,3,3,یکساں
r1446,"PAIN, anger, from","PAIN, headache in general, anger, from",سر — درد، غصے سے,22,22,یکساں
r1450,"PAIN, ascending steps, on","PAIN, headache in general, ascending steps, on",سر — درد، سیڑھیاں چڑھنے پر,44,44,یکساں
r1451,"PAIN, attention, from too eager","PAIN, headache in general, attention, from too eager (See Mental Exertion)",سر — درد، بہت زیادہ توجہ (دھیان) سے,4,4,یکساں
r1452,"PAIN, awake, when trying to keep","PAIN, headache in general, awake, when trying to keep",سر — درد، جاگتے رہنے کی کوشش پر,1,1,یکساں
r1454,"PAIN, ball were beating against the skull on beginning to walk, as if","PAIN, headache in general, ball were beating against the skull on beginning to walk, as if",سر — درد، جیسے چلنا شروع کرتے ہی گیند کھوپڑی سے ٹکرا رہی ہو,1,1,یکساں
r1456,"PAIN, bathing, after","PAIN, headache in general, bathing, after (See Washing)",سر — درد، نہانے کے بعد,11,11,یکساں
r1460,"PAIN, bed, on going to","PAIN, headache in general, bed, on going to",سر — درد، بستر پر جاتے وقت,10,10,یکساں
r1463,"PAIN, beer, from","PAIN, headache in general, beer, from",سر — درد، بیئر سے,10,10,یکساں
r1479,"PAIN, blows, from","PAIN, headache in general, blows, from (See Injuries)",سر — درد، ضرب لگنے سے,5,5,یکساں
r1480,"PAIN, boat, from riding in a","PAIN, headache in general, boat, from riding in a",سر — درد، کشتی کی سواری سے,4,4,یکساں
r1481,"PAIN, bread, from eating","PAIN, headache in general, bread, from eating",سر — درد، روٹی کھانے سے,2,2,یکساں
r1483,"PAIN, breakfast, before","PAIN, headache in general, breakfast, before",سر — درد، ناشتے سے پہلے,4,4,یکساں
r1486,"PAIN, breathing deeply, on","PAIN, headache in general, breathing deeply, on",سر — درد، گہری سانس لینے پر,2,2,یکساں
r1488,"PAIN, candy, after","PAIN, headache in general, candy, after",سر — درد، مٹھائی (ٹافی) کے بعد,1,1,یکساں
r1492,"PAIN, chewing, while","PAIN, headache in general, chewing, while",سر — درد، چباتے ہوئے,5,5,یکساں
r1493,"PAIN, chill, before the","PAIN, headache in general, chill, before the",سر — درد، سردی لگنے سے پہلے,22,22,یکساں
r1496,"PAIN, chilliness, with","PAIN, headache in general, chilliness, with",سر — درد، سردی محسوس ہونے کے ساتھ,1,1,یکساں
r1497,"PAIN, choreic persons, in","PAIN, headache in general, choreic persons, in",سر — درد، رقصِ فالج (کوریا) والوں میں,1,1,یکساں
r1500,"PAIN, climaxis, during the","PAIN, headache in general, climaxis, during the",سر — درد، سنِ یاس کے دوران,8,8,یکساں
r1501,"PAIN, close eyes, compelled to","PAIN, headache in general, close eyes, compelled to",سر — درد، آنکھیں بند کرنے پر مجبور,11,11,یکساں
r1502,"PAIN, closed eyes, as if something","PAIN, headache in general, closed eyes, as if something",سر — درد، جیسے کسی چیز نے آنکھیں بند کر دی ہوں,2,2,یکساں
r1513,"PAIN, cold, becoming, from, head getting cold, on","PAIN, headache in general, cold, becoming, from, feet, head getting cold, on",سر — درد، سر ٹھنڈا ہونے پر,13,13,یکساں
r1514,"PAIN, cold, from taking","PAIN, headache in general, cold, from taking",سر — درد، ٹھنڈ لگنے سے,36,36,یکساں
r1516,"PAIN, combing the hair, amel.","PAIN, headache in general, combing the hair, amel.",سر — درد، کنگھی کرنے سے آرام,1,1,یکساں
r1517,"PAIN, combing the hair, backward","PAIN, headache in general, combing the hair, backward",سر — درد، بال پیچھے کو کنگھی کرنے سے,2,2,یکساں
r1518,"PAIN, company or crowd, while in","PAIN, headache in general, company or crowd, while in",سر — درد، لوگوں یا ہجوم میں,4,4,یکساں
r1519,"PAIN, concussion, from","PAIN, headache in general, concussion, from",سر — درد، دماغ کے جھٹکے (چوٹ) سے,9,9,یکساں
r1523,"PAIN, constant, continued","PAIN, headache in general, constant, continued",سر — درد، مسلسل، بلا وقفہ,22,22,یکساں
r1526,"PAIN, constipated, while","PAIN, headache in general, constipated, while",سر — درد، قبض کے دوران,23,23,یکساں
r1527,"PAIN, contradiction, after","PAIN, headache in general, contradiction, after",سر — درد، بات کاٹنے کے بعد,9,9,یکساں
r1528,"PAIN, copper, abuse of","PAIN, headache in general, copper, abuse of",سر — درد، تانبے کے بے جا استعمال سے,1,1,یکساں
r1529,"PAIN, coryza, with","PAIN, headache in general, coryza, with",سر — درد، زکام کے ساتھ,80,80,یکساں
r1535,"PAIN, cry out, pains compel one to","PAIN, headache in general, cry out, pains compel one to",سر — درد چیخنے پر مجبور کر دے,15,15,یکساں
r1536,"PAIN, cutting hair, after","PAIN, headache in general, cutting hair, after",سر — درد، بال کٹوانے کے بعد,6,6,یکساں
r1541,"PAIN, delirium, with","PAIN, headache in general, delirium, with",سر — درد، ہذیان کے ساتھ,3,3,یکساں
r1542,"PAIN, dentition, during","PAIN, headache in general, dentition, during",سر — درد، دانت نکلنے کے دوران,14,14,یکساں
r1543,"PAIN, descending, on","PAIN, headache in general, descending, on",سر — درد، نیچے اترنے پر,5,5,یکساں
r1546,"PAIN, dinner, before","PAIN, headache in general, dinner, before",سر — درد، دوپہر کے کھانے سے پہلے,2,2,یکساں
r1550,"PAIN, dreams, after unpleasant","PAIN, headache in general, dreams, after unpleasant",سر — درد، ناخوشگوار خوابوں کے بعد,1,1,یکساں
r1551,"PAIN, drinking, from","PAIN, headache in general, drinking, from",سر — درد، پینے سے,8,8,یکساں
r1555,"PAIN, drugs, after abuse of","PAIN, headache in general, drugs, after abuse of",سر — درد، دواؤں کے بے جا استعمال کے بعد,1,1,یکساں
r1556,"PAIN, eating, before","PAIN, headache in general, eating, before",سر — درد، کھانے سے پہلے,7,7,یکساں
r1562,"PAIN, epileptic attacks, after","PAIN, headache in general, epileptic attacks, after",سر — درد، مرگی کے دوروں کے بعد,3,3,یکساں
r1563,"PAIN, epistaxis, after","PAIN, headache in general, epistaxis, after",سر — درد، نکسیر کے بعد,1,1,یکساں
r1566,"PAIN, excitement of the emotions, after","PAIN, headache in general, excitement of the emotions, after",سر — درد، جذباتی جوش کے بعد,41,41,یکساں
r1572,"PAIN, eyebrows, as if pressing down","PAIN, headache in general, eyebrows, as if pressing down",سر — درد، جیسے بھنویں نیچے دبا رہی ہوں,1,1,یکساں
r1573,"PAIN, face, on moving the","PAIN, headache in general, face, on moving the",سر — درد، چہرہ ہلانے پر,2,2,یکساں
r1574,"PAIN, fainting, after","PAIN, headache in general, fainting, after",سر — درد، غش کے بعد,1,1,یکساں
r1575,"PAIN, fall, after a","PAIN, headache in general, fall, after a",سر — درد، گرنے کے بعد,3,3,یکساں
r1578,"PAIN, fat food, from","PAIN, headache in general, fat food, from",سر — درد، چکنے کھانے سے,10,10,یکساں
r1579,"PAIN, flatulency, as if from","PAIN, headache in general, flatulency, as if from",سر — درد، جیسے ریاح سے,5,5,یکساں
r1582,"PAIN, fright, after","PAIN, headache in general, fright, after",سر — درد، ڈر کے بعد,15,15,یکساں
r1587,"PAIN, grief, from","PAIN, headache in general, grief, from",سر — درد، غم سے,6,6,یکساں
r1589,"PAIN, hammering, morning","PAIN, headache in general, hammering, morning",سر — درد، ہتھوڑے جیسا، صبح,1,1,یکساں
r1592,"PAIN, hang down, letting feet","PAIN, headache in general, hang down, letting feet",سر — درد، پاؤں لٹکانے سے,1,1,یکساں
r1593,"PAIN, hat, from pressure of","PAIN, headache in general, hat, from pressure of",سر — درد، ٹوپی کے دباؤ سے,23,23,یکساں
r1594,"PAIN, heat, before the","PAIN, headache in general, heat, before the",سر — درد، بخار کی گرمی سے پہلے,5,5,یکساں
r1605,"PAIN, high altitudes, in","PAIN, headache in general, high altitudes, in",سر — درد، اونچے مقامات پر,1,1,یکساں
r1606,"PAIN, hold head and eyes down, must","PAIN, headache in general, hold head and eyes down, must",سر — درد، سر اور آنکھیں نیچے رکھنا پڑیں,1,1,یکساں
r1607,"PAIN, holding head erect, while","PAIN, headache in general, holding head erect, while",سر — درد، سر سیدھا رکھے ہوئے,1,1,یکساں
r1610,"PAIN, hunger, from (See Eating, Fasting, etc.)","PAIN, headache in general, hunger, from (See Eating, Fasting, etc.)",سر — درد، بھوک سے,0,0,یکساں
r1612,"PAIN, ice cream, after","PAIN, headache in general, ice cream, after",سر — درد، آئس کریم کے بعد,2,2,یکساں
r1614,"PAIN, increasing gradually, and decreasing gradually","PAIN, headache in general, increasing gradually, and decreasing gradually",سر — درد، آہستہ آہستہ بڑھے اور آہستہ آہستہ گھٹے,21,21,یکساں
r1615,"PAIN, increasing gradually, and decreasing rapidly","PAIN, headache in general, increasing gradually, and decreasing rapidly",سر — درد، آہستہ آہستہ بڑھے اور جلدی گھٹے,6,6,یکساں
r1621,"PAIN, intoxication, after","PAIN, headache in general, intoxication, after",سر — درد، نشے کے بعد,14,14,یکساں
r1622,"PAIN, iron, from abuse of","PAIN, headache in general, iron, from abuse of",سر — درد، لوہے (فولاد) کے بے جا استعمال سے,2,2,یکساں
r1623,"PAIN, ironing, from","PAIN, headache in general, ironing, from",سر — درد، استری کرنے سے,1,1,یکساں
r1624,"PAIN, jar, from any","PAIN, headache in general, jar, from any (See Sensitive, Coughing, Laughing, Stepping, Riding)",سر — درد، کسی بھی جھٹکے سے,55,55,یکساں
r1625,"PAIN, joy, from excessive","PAIN, headache in general, joy, from excessive",سر — درد، بہت زیادہ خوشی سے,5,5,یکساں
r1626,"PAIN, laughing, from","PAIN, headache in general, laughing, from",سر — درد، ہنسنے سے,11,11,یکساں
r1629,"PAIN, lemonade, from","PAIN, headache in general, lemonade, from",سر — درد، لیموں پانی سے,1,1,یکساں
r163,"CONGESTION, noon, agg. toward, gradually ceasing toward evening, with terrible pain, would press head against wall; fears going mad","CONGESTION, hyperæmia, etc. (See Fullness, Pulsation), noon, agg. toward, gradually ceasing toward evening, with terrible pain, would press head against wall; fears going mad",سر — خون کا جماؤ، دوپہر کی طرف بڑھے، شام تک آہستہ آہستہ ختم، سخت درد کے ساتھ، سر دیوار سے دبانا چاہے؛ پاگل ہونے کا ڈر,1,1,یکساں
r1630,"PAIN, lie down, must","PAIN, headache in general, lie down, must",سر — درد، لیٹنا پڑتا ہے,49,49,یکساں
r1634,"PAIN, lifting, from","PAIN, headache in general, lifting, from",سر — درد، وزن اٹھانے سے,15,15,یکساں
r1653,"PAIN, lying, abdomen, on, amel., occipital pain","PAIN, headache in general, lying, while, abdomen, on, amel., occipital pain",سر — درد، لیٹنا، پیٹ کے بل لیٹنے سے آرام، گدی کا درد,1,1,یکساں
r1666,"PAIN, maddening pains, feeling in brain","PAIN, headache in general, maddening pains, feeling in brain",سر — درد، پاگل کر دینے والا، دماغ میں محسوس ہو,1,1,یکساں
r1668,"PAIN, measles, after","PAIN, headache in general, measles, after",سر — درد، خسرے کے بعد,8,8,یکساں
r1669,"PAIN, meat, after","PAIN, headache in general, meat, after",سر — درد، گوشت کھانے کے بعد,3,3,یکساں
r1670,"PAIN, menses, before","PAIN, headache in general, menses, before",سر — درد، حیض سے پہلے,62,62,یکساں
r1672,"PAIN, menses, commencement of, at, amel., when flow begins","PAIN, headache in general, menses, before, commencement of, at, amel., when flow begins",سر — درد، حیض شروع ہوتے وقت، خون جاری ہونے پر آرام,7,7,یکساں
r1679,"PAIN, menses, after, morning, on awaking, after sudden cessation of","PAIN, headache in general, menses, before, after, morning, on awaking, after sudden cessation of",سر — درد، حیض اچانک بند ہونے کے بعد، صبح جاگنے پر,1,1,یکساں
r1684,"PAIN, mercury, from","PAIN, headache in general, mercury, from",سر — درد، پارے سے,19,19,یکساں
r1685,"PAIN, metallic substances, from abuse of","PAIN, headache in general, metallic substances, from abuse of",سر — درد، دھاتوں کے بے جا استعمال سے,1,1,یکساں
r1686,"PAIN, milk, after drinking","PAIN, headache in general, milk, after drinking",سر — درد، دودھ پینے کے بعد,3,3,یکساں
r1687,"PAIN, mortification, from","PAIN, headache in general, mortification, from",سر — درد، ذلت (دل ٹوٹنے) سے,2,2,یکساں
r1704,"PAIN, music, from","PAIN, headache in general, music, from",سر — درد، موسیقی سے,9,9,یکساں
r1705,"PAIN, narcotics, after abuse of","PAIN, headache in general, narcotics, after abuse of",سر — درد، نشہ آور دواؤں کے بے جا استعمال کے بعد,13,13,یکساں
r1708,"PAIN, nodding the head, on","PAIN, headache in general, nodding the head, on",سر — درد، سر ہاں کی طرح ہلانے پر,1,1,یکساں
r1709,"PAIN, noise, from","PAIN, headache in general, noise, from",سر — درد، شور سے,72,72,یکساں
r1716,"PAIN, nursing infant, after","PAIN, headache in general, nursing infant, after",سر — درد، بچے کو دودھ پلانے کے بعد,11,11,یکساں
r1717,"PAIN, odors, from strong","PAIN, headache in general, odors, from strong",سر — درد، تیز بو سے,17,17,یکساں
r1722,"PAIN, old people, of","PAIN, headache in general, old people, of",سر — درد، بوڑھوں کا,3,3,یکساں
r1725,"PAIN, opium, from abuse of","PAIN, headache in general, opium, from abuse of",سر — درد، افیون کے بے جا استعمال سے,2,2,یکساں
r1755,"PAIN, perspiration, with","PAIN, headache in general, perspiration, with",سر — درد، پسینے کے ساتھ,21,21,یکساں
r1761,"PAIN, pregnancy, during","PAIN, headache in general, pregnancy, during",سر — درد، حمل کے دوران,14,14,یکساں
r1772,"PAIN, raising head, amel.","PAIN, headache in general, raising head, amel.",سر — درد، سر اٹھانے سے آرام,8,8,یکساں
r1783,"PAIN, riding in a carriage, amel.","PAIN, headache in general, riding in a carriage, amel.",سر — درد، گاڑی میں سواری سے آرام,6,6,یکساں
r1784,"PAIN, riding in a carriage, after","PAIN, headache in general, riding in a carriage, after",سر — درد، گاڑی میں سواری کے بعد,4,4,یکساں
r1787,"PAIN, riding on the cars, amel.","PAIN, headache in general, riding on the cars, amel.",سر — درد، ریل میں سفر سے آرام,1,1,یکساں
r1790,"PAIN, rising, amel.","PAIN, headache in general, rising (See Morning, Noon, Night, etc., on Rising, also Raising Head), amel.",سر — درد، اٹھنے سے آرام,9,9,یکساں
r1791,"PAIN, rising, after","PAIN, headache in general, rising (See Morning, Noon, Night, etc., on Rising, also Raising Head), after",سر — درد، اٹھنے کے بعد,8,8,یکساں
r1809,"PAIN, rubbing, amel.","PAIN, headache in general, rubbing, amel.",سر — درد، ملنے سے آرام,12,12,یکساں
r1810,"PAIN, running, from","PAIN, headache in general, running, from",سر — درد، دوڑنے سے,7,7,یکساں
r1811,"PAIN, scarlatina, after","PAIN, headache in general, scarlatina, after",سر — درد، سرخ بخار (اسکارلٹ) کے بعد,11,11,یکساں
r1820,"PAIN, shaking head, amel.","PAIN, headache in general, shaking head, amel.",سر — درد، سر ہلانے سے آرام,3,3,یکساں
r1821,"PAIN, shopping, from","PAIN, headache in general, shopping, from",سر — درد، خریداری سے,1,1,یکساں
r1822,"PAIN, singing, from","PAIN, headache in general, singing, from",سر — درد، گانے سے,2,2,یکساں
r1824,"PAIN, sitting, amel.","PAIN, headache in general, sitting, amel.",سر — درد، بیٹھنے سے آرام,32,32,یکساں
r1826,"PAIN, sleep, before going to","PAIN, headache in general, sleep, before going to",سر — درد، سونے سے پہلے,2,2,یکساں
r1844,"PAIN, sneezing, amel.","PAIN, headache in general, sneezing, amel.",سر — درد، چھینک سے آرام,3,3,یکساں
r1847,"PAIN, spinning, from","PAIN, headache in general, spinning, from",سر — درد، گھومنے (چرخی) سے,1,1,یکساں
r1850,"PAIN, spot, pain in small","PAIN, headache in general, spot, pain in small",سر — درد، چھوٹے سے دھبے میں,31,31,یکساں
r1854,"PAIN, stepping, false step","PAIN, headache in general, stepping (See Walking), false step",سر — درد، غلط قدم پڑنے پر,12,12,یکساں
r1855,"PAIN, stepping, heavily agg.","PAIN, headache in general, stepping (See Walking), heavily agg.",سر — درد، زور سے قدم رکھنے سے بگاڑ,48,48,یکساں
r1864,"PAIN, stove, from heat of (See Heat)","PAIN, headache in general, stove, from heat of (See Heat)",سر — درد، چولہے کی گرمی سے,0,0,یکساں
r1865,"PAIN, straining eyes, from","PAIN, headache in general, straining eyes, from",سر — درد، نظر پر زور دینے سے,39,39,یکساں
r1867,"PAIN, sudden pains, and go suddenly","PAIN, headache in general, sudden pains, and go suddenly",سر — درد، اچانک آئے اور اچانک جائے,10,10,یکساں
r1868,"PAIN, sudden pains, decreasing gradually","PAIN, headache in general, sudden pains, decreasing gradually",سر — درد، اچانک آئے، آہستہ آہستہ گھٹے,6,6,یکساں
r1869,"PAIN, sudden pains, during micturition","PAIN, headache in general, sudden pains, during micturition",سر — درد، اچانک، پیشاب کے دوران,1,1,یکساں
r1875,"PAIN, swallowing, when","PAIN, headache in general, swallowing, when",سر — درد، نگلتے وقت,3,3,یکساں
r1886,"PAIN, thinking of pain, amel.","PAIN, headache in general, thinking of pain, amel.",سر — درد کے بارے میں سوچنے سے آرام,5,5,یکساں
r1887,"PAIN, thunderstorms, before","PAIN, headache in general, thunderstorms, before",سر — درد، گرج چمک کے طوفان سے پہلے,7,7,یکساں
r1893,"PAIN, touch, amel.","PAIN, headache in general, touch, amel.",سر — درد، چھونے سے آرام,16,16,یکساں
r1894,"PAIN, touching the hair, from","PAIN, headache in general, touching the hair, from",سر — درد، بال چھونے سے,2,2,یکساں
r1896,"PAIN, turning body, in bed","PAIN, headache in general, turning body, in bed",سر — درد، بستر میں کروٹ بدلنے پر,2,2,یکساں
r1898,"PAIN, turning head, quickly","PAIN, headache in general, turning head, quickly",سر — درد، سر جلدی گھمانے پر,3,3,یکساں
r1900,"PAIN, twitching, 1 p.m.","PAIN, headache in general, twitching, 1 p.m.",سر — درد، پھڑکتا ہوا، سہ پہر 1 بجے,1,1,یکساں
r1901,"PAIN, twitching, stooping","PAIN, headache in general, twitching, stooping",سر — درد، پھڑکتا ہوا، جھکنے پر,1,1,یکساں
r1902,"PAIN, twitching, walking","PAIN, headache in general, twitching, walking",سر — درد، پھڑکتا ہوا، چلتے ہوئے,1,1,یکساں
r1903,"PAIN, unconsciousness, with","PAIN, headache in general, unconsciousness, with",سر — درد، بے ہوشی کے ساتھ,38,38,یکساں
r1914,"PAIN, veal, from eating","PAIN, headache in general, veal, from eating",سر — درد، بچھڑے کا گوشت کھانے سے,1,1,یکساں
r1915,"PAIN, vertigo, after","PAIN, headache in general, vertigo, after",سر — درد، چکر کے بعد,1,1,یکساں
r1916,"PAIN, vexation, after","PAIN, headache in general, vexation, after (See Anger)",سر — درد، کوفت کے بعد,19,19,یکساں
r1920,"PAIN, violent pains, during the climacteric","PAIN, headache in general, violent pains, during the climacteric",سر — درد، شدید، سنِ یاس کے دوران,1,1,یکساں
r1924,"PAIN, vomiting, amel.","PAIN, headache in general, vomiting, amel.",سر — درد، قے سے آرام,18,18,یکساں
r1925,"PAIN, vomiting, after","PAIN, headache in general, vomiting, after",سر — درد، قے کے بعد,5,5,یکساں
r1926,"PAIN, waking, on (See Sleep, Morning, Waking, Night)","PAIN, headache in general, waking, on (See Sleep, Morning, Waking, Night)",سر — درد، جاگنے پر,0,0,یکساں
r1936,"PAIN, walking rapidly, while","PAIN, headache in general, walking rapidly, while",سر — درد، تیز چلتے ہوئے,10,10,یکساں
r1943,"PAIN, warm food, agg.","PAIN, headache in general, warm food, agg.",سر — درد، گرم کھانے سے بگاڑ,5,5,یکساں
r1946,"PAIN, washing head, from","PAIN, headache in general, washing head, from",سر — درد، سر دھونے سے,22,22,یکساں
r1950,"PAIN, water, on hearing running","PAIN, headache in general, water, on hearing running",سر — درد، بہتے پانی کی آواز سن کر,1,1,یکساں
r1952,"PAIN, weather, from changes of","PAIN, headache in general, weather, from changes of",سر — درد، موسم بدلنے سے,17,17,یکساں
r1961,"PAIN, weight on the shoulders, from carrying","PAIN, headache in general, weight on the shoulders, from carrying",سر — درد، کندھوں پر وزن اٹھانے سے,1,1,یکساں
r1979,"PAIN, wrapping up head, amel.","PAIN, headache in general, wrapping up head, amel.",سر — درد، سر لپیٹنے سے آرام,42,42,یکساں
r1981,"PAIN, writing, from","PAIN, headache in general, writing, from",سر — درد، لکھنے سے,28,28,یکساں
r20,"ASLEEP, debauch, after a","ASLEEP, sensation as if, debauch, after a",سر — سویا ہوا احساس، عیاشی (شراب نوشی) کے بعد,1,1,یکساں
r2015,"PAIN, brain, aching deep in","PAIN, headache in general, Brain, aching deep in",سر — درد، دماغ میں، دماغ کی گہرائی میں مسلسل درد,69,69,یکساں
r21,"ASLEEP, eating, after","ASLEEP, sensation as if, eating, after",سر — سویا ہوا احساس، کھانے کے بعد,1,1,یکساں
r22,"ASLEEP, lying, while","ASLEEP, sensation as if, lying, while",سر — سویا ہوا احساس، لیٹے ہوئے,1,1,یکساں
r2277,"PAIN, forehead, eyes, above, coition, after","PAIN, headache in general, Forehead, in, eyes, above, coition, after",سر — درد، آنکھوں کے اوپر، مباشرت کے بعد,2,2,یکساں
r2388,"PAIN, forehead, nose, above root of, menses, during","PAIN, headache in general, Forehead, in, nose, above root of, menses, during",سر — درد، ناک کی جڑ کے اوپر، حیض کے دوران,5,5,یکساں
r2391,"PAIN, occiput, daytime","PAIN, headache in general, Occiput, daytime",سر — درد، گدی میں، دن کے وقت,8,8,یکساں
r2408,"PAIN, occiput, noon","PAIN, headache in general, Occiput, noon",سر — درد، گدی میں، دوپہر,4,4,یکساں
r2425,"PAIN, occiput, alternating with pain in forehead","PAIN, headache in general, Occiput, alternating with pain in forehead",سر — درد، گدی میں، باری باری ماتھے کے درد کے ساتھ,1,1,یکساں
r2430,"PAIN, occiput, ascending steps","PAIN, headache in general, Occiput, ascending steps",سر — درد، گدی میں، سیڑھیاں چڑھتے ہوئے,6,6,یکساں
r2435,"PAIN, occiput, binding up hair","PAIN, headache in general, Occiput, binding up hair",سر — درد، گدی میں، بال باندھنے سے,5,5,یکساں
r2447,"PAIN, occiput, damp weather","PAIN, headache in general, Occiput, damp weather",سر — درد، گدی میں، نم موسم میں,6,6,یکساں
r2448,"PAIN, occiput, dark agg.","PAIN, headache in general, Occiput, dark agg.",سر — درد، گدی میں، اندھیرے میں بگاڑ,4,4,یکساں
r2450,"PAIN, occiput, drawing the eyes together","PAIN, headache in general, Occiput, drawing the eyes together",سر — درد، گدی میں، آنکھیں سکیڑنے پر,1,1,یکساں
r2453,"PAIN, occiput, exercise amel.","PAIN, headache in general, Occiput, exercise amel.",سر — درد، گدی میں، ورزش سے آرام,1,1,یکساں
r2455,"PAIN, occiput, fanning amel.","PAIN, headache in general, Occiput, fanning amel.",سر — درد، گدی میں، پنکھا جھلنے سے آرام,1,1,یکساں
r2459,"PAIN, occiput, hammering","PAIN, headache in general, Occiput, hammering",سر — درد، گدی میں، ہتھوڑے جیسا,5,5,یکساں
r2460,"PAIN, occiput, heat agg.","PAIN, headache in general, Occiput, heat agg.",سر — درد، گدی میں، گرمی سے بگاڑ,5,5,یکساں
r2463,"PAIN, occiput, hot applications amel.","PAIN, headache in general, Occiput, hot applications amel.",سر — درد، گدی میں، گرم پٹیوں سے آرام,2,2,یکساں
r2465,"PAIN, occiput, jarring agg.","PAIN, headache in general, Occiput, jarring agg.",سر — درد، گدی میں، جھٹکے سے بگاڑ,17,17,یکساں
r2466,"PAIN, occiput, laughing agg.","PAIN, headache in general, Occiput, laughing agg.",سر — درد، گدی میں، ہنسنے سے بگاڑ,1,1,یکساں
r2469,"PAIN, occiput, light amel.","PAIN, headache in general, Occiput, light amel.",سر — درد، گدی میں، روشنی سے آرام,1,1,یکساں
r2470,"PAIN, occiput, looking at bright objects","PAIN, headache in general, Occiput, looking at bright objects",سر — درد، گدی میں، چمکدار چیزیں دیکھنے سے,2,2,یکساں
r2473,"PAIN, occiput, lying, abdomen, on, amel.","PAIN, headache in general, Occiput, lying, while, abdomen, on, amel.",سر — درد، گدی میں، پیٹ کے بل لیٹنے سے آرام,1,1,یکساں
r2475,"PAIN, occiput, lying, back of head, on, amel.","PAIN, headache in general, Occiput, lying, while, back of head, on, amel.",سر — درد، گدی میں، گدی کے بل لیٹنے سے آرام,2,2,یکساں
r2476,"PAIN, occiput, lying, head high, with, amel.","PAIN, headache in general, Occiput, lying, while, head high, with, amel.",سر — درد، گدی میں، سر اونچا رکھ کر لیٹنے سے آرام,2,2,یکساں
r2493,"PAIN, occiput, noise agg.","PAIN, headache in general, Occiput, noise agg.",سر — درد، گدی میں، شور سے بگاڑ,12,12,یکساں
r2494,"PAIN, occiput, paroxysmal","PAIN, headache in general, Occiput, paroxysmal",سر — درد، گدی میں، دوروں کی شکل میں,7,7,یکساں
r2495,"PAIN, occiput, perspiration amel.","PAIN, headache in general, Occiput, perspiration amel.",سر — درد، گدی میں، پسینے سے آرام,1,1,یکساں
r2496,"PAIN, occiput, pressure of hat agg.","PAIN, headache in general, Occiput, pressure of hat agg.",سر — درد، گدی میں، ٹوپی کے دباؤ سے بگاڑ,6,6,یکساں
r2497,"PAIN, occiput, pressure agg.","PAIN, headache in general, Occiput, pressure agg.",سر — درد، گدی میں، دبانے سے بگاڑ,6,6,یکساں
r2499,"PAIN, occiput, pulsating","PAIN, headache in general, Occiput, pulsating",سر — درد، گدی میں، دھڑکتا ہوا,38,38,یکساں
r2500,"PAIN, occiput, rheumatic","PAIN, headache in general, Occiput, rheumatic",سر — درد، گدی میں، گٹھیا والا,1,1,یکساں
r2501,"PAIN, occiput, riding agg.","PAIN, headache in general, Occiput, riding agg.",سر — درد، گدی میں، سواری سے بگاڑ,2,2,یکساں
r2505,"PAIN, occiput, rubbing amel.","PAIN, headache in general, Occiput, rubbing amel.",سر — درد، گدی میں، ملنے سے آرام,6,6,یکساں
r2514,"PAIN, occiput, sneezing","PAIN, headache in general, Occiput, sneezing",سر — درد، گدی میں، چھینک سے,2,2,یکساں
r2524,"PAIN, occiput, swallowing agg.","PAIN, headache in general, Occiput, swallowing agg.",سر — درد، گدی میں، نگلنے سے بگاڑ,2,2,یکساں
r2525,"PAIN, occiput, thinking agg.","PAIN, headache in general, Occiput, thinking agg.",سر — درد، گدی میں، سوچنے سے بگاڑ,2,2,یکساں
r2526,"PAIN, occiput, touch agg.","PAIN, headache in general, Occiput, touch agg.",سر — درد، گدی میں، چھونے سے بگاڑ,5,5,یکساں
r2529,"PAIN, occiput, turning head","PAIN, headache in general, Occiput, turning head",سر — درد، گدی میں، سر گھمانے پر,3,3,یکساں
r2540,"PAIN, occiput, warm clothing agg.","PAIN, headache in general, Occiput, warm clothing agg.",سر — درد، گدی میں، گرم لباس سے بگاڑ,4,4,یکساں
r2544,"PAIN, occiput, warm wrapping up amel.","PAIN, headache in general, Occiput, warm wrapping up amel.",سر — درد، گدی میں، گرم لپیٹنے سے آرام,5,5,یکساں
r2545,"PAIN, occiput, wet weather","PAIN, headache in general, Occiput, wet weather",سر — درد، گدی میں، نم موسم میں,1,1,یکساں
r2546,"PAIN, occiput, wine agg.","PAIN, headache in general, Occiput, wine agg.",سر — درد، گدی میں، شراب سے بگاڑ,1,1,یکساں
r2549,"PAIN, occiput, yawning amel.","PAIN, headache in general, Occiput, yawning amel.",سر — درد، گدی میں، جمائی سے آرام,1,1,یکساں
r2550,"PAIN, occiput, extending down back","PAIN, headache in general, Occiput, extending down back",سر — درد، گدی سے کمر میں نیچے تک,14,14,یکساں
r263,"CONSTRICTION, morning, amel.","CONSTRICTION, tension (See also Drawing, Pressing), morning, amel.",سر — جکڑن، صبح آرام,1,1,یکساں
r267,"CONSTRICTION, evening, in bed","CONSTRICTION, tension (See also Drawing, Pressing), evening, in bed",سر — جکڑن، شام بستر میں,3,3,یکساں
r272,"CONSTRICTION, armor, as if in","CONSTRICTION, tension (See also Drawing, Pressing), armor, as if in",سر — جکڑن (کساؤ)، جیسے زرہ (لوہے کے خول) میں ہو,9,9,یکساں
r274,"CONSTRICTION, band or hoop, after dinner","CONSTRICTION, tension (See also Drawing, Pressing), band or hoop, after dinner",سر — جکڑن، جیسے پٹی یا حلقہ، دوپہر کے کھانے کے بعد,1,1,یکساں
r2749,"PAIN, temples, daytime","PAIN, headache in general, Temples, daytime",سر — درد، کنپٹیوں میں، دن کے وقت,10,10,یکساں
r275,"CONSTRICTION, band or hoop, hot","CONSTRICTION, tension (See also Drawing, Pressing), band or hoop, hot",سر — جکڑن، جیسے گرم پٹی یا حلقہ,2,2,یکساں
r2754,"PAIN, temples, forenoon","PAIN, headache in general, Temples, forenoon",سر — درد، کنپٹیوں میں، دوپہر سے پہلے,26,26,یکساں
r2755,"PAIN, temples, noon","PAIN, headache in general, Temples, noon",سر — درد، کنپٹیوں میں، دوپہر,7,7,یکساں
r2756,"PAIN, temples, afternoon","PAIN, headache in general, Temples, afternoon",سر — درد، کنپٹیوں میں، سہ پہر,42,42,یکساں
r2760,"PAIN, temples, night","PAIN, headache in general, Temples, night",سر — درد، کنپٹیوں میں، رات,17,17,یکساں
r2764,"PAIN, temples, alternating with heat of face","PAIN, headache in general, Temples, alternating with heat of face",سر — درد، کنپٹیوں میں، باری باری چہرے کی گرمی کے ساتھ,1,1,یکساں
r2766,"PAIN, temples, ascending steps","PAIN, headache in general, Temples, ascending steps",سر — درد، کنپٹیوں میں، سیڑھیاں چڑھتے ہوئے,3,3,یکساں
r2770,"PAIN, temples, cold water amel.","PAIN, headache in general, Temples, cold water amel.",سر — درد، کنپٹیوں میں، ٹھنڈے پانی سے آرام,3,3,یکساں
r2772,"PAIN, temples, damp cold weather","PAIN, headache in general, Temples, damp cold weather",سر — درد، کنپٹیوں میں، سرد نم موسم میں,1,1,یکساں
r2776,"PAIN, temples, driving or riding in a carriage","PAIN, headache in general, Temples, driving or riding in a carriage",سر — درد، کنپٹیوں میں، گاڑی چلانے یا سواری سے,2,2,یکساں
r2779,"PAIN, temples, hammering","PAIN, headache in general, Temples, hammering",سر — درد، کنپٹیوں میں، ہتھوڑے جیسا,7,7,یکساں
r278,"CONSTRICTION, chill, during","CONSTRICTION, tension (See also Drawing, Pressing), chill, during",سر — جکڑن (کساؤ)، سردی لگنے کے دوران,1,1,یکساں
r2780,"PAIN, temples, heat amel.","PAIN, headache in general, Temples, heat amel.",سر — درد، کنپٹیوں میں، گرمائش سے آرام,3,3,یکساں
r2781,"PAIN, temples, intermitting","PAIN, headache in general, Temples, intermitting",سر — درد، کنپٹیوں میں، وقفے وقفے سے,11,11,یکساں
r2790,"PAIN, temples, moving the eyes","PAIN, headache in general, Temples, moving the eyes",سر — درد، کنپٹیوں میں، آنکھیں ہلانے پر,4,4,یکساں
r2791,"PAIN, temples, noise agg.","PAIN, headache in general, Temples, noise agg.",سر — درد، کنپٹیوں میں، شور سے بگاڑ,3,3,یکساں
r2793,"PAIN, temples, paroxysmal","PAIN, headache in general, Temples, paroxysmal",سر — درد، کنپٹیوں میں، دوروں کی شکل میں,3,3,یکساں
r2794,"PAIN, temples, pressure agg.","PAIN, headache in general, Temples, pressure agg.",سر — درد، کنپٹیوں میں، دبانے سے بگاڑ,13,13,یکساں
r280,"CONSTRICTION, coughing, on","CONSTRICTION, tension (See also Drawing, Pressing), coughing, on",سر — جکڑن (کساؤ)، کھانستے وقت,3,3,یکساں
r2804,"PAIN, temples, rubbing amel.","PAIN, headache in general, Temples, rubbing amel.",سر — درد، کنپٹیوں میں، ملنے سے آرام,4,4,یکساں
r2805,"PAIN, temples, shaking the head","PAIN, headache in general, Temples, shaking the head",سر — درد، کنپٹیوں میں، سر ہلانے پر,2,2,یکساں
r2806,"PAIN, temples, side lain on","PAIN, headache in general, Temples, side lain on",سر — درد، کنپٹیوں میں، جس طرف لیٹے,2,2,یکساں
r281,"CONSTRICTION, dinner, after","CONSTRICTION, tension (See also Drawing, Pressing), dinner, after",سر — جکڑن (کساؤ)، دوپہر کے کھانے کے بعد,1,1,یکساں
r2811,"PAIN, temples, sneezing","PAIN, headache in general, Temples, sneezing",سر — درد، کنپٹیوں میں، چھینک سے,2,2,یکساں
r2819,"PAIN, temples, talking","PAIN, headache in general, Temples, talking",سر — درد، کنپٹیوں میں، باتیں کرنے سے,1,1,یکساں
r2820,"PAIN, temples, touch agg.","PAIN, headache in general, Temples, touch agg.",سر — درد، کنپٹیوں میں، چھونے سے بگاڑ,13,13,یکساں
r2822,"PAIN, temples, turning eyes up","PAIN, headache in general, Temples, turning eyes up",سر — درد، کنپٹیوں میں، آنکھیں اوپر گھمانے پر,1,1,یکساں
r2828,"PAIN, temples, wandering","PAIN, headache in general, Temples, wandering",سر — درد، کنپٹیوں میں، گھومتا پھرتا,8,8,یکساں
r283,"CONSTRICTION, eating, after","CONSTRICTION, tension (See also Drawing, Pressing), eating, after",سر — جکڑن (کساؤ)، کھانے کے بعد,6,6,یکساں
r2831,"PAIN, temples, winking agg.","PAIN, headache in general, Temples, winking agg.",سر — درد، کنپٹیوں میں، پلک جھپکنے سے بگاڑ,1,1,یکساں
r2832,"PAIN, temples, wrapping up amel.","PAIN, headache in general, Temples, wrapping up amel.",سر — درد، کنپٹیوں میں، لپیٹنے سے آرام,1,1,یکساں
r2833,"PAIN, temples, extending backward over ears","PAIN, headache in general, Temples, extending backward over ears",سر — درد، کنپٹیوں سے پیچھے کانوں کے اوپر تک,4,4,یکساں
r284,"CONSTRICTION, hat, as of a tight","CONSTRICTION, tension (See also Drawing, Pressing), hat, as of a tight",سر — جکڑن، جیسے تنگ ٹوپی ہو,1,1,یکساں
r2855,"PAIN, vertex, daytime","PAIN, headache in general, Vertex, daytime",سر — درد، چوٹی میں، دن کے وقت,3,3,یکساں
r2866,"PAIN, vertex, noon","PAIN, headache in general, Vertex, noon",سر — درد، چوٹی میں، دوپہر,3,3,یکساں
r2867,"PAIN, vertex, afternoon","PAIN, headache in general, Vertex, afternoon",سر — درد، چوٹی میں، سہ پہر,29,29,یکساں
r287,"CONSTRICTION, heated, when","CONSTRICTION, tension (See also Drawing, Pressing), heated, when",سر — جکڑن (کساؤ)، گرم ہونے پر,1,1,یکساں
r2876,"PAIN, vertex, alternate days","PAIN, headache in general, Vertex, alternate days",سر — درد، چوٹی میں، ایک دن چھوڑ کر,1,1,یکساں
r2877,"PAIN, vertex, ascending steps","PAIN, headache in general, Vertex, ascending steps",سر — درد، چوٹی میں، سیڑھیاں چڑھتے ہوئے,5,5,یکساں
r2878,"PAIN, vertex, cold applications amel.","PAIN, headache in general, Vertex, cold applications amel.",سر — درد، چوٹی میں، ٹھنڈی پٹیوں سے آرام,2,2,یکساں
r288,"CONSTRICTION, laughing, when","CONSTRICTION, tension (See also Drawing, Pressing), laughing, when",سر — جکڑن (کساؤ)، ہنستے وقت,1,1,یکساں
r2882,"PAIN, vertex, driving or riding in a carriage","PAIN, headache in general, Vertex, driving or riding in a carriage",سر — درد، چوٹی میں، گاڑی چلانے یا سواری سے,1,1,یکساں
r2884,"PAIN, vertex, hammering","PAIN, headache in general, Vertex, hammering",سر — درد، چوٹی میں، ہتھوڑے جیسا,2,2,یکساں
r2886,"PAIN, vertex, jarring agg.","PAIN, headache in general, Vertex, jarring agg.",سر — درد، چوٹی میں، جھٹکے سے بگاڑ,2,2,یکساں
r2892,"PAIN, vertex, mental exertion","PAIN, headache in general, Vertex, mental exertion",سر — درد، چوٹی میں، ذہنی محنت سے,11,11,یکساں
r2897,"PAIN, vertex, paroxysmal","PAIN, headache in general, Vertex, paroxysmal",سر — درد، چوٹی میں، دوروں کی شکل میں,4,4,یکساں
r2898,"PAIN, vertex, periodic","PAIN, headache in general, Vertex, periodic",سر — درد، چوٹی میں، وقفے وقفے سے، باقاعدہ,1,1,یکساں
r2899,"PAIN, vertex, pressure agg.","PAIN, headache in general, Vertex, pressure agg.",سر — درد، چوٹی میں، دبانے سے بگاڑ,8,8,یکساں
r2901,"PAIN, vertex, pulsating","PAIN, headache in general, Vertex, pulsating",سر — درد، چوٹی میں، دھڑکتا ہوا,22,22,یکساں
r2903,"PAIN, vertex, rising from a seat","PAIN, headache in general, Vertex, rising from a seat",سر — درد، چوٹی میں، نشست سے اٹھنے پر,1,1,یکساں
r2905,"PAIN, vertex, rubbing amel.","PAIN, headache in general, Vertex, rubbing amel.",سر — درد، چوٹی میں، ملنے سے آرام,2,2,یکساں
r2908,"PAIN, vertex, sleep amel.","PAIN, headache in general, Vertex, sleep amel.",سر — درد، چوٹی میں، نیند سے آرام,1,1,یکساں
r2915,"PAIN, vertex, touch agg.","PAIN, headache in general, Vertex, touch agg.",سر — درد، چوٹی میں، چھونے سے بگاڑ,7,7,یکساں
r2917,"PAIN, vertex, touching the hair agg.","PAIN, headache in general, Vertex, touching the hair agg.",سر — درد، چوٹی میں، بال چھونے سے بگاڑ,1,1,یکساں
r2919,"PAIN, vertex, voices agg.","PAIN, headache in general, Vertex, voices agg.",سر — درد، چوٹی میں، آوازوں سے بگاڑ,2,2,یکساں
r2926,"PAIN, vertex, wet weather","PAIN, headache in general, Vertex, wet weather",سر — درد، چوٹی میں، نم موسم میں,1,1,یکساں
r2928,"PAIN, vertex, extending backward","PAIN, headache in general, Vertex, extending backward",سر — درد، چوٹی سے پیچھے کی طرف,3,3,یکساں
r294,"CONSTRICTION, menses, before","CONSTRICTION, tension (See also Drawing, Pressing), menses, before",سر — جکڑن، حیض سے پہلے,3,3,یکساں
r2944,"PAIN, biting, rubbing agg.","PAIN, headache in general, Biting, rubbing agg.",سر — درد، کاٹتا ہوا، ملنے سے بگاڑ,1,1,یکساں
r2945,"PAIN, biting, scratching amel.","PAIN, headache in general, Biting, scratching amel.",سر — درد، کاٹتا ہوا، کھجانے سے آرام,1,1,یکساں
r296,"CONSTRICTION, mental exertion, from","CONSTRICTION, tension (See also Drawing, Pressing), mental exertion, from",سر — جکڑن (کساؤ)، ذہنی محنت سے,3,3,یکساں
r300,"CONSTRICTION, net, as if in a","CONSTRICTION, tension (See also Drawing, Pressing), net, as if in a",سر — جکڑن (کساؤ)، جیسے جال میں ہو,2,2,یکساں
r306,"CONSTRICTION, room, on entering","CONSTRICTION, tension (See also Drawing, Pressing), room, on entering",سر — جکڑن، کمرے میں داخل ہونے پر,1,1,یکساں
r31,"BALL, sensation as of a, beating against skull on beginning to walk","BALL, sensation as of a, rising up, beating against skull on beginning to walk",سر — جیسے گیند چلنا شروع کرتے ہی کھوپڑی سے ٹکرائے,1,1,یکساں
r3107,"PAIN, burning, noon","PAIN, headache in general, Burning, noon",سر — درد، جلتا ہوا، دوپہر,1,1,یکساں
r3108,"PAIN, burning, afternoon","PAIN, headache in general, Burning, afternoon",سر — درد، جلتا ہوا، سہ پہر,2,2,یکساں
r3111,"PAIN, burning, night","PAIN, headache in general, Burning, night",سر — درد، جلتا ہوا، رات,4,4,یکساں
r3113,"PAIN, burning, alternating with pain","PAIN, headache in general, Burning, alternating with pain",سر — درد، جلتا ہوا، باری باری درد کے ساتھ,1,1,یکساں
r3115,"PAIN, burning, body cold","PAIN, headache in general, Burning, body cold",سر — درد، جلتا ہوا، جسم ٹھنڈا,1,1,یکساں
r3118,"PAIN, burning, cold bathing agg.","PAIN, headache in general, Burning, cold bathing agg.",سر — درد، جلتا ہوا، ٹھنڈے پانی سے نہانے سے بگاڑ,1,1,یکساں
r3119,"PAIN, burning, contracting","PAIN, headache in general, Burning, contracting",سر — درد، جلتا ہوا، سکیڑتا ہوا,1,1,یکساں
r3122,"PAIN, burning, light agg.","PAIN, headache in general, Burning, light agg.",سر — درد، جلتا ہوا، روشنی سے بگاڑ,1,1,یکساں
r3127,"PAIN, burning, mental exertion","PAIN, headache in general, Burning, mental exertion",سر — درد، جلتا ہوا، ذہنی محنت سے,1,1,یکساں
r3129,"PAIN, burning, motion agg.","PAIN, headache in general, Burning, motion agg.",سر — درد، جلتا ہوا، حرکت سے بگاڑ,2,2,یکساں
r313,"CONSTRICTION, sneezing, on","CONSTRICTION, tension (See also Drawing, Pressing), sneezing, on",سر — جکڑن (کساؤ)، چھینکتے وقت,1,1,یکساں
r3131,"PAIN, burning, pressing","PAIN, headache in general, Burning, pressing",سر — درد، جلتا ہوا، دباتا ہوا,1,1,یکساں
r3132,"PAIN, burning, pressure of hand amel.","PAIN, headache in general, Burning, pressure of hand amel.",سر — درد، جلتا ہوا، ہاتھ کے دباؤ سے آرام,1,1,یکساں
r3134,"PAIN, burning, rubbing amel.","PAIN, headache in general, Burning, rubbing amel.",سر — درد، جلتا ہوا، ملنے سے آرام,1,1,یکساں
r3138,"PAIN, burning, sneezing amel.","PAIN, headache in general, Burning, sneezing amel.",سر — درد، جلتا ہوا، چھینک سے آرام,1,1,یکساں
r3142,"PAIN, burning, stooping agg.","PAIN, headache in general, Burning, stooping agg.",سر — درد، جلتا ہوا، جھکنے سے بگاڑ,1,1,یکساں
r3144,"PAIN, burning, tearing","PAIN, headache in general, Burning, tearing",سر — درد، جلتا ہوا، چیرتا ہوا,1,1,یکساں
r3149,"PAIN, burning, warm room","PAIN, headache in general, Burning, warm room",سر — درد، جلتا ہوا، گرم کمرے میں,2,2,یکساں
r315,"CONSTRICTION, stool, during","CONSTRICTION, tension (See also Drawing, Pressing), stool, during",سر — جکڑن (کساؤ)، پاخانے کے دوران,1,1,یکساں
r3150,"PAIN, burning, wrapping up warmly amel.","PAIN, headache in general, Burning, wrapping up warmly amel.",سر — درد، جلتا ہوا، گرم لپیٹنے سے آرام,2,2,یکساں
r317,"CONSTRICTION, string, as if by","CONSTRICTION, tension (See also Drawing, Pressing), string, as if by",سر — جکڑن (کساؤ)، جیسے ڈوری سے,19,19,یکساں
r3180,"PAIN, burning, occiput","PAIN, headache in general, Burning, Occiput",سر — درد، جلتا ہوا، گدی میں,22,22,یکساں
r319,"CONSTRICTION, swallowing, on","CONSTRICTION, tension (See also Drawing, Pressing), swallowing, on",سر — جکڑن (کساؤ)، نگلتے وقت,1,1,یکساں
r32,"BALL, sensation as of a, fast in brain","BALL, sensation as of a, rising up, fast in brain",سر — جیسے دماغ میں گیند پھنسی ہو,1,1,یکساں
r3205,"PAIN, burrowing, afternoon","PAIN, headache in general, Burrowing, afternoon",سر — درد، کھودتا ہوا، سہ پہر,1,1,یکساں
r3206,"PAIN, burrowing, night","PAIN, headache in general, Burrowing, night",سر — درد، کھودتا ہوا، رات,1,1,یکساں
r3208,"PAIN, burrowing, bending head backwards amel.","PAIN, headache in general, Burrowing, bending head backwards amel.",سر — درد، کھودتا ہوا، سر پیچھے جھکانے سے آرام,1,1,یکساں
r3209,"PAIN, burrowing, binding up amel.","PAIN, headache in general, Burrowing, binding up amel.",سر — درد، کھودتا ہوا، باندھنے سے آرام,1,1,یکساں
r321,"CONSTRICTION, thread were stretched from nape to eyes, as if","CONSTRICTION, tension (See also Drawing, Pressing), thread were stretched from nape to eyes, as if",سر — جکڑن (کساؤ)، جیسے گردن کے پچھلے حصے سے آنکھوں تک دھاگہ تنا ہو,1,1,یکساں
r3211,"PAIN, burrowing, lying amel.","PAIN, headache in general, Burrowing, lying amel.",سر — درد، کھودتا ہوا، لیٹنے سے آرام,2,2,یکساں
r3212,"PAIN, burrowing, motion agg.","PAIN, headache in general, Burrowing, motion agg.",سر — درد، کھودتا ہوا، حرکت سے بگاڑ,1,1,یکساں
r3213,"PAIN, burrowing, noise","PAIN, headache in general, Burrowing, noise",سر — درد، کھودتا ہوا، شور سے,1,1,یکساں
r3214,"PAIN, burrowing, opening mouth","PAIN, headache in general, Burrowing, opening mouth",سر — درد، کھودتا ہوا، منہ کھولنے پر,1,1,یکساں
r3215,"PAIN, burrowing, talking loud","PAIN, headache in general, Burrowing, talking loud",سر — درد، کھودتا ہوا، اونچا بولنے سے,1,1,یکساں
r3216,"PAIN, burrowing, walking in open air","PAIN, headache in general, Burrowing, walking in open air",سر — درد، کھودتا کھلی ہوا میں چلنا,1,1,یکساں
r3217,"PAIN, burrowing, extending to nose","PAIN, headache in general, Burrowing, extending to nose",سر — درد، کھودتا ہوا، پھیلتا ہوا، ناک تک,1,1,یکساں
r3226,"PAIN, burrowing, occiput","PAIN, headache in general, Burrowing, Occiput",سر — درد، کھودتا ہوا، گدی میں,2,2,یکساں
r3229,"PAIN, burrowing, sides","PAIN, headache in general, Burrowing, Sides",سر — درد، کھودتا ہوا، پہلوؤں میں,5,5,یکساں
r3234,"PAIN, burrowing, temples","PAIN, headache in general, Burrowing, Temples",سر — درد، کھودتا ہوا، کنپٹیوں میں,6,6,یکساں
r3238,"PAIN, bursting, daytime","PAIN, headache in general, Bursting, daytime",سر — درد، پھٹنے جیسا، دن کے وقت,1,1,یکساں
r324,"CONSTRICTION, waking, on","CONSTRICTION, tension (See also Drawing, Pressing), waking, on",سر — جکڑن (کساؤ)، جاگنے پر,7,7,یکساں
r3243,"PAIN, bursting, evening","PAIN, headache in general, Bursting, evening",سر — درد، پھٹنے جیسا، شام,4,4,یکساں
r3244,"PAIN, bursting, night","PAIN, headache in general, Bursting, night",سر — درد، پھٹنے جیسا، رات,4,4,یکساں
r3248,"PAIN, bursting, binding up head amel.","PAIN, headache in general, Bursting, binding up head amel.",سر — درد، پھٹنے جیسا، سر باندھنے سے آرام,3,3,یکساں
r325,"CONSTRICTION, walking, while","CONSTRICTION, tension (See also Drawing, Pressing), walking, while",سر — جکڑن، چلتے ہوئے,5,5,یکساں
r3257,"PAIN, bursting, increasing and decreasing gradually","PAIN, headache in general, Bursting, increasing and decreasing gradually",سر — درد، پھٹنے جیسا، آہستہ آہستہ بڑھے اور گھٹے,2,2,یکساں
r3260,"PAIN, bursting, lying down amel.","PAIN, headache in general, Bursting, lying down amel.",سر — درد، پھٹنے جیسا، لیٹنے سے آرام,5,5,یکساں
r3270,"PAIN, bursting, opening eyes amel.","PAIN, headache in general, Bursting, opening eyes amel.",سر — درد، پھٹنے جیسا، آنکھیں کھولنے سے آرام,1,1,یکساں
r3272,"PAIN, bursting, resting head amel.","PAIN, headache in general, Bursting, resting head amel.",سر — درد، پھٹنے جیسا، سر ٹکانے سے آرام,1,1,یکساں
r3273,"PAIN, bursting, rubbing amel.","PAIN, headache in general, Bursting, rubbing amel.",سر — درد، پھٹنے جیسا، ملنے سے آرام,1,1,یکساں
r3276,"PAIN, bursting, sleep amel.","PAIN, headache in general, Bursting, sleep amel.",سر — درد، پھٹنے جیسا، نیند سے آرام,2,2,یکساں
r3277,"PAIN, bursting, sneezing","PAIN, headache in general, Bursting, sneezing",سر — درد، پھٹنے جیسا، چھینک سے,1,1,یکساں
r3289,"PAIN, bursting, wrapping up amel.","PAIN, headache in general, Bursting, wrapping up amel.",سر — درد، پھٹنے جیسا، لپیٹنے سے آرام,1,1,یکساں
r329,"CONSTRICTION, washing, after","CONSTRICTION, tension (See also Drawing, Pressing), washing, after",سر — جکڑن (کساؤ)، دھونے کے بعد,1,1,یکساں
r33,"BALL, sensation as of a, lying on right side","BALL, sensation as of a, rising up, lying on right side",سر — جیسے گیند ہو، دائیں پہلو لیٹنے پر,1,1,یکساں
r3305,"PAIN, bursting, occiput","PAIN, headache in general, Bursting, Occiput",سر — درد، پھٹنے جیسا، گدی میں,14,14,ماخذی مطابق کیے
r331,"CONSTRICTION, writing, while","CONSTRICTION, tension (See also Drawing, Pressing), writing, while",سر — جکڑن (کساؤ)، لکھتے ہوئے,2,2,یکساں
r3312,"PAIN, bursting, temples","PAIN, headache in general, Bursting, Temples",سر — درد، پھٹنے جیسا، کنپٹیوں میں,19,19,یکساں
r3334,"PAIN, cramping, evening","PAIN, headache in general, Cramping, evening",سر — درد، اینٹھن والا، شام,1,1,یکساں
r3335,"PAIN, cramping, rubbing forehead amel.","PAIN, headache in general, Cramping, rubbing forehead amel.",سر — درد، اینٹھن والا، ماتھا ملنے سے آرام,1,1,یکساں
r3339,"PAIN, cramping, extending to malar bone","PAIN, headache in general, Cramping, extending to malar bone",سر — درد، اینٹھن والا، پھیلتا ہوا، گال کی ہڈی تک,1,1,یکساں
r3343,"PAIN, cramping, occiput","PAIN, headache in general, Cramping, Occiput",سر — درد، اینٹھن والا، گدی میں,3,3,یکساں
r3346,"PAIN, cramping, sides","PAIN, headache in general, Cramping, Sides",سر — درد، اینٹھن والا، پہلوؤں میں,4,4,یکساں
r3350,"PAIN, cramping, temples","PAIN, headache in general, Cramping, Temples",سر — درد، اینٹھن والا، کنپٹیوں میں,12,12,ماخذی مطابق کیے
r336,"CONSTRICTION, forehead, across","CONSTRICTION, tension (See also Drawing, Pressing), Forehead, across",سر — جکڑن، ماتھے کے آر پار,13,13,یکساں
r337,"CONSTRICTION, forehead, alternating with expansion","CONSTRICTION, tension (See also Drawing, Pressing), Forehead, alternating with expansion",سر — جکڑن، ماتھے میں، باری باری پھیلاؤ کے ساتھ,1,1,یکساں
r34,"BALL, sensation as of a, rolling in brain","BALL, sensation as of a, rising up, rolling in brain",سر — جیسے دماغ میں گیند لڑھک رہی ہو,4,4,یکساں
r344,"CONSTRICTION, forehead, intermittent","CONSTRICTION, tension (See also Drawing, Pressing), Forehead, intermittent",سر — جکڑن، ماتھے میں، وقفے وقفے سے,3,3,یکساں
r3455,"PAIN, drawing, forenoon","PAIN, headache in general, Drawing, forenoon",سر — درد، کھینچتا ہوا، دوپہر سے پہلے,1,1,یکساں
r3457,"PAIN, drawing, afternoon","PAIN, headache in general, Drawing, afternoon",سر — درد، کھینچتا ہوا، سہ پہر,6,6,یکساں
r3460,"PAIN, drawing, night","PAIN, headache in general, Drawing, night",سر — درد، کھینچتا ہوا، رات,4,4,یکساں
r347,"CONSTRICTION, forehead, above","CONSTRICTION, tension (See also Drawing, Pressing), Forehead, above",سر — جکڑن، ماتھے کے اوپر,1,1,یکساں
r3472,"PAIN, drawing, cold applications amel.","PAIN, headache in general, Drawing, cold applications amel.",سر — درد، کھینچتا ہوا، ٹھنڈی پٹیوں سے آرام,1,1,یکساں
r348,"CONSTRICTION, forehead, over the eyes","CONSTRICTION, tension (See also Drawing, Pressing), Forehead, over the eyes",سر — جکڑن، آنکھوں کے اوپر,20,20,یکساں
r3482,"PAIN, drawing, heat of sun amel.","PAIN, headache in general, Drawing, heat of sun amel.",سر — درد، کھینچتا ہوا، دھوپ کی گرمی سے آرام,1,1,یکساں
r3485,"PAIN, drawing, lying down amel.","PAIN, headache in general, Drawing, lying down amel.",سر — درد، کھینچتا ہوا، لیٹنے سے آرام,1,1,یکساں
r3493,"PAIN, drawing, paroxysms","PAIN, headache in general, Drawing, paroxysms",سر — درد، کھینچتا ہوا، دوروں کی شکل میں,1,1,یکساں
r3495,"PAIN, drawing, preceded by drawing in armpit","PAIN, headache in general, Drawing, preceded by drawing in armpit",سر — درد، کھینچتا ہوا، پہلے بغل میں کھنچاؤ,1,1,یکساں
r3496,"PAIN, drawing, pressure agg.","PAIN, headache in general, Drawing, pressure agg.",سر — درد، کھینچتا ہوا، دبانے سے بگاڑ,1,1,یکساں
r3498,"PAIN, drawing, pulsating","PAIN, headache in general, Drawing, pulsating",سر — درد، کھینچتا ہوا، دھڑکتا ہوا,1,1,یکساں
r3500,"PAIN, drawing, round the head","PAIN, headache in general, Drawing, round the head",سر — درد، کھینچتا ہوا، سر کے گرد,2,2,یکساں
r3506,"PAIN, drawing, stretching agg.","PAIN, headache in general, Drawing, stretching agg.",سر — درد، کھینچتا ہوا، انگڑائی سے بگاڑ,1,1,یکساں
r3513,"PAIN, drawing, warmth amel.","PAIN, headache in general, Drawing, warmth amel.",سر — درد، کھینچتا ہوا، گرمائش سے آرام,1,1,یکساں
r3515,"PAIN, drawing, extending to eyes","PAIN, headache in general, Drawing, extending to eyes",سر — درد، کھینچتا ہوا، پھیلتا ہوا، آنکھوں تک,1,1,یکساں
r355,"CONSTRICTION, occiput, forenoon","CONSTRICTION, tension (See also Drawing, Pressing), Occiput, forenoon",سر — جکڑن، گدی میں، دوپہر سے پہلے,1,1,یکساں
r356,"CONSTRICTION, occiput, evening","CONSTRICTION, tension (See also Drawing, Pressing), Occiput, evening",سر — جکڑن، گدی میں، شام,3,3,یکساں
r359,"CONSTRICTION, occiput, alternating with tension of face","CONSTRICTION, tension (See also Drawing, Pressing), Occiput, alternating with tension of face",سر — جکڑن، گدی میں، باری باری چہرے کے تناؤ کے ساتھ,1,1,یکساں
r362,"CONSTRICTION, occiput, swallowing","CONSTRICTION, tension (See also Drawing, Pressing), Occiput, swallowing",سر — جکڑن، گدی میں، نگلتے وقت,1,1,یکساں
r365,"CONSTRICTION, occiput, extending to finger joints","CONSTRICTION, tension (See also Drawing, Pressing), Occiput, extending to finger joints",سر — جکڑن، گدی میں، انگلیوں کے جوڑوں تک پھیلتی ہوئی,1,1,یکساں
r3656,"PAIN, drawing, vertex","PAIN, headache in general, Drawing, Vertex",سر — درد، کھینچتا ہوا، چوٹی میں,34,34,یکساں
r3666,"PAIN, drawing, tightening","PAIN, headache in general, Drawing, tightening",سر — درد، کھینچتا ہوا، کستا ہوا,33,33,یکساں
r3678,"PAIN, dull, occiput","PAIN, headache in general, Dull pain, Occiput",سر — درد، مدھم، گدی میں,30,30,ماخذی مطابق کیے
r3684,"PAIN, dull, vertex","PAIN, headache in general, Dull pain, Vertex",سر — درد، مدھم، چوٹی میں,7,7,یکساں
r3686,"PAIN, foreign body, as if","PAIN, headache in general, Foreign body, as if",سر — درد، جیسے کوئی باہری چیز ہو,3,3,یکساں
r369,"CONSTRICTION, side, extending into orbits and teeth","CONSTRICTION, tension (See also Drawing, Pressing), Side, extending into orbits and teeth",سر — جکڑن، پہلو میں، آنکھوں کے حلقوں اور دانتوں تک پھیلتی ہوئی,1,1,یکساں
r3691,"PAIN, gnawing, pulsating","PAIN, headache in general, Gnawing, pulsating",سر — درد، کترتا ہوا، دھڑکتا ہوا,1,1,یکساں
r3696,"PAIN, gnawing, occiput","PAIN, headache in general, Gnawing, Occiput",سر — درد، کترتا ہوا، گدی میں,8,8,یکساں
r3697,"PAIN, gnawing, sides","PAIN, headache in general, Gnawing, Sides",سر — درد، کترتا ہوا، پہلوؤں میں,2,2,یکساں
r3698,"PAIN, gnawing, temples","PAIN, headache in general, Gnawing, Temples",سر — درد، کترتا ہوا، کنپٹیوں میں,3,3,یکساں
r3700,"PAIN, gnawing, vertex","PAIN, headache in general, Gnawing, Vertex",سر — درد، کترتا ہوا، چوٹی میں,3,3,یکساں
r3704,"PAIN, grinding, evening","PAIN, headache in general, Grinding, evening",سر — درد، پیستا ہوا، شام,1,1,یکساں
r3705,"PAIN, grinding, coughing agg.","PAIN, headache in general, Grinding, coughing agg.",سر — درد، پیستا ہوا، کھانسنے سے بگاڑ,1,1,یکساں
r3706,"PAIN, grinding, pressure amel.","PAIN, headache in general, Grinding, pressure amel.",سر — درد، پیستا ہوا، دبانے سے آرام,1,1,یکساں
r3707,"PAIN, grinding, forehead","PAIN, headache in general, Grinding, Forehead",سر — درد، پیستا ہوا، ماتھے میں,2,2,یکساں
r3714,"PAIN, jerking, alternating sides","PAIN, headache in general, Jerking, alternating sides",سر — درد، جھٹکے دار، باری باری دونوں طرف,1,1,یکساں
r3716,"PAIN, jerking, bending forwards","PAIN, headache in general, Jerking, bending forwards",سر — درد، جھٹکے دار، آگے جھکنے پر,1,1,یکساں
r3717,"PAIN, jerking, drinking cold water amel.","PAIN, headache in general, Jerking, drinking cold water amel.",سر — درد، جھٹکے دار، ٹھنڈا پانی پینے سے آرام,1,1,یکساں
r3718,"PAIN, jerking, light agg.","PAIN, headache in general, Jerking, light agg.",سر — درد، جھٹکے دار، روشنی سے بگاڑ,1,1,یکساں
r3719,"PAIN, jerking, lying amel.","PAIN, headache in general, Jerking, lying amel.",سر — درد، جھٹکے دار، لیٹنے سے آرام,1,1,یکساں
r372,"CONSTRICTION, temples, morning","CONSTRICTION, tension (See also Drawing, Pressing), Temples, morning",سر — جکڑن، کنپٹیوں میں، صبح,1,1,یکساں
r3723,"PAIN, jerking, noise agg.","PAIN, headache in general, Jerking, noise agg.",سر — درد، جھٹکے دار، شور سے بگاڑ,1,1,یکساں
r3724,"PAIN, jerking, raising the eyes","PAIN, headache in general, Jerking, raising the eyes",سر — درد، جھٹکے دار، آنکھیں اوپر اٹھانے پر,1,1,یکساں
r3728,"PAIN, jerking, wandering","PAIN, headache in general, Jerking, wandering",سر — درد، جھٹکے دار، گھومتا پھرتا,2,2,یکساں
r3753,"PAIN, jerking, vertex","PAIN, headache in general, Jerking, Vertex",سر — درد، جھٹکے دار، چوٹی میں,9,9,ماخذی مطابق کیے
r376,"CONSTRICTION, vertex, exertion of vision","CONSTRICTION, tension (See also Drawing, Pressing), Vertex, exertion of vision",سر — جکڑن، چوٹی میں، نظر پر زور دینے سے,1,1,یکساں
r3760,"PAIN, lancinating, evening","PAIN, headache in general, Lancinating (See Cutting), evening",سر — درد، نشتر جیسا، شام,2,2,یکساں
r3761,"PAIN, lancinating, night","PAIN, headache in general, Lancinating (See Cutting), night",سر — درد، نشتر جیسا، رات,1,1,یکساں
r3764,"PAIN, lancinating, cold applications amel.","PAIN, headache in general, Lancinating (See Cutting), cold applications amel.",سر — درد، نشتر جیسا، ٹھنڈی پٹیوں سے آرام,1,1,یکساں
r3766,"PAIN, lancinating, heat agg.","PAIN, headache in general, Lancinating (See Cutting), heat agg.",سر — درد، نشتر جیسا، گرمی سے بگاڑ,1,1,یکساں
r3767,"PAIN, lancinating, lying amel.","PAIN, headache in general, Lancinating (See Cutting), lying amel.",سر — درد، نشتر جیسا، لیٹنے سے آرام,1,1,یکساں
r3768,"PAIN, lancinating, motion amel.","PAIN, headache in general, Lancinating (See Cutting), motion amel.",سر — درد، نشتر جیسا، حرکت سے آرام,1,1,یکساں
r3769,"PAIN, lancinating, stepping","PAIN, headache in general, Lancinating (See Cutting), stepping",سر — درد، نشتر جیسا، قدم رکھنے پر,1,1,یکساں
r3771,"PAIN, lancinating, turning head agg.","PAIN, headache in general, Lancinating (See Cutting), turning head agg.",سر — درد، نشتر جیسا، سر گھمانے سے بگاڑ,1,1,یکساں
r3774,"PAIN, lancinating, walking fast","PAIN, headache in general, Lancinating (See Cutting), walking fast",سر — درد، نشتر جیسا، تیز چلنے سے,1,1,یکساں
r378,"CONSTRICTION, vertex, mental exertion","CONSTRICTION, tension (See also Drawing, Pressing), Vertex, mental exertion",سر — جکڑن، چوٹی میں، ذہنی محنت سے,1,1,یکساں
r3786,"PAIN, lancinating, occiput","PAIN, headache in general, Lancinating (See Cutting), Occiput",سر — درد، نشتر جیسا، گدی میں,10,10,یکساں
r3789,"PAIN, lancinating, sides","PAIN, headache in general, Lancinating (See Cutting), Sides",سر — درد، نشتر جیسا، پہلوؤں میں,7,7,یکساں
r379,"CONSTRICTION, vertex, extending to jaw","CONSTRICTION, tension (See also Drawing, Pressing), Vertex, extending to jaw",سر — جکڑن، چوٹی سے جبڑے تک پھیلتی ہوئی,1,1,یکساں
r3822,"PAIN, open, as if","PAIN, headache in general, Open, as if",سر — درد، جیسے سر کھلا ہو,4,4,یکساں
r3825,"PAIN, opening and shutting, occiput","PAIN, headache in general, Opening and shutting, Occiput",سر — درد، کھلنے اور بند ہونے جیسا، گدی میں,2,2,یکساں
r3829,"PAIN, pecking, forehead","PAIN, headache in general, Pecking, Forehead",سر — درد، ٹھونگیں مارتا ہوا، ماتھے میں,1,1,یکساں
r3831,"PAIN, pinching, evening","PAIN, headache in general, Pinching, evening",سر — درد، چٹکی جیسا، شام,1,1,یکساں
r3833,"PAIN, pinching, stooping","PAIN, headache in general, Pinching, stooping",سر — درد، چٹکی جیسا، جھکنے پر,1,1,یکساں
r3837,"PAIN, pinching, occiput","PAIN, headache in general, Pinching, Occiput",سر — درد، چٹکی جیسا، گدی میں,5,5,یکساں
r3838,"PAIN, pinching, sides","PAIN, headache in general, Pinching, Sides",سر — درد، چٹکی جیسا، پہلوؤں میں,7,7,یکساں
r3851,"PAIN, plug, as from a, temples, mental exertion, on","PAIN, headache in general, Plug, peg or wedge, as from a (See Nail), Temples, mental exertion, on",سر — درد، جیسے کنپٹیوں میں ڈاٹ ٹھونکی ہو، ذہنی محنت پر,1,1,یکساں
r3862,"PAIN, pressing, afternoon","PAIN, headache in general, Pressing (See Bursting, Drawing), afternoon",سر — درد، دبانے والا، سہ پہر,20,20,یکساں
r3877,"PAIN, pressing, asunder","PAIN, headache in general, Pressing (See Bursting, Drawing), asunder",سر — درد، دبانے والا، پھٹ کر الگ ہو جائے,52,52,یکساں
r3880,"PAIN, pressing, bending backward agg.","PAIN, headache in general, Pressing (See Bursting, Drawing), bending backward agg.",سر — درد، دبانے والا، پیچھے جھکنے سے بگاڑ,1,1,یکساں
r3883,"PAIN, pressing, binding up the head amel.","PAIN, headache in general, Pressing (See Bursting, Drawing), binding up the head amel.",سر — درد، دبانے والا، سر باندھنے سے آرام,1,1,یکساں
r3884,"PAIN, pressing, blowing nose agg.","PAIN, headache in general, Pressing (See Bursting, Drawing), blowing nose agg.",سر — درد، دبانے والا، ناک سنکنے سے بگاڑ,1,1,یکساں
r3888,"PAIN, pressing, burning","PAIN, headache in general, Pressing (See Bursting, Drawing), burning",سر — درد، دبانے والا، جلتا ہوا,8,8,یکساں
r3889,"PAIN, pressing, cap like a","PAIN, headache in general, Pressing (See Bursting, Drawing), cap like a (See Armor)",سر — درد، دبانے والا، ٹوپی جیسا,18,18,یکساں
r3890,"PAIN, pressing, changeable","PAIN, headache in general, Pressing (See Bursting, Drawing), changeable",سر — درد، دبانے والا، بدلتا ہوا,3,3,یکساں
r3893,"PAIN, pressing, closing eyes amel.","PAIN, headache in general, Pressing (See Bursting, Drawing), closing eyes amel.",سر — درد، دبانے والا، آنکھیں بند کرنے سے آرام,1,1,یکساں
r3895,"PAIN, pressing, cold application amel.","PAIN, headache in general, Pressing (See Bursting, Drawing), cold application amel.",سر — درد، دبانے والا، ٹھنڈی پٹی سے آرام,1,1,یکساں
r3899,"PAIN, pressing, constricting","PAIN, headache in general, Pressing (See Bursting, Drawing), constricting",سر — درد، دبانے والا، جکڑنے والا,2,2,یکساں
r3902,"PAIN, pressing, cramp-like","PAIN, headache in general, Pressing (See Bursting, Drawing), cramp-like",سر — درد، دبانے والا، اینٹھن جیسا,6,6,یکساں
r3904,"PAIN, pressing, deep-seated","PAIN, headache in general, Pressing (See Bursting, Drawing), deep-seated",سر — درد، دبانے والا، گہرا,11,11,یکساں
r3905,"PAIN, pressing, descending on","PAIN, headache in general, Pressing (See Bursting, Drawing), descending on",سر — درد، دبانے والا، نیچے اترنے پر,1,1,یکساں
r3906,"PAIN, pressing, digging","PAIN, headache in general, Pressing (See Bursting, Drawing), digging",سر — درد، دبانے والا، کھودتا ہوا,2,2,یکساں
r3909,"PAIN, pressing, downward","PAIN, headache in general, Pressing (See Bursting, Drawing), downward",سر — درد، دبانے والا، نیچے کی طرف,28,28,یکساں
r3910,"PAIN, pressing, drawing","PAIN, headache in general, Pressing (See Bursting, Drawing), drawing",سر — درد، دبانے والا، کھینچتا ہوا,31,31,یکساں
r3911,"PAIN, pressing, drinking agg.","PAIN, headache in general, Pressing (See Bursting, Drawing), drinking agg.",سر — درد، دبانے والا، پینے سے بگاڑ,2,2,یکساں
r3912,"PAIN, pressing, dull","PAIN, headache in general, Pressing (See Bursting, Drawing), dull",سر — درد، دبانے والا، مدھم (ہلکا مسلسل),10,10,یکساں
r3916,"PAIN, pressing, exertion agg.","PAIN, headache in general, Pressing (See Bursting, Drawing), exertion agg.",سر — درد، دبانے والا، محنت سے بگاڑ,3,3,یکساں
r3919,"PAIN, pressing, forward","PAIN, headache in general, Pressing (See Bursting, Drawing), forward",سر — درد، دبانے والا، آگے کی طرف,5,5,یکساں
r392,"CRACKLING sensation in, sitting, amel.","CRACKLING sensation in, sitting, while, amel.",سر — چٹخنے کا احساس، بیٹھنے سے آرام,1,1,یکساں
r3920,"PAIN, pressing, gnawing","PAIN, headache in general, Pressing (See Bursting, Drawing), gnawing",سر — درد، دبانے والا، کترتا ہوا,1,1,یکساں
r3926,"PAIN, pressing, increasing and decreasing slowly","PAIN, headache in general, Pressing (See Bursting, Drawing), increasing and decreasing slowly",سر — درد، دبانے والا، آہستہ آہستہ بڑھے اور گھٹے,1,1,یکساں
r3927,"PAIN, pressing, inward","PAIN, headache in general, Pressing (See Bursting, Drawing), inward",سر — درد، دبانے والا، اندر کی طرف,26,26,یکساں
r3929,"PAIN, pressing, light agg.","PAIN, headache in general, Pressing (See Bursting, Drawing), light agg.",سر — درد، دبانے والا، روشنی سے بگاڑ,1,1,یکساں
r3930,"PAIN, pressing, looking steadily","PAIN, headache in general, Pressing (See Bursting, Drawing), looking steadily",سر — درد، دبانے والا، ایک ٹک دیکھنے سے,2,2,یکساں
r3946,"PAIN, pressing, motion, head, of the, while walking","PAIN, headache in general, Pressing (See Bursting, Drawing), motion, on, head, of the, while walking",سر — درد، دبانے والا، سر ہلانے پر، چلتے ہوئے,1,1,یکساں
r3948,"PAIN, pressing, motion, open air, in, amel.","PAIN, headache in general, Pressing (See Bursting, Drawing), motion, on, open air, in, amel.",سر — درد، دبانے والا، کھلی ہوا میں حرکت سے آرام,1,1,یکساں
r3949,"PAIN, pressing, noise agg.","PAIN, headache in general, Pressing (See Bursting, Drawing), noise agg.",سر — درد، دبانے والا، شور سے بگاڑ,3,3,یکساں
r3952,"PAIN, pressing, outward","PAIN, headache in general, Pressing (See Bursting, Drawing), outward",سر — درد، دبانے والا، باہر کی طرف,69,69,یکساں
r3955,"PAIN, pressing, paroxysmal","PAIN, headache in general, Pressing (See Bursting, Drawing), paroxysmal",سر — درد، دبانے والا، دوروں کی شکل میں,6,6,یکساں
r3956,"PAIN, pressing, perspiration amel.","PAIN, headache in general, Pressing (See Bursting, Drawing), perspiration amel.",سر — درد، دبانے والا، پسینے سے آرام,1,1,یکساں
r3957,"PAIN, pressing, pressure amel.","PAIN, headache in general, Pressing (See Bursting, Drawing), pressure amel.",سر — درد، دبانے والا، دبانے سے آرام,20,20,یکساں
r3959,"PAIN, pressing, pulsating","PAIN, headache in general, Pressing (See Bursting, Drawing), pulsating",سر — درد، دبانے والا، دھڑکتا ہوا,4,4,یکساں
r3960,"PAIN, pressing, raising eyes","PAIN, headache in general, Pressing (See Bursting, Drawing), raising eyes",سر — درد، دبانے والا، آنکھیں اوپر اٹھانے پر,1,1,یکساں
r3962,"PAIN, pressing, riding in a carriage","PAIN, headache in general, Pressing (See Bursting, Drawing), riding in a carriage",سر — درد، دبانے والا، گاڑی میں سواری,2,2,یکساں
r3971,"PAIN, pressing, rubbing amel.","PAIN, headache in general, Pressing (See Bursting, Drawing), rubbing amel.",سر — درد، دبانے والا، ملنے سے آرام,3,3,یکساں
r3972,"PAIN, pressing, running amel.","PAIN, headache in general, Pressing (See Bursting, Drawing), running amel.",سر — درد، دبانے والا، دوڑنے سے آرام,1,1,یکساں
r3973,"PAIN, pressing, rythmical","PAIN, headache in general, Pressing (See Bursting, Drawing), rythmical",سر — درد، دبانے والا، باقاعدہ وقفوں سے (تال کے ساتھ),1,1,یکساں
r3979,"PAIN, pressing, sleep agg.","PAIN, headache in general, Pressing (See Bursting, Drawing), sleep agg.",سر — درد، دبانے والا، نیند سے بگاڑ,11,11,یکساں
r3986,"PAIN, pressing, standing","PAIN, headache in general, Pressing (See Bursting, Drawing), standing",سر — درد، دبانے والا، کھڑا ہونا,1,1,یکساں
r3987,"PAIN, pressing, stepping agg.","PAIN, headache in general, Pressing (See Bursting, Drawing), stepping agg.",سر — درد، دبانے والا، قدم رکھنے سے بگاڑ,6,6,یکساں
r3998,"PAIN, pressing, thinking of it","PAIN, headache in general, Pressing (See Bursting, Drawing), thinking of it",سر — درد، دبانے والا، اس کے بارے میں سوچنے سے,4,4,یکساں
r3999,"PAIN, pressing, turning eyes sideways","PAIN, headache in general, Pressing (See Bursting, Drawing), turning eyes sideways",سر — درد، دبانے والا، آنکھیں ترچھی گھمانے پر,1,1,یکساں
r4001,"PAIN, pressing, upward","PAIN, headache in general, Pressing (See Bursting, Drawing), upward",سر — درد، دبانے والا، اوپر کی طرف,5,5,یکساں
r4002,"PAIN, pressing, using eyes","PAIN, headache in general, Pressing (See Bursting, Drawing), using eyes",سر — درد، دبانے والا، آنکھوں سے کام لینے پر,2,2,یکساں
r4005,"PAIN, pressing, vomiting amel.","PAIN, headache in general, Pressing (See Bursting, Drawing), vomiting amel.",سر — درد، دبانے والا، قے سے آرام,1,1,یکساں
r4009,"PAIN, pressing, wandering","PAIN, headache in general, Pressing (See Bursting, Drawing), wandering",سر — درد، دبانے والا، گھومتا پھرتا,2,2,یکساں
r4013,"PAIN, pressing, wet weather agg.","PAIN, headache in general, Pressing (See Bursting, Drawing), wet weather agg.",سر — درد، دبانے والا، نم موسم میں بگاڑ,1,1,یکساں
r4014,"PAIN, pressing, wrapping up head amel.","PAIN, headache in general, Pressing (See Bursting, Drawing), wrapping up head amel.",سر — درد، دبانے والا، سر لپیٹنے سے آرام,1,1,یکساں
r4025,"PAIN, pressing, brain, sharp corners, against, as if","PAIN, headache in general, Pressing (See Bursting, Drawing), Brain, as if bound up, sharp corners, against, as if",سر — درد، دبانے والا، دماغ میں، جیسے تیز کونوں سے دبایا جا رہا ہو,1,1,یکساں
r4031,"PAIN, pressing, forehead, morning, rising, amel.","PAIN, headache in general, Pressing (See Bursting, Drawing), Forehead, morning, rising, after, amel.",سر — درد، دبانے والا، ماتھے میں، صبح اٹھنے سے آرام,1,1,یکساں
r4126,"PAIN, pressing, forehead, Walking, in open air, amel.","PAIN, headache in general, Pressing (See Bursting, Drawing), Forehead, walking, while, in open air, amel.",سر — درد، دبانے والا، ماتھے میں، چلنا، کھلی ہوا میں آرام,5,5,یکساں
r4160,"PAIN, forehead, eminence, frontal, dinner, after","PAIN, headache in general, Forehead, in, eminence, frontal, dinner, after",سر — درد، ماتھے کے ابھار میں، دوپہر کے کھانے کے بعد,1,1,یکساں
r4163,"PAIN, forehead, eminence, frontal, sitting, while","PAIN, headache in general, Forehead, in, eminence, frontal, sitting, while",سر — درد، ماتھے کے ابھار میں، بیٹھے ہوئے,1,1,یکساں
r4214,"PAIN, pressing, occiput, air, open, amel.","PAIN, headache in general, Pressing (See Bursting, Drawing), Occiput, air, open, agg., amel.",سر — درد، دبانے والا، گدی میں، کھلی ہوا میں آرام,7,7,یکساں
r438,"EMPTY, occiput, while brain in front seems too large","EMPTY, hollow sensation, Occiput, while brain in front seems too large",سر — خالی پن، گدی میں، جبکہ سامنے کا دماغ بہت بڑا لگے,1,1,یکساں
r4465,"PAIN, pressing, vertex, walking, in open air, while","PAIN, headache in general, Pressing (See Bursting, Drawing), Vertex, walking, while, in open air, while",سر — درد، دبانے والا، چوٹی میں، کھلی ہوا میں چلتے ہوئے,1,1,یکساں
r4487,"PAIN, shooting, morning, rising, before, agg.","PAIN, headache in general, Shooting (See Cutting, Lancinating, Shocks, Stitches, etc.), morning, rising, after, before, agg.",سر — درد، دوڑتا ہوا (تیر جیسا)، صبح اٹھنے سے پہلے بگاڑ,1,1,یکساں
r4489,"PAIN, shooting, noon","PAIN, headache in general, Shooting (See Cutting, Lancinating, Shocks, Stitches, etc.), noon",سر — درد، دوڑتا ہوا (تیر جیسا)، دوپہر,2,2,یکساں
r4490,"PAIN, shooting, afternoon","PAIN, headache in general, Shooting (See Cutting, Lancinating, Shocks, Stitches, etc.), afternoon",سر — درد، دوڑتا ہوا (تیر جیسا)، سہ پہر,4,4,یکساں
r4493,"PAIN, shooting, night","PAIN, headache in general, Shooting (See Cutting, Lancinating, Shocks, Stitches, etc.), night",سر — درد، دوڑتا ہوا (تیر جیسا)، رات,1,1,یکساں
r4495,"PAIN, shooting, air, open, in, amel.","PAIN, headache in general, Shooting (See Cutting, Lancinating, Shocks, Stitches, etc.), air, cold, open, in, amel.",سر — درد، دوڑتا ہوا (تیر جیسا)، کھلی ہوا میں آرام,1,1,یکساں
r4496,"PAIN, shooting, bending head backward","PAIN, headache in general, Shooting (See Cutting, Lancinating, Shocks, Stitches, etc.), bending head backward",سر — درد، دوڑتا ہوا (تیر جیسا)، سر پیچھے جھکانا,1,1,یکساں
r4501,"PAIN, shooting, eating agg.","PAIN, headache in general, Shooting (See Cutting, Lancinating, Shocks, Stitches, etc.), eating agg.",سر — درد، دوڑتا ہوا (تیر جیسا)، کھانے سے بگاڑ,1,1,یکساں
r4503,"PAIN, shooting, increasing and declining","PAIN, headache in general, Shooting (See Cutting, Lancinating, Shocks, Stitches, etc.), increasing and declining",سر — درد، دوڑتا ہوا (تیر جیسا)، بڑھتا اور گھٹتا ہوا,1,1,یکساں
r4504,"PAIN, shooting, lying down","PAIN, headache in general, Shooting (See Cutting, Lancinating, Shocks, Stitches, etc.), lying down",سر — درد، دوڑتا ہوا (تیر جیسا)، لیٹنا,3,3,یکساں
r4509,"PAIN, shooting, moving head amel.","PAIN, headache in general, Shooting (See Cutting, Lancinating, Shocks, Stitches, etc.), moving head amel.",سر — درد، دوڑتا ہوا (تیر جیسا)، سر ہلانے سے آرام,2,2,یکساں
r4510,"PAIN, shooting, pressure amel.","PAIN, headache in general, Shooting (See Cutting, Lancinating, Shocks, Stitches, etc.), pressure amel.",سر — درد، دوڑتا ہوا (تیر جیسا)، دبانے سے آرام,3,3,یکساں
r4511,"PAIN, shooting, pulsating","PAIN, headache in general, Shooting (See Cutting, Lancinating, Shocks, Stitches, etc.), pulsating",سر — درد، دوڑتا ہوا (تیر جیسا)، دھڑکتا ہوا,4,4,یکساں
r4512,"PAIN, shooting, rising agg.","PAIN, headache in general, Shooting (See Cutting, Lancinating, Shocks, Stitches, etc.), rising agg.",سر — درد، دوڑتا ہوا (تیر جیسا)، اٹھنے سے بگاڑ,1,1,یکساں
r4521,"PAIN, shooting, turning eyes up","PAIN, headache in general, Shooting (See Cutting, Lancinating, Shocks, Stitches, etc.), turning eyes up",سر — درد، دوڑتا ہوا (تیر جیسا)، آنکھیں اوپر گھمانے پر,1,1,یکساں
r4525,"PAIN, shooting, extending downward into teeth","PAIN, headache in general, Shooting (See Cutting, Lancinating, Shocks, Stitches, etc.), extending downward into teeth",سر — درد، دوڑتا ہوا (تیر جیسا)، نیچے دانتوں میں تک,2,2,یکساں
r4634,"PAIN, smarting, forehead","PAIN, headache in general, Smarting (compare Soreness), Forehead",سر — درد، چرچراہٹ، ماتھے میں,7,7,یکساں
r4767,"PAIN, sprained sensation, back of head","PAIN, headache in general, Sprained sensation, back of head",سر — درد، گدی میں موچ جیسا احساس,1,1,یکساں
r4781,"PAIN, stitching, evening","PAIN, headache in general, Stitching, evening",سر — درد، چبھتا ہوا، شام,36,36,یکساں
r4783,"PAIN, stitching, night","PAIN, headache in general, Stitching, night",سر — درد، چبھتا ہوا، رات,9,9,یکساں
r4791,"PAIN, stitching, burning","PAIN, headache in general, Stitching, burning",سر — درد، چبھتا ہوا، جلتا ہوا,2,2,یکساں
r4797,"PAIN, stitching, deep-seated","PAIN, headache in general, Stitching, deep-seated",سر — درد، چبھتا ہوا، گہرا,3,3,یکساں
r4801,"PAIN, stitching, drawing","PAIN, headache in general, Stitching, drawing",سر — درد، چبھتا ہوا، کھینچتا ہوا,4,4,یکساں
r4802,"PAIN, stitching, dull","PAIN, headache in general, Stitching, dull",سر — درد، چبھتا ہوا، مدھم (ہلکا مسلسل),3,3,یکساں
r4806,"PAIN, stitching, heat amel.","PAIN, headache in general, Stitching, heat amel.",سر — درد، چبھتا ہوا، گرمائش سے آرام,1,1,یکساں
r4809,"PAIN, stitching, jerking","PAIN, headache in general, Stitching, jerking",سر — درد، چبھتا ہوا، جھٹکے دار,3,3,یکساں
r4823,"PAIN, stitching, moving the jaw agg.","PAIN, headache in general, Stitching, moving the jaw agg.",سر — درد، چبھتا ہوا، جبڑا ہلانے سے بگاڑ,1,1,یکساں
r4828,"PAIN, stitching, periodic","PAIN, headache in general, Stitching, periodic",سر — درد، چبھتا ہوا، وقفے وقفے سے باقاعدہ,2,2,یکساں
r4829,"PAIN, stitching, pressure amel.","PAIN, headache in general, Stitching, pressure amel.",سر — درد، چبھتا ہوا، دبانے سے آرام,6,6,یکساں
r4830,"PAIN, stitching, pulsating","PAIN, headache in general, Stitching, pulsating",سر — درد، چبھتا ہوا، دھڑکتا ہوا,3,3,یکساں
r4831,"PAIN, stitching, raising head amel.","PAIN, headache in general, Stitching, raising head amel.",سر — درد، چبھتا ہوا، سر اٹھانے سے آرام,1,1,یکساں
r4841,"PAIN, stitching, rubbing amel.","PAIN, headache in general, Stitching, rubbing amel.",سر — درد، چبھتا ہوا، ملنے سے آرام,2,2,یکساں
r4842,"PAIN, stitching, scratching amel.","PAIN, headache in general, Stitching, scratching amel.",سر — درد، چبھتا ہوا، کھجانے سے آرام,1,1,یکساں
r4846,"PAIN, stitching, stepping","PAIN, headache in general, Stitching, stepping",سر — درد، چبھتا ہوا، قدم رکھنے پر,4,4,یکساں
r4852,"PAIN, stitching, tearing","PAIN, headache in general, Stitching, tearing",سر — درد، چبھتا ہوا، چیرتا ہوا,7,7,یکساں
r4860,"PAIN, stitching, warmth of bed","PAIN, headache in general, Stitching, warmth of bed",سر — درد، چبھتا ہوا، بستر کی گرمی سے,1,1,یکساں
r4864,"PAIN, stitching, extending backwards","PAIN, headache in general, Stitching, extending backwards",سر — درد، چبھتا ہوا، پیچھے کی طرف پھیلتا ہوا,1,1,یکساں
r4876,"PAIN, stitching, brain","PAIN, headache in general, Stitching, Brain",سر — درد، چبھتا ہوا، دماغ میں,28,28,یکساں
r4923,"PAIN, stitching, forehead, walking, in open air, amel.","PAIN, headache in general, Stitching, Forehead, walking, while, in open air, amel.",سر — درد، چبھتا ہوا، ماتھے میں، چلنا، کھلی ہوا میں آرام,1,1,یکساں
r5235,"PAIN, tearing, rending","PAIN, headache in general, Tearing, rending",سر — درد، چیرتا ہوا، پھاڑ دینے والا,131,131,یکساں
r5273,"PAIN, tearing, damp, cold, weather, amel.","PAIN, headache in general, Tearing, rending, damp, cold, weather, amel.",سر — درد، چیرتا ہوا، نم، ٹھنڈ، موسم سے آرام,1,1,یکساں
r5278,"PAIN, tearing, drawing, boring, drawing, tearing","PAIN, headache in general, Tearing, rending, drawing, boring, drawing, tearing",سر — درد، چیرتا ہوا، کھینچتا ہوا، برما سا، کھینچتا ہوا، چیرتا ہوا,1,1,یکساں
r5363,"PAIN, tearing, forehead, morning, sitting, while","PAIN, headache in general, Tearing, rending, Forehead, morning, sitting, while",سر — درد، چیرتا ہوا، ماتھے میں، صبح، بیٹھے ہوئے,1,1,یکساں
r5364,"PAIN, tearing, forehead, morning, waking, on","PAIN, headache in general, Tearing, rending, Forehead, morning, waking, on",سر — درد، چیرتا ہوا، ماتھے میں، صبح جاگنے پر,1,1,یکساں
r5372,"PAIN, tearing, forehead, evening, sitting, while","PAIN, headache in general, Tearing, rending, Forehead, evening, sitting, while",سر — درد، چیرتا ہوا، ماتھے میں، شام، بیٹھے ہوئے,1,1,یکساں
r5377,"PAIN, tearing, forehead, air, open, amel.","PAIN, headache in general, Tearing, rending, Forehead, air, open, amel.",سر — درد، چیرتا ہوا، ماتھے میں، کھلی ہوا میں آرام,3,3,یکساں
r5413,"PAIN, tearing, forehead, eminence, frontal, right","PAIN, headache in general, Tearing, rending, Forehead, eminence, frontal, right",سر — درد، چیرتا ہوا، ماتھے کے دائیں ابھار میں,3,3,یکساں
r5418,"PAIN, tearing, forehead, eminence, frontal, evening","PAIN, headache in general, Tearing, rending, Forehead, eminence, frontal, evening",سر — درد، چیرتا ہوا، ماتھے کے ابھار میں، شام,1,1,یکساں
r5425,"PAIN, tearing, forehead, eyes, over, right","PAIN, headache in general, Tearing, rending, Forehead, eyes, over, right",سر — درد، چیرتا ہوا، دائیں آنکھ کے اوپر,5,5,یکساں
r5426,"PAIN, tearing, forehead, eyes, over, left","PAIN, headache in general, Tearing, rending, Forehead, eyes, over, left",سر — درد، چیرتا ہوا، بائیں آنکھ کے اوپر,5,5,یکساں
r5427,"PAIN, tearing, forehead, eyes, over, morning","PAIN, headache in general, Tearing, rending, Forehead, eyes, over, morning",سر — درد، چیرتا ہوا، آنکھوں کے اوپر، صبح,1,1,یکساں
r5428,"PAIN, tearing, forehead, eyes, over, afternoon","PAIN, headache in general, Tearing, rending, Forehead, eyes, over, afternoon",سر — درد، چیرتا ہوا، آنکھوں کے اوپر، سہ پہر,1,1,یکساں
r5429,"PAIN, tearing, forehead, eyes, over, evening","PAIN, headache in general, Tearing, rending, Forehead, eyes, over, evening",سر — درد، چیرتا ہوا، آنکھوں کے اوپر، شام,1,1,یکساں
r5430,"PAIN, tearing, forehead, eyes, over, night","PAIN, headache in general, Tearing, rending, Forehead, eyes, over, night",سر — درد، چیرتا ہوا، آنکھوں کے اوپر، رات,1,1,یکساں
r5432,"PAIN, tearing, forehead, eyes, over, intermitting","PAIN, headache in general, Tearing, rending, Forehead, eyes, over, intermitting",سر — درد، چیرتا ہوا، آنکھوں کے اوپر، وقفے وقفے سے,1,1,یکساں
r5433,"PAIN, tearing, forehead, eyes, over, motion agg.","PAIN, headache in general, Tearing, rending, Forehead, eyes, over, motion agg.",سر — درد، چیرتا ہوا، آنکھوں کے اوپر، حرکت سے بگاڑ,1,1,یکساں
r5434,"PAIN, tearing, forehead, eyes, over, pressure amel.","PAIN, headache in general, Tearing, rending, Forehead, eyes, over, pressure amel.",سر — درد، چیرتا ہوا، آنکھوں کے اوپر، دبانے سے آرام,1,1,یکساں
r5435,"PAIN, tearing, forehead, eyes, over, walking about amel.","PAIN, headache in general, Tearing, rending, Forehead, eyes, over, walking about amel.",سر — درد، چیرتا ہوا، آنکھوں کے اوپر، چلنے پھرنے سے آرام,1,1,یکساں
r5439,"PAIN, tearing, forehead, middle of, dinner, after","PAIN, headache in general, Tearing, rending, Forehead, middle of, dinner, after",سر — درد، چیرتا ہوا، ماتھے میں، بیچ میں، دوپہر کے کھانے کے بعد,1,1,یکساں
r5446,"PAIN, tearing, forehead, sides of, evening, 4 p.m.","PAIN, headache in general, Tearing, rending, Forehead, sides of, evening, 4 p.m.",سر — درد، چیرتا ہوا، ماتھے میں، پہلوؤں میں، شام، سہ پہر 4 بجے,1,1,یکساں
r5447,"PAIN, tearing, forehead, sides of, menses, during","PAIN, headache in general, Tearing, rending, Forehead, sides of, menses, during",سر — درد، چیرتا ہوا، ماتھے میں، پہلوؤں میں، حیض کے دوران,1,1,یکساں
r5449,"PAIN, tearing, forehead, sides of, sitting, while","PAIN, headache in general, Tearing, rending, Forehead, sides of, sitting, while",سر — درد، چیرتا ہوا، ماتھے میں، پہلوؤں میں، بیٹھے ہوئے,2,2,یکساں
r5457,"PAIN, tearing, occiput, morning, waking, on","PAIN, headache in general, Tearing, rending, Occiput, morning, waking, on",سر — درد، چیرتا ہوا، گدی میں، صبح جاگنے پر,1,1,یکساں
r5485,"PAIN, tearing, occiput, extending, forehead, to","PAIN, headache in general, Tearing, rending, Occiput, extending, forehead, to",سر — درد، چیرتا ہوا، گدی سے ماتھے تک,5,5,یکساں
r5501,"PAIN, tearing, occiput, sides of, laughing, when","PAIN, headache in general, Tearing, rending, Occiput, sides of, laughing, when",سر — درد، چیرتا ہوا، گدی کے پہلوؤں میں، ہنسنے پر,1,1,یکساں
r5505,"PAIN, tearing, occiput, sides of, rest, during","PAIN, headache in general, Tearing, rending, Occiput, sides of, rest, during",سر — درد، چیرتا ہوا، گدی کے پہلوؤں میں، آرام کے دوران,1,1,یکساں
r5508,"PAIN, tearing, occiput, sides of, walking, while","PAIN, headache in general, Tearing, rending, Occiput, sides of, walking, while",سر — درد، چیرتا ہوا، گدی کے پہلوؤں میں، چلتے ہوئے,1,1,یکساں
r5510,"PAIN, tearing, occiput, sides of, extending forehead, to","PAIN, headache in general, Tearing, rending, Occiput, sides of, extending forehead, to",سر — درد، چیرتا ہوا، گدی کے پہلوؤں سے ماتھے تک,2,2,یکساں
r5522,"PAIN, tearing, sides, evening, sitting, while","PAIN, headache in general, Tearing, rending, Sides, evening, sitting, while",سر — درد، چیرتا ہوا، پہلوؤں میں، شام، بیٹھے ہوئے,1,1,یکساں
r5563,"PAIN, tearing, temples, forenoon, sitting, while","PAIN, headache in general, Tearing, rending, Temples, forenoon, sitting, while",سر — درد، چیرتا ہوا، کنپٹیوں میں، دوپہر سے پہلے، بیٹھے ہوئے,1,1,یکساں
r5568,"PAIN, tearing, temples, evening, lying down, on","PAIN, headache in general, Tearing, rending, Temples, evening, lying down, on",سر — درد، چیرتا ہوا، کنپٹیوں میں، شام لیٹنے پر,1,1,یکساں
r5600,"PAIN, tearing, temples, extending, brain, into","PAIN, headache in general, Tearing, rending, Temples, extending, brain, into",سر — درد، چیرتا ہوا، کنپٹیوں سے پھیلتا ہوا، دماغ میں، میں,2,2,یکساں
r5630,"PAIN, tearing, vertex, extending, ear, to","PAIN, headache in general, Tearing, rending, Vertex, extending, ear, to",سر — درد، چیرتا ہوا، چوٹی سے کان تک,2,2,یکساں
r5647,"PAIN, twanging, as from breaking a piano string","PAIN, headache in general, Twanging, as from breaking a piano string",سر — درد، جیسے پیانو کا تار ٹوٹنے کی جھنکار,1,1,یکساں
r5649,"PAIN, ulcerative, forehead","PAIN, headache in general, Ulcerative, Forehead",سر — درد، ناسور جیسا، ماتھے میں,3,3,یکساں
r5653,"PAIN, ulcerative, temples","PAIN, headache in general, Ulcerative, Temples",سر — درد، ناسور جیسا، کنپٹیوں میں,2,2,یکساں
r5654,"PAIN, ulcerative, vertex","PAIN, headache in general, Ulcerative, Vertex",سر — درد، ناسور جیسا، چوٹی میں,3,3,یکساں
r5657,"PARALYSIS of brain, sensation of, after emissions","PARALYSIS of brain, incipient, sensation of, after emissions",سر — دماغ کے فالج کا احساس، احتلام کے بعد,1,1,یکساں
r5664,"PERSPIRATION scalp, evening, after lying down","PERSPIRATION scalp, daytime, evening, after lying down",سر — سر کی کھال پر پسینہ، شام لیٹنے کے بعد,1,1,یکساں
r5666,"PERSPIRATION scalp, night, midnight","PERSPIRATION scalp, daytime, night, midnight",سر — سر کی کھال پر پسینہ، آدھی رات,1,1,یکساں
r5667,"PERSPIRATION scalp, bed, in","PERSPIRATION scalp, daytime, bed, in",سر — سر کی کھال پر پسینہ، بستر میں,1,1,یکساں
r5668,"PERSPIRATION scalp, breakfast, after","PERSPIRATION scalp, daytime, breakfast, after",سر — سر کی کھال پر پسینہ، ناشتے کے بعد,1,1,یکساں
r5670,"PERSPIRATION scalp, cold air, in","PERSPIRATION scalp, daytime, cold air, in",سر — سر کی کھال پر پسینہ، ٹھنڈی ہوا میں,1,1,یکساں
r5672,"PERSPIRATION scalp, coughing, on","PERSPIRATION scalp, daytime, coughing, on",سر — سر کی کھال پر پسینہ، کھانستے وقت,6,6,یکساں
r5673,"PERSPIRATION scalp, eating, while","PERSPIRATION scalp, daytime, eating, while",سر — سر کی کھال پر پسینہ، کھاتے ہوئے,2,2,یکساں
r5674,"PERSPIRATION scalp, epilepsy, before","PERSPIRATION scalp, daytime, epilepsy, before",سر — سر کی کھال پر پسینہ، مرگی کے دورے سے پہلے,1,1,یکساں
r5677,"PERSPIRATION scalp, fetid, on one-half","PERSPIRATION scalp, daytime, fetid, on one-half",سر — سر کی کھال پر پسینہ، بدبودار، ایک آدھے حصے پر,2,2,یکساں
r5678,"PERSPIRATION scalp, headache, with","PERSPIRATION scalp, daytime, headache, with",سر — سر کی کھال پر پسینہ، سر درد کے ساتھ,1,1,یکساں
r5679,"PERSPIRATION scalp, honey, smelling like","PERSPIRATION scalp, daytime, honey, smelling like",سر — سر کی کھال پر پسینہ، شہد جیسی بو,1,1,یکساں
r5681,"PERSPIRATION scalp, menses, during","PERSPIRATION scalp, daytime, menses, during",سر — سر کی کھال پر پسینہ، حیض کے دوران,4,4,یکساں
r5687,"PERSPIRATION scalp, one-sided, painless side","PERSPIRATION scalp, daytime, one-sided, painless side",سر — سر کی کھال پر پسینہ، ایک طرف، بے درد والی طرف,1,1,یکساں
r5689,"PERSPIRATION scalp, reading, while","PERSPIRATION scalp, daytime, reading, while",سر — سر کی کھال پر پسینہ، پڑھتے ہوئے,1,1,یکساں
r5690,"PERSPIRATION scalp, sleep, during","PERSPIRATION scalp, daytime, sleep, during",سر — سر کی کھال پر پسینہ، نیند کے دوران,11,11,یکساں
r5692,"PERSPIRATION scalp, soup, after","PERSPIRATION scalp, daytime, soup, after",سر — سر کی کھال پر پسینہ، شوربے کے بعد,2,2,یکساں
r5694,"PERSPIRATION scalp, stool, during","PERSPIRATION scalp, daytime, stool, during",سر — سر کی کھال پر پسینہ، پاخانے کے دوران,1,1,یکساں
r5696,"PERSPIRATION scalp, waking, on","PERSPIRATION scalp, daytime, waking, on",سر — سر کی کھال پر پسینہ، جاگنے پر,1,1,یکساں
r5697,"PERSPIRATION scalp, walking, after","PERSPIRATION scalp, daytime, walking, after",سر — سر کی کھال پر پسینہ، چلنے کے بعد,3,3,یکساں
r5699,"PERSPIRATION scalp, washing, after","PERSPIRATION scalp, daytime, washing, after",سر — سر کی کھال پر پسینہ، دھونے کے بعد,1,1,یکساں
r6071,"RISING sensation, brain raised several times in succession, as if","RISING sensation, in, brain raised several times in succession, as if",سر — جیسے دماغ لگاتار کئی بار اوپر اٹھایا گیا ہو,1,1,یکساں
r6072,"RISING sensation, drinking beer, while","RISING sensation, in, drinking beer, while",سر — اوپر اٹھنے کا احساس، بیئر پیتے ہوئے,1,1,یکساں
r6073,"RISING sensation, sinking, and","RISING sensation, in, sinking, and",سر — اوپر اٹھنے اور دھنسنے کا احساس,2,2,یکساں
r6075,"RISING sensation, walking rapidly, while","RISING sensation, in, walking rapidly, while",سر — اوپر اٹھنے کا احساس، تیز چلتے ہوئے,1,1,یکساں
r6077,"ROLLING, brain were rolled into small bulk, as if","ROLLING, in, brain were rolled into small bulk, as if",سر — جیسے دماغ لپیٹ کر چھوٹی سی گٹھڑی بنا دیا گیا ہو,2,2,یکساں
r609,"FORMICATION, walking, in open air","FORMICATION, walking, on, in open air",سر — چیونٹیاں رینگنے کا احساس، کھلی ہوا میں چلتے ہوئے,2,2,یکساں
r6091,"SENSITIVENESS of brain, menses, during","SENSITIVENESS of brain, menses, before, during",سر — دماغ حساس، حیض کے دوران,12,12,یکساں
r6228,"SURGING sensation, occiput, extending to forehead","SURGING sensation, lying while, Occiput, extending to forehead",سر — لہروں کا احساس، گدی سے ماتھے تک,2,2,یکساں
r636,"FULLNESS (See Enlarged), eating, after","FULLNESS (See Enlarged), eating, before, after",سر — بھراؤ، کھانے کے بعد,4,4,یکساں
r6365,"WEAKNESS, mental exertion, causes mental weakness","WEAKNESS, mental exertion, after, causes mental weakness",سر — کمزوری، ذہنی محنت سے ذہنی کمزوری,1,1,یکساں
r637,"FULLNESS (See Enlarged), eating, amel.","FULLNESS (See Enlarged), eating, before, amel.",سر — بھراؤ، کھانے سے آرام,1,1,یکساں
r6372,"WEAKNESS, walking, in the sun","WEAKNESS, walking, while, in the sun",سر — کمزوری، دھوپ میں چلتے ہوئے,1,1,یکساں
r643,"FULLNESS (See Enlarged), menses, before","FULLNESS (See Enlarged), menses, on appearance of, before",سر — بھراؤ، حیض سے پہلے,1,1,یکساں
r644,"FULLNESS (See Enlarged), menses, during","FULLNESS (See Enlarged), menses, on appearance of, during",سر — بھراؤ، حیض کے دوران,9,9,یکساں
r657,"FULLNESS (See Enlarged), sitting, up agg.","FULLNESS (See Enlarged), sitting, while, up agg.",سر — بھراؤ، اٹھ کر بیٹھنے سے بگاڑ,1,1,یکساں
r767,"HEAT, bed, amel.","HEAT, bed, in, amel.",سر — گرمی، بستر میں آرام,1,1,یکساں
r772,"HEAT, chill, during","HEAT, chill, before, during",سر — گرمی، سردی لگنے کے دوران,21,21,یکساں
r773,"HEAT, chill, after","HEAT, chill, before, after",سر — گرمی، سردی لگنے کے بعد,2,2,یکساں
r790,"HEAT, dinner, after","HEAT, dinner, during, after",سر — گرمی، دوپہر کے کھانے کے بعد,7,7,یکساں
r792,"HEAT, eating, hot food","HEAT, eating, after, hot food",سر — گرمی، گرم کھانا کھانے سے,1,1,یکساں
r802,"HEAT, heart, with palpitation of","HEAT, heart, during oppression of, with palpitation of",سر — گرمی، دل کی دھڑکن کے ساتھ,2,2,یکساں
r812,"HEAT, lying down, amel.","HEAT, lying down, while, amel.",سر — گرمی، لیٹنے سے آرام,4,4,یکساں
r814,"HEAT, menses, during","HEAT, menses, before, during",سر — گرمی، حیض کے دوران,21,21,یکساں
r815,"HEAT, menses, after","HEAT, menses, before, after",سر — گرمی، حیض کے بعد,2,2,یکساں
r826,"HEAT, rising, from stooping","HEAT, rising, on, from stooping",سر — گرمی، جھک کر سیدھا ہونے پر,2,2,یکساں
r828,"HEAT, rising, amel.","HEAT, rising, on, amel.",سر — گرمی، اٹھنے سے آرام,3,3,یکساں
r837,"HEAT, sleep, amel.","HEAT, sleep, before, amel.",سر — گرمی، نیند سے آرام,1,1,یکساں
r846,"HEAT, stool, after","HEAT, stool, during urging to, after",سر — گرمی، پاخانے کے بعد,3,3,یکساں
r855,"HEAT, waking, before","HEAT, waking, on, before",سر — گرمی، جاگنے سے پہلے,1,1,یکساں
r857,"HEAT, walking, in open air amel.","HEAT, walking, while, in open air amel.",سر — گرمی، کھلی ہوا میں چلنے سے آرام,2,2,یکساں
r861,"HEAT, wine, as from","HEAT, wine, after, as from",سر — گرمی، جیسے شراب سے,2,2,یکساں
r920,"HEAVINESS (See Pressing), back and limbs, with drowsiness and pain in","HEAVINESS (See Pressing), back and limbs, with pain in, with drowsiness and pain in",سر — بھاری پن، غنودگی اور کمر اور اعضا میں درد کے ساتھ,1,1,یکساں
r929,"HEAVINESS (See Pressing), chill, after","HEAVINESS (See Pressing), chill, during, after",سر — بھاری پن، سردی لگنے کے بعد,1,1,یکساں
r932,"HEAVINESS (See Pressing), cold, amel.","HEAVINESS (See Pressing), cold, after taking, amel.",سر — بھاری پن، ٹھنڈ سے آرام,1,1,یکساں
r939,"HEAVINESS (See Pressing), dinner, amel.","HEAVINESS (See Pressing), dinner, after, amel.",سر — بھاری پن، دوپہر کے کھانے سے آرام,1,1,یکساں
r954,"HEAVINESS (See Pressing), heat, of sun","HEAVINESS (See Pressing), heat, from, of sun",سر — بھاری پن، دھوپ کی گرمی سے,2,2,یکساں
r955,"HEAVINESS (See Pressing), heat, during the","HEAVINESS (See Pressing), heat, from, during the",سر — بھاری پن، بخار کی گرمی کے دوران,2,2,یکساں
r956,"HEAVINESS (See Pressing), heat, after the","HEAVINESS (See Pressing), heat, from, after the",سر — بھاری پن، بخار کی گرمی کے بعد,1,1,یکساں
r964,"HEAVINESS (See Pressing), lying, amel.","HEAVINESS (See Pressing), lying, while, amel.",سر — بھاری پن، لیٹنے سے آرام,5,5,یکساں
r966,"HEAVINESS (See Pressing), lying, head high amel.","HEAVINESS (See Pressing), lying, while, head high amel.",سر — بھاری پن، سر اونچا رکھ کر لیٹنے سے آرام,1,1,یکساں
r972,"HEAVINESS (See Pressing), menses, during","HEAVINESS (See Pressing), menses, before, during",سر — بھاری پن، حیض کے دوران,11,11,یکساں
r973,"HEAVINESS (See Pressing), menses, after","HEAVINESS (See Pressing), menses, before, after",سر — بھاری پن، حیض کے بعد,2,2,یکساں
r974,"HEAVINESS (See Pressing), menses, menstrual colic","HEAVINESS (See Pressing), menses, before, menstrual colic",سر — بھاری پن، حیض کے مروڑ کے ساتھ,1,1,یکساں
r977,"HEAVINESS (See Pressing), motion, amel.","HEAVINESS (See Pressing), motion, from, amel.",سر — بھاری پن، حرکت سے آرام,3,3,یکساں
r980,"HEAVINESS (See Pressing), motion, of head","HEAVINESS (See Pressing), motion, from, of head",سر — بھاری پن، سر ہلانے پر,4,4,یکساں
r989,"HEAVINESS (See Pressing), raising head, amel.","HEAVINESS (See Pressing), raising head, on, amel.",سر — بھاری پن، سر اٹھانے سے آرام,1,1,یکساں
r993,"HEAVINESS (See Pressing), rising, amel.","HEAVINESS (See Pressing), rising, on, amel.",سر — بھاری پن، اٹھنے سے آرام,4,4,یکساں
r994,"HEAVINESS (See Pressing), rising, from stooping","HEAVINESS (See Pressing), rising, on, from stooping",سر — بھاری پن، جھک کر سیدھا ہونے پر,4,4,یکساں
r999,"HEAVINESS (See Pressing), sitting, amel.","HEAVINESS (See Pressing), sitting, while, amel.",سر — بھاری پن، بیٹھنے سے آرام,1,1,یکساں
r5756,"PRICKLING, forehead","PRICKLING, forehead",سر — چبھن، ماتھے میں,12,11,ماخذی مطابق کیے
r6306,"TWITCHING of muscles, occiput","TWITCHING of muscles of the head, Occiput",سر — پھڑکن، گدی میں,12,11,ماخذی مطابق کیے
r509,"ERUPTION, moist","ERUPTION, moist",سر — دانے، پھنسیاں (سر کی کھال پر)، نم، رستے ہوئے,35,32,ماخذی مطابق کیے
r2034,"PAIN, forehead, in","PAIN, headache in general, Forehead, in",سر — درد، ماتھے کے اندر,251,250,ماخذی مطابق کیے
o43591,"PAIN, tearing, forehead, eminence, frontal, extending, temple, to","PAIN, headache in general, Tearing, rending, Forehead, eminence, frontal, extending ear, to, temple, to",سر — درد، چیرتا ہوا، ماتھے کے ابھار میں، کنپٹی تک,2,2,یکساں
r404,"DISTENTION (See Enlarged, Swollen, Fullness, etc.), blood vessels","DISTENTION (See Enlarged, Swollen, Fullness, etc.), blood vessels",سر — خون کی نالیوں کا پھیلاؤ,11,10,ماخذی مطابق کیے
r547,ERYSIPELAS,ERYSIPELAS,سر — سرخ بادہ (ایریسیپلس),22,20,ماخذی مطابق کیے
r6066,RESTLESSNESS,RESTLESSNESS,سر — بے قراری (سر کی),11,10,ماخذی مطابق کیے
o39620,"HEAVINESS (See Pressing), falls, side, to one, as if head would","HEAVINESS (See Pressing), falls, backward, head, side, to one, as if head would",سر — بھاری پن، جیسے سر ایک طرف کو گر پڑے گا,3,3,یکساں
o39716,"HEAVINESS (See Pressing), pressed, weight, on head, like a","HEAVINESS (See Pressing), pressed forward, as if brain were, weight on brain, like a, on head, like a",سر — بھاری پن، جیسے سر پر وزن ہو,2,2,یکساں
o39910,"MOTIONS, in head, afternoon, amel., in","MOTIONS, movements, etc., in head (See Knocking, Looseness, Shaking, Waving, etc.), afternoon, amel., in",سر — سر میں حرکت، سہ پہر آرام,1,1,یکساں
o39912,"MOTIONS, in head, air, in open, amel.","MOTIONS, movements, etc., in head (See Knocking, Looseness, Shaking, Waving, etc.), air, in open, amel.",سر — سر میں حرکت، کھلی ہوا میں آرام,2,2,یکساں
o39915,"MOTIONS, in head, bending the head, by, amel.","MOTIONS, movements, etc., in head (See Knocking, Looseness, Shaking, Waving, etc.), bending the head, by, amel.",سر — سر میں حرکت، سر جھکانے سے آرام,1,1,یکساں
o39927,"MOTIONS, in head, morning, rising, on","MOTIONS, movements, etc., in head (See Knocking, Looseness, Shaking, Waving, etc.), morning, rising, on",سر — سر میں حرکت، صبح اٹھنے پر,1,1,یکساں
o39928,"MOTIONS, in head, morning, waking, on","MOTIONS, movements, etc., in head (See Knocking, Looseness, Shaking, Waving, etc.), morning, waking, on",سر — سر میں حرکت، صبح جاگنے پر,1,1,یکساں
o39931,"MOTIONS, in head, moved, as if something, from back of neck up to head","MOTIONS, movements, etc., in head (See Knocking, Looseness, Shaking, Waving, etc.), moved, as if something, from back of neck up to head",سر — سر میں حرکت، جیسے کوئی چیز گردن کے پیچھے سے سر تک چڑھی ہو,1,1,یکساں
o39934,"MOTIONS, in head, night, waking, on","MOTIONS, movements, etc., in head (See Knocking, Looseness, Shaking, Waving, etc.), night, waking, on",سر — سر میں حرکت، رات جاگنے پر,1,1,یکساں
o41015,"PAIN, forehead, eminence, frontal, alternating with pain in cervical region","PAIN, headache in general, Forehead, in, eminence, frontal, alternating with pain in cervical region",سر — درد، ماتھے کے ابھار میں، باری باری گردن کے درد کے ساتھ,1,1,یکساں
o41016,"PAIN, forehead, eminence, frontal, catarrhal","PAIN, headache in general, Forehead, in, eminence, frontal, catarrhal",سر — درد، ماتھے کے ابھار میں، نزلے والا,1,1,یکساں
o41023,"PAIN, forehead, eminence, frontal, extending to ears","PAIN, headache in general, Forehead, in, eminence, frontal, extending to ears",سر — درد، ماتھے کے ابھار سے کانوں تک,3,3,یکساں
o41031,"PAIN, forehead, eminence, frontal, left","PAIN, headache in general, Forehead, in, eminence, frontal, left",سر — درد، ماتھے کے بائیں ابھار میں,14,14,یکساں
o41032,"PAIN, forehead, eminence, frontal, looking steadily","PAIN, headache in general, Forehead, in, eminence, frontal, looking steadily",سر — درد، ماتھے کے ابھار میں، ایک ٹک دیکھنے سے,1,1,یکساں
o41038,"PAIN, forehead, eminence, frontal, pulsating","PAIN, headache in general, Forehead, in, eminence, frontal, pulsating",سر — درد، ماتھے کے ابھار میں، دھڑکتا ہوا,1,1,یکساں
o41040,"PAIN, forehead, eminence, frontal, right","PAIN, headache in general, Forehead, in, eminence, frontal, right",سر — درد، ماتھے کے دائیں ابھار میں,13,13,یکساں
o41046,"PAIN, forehead, eminence, frontal, warm bed agg.","PAIN, headache in general, Forehead, in, eminence, frontal, warm bed agg.",سر — درد، ماتھے کے ابھار میں، گرم بستر سے بگاڑ,1,1,یکساں
o41047,"PAIN, forehead, eminence, frontal, warm room agg.","PAIN, headache in general, Forehead, in, eminence, frontal, warm room agg.",سر — درد، ماتھے کے ابھار میں، گرم کمرے میں بگاڑ,1,1,یکساں
o41058,"PAIN, forehead, extending, cheeks, to","PAIN, headache in general, Forehead, in, extending backward, cheeks, to",سر — درد، ماتھے سے گالوں تک,5,5,یکساں
o41059,"PAIN, forehead, extending, ears, to","PAIN, headache in general, Forehead, in, extending backward, ears, to",سر — درد، ماتھے سے کانوں تک,5,5,یکساں
o41061,"PAIN, forehead, extending, eyes, to","PAIN, headache in general, Forehead, in, extending backward, eyes, to",سر — درد، ماتھے سے آنکھوں تک,30,30,یکساں
o41062,"PAIN, forehead, extending, face, to","PAIN, headache in general, Forehead, in, extending backward, face, to",سر — درد، ماتھے سے چہرے تک,10,10,یکساں
o41063,"PAIN, forehead, extending, lower jaw, to","PAIN, headache in general, Forehead, in, extending backward, lower jaw, to",سر — درد، ماتھے سے نچلے جبڑے تک,1,1,یکساں
o41064,"PAIN, forehead, extending, molars, upper","PAIN, headache in general, Forehead, in, extending backward, molars, upper",سر — درد، ماتھے سے اوپر کی داڑھوں تک,1,1,یکساں
o41065,"PAIN, forehead, extending, neck, to","PAIN, headache in general, Forehead, in, extending backward, neck, to",سر — درد، ماتھے سے گردن تک,8,8,یکساں
o41067,"PAIN, forehead, extending, nose, to","PAIN, headache in general, Forehead, in, extending backward, nose, to",سر — درد، ماتھے سے ناک تک,20,20,یکساں
o41069,"PAIN, forehead, extending, orbits, to","PAIN, headache in general, Forehead, in, extending backward, orbits, to",سر — درد، ماتھے سے آنکھوں کے حلقوں تک,2,2,یکساں
o41072,"PAIN, forehead, extending, parietal bone, to","PAIN, headache in general, Forehead, in, extending backward, parietal bone, to",سر — درد، ماتھے سے سر کی پہلو کی ہڈی تک,1,1,یکساں
o41073,"PAIN, forehead, extending, shoulder, to","PAIN, headache in general, Forehead, in, extending backward, shoulder, to",سر — درد، ماتھے سے کندھے تک,1,1,یکساں
o41074,"PAIN, forehead, extending, temples, to","PAIN, headache in general, Forehead, in, extending backward, temples, to",سر — درد، ماتھے سے کنپٹیوں تک,11,11,یکساں
o41075,"PAIN, forehead, extending, vertex, to","PAIN, headache in general, Forehead, in, extending backward, vertex, to",سر — درد، ماتھے سے چوٹی تک,10,10,یکساں
o41085,"PAIN, forehead, eyes, above, alternating sides","PAIN, headache in general, Forehead, in, eyes, above, alternating sides",سر — درد، آنکھوں کے اوپر، باری باری دونوں طرف,3,3,یکساں
o41090,"PAIN, forehead, eyes, above, cold applications amel.","PAIN, headache in general, Forehead, in, eyes, above, cold applications amel.",سر — درد، آنکھوں کے اوپر، ٹھنڈی پٹیوں سے آرام,7,7,یکساں
o41091,"PAIN, forehead, eyes, above, cold damp weather","PAIN, headache in general, Forehead, in, eyes, above, cold damp weather",سر — درد، آنکھوں کے اوپر، سرد نم موسم میں,2,2,یکساں
o41092,"PAIN, forehead, eyes, above, cold dry wind","PAIN, headache in general, Forehead, in, eyes, above, cold dry wind",سر — درد، آنکھوں کے اوپر، سرد خشک ہوا سے,1,1,یکساں
o41093,"PAIN, forehead, eyes, above, contraction of brow","PAIN, headache in general, Forehead, in, eyes, above, contraction of brow",سر — درد، آنکھوں کے اوپر، بھنویں سکیڑنے سے,1,1,یکساں
o41096,"PAIN, forehead, eyes, above, daytime","PAIN, headache in general, Forehead, in, eyes, above, daytime",سر — درد، آنکھوں کے اوپر، دن کے وقت,3,3,یکساں
o41104,"PAIN, forehead, eyes, above, extending to ear","PAIN, headache in general, Forehead, in, eyes, above, extending to ear",سر — درد، آنکھوں کے اوپر سے کان تک,4,4,یکساں
o41122,"PAIN, forehead, eyes, above, heat of stove agg.","PAIN, headache in general, Forehead, in, eyes, above, heat of stove agg.",سر — درد، آنکھوں کے اوپر، چولہے کی گرمی سے بگاڑ,1,1,یکساں
o41132,"PAIN, forehead, eyes, above, looking at bright objects","PAIN, headache in general, Forehead, in, eyes, above, looking at bright objects",سر — درد، آنکھوں کے اوپر، چمکدار چیزیں دیکھنے سے,1,1,یکساں
o41152,"PAIN, forehead, eyes, above, noise","PAIN, headache in general, Forehead, in, eyes, above, noise",سر — درد، آنکھوں کے اوپر، شور سے,1,1,یکساں
o41153,"PAIN, forehead, eyes, above, noon","PAIN, headache in general, Forehead, in, eyes, above, noon",سر — درد، آنکھوں کے اوپر، دوپہر,2,2,یکساں
o41156,"PAIN, forehead, eyes, above, pressure amel.","PAIN, headache in general, Forehead, in, eyes, above, pressure amel.",سر — درد، آنکھوں کے اوپر، دبانے سے آرام,1,1,یکساں
o41157,"PAIN, forehead, eyes, above, pulsating","PAIN, headache in general, Forehead, in, eyes, above, pulsating",سر — درد، آنکھوں کے اوپر، دھڑکتا ہوا,17,17,یکساں
o41158,"PAIN, forehead, eyes, above, reading","PAIN, headache in general, Forehead, in, eyes, above, reading",سر — درد، آنکھوں کے اوپر، پڑھنے سے,3,3,یکساں
o41163,"PAIN, forehead, eyes, above, sleep amel.","PAIN, headache in general, Forehead, in, eyes, above, sleep amel.",سر — درد، آنکھوں کے اوپر، نیند سے آرام,1,1,یکساں
o41165,"PAIN, forehead, eyes, above, standing amel.","PAIN, headache in general, Forehead, in, eyes, above, standing amel.",سر — درد، آنکھوں کے اوپر، کھڑے ہونے سے آرام,1,1,یکساں
o41167,"PAIN, forehead, eyes, above, sudden","PAIN, headache in general, Forehead, in, eyes, above, sudden",سر — درد، آنکھوں کے اوپر، اچانک,1,1,یکساں
o41173,"PAIN, forehead, eyes, above, warm applications amel.","PAIN, headache in general, Forehead, in, eyes, above, warm applications amel.",سر — درد، آنکھوں کے اوپر، گرم پٹیوں سے آرام,6,6,یکساں
o41174,"PAIN, forehead, eyes, above, warm room","PAIN, headache in general, Forehead, in, eyes, above, warm room",سر — درد، آنکھوں کے اوپر، گرم کمرے میں,2,2,یکساں
o41175,"PAIN, forehead, eyes, above, warmth","PAIN, headache in general, Forehead, in, eyes, above, warmth",سر — درد، آنکھوں کے اوپر، گرمائش سے,2,2,یکساں
o41498,"PAIN, looking, sideways, from, amel.","PAIN, headache in general, looking fixedly at anything, from, sideways, from, amel.",سر — درد، ترچھا دیکھنے سے آرام,1,1,یکساں
o41500,"PAIN, looking, upward, from, amel.","PAIN, headache in general, looking fixedly at anything, from, upward, from, amel.",سر — درد، اوپر دیکھنے سے آرام,1,1,یکساں
o41820,"PAIN, occiput, turning, eyes, upward","PAIN, headache in general, Occiput, turning head, eyes, agg., upward",سر — درد، گدی میں، آنکھیں اوپر گھمانے پر,1,1,یکساں
o42095,"PAIN, pressing, forehead, menses, during","PAIN, headache in general, Pressing (See Bursting, Drawing), Forehead, menses, before, during",سر — درد، دبانے والا، ماتھے میں، حیض کے دوران,7,7,یکساں
o42383,"PAIN, pressing, temples, extending, downward","PAIN, headache in general, Pressing (See Bursting, Drawing), Temples, extending brain, to, downward",سر — درد، دبانے والا، کنپٹیوں سے پھیلتا ہوا، نیچے کی طرف,1,1,یکساں
o42387,"PAIN, pressing, temples, extending, forward","PAIN, headache in general, Pressing (See Bursting, Drawing), Temples, extending brain, to, forward",سر — درد، دبانے والا، کنپٹیوں سے پھیلتا ہوا، آگے کی طرف,1,1,یکساں
o42403,"PAIN, pressing, temples, lying, with head high amel.","PAIN, headache in general, Pressing (See Bursting, Drawing), Temples, lying on side, when, with head high amel.",سر — درد، دبانے والا، کنپٹیوں میں، سر اونچا رکھ کر لیٹنے سے آرام,1,1,یکساں
o42668,"PAIN, shooting, occiput, extending, forehead","PAIN, headache in general, Shooting (See Cutting, Lancinating, Shocks, Stitches, etc.), Occiput, extending back, down, forehead",سر — درد، دوڑتا ہوا (تیر جیسا)، گدی سے پھیلتا ہوا، ماتھے میں,2,2,یکساں
o43339,"PAIN, stitching, sides, sitting, while","PAIN, headache in general, Stitching, Sides, sitting down, on, while",سر — درد، چبھتا ہوا، پہلوؤں میں، بیٹھے ہوئے,1,1,یکساں
o43378,"PAIN, stitching, temples, extending, downward","PAIN, headache in general, Stitching, Temples, extending brain, into, downward",سر — درد، چبھتا ہوا، کنپٹیوں سے پھیلتا ہوا، نیچے کی طرف,1,1,یکساں
o43381,"PAIN, stitching, temples, extending, inward","PAIN, headache in general, Stitching, Temples, extending brain, into, inward",سر — درد، چبھتا ہوا، کنپٹیوں سے پھیلتا ہوا، اندر کی طرف,6,6,یکساں
o43383,"PAIN, stitching, temples, extending, outward","PAIN, headache in general, Stitching, Temples, extending brain, into, outward",سر — درد، چبھتا ہوا، کنپٹیوں سے پھیلتا ہوا، باہر کی طرف,8,8,یکساں
o43385,"PAIN, stitching, temples, extending, temple to temple","PAIN, headache in general, Stitching, Temples, extending brain, into, temple to temple",سر — درد، چبھتا ہوا، کنپٹی سے کنپٹی تک,1,1,یکساں
o43466,"PAIN, stitching, washing, amel. during, but agg. after","PAIN, headache in general, Stitching, washing face, on, amel. during, but agg. after",سر — درد، چبھتا ہوا، دھوتے ہوئے آرام مگر بعد میں بگاڑ,1,1,یکساں
o43794,"PAIN, tearing, sides, extending, forward","PAIN, headache in general, Tearing, rending, Sides, extending down neck into face and teeth, forward",سر — درد، چیرتا ہوا، پہلوؤں سے آگے کی طرف,1,1,یکساں
o43795,"PAIN, tearing, sides, extending, inward","PAIN, headache in general, Tearing, rending, Sides, extending down neck into face and teeth, inward",سر — درد، چیرتا ہوا، پہلوؤں سے پھیلتا ہوا، اندر کی طرف,1,1,یکساں
o43796,"PAIN, tearing, sides, extending, side to side","PAIN, headache in general, Tearing, rending, Sides, extending down neck into face and teeth, side to side",سر — درد، چیرتا ہوا، پہلوؤں سے پھیلتا ہوا، ایک طرف سے دوسری طرف,2,2,یکساں
o43797,"PAIN, tearing, sides, extending, teeth and glands of throat","PAIN, headache in general, Tearing, rending, Sides, extending down neck into face and teeth, teeth and glands of throat",سر — درد، چیرتا ہوا، پہلوؤں سے دانتوں اور حلق کی گلٹیوں تک,2,2,یکساں
o43798,"PAIN, tearing, sides, extending, upward","PAIN, headache in general, Tearing, rending, Sides, extending down neck into face and teeth, upward",سر — درد، چیرتا ہوا، پہلوؤں سے پھیلتا ہوا، اوپر کی طرف,1,1,یکساں
o43799,"PAIN, tearing, sides, extending, vertex","PAIN, headache in general, Tearing, rending, Sides, extending down neck into face and teeth, vertex",سر — درد، چیرتا ہوا، پہلوؤں سے پھیلتا ہوا، چوٹی میں,1,1,یکساں
o43875,"PAIN, tearing, temples, pressure, amel.","PAIN, headache in general, Tearing, rending, Temples, pressure, amel.",سر — درد، چیرتا ہوا، کنپٹیوں میں، دبانے سے آرام,2,2,یکساں
o44498,"PULSATING, occiput, extending, sides and forehead, to","PULSATING, beating, throbbing (See Bursting, Congestion, Hammering), Occiput, extending to forehead, sides and forehead, to",سر — دھڑکن، گدی سے پہلوؤں اور ماتھے تک,1,1,یکساں
o44501,"PULSATING, occiput, extending, whole head, over","PULSATING, beating, throbbing (See Bursting, Congestion, Hammering), Occiput, extending to forehead, whole head, over",سر — دھڑکن، گدی سے پورے سر پر,1,1,یکساں
o44727,"SHOCKS, blows, forehead, axe, as with an","SHOCKS, blows, jerks, etc. (See Jerking Pain, Pulsation, Plug, Nail), Forehead, axe, as with an",سر — ضربیں، ماتھے میں، جیسے کلہاڑی سے,1,1,یکساں
o44728,"SHOCKS, blows, forehead, finger, as with a","SHOCKS, blows, jerks, etc. (See Jerking Pain, Pulsation, Plug, Nail), Forehead, finger, as with a",سر — ضربیں، ماتھے میں، جیسے انگلی سے,1,1,یکساں
o44730,"SHOCKS, blows, forehead, sleep, during","SHOCKS, blows, jerks, etc. (See Jerking Pain, Pulsation, Plug, Nail), Forehead, sleep, during",سر — ضربیں، ماتھے میں، نیند کے دوران,1,1,یکساں
o44737,"SHOCKS, blows, morning, bed, in","SHOCKS, blows, jerks, etc. (See Jerking Pain, Pulsation, Plug, Nail), morning, bed, in",سر — ضربیں، صبح بستر میں,2,2,یکساں
o44741,"SHOCKS, blows, night, 1 a.m., waking him","SHOCKS, blows, jerks, etc. (See Jerking Pain, Pulsation, Plug, Nail), night, 1 a.m., waking him",سر — ضربیں، رات 1 بجے، جگا دیں,1,1,یکساں
o44746,"SHOCKS, blows, occiput, just as he was losing himself in sleep, like a loud report","SHOCKS, blows, jerks, etc. (See Jerking Pain, Pulsation, Plug, Nail), Occiput, just as he was losing himself in sleep, like a loud report",سر — ضربیں، گدی میں، نیند میں ڈوبتے ہی زوردار دھماکے جیسی,1,1,یکساں
o44758,"SHOCKS, blows, siesta, after a, while sitting","SHOCKS, blows, jerks, etc. (See Jerking Pain, Pulsation, Plug, Nail), siesta, after a, while sitting",سر — ضربیں، دوپہر کی نیند کے بعد، بیٹھے ہوئے,1,1,یکساں
o44767,"SHOCKS, blows, temples, cough, during","SHOCKS, blows, jerks, etc. (See Jerking Pain, Pulsation, Plug, Nail), Temples, cough, during",سر — ضربیں، کنپٹیوں میں، کھانسی کے دوران,1,1,یکساں
o44769,"SHOCKS, blows, temples, peg were struck in deep, as if","SHOCKS, blows, jerks, etc. (See Jerking Pain, Pulsation, Plug, Nail), Temples, peg were struck in deep, as if",سر — ضربیں، کنپٹیوں میں، جیسے کیل گہرا ٹھونک دیا ہو,1,1,یکساں
o44774,"SHOCKS, blows, vertex, sleep, on going to","SHOCKS, blows, jerks, etc. (See Jerking Pain, Pulsation, Plug, Nail), Vertex, sleep, on going to",سر — ضربیں، چوٹی میں، سوتے وقت,1,1,یکساں
r1408,"PAIN, night, midnight, about, till morning","PAIN, headache in general, night, midnight, before, about, till morning",سر — درد، آدھی رات کے قریب سے صبح تک,1,1,یکساں
r144,"COLDNESS, vertex, spots, in, a small","COLDNESS, chilliness, etc., Vertex, spots, in, a small",سر — ٹھنڈک، چوٹی پر ایک چھوٹے دھبے کی صورت,1,1,یکساں
r1464,"PAIN, beer, and bread, agg., from","PAIN, headache in general, beer, from, and bread, agg., from",سر — درد، بیئر اور روٹی سے بگاڑ,1,1,یکساں
r1680,"PAIN, menses, after, cessation, on","PAIN, headache in general, menses, before, after, cessation, on",سر — درد، حیض بند ہونے پر,6,6,یکساں
r1681,"PAIN, menses, after, top would fly off, as if","PAIN, headache in general, menses, before, after, top would fly off, as if",سر — درد، حیض کے بعد، جیسے سر کا اوپری حصہ اڑ جائے گا,1,1,یکساں
r1828,"PAIN, sleep, morning, second sleep, agg.","PAIN, headache in general, sleep, before going to, morning, second sleep, agg.",سر — درد، صبح دوبارہ سونے سے بگاڑ,1,1,یکساں
r1830,"PAIN, sleep, falling asleep, on, amel.","PAIN, headache in general, sleep, before going to, falling asleep, on, amel.",سر — درد، نیند آتے ہی آرام,3,3,یکساں
r1835,"PAIN, sleep, after, amel., by a good sleep","PAIN, headache in general, sleep, before going to, after, amel., by a good sleep",سر — درد، اچھی نیند سے آرام,2,2,یکساں
r1839,"PAIN, sleep, roused, on being, from","PAIN, headache in general, sleep, before going to, roused, on being, from",سر — درد، نیند سے جگانے پر,3,3,یکساں
r1935,"PAIN, walking in open air, head erect, with, amel.","PAIN, headache in general, walking in open air, while, head erect, with, amel.",سر — درد، کھلی ہوا میں سر سیدھا رکھ کر چلنے سے آرام,1,1,یکساں
r1960,"PAIN, weather, windy, stormy, from","PAIN, headache in general, weather, from changes of, windy, stormy, from",سر — درد، ہوا اور طوفانی موسم سے,14,14,یکساں
r2017,"PAIN, brain, morning, rising, after","PAIN, headache in general, Brain, aching deep in, morning, rising, after",سر — درد، دماغ میں، صبح اٹھنے کے بعد,2,2,یکساں
r2051,"PAIN, forehead, morning, bed, in","PAIN, headache in general, Forehead, in, morning, bed, in",سر — درد، ماتھے میں، صبح بستر میں,8,8,یکساں
r2055,"PAIN, forehead, morning, waking, on","PAIN, headache in general, Forehead, in, morning, waking, on",سر — درد، ماتھے میں، صبح جاگنے پر,70,70,یکساں
r2062,"PAIN, forehead, afternoon, riding in a carriage, while","PAIN, headache in general, Forehead, in, afternoon, riding in a carriage, while",سر — درد، ماتھے میں، سہ پہر گاڑی میں سواری کرتے ہوئے,1,1,یکساں
r2063,"PAIN, forehead, afternoon, waking, on","PAIN, headache in general, Forehead, in, afternoon, waking, on",سر — درد، ماتھے میں، سہ پہر جاگنے پر,1,1,یکساں
r2064,"PAIN, forehead, afternoon, walking, while","PAIN, headache in general, Forehead, in, afternoon, walking, while",سر — درد، ماتھے میں، سہ پہر چلتے ہوئے,1,1,یکساں
r2072,"PAIN, forehead, evening, bed, in","PAIN, headache in general, Forehead, in, evening, bed, in",سر — درد، ماتھے میں، شام بستر میں,3,3,یکساں
r2073,"PAIN, forehead, evening, singing, after","PAIN, headache in general, Forehead, in, evening, singing, after",سر — درد، ماتھے میں، شام گانے کے بعد,1,1,یکساں
r2080,"PAIN, forehead, night, waking, on","PAIN, headache in general, Forehead, in, night, waking, on",سر — درد، ماتھے میں، رات جاگنے پر,3,3,یکساں
r2082,"PAIN, forehead, night, midnight, until morning","PAIN, headache in general, Forehead, in, night, midnight, until morning",سر — درد، ماتھے میں، آدھی رات سے صبح تک,1,1,یکساں
r2084,"PAIN, forehead, night, midnight, after 2 a.m.","PAIN, headache in general, Forehead, in, night, midnight, after 2 a.m.",سر — درد، ماتھے میں، رات 2 بجے کے بعد,1,1,یکساں
r2086,"PAIN, forehead, air, cold, amel.","PAIN, headache in general, Forehead, in, air, cold, amel.",سر — درد، ماتھے میں، ٹھنڈی ہوا سے آرام,3,3,یکساں
r2088,"PAIN, forehead, air, open, amel.","PAIN, headache in general, Forehead, in, air, open, amel.",سر — درد، ماتھے میں، کھلی ہوا میں آرام,42,42,یکساں
r2167,"PAIN, forehead, room, in a, amel.","PAIN, headache in general, Forehead, in, room, in a, amel.",سر — درد، ماتھے میں، کمرے میں آرام,2,2,یکساں
r2176,"PAIN, forehead, sleep, after, amel.","PAIN, headache in general, Forehead, in, sleep, after, amel.",سر — درد، ماتھے میں، نیند کے بعد آرام,3,3,یکساں
r2231,"PAIN, forehead, above the, mental exertion, on","PAIN, headache in general, Forehead, in, above the, mental exertion, on",سر — درد، ماتھے کے اوپر، ذہنی محنت پر,1,1,یکساں
r2279,"PAIN, forehead, eyes, above, periodical","PAIN, headache in general, Forehead, in, eyes, above, periodical",سر — درد، آنکھوں کے اوپر، وقفے وقفے سے,2,2,یکساں
r2373,"PAIN, forehead, eyes, behind, between","PAIN, headache in general, Forehead, in, eyes, behind, between",سر — درد، آنکھوں کے پیچھے، دونوں کے بیچ,5,5,یکساں
r2374,"PAIN, forehead, eyes, behind, extending to upper jaw","PAIN, headache in general, Forehead, in, eyes, behind, extending to upper jaw",سر — درد، آنکھوں کے پیچھے سے اوپر کے جبڑے تک,1,1,یکساں
r2376,"PAIN, forehead, middle, football, during","PAIN, headache in general, Forehead, in, middle, football, during",سر — درد، ماتھے کے بیچ میں، فٹ بال کھیلتے ہوئے,1,1,یکساں
r2380,"PAIN, forehead, middle, menses, before","PAIN, headache in general, Forehead, in, middle, menses, before",سر — درد، ماتھے کے بیچ میں، حیض سے پہلے,1,1,یکساں
r2382,"PAIN, forehead, middle, walking, while","PAIN, headache in general, Forehead, in, middle, walking, while",سر — درد، ماتھے کے بیچ میں، چلتے ہوئے,1,1,یکساں
r2385,"PAIN, forehead, nose, above root of, left half","PAIN, headache in general, Forehead, in, nose, above root of, left half",سر — درد، ناک کی جڑ کے اوپر، بائیں آدھے حصے میں,1,1,یکساں
r2386,"PAIN, forehead, nose, above root of, evening","PAIN, headache in general, Forehead, in, nose, above root of, evening",سر — درد، ناک کی جڑ کے اوپر، شام,1,1,یکساں
r2387,"PAIN, forehead, nose, above root of, night","PAIN, headache in general, Forehead, in, nose, above root of, night",سر — درد، ناک کی جڑ کے اوپر، رات,1,1,یکساں
r2389,"PAIN, forehead, nose, above root of, pulsating","PAIN, headache in general, Forehead, in, nose, above root of, pulsating",سر — درد، ناک کی جڑ کے اوپر، دھڑکتا ہوا,1,1,یکساں
r2394,"PAIN, occiput, morning, bed, lying on back","PAIN, headache in general, Occiput, morning, bed, in, lying on back",سر — درد، گدی میں، صبح بستر میں پیٹھ کے بل لیٹے,3,3,یکساں
r2396,"PAIN, occiput, morning, rising, amel.","PAIN, headache in general, Occiput, morning, rising, on, amel.",سر — درد، گدی میں، صبح اٹھنے سے آرام,3,3,یکساں
r2399,"PAIN, occiput, morning, waking, amel. at noon","PAIN, headache in general, Occiput, morning, waking, on, amel. at noon",سر — درد، گدی میں، صبح جاگنے پر، دوپہر کو آرام,1,1,یکساں
r2478,"PAIN, occiput, lying, side of head, on amel.","PAIN, headache in general, Occiput, lying, while, side of head, on amel.",سر — درد، گدی میں، سر کے پہلو کے بل لیٹنے سے آرام,2,2,یکساں
r2479,"PAIN, occiput, lying, side, either side agg.","PAIN, headache in general, Occiput, lying, while, side, either side agg.",سر — درد، گدی میں، کسی بھی پہلو لیٹنے سے بگاڑ,1,1,یکساں
r2484,"PAIN, occiput, menses, during, contracting the eyes","PAIN, headache in general, Occiput, menses, before, during, contracting the eyes",سر — درد، گدی میں، حیض کے دوران، آنکھیں سکیڑ دے,1,1,یکساں
r2485,"PAIN, occiput, menses, during, scanty flow","PAIN, headache in general, Occiput, menses, before, during, scanty flow",سر — درد، گدی میں، حیض کے دوران، کم مقدار میں خون,2,2,یکساں
r2504,"PAIN, occiput, rising, from bed, agg.","PAIN, headache in general, Occiput, rising, after, from bed, agg.",سر — درد، گدی میں، بستر سے اٹھنے پر بگاڑ,1,1,یکساں
r2599,"PAIN, sides, one side, ceases on one side, becomes more violent on the other","PAIN, headache in general, Occiput and Forehead, Sides, one side, ceases on one side, becomes more violent on the other",سر — درد، ایک پہلو میں، ایک طرف ختم ہو تو دوسری طرف زیادہ شدید,2,2,یکساں
r2600,"PAIN, sides, one side, coffee, from excessive use of","PAIN, headache in general, Occiput and Forehead, Sides, one side, coffee, from excessive use of",سر — درد، ایک پہلو میں، بہت زیادہ کافی پینے سے,1,1,یکساں
r2606,"PAIN, sides, one side, spots, in","PAIN, headache in general, Occiput and Forehead, Sides, one side, spots, in",سر — درد، ایک پہلو میں، دھبوں میں,2,2,یکساں
r2763,"PAIN, temples, air, open, amel.","PAIN, headache in general, Temples, air, cold, open, amel.",سر — درد، کنپٹیوں میں، کھلی ہوا میں آرام,17,17,یکساں
r2860,"PAIN, vertex, morning, rising, amel.","PAIN, headache in general, Vertex, morning, rising, on, amel.",سر — درد، چوٹی میں، صبح اٹھنے سے آرام,1,1,یکساں
r2949,"PAIN, blows, as from, forehead, morning on waking","PAIN, headache in general, blows, as from, Forehead, one awakens at 1 a.m., morning on waking",سر — درد، جیسے ماتھے پر ضرب لگی ہو، صبح جاگنے پر,1,1,یکساں
r2951,"PAIN, blows, as from, occiput, sub-occipital","PAIN, headache in general, blows, as from, Occiput, on, sub-occipital",سر — درد، جیسے گدی کے نیچے ضرب لگی ہو,1,1,یکساں
r3254,"PAIN, bursting, eating, dinner, after","PAIN, headache in general, Bursting, eating, after, dinner, after",سر — درد، پھٹنے جیسا، کھانا، دوپہر کے کھانے کے بعد,1,1,یکساں
r3275,"PAIN, bursting, sitting, bent over, while","PAIN, headache in general, Bursting, sitting, while, bent over, while",سر — درد، پھٹنے جیسا، جھک کر بیٹھے ہوئے,1,1,یکساں
r3480,"PAIN, drawing, eating, after, amel.","PAIN, headache in general, Drawing, eating, during, after, amel.",سر — درد، کھینچتا ہوا، کھانے کے بعد آرام,2,2,یکساں
r3612,"PAIN, drawing, sides, air, draft of cold air","PAIN, headache in general, Drawing, Sides, air, open, draft of cold air",سر — درد، کھینچتا ہوا، پہلوؤں میں، ٹھنڈی ہوا کے جھونکے سے,1,1,یکساں
r3918,"PAIN, pressing, fever, hay-fever, with","PAIN, headache in general, Pressing (See Bursting, Drawing), fever, during, hay-fever, with",سر — درد، دبانے والا، بخار کے ساتھ، موسمی زکام (ہے فیور) کے ساتھ,1,1,یکساں
r3934,"PAIN, pressing, lying, side, on","PAIN, headache in general, Pressing (See Bursting, Drawing), lying, while, side, on",سر — درد، دبانے والا، پہلو پر لیٹنے پر,2,2,یکساں
r3943,"PAIN, pressing, motion, arms, of","PAIN, headache in general, Pressing (See Bursting, Drawing), motion, on, arms, of",سر — درد، دبانے والا، بازو ہلانے پر,1,1,یکساں
r3944,"PAIN, pressing, motion, eyes, of","PAIN, headache in general, Pressing (See Bursting, Drawing), motion, on, eyes, of",سر — درد، دبانے والا، آنکھیں ہلانے پر,4,4,یکساں
r3964,"PAIN, pressing, rising, after, amel.","PAIN, headache in general, Pressing (See Bursting, Drawing), rising, on, after, amel.",سر — درد، دبانے والا، اٹھنے کے بعد آرام,3,3,یکساں
r3965,"PAIN, pressing, rising, stooping, from","PAIN, headache in general, Pressing (See Bursting, Drawing), rising, on, stooping, from",سر — درد، دبانے والا، جھک کر سیدھا ہونے پر,1,1,یکساں
r3969,"PAIN, pressing, room, entering, on","PAIN, headache in general, Pressing (See Bursting, Drawing), room, in, entering, on",سر — درد، دبانے والا، کمرے میں داخل ہونے پر,1,1,یکساں
r3977,"PAIN, pressing, sitting, erect, while","PAIN, headache in general, Pressing (See Bursting, Drawing), sitting, while, erect, while",سر — درد، دبانے والا، سیدھا بیٹھے ہوئے,1,1,یکساں
r4007,"PAIN, pressing, walking, in open air, while","PAIN, headache in general, Pressing (See Bursting, Drawing), walking, while, in open air, while",سر — درد، دبانے والا، کھلی ہوا میں چلتے ہوئے,11,11,یکساں
r4026,"PAIN, pressing, brain, skull against the, as if","PAIN, headache in general, Pressing (See Bursting, Drawing), Brain, as if bound up, skull against the, as if",سر — درد، دبانے والا، جیسے کھوپڑی دماغ پر دباؤ ڈال رہی ہو,3,3,یکساں
r4069,"PAIN, pressing, forehead, eating, amel.","PAIN, headache in general, Pressing (See Bursting, Drawing), Forehead, eating, after, amel.",سر — درد، دبانے والا، ماتھے میں، کھانے سے آرام,2,2,یکساں
r4088,"PAIN, pressing, forehead, menses, after","PAIN, headache in general, Pressing (See Bursting, Drawing), Forehead, menses, before, after",سر — درد، دبانے والا، ماتھے میں، حیض کے بعد,1,1,یکساں
r4091,"PAIN, pressing, forehead, motion, amel.","PAIN, headache in general, Pressing (See Bursting, Drawing), Forehead, motion, on, amel.",سر — درد، دبانے والا، ماتھے میں، حرکت سے آرام,3,3,یکساں
r4092,"PAIN, pressing, forehead, motion, of eye","PAIN, headache in general, Pressing (See Bursting, Drawing), Forehead, motion, on, of eye",سر — درد، دبانے والا، ماتھے میں، آنکھ ہلانے پر,4,4,یکساں
r4093,"PAIN, pressing, forehead, motion, of head","PAIN, headache in general, Pressing (See Bursting, Drawing), Forehead, motion, on, of head",سر — درد، دبانے والا، ماتھے میں، سر ہلانے پر,2,2,یکساں
r4108,"PAIN, pressing, forehead, sitting, amel.","PAIN, headache in general, Pressing (See Bursting, Drawing), Forehead, sitting, while, amel.",سر — درد، دبانے والا، ماتھے میں، بیٹھنے سے آرام,1,1,یکساں
r4114,"PAIN, pressing, forehead, stool, after","PAIN, headache in general, Pressing (See Bursting, Drawing), Forehead, stool, during, after",سر — درد، دبانے والا، ماتھے میں، پاخانے کے بعد,1,1,یکساں
r4116,"PAIN, pressing, forehead, stooping, amel.","PAIN, headache in general, Pressing (See Bursting, Drawing), Forehead, stooping, while, amel.",سر — درد، دبانے والا، ماتھے میں، جھکنے سے آرام,4,4,یکساں
r4127,"PAIN, pressing, forehead, Walking, rapidly","PAIN, headache in general, Pressing (See Bursting, Drawing), Forehead, walking, while, rapidly",سر — درد، دبانے والا، ماتھے میں، تیز چلنے سے,1,1,یکساں
r4161,"PAIN, forehead, eminence, frontal, pressure amel.","PAIN, headache in general, Forehead, in, eminence, frontal, pressure amel.",سر — درد، ماتھے کے ابھار میں، دبانے سے آرام,2,2,یکساں
r4166,"PAIN, forehead, eminence, frontal, walking in open air","PAIN, headache in general, Forehead, in, eminence, frontal, walking in open air",سر — درد، ماتھے کے ابھار میں، کھلی ہوا میں چلتے ہوئے,1,1,یکساں
r4222,"PAIN, pressing, occiput, eating, amel.","PAIN, headache in general, Pressing (See Bursting, Drawing), Occiput, eating, after, amel.",سر — درد، دبانے والا، گدی میں، کھانے سے آرام,1,1,یکساں
r4245,"PAIN, pressing, occiput, sitting, amel.","PAIN, headache in general, Pressing (See Bursting, Drawing), Occiput, sitting, while, amel.",سر — درد، دبانے والا، گدی میں، بیٹھنے سے آرام,1,1,یکساں
r4249,"PAIN, pressing, occiput, standing, amel.","PAIN, headache in general, Pressing (See Bursting, Drawing), Occiput, standing, on, amel.",سر — درد، دبانے والا، گدی میں، کھڑے ہونے سے آرام,1,1,یکساں
r4258,"PAIN, pressing, occiput, walking, amel.","PAIN, headache in general, Pressing (See Bursting, Drawing), Occiput, walking, while, amel.",سر — درد، دبانے والا، گدی میں، چلنے سے آرام,1,1,یکساں
r4259,"PAIN, pressing, occiput, walking, in open air amel.","PAIN, headache in general, Pressing (See Bursting, Drawing), Occiput, walking, while, in open air amel.",سر — درد، دبانے والا، گدی میں، چلنا، کھلی ہوا میں آرام,1,1,یکساں
r4260,"PAIN, pressing, occiput, walking, after","PAIN, headache in general, Pressing (See Bursting, Drawing), Occiput, walking, while, after",سر — درد، دبانے والا، گدی میں، چلنے کے بعد,1,1,یکساں
r4366,"PAIN, pressing, temples, motion, amel.","PAIN, headache in general, Pressing (See Bursting, Drawing), Temples, motion, on, amel.",سر — درد، دبانے والا، کنپٹیوں میں، حرکت سے آرام,3,3,یکساں
r4376,"PAIN, pressing, temples, rising, up amel.","PAIN, headache in general, Pressing (See Bursting, Drawing), Temples, rising, after, up amel.",سر — درد، دبانے والا، کنپٹیوں میں، اٹھ بیٹھنے سے آرام,1,1,یکساں
r4386,"PAIN, pressing, temples, stool, during","PAIN, headache in general, Pressing (See Bursting, Drawing), Temples, stool, before, during",سر — درد، دبانے والا، کنپٹیوں میں، پاخانے کے دوران,1,1,یکساں
r4387,"PAIN, pressing, temples, stool, after","PAIN, headache in general, Pressing (See Bursting, Drawing), Temples, stool, before, after",سر — درد، دبانے والا، کنپٹیوں میں، پاخانے کے بعد,1,1,یکساں
r4389,"PAIN, pressing, temples, stooping, amel.","PAIN, headache in general, Pressing (See Bursting, Drawing), Temples, stooping, on, amel.",سر — درد، دبانے والا، کنپٹیوں میں، جھکنے سے آرام,1,1,یکساں
r4466,"PAIN, pressing, vertex, walking, rapidly","PAIN, headache in general, Pressing (See Bursting, Drawing), Vertex, walking, while, rapidly",سر — درد، دبانے والا، چوٹی میں، تیز چلنے سے,1,1,یکساں
r4552,"PAIN, forehead, extending, occiput, to","PAIN, headache in general, Forehead, in, extending backward, occiput, to",سر — درد، ماتھے سے گدی تک,47,47,یکساں
r4815,"PAIN, stitching, menses, appearance of, amel.","PAIN, headache in general, Stitching, menses, before, appearance of, amel.",سر — درد، چبھتا ہوا، حیض شروع ہونے پر آرام,1,1,یکساں
r4837,"PAIN, stitching, rising, seat, from","PAIN, headache in general, Stitching, rising, on, seat, from",سر — درد، چبھتا ہوا، نشست سے اٹھنے پر,1,1,یکساں
r4838,"PAIN, stitching, rising, stooping, from","PAIN, headache in general, Stitching, rising, on, stooping, from",سر — درد، چبھتا ہوا، جھک کر سیدھا ہونے پر,2,2,یکساں
r4845,"PAIN, stitching, standing, still, amel. while","PAIN, headache in general, Stitching, standing, while, still, amel. while",سر — درد، چبھتا ہوا، ساکت کھڑے رہنے سے آرام,1,1,یکساں
r4858,"PAIN, stitching, walking, about, amel.","PAIN, headache in general, Stitching, walking, while, about, amel.",سر — درد، چبھتا ہوا، چلنے پھرنے سے آرام,2,2,یکساں
r4904,"PAIN, stitching, forehead, menses, after","PAIN, headache in general, Stitching, Forehead, menses, during, after",سر — درد، چبھتا ہوا، ماتھے میں، حیض کے بعد,1,1,یکساں
r4916,"PAIN, stitching, forehead, standing, still amel.","PAIN, headache in general, Stitching, Forehead, standing, while, still amel.",سر — درد، چبھتا ہوا، ماتھے میں، ساکت کھڑے رہنے سے آرام,1,1,یکساں
r5072,"PAIN, stitching, sides, menses, during","PAIN, headache in general, Stitching, Sides, menses, before, during",سر — درد، چبھتا ہوا، پہلوؤں میں، حیض کے دوران,2,2,یکساں
r5155,"PAIN, stitching, temples, walking, amel.","PAIN, headache in general, Stitching, Temples, walking, while, amel.",سر — درد، چبھتا ہوا، کنپٹیوں میں، چلنے سے آرام,1,1,یکساں
r5156,"PAIN, stitching, temples, walking, after","PAIN, headache in general, Stitching, Temples, walking, while, after",سر — درد، چبھتا ہوا، کنپٹیوں میں، چلنے کے بعد,3,3,یکساں
r5237,"PAIN, tearing, morning, bed, in","PAIN, headache in general, Tearing, rending, morning, bed, in",سر — درد، چیرتا ہوا، صبح بستر میں,1,1,یکساں
r5238,"PAIN, tearing, morning, rising, on","PAIN, headache in general, Tearing, rending, morning, rising, on",سر — درد، چیرتا ہوا، صبح اٹھتے وقت,4,4,یکساں
r5241,"PAIN, tearing, morning, waking, on","PAIN, headache in general, Tearing, rending, morning, waking, on",سر — درد، چیرتا ہوا، صبح جاگنے پر,5,5,یکساں
r5251,"PAIN, tearing, evening, bed, in","PAIN, headache in general, Tearing, rending, evening, bed, in",سر — درد، چیرتا ہوا، شام بستر میں,3,3,یکساں
r5254,"PAIN, tearing, night, waking, on","PAIN, headache in general, Tearing, rending, night, waking, on",سر — درد، چیرتا ہوا، رات جاگنے پر,1,1,یکساں
r5255,"PAIN, tearing, aching, tearing, jerking","PAIN, headache in general, Tearing, rending, aching, tearing, jerking",سر — درد، چیرتا ہوا، مسلسل درد، چیرتا، جھٹکے دار,1,1,یکساں
r5329,"PAIN, tearing, step, a false, agg.","PAIN, headache in general, Tearing, rending, step, a false, agg.",سر — درد، چیرتا ہوا، غلط قدم پڑنے سے بگاڑ,1,1,یکساں
r5346,"PAIN, tearing, water, cold, agg.","PAIN, headache in general, Tearing, rending, water, cold, agg.",سر — درد، چیرتا ہوا، ٹھنڈے پانی سے بگاڑ,1,1,یکساں
r5370,"PAIN, tearing, forehead, afternoon, 2 p.m. till 3 a.m.","PAIN, headache in general, Tearing, rending, Forehead, afternoon, 2 p.m. till 3 a.m.",سر — درد، چیرتا ہوا، ماتھے میں، سہ پہر 2 سے رات 3 بجے تک,1,1,یکساں
r5373,"PAIN, tearing, forehead, evening, 6 p.m.","PAIN, headache in general, Tearing, rending, Forehead, evening, 6 p.m.",سر — درد، چیرتا ہوا، ماتھے میں، شام 6 بجے,1,1,یکساں
r5380,"PAIN, tearing, forehead, dinner, after","PAIN, headache in general, Tearing, rending, Forehead, dinner, after",سر — درد، چیرتا ہوا، ماتھے میں، دوپہر کے کھانے کے بعد,1,1,یکساں
r5381,"PAIN, tearing, forehead, eating, after","PAIN, headache in general, Tearing, rending, Forehead, eating, after",سر — درد، چیرتا ہوا، ماتھے میں، کھانے کے بعد,2,2,یکساں
r5383,"PAIN, tearing, forehead, heat, during","PAIN, headache in general, Tearing, rending, Forehead, heat, during",سر — درد، چیرتا ہوا، ماتھے میں، بخار کی گرمی کے دوران,1,1,یکساں
r5384,"PAIN, tearing, forehead, lying, amel.","PAIN, headache in general, Tearing, rending, Forehead, lying, amel.",سر — درد، چیرتا ہوا، ماتھے میں، لیٹنے سے آرام,2,2,یکساں
r5385,"PAIN, tearing, forehead, menses, before","PAIN, headache in general, Tearing, rending, Forehead, menses, before",سر — درد، چیرتا ہوا، ماتھے میں، حیض سے پہلے,2,2,یکساں
r5389,"PAIN, tearing, forehead, motion, during","PAIN, headache in general, Tearing, rending, Forehead, motion, during",سر — درد، چیرتا ہوا، ماتھے میں، حرکت کے دوران,2,2,یکساں
r5395,"PAIN, tearing, forehead, rising, on","PAIN, headache in general, Tearing, rending, Forehead, rising, on",سر — درد، چیرتا ہوا، ماتھے میں، اٹھنے پر,2,2,یکساں
r5396,"PAIN, tearing, forehead, sitting, while","PAIN, headache in general, Tearing, rending, Forehead, sitting, while",سر — درد، چیرتا ہوا، ماتھے میں، بیٹھے ہوئے,4,4,یکساں
r5397,"PAIN, tearing, forehead, standing, while","PAIN, headache in general, Tearing, rending, Forehead, standing, while",سر — درد، چیرتا ہوا، ماتھے میں، کھڑے ہوئے,2,2,یکساں
r5398,"PAIN, tearing, forehead, stooping, when","PAIN, headache in general, Tearing, rending, Forehead, stooping, when",سر — درد، چیرتا ہوا، ماتھے میں، جھکنے پر,6,6,یکساں
r5399,"PAIN, tearing, forehead, touch, on","PAIN, headache in general, Tearing, rending, Forehead, touch, on",سر — درد، چیرتا ہوا، ماتھے میں، چھونے پر,1,1,یکساں
r5400,"PAIN, tearing, forehead, waking, on","PAIN, headache in general, Tearing, rending, Forehead, waking, on",سر — درد، چیرتا ہوا، ماتھے میں، جاگنے پر,1,1,یکساں
r5401,"PAIN, tearing, forehead, warm room, in","PAIN, headache in general, Tearing, rending, Forehead, warm room, in",سر — درد، چیرتا ہوا، ماتھے میں، گرم کمرے میں,1,1,یکساں
r5402,"PAIN, tearing, forehead, extending to cervical muscles, then to right arm","PAIN, headache in general, Tearing, rending, Forehead, extending to cervical muscles, then to right arm",سر — درد، چیرتا ہوا، ماتھے سے گردن کے پٹھوں تک، پھر دائیں بازو تک,1,1,یکساں
r5412,"PAIN, tearing, forehead, eminence, frontal","PAIN, headache in general, Tearing, rending, Forehead, eminence, frontal",سر — درد، چیرتا ہوا، ماتھے کے ابھار میں,24,24,ماخذی مطابق کیے
r5437,"PAIN, tearing, forehead, middle of, morning","PAIN, headache in general, Tearing, rending, Forehead, middle of, morning",سر — درد، چیرتا ہوا، ماتھے میں، بیچ میں، صبح,1,1,یکساں
r5438,"PAIN, tearing, forehead, middle of, afternoon","PAIN, headache in general, Tearing, rending, Forehead, middle of, afternoon",سر — درد، چیرتا ہوا، ماتھے میں، بیچ میں، سہ پہر,1,1,یکساں
r5440,"PAIN, tearing, forehead, nose, above","PAIN, headache in general, Tearing, rending, Forehead, nose, above",سر — درد، چیرتا ہوا، ماتھے میں، ناک کے اوپر,6,6,یکساں
r5442,"PAIN, tearing, forehead, sides of, right","PAIN, headache in general, Tearing, rending, Forehead, sides of, right",سر — درد، چیرتا ہوا، ماتھے میں، پہلوؤں میں، دائیں طرف,7,7,یکساں
r5443,"PAIN, tearing, forehead, sides of, left","PAIN, headache in general, Tearing, rending, Forehead, sides of, left",سر — درد، چیرتا ہوا، ماتھے میں، پہلوؤں میں، بائیں طرف,5,5,یکساں
r5444,"PAIN, tearing, forehead, sides of, morning","PAIN, headache in general, Tearing, rending, Forehead, sides of, morning",سر — درد، چیرتا ہوا، ماتھے میں، پہلوؤں میں، صبح,1,1,یکساں
r5448,"PAIN, tearing, forehead, sides of, motion agg.","PAIN, headache in general, Tearing, rending, Forehead, sides of, motion agg.",سر — درد، چیرتا ہوا، ماتھے میں، پہلوؤں میں، حرکت سے بگاڑ,2,2,یکساں
r5456,"PAIN, tearing, occiput, morning, on rising","PAIN, headache in general, Tearing, rending, Occiput, morning, on rising",سر — درد، چیرتا ہوا، گدی میں، صبح اٹھتے وقت,1,1,یکساں
r5458,"PAIN, tearing, occiput, afternoon, 2 p.m.","PAIN, headache in general, Tearing, rending, Occiput, afternoon, 2 p.m.",سر — درد، چیرتا ہوا، گدی میں، سہ پہر 2 بجے,1,1,یکساں
r5462,"PAIN, tearing, occiput, bending head backward, amel.","PAIN, headache in general, Tearing, rending, Occiput, bending head backward, amel.",سر — درد، چیرتا ہوا، گدی میں، سر پیچھے جھکانے سے آرام,1,1,یکساں
r5465,"PAIN, tearing, occiput, heat, during","PAIN, headache in general, Tearing, rending, Occiput, heat, during",سر — درد، چیرتا ہوا، گدی میں، بخار کی گرمی کے دوران,1,1,یکساں
r5466,"PAIN, tearing, occiput, house, on entering","PAIN, headache in general, Tearing, rending, Occiput, house, on entering",سر — درد، چیرتا ہوا، گدی میں، گھر، داخل ہونے پر,1,1,یکساں
r5467,"PAIN, tearing, occiput, laughing, from","PAIN, headache in general, Tearing, rending, Occiput, laughing, from",سر — درد، چیرتا ہوا، گدی میں، ہنسنے سے,1,1,یکساں
r5468,"PAIN, tearing, occiput, lying, while","PAIN, headache in general, Tearing, rending, Occiput, lying, while",سر — درد، چیرتا ہوا، گدی میں، لیٹے ہوئے,1,1,یکساں
r5471,"PAIN, tearing, occiput, moving head forward, on","PAIN, headache in general, Tearing, rending, Occiput, moving head forward, on",سر — درد، چیرتا ہوا، گدی میں، سر آگے کو ہلانے پر,1,1,یکساں
r5478,"PAIN, tearing, occiput, spots, in","PAIN, headache in general, Tearing, rending, Occiput, spots, in",سر — درد، چیرتا ہوا، گدی میں، دھبوں میں,1,1,یکساں
r5482,"PAIN, tearing, occiput, walking, while","PAIN, headache in general, Tearing, rending, Occiput, walking, while",سر — درد، چیرتا ہوا، گدی میں، چلتے ہوئے,2,2,یکساں
r5494,"PAIN, tearing, occiput, sides of, right","PAIN, headache in general, Tearing, rending, Occiput, sides of, right",سر — درد، چیرتا ہوا، گدی کے دائیں پہلو میں,4,4,یکساں
r5495,"PAIN, tearing, occiput, sides of, left","PAIN, headache in general, Tearing, rending, Occiput, sides of, left",سر — درد، چیرتا ہوا، گدی کے بائیں پہلو میں,2,2,یکساں
r5496,"PAIN, tearing, occiput, sides of, morning","PAIN, headache in general, Tearing, rending, Occiput, sides of, morning",سر — درد، چیرتا ہوا، گدی کے پہلوؤں میں، صبح,2,2,یکساں
r5497,"PAIN, tearing, occiput, sides of, evening","PAIN, headache in general, Tearing, rending, Occiput, sides of, evening",سر — درد، چیرتا ہوا، گدی کے پہلوؤں میں، شام,2,2,یکساں
r5498,"PAIN, tearing, occiput, sides of, bending head backward amel.","PAIN, headache in general, Tearing, rending, Occiput, sides of, bending head backward amel.",سر — درد، چیرتا ہوا، گدی کے پہلوؤں میں، سر پیچھے جھکانے سے آرام,1,1,یکساں
r5499,"PAIN, tearing, occiput, sides of, cold draft","PAIN, headache in general, Tearing, rending, Occiput, sides of, cold draft",سر — درد، چیرتا ہوا، گدی کے پہلوؤں میں، ٹھنڈی ہوا کے جھونکے سے,1,1,یکساں
r5500,"PAIN, tearing, occiput, sides of, damp weather","PAIN, headache in general, Tearing, rending, Occiput, sides of, damp weather",سر — درد، چیرتا ہوا، گدی کے پہلوؤں میں، نم موسم میں,1,1,یکساں
r5502,"PAIN, tearing, occiput, sides of, motion agg.","PAIN, headache in general, Tearing, rending, Occiput, sides of, motion agg.",سر — درد، چیرتا ہوا، گدی کے پہلوؤں میں، حرکت سے بگاڑ,1,1,یکساں
r5503,"PAIN, tearing, occiput, sides of, moving head to left","PAIN, headache in general, Tearing, rending, Occiput, sides of, moving head to left",سر — درد، چیرتا ہوا، گدی کے پہلوؤں میں، سر بائیں طرف ہلانے پر,1,1,یکساں
r5504,"PAIN, tearing, occiput, sides of, paroxysmal","PAIN, headache in general, Tearing, rending, Occiput, sides of, paroxysmal",سر — درد، چیرتا ہوا، گدی کے پہلوؤں میں، دوروں کی شکل میں,1,1,یکساں
r5506,"PAIN, tearing, occiput, sides of, shooting back and forth","PAIN, headache in general, Tearing, rending, Occiput, sides of, shooting back and forth",سر — درد، چیرتا ہوا، گدی کے پہلوؤں میں، آگے پیچھے دوڑتا ہوا,1,1,یکساں
r5507,"PAIN, tearing, occiput, sides of, twitching","PAIN, headache in general, Tearing, rending, Occiput, sides of, twitching",سر — درد، چیرتا ہوا، گدی کے پہلوؤں میں، پھڑکتا ہوا,2,2,یکساں
r5509,"PAIN, tearing, occiput, sides of, warm bed amel.","PAIN, headache in general, Tearing, rending, Occiput, sides of, warm bed amel.",سر — درد، چیرتا ہوا، گدی کے پہلوؤں میں، گرم بستر سے آرام,1,1,یکساں
r5519,"PAIN, tearing, sides, afternoon, 2 p.m.","PAIN, headache in general, Tearing, rending, Sides, afternoon, 2 p.m.",سر — درد، چیرتا ہوا، پہلوؤں میں، سہ پہر 2 بجے,2,2,یکساں
r5521,"PAIN, tearing, sides, evening, amel.","PAIN, headache in general, Tearing, rending, Sides, evening, amel.",سر — درد، چیرتا ہوا، پہلوؤں میں، شام کو آرام,1,1,یکساں
r5524,"PAIN, tearing, sides, air, cold","PAIN, headache in general, Tearing, rending, Sides, air, cold",سر — درد، چیرتا ہوا، پہلوؤں میں، ٹھنڈی ہوا,3,3,یکساں
r5525,"PAIN, tearing, sides, bed, in","PAIN, headache in general, Tearing, rending, Sides, bed, in",سر — درد، چیرتا ہوا، پہلوؤں میں، بستر میں,1,1,یکساں
r5528,"PAIN, tearing, sides, dinner, after","PAIN, headache in general, Tearing, rending, Sides, dinner, after",سر — درد، چیرتا ہوا، پہلوؤں میں، دوپہر کے کھانے کے بعد,3,3,یکساں
r5531,"PAIN, tearing, sides, lie down, must","PAIN, headache in general, Tearing, rending, Sides, lie down, must",سر — درد، چیرتا ہوا، پہلوؤں میں، لیٹنا پڑتا ہے,1,1,یکساں
r5533,"PAIN, tearing, sides, menses, during","PAIN, headache in general, Tearing, rending, Sides, menses, during",سر — درد، چیرتا ہوا، پہلوؤں میں، حیض کے دوران,2,2,یکساں
r5534,"PAIN, tearing, sides, motion, on","PAIN, headache in general, Tearing, rending, Sides, motion, on",سر — درد، چیرتا ہوا، پہلوؤں میں، حرکت پر,1,1,یکساں
r5536,"PAIN, tearing, sides, reading, while (in mastoid)","PAIN, headache in general, Tearing, rending, Sides, reading, while (in mastoid)",سر — درد، چیرتا ہوا، پہلوؤں میں، پڑھتے ہوئے (کان کے پیچھے کی ہڈی میں),1,1,یکساں
r5537,"PAIN, tearing, sides, rising, on","PAIN, headache in general, Tearing, rending, Sides, rising, on",سر — درد، چیرتا ہوا، پہلوؤں میں، اٹھنے پر,1,1,یکساں
r5539,"PAIN, tearing, sides, sitting, while","PAIN, headache in general, Tearing, rending, Sides, sitting, while",سر — درد، چیرتا ہوا، پہلوؤں میں، بیٹھے ہوئے,3,3,یکساں
r5540,"PAIN, tearing, sides, spots, in","PAIN, headache in general, Tearing, rending, Sides, spots, in",سر — درد، چیرتا ہوا، پہلوؤں میں، دھبوں میں,1,1,یکساں
r5543,"PAIN, tearing, sides, stooping, on","PAIN, headache in general, Tearing, rending, Sides, stooping, on",سر — درد، چیرتا ہوا، پہلوؤں میں، جھکنے پر,2,2,یکساں
r5545,"PAIN, tearing, sides, walking, while","PAIN, headache in general, Tearing, rending, Sides, walking, while",سر — درد، چیرتا ہوا، پہلوؤں میں، چلتے ہوئے,2,2,یکساں
r5560,"PAIN, tearing, temples, left, to side of head","PAIN, headache in general, Tearing, rending, Temples, left, to side of head",سر — درد، چیرتا ہوا، بائیں کنپٹی سے سر کے پہلو تک,1,1,یکساں
r5565,"PAIN, tearing, temples, afternoon, 1 p.m.","PAIN, headache in general, Tearing, rending, Temples, afternoon, 1 p.m.",سر — درد، چیرتا ہوا، کنپٹیوں میں، سہ پہر 1 بجے,1,1,یکساں
r5566,"PAIN, tearing, temples, afternoon, 4 p.m.","PAIN, headache in general, Tearing, rending, Temples, afternoon, 4 p.m.",سر — درد، چیرتا ہوا، کنپٹیوں میں، سہ پہر 4 بجے,2,2,یکساں
r5569,"PAIN, tearing, temples, evening, 6 p.m.","PAIN, headache in general, Tearing, rending, Temples, evening, 6 p.m.",سر — درد، چیرتا ہوا، کنپٹیوں میں، شام 6 بجے,1,1,یکساں
r5573,"PAIN, tearing, temples, breakfast, during","PAIN, headache in general, Tearing, rending, Temples, breakfast, during",سر — درد، چیرتا ہوا، کنپٹیوں میں، ناشتے کے دوران,1,1,یکساں
r5575,"PAIN, tearing, temples, chill, during","PAIN, headache in general, Tearing, rending, Temples, chill, during",سر — درد، چیرتا ہوا، کنپٹیوں میں، سردی لگنے کے دوران,1,1,یکساں
r5577,"PAIN, tearing, temples, cough, during","PAIN, headache in general, Tearing, rending, Temples, cough, during",سر — درد، چیرتا ہوا، کنپٹیوں میں، کھانسی کے دوران,2,2,یکساں
r5578,"PAIN, tearing, temples, dinner, during","PAIN, headache in general, Tearing, rending, Temples, dinner, during",سر — درد، چیرتا ہوا، کنپٹیوں میں، دوپہر کے کھانے کے دوران,2,2,یکساں
r5579,"PAIN, tearing, temples, eating, while","PAIN, headache in general, Tearing, rending, Temples, eating, while",سر — درد، چیرتا ہوا، کنپٹیوں میں، کھاتے ہوئے,1,1,یکساں
r5583,"PAIN, tearing, temples, lain on, in side","PAIN, headache in general, Tearing, rending, Temples, lain on, in side",سر — درد، چیرتا ہوا، کنپٹیوں میں، جس طرف لیٹے,1,1,یکساں
r5584,"PAIN, tearing, temples, menses, during","PAIN, headache in general, Tearing, rending, Temples, menses, during",سر — درد، چیرتا ہوا، کنپٹیوں میں، حیض کے دوران,2,2,یکساں
r5585,"PAIN, tearing, temples, motion, during","PAIN, headache in general, Tearing, rending, Temples, motion, during",سر — درد، چیرتا ہوا، کنپٹیوں میں، حرکت کے دوران,4,4,یکساں
r5590,"PAIN, tearing, temples, raising eyes, on","PAIN, headache in general, Tearing, rending, Temples, raising eyes, on",سر — درد، چیرتا ہوا، کنپٹیوں میں، آنکھیں اوپر اٹھانے پر,1,1,یکساں
r5592,"PAIN, tearing, temples, spots, in","PAIN, headache in general, Tearing, rending, Temples, spots, in",سر — درد، چیرتا ہوا، کنپٹیوں میں، دھبوں میں,2,2,یکساں
r5593,"PAIN, tearing, temples, stooping, when","PAIN, headache in general, Tearing, rending, Temples, stooping, when",سر — درد، چیرتا ہوا، کنپٹیوں میں، جھکنے پر,1,1,یکساں
r5596,"PAIN, tearing, temples, walking, while","PAIN, headache in general, Tearing, rending, Temples, walking, while",سر — درد، چیرتا ہوا، کنپٹیوں میں، چلتے ہوئے,2,2,یکساں
r5618,"PAIN, tearing, vertex, evening, 7 p.m.","PAIN, headache in general, Tearing, rending, Vertex, evening, 7 p.m.",سر — درد، چیرتا ہوا، چوٹی میں، شام 7 بجے,1,1,یکساں
r5620,"PAIN, tearing, vertex, night, 10-30 p.m.","PAIN, headache in general, Tearing, rending, Vertex, night, 10-30 p.m.",سر — درد، چیرتا ہوا، چوٹی میں، رات ساڑھے 10 بجے,1,1,یکساں
r5621,"PAIN, tearing, vertex, dinner, after","PAIN, headache in general, Tearing, rending, Vertex, dinner, after",سر — درد، چیرتا ہوا، چوٹی میں، دوپہر کے کھانے کے بعد,1,1,یکساں
r5622,"PAIN, tearing, vertex, eating, after","PAIN, headache in general, Tearing, rending, Vertex, eating, after",سر — درد، چیرتا ہوا، چوٹی میں، کھانے کے بعد,2,2,یکساں
r5623,"PAIN, tearing, vertex, lying while, amel.","PAIN, headache in general, Tearing, rending, Vertex, lying while, amel.",سر — درد، چیرتا ہوا، چوٹی میں، لیٹے ہوئے آرام,1,1,یکساں
r5624,"PAIN, tearing, vertex, menses, during","PAIN, headache in general, Tearing, rending, Vertex, menses, during",سر — درد، چیرتا ہوا، چوٹی میں، حیض کے دوران,3,3,یکساں
r5627,"PAIN, tearing, vertex, sitting, while","PAIN, headache in general, Tearing, rending, Vertex, sitting, while",سر — درد، چیرتا ہوا، چوٹی میں، بیٹھے ہوئے,1,1,یکساں
r5628,"PAIN, tearing, vertex, standing, while","PAIN, headache in general, Tearing, rending, Vertex, standing, while",سر — درد، چیرتا ہوا، چوٹی میں، کھڑے ہوئے,1,1,یکساں
r5629,"PAIN, tearing, vertex, writing, while","PAIN, headache in general, Tearing, rending, Vertex, writing, while",سر — درد، چیرتا ہوا، چوٹی میں، لکھتے ہوئے,1,1,یکساں
r5782,"PULSATING, night, bed, in, before sleep","PULSATING, beating, throbbing (See Bursting, Congestion, Hammering), night, bed, in, before sleep",سر — دھڑکن، رات بستر میں، سونے سے پہلے,1,1,یکساں
r5918,"PULSATING, forehead, morning, rising, on","PULSATING, beating, throbbing (See Bursting, Congestion, Hammering), Forehead, morning, rising, on",سر — دھڑکن، ماتھے میں، صبح اٹھتے وقت,2,2,یکساں
r5919,"PULSATING, forehead, morning, waking, on","PULSATING, beating, throbbing (See Bursting, Congestion, Hammering), Forehead, morning, waking, on",سر — دھڑکن، ماتھے میں، صبح جاگنے پر,2,2,یکساں
r5928,"PULSATING, forehead, air, open, amel.","PULSATING, beating, throbbing (See Bursting, Congestion, Hammering), Forehead, air, open, amel.",سر — دھڑکن، ماتھے میں، کھلی ہوا میں آرام,4,4,یکساں
r5953,"PULSATING, forehead, eminence frontal, afternoon, 4 p.m.","PULSATING, beating, throbbing (See Bursting, Congestion, Hammering), Forehead, eminence frontal, afternoon, 4 p.m.",سر — دھڑکن، ماتھے کے ابھار میں، سہ پہر 4 بجے,1,1,یکساں
r5955,"PULSATING, forehead, eminence frontal, evening, 6 p.m.","PULSATING, beating, throbbing (See Bursting, Congestion, Hammering), Forehead, eminence frontal, evening, 6 p.m.",سر — دھڑکن، ماتھے کے ابھار میں، شام 6 بجے,1,1,یکساں
r5956,"PULSATING, forehead, eminence frontal, evening, 8 p.m.","PULSATING, beating, throbbing (See Bursting, Congestion, Hammering), Forehead, eminence frontal, evening, 8 p.m.",سر — دھڑکن، ماتھے کے ابھار میں، رات 8 بجے,1,1,یکساں
r5959,"PULSATING, forehead, root of nose, above, forenoon","PULSATING, beating, throbbing (See Bursting, Congestion, Hammering), Forehead, root of nose, above, forenoon",سر — دھڑکن، ناک کی جڑ کے اوپر، دوپہر سے پہلے,1,1,یکساں
r5960,"PULSATING, forehead, root of nose, above, walking amel.","PULSATING, beating, throbbing (See Bursting, Congestion, Hammering), Forehead, root of nose, above, walking amel.",سر — دھڑکن، ناک کی جڑ کے اوپر، چلنے سے آرام,1,1,یکساں
r5992,"PULSATING, occiput, sides of, evening, in bed","PULSATING, beating, throbbing (See Bursting, Congestion, Hammering), Occiput, sides of, evening, in bed",سر — دھڑکن، گدی کے پہلوؤں میں، شام بستر میں,1,1,یکساں
r5993,"PULSATING, occiput, sides of, rising, on","PULSATING, beating, throbbing (See Bursting, Congestion, Hammering), Occiput, sides of, rising, on",سر — دھڑکن، گدی کے پہلوؤں میں، اٹھنے پر,1,1,یکساں
r6008,"PULSATING, sides, house, in, amel.","PULSATING, beating, throbbing (See Bursting, Congestion, Hammering), Sides, house, in, amel.",سر — دھڑکن، پہلوؤں میں، گھر کے اندر آرام,1,1,یکساں
r3938,"PAIN, pressing, mental exertion, from","PAIN, headache in general, Pressing (See Bursting, Drawing), mental exertion, from",سر — درد، دبانے والا، ذہنی محنت سے,31,30,ماخذی مطابق کیے
o41014,"PAIN, forehead, eminence, frontal, air, draft of, in","PAIN, headache in general, Forehead, in, eminence, frontal, air open, amel., draft of, in",سر — درد، ماتھے کے ابھار میں، ہوا کے جھونکے میں,1,1,یکساں
o41083,"PAIN, forehead, eyes, above, air, open, amel.","PAIN, headache in general, Forehead, in, eyes, above, air, open, in, amel.",سر — درد، آنکھوں کے اوپر، کھلی ہوا میں آرام,5,5,یکساں
o41140,"PAIN, forehead, eyes, above, menses, during, amel.","PAIN, headache in general, Forehead, in, eyes, above, menses, before, during, amel.",سر — درد، آنکھوں کے اوپر، حیض کے دوران آرام,1,1,یکساں
o41171,"PAIN, forehead, eyes, above, walking, in open air, amel.","PAIN, headache in general, Forehead, in, eyes, above, walking, while, in open air, amel.",سر — درد، آنکھوں کے اوپر، کھلی ہوا میں چلنے سے آرام,5,5,یکساں
o42476,"PAIN, pressing, vertex, extending, spine, to, no pain","PAIN, headache in general, Pressing (See Bursting, Drawing), Vertex, extending, eye, to, spine, to, no pain",سر — درد، دبانے والا، چوٹی سے ریڑھ کی ہڈی تک، بغیر درد کے,1,1,یکساں
o43104,"PAIN, stitching, forehead, eminence frontal, extending, ear, into","PAIN, headache in general, Stitching, Forehead, eminence frontal, extending, brain, to, ear, into",سر — درد، چبھتا ہوا، ماتھے میں، ماتھے کے ابھار میں، کان تک، میں,1,1,یکساں
o43105,"PAIN, stitching, forehead, eminence frontal, extending, nose, to","PAIN, headache in general, Stitching, Forehead, eminence frontal, extending, brain, to, nose, to",سر — درد، چبھتا ہوا، ماتھے میں، ماتھے کے ابھار میں، ناک تک,1,1,یکساں
o43604,"PAIN, tearing, forehead, extending, neck, down, into face and teeth","PAIN, headache in general, Tearing, rending, Forehead, extending to cervical muscles, then to right arm, neck, down, into face and teeth",سر — درد، چیرتا ہوا، ماتھے سے گردن میں نیچے چہرے اور دانتوں تک,1,1,یکساں
o43737,"PAIN, tearing, occiput, sides of, extending, head, to","PAIN, headache in general, Tearing, rending, Occiput, sides of, extending forehead, to, head, to",سر — درد، چیرتا ہوا، گدی کے پہلوؤں میں، سر تک,3,3,یکساں
o43738,"PAIN, tearing, occiput, sides of, extending, neck, to","PAIN, headache in general, Tearing, rending, Occiput, sides of, extending forehead, to, neck, to",سر — درد، چیرتا ہوا، گدی کے پہلوؤں میں، گردن تک,1,1,یکساں
r3033,"PAIN, boring, forehead, eyes, over, forenoon, 10 a.m.","PAIN, headache in general, Boring, digging, screwing, Forehead, eyes, over, forenoon, 10 a.m.",سر — درد، برما سا، آنکھوں کے اوپر، صبح 10 بجے,1,1,یکساں
o39402,"HAIR, falling, spots in","HAIR baldness, falling, spots in",سر — بال گرنا، جگہ جگہ سے,10,9,ماخذی مطابق کیے
r463,"ERUPTION, boils","ERUPTION, boils",سر — دانے، پھنسیاں (سر کی کھال پر)، پھوڑے,20,18,ماخذی مطابق کیے
r4409,"PAIN, pressing, vertex","PAIN, headache in general, Pressing (See Bursting, Drawing), Vertex",سر — درد، دبانے والا، چوٹی میں,164,161,ماخذی مطابق کیے
r4016,"PAIN, pressing, brain, as if bound up","PAIN, headache in general, Pressing (See Bursting, Drawing), Brain, as if bound up",سر — درد، دبانے والا، دماغ میں، جیسے باندھ دیا ہو,49,47,ماخذی مطابق کیے
r4581,"PAIN, shooting, sides","PAIN, headache in general, Shooting (See Cutting, Lancinating, Shocks, Stitches, etc.), Sides",سر — درد، دوڑتا ہوا (تیر جیسا)، پہلوؤں میں,40,39,ماخذی مطابق کیے
r3190,"PAIN, burning, vertex","PAIN, headache in general, Burning, Vertex",سر — درد، جلتا ہوا، چوٹی میں,39,38,ماخذی مطابق کیے
r4291,"PAIN, pressing, sides, right","PAIN, headache in general, Pressing (See Bursting, Drawing), Sides, right",سر — درد، دبانے والا، دائیں پہلو میں,23,22,ماخذی مطابق کیے
o38796,"COLDNESS, lying, while, amel.","COLDNESS, chilliness, etc., lying, while, amel.",سر — ٹھنڈک، لیٹے ہوئے آرام,1,1,یکساں
o39426,"HEAT, air, surrounded by hot, as if","HEAT, air, in open, agg., surrounded by hot, as if",سر — گرمی، جیسے گرم ہوا نے گھیر رکھا ہو,1,1,یکساں
o39491,"HEAT, hot, iron around, as if from a","HEAT, hot body, as if, fell forwards, iron around, as if from a",سر — گرمی، جیسے گرد گرم لوہا ہو,1,1,یکساں
o39493,"HEAT, hot, water thrown on scalp and penetrating to brain, as from","HEAT, hot body, as if, fell forwards, water thrown on scalp and penetrating to brain, as from",سر — گرمی، جیسے سر کی کھال پر گرم پانی پھینکا گیا ہو جو دماغ تک اترے,1,1,یکساں
o39617,"HEAVINESS (See Pressing), falls, down, as if brain would","HEAVINESS (See Pressing), falls, backward, head, down, as if brain would",سر — بھاری پن، جیسے دماغ نیچے گر پڑے گا,4,4,یکساں
o39618,"HEAVINESS (See Pressing), falls, forward, as if brain would","HEAVINESS (See Pressing), falls, backward, head, forward, as if brain would",سر — بھاری پن، جیسے دماغ آگے کو گر پڑے گا,4,4,یکساں
o39644,"HEAVINESS (See Pressing), forehead, weight, sank down in it","HEAVINESS (See Pressing), Forehead, weight pressed forward in, as if a, must hold head upright, sank down in it",سر — بھاری پن، ماتھے میں، جیسے وزن اس میں دھنس گیا ہو,1,1,یکساں
o39662,"HEAVINESS (See Pressing), lying, side, right on","HEAVINESS (See Pressing), lying, while, side, on, right on",سر — بھاری پن، دائیں پہلو لیٹنے پر,1,1,یکساں
o39913,"MOTIONS, in head, ascending stairs, while","MOTIONS, movements, etc., in head (See Knocking, Looseness, Shaking, Waving, etc.), ascending stairs, while",سر — سر میں حرکت، سیڑھیاں چڑھتے ہوئے,5,5,یکساں
o39917,"MOTIONS, in head, coughing, when","MOTIONS, movements, etc., in head (See Knocking, Looseness, Shaking, Waving, etc.), coughing, when",سر — سر میں حرکت، کھانستے وقت,7,7,یکساں
o39918,"MOTIONS, in head, drawing load, while","MOTIONS, movements, etc., in head (See Knocking, Looseness, Shaking, Waving, etc.), drawing load, while",سر — سر میں حرکت، بوجھ کھینچتے ہوئے,1,1,یکساں
o39919,"MOTIONS, in head, drinking, when","MOTIONS, movements, etc., in head (See Knocking, Looseness, Shaking, Waving, etc.), drinking, when",سر — سر میں حرکت، پیتے وقت,2,2,یکساں
o39923,"MOTIONS, in head, leaning, when","MOTIONS, movements, etc., in head (See Knocking, Looseness, Shaking, Waving, etc.), leaning, when",سر — سر میں حرکت، ٹیک لگانے پر,1,1,یکساں
o39925,"MOTIONS, in head, menses, during","MOTIONS, movements, etc., in head (See Knocking, Looseness, Shaking, Waving, etc.), menses, during",سر — سر میں حرکت، حیض کے دوران,1,1,یکساں
o39932,"MOTIONS, in head, moving the head, by","MOTIONS, movements, etc., in head (See Knocking, Looseness, Shaking, Waving, etc.), moving the head, by",سر — سر میں حرکت، سر ہلانے سے,27,27,یکساں
o39935,"MOTIONS, in head, nodding the head, on","MOTIONS, movements, etc., in head (See Knocking, Looseness, Shaking, Waving, etc.), nodding the head, on",سر — سر میں حرکت، سر ہلا کر ہاں کرنے پر,1,1,یکساں
o39940,"MOTIONS, in head, room, while in","MOTIONS, movements, etc., in head (See Knocking, Looseness, Shaking, Waving, etc.), room, while in",سر — سر میں حرکت، کمرے میں ہوتے ہوئے,2,2,یکساں
o39943,"MOTIONS, in head, speaking, while","MOTIONS, movements, etc., in head (See Knocking, Looseness, Shaking, Waving, etc.), speaking, while",سر — سر میں حرکت، بولتے ہوئے,3,3,یکساں
o39944,"MOTIONS, in head, standing, while","MOTIONS, movements, etc., in head (See Knocking, Looseness, Shaking, Waving, etc.), standing, while",سر — سر میں حرکت، کھڑے ہوئے,1,1,یکساں
o39945,"MOTIONS, in head, step, making a","MOTIONS, movements, etc., in head (See Knocking, Looseness, Shaking, Waving, etc.), step, making a",سر — سر میں حرکت، قدم اٹھانے پر,9,9,یکساں
o39946,"MOTIONS, in head, stool, while at","MOTIONS, movements, etc., in head (See Knocking, Looseness, Shaking, Waving, etc.), stool, while at",سر — سر میں حرکت، پاخانے کے وقت,1,1,یکساں
o39947,"MOTIONS, in head, stooping, on","MOTIONS, movements, etc., in head (See Knocking, Looseness, Shaking, Waving, etc.), stooping, on",سر — سر میں حرکت، جھکنے پر,17,17,یکساں
o39948,"MOTIONS, in head, stumbling, from","MOTIONS, movements, etc., in head (See Knocking, Looseness, Shaking, Waving, etc.), stumbling, from",سر — سر میں حرکت، ٹھوکر لگنے سے,5,5,یکساں
o39951,"MOTIONS, in head, turning head, when","MOTIONS, movements, etc., in head (See Knocking, Looseness, Shaking, Waving, etc.), turning head, when",سر — سر میں حرکت، سر گھمانے پر,5,5,یکساں
o39952,"MOTIONS, in head, waking, on","MOTIONS, movements, etc., in head (See Knocking, Looseness, Shaking, Waving, etc.), waking, on",سر — سر میں حرکت، جاگنے پر,3,3,یکساں
o39954,"MOTIONS, in head, walking, while","MOTIONS, movements, etc., in head (See Knocking, Looseness, Shaking, Waving, etc.), walking, while",سر — سر میں حرکت، چلتے ہوئے,28,28,یکساں
o40060,"PAIN, bending head, to painful side, while","PAIN, headache in general, bending head backward, while, to painful side, while",سر — درد، سر دکھتی طرف جھکانے پر,2,2,یکساں
o40256,"PAIN, breathing, holding the breath, when","PAIN, headache in general, breathing deeply, on, holding the breath, when",سر — درد، سانس روکنے پر,1,1,یکساں
o40303,"PAIN, burning, lying, in bed agg.","PAIN, headache in general, Burning, lying on back, while, in bed agg.",سر — درد، جلتا ہوا، بستر میں لیٹے ہوئے بگاڑ,1,1,یکساں
o40982,"PAIN, forehead, alternating, from side to side","PAIN, headache in general, Forehead, in, alternating with pain in small of back, from side to side",سر — درد، ماتھے میں، باری باری ایک طرف سے دوسری طرف,3,3,یکساں
o40983,"PAIN, forehead, alternating, gouty pain in joints","PAIN, headache in general, Forehead, in, alternating with pain in small of back, gouty pain in joints",سر — درد، ماتھے میں، باری باری جوڑوں کے نقرسی درد کے ساتھ,1,1,یکساں
o40998,"PAIN, forehead, cold applications, hand amel.","PAIN, headache in general, Forehead, in, cold applications amel., hand amel.",سر — درد، ماتھے میں، ٹھنڈے ہاتھ سے آرام,1,1,یکساں
o41070,"PAIN, forehead, extending, outward","PAIN, headache in general, Forehead, in, extending backward, outward",سر — درد، ماتھے سے باہر کی طرف,2,2,یکساں
o41071,"PAIN, forehead, extending, over whole head","PAIN, headache in general, Forehead, in, extending backward, over whole head",سر — درد، ماتھے سے پورے سر پر,5,5,یکساں
o41098,"PAIN, forehead, eyes, above, eating, amel.","PAIN, headache in general, Forehead, in, eyes, above, eating, after, amel.",سر — درد، آنکھوں کے اوپر، کھانے سے آرام,1,1,یکساں
o41136,"PAIN, forehead, eyes, above, lying down, amel.","PAIN, headache in general, Forehead, in, eyes, above, lying down, after, amel.",سر — درد، آنکھوں کے اوپر، لیٹنے سے آرام,2,2,یکساں
o41137,"PAIN, forehead, eyes, above, menses, after","PAIN, headache in general, Forehead, in, eyes, above, menses, before, after",سر — درد، آنکھوں کے اوپر، حیض کے بعد,1,1,یکساں
o41147,"PAIN, forehead, eyes, above, motion, amel.","PAIN, headache in general, Forehead, in, eyes, above, motion, during, amel.",سر — درد، آنکھوں کے اوپر، حرکت سے آرام,2,2,یکساں
o41170,"PAIN, forehead, eyes, above, walking, amel.","PAIN, headache in general, Forehead, in, eyes, above, walking, while, amel.",سر — درد، آنکھوں کے اوپر، چلنے سے آرام,1,1,یکساں
o41195,"PAIN, forehead, left, extending to right side","PAIN, headache in general, Forehead, in, left side, extending to right side",سر — درد، ماتھے کے بائیں حصے سے دائیں طرف تک,7,7,یکساں
o41262,"PAIN, forehead, right, afternoon","PAIN, headache in general, Forehead, in, right side, afternoon",سر — درد، ماتھے میں، دائیں طرف، سہ پہر,2,2,یکساں
o41263,"PAIN, forehead, right, evening","PAIN, headache in general, Forehead, in, right side, evening",سر — درد، ماتھے میں، دائیں طرف، شام,5,5,یکساں
o41265,"PAIN, forehead, right, extending to left side","PAIN, headache in general, Forehead, in, right side, extending to left side",سر — درد، ماتھے کے دائیں حصے سے بائیں طرف تک,9,9,یکساں
o41267,"PAIN, forehead, right, forenoon","PAIN, headache in general, Forehead, in, right side, forenoon",سر — درد، ماتھے میں، دائیں طرف، دوپہر سے پہلے,2,2,یکساں
o41268,"PAIN, forehead, right, morning on waking","PAIN, headache in general, Forehead, in, right side, morning on waking",سر — درد، ماتھے میں، دائیں طرف، صبح جاگنے پر,2,2,یکساں
o41269,"PAIN, forehead, right, night","PAIN, headache in general, Forehead, in, right side, night",سر — درد، ماتھے میں، دائیں طرف، رات,1,1,یکساں
o41506,"PAIN, lying, in a dark room, amel.","PAIN, headache in general, lying, while, in a dark room agg., amel.",سر — درد، لیٹنا، اندھیرے کمرے میں لیٹنے سے آرام,9,9,یکساں
o41509,"PAIN, lying, side, on, left, amel.","PAIN, headache in general, lying, while, side, on, while, left, amel.",سر — درد، لیٹنا، بائیں پہلو لیٹنے سے آرام,1,1,یکساں
o41512,"PAIN, lying, side, on, painless side, amel.","PAIN, headache in general, lying, while, side, on, while, painless side, amel.",سر — درد، لیٹنا، بے درد پہلو پر لیٹنے سے آرام,2,2,یکساں
o41514,"PAIN, lying, side, on, right, amel.","PAIN, headache in general, lying, while, side, on, while, right, amel.",سر — درد، لیٹنا، دائیں پہلو لیٹنے سے آرام,3,3,یکساں
o41861,"PAIN, periodic, afternoon, 2 p.m. to bed time","PAIN, headache in general, periodic headache, afternoon, increasing until midnight, 2 p.m. to bed time",سر — درد، وقفے وقفے سے، باقاعدہ، سہ پہر 2 بجے سے سونے کے وقت تک,1,1,یکساں
o41862,"PAIN, periodic, afternoon, 4 p.m. to 3 a.m.","PAIN, headache in general, periodic headache, afternoon, increasing until midnight, 4 p.m. to 3 a.m.",سر — درد، وقفے وقفے سے باقاعدہ، سہ پہر 4 سے رات 3 بجے تک,1,1,یکساں
o41877,"PAIN, periodic, morning, 7 a.m.","PAIN, headache in general, periodic headache, morning, every, 7 a.m.",سر — درد، وقفے وقفے سے، باقاعدہ، صبح 7 بجے,1,1,یکساں
o41878,"PAIN, periodic, morning, 9 a.m. to 1 p.m.","PAIN, headache in general, periodic headache, morning, every, 9 a.m. to 1 p.m.",سر — درد، وقفے وقفے سے، باقاعدہ، صبح 9 سے سہ پہر 1 بجے تک,1,1,یکساں
o42317,"PAIN, pressing, sides, extending, forehead, to","PAIN, headache in general, Pressing (See Bursting, Drawing), Sides, extending, eyes, to, forehead, to",سر — درد، دبانے والا، پہلوؤں سے ماتھے تک,1,1,یکساں
o42318,"PAIN, pressing, sides, extending, temple, toward","PAIN, headache in general, Pressing (See Bursting, Drawing), Sides, extending, eyes, to, temple, toward",سر — درد، دبانے والا، پہلوؤں سے کنپٹی کی طرف,1,1,یکساں
o42473,"PAIN, pressing, vertex, extending, forehead, to","PAIN, headache in general, Pressing (See Bursting, Drawing), Vertex, extending, eye, to, forehead, to",سر — درد، دبانے والا، چوٹی سے ماتھے تک,4,4,یکساں
o42474,"PAIN, pressing, vertex, extending, occiput, to","PAIN, headache in general, Pressing (See Bursting, Drawing), Vertex, extending, eye, to, occiput, to",سر — درد، دبانے والا، چوٹی سے گدی تک,2,2,یکساں
o42475,"PAIN, pressing, vertex, extending, shoulder, to","PAIN, headache in general, Pressing (See Bursting, Drawing), Vertex, extending, eye, to, shoulder, to",سر — درد، دبانے والا، چوٹی سے کندھے تک,1,1,یکساں
o42552,"PAIN, resting head, on arm, amel.","PAIN, headache in general, resting head quietly on a cushion amel., on arm, while, amel.",سر — درد، سر بازو پر ٹکانے سے آرام,3,3,یکساں
o42693,"PAIN, shooting, sitting, amel.","PAIN, headache in general, Shooting (See Cutting, Lancinating, Shocks, Stitches, etc.), sitting up, while, amel.",سر — درد، دوڑتا ہوا (تیر جیسا)، بیٹھنے سے آرام,1,1,یکساں
o42823,"PAIN, sides, one side, ears, air, open","PAIN, headache in general, Occiput and Forehead, Sides, one side, ears, behind the, air, open",سر — درد، ایک پہلو میں، کان، کھلی ہوا میں,1,1,یکساں
o43106,"PAIN, stitching, forehead, eminence frontal, extending, outward","PAIN, headache in general, Stitching, Forehead, eminence frontal, extending, brain, to, outward",سر — درد، چبھتا ہوا، ماتھے میں، ماتھے کے ابھار میں، باہر کی طرف,1,1,یکساں
o43124,"PAIN, stitching, forehead, extending, eye, to","PAIN, headache in general, Stitching, Forehead, extending, ear, to, eye, to",سر — درد، چبھتا ہوا، ماتھے سے آنکھ تک,2,2,یکساں
o43125,"PAIN, stitching, forehead, extending, lower jaw, to","PAIN, headache in general, Stitching, Forehead, extending, ear, to, lower jaw, to",سر — درد، چبھتا ہوا، ماتھے سے نچلے جبڑے تک,1,1,یکساں
o43127,"PAIN, stitching, forehead, extending, nose, to","PAIN, headache in general, Stitching, Forehead, extending, ear, to, nose, to",سر — درد، چبھتا ہوا، ماتھے سے ناک تک,2,2,یکساں
o43128,"PAIN, stitching, forehead, extending, occiput, to","PAIN, headache in general, Stitching, Forehead, extending, ear, to, occiput, to",سر — درد، چبھتا ہوا، ماتھے سے گدی تک,4,4,یکساں
o43437,"PAIN, stitching, vertex, extending, head, to","PAIN, headache in general, Stitching, Vertex, extending, forehead, to, head, to",سر — درد، چبھتا ہوا، چوٹی سے سر تک,1,1,یکساں
o43439,"PAIN, stitching, vertex, extending, palate, into","PAIN, headache in general, Stitching, Vertex, extending, forehead, to, palate, into",سر — درد، چبھتا ہوا، چوٹی سے تالو کے اندر تک,1,1,یکساں
o43440,"PAIN, stitching, vertex, extending, pharynx, to","PAIN, headache in general, Stitching, Vertex, extending, forehead, to, pharynx, to",سر — درد، چبھتا ہوا، چوٹی سے حلق تک,1,1,یکساں
o43441,"PAIN, stitching, vertex, extending, temples, to","PAIN, headache in general, Stitching, Vertex, extending, forehead, to, temples, to",سر — درد، چبھتا ہوا، چوٹی سے کنپٹیوں تک,2,2,یکساں
o43541,"PAIN, tearing, bending head, forward amel.","PAIN, headache in general, Tearing, rending, bending head back agg., forward amel.",سر — درد، چیرتا ہوا، سر آگے جھکانے سے آرام,1,1,یکساں
o43564,"PAIN, tearing, extending, eye, left, in paroxysms","PAIN, headache in general, Tearing, rending, extending ear, to, eye, left, in paroxysms",سر — درد، چیرتا ہوا، بائیں آنکھ تک پھیلتا ہوا، دوروں کی شکل میں,1,1,یکساں
o43601,"PAIN, tearing, forehead, extending, chest, to","PAIN, headache in general, Tearing, rending, Forehead, extending to cervical muscles, then to right arm, chest, to",سر — درد، چیرتا ہوا، ماتھے سے سینے تک,1,1,یکساں
o43602,"PAIN, tearing, forehead, extending, eyes, to","PAIN, headache in general, Tearing, rending, Forehead, extending to cervical muscles, then to right arm, eyes, to",سر — درد، چیرتا ہوا، ماتھے سے آنکھوں تک,5,5,یکساں
o43603,"PAIN, tearing, forehead, extending, nape, to","PAIN, headache in general, Tearing, rending, Forehead, extending to cervical muscles, then to right arm, nape, to",سر — درد، چیرتا ہوا، ماتھے سے گردن کے پچھلے حصے تک,1,1,یکساں
o43606,"PAIN, tearing, forehead, extending, nose, to","PAIN, headache in general, Tearing, rending, Forehead, extending to cervical muscles, then to right arm, nose, to",سر — درد، چیرتا ہوا، ماتھے سے ناک تک,2,2,یکساں
o43607,"PAIN, tearing, forehead, extending, occiput, to","PAIN, headache in general, Tearing, rending, Forehead, extending to cervical muscles, then to right arm, occiput, to",سر — درد، چیرتا ہوا، ماتھے سے گدی تک,2,2,یکساں
o43608,"PAIN, tearing, forehead, extending, temple, to","PAIN, headache in general, Tearing, rending, Forehead, extending to cervical muscles, then to right arm, temple, to",سر — درد، چیرتا ہوا، ماتھے سے کنپٹی تک,2,2,یکساں
o43609,"PAIN, tearing, forehead, extending, vertex, to","PAIN, headache in general, Tearing, rending, Forehead, extending to cervical muscles, then to right arm, vertex, to",سر — درد، چیرتا ہوا، ماتھے سے چوٹی تک,3,3,یکساں
o43673,"PAIN, tearing, leaning, on table amel.","PAIN, headache in general, Tearing, rending, leaning head on hands amel., on table amel.",سر — درد، چیرتا ہوا، میز پر ٹیک لگانے سے آرام,1,1,یکساں
o43694,"PAIN, tearing, moving, head agg.","PAIN, headache in general, Tearing, rending, moving eyes agg., head agg.",سر — درد، چیرتا ہوا، سر ہلانے سے بگاڑ,1,1,یکساں
o43695,"PAIN, tearing, moving, upper lids","PAIN, headache in general, Tearing, rending, moving eyes agg., upper lids",سر — درد، چیرتا ہوا، اوپر کی پلکیں ہلانے پر,1,1,یکساں
o43724,"PAIN, tearing, occiput, motion agg.","PAIN, headache in general, Tearing, rending, Occiput, motion agg.",سر — درد، چیرتا ہوا، گدی میں، حرکت سے بگاڑ,5,5,یکساں
o43890,"PAIN, tearing, touch, amel.","PAIN, headache in general, Tearing, rending, touch agg., amel.",سر — درد، چیرتا ہوا، چھونے سے آرام,1,1,یکساں
o43922,"PAIN, tearing, warmth, room amel.","PAIN, headache in general, Tearing, rending, warmth of bed agg., room amel.",سر — درد، چیرتا ہوا، گرم کمرے میں آرام,1,1,یکساں
o44141,"PAIN, vertex, moving, head","PAIN, headache in general, Vertex, moving the eyes, on, head",سر — درد، چوٹی میں، سر ہلانے پر,1,1,یکساں
o44209,"PAIN, washing, cold water, amel.","PAIN, headache in general, washing head, from, cold water, amel.",سر — درد، ٹھنڈے پانی سے دھونے سے آرام,25,25,یکساں
o44210,"PAIN, washing, feet, amel.","PAIN, headache in general, washing head, from, feet, amel.",سر — درد، پاؤں دھونے سے آرام,1,1,یکساں
o44211,"PAIN, washing, hands, from","PAIN, headache in general, washing head, from, hands, from",سر — درد، ہاتھ دھونے سے,1,1,یکساں
o44482,"PULSATING, motion, moderate, amel.","PULSATING, beating, throbbing (See Bursting, Congestion, Hammering), motion agg., moderate, amel.",سر — دھڑکن، ہلکی حرکت سے آرام,2,2,یکساں
o44483,"PULSATING, motion, sudden, from","PULSATING, beating, throbbing (See Bursting, Congestion, Hammering), motion agg., sudden, from",سر — دھڑکن، اچانک حرکت سے,2,2,یکساں
o44497,"PULSATING, occiput, extending, forward","PULSATING, beating, throbbing (See Bursting, Congestion, Hammering), Occiput, extending to forehead, forward",سر — دھڑکن، گدی سے آگے کی طرف,4,4,یکساں
o44499,"PULSATING, occiput, extending, to frontal eminence","PULSATING, beating, throbbing (See Bursting, Congestion, Hammering), Occiput, extending to forehead, to frontal eminence",سر — دھڑکن، گدی سے ماتھے کے ابھار تک,1,1,یکساں
o44500,"PULSATING, occiput, extending, vertex","PULSATING, beating, throbbing (See Bursting, Congestion, Hammering), Occiput, extending to forehead, vertex",سر — دھڑکن، گدی سے چوٹی تک,1,1,یکساں
o44522,"PULSATING, occiput, walking, in open air amel.","PULSATING, beating, throbbing (See Bursting, Congestion, Hammering), Occiput, walking agg., in open air amel.",سر — دھڑکن، گدی میں، کھلی ہوا میں چلنے سے آرام,1,1,یکساں
o44649,"RAISE the head, unable to, lying on back, while","RAISE THE HEAD, difficult to, night, unable to, lying on back, while",سر — سر اٹھا نہیں سکتا، پیٹھ کے بل لیٹے ہوئے,2,2,یکساں
o44651,"RAISE the head, unable to, stooping, after","RAISE THE HEAD, difficult to, night, unable to, stooping, after",سر — سر اٹھا نہیں سکتا، جھکنے کے بعد,2,2,یکساں
o44683,"SEPARATED, bones, were, as if","SEPARATED from body, were, as if, bones, were, as if",سر — جیسے ہڈیاں الگ ہو گئی ہوں,2,2,یکساں
o44685,"SEPARATED, vertex, were, as if","SEPARATED from body, were, as if, vertex, were, as if",سر — جیسے چوٹی الگ ہو گئی ہو,1,1,یکساں
o44713,"SHOCKS, blows, ascending, on","SHOCKS, blows, jerks, etc. (See Jerking Pain, Pulsation, Plug, Nail), ascending, on",سر — ضربیں، اوپر چڑھنے پر,6,6,یکساں
o44715,"SHOCKS, blows, consciousness, on regaining","SHOCKS, blows, jerks, etc. (See Jerking Pain, Pulsation, Plug, Nail), consciousness, on regaining",سر — ضربیں، ہوش میں آتے وقت,1,1,یکساں
o44716,"SHOCKS, blows, coughing, when","SHOCKS, blows, jerks, etc. (See Jerking Pain, Pulsation, Plug, Nail), coughing, when",سر — ضربیں، کھانستے وقت,12,12,یکساں
o44717,"SHOCKS, blows, drinking cold water, on","SHOCKS, blows, jerks, etc. (See Jerking Pain, Pulsation, Plug, Nail), drinking cold water, on",سر — ضربیں، ٹھنڈا پانی پینے پر,1,1,یکساں
o44718,"SHOCKS, blows, eating, after","SHOCKS, blows, jerks, etc. (See Jerking Pain, Pulsation, Plug, Nail), eating, after",سر — ضربیں، کھانے کے بعد,1,1,یکساں
o44719,"SHOCKS, blows, electric, like","SHOCKS, blows, jerks, etc. (See Jerking Pain, Pulsation, Plug, Nail), electric, like",سر — ضربیں، بجلی کے جھٹکے جیسی,13,13,یکساں
o44722,"SHOCKS, blows, extending cheek, to","SHOCKS, blows, jerks, etc. (See Jerking Pain, Pulsation, Plug, Nail), extending cheek, to",سر — ضربیں، گال تک پھیلتی ہوئی,1,1,یکساں
o44729,"SHOCKS, blows, forehead, painful","SHOCKS, blows, jerks, etc. (See Jerking Pain, Pulsation, Plug, Nail), Forehead, painful",سر — ضربیں، ماتھے میں، دردناک,1,1,یکساں
o44731,"SHOCKS, blows, hawking, on","SHOCKS, blows, jerks, etc. (See Jerking Pain, Pulsation, Plug, Nail), hawking, on",سر — ضربیں، کھنکھارنے پر,1,1,یکساں
o44734,"SHOCKS, blows, lying, while","SHOCKS, blows, jerks, etc. (See Jerking Pain, Pulsation, Plug, Nail), lying, while",سر — ضربیں، لیٹے ہوئے,1,1,یکساں
o44735,"SHOCKS, blows, menses, during","SHOCKS, blows, jerks, etc. (See Jerking Pain, Pulsation, Plug, Nail), menses, during",سر — ضربیں، حیض کے دوران,1,1,یکساں
o44736,"SHOCKS, blows, mental exertion, after","SHOCKS, blows, jerks, etc. (See Jerking Pain, Pulsation, Plug, Nail), mental exertion, after",سر — ضربیں، ذہنی محنت کے بعد,1,1,یکساں
o44740,"SHOCKS, blows, motion, from","SHOCKS, blows, jerks, etc. (See Jerking Pain, Pulsation, Plug, Nail), motion, from",سر — ضربیں، حرکت سے,5,5,یکساں
o44742,"SHOCKS, blows, noise, from","SHOCKS, blows, jerks, etc. (See Jerking Pain, Pulsation, Plug, Nail), noise, from",سر — ضربیں، شور سے,1,1,یکساں
o44747,"SHOCKS, blows, occiput, mental exertion","SHOCKS, blows, jerks, etc. (See Jerking Pain, Pulsation, Plug, Nail), Occiput, mental exertion",سر — ضربیں، گدی میں، ذہنی محنت سے,1,1,یکساں
o44750,"SHOCKS, blows, pulse, at each beat of","SHOCKS, blows, jerks, etc. (See Jerking Pain, Pulsation, Plug, Nail), pulse, at each beat of",سر — ضربیں، نبض کی ہر دھڑکن پر,2,2,یکساں
o44751,"SHOCKS, blows, reading, from","SHOCKS, blows, jerks, etc. (See Jerking Pain, Pulsation, Plug, Nail), reading, from",سر — ضربیں، پڑھنے سے,1,1,یکساں
o44752,"SHOCKS, blows, regaining consciousness, on","SHOCKS, blows, jerks, etc. (See Jerking Pain, Pulsation, Plug, Nail), regaining consciousness, on",سر — ضربیں، ہوش میں آنے پر,1,1,یکساں
o44753,"SHOCKS, blows, running, while","SHOCKS, blows, jerks, etc. (See Jerking Pain, Pulsation, Plug, Nail), running, while",سر — ضربیں، دوڑتے ہوئے,1,1,یکساں
o44754,"SHOCKS, blows, shaking head, when","SHOCKS, blows, jerks, etc. (See Jerking Pain, Pulsation, Plug, Nail), shaking head, when",سر — ضربیں، سر ہلانے پر,1,1,یکساں
o44756,"SHOCKS, blows, sides, right","SHOCKS, blows, jerks, etc. (See Jerking Pain, Pulsation, Plug, Nail), Sides, right",سر — ضربیں، دائیں پہلو میں,1,1,یکساں
o44759,"SHOCKS, blows, sitting after a full meal, while","SHOCKS, blows, jerks, etc. (See Jerking Pain, Pulsation, Plug, Nail), sitting after a full meal, while",سر — ضربیں، بھرپور کھانے کے بعد بیٹھے ہوئے,1,1,یکساں
o44760,"SHOCKS, blows, sleep, on going to","SHOCKS, blows, jerks, etc. (See Jerking Pain, Pulsation, Plug, Nail), sleep, on going to",سر — ضربیں، سوتے وقت,2,2,یکساں
o44761,"SHOCKS, blows, sneezing, when","SHOCKS, blows, jerks, etc. (See Jerking Pain, Pulsation, Plug, Nail), sneezing, when",سر — ضربیں، چھینکتے وقت,1,1,یکساں
o44762,"SHOCKS, blows, stool, during","SHOCKS, blows, jerks, etc. (See Jerking Pain, Pulsation, Plug, Nail), stool, during",سر — ضربیں، پاخانے کے دوران,1,1,یکساں
o44763,"SHOCKS, blows, stooping, on","SHOCKS, blows, jerks, etc. (See Jerking Pain, Pulsation, Plug, Nail), stooping, on",سر — ضربیں، جھکنے پر,3,3,یکساں
o44765,"SHOCKS, blows, talking, while","SHOCKS, blows, jerks, etc. (See Jerking Pain, Pulsation, Plug, Nail), talking, while",سر — ضربیں، باتیں کرتے ہوئے,1,1,یکساں
o44768,"SHOCKS, blows, temples, painful","SHOCKS, blows, jerks, etc. (See Jerking Pain, Pulsation, Plug, Nail), Temples, painful",سر — ضربیں، کنپٹیوں میں، دردناک,1,1,یکساں
o44773,"SHOCKS, blows, vertex, electric like","SHOCKS, blows, jerks, etc. (See Jerking Pain, Pulsation, Plug, Nail), Vertex, electric like",سر — ضربیں، چوٹی میں، بجلی جیسی,2,2,یکساں
o44778,"SHOCKS, blows, walking, while","SHOCKS, blows, jerks, etc. (See Jerking Pain, Pulsation, Plug, Nail), walking, while",سر — ضربیں، چلتے ہوئے,2,2,یکساں
o44779,"SHOCKS, blows, writing, while","SHOCKS, blows, jerks, etc. (See Jerking Pain, Pulsation, Plug, Nail), writing, while",سر — ضربیں، لکھتے ہوئے,1,1,یکساں
o44803,"STRIKING, strikes the head against the wall or bed; twitching of eyelids and frontal muscles","STRIKING against the skull, sensation as through brain were (See Knocks, Looseness), strikes the head against the wall or bed; twitching of eyelids and frontal muscles",سر — سر دیوار یا بستر سے مارتا ہے؛ پلکوں اور ماتھے کے پٹھوں کی پھڑکن,1,1,یکساں
r1024,"HEAVINESS (See Pressing), forehead, morning","HEAVINESS (See Pressing), Forehead, morning",سر — بھاری پن، ماتھے میں، صبح,9,8,ماخذی مطابق کیے
r108,"COLDNESS, forehead, air, as from a draft","COLDNESS, chilliness, etc., Forehead, air, as from a draft",سر — ٹھنڈک، ماتھے میں، جیسے ہوا کے جھونکے سے,1,1,یکساں
r111,"COLDNESS, forehead, heat, during","COLDNESS, chilliness, etc., Forehead, heat, during",سر — ٹھنڈک، ماتھے میں، بخار کی گرمی کے دوران,2,2,یکساں
r113,"COLDNESS, forehead, ice, as from","COLDNESS, chilliness, etc., Forehead, ice, as from",سر — ٹھنڈک، ماتھے میں، جیسے برف سے,3,3,یکساں
r114,"COLDNESS, forehead, menses, during","COLDNESS, chilliness, etc., Forehead, menses, during",سر — ٹھنڈک، ماتھے میں، حیض کے دوران,1,1,یکساں
r115,"COLDNESS, forehead, spots in small, as of cold finger","COLDNESS, chilliness, etc., Forehead, spots in small, as of cold finger",سر — ٹھنڈک، ماتھے میں، چھوٹے چھوٹے دھبوں میں، جیسے ٹھنڈی انگلی,1,1,یکساں
r116,"COLDNESS, forehead, warm room, in","COLDNESS, chilliness, etc., Forehead, warm room, in",سر — ٹھنڈک، ماتھے میں، گرم کمرے میں,2,2,یکساں
r1178,"LOOSENESS of brain, morning","LOOSENESS of brain, sensation of (See Motion, shaking, falling, striking), morning",سر — دماغ ڈھیلا، صبح,2,2,یکساں
r1180,"LOOSENESS of brain, ascending steps","LOOSENESS of brain, sensation of (See Motion, shaking, falling, striking), ascending steps",سر — دماغ ڈھیلا، سیڑھیاں چڑھتے ہوئے,1,1,یکساں
r1185,"LOOSENESS of brain, feels as if brain fell to side on which leans","LOOSENESS of brain, sensation of (See Motion, shaking, falling, striking), feels as if brain fell to side on which leans",سر — لگتا ہے دماغ اس طرف گر جاتا ہے جس طرف ٹیک لگائے,1,1,یکساں
r1188,"LOOSENESS of brain, rising from stooping","LOOSENESS of brain, sensation of (See Motion, shaking, falling, striking), rising from stooping",سر — دماغ ڈھیلا، جھک کر سیدھا ہونے پر,1,1,یکساں
r1189,"LOOSENESS of brain, shaking the head","LOOSENESS of brain, sensation of (See Motion, shaking, falling, striking), shaking the head",سر — دماغ ڈھیلا، سر ہلانے پر,10,10,یکساں
r1192,"LOOSENESS of brain, straining at stool","LOOSENESS of brain, sensation of (See Motion, shaking, falling, striking), straining at stool",سر — دماغ ڈھیلا، پاخانے پر زور لگاتے ہوئے,1,1,یکساں
r1193,"LOOSENESS of brain, turning the head","LOOSENESS of brain, sensation of (See Motion, shaking, falling, striking), turning the head",سر — دماغ ڈھیلا، سر گھمانے پر,3,3,یکساں
r1198,"LOOSENESS of brain, occiput","LOOSENESS of brain, sensation of (See Motion, shaking, falling, striking), Occiput",سر — دماغ ڈھیلا، گدی میں,1,1,یکساں
r120,"COLDNESS, occiput, air, like cool","COLDNESS, chilliness, etc., Occiput, air, like cool",سر — ٹھنڈک، گدی میں، ٹھنڈی ہوا جیسی,1,1,یکساں
r1295,"NUMBNESS, brain","NUMBNESS, sensation of (See Asleep), brain",سر — دماغ سن,6,6,یکساں
r1299,"NUMBNESS, walking in open air amel.","NUMBNESS, sensation of (See Asleep), walking in open air amel.",سر — سن ہونا، کھلی ہوا میں چلنے سے آرام,2,2,یکساں
r1307,"NUMBNESS, occiput","NUMBNESS, sensation of (See Asleep), Occiput",سر — سن ہونا، گدی میں,16,16,ماخذی مطابق کیے
r131,"COLDNESS, sides, spots in, above the ear","COLDNESS, chilliness, etc., Sides, spots in, above the ear",سر — ٹھنڈک، کان کے اوپر دھبے کی صورت,1,1,یکساں
r1313,"NUMBNESS, temples","NUMBNESS, sensation of (See Asleep), Temples",سر — سن ہونا، کنپٹیوں میں,6,6,یکساں
r1314,"NUMBNESS, vertex","NUMBNESS, sensation of (See Asleep), Vertex",سر — سن ہونا، چوٹی میں,5,5,یکساں
r1324,"PAIN, daytime","PAIN, headache in general, daytime",سر — درد، دن کے وقت,31,31,یکساں
r1338,"PAIN, morning, rising, amel.","PAIN, headache in general, morning, rising, on, amel.",سر — درد، صبح، اٹھنے سے آرام,18,18,یکساں
r138,"COLDNESS, vertex, covered, even when","COLDNESS, chilliness, etc., Vertex, covered, even when",سر — ٹھنڈک، چوٹی پر، ڈھانپنے پر بھی,1,1,یکساں
r1389,"PAIN, evening, bed, amel.","PAIN, headache in general, evening, bed, in, amel.",سر — درد، شام بستر میں آرام,3,3,یکساں
r140,"COLDNESS, vertex, icy coldness, when covered","COLDNESS, chilliness, etc., Vertex, icy coldness, when covered",سر — ٹھنڈک، چوٹی پر، برف جیسی، ڈھانپنے پر بھی,1,1,یکساں
r1402,"PAIN, night, bed, drives him out of","PAIN, headache in general, night, bed, in, drives him out of",سر — درد، رات بستر سے نکال دے,1,1,یکساں
r1407,"PAIN, night, midnight, about","PAIN, headache in general, night, midnight, before, about",سر — درد، آدھی رات کے قریب,12,12,یکساں
r1409,"PAIN, night, midnight, after","PAIN, headache in general, night, midnight, before, after",سر — درد، آدھی رات کے بعد,18,18,یکساں
r141,"COLDNESS, vertex, menses, during","COLDNESS, chilliness, etc., Vertex, menses, during",سر — ٹھنڈک، چوٹی پر، حیض کے دوران,3,3,یکساں
r1418,"PAIN, air, cold, amel.","PAIN, headache in general, air, cold, from, amel.",سر — درد، ٹھنڈی ہوا سے آرام,19,19,یکساں
r142,"COLDNESS, vertex, motion, during","COLDNESS, chilliness, etc., Vertex, motion, during",سر — ٹھنڈک، چوٹی پر، حرکت کے دوران,1,1,یکساں
r1423,"PAIN, alcoholics (See Spirituous Liquor)","PAIN, headache in general, alcoholics (See Spirituous Liquor)",سر — درد، شراب نوشوں میں,0,0,یکساں
r1424,"PAIN, alternating with abdominal and uterine symptoms","PAIN, headache in general, alternating with abdominal and uterine symptoms",سر — درد، باری باری پیٹ اور رحم کی علامات کے ساتھ,1,1,یکساں
r143,"COLDNESS, vertex, spots, in","COLDNESS, chilliness, etc., Vertex, spots, in",سر — ٹھنڈک، چوٹی پر دھبوں کی صورت,2,2,یکساں
r1449,"PAIN, arthritic (See Rheumatic)","PAIN, headache in general, arthritic (See Rheumatic)",سر — درد، جوڑوں کے درد والا,0,0,یکساں
r145,"COLDNESS, vertex, stooping, on","COLDNESS, chilliness, etc., Vertex, stooping, on",سر — ٹھنڈک، چوٹی پر، جھکنے پر,1,1,یکساں
r1455,"PAIN, bandaging (See Binding)","PAIN, headache in general, bandaging (See Binding)",سر — درد، پٹی باندھنا,0,0,یکساں
r147,"COLDNESS, vertex, water, as from cold","COLDNESS, chilliness, etc., Vertex, water, as from cold",سر — ٹھنڈک، چوٹی پر، جیسے ٹھنڈے پانی سے,1,1,یکساں
r1472,"PAIN, bending head, to one side, amel.","PAIN, headache in general, bending head backward, while, to one side, amel.",سر — درد، سر ایک طرف جھکانے سے آرام,4,4,یکساں
r1476,"PAIN, blinding","PAIN, headache in general, blinding",سر — درد، اندھا کر دینے والا,17,17,یکساں
r1478,"PAIN, blowing nose agg.","PAIN, headache in general, blowing nose agg.",سر — درد، ناک سنکنے سے بگاڑ,12,12,یکساں
r1489,"PAIN, carriage (See Riding)","PAIN, headache in general, carriage (See Riding)",سر — درد، گاڑی,0,0,یکساں
r1490,"PAIN, catarrhal","PAIN, headache in general, catarrhal",سر — درد، نزلے والا,66,66,یکساں
r1491,"PAIN, changes in weather (See Weather)","PAIN, headache in general, changes in weather (See Weather)",سر — درد، موسم کی تبدیلی,0,0,یکساں
r1505,"PAIN, clothing about the neck agg.","PAIN, headache in general, clothing about the neck agg.",سر — درد، گردن کے گرد لباس سے بگاڑ,6,6,یکساں
r1508,"PAIN, coffee, smell of, from","PAIN, headache in general, coffee, from, smell of, from",سر — درد، کافی کی بو سے,1,1,یکساں
r1509,"PAIN, coition","PAIN, headache in general, coition (See Sexual)",سر — درد، مباشرت,19,19,یکساں
r1510,"PAIN, cold applications amel.","PAIN, headache in general, cold applications amel.",سر — درد، ٹھنڈی پٹیوں سے آرام,50,50,یکساں
r1530,"PAIN, coryza, dry, with","PAIN, headache in general, coryza, with, dry, with",سر — درد، خشک زکام کے ساتھ,2,2,یکساں
r1531,"PAIN, coryza, suppressed, from having a","PAIN, headache in general, coryza, with, suppressed, from having a",سر — درد، زکام دب جانے سے,18,18,یکساں
r1538,"PAIN, dancing","PAIN, headache in general, dancing",سر — درد، ناچنے سے,1,1,یکساں
r1539,"PAIN, darkness agg.","PAIN, headache in general, darkness agg.",سر — درد، اندھیرے میں بگاڑ,6,6,یکساں
r1548,"PAIN, dinner, amel., after","PAIN, headache in general, dinner, before, amel., after",سر — درد، دوپہر کے کھانے کے بعد آرام,6,6,یکساں
r1549,"PAIN, dinner, delayed, from","PAIN, headache in general, dinner, before, delayed, from",سر — درد، دوپہر کا کھانا دیر سے ملنے سے,3,3,یکساں
r1554,"PAIN, drinking, quickly, after","PAIN, headache in general, drinking, from, quickly, after",سر — درد، جلدی جلدی پینے کے بعد,1,1,یکساں
r1558,"PAIN, eating, during, amel.","PAIN, headache in general, eating, before, during, amel.",سر — درد، کھاتے ہوئے آرام,20,20,یکساں
r1561,"PAIN, eating, after, amel.","PAIN, headache in general, eating, before, after, amel.",سر — درد، کھانے کے بعد آرام,37,37,یکساں
r1565,"PAIN, eructations amel.","PAIN, headache in general, eructations amel.",سر — درد، ڈکار سے آرام,5,5,یکساں
r1568,"PAIN, excitement of the emotions, depressing or sad news, after","PAIN, headache in general, excitement of the emotions, after, depressing or sad news, after",سر — درد، افسردہ کرنے والی یا دکھ بھری خبر کے بعد,5,5,یکساں
r1581,"PAIN, foot steps","PAIN, headache in general, foot steps",سر — درد، قدموں کی آواز سے,3,3,یکساں
r1585,"PAIN, gastric","PAIN, headache in general, gastric",سر — درد، معدے کا (معدے سے متعلق),66,66,یکساں
r1586,"PAIN, gradually (See Increasing)","PAIN, headache in general, gradually (See Increasing)",سر — درد، آہستہ آہستہ,0,0,یکساں
r1588,"PAIN, hammering","PAIN, headache in general, hammering",سر — درد، ہتھوڑے جیسا,40,40,یکساں
r159,"CONGESTION, morning, rising, on","CONGESTION, hyperæmia, etc. (See Fullness, Pulsation), morning, rising, on",سر — خون کا جماؤ، صبح اٹھتے وقت,2,2,یکساں
r1598,"PAIN, heat, amel., of hand","PAIN, headache in general, heat, before the, amel., of hand",سر — درد، ہاتھ کی گرمائش سے آرام,2,2,یکساں
r1599,"PAIN, heat, amel., hot applications","PAIN, headache in general, heat, before the, amel., hot applications",سر — درد، گرم پٹیوں سے آرام,18,18,یکساں
r160,"CONGESTION, morning, waking, on","CONGESTION, hyperæmia, etc. (See Fullness, Pulsation), morning, waking, on",سر — خون کا جماؤ، صبح جاگنے پر,3,3,یکساں
r1608,"PAIN, hot drinks agg.","PAIN, headache in general, hot drinks agg.",سر — درد، گرم مشروب سے بگاڑ,4,4,یکساں
r1609,"PAIN, hot soup amel.","PAIN, headache in general, hot soup amel.",سر — درد، گرم شوربے سے آرام,1,1,یکساں
r1611,"PAIN, hysterical headache","PAIN, headache in general, hysterical headache",سر — درد، ہسٹیریائی سر درد,39,39,یکساں
r1620,"PAIN, intermittent pains","PAIN, headache in general, intermittent pains",سر — درد، وقفے وقفے سے درد,26,26,یکساں
r1631,"PAIN, lies with head high","PAIN, headache in general, lies with head high",سر — درد، سر اونچا رکھ کر لیٹتا ہے,11,11,یکساں
r1640,"PAIN, listening to reading and talking","PAIN, headache in general, listening to reading and talking",سر — درد، پڑھنا یا باتیں سننے سے,1,1,یکساں
r165,"CONGESTION, afternoon, 5 p.m., to midnight","CONGESTION, hyperæmia, etc. (See Fullness, Pulsation), afternoon, 5 p.m., to midnight",سر — خون کا جماؤ، سہ پہر 5 بجے سے آدھی رات تک,1,1,یکساں
r1667,"PAIN, masticating (See Chewing)","PAIN, headache in general, masticating (See Chewing)",سر — درد، چبانا,0,0,یکساں
r1676,"PAIN, menses, during, amel.","PAIN, headache in general, menses, before, during, amel.",سر — درد، حیض کے دوران آرام,4,4,یکساں
r168,"CONGESTION, night, a stream, from chest to head like a gust of wind with epistaxis","CONGESTION, hyperæmia, etc. (See Fullness, Pulsation), night, a stream, from chest to head like a gust of wind with epistaxis",سر — خون کا جماؤ، رات، سینے سے سر کی طرف ہوا کے جھونکے جیسی لہر، نکسیر کے ساتھ,1,1,یکساں
r1691,"PAIN, motion, quick, from","PAIN, headache in general, motion, from, quick, from",سر — درد، تیز حرکت سے,5,5,یکساں
r170,"CONGESTION, air, in open, amel.","CONGESTION, hyperæmia, etc. (See Fullness, Pulsation), air, in open, amel.",سر — خون کا جماؤ، کھلی ہوا میں آرام,9,9,یکساں
r1706,"PAIN, nervous","PAIN, headache in general, nervous",سر — درد، اعصابی,76,76,یکساں
r1707,"PAIN, night watching (See Sleep, Loss of)","PAIN, headache in general, night watching (See Sleep, Loss of)",سر — درد، رات کی تیمارداری,0,0,یکساں
r1710,"PAIN, noise, distant talking, of","PAIN, headache in general, noise, from, distant talking, of",سر — درد، دور کی باتوں کی آواز سے,1,1,یکساں
r1711,"PAIN, noise, falling water, of","PAIN, headache in general, noise, from, falling water, of",سر — درد، گرتے پانی کے شور سے,2,2,یکساں
r1713,"PAIN, noise, hammer on anvil, of","PAIN, headache in general, noise, from, hammer on anvil, of",سر — درد، نہائی پر ہتھوڑے کی آواز سے,1,1,یکساں
r1718,"PAIN, odors, alcohol, of","PAIN, headache in general, odors, from strong, alcohol, of",سر — درد، شراب کی بو سے,1,1,یکساں
r1719,"PAIN, odors, coffee, of","PAIN, headache in general, odors, from strong, coffee, of",سر — درد، کافی کی بو سے,1,1,یکساں
r1720,"PAIN, odors, dirty clothes, of","PAIN, headache in general, odors, from strong, dirty clothes, of",سر — درد، میلے کپڑوں کی بو سے,1,1,یکساں
r1723,"PAIN, opening eyes (See Closing Eyes, Light, Motion, Morning on Waking)","PAIN, headache in general, opening eyes (See Closing Eyes, Light, Motion, Morning on Waking)",سر — درد، آنکھیں کھولنا,0,0,یکساں
r1726,"PAIN, overheating (See Heated)","PAIN, headache in general, overheating (See Heated)",سر — درد، زیادہ گرم ہو جانا,0,0,یکساں
r1731,"PAIN, paroxysmal pains","PAIN, headache in general, paroxysmal pains",سر — درد، دوروں کی شکل میں,62,62,یکساں
r1732,"PAIN, periodic headache","PAIN, headache in general, periodic headache",سر — درد، وقفے وقفے سے آنے والا سر درد,62,62,یکساں
r1760,"PAIN, perspiration, suppressed, from","PAIN, headache in general, perspiration, with, suppressed, from",سر — درد، پسینہ رک جانے سے,15,15,یکساں
r1769,"PAIN, pulsating","PAIN, headache in general, pulsating",سر — درد، دھڑکتا ہوا,98,98,یکساں
r1770,"PAIN, rain amel.","PAIN, headache in general, rain amel.",سر — درد، بارش سے آرام,1,1,یکساں
r1774,"PAIN, reading agg.","PAIN, headache in general, reading agg.",سر — درد، پڑھنے سے بگاڑ,50,50,یکساں
r1776,"PAIN, rest agg. (See Motion)","PAIN, headache in general, rest agg. (See Motion)",سر — درد، آرام سے بگاڑ,0,0,یکساں
r1777,"PAIN, resting head quietly on a cushion amel.","PAIN, headache in general, resting head quietly on a cushion amel.",سر — درد، سر آرام سے گدی (کشن) پر ٹکانے سے آرام,1,1,یکساں
r1781,"PAIN, rheumatic","PAIN, headache in general, rheumatic",سر — درد، گٹھیا والا,56,56,یکساں
r1803,"PAIN, rolling head from side to side amel.","PAIN, headache in general, rolling head from side to side amel.",سر — درد، سر ایک طرف سے دوسری طرف لڑھکانے سے آرام,4,4,یکساں
r1804,"PAIN, room in crowded","PAIN, headache in general, room in crowded",سر — درد، بھرے ہوئے کمرے میں,4,4,یکساں
r1812,"PAIN, school girls","PAIN, headache in general, school girls",سر — درد، اسکول کی لڑکیوں میں,8,8,یکساں
r1813,"PAIN, scratching amel.","PAIN, headache in general, scratching amel.",سر — درد، کھجانے سے آرام,1,1,یکساں
r1814,"PAIN, sewing","PAIN, headache in general, sewing",سر — درد، سلائی سے,1,1,یکساں
r1834,"PAIN, sleep, after, amel.","PAIN, headache in general, sleep, before going to, after, amel.",سر — درد، نیند کے بعد آرام,19,19,یکساں
r1836,"PAIN, sleep, after, restless sleep","PAIN, headache in general, sleep, before going to, after, restless sleep",سر — درد، بے قرار نیند کے بعد,2,2,یکساں
r1837,"PAIN, sleep, loss of, from late hours","PAIN, headache in general, sleep, before going to, loss of, from late hours",سر — درد، رات دیر تک جاگنے سے,10,10,یکساں
r1842,"PAIN, smoking (See Tobacco)","PAIN, headache in general, smoking (See Tobacco)",سر — درد، تمباکو نوشی,0,0,یکساں
r1845,"PAIN, spasmodic pain (See Paroxysmal)","PAIN, headache in general, spasmodic pain (See Paroxysmal)",سر — درد، اینٹھن والا درد,0,0,یکساں
r1846,"PAIN, speaking (See Talking)","PAIN, headache in general, speaking (See Talking)",سر — درد، بولنا,0,0,یکساں
r1856,"PAIN, stimulants (See Spirituous liquors)","PAIN, headache in general, stimulants (See Spirituous liquors)",سر — درد، نشہ آور مشروب,0,0,یکساں
r1870,"PAIN, summer","PAIN, headache in general, summer",سر — درد، گرمیوں میں,14,14,یکساں
r1873,"PAIN, supper amel.","PAIN, headache in general, supper amel. (See Eating)",سر — درد، رات کے کھانے سے آرام,3,3,یکساں
r1874,"PAIN, suppressed eruptions","PAIN, headache in general, suppressed eruptions",سر — درد، دبے ہوئے (اندر بیٹھے) دانوں سے,7,7,یکساں
r1876,"PAIN, syphilitic","PAIN, headache in general, syphilitic",سر — درد، آتشکی,12,12,یکساں
r1880,"PAIN, talking, others, of","PAIN, headache in general, talking, while, others, of",سر — درد، دوسروں کی باتوں سے,5,5,یکساں
r1881,"PAIN, tapping on spine","PAIN, headache in general, tapping on spine",سر — درد، ریڑھ کی ہڈی پر تھپکی سے,1,1,یکساں
r1884,"PAIN, tea, amel., strong","PAIN, headache in general, tea, from, amel., strong",سر — درد، کڑک چائے سے آرام,2,2,یکساں
r1890,"PAIN, tobacco, smoking, amel.","PAIN, headache in general, tobacco, smoking, from, amel.",سر — درد، تمباکو نوشی سے آرام,5,5,یکساں
r1897,"PAIN, turning head","PAIN, headache in general, turning head",سر — درد، سر گھمانا,23,23,یکساں
r19,"ASLEEP, left side","ASLEEP, sensation as if, left side",سر — سویا ہوا احساس، بائیں طرف,1,1,یکساں
r1917,"PAIN, vinegar agg.","PAIN, headache in general, vinegar agg.",سر — درد، سرکے سے بگاڑ,1,1,یکساں
r1919,"PAIN, violent pains","PAIN, headache in general, violent pains",سر — درد، شدید درد,66,66,یکساں
r1937,"PAIN, walking rapidly, in the wind, from","PAIN, headache in general, walking rapidly, while, in the wind, from",سر — درد، ہوا میں تیز چلنے سے,3,3,یکساں
r1940,"PAIN, wandering pains","PAIN, headache in general, wandering pains",سر — درد، گھومتے پھرتے درد,15,15,یکساں
r1942,"PAIN, warm bed","PAIN, headache in general, warm bed",سر — درد، گرم بستر سے,4,4,یکساں
r1944,"PAIN, warm room agg.","PAIN, headache in general, warm room agg.",سر — درد، گرم کمرے میں بگاڑ,80,80,یکساں
r1951,"PAIN, waves of pain","PAIN, headache in general, waves of pain (See Paroxysmal)",سر — درد کی لہریں,11,11,یکساں
r1955,"PAIN, weather, damp, cold","PAIN, headache in general, weather, from changes of, damp, cold",سر — درد، سرد نم موسم میں,30,30,یکساں
r1956,"PAIN, weather, dry, cold","PAIN, headache in general, weather, from changes of, dry, cold",سر — درد، سرد خشک موسم میں,8,8,یکساں
r1964,"PAIN, wet, feet, from wetting","PAIN, headache in general, wet, from getting, feet, from wetting",سر — درد، پاؤں بھیگنے سے,6,6,یکساں
r1965,"PAIN, wet, head, from wetting","PAIN, headache in general, wet, from getting, head, from wetting",سر — درد، سر بھیگنے سے,6,6,یکساں
r1972,"PAIN, winking","PAIN, headache in general, winking",سر — درد، پلک جھپکنے پر,1,1,یکساں
r1973,"PAIN, winter headaches","PAIN, headache in general, winter headaches",سر — درد، سردیوں کے سر درد,4,4,یکساں
r1977,"PAIN, worm complaints","PAIN, headache in general, worm complaints",سر — درد، پیٹ کے کیڑوں کی شکایت میں,10,10,یکساں
r1980,"PAIN, wrinkling forehead agg.","PAIN, headache in general, wrinkling forehead agg.",سر — درد، ماتھے پر شکنیں ڈالنے سے بگاڑ,1,1,یکساں
r2014,"PAIN, bones","PAIN, headache in general, Bones",سر — درد، ہڈیوں میں,43,43,یکساں
r2021,"PAIN, brain, eating, after","PAIN, headache in general, Brain, aching deep in, eating, after",سر — درد، دماغ میں، کھانے کے بعد,3,3,یکساں
r2023,"PAIN, brain, lying, while","PAIN, headache in general, Brain, aching deep in, lying, while",سر — درد، دماغ میں، لیٹے ہوئے,1,1,یکساں
r2030,"PAIN, brain, waking, on","PAIN, headache in general, Brain, aching deep in, waking, on",سر — درد، دماغ میں، جاگنے پر,3,3,یکساں
r2031,"PAIN, brain, walking, while","PAIN, headache in general, Brain, aching deep in, walking, while",سر — درد، دماغ میں، چلتے ہوئے,1,1,یکساں
r2050,"PAIN, forehead, morning, amel.","PAIN, headache in general, Forehead, in, morning, amel.",سر — درد، ماتھے میں، صبح آرام,3,3,یکساں
r2052,"PAIN, forehead, morning, every other morning lasting all day","PAIN, headache in general, Forehead, in, morning, every other morning lasting all day",سر — درد، ماتھے میں، ہر دوسری صبح، سارا دن رہے,1,1,یکساں
r2056,"PAIN, forehead, morning, 6 a.m.","PAIN, headache in general, Forehead, in, morning, 6 a.m.",سر — درد، ماتھے میں، صبح 6 بجے,1,1,یکساں
r2058,"PAIN, forehead, forenoon, amel.","PAIN, headache in general, Forehead, in, forenoon, amel.",سر — درد، ماتھے میں، دوپہر سے پہلے آرام,2,2,یکساں
r2059,"PAIN, forehead, forenoon, 10 a.m.","PAIN, headache in general, Forehead, in, forenoon, 10 a.m.",سر — درد، ماتھے میں، صبح 10 بجے,2,2,یکساں
r2068,"PAIN, forehead, afternoon, 4 p.m.","PAIN, headache in general, Forehead, in, afternoon, 4 p.m.",سر — درد، ماتھے میں، سہ پہر 4 بجے,5,5,یکساں
r2069,"PAIN, forehead, afternoon, 5 p.m.","PAIN, headache in general, Forehead, in, afternoon, 5 p.m.",سر — درد، ماتھے میں، سہ پہر 5 بجے,2,2,یکساں
r2071,"PAIN, forehead, evening, amel.","PAIN, headache in general, Forehead, in, evening, amel.",سر — درد، ماتھے میں، شام کو آرام,6,6,یکساں
r2077,"PAIN, forehead, evening, 8 p.m.","PAIN, headache in general, Forehead, in, evening, 8 p.m.",سر — درد، ماتھے میں، رات 8 بجے,1,1,یکساں
r2079,"PAIN, forehead, night, amel.","PAIN, headache in general, Forehead, in, night, amel.",سر — درد، ماتھے میں، رات کو آرام,2,2,یکساں
r2094,"PAIN, forehead, anger, after","PAIN, headache in general, Forehead, in, anger, after",سر — درد، ماتھے میں، غصے کے بعد,1,1,یکساں
r2097,"PAIN, forehead, bending the head backward, amel.","PAIN, headache in general, Forehead, in, bending the head backward, amel.",سر — درد، ماتھے میں، سر پیچھے جھکانے سے آرام,4,4,یکساں
r2099,"PAIN, forehead, binding up, amel.","PAIN, headache in general, Forehead, in, binding up, amel.",سر — درد، ماتھے میں، باندھنے سے آرام,1,1,یکساں
r2102,"PAIN, forehead, chill, during","PAIN, headache in general, Forehead, in, chill, during",سر — درد، ماتھے میں، سردی لگنے کے دوران,2,2,یکساں
r2104,"PAIN, forehead, closed, eyes forcibly","PAIN, headache in general, Forehead, in, closed, eyes forcibly",سر — درد، ماتھے میں، آنکھیں زور سے بند کیے ہوئے,1,1,یکساں
r2108,"PAIN, forehead, cold forehead, with","PAIN, headache in general, Forehead, in, cold forehead, with",سر — درد، ماتھے میں، ماتھا ٹھنڈا,2,2,یکساں
r2109,"PAIN, forehead, cold, wet weather","PAIN, headache in general, Forehead, in, cold, wet weather",سر — درد، ماتھے میں، سرد نم موسم میں,4,4,یکساں
r2112,"PAIN, forehead, coughing, amel.","PAIN, headache in general, Forehead, in, coughing, amel.",سر — درد، ماتھے میں، کھانسنے سے آرام,1,1,یکساں
r2114,"PAIN, forehead, dinner, after","PAIN, headache in general, Forehead, in, dinner, after",سر — درد، ماتھے میں، دوپہر کے کھانے کے بعد,8,8,یکساں
r2117,"PAIN, forehead, eating, amel.","PAIN, headache in general, Forehead, in, eating, amel.",سر — درد، ماتھے میں، کھانے سے آرام,8,8,یکساں
r2118,"PAIN, forehead, exercise, from slight","PAIN, headache in general, Forehead, in, exercise, from slight",سر — درد، ماتھے میں، ہلکی ورزش سے,1,1,یکساں
r2119,"PAIN, forehead, fire, near a","PAIN, headache in general, Forehead, in, fire, near a",سر — درد، ماتھے میں، آگ کے پاس,1,1,یکساں
r2122,"PAIN, forehead, hat, from the","PAIN, headache in general, Forehead, in, hat, from the",سر — درد، ماتھے میں، ٹوپی سے,1,1,یکساں
r2138,"PAIN, forehead, menses, before","PAIN, headache in general, Forehead, in, menses, before",سر — درد، ماتھے میں، حیض سے پہلے,9,9,یکساں
r214,"CONGESTION, pains, when, suddenly cease","CONGESTION, hyperæmia, etc. (See Fullness, Pulsation), pains, when, suddenly cease",سر — خون کا جماؤ (سر کو خون چڑھنا)، جب درد اچانک رک جائیں,1,1,یکساں
r2151,"PAIN, forehead, odors, strong","PAIN, headache in general, Forehead, in, odors, strong",سر — درد، ماتھے میں، تیز بو سے,1,1,یکساں
r2154,"PAIN, forehead, periodic, on alternate days","PAIN, headache in general, Forehead, in, periodic, on alternate days",سر — درد، ماتھے میں، ایک دن چھوڑ کر,1,1,یکساں
r2156,"PAIN, forehead, pressure, amel.","PAIN, headache in general, Forehead, in, pressure, amel.",سر — درد، ماتھے میں، دبانے سے آرام,46,46,یکساں
r2158,"PAIN, forehead, reading, while","PAIN, headache in general, Forehead, in, reading, while",سر — درد، ماتھے میں، پڑھتے ہوئے,17,17,یکساں
r2161,"PAIN, forehead, riding in a carriage, amel.","PAIN, headache in general, Forehead, in, riding in a carriage, amel.",سر — درد، ماتھے میں، گاڑی میں سواری سے آرام,1,1,یکساں
r2162,"PAIN, forehead, riding in a carriage, in cold wind","PAIN, headache in general, Forehead, in, riding in a carriage, in cold wind",سر — درد، ماتھے میں، ٹھنڈی ہوا میں گاڑی کی سواری سے,5,5,یکساں
r2163,"PAIN, forehead, rising, after","PAIN, headache in general, Forehead, in, rising, after",سر — درد، ماتھے میں، اٹھنے کے بعد,9,9,یکساں
r2171,"PAIN, forehead, sewing, from","PAIN, headache in general, Forehead, in, sewing, from",سر — درد، ماتھے میں، سلائی سے,2,2,یکساں
r2177,"PAIN, forehead, smoking, from","PAIN, headache in general, Forehead, in, smoking, from",سر — درد، ماتھے میں، تمباکو نوشی سے,3,3,یکساں
r2182,"PAIN, forehead, stool, during","PAIN, headache in general, Forehead, in, stool, during",سر — درد، ماتھے میں، پاخانے کے دوران,2,2,یکساں
r2189,"PAIN, forehead, touch, amel.","PAIN, headache in general, Forehead, in, touch, amel.",سر — درد، ماتھے میں، چھونے سے آرام,6,6,یکساں
r2192,"PAIN, forehead, turning head, quickly","PAIN, headache in general, Forehead, in, turning head, quickly",سر — درد، ماتھے میں، سر جلدی گھمانے پر,3,3,یکساں
r2193,"PAIN, forehead, turning head, to right","PAIN, headache in general, Forehead, in, turning head, to right",سر — درد، ماتھے میں، سر دائیں گھمانے پر,1,1,یکساں
r2201,"PAIN, forehead, warmth, in","PAIN, headache in general, Forehead, in, warmth, in",سر — درد، ماتھے میں، گرمائش میں,1,1,یکساں
r2204,"PAIN, forehead, wet feet, from","PAIN, headache in general, Forehead, in, wet feet, from",سر — درد، ماتھے میں، پاؤں بھیگنے سے,1,1,یکساں
r2205,"PAIN, forehead, wind, cold","PAIN, headache in general, Forehead, in, wind, cold",سر — درد، ماتھے میں، ٹھنڈی ہوا (آندھی) سے,5,5,یکساں
r2206,"PAIN, forehead, wine, after","PAIN, headache in general, Forehead, in, wine, after",سر — درد، ماتھے میں، شراب کے بعد,2,2,یکساں
r2208,"PAIN, forehead, wrinkling forehead, amel.","PAIN, headache in general, Forehead, in, wrinkling forehead, amel.",سر — درد، ماتھے میں، ماتھے پر شکنیں ڈالنے سے آرام,1,1,یکساں
r2209,"PAIN, forehead, writing, while","PAIN, headache in general, Forehead, in, writing, while",سر — درد، ماتھے میں، لکھتے ہوئے,13,13,یکساں
r2229,"PAIN, forehead, extending backward, whole head (See Backwards)","PAIN, headache in general, Forehead, in, extending backward, whole head (See Backwards)",سر — درد، ماتھے سے پیچھے پورے سر میں پھیلتا ہوا,0,0,یکساں
r2377,"PAIN, forehead, middle, frontal sinuses from chronic coryza","PAIN, headache in general, Forehead, in, middle, frontal sinuses from chronic coryza",سر — درد، ماتھے کے بیچ میں، پرانے زکام سے ماتھے کے اندرونی خانوں (سائنس) میں,5,5,یکساں
r2378,"PAIN, forehead, middle, hammering","PAIN, headache in general, Forehead, in, middle, hammering",سر — درد، ماتھے کے بیچ میں، ہتھوڑے جیسا,1,1,یکساں
r2379,"PAIN, forehead, middle, hat agg.","PAIN, headache in general, Forehead, in, middle, hat agg.",سر — درد، ماتھے کے بیچ میں، ٹوپی سے بگاڑ,1,1,یکساں
r2381,"PAIN, forehead, middle, straining at stool","PAIN, headache in general, Forehead, in, middle, straining at stool",سر — درد، ماتھے کے بیچ میں، پاخانے پر زور لگاتے ہوئے,1,1,یکساں
r2472,"PAIN, occiput, lying, amel.","PAIN, headache in general, Occiput, lying, while, amel.",سر — درد، گدی میں، لیٹنے سے آرام,9,9,یکساں
r2486,"PAIN, occiput, menses, after","PAIN, headache in general, Occiput, menses, before, after",سر — درد، گدی میں، حیض کے بعد,1,1,یکساں
r2503,"PAIN, occiput, rising, amel.","PAIN, headache in general, Occiput, rising, after, amel.",سر — درد، گدی میں، اٹھنے سے آرام,6,6,یکساں
r2511,"PAIN, occiput, sitting, amel.","PAIN, headache in general, Occiput, sitting, while, amel.",سر — درد، گدی میں، بیٹھنے سے آرام,6,6,یکساں
r2513,"PAIN, occiput, sleep, amel.","PAIN, headache in general, Occiput, sleep, after, amel.",سر — درد، گدی میں، نیند سے آرام,1,1,یکساں
r2516,"PAIN, occiput, standing, amel.","PAIN, headache in general, Occiput, standing, while, amel.",سر — درد، گدی میں، کھڑے ہونے سے آرام,4,4,یکساں
r2517,"PAIN, occiput, standing, in one position","PAIN, headache in general, Occiput, standing, while, in one position",سر — درد، گدی میں، ایک ہی حالت میں کھڑے رہنے سے,1,1,یکساں
r2594,"PAIN, occiput and forehead","PAIN, headache in general, Occiput and Forehead",سر — درد، گدی اور ماتھے میں,77,77,ماخذی مطابق کیے
r2597,"PAIN, sides, one side, alternating from one to the other","PAIN, headache in general, Occiput and Forehead, Sides, one side, alternating from one to the other",سر — درد، ایک پہلو میں، باری باری ایک سے دوسرے میں,27,27,یکساں
r2607,"PAIN, sides, one side, extending to eye","PAIN, headache in general, Occiput and Forehead, Sides, one side, extending to eye",سر — درد، ایک پہلو میں، آنکھ تک پھیلتا ہوا,6,6,یکساں
r265,"CONSTRICTION, afternoon","CONSTRICTION, tension (See also Drawing, Pressing), afternoon",سر — جکڑن (کساؤ)، سہ پہر,5,5,یکساں
r268,"CONSTRICTION, night","CONSTRICTION, tension (See also Drawing, Pressing), night",سر — جکڑن (کساؤ)، رات,3,3,یکساں
r270,"CONSTRICTION, air, open, amel.","CONSTRICTION, tension (See also Drawing, Pressing), air, open, agg., amel.",سر — جکڑن، کھلی ہوا میں آرام,5,5,یکساں
r271,"CONSTRICTION, alternating with relaxation","CONSTRICTION, tension (See also Drawing, Pressing), alternating with relaxation",سر — جکڑن (کساؤ)، باری باری ڈھیلے پن کے ساتھ,2,2,یکساں
r276,"CONSTRICTION, bending backward amel.","CONSTRICTION, tension (See also Drawing, Pressing), bending backward amel.",سر — جکڑن (کساؤ)، پیچھے جھکنے سے آرام,1,1,یکساں
r277,"CONSTRICTION, breakfast amel.","CONSTRICTION, tension (See also Drawing, Pressing), breakfast amel.",سر — جکڑن (کساؤ)، ناشتے سے آرام,1,1,یکساں
r2775,"PAIN, temples, dinner, getting dinner too late","PAIN, headache in general, Temples, dinner, after, getting dinner too late",سر — درد، کنپٹیوں میں، دوپہر کا کھانا دیر سے ملنے سے,1,1,یکساں
r2783,"PAIN, temples, lying, amel.","PAIN, headache in general, Temples, lying, while, amel.",سر — درد، کنپٹیوں میں، لیٹنے سے آرام,10,10,یکساں
r2785,"PAIN, temples, menses, during","PAIN, headache in general, Temples, menses, before, during",سر — درد، کنپٹیوں میں، حیض کے دوران,9,9,یکساں
r279,"CONSTRICTION, closing eyes amel.","CONSTRICTION, tension (See also Drawing, Pressing), closing eyes amel.",سر — جکڑن (کساؤ)، آنکھیں بند کرنے سے آرام,2,2,یکساں
r2801,"PAIN, temples, rising, amel.","PAIN, headache in general, Temples, rising, after, amel.",سر — درد، کنپٹیوں میں، اٹھنے سے آرام,3,3,یکساں
r2803,"PAIN, temples, room, amel.","PAIN, headache in general, Temples, room, in, amel.",سر — درد، کنپٹیوں میں، کمرے میں آرام,5,5,یکساں
r2809,"PAIN, temples, sitting, amel.","PAIN, headache in general, Temples, sitting, while, amel.",سر — درد، کنپٹیوں میں، بیٹھنے سے آرام,7,7,یکساں
r2813,"PAIN, temples, standing, amel.","PAIN, headache in general, Temples, standing, while, amel.",سر — درد، کنپٹیوں میں، کھڑے ہونے سے آرام,2,2,یکساں
r2817,"PAIN, temples, stooping, amel.","PAIN, headache in general, Temples, stooping, from, amel.",سر — درد، کنپٹیوں میں، جھکنے سے آرام,3,3,یکساں
r282,"CONSTRICTION, drinking agg.","CONSTRICTION, tension (See also Drawing, Pressing), drinking agg.",سر — جکڑن (کساؤ)، پینے سے بگاڑ,1,1,یکساں
r2825,"PAIN, temples, walking, amel.","PAIN, headache in general, Temples, walking, from, amel.",سر — درد، کنپٹیوں میں، چلنے سے آرام,4,4,یکساں
r285,"CONSTRICTION, hat, pressure of, agg.","CONSTRICTION, tension (See also Drawing, Pressing), hat, as of a tight, pressure of, agg.",سر — جکڑن، ٹوپی کے دباؤ سے بگاڑ,1,1,یکساں
r2852,"PAIN, temples and forehead","PAIN, headache in general, Temples and Forehead",سر — درد، کنپٹیوں اور ماتھے میں,81,81,یکساں
r2853,"PAIN, temples and occiput","PAIN, headache in general, Temples and Occiput",سر — درد، کنپٹیوں اور گدی میں,8,8,یکساں
r286,"CONSTRICTION, heat of sun amel.","CONSTRICTION, tension (See also Drawing, Pressing), heat of sun amel.",سر — جکڑن (کساؤ)، دھوپ کی گرمی سے آرام,1,1,یکساں
r2888,"PAIN, vertex, lying, amel.","PAIN, headache in general, Vertex, lying, while, amel.",سر — درد، چوٹی میں، لیٹنے سے آرام,3,3,یکساں
r2889,"PAIN, vertex, lying, on left side","PAIN, headache in general, Vertex, lying, while, on left side",سر — درد، چوٹی میں، بائیں پہلو لیٹنے پر,1,1,یکساں
r289,"CONSTRICTION, light from candle","CONSTRICTION, tension (See also Drawing, Pressing), light from candle",سر — جکڑن (کساؤ)، موم بتی کی روشنی سے,1,1,یکساں
r290,"CONSTRICTION, looking steadily agg.","CONSTRICTION, tension (See also Drawing, Pressing), looking steadily agg.",سر — جکڑن (کساؤ)، ایک ٹک دیکھنے سے بگاڑ,2,2,یکساں
r2907,"PAIN, vertex, sitting, amel.","PAIN, headache in general, Vertex, sitting, while, amel.",سر — درد، چوٹی میں، بیٹھنے سے آرام,2,2,یکساں
r2914,"PAIN, vertex, stooping, amel.","PAIN, headache in general, Vertex, stooping, from, amel.",سر — درد، چوٹی میں، جھکنے سے آرام,2,2,یکساں
r292,"CONSTRICTION, lying amel.","CONSTRICTION, tension (See also Drawing, Pressing), lying amel.",سر — جکڑن (کساؤ)، لیٹنے سے آرام,1,1,یکساں
r2921,"PAIN, vertex, walking, amel.","PAIN, headache in general, Vertex, walking, from, amel.",سر — درد، چوٹی میں، چلنے سے آرام,2,2,یکساں
r2922,"PAIN, vertex, walking, rapidly agg.","PAIN, headache in general, Vertex, walking, from, rapidly agg.",سر — درد، چوٹی میں، تیز چلنے سے بگاڑ,1,1,یکساں
r2942,"PAIN, vertex and forehead","PAIN, headache in general, Vertex and Forehead",سر — درد، چوٹی اور ماتھے میں,62,62,یکساں
r3003,"PAIN, boring, forehead, morning, waking, on","PAIN, headache in general, Boring, digging, screwing, Forehead, morning, waking, on",سر — درد، برما سا، ماتھے میں، صبح جاگنے پر,2,2,یکساں
r301,"CONSTRICTION, paroxysmal","CONSTRICTION, tension (See also Drawing, Pressing), paroxysmal",سر — جکڑن (کساؤ)، دوروں کی شکل میں,1,1,یکساں
r302,"CONSTRICTION, periodic","CONSTRICTION, tension (See also Drawing, Pressing), periodic",سر — جکڑن (کساؤ)، وقفے وقفے سے، باقاعدہ,1,1,یکساں
r3026,"PAIN, boring, forehead, eminence, frontal, right","PAIN, headache in general, Boring, digging, screwing, Forehead, eminence, frontal, right",سر — درد، برما سا، ماتھے کے دائیں ابھار میں,2,2,یکساں
r3027,"PAIN, boring, forehead, eminence, frontal, left","PAIN, headache in general, Boring, digging, screwing, Forehead, eminence, frontal, left",سر — درد، برما سا، ماتھے کے بائیں ابھار میں,3,3,یکساں
r3028,"PAIN, boring, forehead, eminence, frontal, touch amel.","PAIN, headache in general, Boring, digging, screwing, Forehead, eminence, frontal, touch amel.",سر — درد، برما سا، ماتھے کے ابھار میں، چھونے سے آرام,1,1,یکساں
r303,"CONSTRICTION, pressure amel.","CONSTRICTION, tension (See also Drawing, Pressing), pressure amel.",سر — جکڑن (کساؤ)، دبانے سے آرام,5,5,یکساں
r3030,"PAIN, boring, forehead, eyes, over, right","PAIN, headache in general, Boring, digging, screwing, Forehead, eyes, over, right",سر — درد، برما سا، دائیں آنکھ کے اوپر,2,2,یکساں
r3031,"PAIN, boring, forehead, eyes, over, left","PAIN, headache in general, Boring, digging, screwing, Forehead, eyes, over, left",سر — درد، برما سا، بائیں آنکھ کے اوپر,6,6,یکساں
r3032,"PAIN, boring, forehead, eyes, over, morning","PAIN, headache in general, Boring, digging, screwing, Forehead, eyes, over, morning",سر — درد، برما سا، آنکھوں کے اوپر، صبح,1,1,یکساں
r304,"CONSTRICTION, reading while","CONSTRICTION, tension (See also Drawing, Pressing), reading while",سر — جکڑن (کساؤ)، پڑھتے ہوئے,1,1,یکساں
r3044,"PAIN, boring, forehead, sides of, morning, 8 a.m.","PAIN, headache in general, Boring, digging, screwing, Forehead, sides of, morning, 8 a.m.",سر — درد، برما سا، ماتھے میں، پہلوؤں میں، صبح 8 بجے,1,1,یکساں
r3047,"PAIN, boring, forehead, sides of, walking in open air, after","PAIN, headache in general, Boring, digging, screwing, Forehead, sides of, walking in open air, after",سر — درد، برما سا، ماتھے میں، پہلوؤں میں، کھلی ہوا میں چلنے کے بعد,1,1,یکساں
r305,"CONSTRICTION, rising amel.","CONSTRICTION, tension (See also Drawing, Pressing), rising amel.",سر — جکڑن (کساؤ)، اٹھنے سے آرام,3,3,یکساں
r3077,"PAIN, boring, temples, morning, waking, on","PAIN, headache in general, Boring, digging, screwing, Temples, morning, waking, on",سر — درد، برما سا، کنپٹیوں میں، صبح جاگنے پر,1,1,یکساں
r308,"CONSTRICTION, sitting agg.","CONSTRICTION, tension (See also Drawing, Pressing), sitting agg.",سر — جکڑن (کساؤ)، بیٹھنے سے بگاڑ,1,1,یکساں
r3103,"PAIN, Bruised (See Sore)","PAIN, headache in general, Bruised (See Sore)",سر — درد، کچلا ہوا (دکھتا),0,0,یکساں
r311,"CONSTRICTION, sleeping agg.","CONSTRICTION, tension (See also Drawing, Pressing), sleeping agg.",سر — جکڑن (کساؤ)، سونے سے بگاڑ,2,2,یکساں
r3124,"PAIN, burning, lying on back, amel.","PAIN, headache in general, Burning, lying on back, while, amel.",سر — درد، جلتا ہوا، پیٹھ کے بل لیٹے ہوئے آرام,1,1,یکساں
r3137,"PAIN, burning, sitting, upright amel.","PAIN, headache in general, Burning, sitting, while, upright amel.",سر — درد، جلتا ہوا، سیدھا بیٹھنے سے آرام,1,1,یکساں
r314,"CONSTRICTION, standing agg.","CONSTRICTION, tension (See also Drawing, Pressing), standing agg.",سر — جکڑن (کساؤ)، کھڑے ہونے سے بگاڑ,1,1,یکساں
r3148,"PAIN, burning, walking, amel.","PAIN, headache in general, Burning, walking, while, amel.",سر — درد، جلتا ہوا، چلنے سے آرام,1,1,یکساں
r316,"CONSTRICTION, stooping agg.","CONSTRICTION, tension (See also Drawing, Pressing), stooping agg.",سر — جکڑن (کساؤ)، جھکنے سے بگاڑ,5,5,یکساں
r320,"CONSTRICTION, talking","CONSTRICTION, tension (See also Drawing, Pressing), talking",سر — جکڑن (کساؤ)، باتیں کرنے سے,1,1,یکساں
r322,"CONSTRICTION, uncovering head amel.","CONSTRICTION, tension (See also Drawing, Pressing), uncovering head amel.",سر — جکڑن (کساؤ)، سر کھولنے (ننگا کرنے) سے آرام,1,1,یکساں
r323,"CONSTRICTION, vomiting amel.","CONSTRICTION, tension (See also Drawing, Pressing), vomiting amel.",سر — جکڑن (کساؤ)، قے سے آرام,1,1,یکساں
r3262,"PAIN, bursting, menses, during","PAIN, headache in general, Bursting, menses, before, during",سر — درد، پھٹنے جیسا، حیض کے دوران,10,10,یکساں
r3264,"PAIN, bursting, menses, instead of","PAIN, headache in general, Bursting, menses, before, instead of",سر — درد، پھٹنے جیسا، حیض کی جگہ,1,1,یکساں
r3268,"PAIN, bursting, motion, continued hard motion amel.","PAIN, headache in general, Bursting, motion, from, continued hard motion amel.",سر — درد، پھٹنے جیسا، مسلسل سخت حرکت سے آرام,1,1,یکساں
r3269,"PAIN, bursting, motion, of the eyes","PAIN, headache in general, Bursting, motion, from, of the eyes",سر — درد، پھٹنے جیسا، آنکھیں ہلانے سے,3,3,یکساں
r327,"CONSTRICTION, warm room","CONSTRICTION, tension (See also Drawing, Pressing), warm room",سر — جکڑن (کساؤ)، گرم کمرے میں,5,5,یکساں
r328,"CONSTRICTION, warmth amel.","CONSTRICTION, tension (See also Drawing, Pressing), warmth amel.",سر — جکڑن (کساؤ)، گرمائش سے آرام,1,1,یکساں
r3280,"PAIN, bursting, Stool, straining at","PAIN, headache in general, Bursting, stool, after, straining at",سر — درد، پھٹنے جیسا، پاخانے پر زور لگاتے ہوئے,1,1,یکساں
r3286,"PAIN, bursting, walking, in open air amel.","PAIN, headache in general, Bursting, walking, while, in open air amel.",سر — درد، پھٹنے جیسا، چلنا، کھلی ہوا میں آرام,1,1,یکساں
r330,"CONSTRICTION, wet weather agg.","CONSTRICTION, tension (See also Drawing, Pressing), wet weather agg.",سر — جکڑن (کساؤ)، نم موسم میں بگاڑ,1,1,یکساں
r332,"CONSTRICTION, extending to eyes and nose","CONSTRICTION, tension (See also Drawing, Pressing), extending to eyes and nose",سر — جکڑن (کساؤ)، آنکھوں اور ناک تک پھیلتی ہوئی,1,1,یکساں
r3328,"PAIN, Cleaving (See Cutting and darting)","PAIN, headache in general, Cleaving (See Cutting and darting)",سر — درد، چیرتا ہوا (کاٹتا),0,0,یکساں
r3389,"PAIN, cutting, split by a wedge, as if, body icy cold, thirst","PAIN, headache in general, Cutting, darting, stabbing, split by a wedge, as if, body icy cold, thirst",سر — درد، کاٹتا ہوا، جیسے پھانے سے چیر دیا ہو، جسم برف جیسا ٹھنڈا، پیاس,1,1,یکساں
r3441,"PAIN, cutting, temples, knife, as with a, during difficult stool","PAIN, headache in general, Cutting, darting, stabbing, Temples, knife, as with a, during difficult stool",سر — درد، کاٹتا ہوا، کنپٹیوں میں، جیسے چھری سے، سخت پاخانے کے دوران,1,1,یکساں
r3475,"PAIN, drawing, damp weather, amel.","PAIN, headache in general, Drawing, damp weather, during, amel.",سر — درد، کھینچتا ہوا، نم موسم میں آرام,1,1,یکساں
r3490,"PAIN, drawing, motion, amel.","PAIN, headache in general, Drawing, motion, on, amel.",سر — درد، کھینچتا ہوا، حرکت سے آرام,5,5,یکساں
r3504,"PAIN, drawing, standing, amel.","PAIN, headache in general, Drawing, standing, while, amel.",سر — درد، کھینچتا ہوا، کھڑے ہونے سے آرام,1,1,یکساں
r3667,"PAIN, dull pain","PAIN, headache in general, Dull pain",سر — درد، مدھم درد,99,99,یکساں
r3685,"PAIN, Flying pain (See Wandering under Pain in general)","PAIN, headache in general, Flying pain (See Wandering under Pain in general)",سر — درد، اڑتا ہوا درد (گھومتا),0,0,یکساں
r3701,"PAIN, grasping","PAIN, headache in general, Grasping",سر — درد، پکڑنے والا (جکڑ لینے والا),6,6,یکساں
r3703,"PAIN, grinding","PAIN, headache in general, Grinding",سر — درد، پیستا ہوا,4,4,یکساں
r3710,"PAIN, griping","PAIN, headache in general, Griping",سر — درد، مروڑتا ہوا,4,4,یکساں
r3711,"PAIN, grumbling","PAIN, headache in general, Grumbling",سر — درد، گڑگڑاتا ہوا,3,3,یکساں
r3712,"PAIN, hacking","PAIN, headache in general, Hacking",سر — درد، کاٹتا ہوا (ٹکڑے کرتا),6,6,یکساں
r3722,"PAIN, jerking, motion, amel.","PAIN, headache in general, Jerking, motion, on, amel.",سر — درد، جھٹکے دار، حرکت سے آرام,1,1,یکساں
r3727,"PAIN, jerking, walking, in open air","PAIN, headache in general, Jerking, walking, while, in open air",سر — درد، جھٹکے دار، کھلی ہوا میں چلنا,2,2,یکساں
r375,"CONSTRICTION, vertex","CONSTRICTION, tension (See also Drawing, Pressing), Vertex",سر — جکڑن (کساؤ)، چوٹی,18,18,یکساں
r3756,"PAIN, Lacerating (See Tearing)","PAIN, headache in general, Lacerating (See Tearing)",سر — درد، چیر پھاڑ والا (چیرنے والا),0,0,یکساں
r3828,"PAIN, pecking","PAIN, headache in general, Pecking",سر — درد، ٹھونگیں مارتا ہوا,5,5,یکساں
r3845,"PAIN, plug, as from a, plug were thrust suddenly in by increasingly severe blows","PAIN, headache in general, Plug, peg or wedge, as from a (See Nail), plug were thrust suddenly in by increasingly severe blows",سر — درد، جیسے ڈاٹ اچانک بڑھتی ہوئی ضربوں سے ٹھونک دی گئی ہو,1,1,یکساں
r3847,"PAIN, plug, as from a, forehead","PAIN, headache in general, Plug, peg or wedge, as from a (See Nail), Forehead",سر — درد، جیسے ماتھے میں ڈاٹ ٹھونکی ہو,5,5,یکساں
r3848,"PAIN, plug, as from a, occiput","PAIN, headache in general, Plug, peg or wedge, as from a (See Nail), Occiput",سر — درد، جیسے گدی میں ڈاٹ ٹھونکی ہو,8,8,یکساں
r3849,"PAIN, plug, as from a, sides","PAIN, headache in general, Plug, peg or wedge, as from a (See Nail), Sides",سر — درد، جیسے پہلوؤں میں ڈاٹ ٹھونکی ہو,4,4,یکساں
r3850,"PAIN, plug, as from a, temples","PAIN, headache in general, Plug, peg or wedge, as from a (See Nail), Temples",سر — درد، جیسے کنپٹیوں میں ڈاٹ ٹھونکی ہو,7,7,یکساں
r3874,"PAIN, pressing, air, cold agg.","PAIN, headache in general, Pressing (See Bursting, Drawing), air, in open, cold agg.",سر — درد، دبانے والا، ٹھنڈی ہوا سے بگاڑ,2,2,یکساں
r3887,"PAIN, pressing, breakfast, amel.","PAIN, headache in general, Pressing (See Bursting, Drawing), breakfast, after, amel.",سر — درد، دبانے والا، ناشتے سے آرام,2,2,یکساں
r3892,"PAIN, pressing, chill, with coldness all over","PAIN, headache in general, Pressing (See Bursting, Drawing), chill, during, with coldness all over",سر — درد، دبانے والا، سردی لگنے کے ساتھ، سارے جسم میں ٹھنڈک,2,2,یکساں
r3908,"PAIN, pressing, dinner, after","PAIN, headache in general, Pressing (See Bursting, Drawing), dinner, during, after",سر — درد، دبانے والا، دوپہر کے کھانے کے بعد,9,9,یکساں
r3914,"PAIN, pressing, eating, amel.","PAIN, headache in general, Pressing (See Bursting, Drawing), eating, after, amel.",سر — درد، دبانے والا، کھانے سے آرام,1,1,یکساں
r3922,"PAIN, pressing, hat, as from tight hat","PAIN, headache in general, Pressing (See Bursting, Drawing), hat, pressure of, as from tight hat",سر — درد، دبانے والا، جیسے تنگ ٹوپی سے,1,1,یکساں
r3932,"PAIN, pressing, lying, amel.","PAIN, headache in general, Pressing (See Bursting, Drawing), lying, while, amel.",سر — درد، دبانے والا، لیٹنے سے آرام,4,4,یکساں
r3933,"PAIN, pressing, lying, head high amel.","PAIN, headache in general, Pressing (See Bursting, Drawing), lying, while, head high amel.",سر — درد، دبانے والا، سر اونچا رکھ کر لیٹنے سے آرام,1,1,یکساں
r3936,"PAIN, pressing, menses, during","PAIN, headache in general, Pressing (See Bursting, Drawing), menses, before, during",سر — درد، دبانے والا، حیض کے دوران,23,23,یکساں
r3937,"PAIN, pressing, menses, after","PAIN, headache in general, Pressing (See Bursting, Drawing), menses, before, after",سر — درد، دبانے والا، حیض کے بعد,1,1,یکساں
r3942,"PAIN, pressing, motion, amel.","PAIN, headache in general, Pressing (See Bursting, Drawing), motion, on, amel.",سر — درد، دبانے والا، حرکت سے آرام,6,6,یکساں
r3947,"PAIN, pressing, motion, muscles of face","PAIN, headache in general, Pressing (See Bursting, Drawing), motion, on, muscles of face",سر — درد، دبانے والا، چہرے کے پٹھے ہلانے پر,1,1,یکساں
r3967,"PAIN, pressing, room, amel.","PAIN, headache in general, Pressing (See Bursting, Drawing), room, in, amel.",سر — درد، دبانے والا، کمرے میں آرام,4,4,یکساں
r3976,"PAIN, pressing, sitting, amel.","PAIN, headache in general, Pressing (See Bursting, Drawing), sitting, while, amel.",سر — درد، دبانے والا، بیٹھنے سے آرام,4,4,یکساں
r3978,"PAIN, pressing, sitting, up in bed amel.","PAIN, headache in general, Pressing (See Bursting, Drawing), sitting, while, up in bed amel.",سر — درد، دبانے والا، بستر میں اٹھ بیٹھنے سے آرام,2,2,یکساں
r3989,"PAIN, pressing, stool, during","PAIN, headache in general, Pressing (See Bursting, Drawing), stool, before, during",سر — درد، دبانے والا، پاخانے کے دوران,3,3,یکساں
r3990,"PAIN, pressing, stool, after","PAIN, headache in general, Pressing (See Bursting, Drawing), stool, before, after",سر — درد، دبانے والا، پاخانے کے بعد,3,3,یکساں
r3992,"PAIN, pressing, stooping, amel.","PAIN, headache in general, Pressing (See Bursting, Drawing), stooping, on, amel.",سر — درد، دبانے والا، جھکنے سے آرام,2,2,یکساں
r3993,"PAIN, pressing, stooping, compelled to stoop","PAIN, headache in general, Pressing (See Bursting, Drawing), stooping, on, compelled to stoop",سر — درد، دبانے والا، جھکنے پر مجبور کرے,2,2,یکساں
r4011,"PAIN, pressing, washing, cold amel.","PAIN, headache in general, Pressing (See Bursting, Drawing), washing, after amel., cold amel.",سر — درد، دبانے والا، دھونا، ٹھنڈ سے آرام,1,1,یکساں
r4018,"PAIN, pressing, brain, as if bound up, iron helmet, by an","PAIN, headache in general, Pressing (See Bursting, Drawing), Brain, as if bound up, cloth, by a, iron helmet, by an",سر — درد، دبانے والا، دماغ جیسے لوہے کے خود میں جکڑا ہو,1,1,یکساں
r4020,"PAIN, pressing, brain, as if bound up, skull too small, as if","PAIN, headache in general, Pressing (See Bursting, Drawing), Brain, as if bound up, cloth, by a, skull too small, as if",سر — درد، دبانے والا، دماغ جیسے باندھ دیا ہو، کھوپڑی بہت چھوٹی,3,3,یکساں
r4021,"PAIN, pressing, brain, forward","PAIN, headache in general, Pressing (See Bursting, Drawing), Brain, as if bound up, forward",سر — درد، دبانے والا، دماغ میں، آگے کی طرف,6,6,یکساں
r4022,"PAIN, pressing, brain, inward","PAIN, headache in general, Pressing (See Bursting, Drawing), Brain, as if bound up, inward",سر — درد، دبانے والا، دماغ میں، اندر کی طرف,3,3,یکساں
r4023,"PAIN, pressing, brain, on the","PAIN, headache in general, Pressing (See Bursting, Drawing), Brain, as if bound up, on the",سر — درد، دبانے والا، دماغ پر,8,8,یکساں
r4024,"PAIN, pressing, brain, outward","PAIN, headache in general, Pressing (See Bursting, Drawing), Brain, as if bound up, outward",سر — درد، دبانے والا، دماغ میں، باہر کی طرف,13,13,یکساں
r41,"BEND head backward, walks with head thrown backward","BEND head backward, must (See Drawn back), walks with head thrown backward",سر — سر پیچھے ڈال کر چلتا ہے,1,1,یکساں
r439,"EMPTY, temple","EMPTY, hollow sensation, Temple",سر — خالی پن، کنپٹی میں,1,1,یکساں
r4481,"PAIN, Shattered (See Bruised)","PAIN, headache in general, Shattered (See Bruised)",سر — درد، چور چور (کچلا ہوا),0,0,یکساں
r4507,"PAIN, shooting, menses, during","PAIN, headache in general, Shooting (See Cutting, Lancinating, Shocks, Stitches, etc.), menses, before, during",سر — درد، دوڑتا ہوا (تیر جیسا)، حیض کے دوران,1,1,یکساں
r4508,"PAIN, shooting, menses, after","PAIN, headache in general, Shooting (See Cutting, Lancinating, Shocks, Stitches, etc.), menses, before, after",سر — درد، دوڑتا ہوا (تیر جیسا)، حیض کے بعد,1,1,یکساں
r4768,"PAIN, Splitting (See Bursting)","PAIN, headache in general, Splitting (See Bursting)",سر — درد، پھاڑ دینے والا (پھٹنے جیسا),0,0,یکساں
r4769,"PAIN, Stabbing (See Cutting)","PAIN, headache in general, Stabbing (See Cutting)",سر — درد، چھرا گھونپنے جیسا (کاٹتا),0,0,یکساں
r4770,"PAIN, Sticking (See Stitching)","PAIN, headache in general, Sticking (See Stitching)",سر — درد، چبھنے والا (چبھن),0,0,یکساں
r4795,"PAIN, stitching, coryza, during stopped","PAIN, headache in general, Stitching, coryza, during, during stopped",سر — درد، چبھتا ہوا، رکے ہوئے زکام کے دوران,1,1,یکساں
r4800,"PAIN, stitching, dinner, after","PAIN, headache in general, Stitching, dinner, during, after",سر — درد، چبھتا ہوا، دوپہر کے کھانے کے بعد,6,6,یکساں
r4811,"PAIN, stitching, lying, amel.","PAIN, headache in general, Stitching, lying, while, amel.",سر — درد، چبھتا ہوا، لیٹنے سے آرام,5,5,یکساں
r4812,"PAIN, stitching, lying, on affected side amel.","PAIN, headache in general, Stitching, lying, while, on affected side amel.",سر — درد، چبھتا ہوا، متاثرہ پہلو پر لیٹنے سے آرام,3,3,یکساں
r4813,"PAIN, stitching, lying, on well side amel.","PAIN, headache in general, Stitching, lying, while, on well side amel.",سر — درد، چبھتا ہوا، صحیح پہلو پر لیٹنے سے آرام,1,1,یکساں
r4816,"PAIN, stitching, menses, during","PAIN, headache in general, Stitching, menses, before, during",سر — درد، چبھتا ہوا، حیض کے دوران,6,6,یکساں
r4817,"PAIN, stitching, menses, after","PAIN, headache in general, Stitching, menses, before, after",سر — درد، چبھتا ہوا، حیض کے بعد,5,5,یکساں
r4820,"PAIN, stitching, motion, amel.","PAIN, headache in general, Stitching, motion, on, amel.",سر — درد، چبھتا ہوا، حرکت سے آرام,2,2,یکساں
r4821,"PAIN, stitching, motion, continued amel.","PAIN, headache in general, Stitching, motion, on, continued amel.",سر — درد، چبھتا ہوا، مسلسل حرکت سے آرام,1,1,یکساں
r4822,"PAIN, stitching, motion, sudden","PAIN, headache in general, Stitching, motion, on, sudden",سر — درد، چبھتا ہوا، حرکت، اچانک,1,1,یکساں
r4836,"PAIN, stitching, rising, amel.","PAIN, headache in general, Stitching, rising, on, amel.",سر — درد، چبھتا ہوا، اٹھنے سے آرام,2,2,یکساں
r4840,"PAIN, stitching, room, amel. in","PAIN, headache in general, Stitching, room, in, amel. in",سر — درد، چبھتا ہوا، کمرے میں آرام,1,1,یکساں
r4848,"PAIN, stitching, stooping, after","PAIN, headache in general, Stitching, stooping, when, after",سر — درد، چبھتا ہوا، جھکنے کے بعد,3,3,یکساں
r4851,"PAIN, stitching, talking, loudly","PAIN, headache in general, Stitching, talking, after, loudly",سر — درد، چبھتا ہوا، اونچا بولنے سے,1,1,یکساں
r4859,"PAIN, stitching, walking, after","PAIN, headache in general, Stitching, walking, while, after",سر — درد، چبھتا ہوا، چلنے کے بعد,3,3,یکساں
r5239,"PAIN, tearing, morning, until noon","PAIN, headache in general, Tearing, rending, morning, until noon",سر — درد، چیرتا ہوا، صبح سے دوپہر تک,1,1,یکساں
r5244,"PAIN, tearing, noon, every day at; pressure agg.; open air amel.","PAIN, headache in general, Tearing, rending, noon, every day at; pressure agg.; open air amel.",سر — درد، چیرتا ہوا، روزانہ دوپہر کو؛ دبانے سے بگاڑ؛ کھلی ہوا میں آرام,1,1,یکساں
r5246,"PAIN, tearing, afternoon, until evening","PAIN, headache in general, Tearing, rending, afternoon, until evening",سر — درد، چیرتا ہوا، سہ پہر، شام تک,1,1,یکساں
r5252,"PAIN, tearing, evening, until midnight","PAIN, headache in general, Tearing, rending, evening, until midnight",سر — درد، چیرتا ہوا، شام سے آدھی رات تک,1,1,یکساں
r5256,"PAIN, tearing, air, from cold","PAIN, headache in general, Tearing, rending, air, from cold",سر — درد، چیرتا ہوا، ٹھنڈی ہوا سے,6,6,یکساں
r5266,"PAIN, tearing, breakfast, during","PAIN, headache in general, Tearing, rending, breakfast, during",سر — درد، چیرتا ہوا، ناشتے کے دوران,1,1,یکساں
r5267,"PAIN, tearing, bruised, tearing","PAIN, headache in general, Tearing, rending, bruised, tearing",سر — درد، چیرتا ہوا، چیرتا ہوا,2,2,یکساں
r5268,"PAIN, tearing, chill, during","PAIN, headache in general, Tearing, rending, chill, during",سر — درد، چیرتا ہوا، سردی لگنے کے دوران,2,2,یکساں
r5269,"PAIN, tearing, cough, during","PAIN, headache in general, Tearing, rending, cough, during",سر — درد، چیرتا ہوا، کھانسی کے دوران,8,8,یکساں
r5275,"PAIN, tearing, dinner, during","PAIN, headache in general, Tearing, rending, dinner, during",سر — درد، چیرتا ہوا، دوپہر کے کھانے کے دوران,1,1,یکساں
r5279,"PAIN, tearing, eating, while","PAIN, headache in general, Tearing, rending, eating, while",سر — درد، چیرتا ہوا، کھاتے ہوئے,3,3,یکساں
r5281,"PAIN, tearing, exertion, physical","PAIN, headache in general, Tearing, rending, exertion, physical",سر — درد، چیرتا ہوا، جسمانی محنت سے,1,1,یکساں
r5286,"PAIN, tearing, knitting, while","PAIN, headache in general, Tearing, rending, knitting, while",سر — درد، چیرتا ہوا، بنائی کرتے ہوئے,1,1,یکساں
r5291,"PAIN, tearing, lying, back, on, amel.","PAIN, headache in general, Tearing, rending, lying, while, back, on, amel.",سر — درد، چیرتا ہوا، پیٹھ کے بل لیٹنے سے آرام,1,1,یکساں
r5293,"PAIN, tearing, lying, quietly, towards morning, amel.","PAIN, headache in general, Tearing, rending, lying, while, quietly, towards morning, amel.",سر — درد، چیرتا ہوا، صبح کے قریب چپ چاپ لیٹنے سے آرام,1,1,یکساں
r5295,"PAIN, tearing, menses, before","PAIN, headache in general, Tearing, rending, menses, before",سر — درد، چیرتا ہوا، حیض سے پہلے,4,4,یکساں
r5301,"PAIN, tearing, motion, amel.","PAIN, headache in general, Tearing, rending, motion, amel.",سر — درد، چیرتا ہوا، حرکت سے آرام,4,4,یکساں
r5307,"PAIN, tearing, overheated, after being","PAIN, headache in general, Tearing, rending, overheated, after being",سر — درد، چیرتا ہوا، زیادہ گرم ہو جانے کے بعد,1,1,یکساں
r5314,"PAIN, tearing, respiration, on deep","PAIN, headache in general, Tearing, rending, respiration, on deep",سر — درد، چیرتا ہوا، گہری سانس لینے پر,1,1,یکساں
r5315,"PAIN, tearing, rising, on","PAIN, headache in general, Tearing, rending, rising, on",سر — درد، چیرتا ہوا، اٹھنے پر,2,2,یکساں
r5318,"PAIN, tearing, room, on entering","PAIN, headache in general, Tearing, rending, room, on entering",سر — درد، چیرتا ہوا، کمرے میں داخل ہونے پر,1,1,یکساں
r5321,"PAIN, tearing, saw, as if with a","PAIN, headache in general, Tearing, rending, saw, as if with a",سر — درد، چیرتا ہوا، جیسے آرے سے,1,1,یکساں
r5326,"PAIN, tearing, spots, in","PAIN, headache in general, Tearing, rending, spots, in",سر — درد، چیرتا ہوا، دھبوں میں,4,4,یکساں
r5327,"PAIN, tearing, standing, while","PAIN, headache in general, Tearing, rending, standing, while",سر — درد، چیرتا ہوا، کھڑے ہوئے,3,3,یکساں
r533,"ERUPTION, scurfy","ERUPTION, scurfy",سر — دانے، پھنسیاں (سر کی کھال پر)، بھوسی دار (سکری والے),18,16,ماخذی مطابق کیے
r5331,"PAIN, tearing, stooping, on","PAIN, headache in general, Tearing, rending, stooping, on",سر — درد، چیرتا ہوا، جھکنے پر,9,9,یکساں
r5332,"PAIN, tearing, talking, on","PAIN, headache in general, Tearing, rending, talking, on",سر — درد، چیرتا ہوا، باتیں کرنے پر,2,2,یکساں
r5333,"PAIN, tearing, thunderstorm, during","PAIN, headache in general, Tearing, rending, thunderstorm, during",سر — درد، چیرتا ہوا، گرج چمک کے طوفان کے دوران,1,1,یکساں
r5336,"PAIN, tearing, turning head, on","PAIN, headache in general, Tearing, rending, turning head, on",سر — درد، چیرتا ہوا، سر گھمانے پر,2,2,یکساں
r5338,"PAIN, tearing, vomiting, after","PAIN, headache in general, Tearing, rending, vomiting, after",سر — درد، چیرتا ہوا، قے کے بعد,1,1,یکساں
r5339,"PAIN, tearing, waking, on","PAIN, headache in general, Tearing, rending, waking, on",سر — درد، چیرتا ہوا، جاگنے پر,5,5,یکساں
r5340,"PAIN, tearing, walking, while","PAIN, headache in general, Tearing, rending, walking, while",سر — درد، چیرتا ہوا، چلتے ہوئے,6,6,یکساں
r5347,"PAIN, tearing, waves, in","PAIN, headache in general, Tearing, rending, waves, in",سر — درد، چیرتا ہوا، لہروں کی صورت,1,1,یکساں
r5349,"PAIN, tearing, writing, while","PAIN, headache in general, Tearing, rending, writing, while",سر — درد، چیرتا ہوا، لکھتے ہوئے,1,1,یکساں
r5350,"PAIN, tearing, yawning, passes off with much","PAIN, headache in general, Tearing, rending, yawning, passes off with much",سر — درد، چیرتا ہوا، بہت جمائیوں کے ساتھ ختم ہو,2,2,یکساں
r5351,"PAIN, tearing, extending ear, to","PAIN, headache in general, Tearing, rending, extending ear, to",سر — درد، چیرتا ہوا، کان تک پھیلتا ہوا,1,1,یکساں
r5362,"PAIN, tearing, forehead, morning","PAIN, headache in general, Tearing, rending, Forehead, morning",سر — درد، چیرتا ہوا، ماتھے میں، صبح,3,3,یکساں
r5365,"PAIN, tearing, forehead, forenoon","PAIN, headache in general, Tearing, rending, Forehead, forenoon",سر — درد، چیرتا ہوا، ماتھے میں، دوپہر سے پہلے,2,2,یکساں
r5366,"PAIN, tearing, forehead, noon","PAIN, headache in general, Tearing, rending, Forehead, noon",سر — درد، چیرتا ہوا، ماتھے میں، دوپہر,2,2,یکساں
r5374,"PAIN, tearing, forehead, night","PAIN, headache in general, Tearing, rending, Forehead, night",سر — درد، چیرتا ہوا، ماتھے میں، رات,6,6,یکساں
r5375,"PAIN, tearing, forehead, across","PAIN, headache in general, Tearing, rending, Forehead, across",سر — درد، چیرتا ہوا، ماتھے میں، آر پار,3,3,یکساں
r5378,"PAIN, tearing, forehead, alternating with pain in arms","PAIN, headache in general, Tearing, rending, Forehead, alternating with pain in arms",سر — درد، چیرتا ہوا، ماتھے میں، باری باری بازوؤں کے درد کے ساتھ,1,1,یکساں
r5379,"PAIN, tearing, forehead, coffee agg.","PAIN, headache in general, Tearing, rending, Forehead, coffee agg.",سر — درد، چیرتا ہوا، ماتھے میں، کافی سے بگاڑ,1,1,یکساں
r5382,"PAIN, tearing, forehead, flying pain","PAIN, headache in general, Tearing, rending, Forehead, flying pain",سر — درد، چیرتا ہوا، ماتھے میں، اڑتا ہوا درد,2,2,یکساں
r5388,"PAIN, tearing, forehead, mental exertion","PAIN, headache in general, Tearing, rending, Forehead, mental exertion",سر — درد، چیرتا ہوا، ماتھے میں، ذہنی محنت سے,1,1,یکساں
r5390,"PAIN, tearing, forehead, paroxysmal","PAIN, headache in general, Tearing, rending, Forehead, paroxysmal",سر — درد، چیرتا ہوا، ماتھے میں، دوروں کی شکل میں,1,1,یکساں
r5391,"PAIN, tearing, forehead, periodic","PAIN, headache in general, Tearing, rending, Forehead, periodic",سر — درد، چیرتا ہوا، ماتھے میں، وقفے وقفے سے باقاعدہ,2,2,یکساں
r5392,"PAIN, tearing, forehead, pulsating","PAIN, headache in general, Tearing, rending, Forehead, pulsating",سر — درد، چیرتا ہوا، ماتھے میں، دھڑکتا ہوا,1,1,یکساں
r5393,"PAIN, tearing, forehead, radiating","PAIN, headache in general, Tearing, rending, Forehead, radiating",سر — درد، چیرتا ہوا، ماتھے سے ہر طرف پھیلتا ہوا,1,1,یکساں
r5394,"PAIN, tearing, forehead, riding in a carriage amel.","PAIN, headache in general, Tearing, rending, Forehead, riding in a carriage amel.",سر — درد، چیرتا ہوا، ماتھے میں، گاڑی میں سواری سے آرام,1,1,یکساں
r5459,"PAIN, tearing, occiput, evening","PAIN, headache in general, Tearing, rending, Occiput, evening",سر — درد، چیرتا ہوا، گدی میں، شام,5,5,یکساں
r5460,"PAIN, tearing, occiput, night","PAIN, headache in general, Tearing, rending, Occiput, night",سر — درد، چیرتا ہوا، گدی میں، رات,2,2,یکساں
r5463,"PAIN, tearing, occiput, burning","PAIN, headache in general, Tearing, rending, Occiput, burning",سر — درد، چیرتا ہوا، گدی میں، جلتا ہوا,1,1,یکساں
r5464,"PAIN, tearing, occiput, coughing","PAIN, headache in general, Tearing, rending, Occiput, coughing",سر — درد، چیرتا ہوا، گدی میں، کھانسنا,1,1,یکساں
r5469,"PAIN, tearing, occiput, mental exertion amel.","PAIN, headache in general, Tearing, rending, Occiput, mental exertion amel.",سر — درد، چیرتا ہوا، گدی میں، ذہنی محنت سے آرام,1,1,یکساں
r5472,"PAIN, tearing, occiput, noise agg.","PAIN, headache in general, Tearing, rending, Occiput, noise agg.",سر — درد، چیرتا ہوا، گدی میں، شور سے بگاڑ,2,2,یکساں
r5473,"PAIN, tearing, occiput, paroxysmal","PAIN, headache in general, Tearing, rending, Occiput, paroxysmal",سر — درد، چیرتا ہوا، گدی میں، دوروں کی شکل میں,1,1,یکساں
r5474,"PAIN, tearing, occiput, pulsating","PAIN, headache in general, Tearing, rending, Occiput, pulsating",سر — درد، چیرتا ہوا، گدی میں، دھڑکتا ہوا,2,2,یکساں
r5475,"PAIN, tearing, occiput, rubbing amel.","PAIN, headache in general, Tearing, rending, Occiput, rubbing amel.",سر — درد، چیرتا ہوا، گدی میں، ملنے سے آرام,1,1,یکساں
r5476,"PAIN, tearing, occiput, sitting erect agg.","PAIN, headache in general, Tearing, rending, Occiput, sitting erect agg.",سر — درد، چیرتا ہوا، گدی میں، سیدھا بیٹھنے سے بگاڑ,1,1,یکساں
r5479,"PAIN, tearing, occiput, standing still amel.","PAIN, headache in general, Tearing, rending, Occiput, standing still amel.",سر — درد، چیرتا ہوا، گدی میں، ساکت کھڑے رہنے سے آرام,1,1,یکساں
r5480,"PAIN, tearing, occiput, touch agg.","PAIN, headache in general, Tearing, rending, Occiput, touch agg.",سر — درد، چیرتا ہوا، گدی میں، چھونے سے بگاڑ,1,1,یکساں
r5481,"PAIN, tearing, occiput, vomiting","PAIN, headache in general, Tearing, rending, Occiput, vomiting",سر — درد، چیرتا ہوا، گدی میں، قے,1,1,یکساں
r5483,"PAIN, tearing, occiput, warm room amel.","PAIN, headache in general, Tearing, rending, Occiput, warm room amel.",سر — درد، چیرتا ہوا، گدی میں، گرم کمرے میں آرام,1,1,یکساں
r5484,"PAIN, tearing, occiput, wrapping up head amel.","PAIN, headache in general, Tearing, rending, Occiput, wrapping up head amel.",سر — درد، چیرتا ہوا، گدی میں، سر لپیٹنے سے آرام,1,1,یکساں
r5514,"PAIN, tearing, sides, right","PAIN, headache in general, Tearing, rending, Sides, right",سر — درد، چیرتا ہوا، دائیں پہلو میں,15,15,یکساں
r5515,"PAIN, tearing, sides, left","PAIN, headache in general, Tearing, rending, Sides, left",سر — درد، چیرتا ہوا، بائیں پہلو میں,16,16,یکساں
r5516,"PAIN, tearing, sides, morning","PAIN, headache in general, Tearing, rending, Sides, morning",سر — درد، چیرتا ہوا، پہلوؤں میں، صبح,1,1,یکساں
r5517,"PAIN, tearing, sides, forenoon","PAIN, headache in general, Tearing, rending, Sides, forenoon",سر — درد، چیرتا ہوا، پہلوؤں میں، دوپہر سے پہلے,1,1,یکساں
r5523,"PAIN, tearing, sides, night","PAIN, headache in general, Tearing, rending, Sides, night",سر — درد، چیرتا ہوا، پہلوؤں میں، رات,1,1,یکساں
r5526,"PAIN, tearing, sides, cold water agg.","PAIN, headache in general, Tearing, rending, Sides, cold water agg.",سر — درد، چیرتا ہوا، پہلوؤں میں، ٹھنڈے پانی سے بگاڑ,1,1,یکساں
r5527,"PAIN, tearing, sides, damp weather amel.","PAIN, headache in general, Tearing, rending, Sides, damp weather amel.",سر — درد، چیرتا ہوا، پہلوؤں میں، نم موسم میں آرام,1,1,یکساں
r5529,"PAIN, tearing, sides, drawing","PAIN, headache in general, Tearing, rending, Sides, drawing",سر — درد، چیرتا ہوا، پہلوؤں میں، کھینچتا ہوا,3,3,یکساں
r5530,"PAIN, tearing, sides, intermittent","PAIN, headache in general, Tearing, rending, Sides, intermittent",سر — درد، چیرتا ہوا، پہلوؤں میں، وقفے وقفے سے,1,1,یکساں
r5532,"PAIN, tearing, sides, lying amel.","PAIN, headache in general, Tearing, rending, Sides, lying amel.",سر — درد، چیرتا ہوا، پہلوؤں میں، لیٹنے سے آرام,1,1,یکساں
r5535,"PAIN, tearing, sides, pulsating","PAIN, headache in general, Tearing, rending, Sides, pulsating",سر — درد، چیرتا ہوا، پہلوؤں میں، دھڑکتا ہوا,1,1,یکساں
r5541,"PAIN, tearing, sides, stepping","PAIN, headache in general, Tearing, rending, Sides, stepping",سر — درد، چیرتا ہوا، پہلوؤں میں، قدم رکھنے پر,1,1,یکساں
r5542,"PAIN, tearing, sides, stinging","PAIN, headache in general, Tearing, rending, Sides, stinging",سر — درد، چیرتا ہوا، پہلوؤں میں، ڈنک جیسا,1,1,یکساں
r5544,"PAIN, tearing, sides, twitching","PAIN, headache in general, Tearing, rending, Sides, twitching",سر — درد، چیرتا ہوا، پہلوؤں میں، پھڑکتا ہوا,1,1,یکساں
r5546,"PAIN, tearing, sides, extending down neck into face and teeth","PAIN, headache in general, Tearing, rending, Sides, extending down neck into face and teeth",سر — درد، چیرتا ہوا، پہلوؤں سے گردن میں نیچے چہرے اور دانتوں تک,1,1,یکساں
r5557,"PAIN, tearing, temples, right","PAIN, headache in general, Tearing, rending, Temples, right",سر — درد، چیرتا ہوا، دائیں کنپٹی میں,17,17,یکساں
r5561,"PAIN, tearing, temples, morning","PAIN, headache in general, Tearing, rending, Temples, morning",سر — درد، چیرتا ہوا، کنپٹیوں میں، صبح,2,2,یکساں
r5562,"PAIN, tearing, temples, forenoon","PAIN, headache in general, Tearing, rending, Temples, forenoon",سر — درد، چیرتا ہوا، کنپٹیوں میں، دوپہر سے پہلے,5,5,یکساں
r5570,"PAIN, tearing, temples, night agg.","PAIN, headache in general, Tearing, rending, Temples, night agg.",سر — درد، چیرتا ہوا، کنپٹیوں میں، رات کو بگاڑ,1,1,یکساں
r5572,"PAIN, tearing, temples, air, open, amel.","PAIN, headache in general, Tearing, rending, Temples, air, open, in, amel.",سر — درد، چیرتا ہوا، کنپٹیوں میں، کھلی ہوا میں آرام,2,2,یکساں
r5574,"PAIN, tearing, temples, burning","PAIN, headache in general, Tearing, rending, Temples, burning",سر — درد، چیرتا ہوا، کنپٹیوں میں، جلتا ہوا,1,1,یکساں
r5576,"PAIN, tearing, temples, cold agg.","PAIN, headache in general, Tearing, rending, Temples, cold agg.",سر — درد، چیرتا ہوا، کنپٹیوں میں، ٹھنڈ سے بگاڑ,1,1,یکساں
r5581,"PAIN, tearing, temples, heat agg.","PAIN, headache in general, Tearing, rending, Temples, heat agg.",سر — درد، چیرتا ہوا، کنپٹیوں میں، گرمی سے بگاڑ,1,1,یکساں
r5582,"PAIN, tearing, temples, intermittent","PAIN, headache in general, Tearing, rending, Temples, intermittent",سر — درد، چیرتا ہوا، کنپٹیوں میں، وقفے وقفے سے,1,1,یکساں
r5586,"PAIN, tearing, temples, paroxysmal","PAIN, headache in general, Tearing, rending, Temples, paroxysmal",سر — درد، چیرتا ہوا، کنپٹیوں میں، دوروں کی شکل میں,1,1,یکساں
r5588,"PAIN, tearing, pressure, amel.","PAIN, headache in general, Tearing, rending, pressure agg., amel.",سر — درد، چیرتا ہوا، دبانے سے آرام,7,7,یکساں
r5589,"PAIN, tearing, temples, pulsating","PAIN, headache in general, Tearing, rending, Temples, pulsating",سر — درد، چیرتا ہوا، کنپٹیوں میں، دھڑکتا ہوا,1,1,یکساں
r5591,"PAIN, tearing, temples, shaking head","PAIN, headache in general, Tearing, rending, Temples, shaking head",سر — درد، چیرتا ہوا، کنپٹیوں میں، سر ہلانے پر,1,1,یکساں
r5594,"PAIN, tearing, temples, touch","PAIN, headache in general, Tearing, rending, Temples, touch",سر — درد، چیرتا ہوا، کنپٹیوں میں، چھونا,3,3,یکساں
r5597,"PAIN, tearing, temples, walking, in open, air","PAIN, headache in general, Tearing, rending, Temples, walking, while, in open, air",سر — درد، چیرتا ہوا، کنپٹیوں میں، چلنا، کھلی ہوا میں، ہوا,2,2,یکساں
r5598,"PAIN, tearing, temples, warmth of bed agg.","PAIN, headache in general, Tearing, rending, Temples, warmth of bed agg.",سر — درد، چیرتا ہوا، کنپٹیوں میں، بستر کی گرمی سے بگاڑ,1,1,یکساں
r5599,"PAIN, tearing, temples, yawning amel.","PAIN, headache in general, Tearing, rending, Temples, yawning amel.",سر — درد، چیرتا ہوا، کنپٹیوں میں، جمائی سے آرام,1,1,یکساں
r5614,"PAIN, tearing, vertex, morning","PAIN, headache in general, Tearing, rending, Vertex, morning",سر — درد، چیرتا ہوا، چوٹی میں، صبح,2,2,یکساں
r5615,"PAIN, tearing, vertex, forenoon","PAIN, headache in general, Tearing, rending, Vertex, forenoon",سر — درد، چیرتا ہوا، چوٹی میں، دوپہر سے پہلے,1,1,یکساں
r5616,"PAIN, tearing, vertex, afternoon","PAIN, headache in general, Tearing, rending, Vertex, afternoon",سر — درد، چیرتا ہوا، چوٹی میں، سہ پہر,1,1,یکساں
r5617,"PAIN, tearing, vertex, evening","PAIN, headache in general, Tearing, rending, Vertex, evening",سر — درد، چیرتا ہوا، چوٹی میں، شام,3,3,یکساں
r5625,"PAIN, tearing, vertex, motion agg.","PAIN, headache in general, Tearing, rending, Vertex, motion agg.",سر — درد، چیرتا ہوا، چوٹی میں، حرکت سے بگاڑ,2,2,یکساں
r5626,"PAIN, tearing, vertex, pressure agg.","PAIN, headache in general, Tearing, rending, Vertex, pressure agg.",سر — درد، چیرتا ہوا، چوٹی میں، دبانے سے بگاڑ,1,1,یکساں
r5635,"PAIN, Tightening (See Drawing-Tightening)","PAIN, headache in general, Tightening (See Drawing-Tightening)",سر — درد، کستا ہوا (کھینچتا),0,0,یکساں
r5655,"PAIN, Wedge like (See Plug)","PAIN, headache in general, Wedge like (See Plug)",سر — درد، پھانے جیسا (ڈاٹ),0,0,یکساں
r5660,"PERSPIRATION scalp, morning","PERSPIRATION scalp, daytime, morning",سر — سر کی کھال پر پسینہ، صبح,8,8,یکساں
r5662,"PERSPIRATION scalp, forenoon","PERSPIRATION scalp, daytime, forenoon",سر — سر کی کھال پر پسینہ، دوپہر سے پہلے,1,1,یکساں
r5665,"PERSPIRATION scalp, night","PERSPIRATION scalp, daytime, night",سر — سر کی کھال پر پسینہ، رات,9,9,یکساں
r5669,"PERSPIRATION scalp, clammy","PERSPIRATION scalp, daytime, clammy",سر — سر کی کھال پر پسینہ، چپچپا,3,3,یکساں
r5671,"PERSPIRATION scalp, cold","PERSPIRATION scalp, daytime, cold",سر — سر کی کھال پر پسینہ، ٹھنڈا,21,21,یکساں
r5675,"PERSPIRATION scalp, except the head","PERSPIRATION scalp, daytime, except the head",سر — پسینہ سر کے سوا ہر جگہ,7,7,یکساں
r5680,"PERSPIRATION scalp, hot","PERSPIRATION scalp, daytime, hot",سر — سر کی کھال پر پسینہ، گرم,5,5,یکساں
r5682,"PERSPIRATION scalp, mental exertion","PERSPIRATION scalp, daytime, mental exertion",سر — سر کی کھال پر پسینہ، ذہنی محنت سے,4,4,یکساں
r5683,"PERSPIRATION scalp, musk-like odor","PERSPIRATION scalp, daytime, musk-like odor",سر — سر کی کھال پر پسینہ، مشک جیسی بو,2,2,یکساں
r5684,"PERSPIRATION scalp, musty","PERSPIRATION scalp, daytime, musty",سر — سر کی کھال پر پسینہ، سیلن جیسی بو,1,1,یکساں
r5685,"PERSPIRATION scalp, oily","PERSPIRATION scalp, daytime, oily",سر — سر کی کھال پر پسینہ، چکنا,2,2,یکساں
r5688,"PERSPIRATION scalp, only on the head","PERSPIRATION scalp, daytime, only on the head",سر — پسینہ صرف سر پر,10,10,یکساں
r5693,"PERSPIRATION scalp, sour","PERSPIRATION scalp, daytime, sour",سر — سر کی کھال پر پسینہ، کھٹا,7,7,یکساں
r5695,"PERSPIRATION scalp, uncovered parts","PERSPIRATION scalp, daytime, uncovered parts",سر — سر کی کھال پر پسینہ، کھلے حصوں پر,1,1,یکساں
r5771,"PULSATING, morning, every, lasts all day","PULSATING, beating, throbbing (See Bursting, Congestion, Hammering), morning, every, lasts all day",سر — دھڑکن، ہر صبح، سارا دن رہے,1,1,یکساں
r5773,"PULSATING, morning, rising, on","PULSATING, beating, throbbing (See Bursting, Congestion, Hammering), morning, rising, on",سر — دھڑکن، صبح اٹھتے وقت,3,3,یکساں
r5774,"PULSATING, morning, waking, on","PULSATING, beating, throbbing (See Bursting, Congestion, Hammering), morning, waking, on",سر — دھڑکن، صبح جاگنے پر,8,8,یکساں
r5778,"PULSATING, evening, agg. in, until gets to sleep","PULSATING, beating, throbbing (See Bursting, Congestion, Hammering), evening, agg. in, until gets to sleep",سر — دھڑکن، شام بگاڑ، سونے تک,1,1,یکساں
r5779,"PULSATING, evening, bed, in","PULSATING, beating, throbbing (See Bursting, Congestion, Hammering), evening, bed, in",سر — دھڑکن، شام بستر میں,2,2,یکساں
r5783,"PULSATING, night, comes on during the, with nausea and vomiting","PULSATING, beating, throbbing (See Bursting, Congestion, Hammering), night, comes on during the, with nausea and vomiting",سر — دھڑکن، رات کو شروع ہو، متلی اور قے کے ساتھ,1,1,یکساں
r5785,"PULSATING, night, waking, on","PULSATING, beating, throbbing (See Bursting, Congestion, Hammering), night, waking, on",سر — دھڑکن، رات جاگنے پر,2,2,یکساں
r5786,"PULSATING, air, in open, agg.","PULSATING, beating, throbbing (See Bursting, Congestion, Hammering), air, in open, agg.",سر — دھڑکن، کھلی ہوا میں بگاڑ,4,4,یکساں
r5790,"PULSATING, ascending, on, fast","PULSATING, beating, throbbing (See Bursting, Congestion, Hammering), ascending, on, fast",سر — دھڑکن، تیز اوپر چڑھنے پر,1,1,یکساں
r5813,"PULSATING, drinking, agg., while","PULSATING, beating, throbbing (See Bursting, Congestion, Hammering), drinking, agg., while",سر — دھڑکن (سر میں نبض کی طرح دھڑکنا)، پیتے ہوئے بگاڑ,1,1,یکساں
r5822,"PULSATING, hammers, as if from little, awakens every morning","PULSATING, beating, throbbing (See Bursting, Congestion, Hammering), hammers, as if from little, awakens every morning",سر — دھڑکن (سر میں نبض کی طرح دھڑکنا)، جیسے چھوٹے ہتھوڑوں سے، ہر صبح جگا دے,2,2,یکساں
r5882,"PULSATING, tea, warm, amel.","PULSATING, beating, throbbing (See Bursting, Congestion, Hammering), tea, warm, amel.",سر — دھڑکن (سر میں نبض کی طرح دھڑکنا)، گرم چائے سے آرام,1,1,یکساں
r5903,"PULSATING, extending, neck or chest, to","PULSATING, beating, throbbing (See Bursting, Congestion, Hammering), extending, neck or chest, to",سر — دھڑکن، گردن یا سینے تک پھیلتی ہوئی,1,1,یکساں
r5923,"PULSATING, forehead, afternoon, 2 p.m.","PULSATING, beating, throbbing (See Bursting, Congestion, Hammering), Forehead, afternoon, 2 p.m.",سر — دھڑکن، ماتھے میں، سہ پہر 2 بجے,1,1,یکساں
r5924,"PULSATING, forehead, afternoon, 3 p.m.","PULSATING, beating, throbbing (See Bursting, Congestion, Hammering), Forehead, afternoon, 3 p.m.",سر — دھڑکن، ماتھے میں، سہ پہر 3 بجے,1,1,یکساں
r5926,"PULSATING, forehead, evening, 9 p.m.","PULSATING, beating, throbbing (See Bursting, Congestion, Hammering), Forehead, evening, 9 p.m.",سر — دھڑکن، ماتھے میں، رات 9 بجے,2,2,یکساں
r5931,"PULSATING, forehead, cough, during","PULSATING, beating, throbbing (See Bursting, Congestion, Hammering), Forehead, cough, during",سر — دھڑکن، ماتھے میں، کھانسی کے دوران,3,3,یکساں
r5932,"PULSATING, forehead, dinner, after","PULSATING, beating, throbbing (See Bursting, Congestion, Hammering), Forehead, dinner, after",سر — دھڑکن، ماتھے میں، دوپہر کے کھانے کے بعد,3,3,یکساں
r5933,"PULSATING, forehead, eating, after","PULSATING, beating, throbbing (See Bursting, Congestion, Hammering), Forehead, eating, after",سر — دھڑکن، ماتھے میں، کھانے کے بعد,2,2,یکساں
r5934,"PULSATING, forehead, menses, during","PULSATING, beating, throbbing (See Bursting, Congestion, Hammering), Forehead, menses, during",سر — دھڑکن، ماتھے میں، حیض کے دوران,16,16,یکساں
r5939,"PULSATING, forehead, reading, while","PULSATING, beating, throbbing (See Bursting, Congestion, Hammering), Forehead, reading, while",سر — دھڑکن، ماتھے میں، پڑھتے ہوئے,1,1,یکساں
r5940,"PULSATING, forehead, riding, while","PULSATING, beating, throbbing (See Bursting, Congestion, Hammering), Forehead, riding, while",سر — دھڑکن، ماتھے میں، سواری کرتے ہوئے,2,2,یکساں
r5943,"PULSATING, forehead, standing, while","PULSATING, beating, throbbing (See Bursting, Congestion, Hammering), Forehead, standing, while",سر — دھڑکن، ماتھے میں، کھڑے ہوئے,1,1,یکساں
r5944,"PULSATING, forehead, stooping, on","PULSATING, beating, throbbing (See Bursting, Congestion, Hammering), Forehead, stooping, on",سر — دھڑکن، ماتھے میں، جھکنے پر,2,2,یکساں
r5946,"PULSATING, forehead, walking, on","PULSATING, beating, throbbing (See Bursting, Congestion, Hammering), Forehead, walking, on",سر — دھڑکن، ماتھے میں، چلنے پر,3,3,یکساں
r5949,"PULSATING, forehead, extending occiput, to","PULSATING, beating, throbbing (See Bursting, Congestion, Hammering), Forehead, extending occiput, to",سر — دھڑکن، ماتھے سے گدی تک پھیلتی ہوئی,3,3,یکساں
r5951,"PULSATING, forehead, eminence frontal, right","PULSATING, beating, throbbing (See Bursting, Congestion, Hammering), Forehead, eminence frontal, right",سر — دھڑکن، ماتھے کے دائیں ابھار میں,4,4,یکساں
r5952,"PULSATING, forehead, eminence frontal, left","PULSATING, beating, throbbing (See Bursting, Congestion, Hammering), Forehead, eminence frontal, left",سر — دھڑکن، ماتھے کے بائیں ابھار میں,2,2,یکساں
r5957,"PULSATING, forehead, eyes, over","PULSATING, beating, throbbing (See Bursting, Congestion, Hammering), Forehead, eyes, over",سر — دھڑکن، آنکھوں کے اوپر,17,17,یکساں
r5958,"PULSATING, forehead, root of nose, above","PULSATING, beating, throbbing (See Bursting, Congestion, Hammering), Forehead, root of nose, above",سر — دھڑکن، ناک کی جڑ کے اوپر,5,5,یکساں
r5963,"PULSATING, occiput, morning, after rising during menses","PULSATING, beating, throbbing (See Bursting, Congestion, Hammering), Occiput, morning, after rising during menses",سر — دھڑکن، گدی میں، صبح اٹھنے کے بعد حیض کے دوران,1,1,یکساں
r5967,"PULSATING, occiput, cough, during","PULSATING, beating, throbbing (See Bursting, Congestion, Hammering), Occiput, cough, during",سر — دھڑکن، گدی میں، کھانسی کے دوران,3,3,یکساں
r5968,"PULSATING, occiput, hammer, like beats of","PULSATING, beating, throbbing (See Bursting, Congestion, Hammering), Occiput, hammer, like beats of",سر — دھڑکن، گدی میں، ہتھوڑے کی ضربوں جیسی,3,3,یکساں
r5969,"PULSATING, occiput, lying on back, while","PULSATING, beating, throbbing (See Bursting, Congestion, Hammering), Occiput, lying on back, while",سر — دھڑکن، گدی میں، پیٹھ کے بل لیٹے ہوئے,1,1,یکساں
r5974,"PULSATING, occiput, rising, on","PULSATING, beating, throbbing (See Bursting, Congestion, Hammering), Occiput, rising, on",سر — دھڑکن، گدی میں، اٹھنے پر,2,2,یکساں
r5980,"PULSATING, occiput, stool, during","PULSATING, beating, throbbing (See Bursting, Congestion, Hammering), Occiput, stool, during",سر — دھڑکن، گدی میں، پاخانے کے دوران,1,1,یکساں
r5981,"PULSATING, occiput, stooping, on","PULSATING, beating, throbbing (See Bursting, Congestion, Hammering), Occiput, stooping, on",سر — دھڑکن، گدی میں، جھکنے پر,1,1,یکساں
r5996,"PULSATING, sides, right, to left","PULSATING, beating, throbbing (See Bursting, Congestion, Hammering), Sides, right, to left",سر — دھڑکن، دائیں سے بائیں پہلو تک,1,1,یکساں
r5998,"PULSATING, sides, left, to right","PULSATING, beating, throbbing (See Bursting, Congestion, Hammering), Sides, left, to right",سر — دھڑکن، بائیں سے دائیں پہلو تک,1,1,یکساں
r6002,"PULSATING, sides, afternoon, 3 p.m.","PULSATING, beating, throbbing (See Bursting, Congestion, Hammering), Sides, afternoon, 3 p.m.",سر — دھڑکن، پہلوؤں میں، سہ پہر 3 بجے,1,1,یکساں
r6007,"PULSATING, sides, dinner, after","PULSATING, beating, throbbing (See Bursting, Congestion, Hammering), Sides, dinner, after",سر — دھڑکن، پہلوؤں میں، دوپہر کے کھانے کے بعد,3,3,یکساں
r6009,"PULSATING, sides, lying on side, while","PULSATING, beating, throbbing (See Bursting, Congestion, Hammering), Sides, lying on side, while",سر — دھڑکن، پہلوؤں میں، پہلو پر لیٹے ہوئے,1,1,یکساں
r6010,"PULSATING, sides, menses, during","PULSATING, beating, throbbing (See Bursting, Congestion, Hammering), Sides, menses, during",سر — دھڑکن، پہلوؤں میں، حیض کے دوران,1,1,یکساں
r6012,"PULSATING, sides, rising, after","PULSATING, beating, throbbing (See Bursting, Congestion, Hammering), Sides, rising, after",سر — دھڑکن، پہلوؤں میں، اٹھنے کے بعد,1,1,یکساں
r6015,"PULSATING, sides, standing, while","PULSATING, beating, throbbing (See Bursting, Congestion, Hammering), Sides, standing, while",سر — دھڑکن، پہلوؤں میں، کھڑے ہوئے,1,1,یکساں
r6016,"PULSATING, sides, stooping, on","PULSATING, beating, throbbing (See Bursting, Congestion, Hammering), Sides, stooping, on",سر — دھڑکن، پہلوؤں میں، جھکنے پر,2,2,یکساں
r6041,"PULSATING, vertex, attention, from fixing","PULSATING, beating, throbbing (See Bursting, Congestion, Hammering), Vertex, attention, from fixing",سر — دھڑکن، چوٹی میں، دھیان جمانے سے,1,1,یکساں
r6043,"PULSATING, vertex, dinner, after","PULSATING, beating, throbbing (See Bursting, Congestion, Hammering), Vertex, dinner, after",سر — دھڑکن، چوٹی میں، دوپہر کے کھانے کے بعد,1,1,یکساں
r6044,"PULSATING, vertex, menses, after","PULSATING, beating, throbbing (See Bursting, Congestion, Hammering), Vertex, menses, after",سر — دھڑکن، چوٹی میں، حیض کے بعد,2,2,یکساں
r6046,"PULSATING, vertex, motion, on","PULSATING, beating, throbbing (See Bursting, Congestion, Hammering), Vertex, motion, on",سر — دھڑکن، چوٹی میں، حرکت پر,8,8,یکساں
r6048,"PULSATING, vertex, waking, on","PULSATING, beating, throbbing (See Bursting, Congestion, Hammering), Vertex, waking, on",سر — دھڑکن، چوٹی میں، جاگنے پر,2,2,یکساں
r6049,"PULSATING, vertex, walking, while","PULSATING, beating, throbbing (See Bursting, Congestion, Hammering), Vertex, walking, while",سر — دھڑکن، چوٹی میں، چلتے ہوئے,2,2,یکساں
r6226,"SURGING sensation, becoming erect amel.","SURGING sensation, lying while, becoming erect amel.",سر — لہروں کا احساس، سیدھا ہونے سے آرام,1,1,یکساں
r6227,"SURGING sensation, forehead like waves rolling up and down","SURGING sensation, lying while, Forehead like waves rolling up and down",سر — لہروں کا احساس، ماتھے میں جیسے لہریں اوپر نیچے لڑھک رہی ہوں,1,1,یکساں
r6236,"SWOLLEN, distended, feeling, forehead","SWOLLEN, distended, feeling, Forehead",سر — پھولا ہوا محسوس ہو، ماتھا,18,16,ماخذی مطابق کیے
r737,"HANDS, leans on","HANDS, holds head with, leans on",سر — سر ہاتھوں پر ٹیکتا ہے,1,1,یکساں
r739,"HANDS, rubs with","HANDS, holds head with, rubs with",سر — سر ہاتھوں سے ملتا (رگڑتا) ہے,1,1,یکساں
r2868,"PAIN, vertex, evening","PAIN, headache in general, Vertex, evening",سر — درد، چوٹی میں، شام,35,34,ماخذی مطابق کیے
r6381,"EMPTY, hollow sensation","EMPTY, hollow sensation",سر — کھوکھلا پن کا احساس,70,62,ماخذی مطابق کیے
r621,"FULLNESS (See Enlarged), afternoon","FULLNESS (See Enlarged), afternoon",سر — بھراؤ (بھرا بھرا لگنا)، سہ پہر,17,15,ماخذی مطابق کیے
r943,"HEAVINESS (See Pressing), eating, after","HEAVINESS (See Pressing), eating, while, after",سر — بھاری پن، کھانے کے بعد,17,18,ماخذی مطابق کیے
r6314,"TWITCHING of muscles, temples","TWITCHING of muscles of the head, Temples",سر — پھڑکن، کنپٹیوں میں,33,29,ماخذی مطابق کیے
o41082,"PAIN, forehead, eyes, above, air, cold, in","PAIN, headache in general, Forehead, in, eyes, above, air, open, in, cold, in",سر — درد، آنکھوں کے اوپر، ٹھنڈی ہوا میں,1,1,یکساں
o44051,"PAIN, torn, as if, brain aches, as if torn or beaten to pieces, agg. moving eyes or sitting up in bed, amel. moderate exercise","PAIN, headache in general, Torn, as if (See Sore, Tearing etc.), brain aches as if torn to pieces, morning on rising, agg. motion, amel. rest and warmth; passes of with much yawning, as if torn or beaten to pieces, agg. moving eyes or sitting up in bed, amel. moderate exercise",سر — درد، دماغ دکھے جیسے چیر دیا یا پیٹ کر ٹکڑے کر دیا ہو، آنکھیں ہلانے یا بستر میں اٹھ بیٹھنے سے بگاڑ، ہلکی ورزش سے آرام,1,1,یکساں
r3034,"PAIN, boring, forehead, eyes, over, forenoon, 11 a.m.","PAIN, headache in general, Boring, digging, screwing, Forehead, eyes, over, forenoon, 10 a.m., 11 a.m.",سر — درد، برما سا، آنکھوں کے اوپر، صبح 11 بجے,1,1,یکساں
r1328,"PAIN, morning, bed, in","PAIN, headache in general, morning, bed, in",سر — درد، صبح، بستر میں,72,68,ماخذی مطابق کیے
r5169,"PAIN, stitching, vertex","PAIN, headache in general, Stitching, Vertex",سر — درد، چبھتا ہوا، چوٹی میں,77,74,ماخذی مطابق کیے
r5636,"PAIN, torn, as if","PAIN, headache in general, Torn, as if (See Sore, Tearing etc.)",سر — درد، جیسے چیر دیا گیا ہو,50,48,ماخذی مطابق کیے
o39921,"MOTIONS, in head, eating, amel., after","MOTIONS, movements, etc., in head (See Knocking, Looseness, Shaking, Waving, etc.), eating, after, amel., after",سر — سر میں حرکت، کھانے کے بعد آرام,1,1,یکساں
o39950,"MOTIONS, in head, turning head, quickly, when","MOTIONS, movements, etc., in head (See Knocking, Looseness, Shaking, Waving, etc.), turning head, when, quickly, when",سر — سر میں حرکت، سر جلدی گھمانے پر,1,1,یکساں
o39953,"MOTIONS, in head, walking, in open air, while","MOTIONS, movements, etc., in head (See Knocking, Looseness, Shaking, Waving, etc.), walking, while, in open air, while",سر — سر میں حرکت، کھلی ہوا میں چلتے ہوئے,5,5,یکساں
o40133,"PAIN, boring, forehead, pressure, amel.","PAIN, headache in general, Boring, digging, screwing, Forehead, pressure agg., amel.",سر — درد، برما سا، ماتھے میں، دبانے سے آرام,1,1,یکساں
o40141,"PAIN, boring, forehead, sides of, motion","PAIN, headache in general, Boring, digging, screwing, Forehead, sides of, motion",سر — درد، برما سا، ماتھے میں، پہلوؤں میں، حرکت,1,1,یکساں
o40167,"PAIN, boring, occiput, intense pain, heart","PAIN, headache in general, Boring, digging, screwing, Occiput, intense pain as if a bolt have been driven from neck to vertex agg. each throb of heart, heart",سر — درد، برما سا، گدی میں، شدید درد، دل کی دھڑکن کے ساتھ,1,1,یکساں
o40555,"PAIN, cutting, air, open, agg.","PAIN, headache in general, Cutting, darting, stabbing, air, open, agg.",سر — درد، کاٹتا کھلی ہوا سے بگاڑ,1,1,یکساں
o40559,"PAIN, cutting, brain were cut to pieces, on stooping, as if","PAIN, headache in general, Cutting, darting, stabbing, brain were cut to pieces, on stooping, as if",سر — درد، کاٹتا ہوا، جیسے جھکنے پر دماغ ٹکڑے ٹکڑے کاٹ دیا گیا ہو,1,1,یکساں
o40588,"PAIN, cutting, knife, as with a, followed by sensation of coldness","PAIN, headache in general, Cutting, darting, stabbing, knife, as with a, followed by sensation of coldness",سر — درد، کاٹتا ہوا، جیسے چھری سے، بعد میں ٹھنڈک کا احساس,1,1,یکساں
o40602,"PAIN, cutting, occiput, knife, as with a","PAIN, headache in general, Cutting, darting, stabbing, Occiput, knife, as with a",سر — درد، کاٹتا ہوا، گدی میں، چھری، جیسے,2,2,یکساں
o40630,"PAIN, cutting, temples, extending, temple to temple","PAIN, headache in general, Cutting, darting, stabbing, Temples, extending to eyes, temple to temple",سر — درد، کاٹتا ہوا، کنپٹی سے کنپٹی تک,3,3,یکساں
o41066,"PAIN, forehead, extending, nose, root of","PAIN, headache in general, Forehead, in, extending backward, nose, to, root of",سر — درد، ماتھے سے ناک کی جڑ تک,11,11,یکساں
o41202,"PAIN, forehead, lying, on side, left agg.","PAIN, headache in general, Forehead, in, lying, while, on side amel., left agg.",سر — درد، ماتھے میں، بائیں پہلو لیٹنے سے بگاڑ,1,1,یکساں
o41203,"PAIN, forehead, lying, on side, right amel.","PAIN, headache in general, Forehead, in, lying, while, on side amel., right amel.",سر — درد، ماتھے میں، دائیں پہلو لیٹنے سے آرام,1,1,یکساں
o41503,"PAIN, lying, back, on, amel.","PAIN, headache in general, lying, while, back, on, while, amel.",سر — درد، لیٹنا، پیٹھ کے بل لیٹنے سے آرام,10,10,یکساں
o41507,"PAIN, lying, side, on, amel.","PAIN, headache in general, lying, while, side, on, while, amel.",سر — درد، لیٹنا، پہلو کے بل لیٹنے سے آرام,6,6,یکساں
o41728,"PAIN, occiput, lying, side, left amel.","PAIN, headache in general, Occiput, lying, while, side, either side agg., left amel.",سر — درد، گدی میں، بائیں پہلو لیٹنے سے آرام,1,1,یکساں
o41729,"PAIN, occiput, lying, side, right","PAIN, headache in general, Occiput, lying, while, side, either side agg., right",سر — درد، گدی میں، دائیں پہلو لیٹنے پر,3,3,یکساں
o42313,"PAIN, pressing, sides, brain, as if something were lying on the","PAIN, headache in general, Pressing (See Bursting, Drawing), Sides, brain, as if, against the bone, as if something were lying on the",سر — درد، دبانے والا، پہلوؤں میں، جیسے دماغ پر کچھ رکھا ہو,1,1,یکساں
o42521,"PAIN, pressing, walking, in open air, after","PAIN, headache in general, Pressing (See Bursting, Drawing), walking, while, in open air, while, after",سر — درد، دبانے والا، کھلی ہوا میں چلنے کے بعد,3,3,یکساں
o42825,"PAIN, sides, one side, ears, behind the left","PAIN, headache in general, Occiput and Forehead, Sides, one side, ears, behind the, behind the left",سر — درد، ایک پہلو میں، بائیں کان کے پیچھے,3,3,یکساں
o42826,"PAIN, sides, one side, ears, motion","PAIN, headache in general, Occiput and Forehead, Sides, one side, ears, behind the, motion",سر — درد، ایک پہلو میں، کان، حرکت سے,1,1,یکساں
o43126,"PAIN, stitching, forehead, extending, nape","PAIN, headache in general, Stitching, Forehead, extending, ear, to, nape",سر — درد، چبھتا ہوا، ماتھے سے پھیلتا ہوا، گردن کا پچھلا حصہ,1,1,یکساں
o43129,"PAIN, stitching, forehead, extending, outward","PAIN, headache in general, Stitching, Forehead, extending, ear, to, outward",سر — درد، چبھتا ہوا، ماتھے سے باہر کی طرف,3,3,یکساں
o43438,"PAIN, stitching, vertex, extending, outward","PAIN, headache in general, Stitching, Vertex, extending, forehead, to, outward",سر — درد، چبھتا ہوا، چوٹی سے باہر کی طرف,1,1,یکساں
o43442,"PAIN, stitching, vertex, extending, within outward","PAIN, headache in general, Stitching, Vertex, extending, forehead, to, within outward",سر — درد، چبھتا ہوا، چوٹی میں، اندر سے باہر کی طرف,1,1,یکساں
o43565,"PAIN, tearing, extending, face, to","PAIN, headache in general, Tearing, rending, extending ear, to, face, to",سر — درد، چیرتا ہوا، پھیلتا ہوا، چہرے تک,9,9,یکساں
o43566,"PAIN, tearing, extending, neck, to","PAIN, headache in general, Tearing, rending, extending ear, to, neck, to",سر — درد، چیرتا ہوا، پھیلتا ہوا، گردن تک,4,4,یکساں
o43567,"PAIN, tearing, extending, nose, to","PAIN, headache in general, Tearing, rending, extending ear, to, nose, to",سر — درد، چیرتا ہوا، پھیلتا ہوا، ناک تک,3,3,یکساں
o43569,"PAIN, tearing, extending, scapulae, to","PAIN, headache in general, Tearing, rending, extending ear, to, scapulæ, to",سر — درد، چیرتا ہوا، شانوں کی ہڈیوں تک پھیلتا ہوا,1,1,یکساں
o43570,"PAIN, tearing, extending, teeth, to","PAIN, headache in general, Tearing, rending, extending ear, to, teeth, to",سر — درد، چیرتا ہوا، پھیلتا ہوا، دانتوں تک,4,4,یکساں
o43571,"PAIN, tearing, extending, throat, to","PAIN, headache in general, Tearing, rending, extending ear, to, throat, to",سر — درد، چیرتا ہوا، حلق تک پھیلتا ہوا,2,2,یکساں
o44776,"SHOCKS, blows, walking, open air, in","SHOCKS, blows, jerks, etc. (See Jerking Pain, Pulsation, Plug, Nail), walking, while, open air, in",سر — ضربیں، کھلی ہوا میں چلتے ہوئے,1,1,یکساں
r109,"COLDNESS, forehead, air, cold, penetrates painfully","COLDNESS, chilliness, etc., Forehead, air, as from a draft, cold, penetrates painfully",سر — ٹھنڈک، ماتھے میں، ٹھنڈی ہوا دردناک طور پر گھسے,1,1,یکساں
r1141,"ITCHING of scalp, occiput","ITCHING of scalp, Occiput",سر — سر کی کھال میں خارش، گدی,16,14,ماخذی مطابق کیے
r1419,"PAIN, air, cold, walking in, while","PAIN, headache in general, air, cold, from, amel., walking in, while",سر — درد، ٹھنڈی ہوا میں چلتے ہوئے,1,1,یکساں
r2054,"PAIN, forehead, morning, rising, amel.","PAIN, headache in general, Forehead, in, morning, rising, on, amel.",سر — درد، ماتھے میں، صبح اٹھنے سے آرام,7,7,یکساں
r2132,"PAIN, forehead, lying, head low, with amel.","PAIN, headache in general, Forehead, in, lying, while, head low, with amel.",سر — درد، ماتھے میں، سر نیچا رکھ کر لیٹنے سے آرام,1,1,یکساں
r2134,"PAIN, forehead, lying, on back, amel.","PAIN, headache in general, Forehead, in, lying, while, on back, amel.",سر — درد، ماتھے میں، پیٹھ کے بل لیٹنے سے آرام,3,3,یکساں
r2148,"PAIN, forehead, motion, eyelids, of","PAIN, headache in general, Forehead, in, motion, on, eyelids, of",سر — درد، ماتھے میں، پلکیں ہلانے پر,2,2,یکساں
r2169,"PAIN, forehead, room, warm, amel.","PAIN, headache in general, Forehead, in, room, in a, warm, amel.",سر — درد، ماتھے میں، گرم کمرے میں آرام,3,3,یکساں
r2383,"PAIN, forehead, middle, walking, in open air","PAIN, headache in general, Forehead, in, middle, walking, while, in open air",سر — درد، ماتھے کے بیچ میں، کھلی ہوا میں چلتے ہوئے,1,1,یکساں
r2957,"PAIN, boring, morning, waking, after","PAIN, headache in general, Boring, digging, screwing, morning, waking, after",سر — درد، برما سا، صبح جاگنے کے بعد,5,5,یکساں
r2961,"PAIN, boring, evening, bed, in","PAIN, headache in general, Boring, digging, screwing, evening, bed, in",سر — درد، برما سا، شام بستر میں,1,1,یکساں
r2963,"PAIN, boring, night, midnight, before","PAIN, headache in general, Boring, digging, screwing, night, midnight, before",سر — درد، برما سا، آدھی رات سے پہلے,1,1,یکساں
r2964,"PAIN, boring, air, cold, amel.","PAIN, headache in general, Boring, digging, screwing, air, cold, amel.",سر — درد، برما سا، ٹھنڈی ہوا سے آرام,2,2,یکساں
r3007,"PAIN, boring, forehead, air, open","PAIN, headache in general, Boring, digging, screwing, Forehead, air, open",سر — درد، برما سا، ماتھے میں، ہوا، کھلی,1,1,یکساں
r3008,"PAIN, boring, forehead, chilliness, during","PAIN, headache in general, Boring, digging, screwing, Forehead, chilliness, during",سر — درد، برما سا، ماتھے میں، سردی محسوس ہونے کے دوران,1,1,یکساں
r3010,"PAIN, boring, forehead, eating, after","PAIN, headache in general, Boring, digging, screwing, Forehead, eating, after",سر — درد، برما سا، ماتھے میں، کھانے کے بعد,1,1,یکساں
r3018,"PAIN, boring, forehead, reading, while","PAIN, headache in general, Boring, digging, screwing, Forehead, reading, while",سر — درد، برما سا، ماتھے میں، پڑھتے ہوئے,1,1,یکساں
r3023,"PAIN, boring, forehead, writing, while","PAIN, headache in general, Boring, digging, screwing, Forehead, writing, while",سر — درد، برما سا، ماتھے میں، لکھتے ہوئے,1,1,یکساں
r3039,"PAIN, boring, forehead, nose, above","PAIN, headache in general, Boring, digging, screwing, Forehead, nose, above",سر — درد، برما سا، ماتھے میں، ناک کے اوپر,6,6,یکساں
r3041,"PAIN, boring, forehead, sides of, right","PAIN, headache in general, Boring, digging, screwing, Forehead, sides of, right",سر — درد، برما سا، ماتھے میں، پہلوؤں میں، دائیں طرف,2,2,یکساں
r3042,"PAIN, boring, forehead, sides of, left","PAIN, headache in general, Boring, digging, screwing, Forehead, sides of, left",سر — درد، برما سا، ماتھے میں، پہلوؤں میں، بائیں طرف,3,3,یکساں
r3045,"PAIN, boring, forehead, sides of, evening","PAIN, headache in general, Boring, digging, screwing, Forehead, sides of, evening",سر — درد، برما سا، ماتھے میں، پہلوؤں میں، شام,1,1,یکساں
r3048,"PAIN, boring, forehead, sides of, extending to nape","PAIN, headache in general, Boring, digging, screwing, Forehead, sides of, extending to nape",سر — درد، برما سا، ماتھے میں، پہلوؤں میں، پھیلتا ہوا، گردن کے پچھلے حصے تک,1,1,یکساں
r3056,"PAIN, boring, occiput, sides of, night","PAIN, headache in general, Boring, digging, screwing, Occiput, sides of, night",سر — درد، برما سا، گدی کے پہلوؤں میں، رات,1,1,یکساں
r3061,"PAIN, boring, sides, morning, 8 a.m.","PAIN, headache in general, Boring, digging, screwing, Sides, morning, 8 a.m.",سر — درد، برما سا، پہلوؤں میں، صبح 8 بجے,1,1,یکساں
r3064,"PAIN, boring, sides, evening, changing to stitching","PAIN, headache in general, Boring, digging, screwing, Sides, evening, changing to stitching",سر — درد، برما سا، پہلوؤں میں، شام، بدل کر چبھن بن جائے,1,1,یکساں
r3067,"PAIN, boring, sides, dinner, after","PAIN, headache in general, Boring, digging, screwing, Sides, dinner, after",سر — درد، برما سا، پہلوؤں میں، دوپہر کے کھانے کے بعد,1,1,یکساں
r3069,"PAIN, boring, sides, spots, in","PAIN, headache in general, Boring, digging, screwing, Sides, spots, in",سر — درد، برما سا، پہلوؤں میں، دھبوں میں,1,1,یکساں
r3073,"PAIN, boring, temples, right, to left","PAIN, headache in general, Boring, digging, screwing, Temples, right, to left",سر — درد، برما سا، دائیں کنپٹی سے بائیں تک,1,1,یکساں
r3081,"PAIN, boring, temples, afternoon, 5 p.m.","PAIN, headache in general, Boring, digging, screwing, Temples, afternoon, 5 p.m.",سر — درد، برما سا، کنپٹیوں میں، سہ پہر 5 بجے,1,1,یکساں
r3083,"PAIN, boring, temples, evening, 10 p.m.","PAIN, headache in general, Boring, digging, screwing, Temples, evening, 10 p.m.",سر — درد، برما سا، کنپٹیوں میں، رات 10 بجے,1,1,یکساں
r3086,"PAIN, boring, temples, coughing, on","PAIN, headache in general, Boring, digging, screwing, Temples, coughing, on",سر — درد، برما سا، کنپٹیوں میں، کھانستے وقت,1,1,یکساں
r3089,"PAIN, boring, temples, menses, before","PAIN, headache in general, Boring, digging, screwing, Temples, menses, before",سر — درد، برما سا، کنپٹیوں میں، حیض سے پہلے,1,1,یکساں
r3093,"PAIN, boring, temples, rest, during","PAIN, headache in general, Boring, digging, screwing, Temples, rest, during",سر — درد، برما سا، کنپٹیوں میں، آرام کے دوران,1,1,یکساں
r3102,"PAIN, boring, vertex, spots, in","PAIN, headache in general, Boring, digging, screwing, Vertex, spots, in",سر — درد، برما سا، چوٹی میں، دھبوں میں,3,3,یکساں
r3402,"PAIN, cutting, forehead, air, open agg.","PAIN, headache in general, Cutting, darting, stabbing, Forehead, air, open agg.",سر — درد، کاٹتا ہوا، ماتھے میں، کھلی ہوا میں بگاڑ,1,1,یکساں
r3403,"PAIN, cutting, forehead, blowing nose, on","PAIN, headache in general, Cutting, darting, stabbing, Forehead, blowing nose, on",سر — درد، کاٹتا ہوا، ماتھے میں، ناک سنکنے پر,1,1,یکساں
r3404,"PAIN, cutting, forehead, coughing, on","PAIN, headache in general, Cutting, darting, stabbing, Forehead, coughing, on",سر — درد، کاٹتا ہوا، ماتھے میں، کھانستے وقت,2,2,یکساں
r3405,"PAIN, cutting, forehead, knife, as with","PAIN, headache in general, Cutting, darting, stabbing, Forehead, knife, as with",سر — درد، کاٹتا ہوا، ماتھے میں، جیسے چھری سے,5,5,یکساں
r3406,"PAIN, cutting, forehead, menses, during","PAIN, headache in general, Cutting, darting, stabbing, Forehead, menses, during",سر — درد، کاٹتا ہوا، ماتھے میں، حیض کے دوران,1,1,یکساں
r3407,"PAIN, cutting, forehead, motion, on","PAIN, headache in general, Cutting, darting, stabbing, Forehead, motion, on",سر — درد، کاٹتا ہوا، ماتھے میں، حرکت پر,3,3,یکساں
r3410,"PAIN, cutting, forehead, standing, while","PAIN, headache in general, Cutting, darting, stabbing, Forehead, standing, while",سر — درد، کاٹتا ہوا، ماتھے میں، کھڑے ہوئے,1,1,یکساں
r3411,"PAIN, cutting, forehead, stooping, when","PAIN, headache in general, Cutting, darting, stabbing, Forehead, stooping, when",سر — درد، کاٹتا ہوا، ماتھے میں، جھکنے پر,1,1,یکساں
r3416,"PAIN, cutting, forehead, eyes, above right","PAIN, headache in general, Cutting, darting, stabbing, Forehead, eyes, above right",سر — درد، کاٹتا ہوا، دائیں آنکھ کے اوپر,3,3,یکساں
r3417,"PAIN, cutting, forehead, nose, above root of","PAIN, headache in general, Cutting, darting, stabbing, Forehead, nose, above root of",سر — درد، کاٹتا ہوا، ناک کی جڑ کے اوپر,1,1,یکساں
r3422,"PAIN, cutting, occiput, pulsation, with every","PAIN, headache in general, Cutting, darting, stabbing, Occiput, pulsation, with every",سر — درد، کاٹتا ہوا، گدی میں، ہر دھڑکن کے ساتھ,1,1,یکساں
r3432,"PAIN, cutting, sides, coughing, on","PAIN, headache in general, Cutting, darting, stabbing, Sides, coughing, on",سر — درد، کاٹتا ہوا، پہلوؤں میں، کھانستے وقت,1,1,یکساں
r3433,"PAIN, cutting, sides, knife, as with a","PAIN, headache in general, Cutting, darting, stabbing, Sides, knife, as with a",سر — درد، کاٹتا ہوا، پہلوؤں میں، چھری، جیسے,1,1,یکساں
r3434,"PAIN, cutting, sides, pressure, on","PAIN, headache in general, Cutting, darting, stabbing, Sides, pressure, on",سر — درد، کاٹتا ہوا، پہلوؤں میں، دبانے پر,1,1,یکساں
r3439,"PAIN, cutting, temples, left, when chewing","PAIN, headache in general, Cutting, darting, stabbing, Temples, left, when chewing",سر — درد، کاٹتا ہوا، بائیں کنپٹی میں، چباتے وقت,1,1,یکساں
r3449,"PAIN, cutting, vertex, walking, while","PAIN, headache in general, Cutting, darting, stabbing, Vertex, walking, while",سر — درد، کاٹتا ہوا، چوٹی میں، چلتے ہوئے,1,1,یکساں
r4019,"PAIN, pressing, brain, as if bound up, membranes were too tight","PAIN, headache in general, Pressing (See Bursting, Drawing), Brain, as if bound up, cloth, by a, membranes were too tight",سر — درد، دبانے والا، دماغ جیسے باندھ دیا ہو، جھلیاں بہت تنگ,5,5,یکساں
r50,BUBBLING sensation is,BUBBLING sensation is,سر — بلبلے اٹھنے کا احساس,16,14,ماخذی مطابق کیے
r5258,"PAIN, tearing, air, in open, amel.","PAIN, headache in general, Tearing, rending, air, from cold, in open, amel.",سر — درد، چیرتا ہوا، کھلی ہوا میں آرام,6,6,یکساں
r5319,"PAIN, tearing, room, amel., in","PAIN, headache in general, Tearing, rending, room, on entering, amel., in",سر — درد، چیرتا ہوا، کمرے میں آرام,1,1,یکساں
r5328,"PAIN, tearing, standing, still, amel.","PAIN, headache in general, Tearing, rending, standing, while, still, amel.",سر — درد، چیرتا ہوا، ساکت کھڑے رہنے سے آرام,1,1,یکساں
r5341,"PAIN, tearing, walking, in air, amel.","PAIN, headache in general, Tearing, rending, walking, while, in air, amel.",سر — درد، چیرتا ہوا، کھلی ہوا میں چلنے سے آرام,3,3,یکساں
r5386,"PAIN, tearing, forehead, menses, amel. when flow begins","PAIN, headache in general, Tearing, rending, Forehead, menses, before, amel. when flow begins",سر — درد، چیرتا ہوا، ماتھے میں، حیض جاری ہونے پر آرام,1,1,یکساں
r5387,"PAIN, tearing, forehead, menses, during","PAIN, headache in general, Tearing, rending, Forehead, menses, before, during",سر — درد، چیرتا ہوا، ماتھے میں، حیض کے دوران,2,2,یکساں
r5538,"PAIN, tearing, sides, rising, from stooping","PAIN, headache in general, Tearing, rending, Sides, rising, on, from stooping",سر — درد، چیرتا ہوا، پہلوؤں میں، جھک کر سیدھا ہونے پر,1,1,یکساں
r5580,"PAIN, tearing, temples, eating, after","PAIN, headache in general, Tearing, rending, Temples, eating, while, after",سر — درد، چیرتا ہوا، کنپٹیوں میں، کھانے کے بعد,1,1,یکساں
r5839,"PULSATING, lying, side, on, amel.","PULSATING, beating, throbbing (See Bursting, Congestion, Hammering), lying, while, side, on, amel.",سر — دھڑکن، پہلو پر لیٹنے سے آرام,2,2,یکساں
r6050,"PULSATING, vertex, walking, rapidly, while","PULSATING, beating, throbbing (See Bursting, Congestion, Hammering), Vertex, walking, while, rapidly, while",سر — دھڑکن، چوٹی میں، تیز چلتے ہوئے,2,2,یکساں
r6215,"STIFFNESS, sensation of, occiput, in","STIFFNESS, sensation of, Occiput, in",سر — اکڑن کا احساس، گدی میں,8,7,ماخذی مطابق کیے
r6223,SUNSTROKE,SUNSTROKE,سر — لو لگنا (دھوپ کا اثر),8,7,ماخذی مطابق کیے
r273,"CONSTRICTION, band or hoop","CONSTRICTION, tension (See also Drawing, Pressing), band or hoop",سر — جکڑن (کساؤ)، پٹی یا حلقہ,61,60,ماخذی مطابق کیے
o39259,"FALLING, forward, sensation of, in brain","FALLING backward of head (See Heaviness), forward, sensation of, in brain (See Looseness)",سر — آگے کو گرنے کا احساس، دماغ میں,23,20,ماخذی مطابق کیے
r2384,"PAIN, forehead, nose, above root of","PAIN, headache in general, Forehead, in, nose, above root of",سر — درد، ناک کی جڑ کے اوپر,51,50,ماخذی مطابق کیے
r1447,"PAIN, animal fluids, from loss of","PAIN, headache in general, animal fluids, from loss of (See Sexual excess)",سر — درد، جسمانی رطوبتوں کے ضیاع سے,21,20,ماخذی مطابق کیے
r3864,"PAIN, pressing, evening","PAIN, headache in general, Pressing (See Bursting, Drawing), evening",سر — درد، دبانے والا، شام,42,40,ماخذی مطابق کیے
r354,"CONSTRICTION, occiput","CONSTRICTION, tension (See also Drawing, Pressing), Occiput",سر — جکڑن (کساؤ)، گدی,47,46,ماخذی مطابق کیے
o38704,"AIR or wind, sensation of a current of, above the eyes","AIR OR WIND, passing through head, sensation as of, sensation of a current of, above the eyes",سر — ہوا کے جھونکے کا احساس، آنکھوں کے اوپر,1,1,یکساں
o38762,"COLDNESS, air, as from cold","COLDNESS, chilliness, etc., air, as from cold",سر — ٹھنڈک، جیسے ٹھنڈی ہوا سے,5,5,یکساں
o38768,"COLDNESS, begins in head, spreads from the","COLDNESS, chilliness, etc., begins in head, spreads from the",سر — ٹھنڈک، سر سے شروع ہو کر پھیلے,2,2,یکساں
o38769,"COLDNESS, breakfast, after","COLDNESS, chilliness, etc., breakfast, after",سر — ٹھنڈک، ناشتے کے بعد,1,1,یکساں
o38770,"COLDNESS, burning, after","COLDNESS, chilliness, etc., burning, after",سر — ٹھنڈک، جلن کے بعد,1,1,یکساں
o38772,"COLDNESS, cold cloth around the brain, as if","COLDNESS, chilliness, etc., cold cloth around the brain, as if",سر — ٹھنڈک، جیسے دماغ کے گرد ٹھنڈا کپڑا لپٹا ہو,2,2,یکساں
o38773,"COLDNESS, congestion of, with","COLDNESS, chilliness, etc., congestion of, with",سر — ٹھنڈک، خون کے جماؤ کے ساتھ,1,1,یکساں
o38778,"COLDNESS, forehead, afternoon","COLDNESS, chilliness, etc., Forehead, afternoon",سر — ٹھنڈک، ماتھے میں، سہ پہر,1,1,یکساں
o38781,"COLDNESS, forehead, evening","COLDNESS, chilliness, etc., Forehead, evening",سر — ٹھنڈک، ماتھے میں، شام,3,3,یکساں
o38791,"COLDNESS, headache, during","COLDNESS, chilliness, etc., headache, during",سر — ٹھنڈک، سر درد کے دوران,2,2,یکساں
o38792,"COLDNESS, heat, with","COLDNESS, chilliness, etc., heat, with",سر — ٹھنڈک، گرمی کے ساتھ,2,2,یکساں
o38793,"COLDNESS, heated, from being","COLDNESS, chilliness, etc., heated, from being",سر — ٹھنڈک، گرم ہو جانے سے,1,1,یکساں
o38797,"COLDNESS, menses, during","COLDNESS, chilliness, etc., menses, during",سر — ٹھنڈک، حیض کے دوران,6,6,یکساں
o38799,"COLDNESS, motion, on","COLDNESS, chilliness, etc., motion, on",سر — ٹھنڈک، حرکت پر,2,2,یکساں
o38808,"COLDNESS, pain, with","COLDNESS, chilliness, etc., pain, with",سر — ٹھنڈک، درد کے ساتھ,2,2,یکساں
o38810,"COLDNESS, perspiration, with","COLDNESS, chilliness, etc., perspiration, with",سر — ٹھنڈک، پسینے کے ساتھ,1,1,یکساں
o38811,"COLDNESS, pressure of hat, from","COLDNESS, chilliness, etc., pressure of hat, from",سر — ٹھنڈک، ٹوپی کے دباؤ سے,1,1,یکساں
o38812,"COLDNESS, riding, after","COLDNESS, chilliness, etc., riding, after",سر — ٹھنڈک، سواری کے بعد,1,1,یکساں
o38813,"COLDNESS, scratching, after","COLDNESS, chilliness, etc., scratching, after",سر — ٹھنڈک، کھجانے کے بعد,1,1,یکساں
o38823,"COLDNESS, sitting, while","COLDNESS, chilliness, etc., sitting, while",سر — ٹھنڈک، بیٹھے ہوئے,1,1,یکساں
o38824,"COLDNESS, spot, as of a cold","COLDNESS, chilliness, etc., spot, as of a cold",سر — ٹھنڈک، جیسے ایک ٹھنڈا دھبہ ہو,1,1,یکساں
o38826,"COLDNESS, stool, before","COLDNESS, chilliness, etc., stool, before",سر — ٹھنڈک، پاخانے سے پہلے,1,1,یکساں
o38846,"COLDNESS, water, as from cold","COLDNESS, chilliness, etc., water, as from cold",سر — ٹھنڈک، جیسے ٹھنڈے پانی سے,6,6,یکساں
o39135,"ENLARGED, lying, amel.","ENLARGED sensation (See Expanded, Swollen), lying, while, rising agg., amel.",سر — بڑا ہو جانا، لیٹنے سے آرام,1,1,یکساں
o39249,"FALLING backward, vertigo, during","FALLING backward of head (See Heaviness), sitting, while, vertigo, during",سر — سر پیچھے کو گرے، چکر کے دوران,1,1,یکساں
o39250,"FALLING backward, walking, while","FALLING backward of head (See Heaviness), sitting, while, walking, while",سر — سر پیچھے کو گرے، چلتے ہوئے,3,3,یکساں
o39360,"FULLNESS (See Enlarged), sleep, amel.","FULLNESS (See Enlarged), sleep, agg., after, amel.",سر — بھراؤ، نیند سے آرام,1,1,یکساں
o39916,"MOTIONS, in head, carrying a weight","MOTIONS, movements, etc., in head (See Knocking, Looseness, Shaking, Waving, etc.), carrying a weight",سر — سر میں حرکت، وزن اٹھاتے ہوئے,1,1,یکساں
o39922,"MOTIONS, in head, evening","MOTIONS, movements, etc., in head (See Knocking, Looseness, Shaking, Waving, etc.), evening",سر — سر میں حرکت، شام,6,6,یکساں
o39924,"MOTIONS, in head, lying on right side","MOTIONS, movements, etc., in head (See Knocking, Looseness, Shaking, Waving, etc.), lying on right side",سر — سر میں حرکت، دائیں پہلو لیٹنے پر,1,1,یکساں
o39936,"MOTIONS, in head, pressure amel.","MOTIONS, movements, etc., in head (See Knocking, Looseness, Shaking, Waving, etc.), pressure amel.",سر — سر میں حرکت، دبانے سے آرام,1,1,یکساں
o39949,"MOTIONS, in head, thinking about it amel.","MOTIONS, movements, etc., in head (See Knocking, Looseness, Shaking, Waving, etc.), thinking about it amel.",سر — سر میں حرکت، اس کے بارے میں سوچنے سے آرام,1,1,یکساں
o40057,"PAIN, bending head, forward","PAIN, headache in general, bending head backward, while, forward (See Stooping)",سر — درد، سر آگے جھکانے پر,6,6,یکساں
o40063,"PAIN, binding, up the hair","PAIN, headache in general, binding head, from (See Pressure), up the hair",سر — درد، بال باندھنے سے,55,55,یکساں
o40654,"PAIN, diarrhoea, amel.","PAIN, headache in general, diarrhœa, with, amel.",سر — درد، دستوں سے آرام,4,4,یکساں
o41510,"PAIN, lying, side, on, painful side, amel.","PAIN, headache in general, lying, while, side, on, while, painful side, on, amel.",سر — درد، لیٹنا، دکھتے پہلو پر لیٹنے سے آرام,9,9,یکساں
o43436,"PAIN, stitching, vertex, extending, head, through whole","PAIN, headache in general, Stitching, Vertex, extending, forehead, to, head, to, through whole",سر — درد، چبھتا ہوا، چوٹی سے پورے سر کے آر پار,1,1,یکساں
o43605,"PAIN, tearing, forehead, extending, nose, root","PAIN, headache in general, Tearing, rending, Forehead, extending to cervical muscles, then to right arm, nose, to, root",سر — درد، چیرتا ہوا، ماتھے سے ناک کی جڑ تک,2,2,یکساں
o43850,"PAIN, tearing, temples, extending, ear, to","PAIN, headache in general, Tearing, rending, Temples, extending, brain, into, ear, to",سر — درد، چیرتا ہوا، کنپٹیوں سے کان تک,2,2,یکساں
o43852,"PAIN, tearing, temples, extending, face, to","PAIN, headache in general, Tearing, rending, Temples, extending, brain, into, face, to",سر — درد، چیرتا ہوا، کنپٹیوں سے چہرے تک,6,6,یکساں
o43853,"PAIN, tearing, temples, extending, forehead, across","PAIN, headache in general, Tearing, rending, Temples, extending, brain, into, forehead, across",سر — درد، چیرتا ہوا، کنپٹیوں سے پھیلتا ہوا، ماتھے میں، آر پار,4,4,یکساں
o43854,"PAIN, tearing, temples, extending, jaw, to","PAIN, headache in general, Tearing, rending, Temples, extending, brain, into, jaw, to",سر — درد، چیرتا ہوا، کنپٹیوں سے جبڑے تک,2,2,یکساں
o43855,"PAIN, tearing, temples, extending, neck, to","PAIN, headache in general, Tearing, rending, Temples, extending, brain, into, neck, to",سر — درد، چیرتا ہوا، کنپٹیوں سے گردن تک,2,2,یکساں
o43856,"PAIN, tearing, temples, extending, occiput, to","PAIN, headache in general, Tearing, rending, Temples, extending, brain, into, occiput, to",سر — درد، چیرتا ہوا، کنپٹیوں سے گدی تک,2,2,یکساں
o43857,"PAIN, tearing, temples, extending, teeth, to","PAIN, headache in general, Tearing, rending, Temples, extending, brain, into, teeth, to",سر — درد، چیرتا ہوا، کنپٹیوں سے دانتوں تک,4,4,یکساں
o43859,"PAIN, tearing, temples, extending, vertex, to","PAIN, headache in general, Tearing, rending, Temples, extending, brain, into, vertex, to",سر — درد، چیرتا ہوا، کنپٹیوں سے چوٹی تک,2,2,یکساں
o43860,"PAIN, tearing, temples, extending, zygoma, to","PAIN, headache in general, Tearing, rending, Temples, extending, brain, into, zygoma, to",سر — درد، چیرتا ہوا، کنپٹیوں سے گال کی ہڈی تک,1,1,یکساں
o43900,"PAIN, tearing, vertex, extending, occiput, to","PAIN, headache in general, Tearing, rending, Vertex, extending, ear, to, occiput, to",سر — درد، چیرتا ہوا، چوٹی سے گدی تک,1,1,یکساں
o43902,"PAIN, tearing, vertex, extending, shoulder, to","PAIN, headache in general, Tearing, rending, Vertex, extending, ear, to, shoulder, to",سر — درد، چیرتا ہوا، چوٹی سے کندھے تک,1,1,یکساں
o43903,"PAIN, tearing, vertex, extending, zygoma, to","PAIN, headache in general, Tearing, rending, Vertex, extending, ear, to, zygoma, to",سر — درد، چیرتا ہوا، چوٹی سے گال کی ہڈی تک,1,1,یکساں
o44368,"PULSATING, brain, beating of, throbbing pain in middle of brain, every morning, lasts all day","PULSATING, beating, throbbing (See Bursting, Congestion, Hammering), Brain, seems to be in, beating of, against skull, throbbing pain in middle of brain, every morning, lasts all day",سر — دھڑکن، دماغ کے بیچ میں دھڑکتا درد، ہر صبح، سارا دن رہے,1,1,یکساں
o44481,"PULSATING, motion, amel.","PULSATING, beating, throbbing (See Bursting, Congestion, Hammering), motion agg., amel.",سر — دھڑکن، حرکت سے آرام,2,2,یکساں
o44529,"PULSATING, pressure, upon forehead causes beating","PULSATING, beating, throbbing (See Bursting, Congestion, Hammering), pressure amel., upon forehead causes beating",سر — دھڑکن، ماتھے پر دباؤ سے دھک دھک شروع ہو,1,1,یکساں
o44530,"PULSATING, pressure, with hands amel.","PULSATING, beating, throbbing (See Bursting, Congestion, Hammering), pressure amel., with hands amel.",سر — دھڑکن، ہاتھوں کے دباؤ سے آرام,2,2,یکساں
o44607,"PULSATING, turning, eyes agg.","PULSATING, beating, throbbing (See Bursting, Congestion, Hammering), turning around agg., eyes agg.",سر — دھڑکن (سر میں نبض کی طرح دھڑکنا)، آنکھیں گھمانے سے بگاڑ,1,1,یکساں
o44633,"PULSATING, warm room, amel.","PULSATING, beating, throbbing (See Bursting, Congestion, Hammering), warm room agg., amel.",سر — دھڑکن (سر میں نبض کی طرح دھڑکنا)، گرم کمرے میں آرام,2,2,یکساں
o44650,"RAISE the head, unable to, morning on waking","RAISE THE HEAD, difficult to, night, unable to, morning on waking",سر — سر اٹھا نہیں سکتا، صبح جاگنے پر,1,1,یکساں
o44684,"SEPARATED, brain from skull, were","SEPARATED from body, were, as if, brain from skull, were",سر — جیسے دماغ کھوپڑی سے الگ ہو گیا ہو,1,1,یکساں
o44714,"SHOCKS, blows, cold air","SHOCKS, blows, jerks, etc. (See Jerking Pain, Pulsation, Plug, Nail), cold air",سر — ضربیں، ٹھنڈی ہوا سے,1,1,یکساں
o44721,"SHOCKS, blows, evening","SHOCKS, blows, jerks, etc. (See Jerking Pain, Pulsation, Plug, Nail), evening",سر — ضربیں، شام,1,1,یکساں
o44748,"SHOCKS, blows, outward","SHOCKS, blows, jerks, etc. (See Jerking Pain, Pulsation, Plug, Nail), outward",سر — ضربیں، باہر کی طرف,1,1,یکساں
o44749,"SHOCKS, blows, pressure amel.","SHOCKS, blows, jerks, etc. (See Jerking Pain, Pulsation, Plug, Nail), pressure amel.",سر — ضربیں، دبانے سے آرام,2,2,یکساں
o44755,"SHOCKS, blows, sides","SHOCKS, blows, jerks, etc. (See Jerking Pain, Pulsation, Plug, Nail), Sides",سر — ضربیں، پہلوؤں میں,17,17,یکساں
o44764,"SHOCKS, blows, sudden","SHOCKS, blows, jerks, etc. (See Jerking Pain, Pulsation, Plug, Nail), sudden",سر — ضربیں، اچانک,2,2,یکساں
o44766,"SHOCKS, blows, temples","SHOCKS, blows, jerks, etc. (See Jerking Pain, Pulsation, Plug, Nail), Temples",سر — ضربیں، کنپٹیوں میں,14,14,یکساں
o44775,"SHOCKS, blows, waking him","SHOCKS, blows, jerks, etc. (See Jerking Pain, Pulsation, Plug, Nail), waking him",سر — ضربیں، جگا دیں,1,1,یکساں
r104,"COLDNESS, forehead, morning","COLDNESS, chilliness, etc., Forehead, morning",سر — ٹھنڈک، ماتھے میں، صبح,1,1,یکساں
r107,"COLDNESS, forehead, night","COLDNESS, chilliness, etc., Forehead, night",سر — ٹھنڈک، ماتھے میں، رات,1,1,یکساں
r110,"COLDNESS, forehead, externally","COLDNESS, chilliness, etc., Forehead, externally",سر — ٹھنڈک، ماتھے میں، باہر سے,5,5,یکساں
r118,"COLDNESS, occiput, right side","COLDNESS, chilliness, etc., Occiput, right side",سر — ٹھنڈک، گدی میں، دائیں طرف,1,1,یکساں
r119,"COLDNESS, occiput, evening","COLDNESS, chilliness, etc., Occiput, evening",سر — ٹھنڈک، گدی میں، شام,2,2,یکساں
r1196,"LOOSENESS of brain, walking, in open air","LOOSENESS of brain, sensation of (See Motion, shaking, falling, striking), walking, while, in open air",سر — دماغ ڈھیلا، کھلی ہوا میں چلتے ہوئے,2,2,یکساں
r121,"COLDNESS, occiput, as if frozen","COLDNESS, chilliness, etc., Occiput, as if frozen",سر — ٹھنڈک، گدی میں، جیسے جم گئی ہو,3,3,یکساں
r122,"COLDNESS, occiput, cold damp weather","COLDNESS, chilliness, etc., Occiput, cold damp weather",سر — ٹھنڈک، گدی میں، ٹھنڈے نم موسم میں,1,1,یکساں
r123,"COLDNESS, occiput, rising from neck like cold air","COLDNESS, chilliness, etc., Occiput, rising from neck like cold air",سر — ٹھنڈک، گدی میں، گردن سے ٹھنڈی ہوا کی طرح اوپر اٹھتی ہوئی,2,2,یکساں
r125,"COLDNESS, sides, right","COLDNESS, chilliness, etc., Sides, right",سر — ٹھنڈک، دائیں پہلو میں,3,3,یکساں
r126,"COLDNESS, sides, evening","COLDNESS, chilliness, etc., Sides, evening",سر — ٹھنڈک، پہلوؤں میں، شام,2,2,یکساں
r127,"COLDNESS, sides, but feels burning hot","COLDNESS, chilliness, etc., Sides, but feels burning hot",سر — ٹھنڈک، پہلوؤں میں، مگر جلتے ہوئے گرم محسوس ہوں,2,2,یکساں
r128,"COLDNESS, sides, left","COLDNESS, chilliness, etc., Sides, left",سر — ٹھنڈک، بائیں پہلو میں,2,2,یکساں
r129,"COLDNESS, sides, one-sided","COLDNESS, chilliness, etc., Sides, one-sided",سر — ٹھنڈک، ایک پہلو میں,3,3,یکساں
r132,"COLDNESS, sides, warmth amel.","COLDNESS, chilliness, etc., Sides, warmth amel.",سر — ٹھنڈک، پہلوؤں میں، گرمائش سے آرام,1,1,یکساں
r134,"COLDNESS, temples, right","COLDNESS, chilliness, etc., Temples, right",سر — ٹھنڈک، دائیں کنپٹی میں,2,2,یکساں
r136,"COLDNESS, vertex, afternoon","COLDNESS, chilliness, etc., Vertex, afternoon",سر — ٹھنڈک، چوٹی پر، سہ پہر,1,1,یکساں
r137,"COLDNESS, vertex, as if without covering upper part","COLDNESS, chilliness, etc., Vertex, as if without covering upper part",سر — ٹھنڈک، چوٹی پر، جیسے اوپر کا حصہ ڈھکا ہی نہ ہو,1,1,یکساں
r139,"COLDNESS, vertex, icy coldness","COLDNESS, chilliness, etc., Vertex, icy coldness",سر — ٹھنڈک، چوٹی پر، برف جیسی,5,5,یکساں
r1457,"PAIN, bathing, amel.","PAIN, headache in general, bathing, after (See Washing), amel.",سر — درد، نہانے سے آرام,1,1,یکساں
r1458,"PAIN, bathing, cold","PAIN, headache in general, bathing, after (See Washing), cold",سر — درد، ٹھنڈے پانی سے نہانے سے,8,8,یکساں
r1459,"PAIN, bathing, sea","PAIN, headache in general, bathing, after (See Washing), sea",سر — درد، سمندر میں نہانے سے,3,3,یکساں
r146,"COLDNESS, vertex, warm room","COLDNESS, chilliness, etc., Vertex, warm room",سر — ٹھنڈک، چوٹی پر، گرم کمرے میں,1,1,یکساں
r1461,"PAIN, bed, amel.","PAIN, headache in general, bed, on going to, amel.",سر — درد، بستر میں آرام,5,5,یکساں
r1462,"PAIN, bed, must leave the","PAIN, headache in general, bed, on going to, must leave the",سر — درد، بستر چھوڑنا پڑتا ہے,2,2,یکساں
r1466,"PAIN, bending head backward, amel.","PAIN, headache in general, bending head backward, while, amel.",سر — درد، سر پیچھے جھکانے سے آرام,14,14,یکساں
r1474,"PAIN, binding head, amel.","PAIN, headache in general, binding head, from (See Pressure), amel.",سر — درد، سر باندھنے سے آرام,18,18,یکساں
r148,"COLDNESS, vertex, extending to sacrum","COLDNESS, chilliness, etc., Vertex, extending to sacrum",سر — ٹھنڈک، چوٹی سے ریڑھ کے نچلے سرے تک,1,1,یکساں
r1484,"PAIN, breakfast, after","PAIN, headache in general, breakfast, before, after",سر — درد، ناشتے کے بعد,19,19,یکساں
r1485,"PAIN, breakfast, amel.","PAIN, headache in general, breakfast, before, amel.",سر — درد، ناشتے سے آرام,16,16,یکساں
r1494,"PAIN, chill, during","PAIN, headache in general, chill, before the, during",سر — درد، سردی لگنے کے دوران,81,81,یکساں
r1495,"PAIN, chill, after","PAIN, headache in general, chill, before the, after",سر — درد، سردی لگنے کے بعد,14,14,یکساں
r1504,"PAIN, closing eyes, amel.","PAIN, headache in general, closing eyes, on, amel.",سر — درد، آنکھیں بند کرنے سے آرام,24,24,یکساں
r1507,"PAIN, coffee, amel.","PAIN, headache in general, coffee, from, amel.",سر — درد، کافی سے آرام,6,6,یکساں
r1525,"PAIN, constant, two or three days","PAIN, headache in general, constant, continued, two or three days",سر — درد، مسلسل، دو تین دن,2,2,یکساں
r1534,"PAIN, coughing, amel.","PAIN, headache in general, coughing, on, amel.",سر — درد، کھانسنے سے آرام,1,1,یکساں
r1564,"PAIN, epistaxis, amel.","PAIN, headache in general, epistaxis, after, amel.",سر — درد، نکسیر سے آرام,15,15,یکساں
r1570,"PAIN, exertion of body, amel.","PAIN, headache in general, exertion of body, etc., amel.",سر — درد، جسمانی محنت سے آرام,7,7,یکساں
r1576,"PAIN, fasting, from","PAIN, headache in general, fasting, from",سر — درد، فاقے سے,20,19,ماخذی مطابق کیے
r1584,"PAIN, frowning, amel.","PAIN, headache in general, frowning, from, amel.",سر — درد، تیوری چڑھانے سے آرام,4,4,یکساں
r1596,"PAIN, heat, after the","PAIN, headache in general, heat, before the, after the",سر — درد، بخار کی گرمی کے بعد,5,5,یکساں
r1616,"PAIN, increasing gradually, but ceasing suddenly","PAIN, headache in general, increasing gradually, gradually, but ceasing suddenly",سر — درد، آہستہ آہستہ بڑھے مگر اچانک ختم ہو,4,4,یکساں
r1628,"PAIN, leaning against something, amel.","PAIN, headache in general, leaning against something, while, amel.",سر — درد، ٹیک لگانے سے آرام,22,22,یکساں
r1642,"PAIN, looking fixedly at anything, amel.","PAIN, headache in general, looking fixedly at anything, from, amel.",سر — درد، ٹکٹکی باندھ کر دیکھنے سے آرام,3,3,یکساں
r1650,"PAIN, lying, amel.","PAIN, headache in general, lying, while, amel.",سر — درد، لیٹنے سے آرام,61,61,یکساں
r1651,"PAIN, lying, in a dark room agg.","PAIN, headache in general, lying, while, in a dark room agg.",سر — درد، لیٹنا، اندھیرے کمرے میں لیٹنے سے بگاڑ,1,1,یکساں
r1677,"PAIN, menses, suppressed","PAIN, headache in general, menses, before, suppressed",سر — درد، رکے ہوئے حیض سے,5,5,یکساں
r1683,"PAIN, mental exertion, amel.","PAIN, headache in general, mental exertion, from, amel.",سر — درد، ذہنی محنت سے آرام,16,16,یکساں
r1689,"PAIN, motion, amel.","PAIN, headache in general, motion, from, amel.",سر — درد، حرکت سے آرام,57,57,یکساں
r1690,"PAIN, motion, up and down amel.","PAIN, headache in general, motion, from, up and down amel.",سر — درد، اوپر نیچے حرکت سے آرام,1,1,یکساں
r1696,"PAIN, move, pains compel one to","PAIN, headache in general, move, on beginning to, pains compel one to",سر — درد، ہلنے پر مجبور کر دے,2,2,یکساں
r1712,"PAIN, noise, footsteps","PAIN, headache in general, noise, from, footsteps",سر — درد، قدموں کی آواز سے,5,5,یکساں
r1714,"PAIN, noise, rattling of vehicles","PAIN, headache in general, noise, from, rattling of vehicles",سر — درد، گاڑیوں کی کھڑکھڑاہٹ سے,2,2,یکساں
r1715,"PAIN, noise, voices especially","PAIN, headache in general, noise, from, voices especially",سر — درد، خاص کر آوازوں (بولنے) سے,2,2,یکساں
r1721,"PAIN, odors, strong and agreeable","PAIN, headache in general, odors, from strong, strong and agreeable",سر — درد، تیز اور خوشگوار بو سے,1,1,یکساں
r174,"CONGESTION, anger, after","CONGESTION, hyperæmia, etc. (See Fullness, Pulsation), anger, after",سر — خون کا جماؤ (سر کو خون چڑھنا)، غصے کے بعد,3,3,یکساں
r175,"CONGESTION, anxiety, with","CONGESTION, hyperæmia, etc. (See Fullness, Pulsation), anxiety, with",سر — خون کا جماؤ (سر کو خون چڑھنا)، بے چینی کے ساتھ,3,3,یکساں
r1757,"PAIN, perspiration, after","PAIN, headache in general, perspiration, with, after",سر — درد، پسینے کے بعد,7,7,یکساں
r1758,"PAIN, perspiration, amel.","PAIN, headache in general, perspiration, with, amel.",سر — درد، پسینے سے آرام,14,14,یکساں
r1759,"PAIN, perspiration, preceded by headache","PAIN, headache in general, perspiration, with, preceded by headache",سر — درد، پسینے سے پہلے سر درد,1,1,یکساں
r176,"CONGESTION, bed, while in","CONGESTION, hyperæmia, etc. (See Fullness, Pulsation), bed, while in",سر — خون کا جماؤ (سر کو خون چڑھنا)، بستر میں,5,5,یکساں
r177,"CONGESTION, bending head backward, on","CONGESTION, hyperæmia, etc. (See Fullness, Pulsation), bending head backward, on",سر — خون کا جماؤ (سر کو خون چڑھنا)، سر پیچھے جھکانے پر,1,1,یکساں
r179,"CONGESTION, blowing nose, on","CONGESTION, hyperæmia, etc. (See Fullness, Pulsation), blowing nose, on",سر — خون کا جماؤ (سر کو خون چڑھنا)، ناک سنکنے پر,1,1,یکساں
r180,"CONGESTION, chest, during shocks in","CONGESTION, hyperæmia, etc. (See Fullness, Pulsation), chest, during shocks in",سر — خون کا جماؤ (سر کو خون چڑھنا)، سینے میں جھٹکوں کے دوران,1,1,یکساں
r181,"CONGESTION, coffee, from","CONGESTION, hyperæmia, etc. (See Fullness, Pulsation), coffee, from",سر — خون کا جماؤ (سر کو خون چڑھنا)، کافی سے,4,4,یکساں
r182,"CONGESTION, constipation, during","CONGESTION, hyperæmia, etc. (See Fullness, Pulsation), constipation, during",سر — خون کا جماؤ (سر کو خون چڑھنا)، قبض کے دوران,3,3,یکساں
r183,"CONGESTION, convulsions, before","CONGESTION, hyperæmia, etc. (See Fullness, Pulsation), convulsions, before",سر — خون کا جماؤ، تشنج سے پہلے,1,1,یکساں
r1849,"PAIN, spirituous liquors, amel.","PAIN, headache in general, spirituous liquors, from, amel.",سر — درد، تیز شراب سے آرام,9,9,یکساں
r185,"CONGESTION, coughing, on","CONGESTION, hyperæmia, etc. (See Fullness, Pulsation), coughing, on",سر — خون کا جماؤ (سر کو خون چڑھنا)، کھانستے وقت,35,35,یکساں
r1852,"PAIN, standing, amel.","PAIN, headache in general, standing, while, amel.",سر — درد، کھڑے ہونے سے آرام,4,4,یکساں
r186,"CONGESTION, dinner, after","CONGESTION, hyperæmia, etc. (See Fullness, Pulsation), dinner, after",سر — خون کا جماؤ (سر کو خون چڑھنا)، دوپہر کے کھانے کے بعد,3,3,یکساں
r1863,"PAIN, stooping, amel.","PAIN, headache in general, stooping, from, amel.",سر — درد، جھکنے سے آرام,19,19,یکساں
r187,"CONGESTION, eating, before","CONGESTION, hyperæmia, etc. (See Fullness, Pulsation), eating, before",سر — خون کا جماؤ، کھانے سے پہلے,1,1,یکساں
r1878,"PAIN, talking, amel.","PAIN, headache in general, talking, while, amel.",سر — درد، باتیں کرنے سے آرام,5,5,یکساں
r1879,"PAIN, talking, distant","PAIN, headache in general, talking, while, distant",سر — درد، دور کی باتوں کی آواز سے,1,1,یکساں
r1888,"PAIN, thunderstorms, during","PAIN, headache in general, thunderstorms, before, during",سر — درد، گرج چمک کے طوفان کے دوران,1,1,یکساں
r190,"CONGESTION, epilepsy, before","CONGESTION, hyperæmia, etc. (See Fullness, Pulsation), epilepsy, before",سر — خون کا جماؤ (سر کو خون چڑھنا)، مرگی کے دورے سے پہلے,1,1,یکساں
r1905,"PAIN, unconsciousness, on moving","PAIN, headache in general, unconsciousness, with, on moving",سر — درد، حرکت پر بے ہوشی,3,3,یکساں
r1907,"PAIN, uncovering body, amel.","PAIN, headache in general, uncovering body, from, amel.",سر — درد، جسم کھولنے سے آرام,1,1,یکساں
r191,"CONGESTION, epistaxis, with","CONGESTION, hyperæmia, etc. (See Fullness, Pulsation), epistaxis, with",سر — خون کا جماؤ، نکسیر کے ساتھ,11,11,یکساں
r1928,"PAIN, walking, amel.","PAIN, headache in general, walking, while (See Motion, Stepping), amel.",سر — درد، چلنے سے آرام,40,40,یکساں
r193,"CONGESTION, excitement, during","CONGESTION, hyperæmia, etc. (See Fullness, Pulsation), excitement, during",سر — خون کا جماؤ، جوش کے دوران,2,2,یکساں
r1931,"PAIN, walking, compelled to stand or walk","PAIN, headache in general, walking, while (See Motion, Stepping), compelled to stand or walk",سر — درد، کھڑے رہنے یا چلنے پر مجبور کرے,1,1,یکساں
r1933,"PAIN, walking in open air, amel.","PAIN, headache in general, walking in open air, while, amel.",سر — درد، کھلی ہوا میں چلنے سے آرام,57,57,یکساں
r1934,"PAIN, walking in open air, after","PAIN, headache in general, walking in open air, while, after",سر — درد، کھلی ہوا میں چلنے کے بعد,27,27,یکساں
r195,"CONGESTION, exercise, on taking","CONGESTION, hyperæmia, etc. (See Fullness, Pulsation), exercise, on taking",سر — خون کا جماؤ (سر کو خون چڑھنا)، ورزش کرنے پر,1,1,یکساں
r1953,"PAIN, weather, cloudy","PAIN, headache in general, weather, from changes of, cloudy",سر — درد، ابر آلود موسم میں,11,11,یکساں
r1954,"PAIN, weather, cold","PAIN, headache in general, weather, from changes of, cold",سر — درد، سرد موسم میں,39,39,یکساں
r196,"CONGESTION, fright or grief, from","CONGESTION, hyperæmia, etc. (See Fullness, Pulsation), fright or grief, from",سر — خون کا جماؤ (سر کو خون چڑھنا)، ڈر یا غم سے,1,1,یکساں
r197,"CONGESTION, heart, at every throb of","CONGESTION, hyperæmia, etc. (See Fullness, Pulsation), heart, at every throb of",سر — خون کا جماؤ، دل کی ہر دھڑکن پر,2,2,یکساں
r1970,"PAIN, wine, amel.","PAIN, headache in general, wine, from, amel.",سر — درد، شراب سے آرام,3,3,یکساں
r1971,"PAIN, wine, sour","PAIN, headache in general, wine, from, sour",سر — درد، کھٹی شراب سے,4,4,یکساں
r1975,"PAIN, work, amel.","PAIN, headache in general, work, from, amel.",سر — درد، کام سے آرام,1,1,یکساں
r1976,"PAIN, work, while doing some disagreeable","PAIN, headache in general, work, from, while doing some disagreeable",سر — درد، کوئی ناگوار کام کرتے ہوئے,1,1,یکساں
r1983,"PAIN, yawning, amel.","PAIN, headache in general, yawning, when, amel.",سر — درد، جمائی سے آرام,3,3,یکساں
r199,"CONGESTION, heat of face, with","CONGESTION, hyperæmia, etc. (See Fullness, Pulsation), heat of face, with",سر — خون کا جماؤ (سر کو خون چڑھنا)، چہرے کی گرمی کے ساتھ,17,17,یکساں
r200,"CONGESTION, lifting, after","CONGESTION, hyperæmia, etc. (See Fullness, Pulsation), lifting, after",سر — خون کا جماؤ (سر کو خون چڑھنا)، وزن اٹھانے کے بعد,1,1,یکساں
r201,"CONGESTION, lochia, from suppressed","CONGESTION, hyperæmia, etc. (See Fullness, Pulsation), lochia, from suppressed",سر — خون کا جماؤ (سر کو خون چڑھنا)، زچگی کے بعد کا خون رک جانے سے,4,4,یکساں
r2018,"PAIN, brain, forenoon","PAIN, headache in general, Brain, aching deep in, forenoon",سر — درد، دماغ میں، دوپہر سے پہلے,3,3,یکساں
r2019,"PAIN, brain, afternoon","PAIN, headache in general, Brain, aching deep in, afternoon",سر — درد، دماغ میں، سہ پہر,7,7,یکساں
r2020,"PAIN, brain, evening","PAIN, headache in general, Brain, aching deep in, evening",سر — درد، دماغ میں، شام,7,7,یکساں
r2022,"PAIN, brain, exercise on","PAIN, headache in general, Brain, aching deep in, exercise on",سر — درد، دماغ میں، ورزش پر,1,1,یکساں
r2024,"PAIN, brain, motion of upper lids","PAIN, headache in general, Brain, aching deep in, motion of upper lids",سر — درد، دماغ میں، اوپر کی پلکیں ہلانے پر,1,1,یکساں
r2025,"PAIN, brain, rising after stooping","PAIN, headache in general, Brain, aching deep in, rising after stooping",سر — درد، دماغ میں، جھک کر سیدھا ہونے پر,1,1,یکساں
r2026,"PAIN, brain, shaking the head","PAIN, headache in general, Brain, aching deep in, shaking the head",سر — درد، دماغ میں، سر ہلانے پر,2,2,یکساں
r2027,"PAIN, brain, thinking","PAIN, headache in general, Brain, aching deep in, thinking",سر — درد، دماغ میں، سوچنے سے,1,1,یکساں
r2032,"PAIN, brain, wandering","PAIN, headache in general, Brain, aching deep in, wandering",سر — درد، دماغ میں، گھومتا پھرتا,2,2,یکساں
r2033,"PAIN, brain, extending out through forehead","PAIN, headache in general, Brain, aching deep in, extending out through forehead",سر — درد، دماغ میں، دماغ سے ماتھے کے آر پار باہر تک,1,1,یکساں
r2036,"PAIN, forehead, right side","PAIN, headache in general, Forehead, in, right side",سر — درد، ماتھے کے دائیں حصے میں,100,100,یکساں
r2045,"PAIN, forehead, left side","PAIN, headache in general, Forehead, in, left side",سر — درد، ماتھے کے بائیں حصے میں,97,97,یکساں
r2048,"PAIN, forehead, daytime","PAIN, headache in general, Forehead, in, daytime",سر — درد، ماتھے میں، دن کے وقت,21,21,یکساں
r206,"CONGESTION, menses, before","CONGESTION, hyperæmia, etc. (See Fullness, Pulsation), menses, before",سر — خون کا جماؤ، حیض سے پہلے,16,16,یکساں
r2060,"PAIN, forehead, noon","PAIN, headache in general, Forehead, in, noon",سر — درد، ماتھے میں، دوپہر,8,8,یکساں
r2089,"PAIN, forehead, alternating with pain in small of back","PAIN, headache in general, Forehead, in, alternating with pain in small of back",سر — درد، ماتھے میں، باری باری کمر کے نچلے حصے کے درد کے ساتھ,1,1,یکساں
r2095,"PAIN, forehead, ascending steps","PAIN, headache in general, Forehead, in, ascending steps",سر — درد، ماتھے میں، سیڑھیاں چڑھتے ہوئے,7,7,یکساں
r210,"CONGESTION, mental exertion, from","CONGESTION, hyperæmia, etc. (See Fullness, Pulsation), mental exertion, from",سر — خون کا جماؤ (سر کو خون چڑھنا)، ذہنی محنت سے,8,8,یکساں
r2100,"PAIN, forehead, blowing nose","PAIN, headache in general, Forehead, in, blowing nose",سر — درد، ماتھے میں، ناک سنکنے پر,1,1,یکساں
r2101,"PAIN, forehead, business men","PAIN, headache in general, Forehead, in, business men",سر — درد، ماتھے میں، کاروباری لوگوں میں,1,1,یکساں
r2105,"PAIN, forehead, closing eyes amel.","PAIN, headache in general, Forehead, in, closing eyes amel.",سر — درد، ماتھے میں، آنکھیں بند کرنے سے آرام,6,6,یکساں
r2106,"PAIN, forehead, cold applications amel.","PAIN, headache in general, Forehead, in, cold applications amel.",سر — درد، ماتھے میں، ٹھنڈی پٹیوں سے آرام,5,5,یکساں
r211,"CONGESTION, motion, from","CONGESTION, hyperæmia, etc. (See Fullness, Pulsation), motion, from",سر — خون کا جماؤ، حرکت سے,7,7,یکساں
r2113,"PAIN, forehead, descending","PAIN, headache in general, Forehead, in, descending",سر — درد، ماتھے میں، نیچے اترتے ہوئے,2,2,یکساں
r2115,"PAIN, forehead, diversion","PAIN, headache in general, Forehead, in, diversion",سر — درد، ماتھے میں، دھیان بٹانے سے,1,1,یکساں
r2120,"PAIN, forehead, foot-steps","PAIN, headache in general, Forehead, in, foot-steps",سر — درد، ماتھے میں، قدموں کی آواز سے,2,2,یکساں
r2121,"PAIN, forehead, hammering in","PAIN, headache in general, Forehead, in, hammering in",سر — درد، ماتھے میں، ہتھوڑے جیسا,10,10,یکساں
r2125,"PAIN, forehead, increase gradually","PAIN, headache in general, Forehead, in, increase gradually",سر — درد، ماتھے میں، آہستہ آہستہ بڑھے,1,1,یکساں
r2126,"PAIN, forehead, intermittent","PAIN, headache in general, Forehead, in, intermittent",سر — درد، ماتھے میں، وقفے وقفے سے,2,2,یکساں
r2127,"PAIN, forehead, laughing","PAIN, headache in general, Forehead, in, laughing",سر — درد، ماتھے میں، ہنسنے سے,2,2,یکساں
r2128,"PAIN, forehead, leaning forward sewing","PAIN, headache in general, Forehead, in, leaning forward sewing",سر — درد، ماتھے میں، آگے جھک کر سلائی کرنے سے,1,1,یکساں
r2129,"PAIN, forehead, looking steadily","PAIN, headache in general, Forehead, in, looking steadily",سر — درد، ماتھے میں، ایک ٹک دیکھنے سے,1,1,یکساں
r213,"CONGESTION, music, from","CONGESTION, hyperæmia, etc. (See Fullness, Pulsation), music, from",سر — خون کا جماؤ (سر کو خون چڑھنا)، موسیقی سے,1,1,یکساں
r2142,"PAIN, forehead, mental exertion","PAIN, headache in general, Forehead, in, mental exertion",سر — درد، ماتھے میں، ذہنی محنت سے,38,38,یکساں
r215,"CONGESTION, pale face, with","CONGESTION, hyperæmia, etc. (See Fullness, Pulsation), pale face, with",سر — خون کا جماؤ (سر کو خون چڑھنا)، زرد چہرے کے ساتھ,2,2,یکساں
r2150,"PAIN, forehead, noise","PAIN, headache in general, Forehead, in, noise",سر — درد، ماتھے میں، شور سے,13,13,یکساں
r2152,"PAIN, forehead, paroxysmal","PAIN, headache in general, Forehead, in, paroxysmal",سر — درد، ماتھے میں، دوروں کی شکل میں,7,7,یکساں
r2153,"PAIN, forehead, periodic","PAIN, headache in general, Forehead, in, periodic",سر — درد، ماتھے میں، وقفے وقفے سے، باقاعدہ,10,10,یکساں
r2157,"PAIN, forehead, pulsating","PAIN, headache in general, Forehead, in, pulsating",سر — درد، ماتھے میں، دھڑکتا ہوا,51,51,یکساں
r217,"CONGESTION, perspiration, during","CONGESTION, hyperæmia, etc. (See Fullness, Pulsation), perspiration, during",سر — خون کا جماؤ، پسینے کے دوران,1,1,یکساں
r2170,"PAIN, forehead, rubbing amel.","PAIN, headache in general, Forehead, in, rubbing amel.",سر — درد، ماتھے میں، ملنے سے آرام,6,6,یکساں
r2172,"PAIN, forehead, shaking the head","PAIN, headache in general, Forehead, in, shaking the head",سر — درد، ماتھے میں، سر ہلانے پر,6,6,یکساں
r2178,"PAIN, forehead, sneezing","PAIN, headache in general, Forehead, in, sneezing",سر — درد، ماتھے میں، چھینک سے,5,5,یکساں
r2181,"PAIN, forehead, stepping","PAIN, headache in general, Forehead, in, stepping",سر — درد، ماتھے میں، قدم رکھنے پر,5,5,یکساں
r2186,"PAIN, forehead, sunlight","PAIN, headache in general, Forehead, in, sunlight",سر — درد، ماتھے میں، دھوپ سے,1,1,یکساں
r2187,"PAIN, forehead, talking","PAIN, headache in general, Forehead, in, talking",سر — درد، ماتھے میں، باتیں کرنے سے,4,4,یکساں
r219,"CONGESTION, rage, during","CONGESTION, hyperæmia, etc. (See Fullness, Pulsation), rage, during",سر — خون کا جماؤ (سر کو خون چڑھنا)، طیش کے دوران,9,9,یکساں
r2190,"PAIN, forehead, turning eyes upward","PAIN, headache in general, Forehead, in, turning eyes upward",سر — درد، ماتھے میں، آنکھیں اوپر گھمانے پر,1,1,یکساں
r2194,"PAIN, forehead, using eyes","PAIN, headache in general, Forehead, in, using eyes",سر — درد، ماتھے میں، آنکھوں سے کام لینے پر,1,1,یکساں
r2199,"PAIN, forehead, wandering","PAIN, headache in general, Forehead, in, wandering",سر — درد، ماتھے میں، گھومتا پھرتا,1,1,یکساں
r2200,"PAIN, forehead, warm applications amel.","PAIN, headache in general, Forehead, in, warm applications amel.",سر — درد، ماتھے میں، گرم پٹیوں سے آرام,8,8,یکساں
r2202,"PAIN, forehead, waves of pain","PAIN, headache in general, Forehead, in, waves of pain",سر — درد، ماتھے میں، لہروں کی صورت,1,1,یکساں
r2203,"PAIN, forehead, weight of the hat","PAIN, headache in general, Forehead, in, weight of the hat",سر — درد، ماتھے میں، ٹوپی کے وزن سے,1,1,یکساں
r221,"CONGESTION, redness of face, with","CONGESTION, hyperæmia, etc. (See Fullness, Pulsation), redness of face, with",سر — خون کا جماؤ (سر کو خون چڑھنا)، چہرے کی سرخی کے ساتھ,13,13,یکساں
r2210,"PAIN, forehead, extending backward","PAIN, headache in general, Forehead, in, extending backward",سر — درد، ماتھے سے پیچھے کی طرف پھیلتا ہوا,17,17,یکساں
r222,"CONGESTION, riding, from","CONGESTION, hyperæmia, etc. (See Fullness, Pulsation), riding, from",سر — خون کا جماؤ (سر کو خون چڑھنا)، سواری سے,2,2,یکساں
r2230,"PAIN, forehead, above the","PAIN, headache in general, Forehead, in, above the",سر — درد، ماتھے کے اوپر,9,9,یکساں
r225,"CONGESTION, room, on entering","CONGESTION, hyperæmia, etc. (See Fullness, Pulsation), room, on entering",سر — خون کا جماؤ (سر کو خون چڑھنا)، کمرے میں داخل ہونے پر,1,1,یکساں
r226,"CONGESTION, shaking the head, on","CONGESTION, hyperæmia, etc. (See Fullness, Pulsation), shaking the head, on",سر — خون کا جماؤ (سر کو خون چڑھنا)، سر ہلانے پر,2,2,یکساں
r227,"CONGESTION, sitting, while","CONGESTION, hyperæmia, etc. (See Fullness, Pulsation), sitting, while",سر — خون کا جماؤ، بیٹھے ہوئے,6,6,یکساں
r229,"CONGESTION, sleep, during","CONGESTION, hyperæmia, etc. (See Fullness, Pulsation), sleep, during",سر — خون کا جماؤ، نیند کے دوران,2,2,یکساں
r231,"CONGESTION, smoking, from","CONGESTION, hyperæmia, etc. (See Fullness, Pulsation), smoking, from",سر — خون کا جماؤ (سر کو خون چڑھنا)، تمباکو نوشی سے,2,2,یکساں
r234,"CONGESTION, standing, from","CONGESTION, hyperæmia, etc. (See Fullness, Pulsation), standing, from",سر — خون کا جماؤ (سر کو خون چڑھنا)، کھڑے ہونے سے,2,2,یکساں
r235,"CONGESTION, stepping heavily, from","CONGESTION, hyperæmia, etc. (See Fullness, Pulsation), stepping heavily, from",سر — خون کا جماؤ (سر کو خون چڑھنا)، زور سے قدم رکھنے سے,1,1,یکساں
r236,"CONGESTION, stool, before","CONGESTION, hyperæmia, etc. (See Fullness, Pulsation), stool, before",سر — خون کا جماؤ، پاخانے سے پہلے,1,1,یکساں
r239,"CONGESTION, stooping, when","CONGESTION, hyperæmia, etc. (See Fullness, Pulsation), stooping, when",سر — خون کا جماؤ (سر کو خون چڑھنا)، جھکنے پر,21,21,یکساں
r240,"CONGESTION, streamed, as if blood from below upwards or within outwards","CONGESTION, hyperæmia, etc. (See Fullness, Pulsation), streamed, as if blood from below upwards or within outwards",سر — خون کا جماؤ (سر کو خون چڑھنا)، جیسے خون نیچے سے اوپر یا اندر سے باہر کو بہا ہو,1,1,یکساں
r241,"CONGESTION, sun, from exposure","CONGESTION, hyperæmia, etc. (See Fullness, Pulsation), sun, from exposure",سر — خون کا جماؤ (سر کو خون چڑھنا)، دھوپ میں رہنے سے,6,6,یکساں
r244,"CONGESTION, uremic poison, from","CONGESTION, hyperæmia, etc. (See Fullness, Pulsation), uremic poison, from",سر — خون کا جماؤ (سر کو خون چڑھنا)، پیشاب کے زہر (یوریمیا) سے,12,12,یکساں
r245,"CONGESTION, waking, on","CONGESTION, hyperæmia, etc. (See Fullness, Pulsation), waking, on",سر — خون کا جماؤ (سر کو خون چڑھنا)، جاگنے پر,4,4,یکساں
r246,"CONGESTION, walking, while","CONGESTION, hyperæmia, etc. (See Fullness, Pulsation), walking, while",سر — خون کا جماؤ، چلتے ہوئے,4,4,یکساں
r251,"CONGESTION, wet, from getting the feet","CONGESTION, hyperæmia, etc. (See Fullness, Pulsation), wet, from getting the feet",سر — خون کا جماؤ (سر کو خون چڑھنا)، پاؤں بھیگ جانے سے,1,1,یکساں
r252,"CONGESTION, wine, after","CONGESTION, hyperæmia, etc. (See Fullness, Pulsation), wine, after",سر — خون کا جماؤ (سر کو خون چڑھنا)، شراب (وائن) کے بعد,1,1,یکساں
r253,"CONGESTION, writing, while","CONGESTION, hyperæmia, etc. (See Fullness, Pulsation), writing, while",سر — خون کا جماؤ (سر کو خون چڑھنا)، لکھتے ہوئے,1,1,یکساں
r254,"CONGESTION, extending to, from abdomen","CONGESTION, hyperæmia, etc. (See Fullness, Pulsation), extending to, from abdomen",سر — خون کا جماؤ، پیٹ سے سر کی طرف,1,1,یکساں
r257,"CONGESTION, forehead, in","CONGESTION, hyperæmia, etc. (See Fullness, Pulsation), Forehead, in",سر — خون کا جماؤ (سر کو خون چڑھنا)، ماتھے میں,15,15,یکساں
r2631,"PAIN, sides, daytime","PAIN, headache in general, Occiput and Forehead, Sides, daytime",سر — درد، پہلوؤں میں، دن کے وقت,4,4,یکساں
r295,"CONSTRICTION, menses, during","CONSTRICTION, tension (See also Drawing, Pressing), menses, before, during",سر — جکڑن، حیض کے دوران,7,7,یکساں
r298,"CONSTRICTION, motion, amel.","CONSTRICTION, tension (See also Drawing, Pressing), motion, from, amel.",سر — جکڑن، حرکت سے آرام,3,3,یکساں
r299,"CONSTRICTION, motion, in open air amel.","CONSTRICTION, tension (See also Drawing, Pressing), motion, from, in open air amel.",سر — جکڑن، کھلی ہوا میں حرکت سے آرام,1,1,یکساں
r3022,"PAIN, boring, forehead, walking, in open air, after","PAIN, headache in general, Boring, digging, screwing, Forehead, walking, while, in open air, after",سر — درد، برما سا، ماتھے میں، کھلی ہوا میں چلنے کے بعد,1,1,یکساں
r307,"CONSTRICTION, room, amel.","CONSTRICTION, tension (See also Drawing, Pressing), room, on entering, amel.",سر — جکڑن، کمرے میں آرام,3,3,یکساں
r326,"CONSTRICTION, walking, in open air amel.","CONSTRICTION, tension (See also Drawing, Pressing), walking, while, in open air amel.",سر — جکڑن، کھلی ہوا میں چلنے سے آرام,1,1,یکساں
r411,"DRAWN backward (See Falling), menses, during","DRAWN backward (See Falling), convulsions, in, menses, during",سر — پیچھے کو کھنچنا، حیض کے دوران,1,1,یکساں
r412,"DRAWN backward (See Falling), sleep, during","DRAWN backward (See Falling), convulsions, in, sleep, during",سر — پیچھے کو کھنچنا، نیند کے دوران,2,2,یکساں
r5100,"PAIN, stitching, temples, right","PAIN, headache in general, Stitching, Temples, right",سر — درد، چبھتا ہوا، دائیں کنپٹی میں,15,14,ماخذی مطابق کیے
r5242,"PAIN, tearing, forenoon","PAIN, headache in general, Tearing, rending, forenoon",سر — درد، چیرتا ہوا، دوپہر سے پہلے,3,3,یکساں
r5245,"PAIN, tearing, afternoon","PAIN, headache in general, Tearing, rending, afternoon",سر — درد، چیرتا ہوا، سہ پہر,20,20,یکساں
r5259,"PAIN, tearing, around","PAIN, headache in general, Tearing, rending, around",سر — درد، چیرتا ہوا، چاروں طرف,2,2,یکساں
r5260,"PAIN, tearing, asunder","PAIN, headache in general, Tearing, rending, asunder (See Bursting)",سر — درد، چیرتا ہوا، پھٹ کر الگ ہو جائے,10,10,یکساں
r5261,"PAIN, tearing, bed amel.","PAIN, headache in general, Tearing, rending, bed amel.",سر — درد، چیرتا ہوا، بستر میں آرام,2,2,یکساں
r5262,"PAIN, tearing, bending head back agg.","PAIN, headache in general, Tearing, rending, bending head back agg.",سر — درد، چیرتا ہوا، سر پیچھے جھکانے سے بگاڑ,1,1,یکساں
r5265,"PAIN, tearing, binding up amel.","PAIN, headache in general, Tearing, rending, binding up amel.",سر — درد، چیرتا ہوا، باندھنے سے آرام,1,1,یکساں
r5270,"PAIN, tearing, crazy feeling runs up back","PAIN, headache in general, Tearing, rending, crazy feeling runs up back",سر — درد، چیرتا ہوا، کمر میں اوپر کو پاگل کر دینے والا احساس دوڑے,1,1,یکساں
r5271,"PAIN, tearing, cutting","PAIN, headache in general, Tearing, rending, cutting",سر — درد، چیرتا ہوا، کاٹتا ہوا,1,1,یکساں
r5274,"PAIN, tearing, digging","PAIN, headache in general, Tearing, rending, digging",سر — درد، چیرتا ہوا، کھودتا ہوا,2,2,یکساں
r5284,"PAIN, tearing, intermittent","PAIN, headache in general, Tearing, rending, intermittent",سر — درد، چیرتا ہوا، وقفے وقفے سے,5,5,یکساں
r5285,"PAIN, tearing, jerking","PAIN, headache in general, Tearing, rending, jerking",سر — درد، چیرتا ہوا، جھٹکے دار,11,11,یکساں
r5287,"PAIN, tearing, leaning head on hands amel.","PAIN, headache in general, Tearing, rending, leaning head on hands amel.",سر — درد، چیرتا ہوا، سر ہاتھوں پر ٹیکنے سے آرام,1,1,یکساں
r5294,"PAIN, tearing, maddening","PAIN, headache in general, Tearing, rending, maddening",سر — درد، چیرتا ہوا، پاگل کر دینے والا,1,1,یکساں
r5302,"PAIN, tearing, moving eyes agg.","PAIN, headache in general, Tearing, rending, moving eyes agg.",سر — درد، چیرتا ہوا، آنکھیں ہلانے سے بگاڑ,2,2,یکساں
r5305,"PAIN, tearing, noise agg.","PAIN, headache in general, Tearing, rending, noise agg.",سر — درد، چیرتا ہوا، شور سے بگاڑ,2,2,یکساں
r5306,"PAIN, tearing, opening mouth","PAIN, headache in general, Tearing, rending, opening mouth",سر — درد، چیرتا ہوا، منہ کھولنے پر,1,1,یکساں
r5308,"PAIN, tearing, paroxysmal","PAIN, headache in general, Tearing, rending, paroxysmal",سر — درد، چیرتا ہوا، دوروں کی شکل میں,3,3,یکساں
r5309,"PAIN, tearing, periodic","PAIN, headache in general, Tearing, rending, periodic",سر — درد، چیرتا ہوا، وقفے وقفے سے باقاعدہ,2,2,یکساں
r5310,"PAIN, tearing, pressive","PAIN, headache in general, Tearing, rending, pressive",سر — درد، چیرتا ہوا، دباتا ہوا,3,3,یکساں
r5311,"PAIN, tearing, pressure agg.","PAIN, headache in general, Tearing, rending, pressure agg.",سر — درد، چیرتا ہوا، دبانے سے بگاڑ,3,3,یکساں
r5313,"PAIN, tearing, pulsating","PAIN, headache in general, Tearing, rending, pulsating",سر — درد، چیرتا ہوا، دھڑکتا ہوا,9,9,یکساں
r5320,"PAIN, tearing, rubbing amel.","PAIN, headache in general, Tearing, rending, rubbing amel.",سر — درد، چیرتا ہوا، ملنے سے آرام,3,3,یکساں
r5322,"PAIN, tearing, shooting","PAIN, headache in general, Tearing, rending, shooting",سر — درد، چیرتا ہوا، دوڑتا ہوا (تیر جیسا),13,13,یکساں
r5330,"PAIN, tearing, stinging","PAIN, headache in general, Tearing, rending, stinging",سر — درد، چیرتا ہوا، ڈنک جیسا,9,9,یکساں
r5334,"PAIN, tearing, touch agg.","PAIN, headache in general, Tearing, rending, touch agg.",سر — درد، چیرتا ہوا، چھونے سے بگاڑ,4,4,یکساں
r5337,"PAIN, tearing, twitching","PAIN, headache in general, Tearing, rending, twitching",سر — درد، چیرتا ہوا، پھڑکتا ہوا,3,3,یکساں
r5342,"PAIN, tearing, wandering","PAIN, headache in general, Tearing, rending, wandering",سر — درد، چیرتا ہوا، گھومتا پھرتا,8,8,یکساں
r5343,"PAIN, tearing, warmth of bed agg.","PAIN, headache in general, Tearing, rending, warmth of bed agg.",سر — درد، چیرتا ہوا، بستر کی گرمی سے بگاڑ,4,4,یکساں
r5348,"PAIN, tearing, wrapping head up amel.","PAIN, headache in general, Tearing, rending, wrapping head up amel.",سر — درد، چیرتا ہوا، سر لپیٹنے سے آرام,4,4,یکساں
r5691,"PERSPIRATION scalp, sleep, on falling a","PERSPIRATION scalp, daytime, sleep, during, on falling a",سر — سر کی کھال پر پسینہ، نیند آتے وقت,3,3,یکساں
r5698,"PERSPIRATION scalp, walking, in open air","PERSPIRATION scalp, daytime, walking, after, in open air",سر — سر کی کھال پر پسینہ، کھلی ہوا میں چلتے ہوئے,6,6,یکساں
r5770,"PULSATING, morning, comes on gradually and goes off about breakfast","PULSATING, beating, throbbing (See Bursting, Congestion, Hammering), morning, comes on gradually and goes off about breakfast",سر — دھڑکن، صبح آہستہ آہستہ شروع ہو اور ناشتے کے قریب ختم,1,1,یکساں
r5772,"PULSATING, morning, increases until evening","PULSATING, beating, throbbing (See Bursting, Congestion, Hammering), morning, increases until evening",سر — دھڑکن، صبح سے شام تک بڑھتی جائے,3,3,یکساں
r5781,"PULSATING, night, agg. after 12 p.m.","PULSATING, beating, throbbing (See Bursting, Congestion, Hammering), night, agg. after 12 p.m.",سر — دھڑکن، رات آدھی رات کے بعد بگاڑ,1,1,یکساں
r5784,"PULSATING, night, driving out of bed","PULSATING, beating, throbbing (See Bursting, Congestion, Hammering), night, driving out of bed",سر — دھڑکن، رات بستر سے نکال دے,1,1,یکساں
r5789,"PULSATING, ascending, on","PULSATING, beating, throbbing (See Bursting, Congestion, Hammering), ascending, on",سر — دھڑکن (سر میں نبض کی طرح دھڑکنا)، اوپر چڑھنے پر,6,6,یکساں
r5791,"PULSATING, bathing, after","PULSATING, beating, throbbing (See Bursting, Congestion, Hammering), bathing, after",سر — دھڑکن، نہانے کے بعد,1,1,یکساں
r5793,"PULSATING, bed, while in","PULSATING, beating, throbbing (See Bursting, Congestion, Hammering), bed, while in",سر — دھڑکن (سر میں نبض کی طرح دھڑکنا)، بستر میں,5,5,یکساں
r5795,"PULSATING, bending head backward, amel.","PULSATING, beating, throbbing (See Bursting, Congestion, Hammering), bending head backward, amel.",سر — دھڑکن (سر میں نبض کی طرح دھڑکنا)، سر پیچھے جھکانے سے آرام,3,3,یکساں
r5796,"PULSATING, bending head backward, forward (See Stooping)","PULSATING, beating, throbbing (See Bursting, Congestion, Hammering), bending head backward, forward (See Stooping)",سر — دھڑکن (سر میں نبض کی طرح دھڑکنا)، سر آگے پیچھے جھکانے پر,0,0,یکساں
r5798,"PULSATING, blood, after loss of","PULSATING, beating, throbbing (See Bursting, Congestion, Hammering), blood, after loss of",سر — دھڑکن (سر میں نبض کی طرح دھڑکنا)، خون ضائع ہونے کے بعد,1,1,یکساں
r5800,"PULSATING, breakfast, amel.","PULSATING, beating, throbbing (See Bursting, Congestion, Hammering), breakfast, amel.",سر — دھڑکن (سر میں نبض کی طرح دھڑکنا)، ناشتے سے آرام,2,2,یکساں
r5802,"PULSATING, chewing, while","PULSATING, beating, throbbing (See Bursting, Congestion, Hammering), chewing, while",سر — دھڑکن (سر میں نبض کی طرح دھڑکنا)، چباتے ہوئے,1,1,یکساں
r5803,"PULSATING, chill, during","PULSATING, beating, throbbing (See Bursting, Congestion, Hammering), chill, during",سر — دھڑکن، سردی لگنے کے دوران,2,2,یکساں
r5807,"PULSATING, cold, preceding a","PULSATING, beating, throbbing (See Bursting, Congestion, Hammering), cold, preceding a",سر — دھڑکن (سر میں نبض کی طرح دھڑکنا)، زکام سے پہلے,1,1,یکساں
r5808,"PULSATING, coughing, from","PULSATING, beating, throbbing (See Bursting, Congestion, Hammering), coughing, from",سر — دھڑکن (سر میں نبض کی طرح دھڑکنا)، کھانسنے سے,20,20,یکساں
r5811,"PULSATING, dinner, after","PULSATING, beating, throbbing (See Bursting, Congestion, Hammering), dinner, after",سر — دھڑکن (سر میں نبض کی طرح دھڑکنا)، دوپہر کے کھانے کے بعد,9,9,یکساں
r5814,"PULSATING, eating, before","PULSATING, beating, throbbing (See Bursting, Congestion, Hammering), eating, before",سر — دھڑکن، کھانے سے پہلے,1,1,یکساں
r5817,"PULSATING, epistaxis, after","PULSATING, beating, throbbing (See Bursting, Congestion, Hammering), epistaxis, after",سر — دھڑکن (سر میں نبض کی طرح دھڑکنا)، نکسیر کے بعد,1,1,یکساں
r5818,"PULSATING, excitement, during","PULSATING, beating, throbbing (See Bursting, Congestion, Hammering), excitement, during",سر — دھڑکن (سر میں نبض کی طرح دھڑکنا)، جوش کے دوران,1,1,یکساں
r5819,"PULSATING, exertion, from","PULSATING, beating, throbbing (See Bursting, Congestion, Hammering), exertion, from",سر — دھڑکن (سر میں نبض کی طرح دھڑکنا)، محنت سے,2,2,یکساں
r5820,"PULSATING, fever, during the","PULSATING, beating, throbbing (See Bursting, Congestion, Hammering), fever, during the",سر — دھڑکن (سر میں نبض کی طرح دھڑکنا)، بخار کے دوران,2,2,یکساں
r5823,"PULSATING, heat, during","PULSATING, beating, throbbing (See Bursting, Congestion, Hammering), heat, during",سر — دھڑکن (سر میں نبض کی طرح دھڑکنا)، بخار کی گرمی کے دوران,3,3,یکساں
r5825,"PULSATING, inspiration, during","PULSATING, beating, throbbing (See Bursting, Congestion, Hammering), inspiration, during",سر — دھڑکن (سر میں نبض کی طرح دھڑکنا)، سانس اندر لیتے وقت,1,1,یکساں
r5827,"PULSATING, jar, from any","PULSATING, beating, throbbing (See Bursting, Congestion, Hammering), jar, from any",سر — دھڑکن (سر میں نبض کی طرح دھڑکنا)، کسی بھی جھٹکے سے,3,3,یکساں
r5829,"PULSATING, laughing, from","PULSATING, beating, throbbing (See Bursting, Congestion, Hammering), laughing, from",سر — دھڑکن (سر میں نبض کی طرح دھڑکنا)، ہنسنے سے,2,2,یکساں
r5830,"PULSATING, leaning head backward, on","PULSATING, beating, throbbing (See Bursting, Congestion, Hammering), leaning head backward, on",سر — دھڑکن (سر میں نبض کی طرح دھڑکنا)، سر پیچھے ٹیکنے پر,1,1,یکساں
r5840,"PULSATING, menses, before","PULSATING, beating, throbbing (See Bursting, Congestion, Hammering), menses, before",سر — دھڑکن، حیض سے پہلے,10,10,یکساں
r5845,"PULSATING, mental exertion, from","PULSATING, beating, throbbing (See Bursting, Congestion, Hammering), mental exertion, from",سر — دھڑکن (سر میں نبض کی طرح دھڑکنا)، ذہنی محنت سے,8,8,یکساں
r5846,"PULSATING, milk, from","PULSATING, beating, throbbing (See Bursting, Congestion, Hammering), milk, from",سر — دھڑکن (سر میں نبض کی طرح دھڑکنا)، دودھ سے,1,1,یکساں
r5852,"PULSATING, painless, with fear of going to sleep","PULSATING, beating, throbbing (See Bursting, Congestion, Hammering), painless, with fear of going to sleep",سر — دھڑکن (سر میں نبض کی طرح دھڑکنا)، بے درد، سو جانے کے خوف کے ساتھ,1,1,یکساں
r5860,"PULSATING, reading, while sitting","PULSATING, beating, throbbing (See Bursting, Congestion, Hammering), reading, while sitting",سر — دھڑکن (سر میں نبض کی طرح دھڑکنا)، بیٹھ کر پڑھتے ہوئے,2,2,یکساں
r5861,"PULSATING, respiration, during difficult","PULSATING, beating, throbbing (See Bursting, Congestion, Hammering), respiration, during difficult",سر — دھڑکن (سر میں نبض کی طرح دھڑکنا)، سانس کی تکلیف کے دوران,2,2,یکساں
r5863,"PULSATING, riding, while","PULSATING, beating, throbbing (See Bursting, Congestion, Hammering), riding, while",سر — دھڑکن (سر میں نبض کی طرح دھڑکنا)، سواری کرتے ہوئے,3,3,یکساں
r5868,"PULSATING, room, on entering","PULSATING, beating, throbbing (See Bursting, Congestion, Hammering), room, on entering",سر — دھڑکن (سر میں نبض کی طرح دھڑکنا)، کمرے میں داخل ہونے پر,3,3,یکساں
r5874,"PULSATING, spots, in","PULSATING, beating, throbbing (See Bursting, Congestion, Hammering), spots, in",سر — دھڑکن (سر میں نبض کی طرح دھڑکنا)، دھبوں میں,1,1,یکساں
r5877,"PULSATING, stool, while straining at","PULSATING, beating, throbbing (See Bursting, Congestion, Hammering), stool, while straining at",سر — دھڑکن (سر میں نبض کی طرح دھڑکنا)، پاخانے پر زور لگاتے ہوئے,1,1,یکساں
r5878,"PULSATING, stooping, on","PULSATING, beating, throbbing (See Bursting, Congestion, Hammering), stooping, on",سر — دھڑکن (سر میں نبض کی طرح دھڑکنا)، جھکنے پر,19,19,یکساں
r5879,"PULSATING, stretching limbs out, on","PULSATING, beating, throbbing (See Bursting, Congestion, Hammering), stretching limbs out, on",سر — دھڑکن (سر میں نبض کی طرح دھڑکنا)، اعضا پھیلانے پر,1,1,یکساں
r5884,"PULSATING, transient, in one-half of","PULSATING, beating, throbbing (See Bursting, Congestion, Hammering), transient, in one-half of",سر — دھڑکن (سر میں نبض کی طرح دھڑکنا)، عارضی، سر کے ایک آدھے حصے میں,1,1,یکساں
r5888,"PULSATING, vertigo, during","PULSATING, beating, throbbing (See Bursting, Congestion, Hammering), vertigo, during",سر — دھڑکن (سر میں نبض کی طرح دھڑکنا)، چکر کے دوران,2,2,یکساں
r5889,"PULSATING, waking, on","PULSATING, beating, throbbing (See Bursting, Congestion, Hammering), waking, on",سر — دھڑکن (سر میں نبض کی طرح دھڑکنا)، جاگنے پر,10,10,یکساں
r5890,"PULSATING, walking, while","PULSATING, beating, throbbing (See Bursting, Congestion, Hammering), walking, while",سر — دھڑکن، چلتے ہوئے,13,13,یکساں
r5898,"PULSATING, washing, cold (See Bathing)","PULSATING, beating, throbbing (See Bursting, Congestion, Hammering), washing, cold (See Bathing)",سر — دھڑکن (سر میں نبض کی طرح دھڑکنا)، ٹھنڈے پانی سے دھونا,0,0,یکساں
r5899,"PULSATING, wine, after","PULSATING, beating, throbbing (See Bursting, Congestion, Hammering), wine, after",سر — دھڑکن (سر میں نبض کی طرح دھڑکنا)، شراب (وائن) کے بعد,1,1,یکساں
r5901,"PULSATING, writing, while","PULSATING, beating, throbbing (See Bursting, Congestion, Hammering), writing, while",سر — دھڑکن (سر میں نبض کی طرح دھڑکنا)، لکھتے ہوئے,2,2,یکساں
r5902,"PULSATING, yawning, after","PULSATING, beating, throbbing (See Bursting, Congestion, Hammering), yawning, after",سر — دھڑکن (سر میں نبض کی طرح دھڑکنا)، جمائی کے بعد,1,1,یکساں
r5905,"PULSATING, brain, seems to be in","PULSATING, beating, throbbing (See Bursting, Congestion, Hammering), Brain, seems to be in",سر — دھڑکن، دماغ میں معلوم ہو,10,10,یکساں
r5915,"PULSATING, forehead, right","PULSATING, beating, throbbing (See Bursting, Congestion, Hammering), Forehead, right",سر — دھڑکن، ماتھے میں، دائیں طرف,3,3,یکساں
r5916,"PULSATING, forehead, left","PULSATING, beating, throbbing (See Bursting, Congestion, Hammering), Forehead, left",سر — دھڑکن، ماتھے میں، بائیں طرف,10,10,یکساں
r5920,"PULSATING, forehead, forenoon","PULSATING, beating, throbbing (See Bursting, Congestion, Hammering), Forehead, forenoon",سر — دھڑکن، ماتھے میں، دوپہر سے پہلے,2,2,یکساں
r5921,"PULSATING, forehead, noon","PULSATING, beating, throbbing (See Bursting, Congestion, Hammering), Forehead, noon",سر — دھڑکن، ماتھے میں، دوپہر,1,1,یکساں
r5927,"PULSATING, forehead, night","PULSATING, beating, throbbing (See Bursting, Congestion, Hammering), Forehead, night",سر — دھڑکن، ماتھے میں، رات,4,4,یکساں
r5929,"PULSATING, forehead, ascending stairs","PULSATING, beating, throbbing (See Bursting, Congestion, Hammering), Forehead, ascending stairs",سر — دھڑکن، ماتھے میں، سیڑھیاں چڑھتے ہوئے,2,2,یکساں
r5930,"PULSATING, forehead, bending head forward","PULSATING, beating, throbbing (See Bursting, Congestion, Hammering), Forehead, bending head forward",سر — دھڑکن، ماتھے میں، سر آگے جھکانے پر,1,1,یکساں
r5937,"PULSATING, forehead, one-sided","PULSATING, beating, throbbing (See Bursting, Congestion, Hammering), Forehead, one-sided",سر — دھڑکن، ماتھے میں، ایک طرف,3,3,یکساں
r5938,"PULSATING, forehead, pressure amel.","PULSATING, beating, throbbing (See Bursting, Congestion, Hammering), Forehead, pressure amel.",سر — دھڑکن، ماتھے میں، دبانے سے آرام,3,3,یکساں
r5942,"PULSATING, forehead, rising up in bed","PULSATING, beating, throbbing (See Bursting, Congestion, Hammering), Forehead, rising up in bed",سر — دھڑکن، ماتھے میں، بستر میں اٹھ بیٹھنے پر,2,2,یکساں
r5945,"PULSATING, forehead, talking agg.","PULSATING, beating, throbbing (See Bursting, Congestion, Hammering), Forehead, talking agg.",سر — دھڑکن، ماتھے میں، باتیں کرنے سے بگاڑ,1,1,یکساں
r5948,"PULSATING, forehead, warm room amel.","PULSATING, beating, throbbing (See Bursting, Congestion, Hammering), Forehead, warm room amel.",سر — دھڑکن، ماتھے میں، گرم کمرے میں آرام,2,2,یکساں
r5962,"PULSATING, occiput, daytime","PULSATING, beating, throbbing (See Bursting, Congestion, Hammering), Occiput, daytime",سر — دھڑکن، گدی میں، دن کے وقت,1,1,یکساں
r5964,"PULSATING, occiput, afternoon","PULSATING, beating, throbbing (See Bursting, Congestion, Hammering), Occiput, afternoon",سر — دھڑکن، گدی میں، سہ پہر,1,1,یکساں
r5965,"PULSATING, occiput, evening","PULSATING, beating, throbbing (See Bursting, Congestion, Hammering), Occiput, evening",سر — دھڑکن، گدی میں، شام,3,3,یکساں
r5966,"PULSATING, occiput, night","PULSATING, beating, throbbing (See Bursting, Congestion, Hammering), Occiput, night",سر — دھڑکن، گدی میں، رات,2,2,یکساں
r5972,"PULSATING, occiput, paroxysmal","PULSATING, beating, throbbing (See Bursting, Congestion, Hammering), Occiput, paroxysmal",سر — دھڑکن، گدی میں، دوروں کی شکل میں,1,1,یکساں
r5973,"PULSATING, occiput, pressure amel.","PULSATING, beating, throbbing (See Bursting, Congestion, Hammering), Occiput, pressure amel.",سر — دھڑکن، گدی میں، دبانے سے آرام,3,3,یکساں
r5976,"PULSATING, occiput, shaking head","PULSATING, beating, throbbing (See Bursting, Congestion, Hammering), Occiput, shaking head",سر — دھڑکن، گدی میں، سر ہلانے پر,1,1,یکساں
r5979,"PULSATING, occiput, standing amel.","PULSATING, beating, throbbing (See Bursting, Congestion, Hammering), Occiput, standing amel.",سر — دھڑکن، گدی میں، کھڑے ہونے سے آرام,1,1,یکساں
r5982,"PULSATING, occiput, walking agg.","PULSATING, beating, throbbing (See Bursting, Congestion, Hammering), Occiput, walking agg.",سر — دھڑکن، گدی میں، چلنے سے بگاڑ,1,1,یکساں
r5984,"PULSATING, occiput, warm room","PULSATING, beating, throbbing (See Bursting, Congestion, Hammering), Occiput, warm room",سر — دھڑکن، گدی میں، گرم کمرے میں,1,1,یکساں
r5985,"PULSATING, occiput, extending to forehead","PULSATING, beating, throbbing (See Bursting, Congestion, Hammering), Occiput, extending to forehead",سر — دھڑکن، گدی سے ماتھے تک پھیلتی ہوئی,3,3,یکساں
r6004,"PULSATING, sides, bending head backward","PULSATING, beating, throbbing (See Bursting, Congestion, Hammering), Sides, bending head backward",سر — دھڑکن، پہلوؤں میں، سر پیچھے جھکانے پر,1,1,یکساں
r6005,"PULSATING, sides, coughing agg.","PULSATING, beating, throbbing (See Bursting, Congestion, Hammering), Sides, coughing agg.",سر — دھڑکن، پہلوؤں میں، کھانسنے سے بگاڑ,2,2,یکساں
r6006,"PULSATING, sides, deep-seated","PULSATING, beating, throbbing (See Bursting, Congestion, Hammering), Sides, deep-seated",سر — دھڑکن، پہلوؤں میں، گہری,1,1,یکساں
r6011,"PULSATING, sides, motion agg.","PULSATING, beating, throbbing (See Bursting, Congestion, Hammering), Sides, motion agg.",سر — دھڑکن، پہلوؤں میں، حرکت سے بگاڑ,1,1,یکساں
r6013,"PULSATING, sides, shaking head","PULSATING, beating, throbbing (See Bursting, Congestion, Hammering), Sides, shaking head",سر — دھڑکن، پہلوؤں میں، سر ہلانے پر,1,1,یکساں
r6014,"PULSATING, sides, side on which he lies","PULSATING, beating, throbbing (See Bursting, Congestion, Hammering), Sides, side on which he lies",سر — دھڑکن، جس پہلو پر لیٹے,1,1,یکساں
r6037,"PULSATING, vertex, morning","PULSATING, beating, throbbing (See Bursting, Congestion, Hammering), Vertex, morning",سر — دھڑکن، چوٹی میں، صبح,5,5,یکساں
r6038,"PULSATING, vertex, forenoon","PULSATING, beating, throbbing (See Bursting, Congestion, Hammering), Vertex, forenoon",سر — دھڑکن، چوٹی میں، دوپہر سے پہلے,2,2,یکساں
r6039,"PULSATING, vertex, afternoon","PULSATING, beating, throbbing (See Bursting, Congestion, Hammering), Vertex, afternoon",سر — دھڑکن، چوٹی میں، سہ پہر,1,1,یکساں
r6040,"PULSATING, vertex, ascending steps agg.","PULSATING, beating, throbbing (See Bursting, Congestion, Hammering), Vertex, ascending steps agg.",سر — دھڑکن، چوٹی میں، سیڑھیاں چڑھنے سے بگاڑ,2,2,یکساں
r6042,"PULSATING, vertex, bending head back amel.","PULSATING, beating, throbbing (See Bursting, Congestion, Hammering), Vertex, bending head back amel.",سر — دھڑکن، چوٹی میں، سر پیچھے جھکانے سے آرام,1,1,یکساں
r6045,"PULSATING, vertex, mental exertion","PULSATING, beating, throbbing (See Bursting, Congestion, Hammering), Vertex, mental exertion",سر — دھڑکن، چوٹی میں، ذہنی محنت سے,1,1,یکساں
r6176,"SHOCKS, blows, here and there","SHOCKS, blows, jerks, etc. (See Jerking Pain, Pulsation, Plug, Nail), here and there",سر — ضربیں، کبھی یہاں کبھی وہاں,1,1,یکساں
r2274,"PAIN, forehead, eyes, above, left","PAIN, headache in general, Forehead, in, eyes, above, left",سر — درد، بائیں آنکھ کے اوپر,74,71,ماخذی مطابق کیے
r501,"ERUPTION, itching","ERUPTION, itching",سر — دانے، پھنسیاں (سر کی کھال پر)، خارش والے,29,25,ماخذی مطابق کیے
r902,HEAVINESS (See Pressing),HEAVINESS (See Pressing),سر — بھاری پن,261,225,ماخذی مطابق کیے
r4308,"PAIN, pressing, sides, outward","PAIN, headache in general, Pressing (See Bursting, Drawing), Sides, outward",سر — درد، دبانے والا، پہلوؤں میں، باہر کی طرف,14,13,ماخذی مطابق کیے
r1962,"PAIN, wet, from getting","PAIN, headache in general, wet, from getting",سر — درد، بھیگ جانے سے,17,16,ماخذی مطابق کیے
r1201,"LUMP, sensation as of","LUMP, sensation as of",سر — جیسے کوئی گلٹی ہو,7,6,ماخذی مطابق کیے
r6327,UNSTEADY feeling,UNSTEADY feeling,سر — ڈگمگاہٹ کا احساس,7,6,ماخذی مطابق کیے
o38765,"COLDNESS, air, in open, amel.","COLDNESS, chilliness, etc., air, as from cold, in open, amel.",سر — ٹھنڈک، کھلی ہوا میں آرام,2,2,یکساں
o39619,"HEAVINESS (See Pressing), falls, forward, as if head would","HEAVINESS (See Pressing), falls, backward, head, forward, as if brain would, as if head would",سر — بھاری پن، جیسے سر آگے کو گر پڑے گا,17,17,یکساں
o39929,"MOTIONS, in head, motion, amel.","MOTIONS, movements, etc., in head (See Knocking, Looseness, Shaking, Waving, etc.), motion, from, amel.",سر — سر میں حرکت، حرکت سے آرام,3,3,یکساں
o39937,"MOTIONS, in head, rising up, amel.","MOTIONS, movements, etc., in head (See Knocking, Looseness, Shaking, Waving, etc.), rising up, when, amel.",سر — سر میں حرکت، اٹھنے سے آرام,3,3,یکساں
o39939,"MOTIONS, in head, room, in warm","MOTIONS, movements, etc., in head (See Knocking, Looseness, Shaking, Waving, etc.), room, while in, in warm",سر — سر میں حرکت، گرم کمرے میں,1,1,یکساں
o39941,"MOTIONS, in head, sitting, amel.","MOTIONS, movements, etc., in head (See Knocking, Looseness, Shaking, Waving, etc.), sitting, while, amel.",سر — سر میں حرکت، بیٹھنے سے آرام,1,1,یکساں
o40012,"PAIN, air, draft of, from","PAIN, headache in general, air, cold, from, draft of, from",سر — درد، ہوا کے جھونکے سے,29,29,یکساں
o40098,"PAIN, boring, extending, from within out","PAIN, headache in general, Boring, digging, screwing, extending to nose, from within out",سر — درد، برما سا، اندر سے باہر کی طرف پھیلتا ہوا,4,4,یکساں
o40245,"PAIN, brain, touch, amel.","PAIN, headache in general, Brain, aching deep in, touch, from, amel.",سر — درد، دماغ میں، چھونے سے آرام,1,1,یکساں
o40563,"PAIN, cutting, coughing, when","PAIN, headache in general, Cutting, darting, stabbing, coughing, when",سر — درد، کاٹتا ہوا، کھانستے وقت,3,3,یکساں
o40566,"PAIN, cutting, exertion, on","PAIN, headache in general, Cutting, darting, stabbing, exertion, on",سر — درد، کاٹتا ہوا، محنت پر,2,2,یکساں
o40591,"PAIN, cutting, menses, after","PAIN, headache in general, Cutting, darting, stabbing, menses, after",سر — درد، کاٹتا ہوا، حیض کے بعد,1,1,یکساں
o40594,"PAIN, cutting, motion, amel.","PAIN, headache in general, Cutting, darting, stabbing, motion agg., amel.",سر — درد، کاٹتا ہوا، حرکت سے آرام,1,1,یکساں
o40595,"PAIN, cutting, motion, of arms","PAIN, headache in general, Cutting, darting, stabbing, motion agg., of arms",سر — درد، کاٹتا ہوا، بازو ہلانے پر,1,1,یکساں
o40596,"PAIN, cutting, motion, of eyes","PAIN, headache in general, Cutting, darting, stabbing, motion agg., of eyes",سر — درد، کاٹتا ہوا، آنکھیں ہلانے پر,1,1,یکساں
o40603,"PAIN, cutting, occiput, motion agg.","PAIN, headache in general, Cutting, darting, stabbing, Occiput, motion agg.",سر — درد، کاٹتا ہوا، گدی میں، حرکت سے بگاڑ,1,1,یکساں
o40604,"PAIN, cutting, occiput, night","PAIN, headache in general, Cutting, darting, stabbing, Occiput, night",سر — درد، کاٹتا ہوا، گدی میں، رات,1,1,یکساں
o40609,"PAIN, cutting, rest, amel.","PAIN, headache in general, Cutting, darting, stabbing, rest agg., amel.",سر — درد، کاٹتا ہوا، آرام (سکون) سے آرام,1,1,یکساں
o40645,"PAIN, cutting, walking, amel.","PAIN, headache in general, Cutting, darting, stabbing, walking agg., amel.",سر — درد، کاٹتا ہوا، چلنے سے آرام,2,2,یکساں
o40877,"PAIN, drinking, cold drinks, amel.","PAIN, headache in general, drinking, from, cold drinks, from, amel.",سر — درد، ٹھنڈے مشروب سے آرام,3,3,یکساں
o41442,"PAIN, lancinating, air, open amel.","PAIN, headache in general, Lancinating (See Cutting), air, cold, agg., open amel.",سر — درد، نشتر جیسا، کھلی ہوا میں آرام,1,1,یکساں
o41488,"PAIN, light, artificial, from","PAIN, headache in general, light, in general, from, artificial, from",سر — درد، مصنوعی روشنی سے,10,10,یکساں
o41490,"PAIN, light, gas, working under","PAIN, headache in general, light, in general, from, gas, working under",سر — درد، گیس کی روشنی میں کام کرنے سے,4,4,یکساں
o41566,"PAIN, motion, violent, amel.","PAIN, headache in general, motion, from, violent, from, amel.",سر — درد، سخت حرکت سے آرام,1,1,یکساں
o42536,"PAIN, pressure, hard, amel.","PAIN, headache in general, pressure, external, agg., hard, amel.",سر — درد، زور سے دبانے سے آرام,11,11,یکساں
o42590,"PAIN, sexual, excesses, after","PAIN, headache in general, sexual desire, repression of, after, excesses, after",سر — درد، جنسی زیادتیوں کے بعد,24,24,یکساں
o42781,"PAIN, sides, extending, waist","PAIN, headache in general, Occiput and Forehead, Sides, one side, extending to eye, waist",سر — درد، پہلوؤں سے کمر تک,1,1,یکساں
o43469,"PAIN, stool, after, amel.","PAIN, headache in general, stool, from pressing, at, after, amel.",سر — درد، پاخانے کے بعد آرام,13,13,یکساں
o43568,"PAIN, tearing, extending, right temple","PAIN, headache in general, Tearing, rending, extending ear, to, right temple",سر — درد، چیرتا ہوا، دائیں کنپٹی تک پھیلتا ہوا,1,1,یکساں
o43572,"PAIN, tearing, extending, upwards","PAIN, headache in general, Tearing, rending, extending ear, to, upwards",سر — درد، چیرتا ہوا، پھیلتا ہوا، اوپر کی طرف,1,1,یکساں
o44085,"PAIN, urination, after, amel.","PAIN, headache in general, urination, before, if the call be not attended to, after, amel.",سر — درد، پیشاب کے بعد آرام,1,1,یکساں
o44199,"PAIN, walking, slowly, amel.","PAIN, headache in general, walking rapidly, while, slowly, while, amel.",سر — درد، آہستہ چلنے سے آرام,8,8,یکساں
o44777,"SHOCKS, blows, walking, rapidly","SHOCKS, blows, jerks, etc. (See Jerking Pain, Pulsation, Plug, Nail), walking, while, rapidly",سر — ضربیں، تیز چلتے ہوئے,5,5,یکساں
r112,"COLDNESS, forehead, heat, with external heat","COLDNESS, chilliness, etc., Forehead, heat, during, with external heat",سر — ٹھنڈک، ماتھے میں، باہر سے گرمی کے ساتھ,1,1,یکساں
r1838,"PAIN, sleep, loss of, from night watching","PAIN, headache in general, sleep, before going to, loss of, from late hours, from night watching",سر — درد، رات کی تیمارداری سے,8,8,یکساں
r189,"CONGESTION, eating, high living, from","CONGESTION, hyperæmia, etc. (See Fullness, Pulsation), eating, before, high living, from",سر — خون کا جماؤ، مرغن اور بھاری کھانے سے,1,1,یکساں
r192,"CONGESTION, epistaxis, feels as if, were coming on","CONGESTION, hyperæmia, etc. (See Fullness, Pulsation), epistaxis, with, feels as if, were coming on",سر — خون کا جماؤ، لگتا ہے نکسیر پھوٹنے والی ہے,2,2,یکساں
r1959,"PAIN, weather, warm, amel.","PAIN, headache in general, weather, from changes of, warm, begins with the, amel.",سر — درد، گرم موسم میں آرام,1,1,یکساں
r209,"CONGESTION, menses, suppressed, from","CONGESTION, hyperæmia, etc. (See Fullness, Pulsation), menses, before, suppressed, from",سر — خون کا جماؤ، رکے ہوئے حیض سے,21,21,یکساں
r2103,"PAIN, forehead, chill, after","PAIN, headache in general, Forehead, in, chill, during, after",سر — درد، ماتھے میں، سردی لگنے کے بعد,1,1,یکساں
r212,"CONGESTION, motion, rapid, from","CONGESTION, hyperæmia, etc. (See Fullness, Pulsation), motion, from, rapid, from",سر — خون کا جماؤ، تیز حرکت سے,1,1,یکساں
r2124,"PAIN, forehead, heat, amel.","PAIN, headache in general, Forehead, in, heat, during, amel.",سر — درد، ماتھے میں، گرمائش سے آرام,5,5,یکساں
r2131,"PAIN, forehead, lying, amel.","PAIN, headache in general, Forehead, in, lying, while, amel.",سر — درد، ماتھے میں، لیٹنے سے آرام,17,17,یکساں
r2135,"PAIN, forehead, lying, on side amel.","PAIN, headache in general, Forehead, in, lying, while, on side amel.",سر — درد، ماتھے میں، پہلو پر لیٹنے سے آرام,1,1,یکساں
r2139,"PAIN, forehead, menses, during","PAIN, headache in general, Forehead, in, menses, before, during",سر — درد، ماتھے میں، حیض کے دوران,35,35,یکساں
r2141,"PAIN, forehead, menses, at close of","PAIN, headache in general, Forehead, in, menses, before, at close of",سر — درد، ماتھے میں، حیض کے آخر میں,1,1,یکساں
r2144,"PAIN, forehead, motion, amel.","PAIN, headache in general, Forehead, in, motion, on, amel.",سر — درد، ماتھے میں، حرکت سے آرام,7,7,یکساں
r2145,"PAIN, forehead, motion, must move the head to and fro","PAIN, headache in general, Forehead, in, motion, on, must move the head to and fro",سر — درد، ماتھے میں، سر آگے پیچھے ہلانا پڑے,1,1,یکساں
r2146,"PAIN, forehead, motion, rapid","PAIN, headache in general, Forehead, in, motion, on, rapid",سر — درد، ماتھے میں، تیز حرکت سے,2,2,یکساں
r2147,"PAIN, forehead, motion, eyes of the","PAIN, headache in general, Forehead, in, motion, on, eyes of the",سر — درد، ماتھے میں، آنکھیں ہلانے پر,20,20,یکساں
r2149,"PAIN, forehead, motion, hands of","PAIN, headache in general, Forehead, in, motion, on, hands of",سر — درد، ماتھے میں، ہاتھ ہلانے پر,1,1,یکساں
r2159,"PAIN, forehead, reading, by candle light","PAIN, headache in general, Forehead, in, reading, while, by candle light",سر — درد، ماتھے میں، موم بتی کی روشنی میں پڑھنے سے,1,1,یکساں
r2164,"PAIN, forehead, rising, amel.","PAIN, headache in general, Forehead, in, rising, after, amel.",سر — درد، ماتھے میں، اٹھنے سے آرام,4,4,یکساں
r2165,"PAIN, forehead, rising, from stooping","PAIN, headache in general, Forehead, in, rising, after, from stooping",سر — درد، ماتھے میں، جھک کر سیدھا ہونے پر,3,3,یکساں
r2174,"PAIN, forehead, sitting, amel.","PAIN, headache in general, Forehead, in, sitting, while, amel.",سر — درد، ماتھے میں، بیٹھنے سے آرام,3,3,یکساں
r2180,"PAIN, forehead, standing, amel.","PAIN, headache in general, Forehead, in, standing, while, amel.",سر — درد، ماتھے میں، کھڑے ہونے سے آرام,3,3,یکساں
r2183,"PAIN, forehead, stool, after","PAIN, headache in general, Forehead, in, stool, during, after",سر — درد، ماتھے میں، پاخانے کے بعد,4,4,یکساں
r2185,"PAIN, forehead, stooping, amel.","PAIN, headache in general, Forehead, in, stooping, from, amel.",سر — درد، ماتھے میں، جھکنے سے آرام,5,5,یکساں
r2196,"PAIN, forehead, walking, amel.","PAIN, headache in general, Forehead, in, walking, while, amel.",سر — درد، ماتھے میں، چلنے سے آرام,10,10,یکساں
r2198,"PAIN, forehead, walking in open air, amel.","PAIN, headache in general, Forehead, in, walking in open air, while, amel.",سر — درد، ماتھے میں، کھلی ہوا میں چلنے سے آرام,17,17,یکساں
r230,"CONGESTION, sleep, amel., after","CONGESTION, hyperæmia, etc. (See Fullness, Pulsation), sleep, during, amel., after",سر — خون کا جماؤ، نیند کے بعد آرام,1,1,یکساں
r248,"CONGESTION, walking, in open air, fast","CONGESTION, hyperæmia, etc. (See Fullness, Pulsation), walking, while, in open air, fast",سر — خون کا جماؤ، کھلی ہوا میں تیز چلنے سے,1,1,یکساں
r249,"CONGESTION, walking, in open air, amel.","CONGESTION, hyperæmia, etc. (See Fullness, Pulsation), walking, while, in open air, amel.",سر — خون کا جماؤ، کھلی ہوا میں چلنے سے آرام,1,1,یکساں
r2960,"PAIN, boring, evening, amel.","PAIN, headache in general, Boring, digging, screwing, evening, amel.",سر — درد، برما سا، شام کو آرام,1,1,یکساں
r2965,"PAIN, boring, bed, in warm","PAIN, headache in general, Boring, digging, screwing, bed, in warm",سر — درد، برما سا، گرم بستر میں,2,2,یکساں
r2967,"PAIN, boring, chilliness, during","PAIN, headache in general, Boring, digging, screwing, chilliness, during",سر — درد، برما سا، سردی محسوس ہونے کے دوران,1,1,یکساں
r2969,"PAIN, boring, coffee, after","PAIN, headache in general, Boring, digging, screwing, coffee, after",سر — درد، برما سا، کافی کے بعد,1,1,یکساں
r2972,"PAIN, boring, dinner, during","PAIN, headache in general, Boring, digging, screwing, dinner, during",سر — درد، برما سا، دوپہر کے کھانے کے دوران,1,1,یکساں
r2974,"PAIN, boring, eating, after","PAIN, headache in general, Boring, digging, screwing, eating, after",سر — درد، برما سا، کھانے کے بعد,1,1,یکساں
r2979,"PAIN, boring, menses, during","PAIN, headache in general, Boring, digging, screwing, menses, during",سر — درد، برما سا، حیض کے دوران,3,3,یکساں
r2987,"PAIN, boring, pressure, amel.","PAIN, headache in general, Boring, digging, screwing, pressure, amel.",سر — درد، برما سا، دبانے سے آرام,3,3,یکساں
r2990,"PAIN, boring, sitting, while","PAIN, headache in general, Boring, digging, screwing, sitting, while",سر — درد، برما سا، بیٹھے ہوئے,1,1,یکساں
r2992,"PAIN, boring, stooping, on","PAIN, headache in general, Boring, digging, screwing, stooping, on",سر — درد، برما سا، جھکنے پر,3,3,یکساں
r2997,"PAIN, boring, walking, while","PAIN, headache in general, Boring, digging, screwing, walking, while",سر — درد، برما سا، چلتے ہوئے,2,2,یکساں
r2998,"PAIN, boring, writing, while","PAIN, headache in general, Boring, digging, screwing, writing, while",سر — درد، برما سا، لکھتے ہوئے,1,1,یکساں
r3005,"PAIN, boring, forehead, evening","PAIN, headache in general, Boring, digging, screwing, Forehead, evening",سر — درد، برما سا، ماتھے میں، شام,2,2,یکساں
r3006,"PAIN, boring, forehead, night","PAIN, headache in general, Boring, digging, screwing, Forehead, night",سر — درد، برما سا، ماتھے میں، رات,2,2,یکساں
r3009,"PAIN, boring, forehead, cold application amel.","PAIN, headache in general, Boring, digging, screwing, Forehead, cold application amel.",سر — درد، برما سا، ماتھے میں، ٹھنڈی پٹی سے آرام,1,1,یکساں
r3011,"PAIN, boring, forehead, intermittent","PAIN, headache in general, Boring, digging, screwing, Forehead, intermittent",سر — درد، برما سا، ماتھے میں، وقفے وقفے سے,1,1,یکساں
r3012,"PAIN, boring, forehead, inward","PAIN, headache in general, Boring, digging, screwing, Forehead, inward",سر — درد، برما سا، ماتھے میں، اندر کی طرف,4,4,یکساں
r3015,"PAIN, boring, forehead, outward","PAIN, headache in general, Boring, digging, screwing, Forehead, outward",سر — درد، برما سا، ماتھے میں، باہر کی طرف,11,11,یکساں
r3016,"PAIN, boring, forehead, pressure agg.","PAIN, headache in general, Boring, digging, screwing, Forehead, pressure agg.",سر — درد، برما سا، ماتھے میں، دبانے سے بگاڑ,1,1,یکساں
r3019,"PAIN, boring, forehead, stooping agg.","PAIN, headache in general, Boring, digging, screwing, Forehead, stooping agg.",سر — درد، برما سا، ماتھے میں، جھکنے سے بگاڑ,1,1,یکساں
r3024,"PAIN, boring, forehead, extending to nose","PAIN, headache in general, Boring, digging, screwing, Forehead, extending to nose",سر — درد، برما سا، ماتھے سے ناک تک,2,2,یکساں
r3050,"PAIN, boring, occiput, afternoon","PAIN, headache in general, Boring, digging, screwing, Occiput, afternoon",سر — درد، برما سا، گدی میں، سہ پہر,1,1,یکساں
r3051,"PAIN, boring, occiput, evening","PAIN, headache in general, Boring, digging, screwing, Occiput, evening",سر — درد، برما سا، گدی میں، شام,1,1,یکساں
r3052,"PAIN, boring, occiput, intense pain as if a bolt have been driven from neck to vertex agg. each throb of heart","PAIN, headache in general, Boring, digging, screwing, Occiput, intense pain as if a bolt have been driven from neck to vertex agg. each throb of heart",سر — درد، برما سا، گدی میں، شدید درد جیسے گردن سے چوٹی تک سلاخ ٹھونک دی ہو، دل کی ہر دھڑکن پر بگاڑ,1,1,یکساں
r3054,"PAIN, boring, occiput, spot","PAIN, headache in general, Boring, digging, screwing, Occiput, spot",سر — درد، برما سا، گدی میں، دھبے میں,1,1,یکساں
r3055,"PAIN, boring, occiput, sides of","PAIN, headache in general, Boring, digging, screwing, Occiput, sides of",سر — درد، برما سا، گدی کے پہلوؤں میں,5,5,یکساں
r3058,"PAIN, boring, sides, right","PAIN, headache in general, Boring, digging, screwing, Sides, right",سر — درد، برما سا، دائیں پہلو میں,8,8,یکساں
r3059,"PAIN, boring, sides, left","PAIN, headache in general, Boring, digging, screwing, Sides, left",سر — درد، برما سا، بائیں پہلو میں,7,7,یکساں
r3062,"PAIN, boring, sides, afternoon","PAIN, headache in general, Boring, digging, screwing, Sides, afternoon",سر — درد، برما سا، پہلوؤں میں، سہ پہر,1,1,یکساں
r3065,"PAIN, boring, sides, bending head backward","PAIN, headache in general, Boring, digging, screwing, Sides, bending head backward",سر — درد، برما سا، پہلوؤں میں، سر پیچھے جھکانا,1,1,یکساں
r3066,"PAIN, boring, sides, coughing agg.","PAIN, headache in general, Boring, digging, screwing, Sides, coughing agg.",سر — درد، برما سا، پہلوؤں میں، کھانسنے سے بگاڑ,1,1,یکساں
r3068,"PAIN, boring, sides, outward","PAIN, headache in general, Boring, digging, screwing, Sides, outward",سر — درد، برما سا، پہلوؤں میں، باہر کی طرف,1,1,یکساں
r3070,"PAIN, boring, sides, violent","PAIN, headache in general, Boring, digging, screwing, Sides, violent",سر — درد، برما سا، پہلوؤں میں، شدید,1,1,یکساں
r3074,"PAIN, boring, temples, left","PAIN, headache in general, Boring, digging, screwing, Temples, left",سر — درد، برما سا، بائیں کنپٹی میں,5,5,یکساں
r3075,"PAIN, boring, temples, daytime","PAIN, headache in general, Boring, digging, screwing, Temples, daytime",سر — درد، برما سا، کنپٹیوں میں، دن کے وقت,1,1,یکساں
r3076,"PAIN, boring, temples, morning","PAIN, headache in general, Boring, digging, screwing, Temples, morning",سر — درد، برما سا، کنپٹیوں میں، صبح,6,6,یکساں
r3078,"PAIN, boring, temples, forenoon","PAIN, headache in general, Boring, digging, screwing, Temples, forenoon",سر — درد، برما سا، کنپٹیوں میں، دوپہر سے پہلے,1,1,یکساں
r3079,"PAIN, boring, temples, noon","PAIN, headache in general, Boring, digging, screwing, Temples, noon",سر — درد، برما سا، کنپٹیوں میں، دوپہر,1,1,یکساں
r3080,"PAIN, boring, temples, afternoon","PAIN, headache in general, Boring, digging, screwing, Temples, afternoon",سر — درد، برما سا، کنپٹیوں میں، سہ پہر,2,2,یکساں
r3084,"PAIN, boring, temples, bending backward agg.","PAIN, headache in general, Boring, digging, screwing, Temples, bending backward agg.",سر — درد، برما سا، کنپٹیوں میں، پیچھے جھکنے سے بگاڑ,1,1,یکساں
r3085,"PAIN, boring, temples, cold agg.","PAIN, headache in general, Boring, digging, screwing, Temples, cold agg.",سر — درد، برما سا، کنپٹیوں میں، ٹھنڈ سے بگاڑ,1,1,یکساں
r3087,"PAIN, boring, temples, heat agg.","PAIN, headache in general, Boring, digging, screwing, Temples, heat agg.",سر — درد، برما سا، کنپٹیوں میں، گرمی سے بگاڑ,1,1,یکساں
r3088,"PAIN, boring, temples, inward","PAIN, headache in general, Boring, digging, screwing, Temples, inward",سر — درد، برما سا، کنپٹیوں میں، اندر کی طرف,1,1,یکساں
r3090,"PAIN, boring, temples, outward","PAIN, headache in general, Boring, digging, screwing, Temples, outward",سر — درد، برما سا، کنپٹیوں میں، باہر کی طرف,2,2,یکساں
r3091,"PAIN, boring, temples, pressure amel.","PAIN, headache in general, Boring, digging, screwing, Temples, pressure amel.",سر — درد، برما سا، کنپٹیوں میں، دبانے سے آرام,3,3,یکساں
r3092,"PAIN, boring, temples, pulsating","PAIN, headache in general, Boring, digging, screwing, Temples, pulsating",سر — درد، برما سا، کنپٹیوں میں، دھڑکتا ہوا,1,1,یکساں
r3094,"PAIN, boring, temples, sitting upright","PAIN, headache in general, Boring, digging, screwing, Temples, sitting upright",سر — درد، برما سا، کنپٹیوں میں، سیدھا بیٹھنے پر,1,1,یکساں
r3095,"PAIN, boring, temples, stooping amel.","PAIN, headache in general, Boring, digging, screwing, Temples, stooping amel.",سر — درد، برما سا، کنپٹیوں میں، جھکنے سے آرام,1,1,یکساں
r3096,"PAIN, boring, temples, tearing","PAIN, headache in general, Boring, digging, screwing, Temples, tearing",سر — درد، برما سا، کنپٹیوں میں، چیرتا ہوا,1,1,یکساں
r3097,"PAIN, boring, temples, touch amel.","PAIN, headache in general, Boring, digging, screwing, Temples, touch amel.",سر — درد، برما سا، کنپٹیوں میں، چھونے سے آرام,1,1,یکساں
r3098,"PAIN, boring, temples, extending to head","PAIN, headache in general, Boring, digging, screwing, Temples, extending to head",سر — درد، برما سا، کنپٹیوں سے سر تک,1,1,یکساں
r3101,"PAIN, boring, vertex, outward","PAIN, headache in general, Boring, digging, screwing, Vertex, outward",سر — درد، برما سا، چوٹی میں، باہر کی طرف,2,2,یکساں
r3390,"PAIN, cutting, standing, while","PAIN, headache in general, Cutting, darting, stabbing, standing, while",سر — درد، کاٹتا ہوا، کھڑے ہوئے,2,2,یکساں
r3392,"PAIN, cutting, stooping, on","PAIN, headache in general, Cutting, darting, stabbing, stooping, on",سر — درد، کاٹتا ہوا، جھکنے پر,6,6,یکساں
r3393,"PAIN, cutting, storm, before","PAIN, headache in general, Cutting, darting, stabbing, storm, before",سر — درد، کاٹتا ہوا، طوفان سے پہلے,1,1,یکساں
r3397,"PAIN, cutting, vexation, after","PAIN, headache in general, Cutting, darting, stabbing, vexation, after",سر — درد، کاٹتا ہوا، کوفت کے بعد,1,1,یکساں
r3401,"PAIN, cutting, forehead, morning","PAIN, headache in general, Cutting, darting, stabbing, Forehead, morning",سر — درد، کاٹتا ہوا، ماتھے میں، صبح,2,2,یکساں
r3408,"PAIN, cutting, forehead, pressure agg.","PAIN, headache in general, Cutting, darting, stabbing, Forehead, pressure agg.",سر — درد، کاٹتا ہوا، ماتھے میں، دبانے سے بگاڑ,2,2,یکساں
r3409,"PAIN, cutting, forehead, pulsating","PAIN, headache in general, Cutting, darting, stabbing, Forehead, pulsating",سر — درد، کاٹتا ہوا، ماتھے میں، دھڑکتا ہوا,1,1,یکساں
r3412,"PAIN, cutting, forehead, walking agg.","PAIN, headache in general, Cutting, darting, stabbing, Forehead, walking agg.",سر — درد، کاٹتا ہوا، ماتھے میں، چلنے سے بگاڑ,1,1,یکساں
r3413,"PAIN, cutting, forehead, extending to occiput","PAIN, headache in general, Cutting, darting, stabbing, Forehead, extending to occiput",سر — درد، کاٹتا ہوا، ماتھے سے گدی تک,2,2,یکساں
r3420,"PAIN, cutting, knife, as with a","PAIN, headache in general, Cutting, darting, stabbing, knife, as with a",سر — درد، کاٹتا ہوا، چھری، جیسے,12,12,یکساں
r3423,"PAIN, cutting, occiput, stooping agg.","PAIN, headache in general, Cutting, darting, stabbing, Occiput, stooping agg.",سر — درد، کاٹتا ہوا، گدی میں، جھکنے سے بگاڑ,1,1,یکساں
r3424,"PAIN, cutting, occiput, walking","PAIN, headache in general, Cutting, darting, stabbing, Occiput, walking",سر — درد، کاٹتا ہوا، گدی میں، چلنا,1,1,یکساں
r3425,"PAIN, cutting, occiput, extending to eyes","PAIN, headache in general, Cutting, darting, stabbing, Occiput, extending to eyes",سر — درد، کاٹتا ہوا، گدی سے آنکھوں تک,1,1,یکساں
r3428,"PAIN, cutting, sides, right","PAIN, headache in general, Cutting, darting, stabbing, Sides, right",سر — درد، کاٹتا ہوا، دائیں پہلو میں,1,1,یکساں
r3429,"PAIN, cutting, sides, left","PAIN, headache in general, Cutting, darting, stabbing, Sides, left",سر — درد، کاٹتا ہوا، بائیں پہلو میں,1,1,یکساں
r3430,"PAIN, cutting, sides, morning","PAIN, headache in general, Cutting, darting, stabbing, Sides, morning",سر — درد، کاٹتا ہوا، پہلوؤں میں، صبح,1,1,یکساں
r3431,"PAIN, cutting, sides, ascending","PAIN, headache in general, Cutting, darting, stabbing, Sides, ascending",سر — درد، کاٹتا ہوا، پہلوؤں میں، اوپر چڑھتے ہوئے,1,1,یکساں
r3435,"PAIN, cutting, sides, warm applications amel.","PAIN, headache in general, Cutting, darting, stabbing, Sides, warm applications amel.",سر — درد، کاٹتا ہوا، پہلوؤں میں، گرم پٹیوں سے آرام,1,1,یکساں
r3437,"PAIN, cutting, temples, right","PAIN, headache in general, Cutting, darting, stabbing, Temples, right",سر — درد، کاٹتا ہوا، دائیں کنپٹی میں,5,5,یکساں
r3442,"PAIN, cutting, temples, pressure agg.","PAIN, headache in general, Cutting, darting, stabbing, Temples, pressure agg.",سر — درد، کاٹتا ہوا، کنپٹیوں میں، دبانے سے بگاڑ,1,1,یکساں
r3443,"PAIN, cutting, temples, rhythmical","PAIN, headache in general, Cutting, darting, stabbing, Temples, rhythmical",سر — درد، کاٹتا ہوا، کنپٹیوں میں، باقاعدہ وقفوں سے (تال کے ساتھ),1,1,یکساں
r3445,"PAIN, cutting, temples, extending to eyes","PAIN, headache in general, Cutting, darting, stabbing, Temples, extending to eyes",سر — درد، کاٹتا ہوا، کنپٹیوں سے آنکھوں تک,1,1,یکساں
r5276,"PAIN, tearing, dinner, after","PAIN, headache in general, Tearing, rending, dinner, during, after",سر — درد، چیرتا ہوا، دوپہر کے کھانے کے بعد,4,4,یکساں
r5280,"PAIN, tearing, eating, after","PAIN, headache in general, Tearing, rending, eating, while, after",سر — درد، چیرتا ہوا، کھانے کے بعد,7,7,یکساں
r5283,"PAIN, tearing, heat, amel.","PAIN, headache in general, Tearing, rending, heat, during the, amel.",سر — درد، چیرتا ہوا، گرمائش سے آرام,5,5,یکساں
r5290,"PAIN, tearing, lying, amel.","PAIN, headache in general, Tearing, rending, lying, while, amel.",سر — درد، چیرتا ہوا، لیٹنے سے آرام,5,5,یکساں
r5292,"PAIN, tearing, lying, must lie down","PAIN, headache in general, Tearing, rending, lying, while, must lie down",سر — درد، چیرتا ہوا، لیٹنا پڑتا ہے,3,3,یکساں
r5296,"PAIN, tearing, menses, during","PAIN, headache in general, Tearing, rending, menses, before, during",سر — درد، چیرتا ہوا، حیض کے دوران,5,5,یکساں
r5297,"PAIN, tearing, menses, after","PAIN, headache in general, Tearing, rending, menses, before, after",سر — درد، چیرتا ہوا، حیض کے بعد,1,1,یکساں
r5299,"PAIN, tearing, mental exertion, amel.","PAIN, headache in general, Tearing, rending, mental exertion, from, amel.",سر — درد، چیرتا ہوا، ذہنی محنت سے آرام,1,1,یکساں
r5316,"PAIN, tearing, rising, from stooping","PAIN, headache in general, Tearing, rending, rising, on, from stooping",سر — درد، چیرتا ہوا، جھک کر سیدھا ہونے پر,1,1,یکساں
r5317,"PAIN, tearing, rising, up in bed agg.","PAIN, headache in general, Tearing, rending, rising, on, up in bed agg.",سر — درد، چیرتا ہوا، بستر میں اٹھ بیٹھنے سے بگاڑ,2,2,یکساں
r5324,"PAIN, tearing, sitting, amel.","PAIN, headache in general, Tearing, rending, sitting, while, amel.",سر — درد، چیرتا ہوا، بیٹھنے سے آرام,2,2,یکساں
r5325,"PAIN, tearing, sitting, upright agg.","PAIN, headache in general, Tearing, rending, sitting, while, upright agg.",سر — درد، چیرتا ہوا، سیدھا بیٹھنے سے بگاڑ,2,2,یکساں
r5787,"PULSATING, air, in open, amel.","PULSATING, beating, throbbing (See Bursting, Congestion, Hammering), air, in open, agg., amel.",سر — دھڑکن، کھلی ہوا میں آرام,6,6,یکساں
r5792,"PULSATING, bathing, cold, amel.","PULSATING, beating, throbbing (See Bursting, Congestion, Hammering), bathing, after, cold, amel.",سر — دھڑکن، ٹھنڈے پانی سے نہانے پر آرام,3,3,یکساں
r5834,"PULSATING, lying, back, on","PULSATING, beating, throbbing (See Bursting, Congestion, Hammering), lying, while, back, on",سر — دھڑکن، پیٹھ کے بل لیٹنے پر,1,1,یکساں
r5836,"PULSATING, lying, head high, amel.","PULSATING, beating, throbbing (See Bursting, Congestion, Hammering), lying, while, head high, amel.",سر — دھڑکن، سر اونچا رکھ کر لیٹنے سے آرام,2,2,یکساں
r5838,"PULSATING, lying, part, on the","PULSATING, beating, throbbing (See Bursting, Congestion, Hammering), lying, while, part, on the",سر — دھڑکن، متاثرہ حصے کے بل لیٹنے پر,1,1,یکساں
r5842,"PULSATING, menses, during, painless throbbing","PULSATING, beating, throbbing (See Bursting, Congestion, Hammering), menses, before, during, painless throbbing",سر — دھڑکن، حیض کے دوران، بے درد دھڑکن,1,1,یکساں
r5893,"PULSATING, walking, quickly, while","PULSATING, beating, throbbing (See Bursting, Congestion, Hammering), walking, while, quickly, while",سر — دھڑکن، تیز چلتے ہوئے,3,3,یکساں
r5894,"PULSATING, walking, stepping, when","PULSATING, beating, throbbing (See Bursting, Congestion, Hammering), walking, while, stepping, when",سر — دھڑکن، قدم رکھنے پر,2,2,یکساں
r5906,"PULSATING, brain, beating of, against skull","PULSATING, beating, throbbing (See Bursting, Congestion, Hammering), Brain, seems to be in, beating of, against skull",سر — دھڑکن، دماغ کھوپڑی سے ٹکرائے,15,15,یکساں
r5911,"PULSATING, brain, leaning head back, on","PULSATING, beating, throbbing (See Bursting, Congestion, Hammering), Brain, seems to be in, leaning head back, on",سر — دھڑکن، دماغ میں، سر پیچھے ٹیکنے پر,1,1,یکساں
r5912,"PULSATING, brain, shooting, ending in","PULSATING, beating, throbbing (See Bursting, Congestion, Hammering), Brain, seems to be in, shooting, ending in",سر — دھڑکن، دماغ میں، آخر میں چبھتا درد,1,1,یکساں
r5913,"PULSATING, brain, transient, in one-half of","PULSATING, beating, throbbing (See Bursting, Congestion, Hammering), Brain, seems to be in, transient, in one-half of",سر — دھڑکن، دماغ کے ایک آدھے حصے میں عارضی,1,1,یکساں
r5936,"PULSATING, forehead, motion, amel.","PULSATING, beating, throbbing (See Bursting, Congestion, Hammering), Forehead, motion, during, amel.",سر — دھڑکن، ماتھے میں، حرکت سے آرام,1,1,یکساں
r5941,"PULSATING, forehead, riding, in cold air","PULSATING, beating, throbbing (See Bursting, Congestion, Hammering), Forehead, riding, while, in cold air",سر — دھڑکن، ماتھے میں، ٹھنڈی ہوا میں سواری کرتے ہوئے,2,2,یکساں
r5947,"PULSATING, forehead, walking, in open air","PULSATING, beating, throbbing (See Bursting, Congestion, Hammering), Forehead, walking, on, in open air",سر — دھڑکن، ماتھے میں، کھلی ہوا میں چلتے ہوئے,2,2,یکساں
r5971,"PULSATING, occiput, moving, amel.","PULSATING, beating, throbbing (See Bursting, Congestion, Hammering), Occiput, moving, on, amel.",سر — دھڑکن، گدی میں، حرکت سے آرام,1,1,یکساں
r5975,"PULSATING, occiput, rising, from stooping","PULSATING, beating, throbbing (See Bursting, Congestion, Hammering), Occiput, rising, on, from stooping",سر — دھڑکن، گدی میں، جھک کر سیدھا ہونے پر,1,1,یکساں
r5978,"PULSATING, occiput, sitting, amel.","PULSATING, beating, throbbing (See Bursting, Congestion, Hammering), Occiput, sitting, while, amel.",سر — دھڑکن، گدی میں، بیٹھنے سے آرام,1,1,یکساں
r6018,"PULSATING, sides, walking, in open air","PULSATING, beating, throbbing (See Bursting, Congestion, Hammering), Sides, walking, while, in open air",سر — دھڑکن، پہلوؤں میں، کھلی ہوا میں چلتے ہوئے,1,1,یکساں
r6047,"PULSATING, vertex, motion, of the eyes","PULSATING, beating, throbbing (See Bursting, Congestion, Hammering), Vertex, motion, on, of the eyes",سر — دھڑکن، چوٹی میں، آنکھیں ہلانے پر,1,1,یکساں
r3291,"PAIN, bursting, forehead","PAIN, headache in general, Bursting, Forehead",سر — درد، پھٹنے جیسا، ماتھے میں,50,47,ماخذی مطابق کیے
r3186,"PAIN, burning, temples","PAIN, headache in general, Burning, Temples",سر — درد، جلتا ہوا، کنپٹیوں میں,33,31,ماخذی مطابق کیے
r5046,"PAIN, stitching, sides","PAIN, headache in general, Stitching, Sides",سر — درد، چبھتا ہوا، پہلوؤں میں,97,91,ماخذی مطابق کیے
r2409,"PAIN, occiput, afternoon","PAIN, headache in general, Occiput, afternoon",سر — درد، گدی میں، سہ پہر,32,30,ماخذی مطابق کیے
r3792,"PAIN, lancinating, temples","PAIN, headache in general, Lancinating (See Cutting), Temples",سر — درد، نشتر جیسا، کنپٹیوں میں,16,15,ماخذی مطابق کیے
r2413,"PAIN, occiput, evening","PAIN, headache in general, Occiput, evening",سر — درد، گدی میں، شام,47,44,ماخذی مطابق کیے
o40556,"PAIN, cutting, air, open, amel.","PAIN, headache in general, Cutting, darting, stabbing, air, open, agg., amel.",سر — درد، کاٹتا کھلی ہوا میں آرام,1,1,یکساں
o43849,"PAIN, tearing, temples, extending, downward","PAIN, headache in general, Tearing, rending, Temples, extending, brain, into, downward",سر — درد، چیرتا ہوا، کنپٹیوں سے پھیلتا ہوا، نیچے کی طرف,2,2,یکساں
o43858,"PAIN, tearing, temples, extending, upward","PAIN, headache in general, Tearing, rending, Temples, extending, brain, into, upward",سر — درد، چیرتا ہوا، کنپٹیوں سے پھیلتا ہوا، اوپر کی طرف,4,4,یکساں
o43901,"PAIN, tearing, vertex, extending, over temples","PAIN, headache in general, Tearing, rending, Vertex, extending, ear, to, over temples",سر — درد، چیرتا ہوا، چوٹی سے کنپٹیوں کے اوپر تک,1,1,یکساں
o44050,"PAIN, torn, as if, brain aches, as if clasped by a hand and were being torn and twisted","PAIN, headache in general, Torn, as if (See Sore, Tearing etc.), brain aches as if torn to pieces, morning on rising, agg. motion, amel. rest and warmth; passes of with much yawning, as if clasped by a hand and were being torn and twisted",سر — درد، دماغ دکھے جیسے ہاتھ سے پکڑ کر چیرا اور مروڑا جا رہا ہو,1,1,یکساں
o44052,"PAIN, torn, as if, brain aches, moving the eyes","PAIN, headache in general, Torn, as if (See Sore, Tearing etc.), brain aches as if torn to pieces, morning on rising, agg. motion, amel. rest and warmth; passes of with much yawning, moving the eyes",سر — درد، دماغ دکھے جیسے چیر دیا ہو، آنکھیں ہلانے پر,1,1,یکساں
o44367,"PULSATING, brain, beating of, hammers, like little","PULSATING, beating, throbbing (See Bursting, Congestion, Hammering), Brain, seems to be in, beating of, against skull, hammers, like little",سر — دھڑکن، دماغ میں جیسے چھوٹے ہتھوڑے,2,2,یکساں
o44369,"PULSATING, brain, beating of, waves, as of","PULSATING, beating, throbbing (See Bursting, Congestion, Hammering), Brain, seems to be in, beating of, against skull, waves, as of",سر — دھڑکن، دماغ میں لہروں کی طرح,2,2,یکساں
r3014,"PAIN, boring, forehead, motion, amel.","PAIN, headache in general, Boring, digging, screwing, Forehead, motion, on, amel.",سر — درد، برما سا، ماتھے میں، حرکت سے آرام,1,1,یکساں
r3633,"PAIN, drawing, air, open, amel.","PAIN, headache in general, Drawing, air, cold, agg., open, in, amel.",سر — درد، کھینچتا کھلی ہوا میں آرام,3,3,یکساں
o43485,"PAIN, stunning, stupefying, forehead","PAIN, headache in general, Stunning, stupefying, Forehead",سر — درد، بے سدھ کر دینے والا، ماتھے میں,49,45,ماخذی مطابق کیے
r2582,"PAIN, occiput, sides of, left","PAIN, headache in general, Occiput, sides of, left",سر — درد، گدی کے بائیں پہلو میں,12,11,ماخذی مطابق کیے
r4205,"PAIN, pressing, occiput, morning","PAIN, headache in general, Pressing (See Bursting, Drawing), Occiput, morning",سر — درد، دبانے والا، گدی میں، صبح,12,11,ماخذی مطابق کیے
r4293,"PAIN, pressing, sides, left","PAIN, headache in general, Pressing (See Bursting, Drawing), Sides, left",سر — درد، دبانے والا، بائیں پہلو میں,12,11,ماخذی مطابق کیے
r4172,"PAIN, pressing, forehead, eyes, over","PAIN, headache in general, Pressing (See Bursting, Drawing), Forehead, eyes, over",سر — درد، دبانے والا، آنکھوں کے اوپر,112,101,ماخذی مطابق کیے
r1362,"PAIN, noon","PAIN, headache in general, noon",سر — درد، دوپہر,46,44,ماخذی مطابق کیے
r518,"ERUPTION, pimples","ERUPTION, pimples",سر — دانے، پھنسیاں (سر کی کھال پر)، پھنسیاں,45,38,ماخذی مطابق کیے
r2758,"PAIN, temples, evening","PAIN, headache in general, Temples, evening",سر — درد، کنپٹیوں میں، شام,55,51,ماخذی مطابق کیے
r3628,"PAIN, drawing, temples","PAIN, headache in general, Drawing, Temples",سر — درد، کھینچتا ہوا، کنپٹیوں میں,81,75,ماخذی مطابق کیے
r4772,"PAIN, stitching, morning","PAIN, headache in general, Stitching, morning",سر — درد، چبھتا ہوا، صبح,27,25,ماخذی مطابق کیے
r6308,"TWITCHING of muscles, sides","TWITCHING of muscles of the head, Sides",سر — پھڑکن، پہلوؤں میں,19,16,ماخذی مطابق کیے
r1665,"PAIN, maddening pains","PAIN, headache in general, maddening pains",سر — درد، پاگل کر دینے والے درد,21,20,ماخذی مطابق کیے
r4173,"PAIN, pressing, forehead, eyes, over, right","PAIN, headache in general, Pressing (See Bursting, Drawing), Forehead, eyes, over, right",سر — درد، دبانے والا، دائیں آنکھ کے اوپر,9,8,ماخذی مطابق کیے
r5556,"PAIN, tearing, temples","PAIN, headache in general, Tearing, rending, Temples",سر — درد، چیرتا ہوا، کنپٹیوں میں,116,113,ماخذی مطابق کیے
r3329,"PAIN, come off, pain as if top of head would","PAIN, headache in general, Come off, pain as if top of head would",سر — درد، جیسے سر کا اوپری حصہ اتر جائے گا,13,12,ماخذی مطابق کیے
r3835,"PAIN, pinching, forehead","PAIN, headache in general, Pinching, Forehead",سر — درد، چٹکی جیسا، ماتھے میں,13,12,ماخذی مطابق کیے
r523,"ERUPTION, scales","ERUPTION, scales",سر — دانے، پھنسیاں (سر کی کھال پر)، چھلکے (پپڑی),31,26,ماخذی مطابق کیے
o40886,"PAIN, dull, forehead","PAIN, headache in general, Dull pain, Forehead",سر — درد، مدھم، ماتھے میں,51,47,ماخذی مطابق کیے
r5099,"PAIN, stitching, temples","PAIN, headache in general, Stitching, Temples",سر — درد، چبھتا ہوا، کنپٹیوں میں,153,141,ماخذی مطابق کیے
r1597,"PAIN, heat, amel.","PAIN, headache in general, heat, before the, amel.",سر — درد، گرمائش سے آرام,35,34,ماخذی مطابق کیے
o39101,"DRAWN, sideways","DRAWN backward (See Falling), sideways",سر — ایک طرف کو کھنچنا,37,31,ماخذی مطابق کیے
r4568,"PAIN, shooting, occiput","PAIN, headache in general, Shooting (See Cutting, Lancinating, Shocks, Stitches, etc.), Occiput",سر — درد، دوڑتا ہوا (تیر جیسا)، گدی میں,49,45,ماخذی مطابق کیے
o39820,"JERKING of, backwards","JERKING of the head, backwards",سر — سر پیچھے کو جھٹکے,12,10,ماخذی مطابق کیے
r1030,"HEAVINESS (See Pressing), forehead, evening","HEAVINESS (See Pressing), Forehead, evening",سر — بھاری پن، ماتھے میں، شام,6,5,ماخذی مطابق کیے
o38705,"AIR or wind, sensation of a current of, vertex","AIR OR WIND, passing through head, sensation as of, sensation of a current of, above the eyes, vertex",سر — ہوا کے جھونکے کا احساس، چوٹی پر,1,1,یکساں
o38706,"AIR or wind, sensitive to draft","AIR OR WIND, passing through head, sensation as of, sensitive to draft",سر — ہوا کے جھونکے سے حساس,30,30,یکساں
o38763,"COLDNESS, air, as if cold air passed over brain","COLDNESS, chilliness, etc., air, as from cold, as if cold air passed over brain",سر — ٹھنڈک، جیسے دماغ پر سے ٹھنڈی ہوا گزری ہو,4,4,یکساں
o38766,"COLDNESS, alternating with heat","COLDNESS, chilliness, etc., alternating with heat",سر — ٹھنڈک، باری باری گرمی کے ساتھ,5,5,یکساں
o38774,"COLDNESS, covered, amel.","COLDNESS, chilliness, etc., covered, even when, amel.",سر — ٹھنڈک، ڈھانپنے سے آرام,5,5,یکساں
o38794,"COLDNESS, icy","COLDNESS, chilliness, etc., icy",سر — ٹھنڈک، برف جیسی,11,11,یکساں
o38795,"COLDNESS, internally","COLDNESS, chilliness, etc., internally",سر — ٹھنڈک، اندر سے,3,3,یکساں
o38798,"COLDNESS, morning","COLDNESS, chilliness, etc., morning",سر — ٹھنڈک، صبح,5,5,یکساں
o38800,"COLDNESS, night","COLDNESS, chilliness, etc., night",سر — ٹھنڈک، رات,6,6,یکساں
o38809,"COLDNESS, painful parts","COLDNESS, chilliness, etc., painful parts",سر — ٹھنڈک، دکھتے حصوں میں,1,1,یکساں
o38825,"COLDNESS, stool, after","COLDNESS, chilliness, etc., stool, before, after",سر — ٹھنڈک، پاخانے کے بعد,1,1,یکساں
o38827,"COLDNESS, stooping agg.","COLDNESS, chilliness, etc., stooping agg.",سر — ٹھنڈک، جھکنے سے بگاڑ,2,2,یکساں
o38844,"COLDNESS, walking amel.","COLDNESS, chilliness, etc., walking amel.",سر — ٹھنڈک، چلنے سے آرام,1,1,یکساں
o38845,"COLDNESS, warm room","COLDNESS, chilliness, etc., warm room",سر — ٹھنڈک، گرم کمرے میں,3,3,یکساں
o38860,"CONGESTION, bending head, forward","CONGESTION, hyperæmia, etc. (See Fullness, Pulsation), bending head backward, on, forward",سر — خون کا جماؤ (سر کو خون چڑھنا)، سر آگے جھکانے پر,1,1,یکساں
o40554,"PAIN, cutting, afternoon","PAIN, headache in general, Cutting, darting, stabbing, afternoon",سر — درد، کاٹتا ہوا، سہ پہر,2,2,یکساں
o40557,"PAIN, cutting, binding up head amel.","PAIN, headache in general, Cutting, darting, stabbing, binding up head amel.",سر — درد، کاٹتا ہوا، سر باندھنے سے آرام,1,1,یکساں
o40558,"PAIN, cutting, blowing nose","PAIN, headache in general, Cutting, darting, stabbing, blowing nose",سر — درد، کاٹتا ہوا، ناک سنکنے پر,1,1,یکساں
o40560,"PAIN, cutting, closing eyes amel.","PAIN, headache in general, Cutting, darting, stabbing, closing eyes amel.",سر — درد، کاٹتا ہوا، آنکھیں بند کرنے سے آرام,1,1,یکساں
o40561,"PAIN, cutting, cold air agg.","PAIN, headache in general, Cutting, darting, stabbing, cold air agg.",سر — درد، کاٹتا ہوا، ٹھنڈی ہوا سے بگاڑ,2,2,یکساں
o40562,"PAIN, cutting, cold applications amel.","PAIN, headache in general, Cutting, darting, stabbing, cold applications amel.",سر — درد، کاٹتا ہوا، ٹھنڈی پٹیوں سے آرام,1,1,یکساں
o40565,"PAIN, cutting, evening","PAIN, headache in general, Cutting, darting, stabbing, evening",سر — درد، کاٹتا ہوا، شام,2,2,یکساں
o40585,"PAIN, cutting, heat agg.","PAIN, headache in general, Cutting, darting, stabbing, heat agg.",سر — درد، کاٹتا ہوا، گرمی سے بگاڑ,1,1,یکساں
o40586,"PAIN, cutting, heat amel.","PAIN, headache in general, Cutting, darting, stabbing, heat amel.",سر — درد، کاٹتا ہوا، گرمائش سے آرام,1,1,یکساں
o40589,"PAIN, cutting, light","PAIN, headache in general, Cutting, darting, stabbing, light",سر — درد، کاٹتا ہوا، روشنی,1,1,یکساں
o40590,"PAIN, cutting, lying amel.","PAIN, headache in general, Cutting, darting, stabbing, lying amel.",سر — درد، کاٹتا ہوا، لیٹنے سے آرام,1,1,یکساں
o40592,"PAIN, cutting, morning","PAIN, headache in general, Cutting, darting, stabbing, morning",سر — درد، کاٹتا ہوا، صبح,2,2,یکساں
o40598,"PAIN, cutting, noise","PAIN, headache in general, Cutting, darting, stabbing, noise",سر — درد، کاٹتا ہوا، شور سے,1,1,یکساں
o40608,"PAIN, cutting, rest agg.","PAIN, headache in general, Cutting, darting, stabbing, rest agg.",سر — درد، کاٹتا ہوا، آرام سے بگاڑ,1,1,یکساں
o41487,"PAIN, light, amel.","PAIN, headache in general, light, in general, from, amel.",سر — درد، روشنی سے آرام,2,2,یکساں
o41489,"PAIN, light, daylight","PAIN, headache in general, light, in general, from, daylight",سر — درد، دن کی روشنی سے,5,5,یکساں
o42532,"PAIN, pressure, back of neck agg.","PAIN, headache in general, pressure, external, agg., back of neck agg.",سر — درد، گردن کے پچھلے حصے پر دباؤ سے بگاڑ,1,1,یکساں
o42533,"PAIN, pressure, cannot bear pressure though it does not agg.","PAIN, headache in general, pressure, external, agg., cannot bear pressure though it does not agg.",سر — درد، دباؤ برداشت نہیں حالانکہ اس سے بڑھتا نہیں,1,1,یکساں
o42588,"PAIN, sexual, after excessive pollutions","PAIN, headache in general, sexual desire, repression of, after, after excessive pollutions",سر — درد، بہت زیادہ احتلام کے بعد,16,16,یکساں
o42589,"PAIN, sexual, after onanism","PAIN, headache in general, sexual desire, repression of, after, after onanism",سر — درد، مشت زنی کے بعد,14,14,یکساں
o43470,"PAIN, stool, before","PAIN, headache in general, stool, from pressing, at, before",سر — درد، پاخانے سے پہلے,4,4,یکساں
o43519,"PAIN, sutures, pain follows","PAIN, headache in general, Occiput and Forehead, extending to arm, Sutures, pain follows",سر — درد، کھوپڑی کے جوڑوں (سیون) کے ساتھ ساتھ,2,2,یکساں
o44087,"PAIN, urination, during","PAIN, headache in general, urination, before, if the call be not attended to, during",سر — درد، پیشاب کے دوران,3,3,یکساں
o44399,"PULSATING, extending, teeth, to","PULSATING, beating, throbbing (See Bursting, Congestion, Hammering), extending, neck or chest, to, teeth, to",سر — دھڑکن، دانتوں تک پھیلتی ہوئی,1,1,یکساں
o44626,"PULSATING, walking, open air, amel.","PULSATING, beating, throbbing (See Bursting, Congestion, Hammering), walking, while, open air, in, amel.",سر — دھڑکن، کھلی ہوا میں چلنے سے آرام,3,3,یکساں
o44647,"RAISE the head, frequently from pillow","RAISE THE HEAD, difficult to, night, frequently from pillow",سر — سر بار بار تکیے سے اٹھاتا ہے,1,1,یکساں
o44738,"SHOCKS, blows, morning, rising, amel.","SHOCKS, blows, jerks, etc. (See Jerking Pain, Pulsation, Plug, Nail), morning, bed, in, rising, on, amel.",سر — ضربیں، صبح اٹھنے سے آرام,1,1,یکساں
r105,"COLDNESS, afternoon","COLDNESS, chilliness, etc., afternoon",سر — ٹھنڈک، سہ پہر,5,5,یکساں
r106,"COLDNESS, evening","COLDNESS, chilliness, etc., evening",سر — ٹھنڈک، شام,9,9,یکساں
r133,"COLDNESS, temples","COLDNESS, chilliness, etc., Temples",سر — ٹھنڈک، کنپٹیاں,9,9,یکساں
r1467,"PAIN, bending head backward, walks with head bent backwards","PAIN, headache in general, bending head backward, while, amel., walks with head bent backwards",سر — درد، سر پیچھے جھکا کر چلتا ہے,2,2,یکساں
r161,"CONGESTION, forenoon","CONGESTION, hyperæmia, etc. (See Fullness, Pulsation), forenoon",سر — خون کا جماؤ (سر کو خون چڑھنا)، دوپہر سے پہلے,2,2,یکساں
r166,"CONGESTION, evening","CONGESTION, hyperæmia, etc. (See Fullness, Pulsation), evening",سر — خون کا جماؤ (سر کو خون چڑھنا)، شام,16,16,یکساں
r167,"CONGESTION, night","CONGESTION, hyperæmia, etc. (See Fullness, Pulsation), night",سر — خون کا جماؤ (سر کو خون چڑھنا)، رات,14,14,ماخذی مطابق کیے
r1701,"PAIN, moving, head, amel.","PAIN, headache in general, moving, arms, on, head, on, amel.",سر — درد، سر ہلانے سے آرام,7,7,یکساں
r1702,"PAIN, moving, eyes","PAIN, headache in general, moving, arms, on, eyes",سر — درد، آنکھیں ہلانے پر,43,43,یکساں
r1703,"PAIN, moving, eyelids","PAIN, headache in general, moving, arms, on, eyelids",سر — درد، پلکیں ہلانے پر,8,8,یکساں
r171,"CONGESTION, alcoholic liquors agg.","CONGESTION, hyperæmia, etc. (See Fullness, Pulsation), alcoholic liquors agg.",سر — خون کا جماؤ (سر کو خون چڑھنا)، شراب سے بگاڑ,5,5,یکساں
r172,"CONGESTION, alternating with congestion to heart","CONGESTION, hyperæmia, etc. (See Fullness, Pulsation), alternating with congestion to heart",سر — خون کا جماؤ (سر کو خون چڑھنا)، باری باری دل کو خون چڑھنے کے ساتھ,1,1,یکساں
r1767,"PAIN, pressure, cold hand amel.","PAIN, headache in general, pressure, external, agg., cold hand amel.",سر — درد، ٹھنڈے ہاتھ کے دباؤ سے آرام,1,1,یکساں
r1768,"PAIN, pressure, amel.","PAIN, headache in general, pressure, external, agg., amel.",سر — درد، دبانے سے آرام,83,83,یکساں
r184,"CONGESTION, convulsions, during","CONGESTION, hyperæmia, etc. (See Fullness, Pulsation), convulsions, before, during",سر — خون کا جماؤ، تشنج کے دوران,4,4,یکساں
r188,"CONGESTION, eating, after","CONGESTION, hyperæmia, etc. (See Fullness, Pulsation), eating, before, after",سر — خون کا جماؤ، کھانے کے بعد,8,8,یکساں
r194,"CONGESTION, excitement, after a pleasant surprise","CONGESTION, hyperæmia, etc. (See Fullness, Pulsation), excitement, during, after a pleasant surprise",سر — خون کا جماؤ، خوشگوار حیرت کے بعد,1,1,یکساں
r198,"CONGESTION, heart, as if blood rushed from heart to head","CONGESTION, hyperæmia, etc. (See Fullness, Pulsation), heart, at every throb of, as if blood rushed from heart to head",سر — خون کا جماؤ، جیسے دل سے خون سر کی طرف دوڑا ہو,1,1,یکساں
r203,"CONGESTION, lying, amel.","CONGESTION, hyperæmia, etc. (See Fullness, Pulsation), lying, while, amel.",سر — خون کا جماؤ، لیٹنے سے آرام,1,1,یکساں
r204,"CONGESTION, lying, on the back","CONGESTION, hyperæmia, etc. (See Fullness, Pulsation), lying, while, on the back",سر — خون کا جماؤ، پیٹھ کے بل لیٹنے پر,1,1,یکساں
r207,"CONGESTION, menses, during","CONGESTION, hyperæmia, etc. (See Fullness, Pulsation), menses, before, during",سر — خون کا جماؤ، حیض کے دوران,31,31,یکساں
r208,"CONGESTION, menses, after","CONGESTION, hyperæmia, etc. (See Fullness, Pulsation), menses, before, after",سر — خون کا جماؤ، حیض کے بعد,5,5,یکساں
r216,"CONGESTION, periodical","CONGESTION, hyperæmia, etc. (See Fullness, Pulsation), periodical",سر — خون کا جماؤ (سر کو خون چڑھنا)، وقفے وقفے سے، باقاعدہ,2,2,یکساں
r218,"CONGESTION, perspiration, where perspiration fails in ague","CONGESTION, hyperæmia, etc. (See Fullness, Pulsation), perspiration, during, where perspiration fails in ague",سر — خون کا جماؤ، جب باری کے بخار میں پسینہ نہ آئے,1,1,یکساں
r220,"CONGESTION, raising the head","CONGESTION, hyperæmia, etc. (See Fullness, Pulsation), raising the head",سر — خون کا جماؤ (سر کو خون چڑھنا)، سر اٹھانے پر,1,1,یکساں
r224,"CONGESTION, rising, amel.","CONGESTION, hyperæmia, etc. (See Fullness, Pulsation), rising, on, amel.",سر — خون کا جماؤ، اٹھنے سے آرام,2,2,یکساں
r228,"CONGESTION, sitting, must sit up","CONGESTION, hyperæmia, etc. (See Fullness, Pulsation), sitting, while, must sit up",سر — خون کا جماؤ، اٹھ کر بیٹھنا پڑتا ہے,1,1,یکساں
r233,"CONGESTION, speaking, when spoken to harshly","CONGESTION, hyperæmia, etc. (See Fullness, Pulsation), speaking, when, when spoken to harshly",سر — خون کا جماؤ، جب کوئی سختی سے بات کرے,1,1,یکساں
r237,"CONGESTION, stool, during","CONGESTION, hyperæmia, etc. (See Fullness, Pulsation), stool, before, during",سر — خون کا جماؤ، پاخانے کے دوران,4,4,یکساں
r238,"CONGESTION, stool, after","CONGESTION, hyperæmia, etc. (See Fullness, Pulsation), stool, before, after",سر — خون کا جماؤ، پاخانے کے بعد,2,2,یکساں
r242,"CONGESTION, suppressed discharges or suddenly ceasing pains","CONGESTION, hyperæmia, etc. (See Fullness, Pulsation), suppressed discharges or suddenly ceasing pains",سر — خون کا جماؤ (سر کو خون چڑھنا)، رکے ہوئے اخراجات یا اچانک رکے ہوئے درد سے,1,1,یکساں
r243,"CONGESTION, talking","CONGESTION, hyperæmia, etc. (See Fullness, Pulsation), talking",سر — خون کا جماؤ (سر کو خون چڑھنا)، باتیں کرنے سے,1,1,یکساں
r250,"CONGESTION, warm room","CONGESTION, hyperæmia, etc. (See Fullness, Pulsation), warm room",سر — خون کا جماؤ (سر کو خون چڑھنا)، گرم کمرے میں,7,7,یکساں
r255,"CONGESTION, extending to, from chest","CONGESTION, hyperæmia, etc. (See Fullness, Pulsation), extending to, from abdomen, from chest",سر — خون کا جماؤ، سینے سے سر کی طرف,4,4,یکساں
r256,"CONGESTION, extending to, from back","CONGESTION, hyperæmia, etc. (See Fullness, Pulsation), extending to, from abdomen, from back",سر — خون کا جماؤ، کمر سے سر کی طرف,1,1,یکساں
r258,"CONGESTION, occiput","CONGESTION, hyperæmia, etc. (See Fullness, Pulsation), Occiput",سر — خون کا جماؤ (سر کو خون چڑھنا)، گدی میں,12,12,یکساں
r259,"CONGESTION, temples","CONGESTION, hyperæmia, etc. (See Fullness, Pulsation), Temples",سر — خون کا جماؤ (سر کو خون چڑھنا)، کنپٹیوں میں,4,4,یکساں
r260,"CONGESTION, vertex","CONGESTION, hyperæmia, etc. (See Fullness, Pulsation), Vertex",سر — خون کا جماؤ (سر کو خون چڑھنا)، چوٹی میں,6,6,یکساں
r2958,"PAIN, boring, afternoon","PAIN, headache in general, Boring, digging, screwing, afternoon",سر — درد، برما سا، سہ پہر,5,5,یکساں
r2962,"PAIN, boring, night","PAIN, headache in general, Boring, digging, screwing, night",سر — درد، برما سا، رات,7,7,یکساں
r2966,"PAIN, boring, bending back","PAIN, headache in general, Boring, digging, screwing, bending back",سر — درد، برما سا، پیچھے جھکنے پر,2,2,یکساں
r2968,"PAIN, boring, closing eyes amel.","PAIN, headache in general, Boring, digging, screwing, closing eyes amel.",سر — درد، برما سا، آنکھیں بند کرنے سے آرام,1,1,یکساں
r2970,"PAIN, boring, cooling of head agg.","PAIN, headache in general, Boring, digging, screwing, cooling of head agg.",سر — درد، برما سا، سر ٹھنڈا ہونے سے بگاڑ,1,1,یکساں
r2971,"PAIN, boring, coughing agg.","PAIN, headache in general, Boring, digging, screwing, coughing agg.",سر — درد، برما سا، کھانسنے سے بگاڑ,4,4,یکساں
r2975,"PAIN, boring, heat and cold agg.","PAIN, headache in general, Boring, digging, screwing, heat and cold agg.",سر — درد، برما سا، گرمی اور سردی دونوں سے بگاڑ,1,1,یکساں
r2977,"PAIN, boring, laying head on table amel.","PAIN, headache in general, Boring, digging, screwing, laying head on table amel.",سر — درد، برما سا، سر میز پر رکھنے سے آرام,1,1,یکساں
r2978,"PAIN, boring, light agg.","PAIN, headache in general, Boring, digging, screwing, light agg.",سر — درد، برما سا، روشنی سے بگاڑ,1,1,یکساں
r2980,"PAIN, boring, mental exertion","PAIN, headache in general, Boring, digging, screwing, mental exertion",سر — درد، برما سا، ذہنی محنت سے,1,1,یکساں
r2982,"PAIN, boring, motion, even of talking","PAIN, headache in general, Boring, digging, screwing, motion, on, even of talking",سر — درد، برما سا، حرکت سے، باتیں کرنے تک سے,1,1,یکساں
r2983,"PAIN, boring, motion, amel.","PAIN, headache in general, Boring, digging, screwing, motion, on, amel.",سر — درد، برما سا، حرکت سے آرام,1,1,یکساں
r2984,"PAIN, boring, noise agg.","PAIN, headache in general, Boring, digging, screwing, noise agg.",سر — درد، برما سا، شور سے بگاڑ,1,1,یکساں
r2985,"PAIN, boring, opening mouth","PAIN, headache in general, Boring, digging, screwing, opening mouth",سر — درد، برما سا، منہ کھولنے پر,1,1,یکساں
r2988,"PAIN, boring, rising up","PAIN, headache in general, Boring, digging, screwing, rising up",سر — درد، برما سا، اٹھ بیٹھنے پر,1,1,یکساں
r2989,"PAIN, boring, rubbing amel.","PAIN, headache in general, Boring, digging, screwing, rubbing amel.",سر — درد، برما سا، ملنے سے آرام,1,1,یکساں
r2991,"PAIN, boring, sleep amel.","PAIN, headache in general, Boring, digging, screwing, sleep amel.",سر — درد، برما سا، نیند سے آرام,1,1,یکساں
r2996,"PAIN, boring, waking, amel. by sleep when sufficient","PAIN, headache in general, Boring, digging, screwing, waking, on, amel. by sleep when sufficient",سر — درد، برما سا، جاگنے پر، پوری نیند سے آرام,1,1,یکساں
r2999,"PAIN, boring, extending to nose","PAIN, headache in general, Boring, digging, screwing, extending to nose",سر — درد، برما سا، پھیلتا ہوا، ناک تک,1,1,یکساں
r3388,"PAIN, cutting, sleep, amel.","PAIN, headache in general, Cutting, darting, stabbing, sleep, during, amel.",سر — درد، کاٹتا ہوا، نیند سے آرام,1,1,یکساں
r3391,"PAIN, cutting, stepping agg.","PAIN, headache in general, Cutting, darting, stabbing, stepping agg.",سر — درد، کاٹتا ہوا، قدم رکھنے سے بگاڑ,2,2,یکساں
r3394,"PAIN, cutting, supporting head on hands amel.","PAIN, headache in general, Cutting, darting, stabbing, supporting head on hands amel.",سر — درد، کاٹتا ہوا، سر ہاتھوں پر ٹکانے سے آرام,2,2,یکساں
r3395,"PAIN, cutting, thinking of it amel.","PAIN, headache in general, Cutting, darting, stabbing, thinking of it amel.",سر — درد، کاٹتا ہوا، اس کے بارے میں سوچنے سے آرام,1,1,یکساں
r3396,"PAIN, cutting, turning head","PAIN, headache in general, Cutting, darting, stabbing, turning head",سر — درد، کاٹتا ہوا، سر گھمانا,1,1,یکساں
r3398,"PAIN, cutting, walking agg.","PAIN, headache in general, Cutting, darting, stabbing, walking agg.",سر — درد، کاٹتا ہوا، چلنے سے بگاڑ,1,1,یکساں
r3418,"PAIN, cutting, occiput","PAIN, headache in general, Cutting, darting, stabbing, Occiput",سر — درد، کاٹتا ہوا، گدی میں,23,23,ماخذی مطابق کیے
r3419,"PAIN, cutting, night","PAIN, headache in general, Cutting, darting, stabbing, night",سر — درد، کاٹتا ہوا، رات,1,1,یکساں
r3421,"PAIN, cutting, motion agg.","PAIN, headache in general, Cutting, darting, stabbing, motion agg.",سر — درد، کاٹتا ہوا، حرکت سے بگاڑ,2,2,یکساں
r3448,"PAIN, cutting, vertex","PAIN, headache in general, Cutting, darting, stabbing, Vertex",سر — درد، کاٹتا ہوا، چوٹی میں,10,10,ماخذی مطابق کیے
r3450,"PAIN, cutting, Digging (See Boring)","PAIN, headache in general, Cutting, darting, stabbing, Digging (See Boring)",سر — درد، کاٹتا ہوا، کھودتا ہوا,0,0,یکساں
r4411,"PAIN, pressing, vertex, morning","PAIN, headache in general, Pressing (See Bursting, Drawing), Vertex, morning",سر — درد، دبانے والا، چوٹی میں، صبح,10,9,ماخذی مطابق کیے
r5775,"PULSATING, forenoon","PULSATING, beating, throbbing (See Bursting, Congestion, Hammering), forenoon",سر — دھڑکن (سر میں نبض کی طرح دھڑکنا)، دوپہر سے پہلے,1,1,یکساں
r5776,"PULSATING, afternoon","PULSATING, beating, throbbing (See Bursting, Congestion, Hammering), afternoon",سر — دھڑکن (سر میں نبض کی طرح دھڑکنا)، سہ پہر,18,18,یکساں
r5777,"PULSATING, evening","PULSATING, beating, throbbing (See Bursting, Congestion, Hammering), evening",سر — دھڑکن (سر میں نبض کی طرح دھڑکنا)، شام,27,27,یکساں
r5780,"PULSATING, night","PULSATING, beating, throbbing (See Bursting, Congestion, Hammering), night",سر — دھڑکن (سر میں نبض کی طرح دھڑکنا)، رات,14,14,یکساں
r5788,"PULSATING, alternating between head and chest","PULSATING, beating, throbbing (See Bursting, Congestion, Hammering), alternating between head and chest",سر — دھڑکن (سر میں نبض کی طرح دھڑکنا)، باری باری سر اور سینے میں,1,1,یکساں
r5797,"PULSATING, binding up head amel.","PULSATING, beating, throbbing (See Bursting, Congestion, Hammering), binding up head amel.",سر — دھڑکن (سر میں نبض کی طرح دھڑکنا)، سر باندھنے سے آرام,2,2,یکساں
r5799,"PULSATING, blowing nose","PULSATING, beating, throbbing (See Bursting, Congestion, Hammering), blowing nose",سر — دھڑکن (سر میں نبض کی طرح دھڑکنا)، ناک سنکنے پر,1,1,یکساں
r5801,"PULSATING, burning","PULSATING, beating, throbbing (See Bursting, Congestion, Hammering), burning",سر — دھڑکن (سر میں نبض کی طرح دھڑکنا)، جلن والی,3,3,یکساں
r5804,"PULSATING, chill, after","PULSATING, beating, throbbing (See Bursting, Congestion, Hammering), chill, during, after",سر — دھڑکن، سردی لگنے کے بعد,1,1,یکساں
r5805,"PULSATING, chill, with chilliness","PULSATING, beating, throbbing (See Bursting, Congestion, Hammering), chill, during, with chilliness",سر — دھڑکن، سردی محسوس ہونے کے ساتھ,1,1,یکساں
r5806,"PULSATING, closing eyes agg.","PULSATING, beating, throbbing (See Bursting, Congestion, Hammering), closing eyes agg.",سر — دھڑکن (سر میں نبض کی طرح دھڑکنا)، آنکھیں بند کرنے سے بگاڑ,1,1,یکساں
r5809,"PULSATING, darkness amel.","PULSATING, beating, throbbing (See Bursting, Congestion, Hammering), darkness amel.",سر — دھڑکن (سر میں نبض کی طرح دھڑکنا)، اندھیرے میں آرام,1,1,یکساں
r5810,"PULSATING, deep-seated","PULSATING, beating, throbbing (See Bursting, Congestion, Hammering), deep-seated",سر — دھڑکن (سر میں نبض کی طرح دھڑکنا)، گہری,1,1,یکساں
r5812,"PULSATING, drawing","PULSATING, beating, throbbing (See Bursting, Congestion, Hammering), drawing",سر — دھڑکن (سر میں نبض کی طرح دھڑکنا)، کھینچتی ہوئی,1,1,یکساں
r5815,"PULSATING, eating, after","PULSATING, beating, throbbing (See Bursting, Congestion, Hammering), eating, before, after",سر — دھڑکن، کھانے کے بعد,6,6,یکساں
r5816,"PULSATING, ending in shooting","PULSATING, beating, throbbing (See Bursting, Congestion, Hammering), ending in shooting",سر — دھڑکن (سر میں نبض کی طرح دھڑکنا)، آخر میں چبھن,1,1,یکساں
r5821,"PULSATING, gnawing","PULSATING, beating, throbbing (See Bursting, Congestion, Hammering), gnawing",سر — دھڑکن (سر میں نبض کی طرح دھڑکنا)، کترتی ہوئی,1,1,یکساں
r5824,"PULSATING, here and there","PULSATING, beating, throbbing (See Bursting, Congestion, Hammering), here and there",سر — دھڑکن (سر میں نبض کی طرح دھڑکنا)، کبھی یہاں کبھی وہاں,3,3,یکساں
r5826,"PULSATING, intermittent","PULSATING, beating, throbbing (See Bursting, Congestion, Hammering), intermittent",سر — دھڑکن (سر میں نبض کی طرح دھڑکنا)، وقفے وقفے سے,2,2,یکساں
r5828,"PULSATING, jerking","PULSATING, beating, throbbing (See Bursting, Congestion, Hammering), jerking",سر — دھڑکن (سر میں نبض کی طرح دھڑکنا)، جھٹکے دار,3,3,یکساں
r5831,"PULSATING, lies senseless with closed eyes","PULSATING, beating, throbbing (See Bursting, Congestion, Hammering), lies senseless with closed eyes",سر — دھڑکن (سر میں نبض کی طرح دھڑکنا)، آنکھیں بند کیے بے ہوش پڑا رہے,1,1,یکساں
r5833,"PULSATING, lying, amel.","PULSATING, beating, throbbing (See Bursting, Congestion, Hammering), lying, while, amel.",سر — دھڑکن، لیٹنے سے آرام,3,3,یکساں
r5837,"PULSATING, lying, must lie down","PULSATING, beating, throbbing (See Bursting, Congestion, Hammering), lying, while, must lie down",سر — دھڑکن، لیٹنا پڑتا ہے,2,2,یکساں
r5843,"PULSATING, menses, after","PULSATING, beating, throbbing (See Bursting, Congestion, Hammering), menses, before, after",سر — دھڑکن، حیض کے بعد,5,5,یکساں
r5844,"PULSATING, menses, suppressed","PULSATING, beating, throbbing (See Bursting, Congestion, Hammering), menses, before, suppressed",سر — دھڑکن، رکے ہوئے حیض سے,1,1,یکساں
r5847,"PULSATING, motion agg.","PULSATING, beating, throbbing (See Bursting, Congestion, Hammering), motion agg.",سر — دھڑکن (سر میں نبض کی طرح دھڑکنا)، حرکت سے بگاڑ,29,29,یکساں
r5851,"PULSATING, moving head agg.","PULSATING, beating, throbbing (See Bursting, Congestion, Hammering), moving head agg.",سر — دھڑکن (سر میں نبض کی طرح دھڑکنا)، سر ہلانے سے بگاڑ,1,1,یکساں
r5853,"PULSATING, paroxysmal","PULSATING, beating, throbbing (See Bursting, Congestion, Hammering), paroxysmal",سر — دھڑکن (سر میں نبض کی طرح دھڑکنا)، دوروں کی شکل میں,2,2,یکساں
r5854,"PULSATING, periodic","PULSATING, beating, throbbing (See Bursting, Congestion, Hammering), periodic",سر — دھڑکن (سر میں نبض کی طرح دھڑکنا)، وقفے وقفے سے، باقاعدہ,2,2,یکساں
r5855,"PULSATING, perspiration amel.","PULSATING, beating, throbbing (See Bursting, Congestion, Hammering), perspiration amel.",سر — دھڑکن (سر میں نبض کی طرح دھڑکنا)، پسینے سے آرام,1,1,یکساں
r5856,"PULSATING, pressure amel.","PULSATING, beating, throbbing (See Bursting, Congestion, Hammering), pressure amel.",سر — دھڑکن (سر میں نبض کی طرح دھڑکنا)، دبانے سے آرام,11,11,یکساں
r5859,"PULSATING, raising head suddenly agg.","PULSATING, beating, throbbing (See Bursting, Congestion, Hammering), raising head suddenly agg.",سر — دھڑکن (سر میں نبض کی طرح دھڑکنا)، سر اچانک اٹھانے سے بگاڑ,2,2,یکساں
r5862,"PULSATING, resting head amel.","PULSATING, beating, throbbing (See Bursting, Congestion, Hammering), resting head amel.",سر — دھڑکن (سر میں نبض کی طرح دھڑکنا)، سر ٹکانے سے آرام,1,1,یکساں
r5865,"PULSATING, rising, amel.","PULSATING, beating, throbbing (See Bursting, Congestion, Hammering), rising, on, amel.",سر — دھڑکن، اٹھنے سے آرام,1,1,یکساں
r5866,"PULSATING, rising, from stooping","PULSATING, beating, throbbing (See Bursting, Congestion, Hammering), rising, on, from stooping",سر — دھڑکن، جھک کر سیدھا ہونے پر,1,1,یکساں
r5867,"PULSATING, rising, up in bed","PULSATING, beating, throbbing (See Bursting, Congestion, Hammering), rising, on, up in bed",سر — دھڑکن، بستر میں اٹھ بیٹھنے پر,1,1,یکساں
r5869,"PULSATING, rubbing amel.","PULSATING, beating, throbbing (See Bursting, Congestion, Hammering), rubbing amel.",سر — دھڑکن (سر میں نبض کی طرح دھڑکنا)، ملنے سے آرام,1,1,یکساں
r5870,"PULSATING, shaking head agg.","PULSATING, beating, throbbing (See Bursting, Congestion, Hammering), shaking head agg.",سر — دھڑکن (سر میں نبض کی طرح دھڑکنا)، سر ہلانے سے بگاڑ,1,1,یکساں
r5872,"PULSATING, sitting, amel.","PULSATING, beating, throbbing (See Bursting, Congestion, Hammering), sitting, while, amel.",سر — دھڑکن، بیٹھنے سے آرام,1,1,یکساں
r5873,"PULSATING, sleep amel.","PULSATING, beating, throbbing (See Bursting, Congestion, Hammering), sleep amel.",سر — دھڑکن (سر میں نبض کی طرح دھڑکنا)، نیند سے آرام,1,1,یکساں
r5876,"PULSATING, standing, amel.","PULSATING, beating, throbbing (See Bursting, Congestion, Hammering), standing, while, amel.",سر — دھڑکن، کھڑے ہونے سے آرام,1,1,یکساں
r5880,"PULSATING, sunlight agg.","PULSATING, beating, throbbing (See Bursting, Congestion, Hammering), sunlight agg.",سر — دھڑکن (سر میں نبض کی طرح دھڑکنا)، دھوپ سے بگاڑ,2,2,یکساں
r5881,"PULSATING, talking agg.","PULSATING, beating, throbbing (See Bursting, Congestion, Hammering), talking agg.",سر — دھڑکن (سر میں نبض کی طرح دھڑکنا)، باتیں کرنے سے بگاڑ,6,6,یکساں
r5883,"PULSATING, thinking of it amel.","PULSATING, beating, throbbing (See Bursting, Congestion, Hammering), thinking of it amel.",سر — دھڑکن (سر میں نبض کی طرح دھڑکنا)، اس کے بارے میں سوچنے سے آرام,1,1,یکساں
r5885,"PULSATING, turning around agg.","PULSATING, beating, throbbing (See Bursting, Congestion, Hammering), turning around agg.",سر — دھڑکن (سر میں نبض کی طرح دھڑکنا)، گھومنے (مڑنے) سے بگاڑ,1,1,یکساں
r5887,"PULSATING, ulcerative","PULSATING, beating, throbbing (See Bursting, Congestion, Hammering), ulcerative",سر — دھڑکن (سر میں نبض کی طرح دھڑکنا)، ناسور جیسی (گلانے والی),4,4,یکساں
r5895,"PULSATING, warm food agg.","PULSATING, beating, throbbing (See Bursting, Congestion, Hammering), warm food agg.",سر — دھڑکن (سر میں نبض کی طرح دھڑکنا)، گرم کھانے سے بگاڑ,1,1,یکساں
r5896,"PULSATING, warm room agg.","PULSATING, beating, throbbing (See Bursting, Congestion, Hammering), warm room agg.",سر — دھڑکن (سر میں نبض کی طرح دھڑکنا)، گرم کمرے میں بگاڑ,3,3,یکساں
r5900,"PULSATING, wrapping head up warmly amel.","PULSATING, beating, throbbing (See Bursting, Congestion, Hammering), wrapping head up warmly amel.",سر — دھڑکن (سر میں نبض کی طرح دھڑکنا)، سر گرم لپیٹنے سے آرام,1,1,یکساں
r5910,"PULSATING, brain, deep-seated","PULSATING, beating, throbbing (See Bursting, Congestion, Hammering), Brain, seems to be in, deep-seated",سر — دھڑکن، دماغ میں گہری,1,1,یکساں
r2403,"PAIN, occiput, forenoon","PAIN, headache in general, Occiput, forenoon",سر — درد، گدی میں، دوپہر سے پہلے,24,22,ماخذی مطابق کیے
r3682,"PAIN, dull, temples","PAIN, headache in general, Dull pain, Temples",سر — درد، مدھم، کنپٹیوں میں,12,11,ماخذی مطابق کیے
r3743,"PAIN, jerking, sides","PAIN, headache in general, Jerking, Sides",سر — درد، جھٹکے دار، پہلوؤں میں,12,11,ماخذی مطابق کیے
r615,"FULLNESS (See Enlarged), morning","FULLNESS (See Enlarged), morning",سر — بھراؤ (بھرا بھرا لگنا)، صبح,29,24,ماخذی مطابق کیے
r614,FULLNESS (See Enlarged),FULLNESS (See Enlarged),سر — بھراؤ (بھرا بھرا لگنا),185,153,ماخذی مطابق کیے
r1300,"NUMBNESS, forehead","NUMBNESS, sensation of (See Asleep), Forehead",سر — سن ہونا، ماتھے میں,16,15,ماخذی مطابق کیے
r266,"CONSTRICTION, evening","CONSTRICTION, tension (See also Drawing, Pressing), evening",سر — جکڑن (کساؤ)، شام,16,15,ماخذی مطابق کیے
r3524,"PAIN, drawing, forehead","PAIN, headache in general, Drawing, Forehead",سر — درد، کھینچتا ہوا، ماتھے میں,110,100,ماخذی مطابق کیے
r4998,"PAIN, stitching, occiput","PAIN, headache in general, Stitching, Occiput",سر — درد، چبھتا ہوا، گدی میں,88,80,ماخذی مطابق کیے
r3607,"PAIN, drawing, sides","PAIN, headache in general, Drawing, Sides",سر — درد، کھینچتا ہوا، پہلوؤں میں,63,57,ماخذی مطابق کیے
r4557,"PAIN, shooting, forehead, over eyes, left","PAIN, headache in general, Shooting (See Cutting, Lancinating, Shocks, Stitches, etc.), Forehead, over eyes, left",سر — درد، دوڑتا ہوا (تیر جیسا)، ماتھے میں، آنکھوں کے اوپر، بائیں طرف,8,7,ماخذی مطابق کیے
r5613,"PAIN, tearing, vertex","PAIN, headache in general, Tearing, rending, Vertex",سر — درد، چیرتا ہوا، چوٹی میں,62,59,ماخذی مطابق کیے
r2943,"PAIN, biting","PAIN, headache in general, Biting",سر — درد، کاٹتا ہوا,14,13,ماخذی مطابق کیے
r4276,"PAIN, pressing, occiput, sides of","PAIN, headache in general, Pressing (See Bursting, Drawing), Occiput, sides of",سر — درد، دبانے والا، گدی کے پہلوؤں میں,43,38,ماخذی مطابق کیے
o40262,"PAIN, burning, brain","PAIN, headache in general, Burning, Brain",سر — درد، جلتا ہوا، دماغ میں,10,9,ماخذی مطابق کیے
r1727,"PAIN, pains in back, with","PAIN, headache in general, pains in back, with",سر — درد، کمر کے درد کے ساتھ,20,18,ماخذی مطابق کیے
r4204,"PAIN, pressing, occiput","PAIN, headache in general, Pressing (See Bursting, Drawing), Occiput",سر — درد، دبانے والا، گدی میں,160,144,ماخذی مطابق کیے
r5199,"PAIN, stunning, stupefying","PAIN, headache in general, Stunning, stupefying",سر — درد، بے سدھ کر دینے والا,108,97,ماخذی مطابق کیے
r6036,"PULSATING, vertex","PULSATING, beating, throbbing (See Bursting, Congestion, Hammering), Vertex",سر — دھڑکن (سر میں نبض کی طرح دھڑکنا)، چوٹی,53,52,ماخذی مطابق کیے
o41142,"PAIN, forehead, eyes, above, morning","PAIN, headache in general, Forehead, in, eyes, above, morning",سر — درد، آنکھوں کے اوپر، صبح,22,20,ماخذی مطابق کیے
r5994,"PULSATING, sides","PULSATING, beating, throbbing (See Bursting, Congestion, Hammering), Sides",سر — دھڑکن (سر میں نبض کی طرح دھڑکنا)، پہلو,51,50,ماخذی مطابق کیے
r3567,"PAIN, drawing, occiput","PAIN, headache in general, Drawing, Occiput",سر — درد، کھینچتا ہوا، گدی میں,77,69,ماخذی مطابق کیے
r752,"HEAT, night","HEAT, night",سر — گرمی، رات,16,13,ماخذی مطابق کیے
r2483,"PAIN, occiput, menses, during","PAIN, headache in general, Occiput, menses, before, during",سر — درد، گدی میں، حیض کے دوران,13,12,ماخذی مطابق کیے
r368,"CONSTRICTION, side","CONSTRICTION, tension (See also Drawing, Pressing), Side",سر — جکڑن (کساؤ)، پہلو,13,12,ماخذی مطابق کیے
r5648,"PAIN, ulcerative","PAIN, headache in general, Ulcerative",سر — درد، ناسور جیسا (گلاتا ہوا),26,24,ماخذی مطابق کیے
r2519,"PAIN, occiput, stooping","PAIN, headache in general, Occiput, stooping",سر — درد، گدی میں، جھکنا,38,34,ماخذی مطابق کیے
r4778,"PAIN, stitching, afternoon","PAIN, headache in general, Stitching, afternoon",سر — درد، چبھتا ہوا، سہ پہر,19,17,ماخذی مطابق کیے
r6323,"TWITCHING of muscles, vertex","TWITCHING of muscles of the head, Vertex",سر — پھڑکن، چوٹی میں,8,8,ماخذی مطابق کیے
r103,"COLDNESS, forehead","COLDNESS, chilliness, etc., Forehead",سر — ٹھنڈک، ماتھا,42,41,ماخذی مطابق کیے
r4154,"PAIN, pressing, forehead, eminence, frontal, night","PAIN, headache in general, Pressing (See Bursting, Drawing), Forehead, eminence, frontal, night",سر — درد، دبانے والا، ماتھے کے ابھار میں، رات,7,6,ماخذی مطابق کیے
r4879,"PAIN, stitching, forehead, morning","PAIN, headache in general, Stitching, Forehead, morning",سر — درد، چبھتا ہوا، ماتھے میں، صبح,8,7,ماخذی مطابق کیے
r5200,"PAIN, stunning, stupefying, morning","PAIN, headache in general, Stunning, stupefying, morning",سر — درد، بے سدھ کر دینے والا، صبح,8,7,ماخذی مطابق کیے
r3560,"PAIN, drawing, forehead, eyes, above","PAIN, headache in general, Drawing, Forehead, eyes, above",سر — درد، کھینچتا ہوا، آنکھوں کے اوپر,22,19,ماخذی مطابق کیے
r2572,"PAIN, occiput, occipital protuberance","PAIN, headache in general, Occiput, occipital protuberance",سر — درد، گدی کے ابھار میں,9,8,ماخذی مطابق کیے
r2863,"PAIN, vertex, forenoon","PAIN, headache in general, Vertex, forenoon",سر — درد، چوٹی میں، دوپہر سے پہلے,18,16,ماخذی مطابق کیے
r5371,"PAIN, tearing, forehead, evening","PAIN, headache in general, Tearing, rending, Forehead, evening",سر — درد، چیرتا ہوا، ماتھے میں، شام,12,11,ماخذی مطابق کیے
r4325,"PAIN, pressing, temples","PAIN, headache in general, Pressing (See Bursting, Drawing), Temples",سر — درد، دبانے والا، کنپٹیوں میں,188,167,ماخذی مطابق کیے
r4147,"PAIN, pressing, forehead, eminence, frontal","PAIN, headache in general, Pressing (See Bursting, Drawing), Forehead, eminence, frontal",سر — درد، دبانے والا، ماتھے کے ابھار میں,43,37,ماخذی مطابق کیے
r1100,ITCHING of scalp,ITCHING of scalp,سر — سر کی کھال میں خارش,143,115,ماخذی مطابق کیے
r6352,WEAKNESS,WEAKNESS,سر — کمزوری,51,41,ماخذی مطابق کیے
r4622,"PAIN, shooting, vertex","PAIN, headache in general, Shooting (See Cutting, Lancinating, Shocks, Stitches, etc.), Vertex",سر — درد، دوڑتا ہوا (تیر جیسا)، چوٹی میں,53,47,ماخذی مطابق کیے
r1511,"PAIN, cold, becoming, from","PAIN, headache in general, cold, becoming, from",سر — درد، ٹھنڈ لگ جانے سے,46,40,ماخذی مطابق کیے
r3153,"PAIN, burning, forehead","PAIN, headache in general, Burning, Forehead",سر — درد، جلتا ہوا، ماتھے میں,70,62,ماخذی مطابق کیے
r2596,"PAIN, sides, one side","PAIN, headache in general, Occiput and Forehead, Sides, one side",سر — درد، ایک پہلو میں,185,173,ماخذی مطابق کیے
r2070,"PAIN, forehead, evening","PAIN, headache in general, Forehead, in, evening",سر — درد، ماتھے میں، شام,121,113,ماخذی مطابق کیے
o40926,"PAIN, extending to back","PAIN, headache in general, yawning, when, Extending to back",سر — درد، کمر تک پھیلتا ہوا,27,27,یکساں
r1049,"HEAVINESS (See Pressing), occiput, morning","HEAVINESS (See Pressing), Occiput, morning",سر — بھاری پن، گدی میں، صبح,5,4,ماخذی مطابق کیے
r1066,"HEAVINESS (See Pressing), occiput, raise, difficult to","HEAVINESS (See Pressing), Occiput, raise, difficult to",سر — بھاری پن، گدی میں، سر اٹھانا مشکل,5,4,ماخذی مطابق کیے
r1256,"MOTIONS, worm (See Crawling)","MOTIONS, movements, etc., in head (See Knocking, Looseness, Shaking, Waving, etc.), worm (See Crawling)",سر — کیڑے کی طرح رینگتی حرکت,0,0,یکساں
r384,CRACKLING sensation in,CRACKLING sensation in,سر — چٹخنے کا احساس,15,12,ماخذی مطابق کیے
r4326,"PAIN, pressing, temples, right","PAIN, headache in general, Pressing (See Bursting, Drawing), Temples, right",سر — درد، دبانے والا، دائیں کنپٹی میں,15,13,ماخذی مطابق کیے
r6053,PUSHING sensation (See Pressure),PUSHING sensation (See Pressure),سر — دھکیلنے کا احساس,5,4,ماخذی مطابق کیے
r686,"FULLNESS (See Enlarged), forehead, eyes, over","FULLNESS (See Enlarged), Forehead, eyes, over",سر — بھراؤ، آنکھوں کے اوپر,5,4,ماخذی مطابق کیے
r743,"HEAT, morning","HEAT, morning",سر — گرمی، صبح,40,32,ماخذی مطابق کیے
r2870,"PAIN, vertex, night","PAIN, headache in general, Vertex, night",سر — درد، چوٹی میں، رات,17,15,ماخذی مطابق کیے
r4473,"PAIN, pulled, sensation as if hair were","PAIN, headache in general, pulled, sensation as if hair were",سر — درد، جیسے بال کھینچے جا رہے ہوں,34,30,ماخذی مطابق کیے
r3057,"PAIN, boring, sides","PAIN, headache in general, Boring, digging, screwing, Sides",سر — درد، برما سا، پہلوؤں میں,29,28,ماخذی مطابق کیے
r3040,"PAIN, boring, forehead, sides of","PAIN, headache in general, Boring, digging, screwing, Forehead, sides of",سر — درد، برما سا، ماتھے میں، پہلوؤں میں,17,16,ماخذی مطابق کیے
r1899,"PAIN, twitching","PAIN, headache in general, twitching",سر — درد، پھڑکتا ہوا,11,10,ماخذی مطابق کیے
r2372,"PAIN, forehead, eyes, behind","PAIN, headache in general, Forehead, in, eyes, behind",سر — درد، آنکھوں کے پیچھے,33,30,ماخذی مطابق کیے
r5558,"PAIN, tearing, temples, left","PAIN, headache in general, Tearing, rending, Temples, left",سر — درد، چیرتا ہوا، بائیں کنپٹی میں,22,20,ماخذی مطابق کیے
r5567,"PAIN, tearing, temples, evening","PAIN, headache in general, Tearing, rending, Temples, evening",سر — درد، چیرتا ہوا، کنپٹیوں میں، شام,11,10,ماخذی مطابق کیے
r742,HEAT,HEAT,سر — گرمی,247,197,ماخذی مطابق کیے
r135,"COLDNESS, vertex","COLDNESS, chilliness, etc., Vertex",سر — ٹھنڈک، چوٹی,27,26,ماخذی مطابق کیے
o41866,"PAIN, periodic, every day","PAIN, headache in general, periodic headache, every day",سر — درد، وقفے وقفے سے باقاعدہ، روزانہ,33,29,ماخذی مطابق کیے
r5277,"PAIN, tearing, drawing","PAIN, headache in general, Tearing, rending, drawing",سر — درد، چیرتا ہوا، کھینچتا ہوا,14,13,ماخذی مطابق کیے
r4933,"PAIN, stitching, forehead, eminence frontal","PAIN, headache in general, Stitching, Forehead, eminence frontal",سر — درد، چبھتا ہوا، ماتھے میں، ماتھے کے ابھار میں,43,37,ماخذی مطابق کیے
r1841,"PAIN, sleep, amel.","PAIN, headache in general, sleep, before going to, amel.",سر — درد، نیند سے آرام,8,9,ماخذی مطابق کیے
r5250,"PAIN, tearing, evening","PAIN, headache in general, Tearing, rending, evening",سر — درد، چیرتا ہوا، شام,27,25,ماخذی مطابق کیے
r5493,"PAIN, tearing, occiput, sides of","PAIN, headache in general, Tearing, rending, Occiput, sides of",سر — درد، چیرتا ہوا، گدی کے پہلوؤں میں,31,28,ماخذی مطابق کیے
r1373,"PAIN, afternoon, 2 p.m.","PAIN, headache in general, afternoon, 2 p.m.",سر — درد، سہ پہر 2 بجے,8,7,ماخذی مطابق کیے
r3184,"PAIN, burning, sides","PAIN, headache in general, Burning, Sides",سر — درد، جلتا ہوا، پہلوؤں میں,8,7,ماخذی مطابق کیے
r5513,"PAIN, tearing, sides","PAIN, headache in general, Tearing, rending, Sides",سر — درد، چیرتا ہوا، پہلوؤں میں,93,86,ماخذی مطابق کیے
r3801,"PAIN, nail, as from a, forehead","PAIN, headache in general, Nail, as from a, Forehead",سر — درد، کیل جیسا، ماتھے میں,7,6,ماخذی مطابق کیے
r4037,"PAIN, pressing, forehead, afternoon","PAIN, headache in general, Pressing (See Bursting, Drawing), Forehead, afternoon",سر — درد، دبانے والا، ماتھے میں، سہ پہر,7,6,ماخذی مطابق کیے
r5991,"PULSATING, occiput, sides of","PULSATING, beating, throbbing (See Bursting, Congestion, Hammering), Occiput, sides of",سر — دھڑکن، گدی کے پہلوؤں میں,13,12,ماخذی مطابق کیے
r3436,"PAIN, cutting, temples","PAIN, headache in general, Cutting, darting, stabbing, Temples",سر — درد، کاٹتا ہوا، کنپٹیوں میں,67,64,ماخذی مطابق کیے
r3029,"PAIN, boring, forehead, eyes, over","PAIN, headache in general, Boring, digging, screwing, Forehead, eyes, over",سر — درد، برما سا، آنکھوں کے اوپر,23,21,ماخذی مطابق کیے
r2057,"PAIN, forehead, forenoon","PAIN, headache in general, Forehead, in, forenoon",سر — درد، ماتھے میں، دوپہر سے پہلے,38,35,ماخذی مطابق کیے
o44726,"SHOCKS, blows, forehead","SHOCKS, blows, jerks, etc. (See Jerking Pain, Pulsation, Plug, Nail), Forehead",سر — ضربیں، ماتھے میں,25,23,ماخذی مطابق کیے
r5762,"PRICKLING, temples","PRICKLING, Temples",سر — چبھن، کنپٹیوں میں,14,11,ماخذی مطابق کیے
r5841,"PULSATING, menses, during","PULSATING, beating, throbbing (See Bursting, Congestion, Hammering), menses, before, during",سر — دھڑکن، حیض کے دوران,20,19,ماخذی مطابق کیے
r3071,"PAIN, boring, temples","PAIN, headache in general, Boring, digging, screwing, Temples",سر — درد، برما سا، کنپٹیوں میں,58,55,ماخذی مطابق کیے
r3427,"PAIN, cutting, sides","PAIN, headache in general, Cutting, darting, stabbing, Sides",سر — درد، کاٹتا ہوا، پہلوؤں میں,19,18,ماخذی مطابق کیے
o41150,"PAIN, forehead, eyes, above, night","PAIN, headache in general, Forehead, in, eyes, above, night",سر — درد، آنکھوں کے اوپر، رات,8,7,ماخذی مطابق کیے
o66985,"PAIN, occiput, motion","PAIN, headache in general, Occiput, motion",سر — درد، گدی میں، حرکت,50,43,ماخذی مطابق کیے
r5950,"PULSATING, forehead, eminence frontal","PULSATING, beating, throbbing (See Bursting, Congestion, Hammering), Forehead, eminence frontal",سر — دھڑکن، ماتھے کے ابھار میں,11,10,ماخذی مطابق کیے
r3309,"PAIN, bursting, sides","PAIN, headache in general, Bursting, Sides",سر — درد، پھٹنے جیسا، پہلوؤں میں,7,6,ماخذی مطابق کیے
r3680,"PAIN, dull, sides","PAIN, headache in general, Dull pain, Sides",سر — درد، مدھم، پہلوؤں میں,7,6,ماخذی مطابق کیے
r1833,"PAIN, sleep, after","PAIN, headache in general, sleep, before going to, after",سر — درد، نیند کے بعد,115,104,ماخذی مطابق کیے
r3527,"PAIN, drawing, forehead, morning","PAIN, headache in general, Drawing, Forehead, morning",سر — درد، کھینچتا ہوا، ماتھے میں، صبح,6,5,ماخذی مطابق کیے
r5111,"PAIN, stitching, temples, evening","PAIN, headache in general, Stitching, Temples, evening",سر — درد، چبھتا ہوا، کنپٹیوں میں، شام,12,10,ماخذی مطابق کیے
o39926,"MOTIONS, in head, morning","MOTIONS, movements, etc., in head (See Knocking, Looseness, Shaking, Waving, etc.), morning",سر — سر میں حرکت، صبح,10,9,ماخذی مطابق کیے
o44743,"SHOCKS, blows, occiput","SHOCKS, blows, jerks, etc. (See Jerking Pain, Pulsation, Plug, Nail), Occiput",سر — ضربیں، گدی میں,10,9,ماخذی مطابق کیے
r5253,"PAIN, tearing, night","PAIN, headache in general, Tearing, rending, night",سر — درد، چیرتا ہوا، رات,10,9,ماخذی مطابق کیے
r1891,"PAIN, touch","PAIN, headache in general, touch",سر — درد، چھونا,65,57,ماخذی مطابق کیے
r5454,"PAIN, tearing, occiput","PAIN, headache in general, Tearing, rending, Occiput",سر — درد، چیرتا ہوا، گدی میں,79,71,ماخذی مطابق کیے
o41495,"PAIN, looking, downward, from","PAIN, headache in general, looking fixedly at anything, from, downward, from",سر — درد، نیچے دیکھنے سے,8,7,ماخذی مطابق کیے
r371,"CONSTRICTION, temples","CONSTRICTION, tension (See also Drawing, Pressing), Temples",سر — جکڑن (کساؤ)، کنپٹیاں,48,42,ماخذی مطابق کیے
r2375,"PAIN, forehead, middle","PAIN, headache in general, Forehead, in, middle",سر — درد، ماتھے کے بیچ میں,29,26,ماخذی مطابق کیے
r3452,"PAIN, drawing, morning","PAIN, headache in general, Drawing, morning",سر — درد، کھینچتا ہوا، صبح,13,11,ماخذی مطابق کیے
r3839,"PAIN, pinching, temples","PAIN, headache in general, Pinching, Temples",سر — درد، چٹکی جیسا، کنپٹیوں میں,13,11,ماخذی مطابق کیے
r5424,"PAIN, tearing, forehead, eyes, over","PAIN, headache in general, Tearing, rending, Forehead, eyes, over",سر — درد، چیرتا ہوا، آنکھوں کے اوپر,28,24,ماخذی مطابق کیے
r1678,"PAIN, menses, after","PAIN, headache in general, menses, before, after",سر — درد، حیض کے بعد,28,25,ماخذی مطابق کیے
r6232,"SWOLLEN, distended, feeling","SWOLLEN, distended, feeling",سر — پھولا ہوا محسوس ہو,79,60,ماخذی مطابق کیے
r117,"COLDNESS, occiput","COLDNESS, chilliness, etc., Occiput",سر — ٹھنڈک، گدی,27,25,ماخذی مطابق کیے
r3729,"PAIN, jerking, forehead","PAIN, headache in general, Jerking, Forehead",سر — درد، جھٹکے دار، ماتھے میں,19,16,ماخذی مطابق کیے
r3100,"PAIN, boring, vertex","PAIN, headache in general, Boring, digging, screwing, Vertex",سر — درد، برما سا، چوٹی میں,26,24,ماخذی مطابق کیے
r1386,"PAIN, evening","PAIN, headache in general, evening",سر — درد، شام,169,146,ماخذی مطابق کیے
r5658,PERSPIRATION scalp,PERSPIRATION scalp,سر — سر کی کھال پر پسینہ,101,76,ماخذی مطابق کیے
r333,"CONSTRICTION, forehead","CONSTRICTION, tension (See also Drawing, Pressing), Forehead",سر — جکڑن (کساؤ)، ماتھا,130,112,ماخذی مطابق کیے
r2946,"PAIN, blows, as from","PAIN, headache in general, blows, as from",سر — درد، جیسے ضرب لگی ہو,30,25,ماخذی مطابق کیے
r5651,"PAIN, ulcerative, occiput","PAIN, headache in general, Ulcerative, Occiput",سر — درد، ناسور جیسا، گدی میں,6,5,ماخذی مطابق کیے
r461,"ERUPTION, blotches","ERUPTION, blotches",سر — دانے، پھنسیاں (سر کی کھال پر)، دھبے، چکتے,4,3,ماخذی مطابق کیے
r6353,"WEAKNESS, morning","WEAKNESS, morning",سر — کمزوری، صبح,4,3,ماخذی مطابق کیے
r912,"HEAVINESS (See Pressing), night","HEAVINESS (See Pressing), night",سر — بھاری پن، رات,12,9,ماخذی مطابق کیے
r6019,"PULSATING, temples","PULSATING, beating, throbbing (See Bursting, Congestion, Hammering), Sides, Temples",سر — دھڑکن (سر میں نبض کی طرح دھڑکنا)، کنپٹیاں,97,92,ماخذی مطابق کیے
r2390,"PAIN, occiput","PAIN, headache in general, Occiput",سر — درد، گدی میں,269,231,ماخذی مطابق کیے
r2061,"PAIN, forehead, afternoon","PAIN, headache in general, Forehead, in, afternoon",سر — درد، ماتھے میں، سہ پہر,84,74,ماخذی مطابق کیے
r5961,"PULSATING, occiput","PULSATING, beating, throbbing (See Bursting, Congestion, Hammering), Occiput",سر — دھڑکن (سر میں نبض کی طرح دھڑکنا)، گدی,70,64,ماخذی مطابق کیے
r1498,"PAIN, chronic","PAIN, headache in general, chronic",سر — درد، پرانا، دیرینہ,7,6,ماخذی مطابق کیے
r262,"CONSTRICTION, morning","CONSTRICTION, tension (See also Drawing, Pressing), morning",سر — جکڑن (کساؤ)، صبح,14,12,ماخذی مطابق کیے
o42709,"PAIN, shooting, temples, extending, outward","PAIN, headache in general, Shooting (See Cutting, Lancinating, Shocks, Stitches, etc.), Temples, extending from temple to temple, outward",سر — درد، دوڑتا ہوا (تیر جیسا)، کنپٹیوں سے پھیلتا ہوا، باہر کی طرف,5,4,ماخذی مطابق کیے
r4027,"PAIN, pressing, forehead","PAIN, headache in general, Pressing (See Bursting, Drawing), Forehead",سر — درد، دبانے والا، ماتھے میں,238,198,ماخذی مطابق کیے
r4955,"PAIN, stitching, forehead, eyes over","PAIN, headache in general, Stitching, Forehead, eyes over",سر — درد، چبھتا ہوا، ماتھے میں، آنکھوں کے اوپر,47,38,ماخذی مطابق کیے
r602,FORMICATION,FORMICATION,سر — چیونٹیاں رینگنے کا احساس,58,43,ماخذی مطابق کیے
r2797,"PAIN, temples, pulsating","PAIN, headache in general, Temples, pulsating",سر — درد، کنپٹیوں میں، دھڑکتا ہوا,51,42,ماخذی مطابق کیے
r1309,"NUMBNESS, sides","NUMBNESS, sensation of (See Asleep), Sides",سر — سن ہونا، پہلوؤں میں,13,11,ماخذی مطابق کیے
r1365,"PAIN, afternoon","PAIN, headache in general, afternoon",سر — درد، سہ پہر,156,132,ماخذی مطابق کیے
r4289,"PAIN, pressing, sides","PAIN, headache in general, Pressing (See Bursting, Drawing), Sides",سر — درد، دبانے والا، پہلوؤں میں,110,90,ماخذی مطابق کیے
r3658,"PAIN, drawing, vertex, evening","PAIN, headache in general, Drawing, Vertex, evening",سر — درد، کھینچتا ہوا، چوٹی میں، شام,5,4,ماخذی مطابق کیے
r4422,"PAIN, pressing, vertex, night","PAIN, headache in general, Pressing (See Bursting, Drawing), Vertex, night",سر — درد، دبانے والا، چوٹی میں، رات,5,4,ماخذی مطابق کیے
r4583,"PAIN, shooting, sides, left","PAIN, headache in general, Shooting (See Cutting, Lancinating, Shocks, Stitches, etc.), Sides, left",سر — درد، دوڑتا ہوا (تیر جیسا)، بائیں پہلو میں,5,4,ماخذی مطابق کیے
r5056,"PAIN, stitching, sides, afternoon","PAIN, headache in general, Stitching, Sides, afternoon",سر — درد، چبھتا ہوا، پہلوؤں میں، سہ پہر,5,4,ماخذی مطابق کیے
r5174,"PAIN, stitching, vertex, afternoon","PAIN, headache in general, Stitching, Vertex, afternoon",سر — درد، چبھتا ہوا، چوٹی میں، سہ پہر,5,4,ماخذی مطابق کیے
r164,"CONGESTION, afternoon","CONGESTION, hyperæmia, etc. (See Fullness, Pulsation), afternoon",سر — خون کا جماؤ (سر کو خون چڑھنا)، سہ پہر,10,9,ماخذی مطابق کیے
r1379,"PAIN, afternoon, 4 p.m.","PAIN, headache in general, afternoon, 4 p.m.",سر — درد، سہ پہر 4 بجے,16,13,ماخذی مطابق کیے
r2740,"PAIN, temples, right","PAIN, headache in general, Temples, right",سر — درد، دائیں کنپٹی میں,32,26,ماخذی مطابق کیے
r2232,"PAIN, forehead, eminence, frontal","PAIN, headache in general, Forehead, in, eminence, frontal",سر — درد، ماتھے کے ابھار میں,56,47,ماخذی مطابق کیے
r1600,"PAIN, heated, from becoming","PAIN, headache in general, heated, from becoming",سر — درد، گرم ہو جانے سے,53,43,ماخذی مطابق کیے
r3746,"PAIN, jerking, temples","PAIN, headache in general, Jerking, Temples",سر — درد، جھٹکے دار، کنپٹیوں میں,21,17,ماخذی مطابق کیے
r5361,"PAIN, tearing, forehead","PAIN, headache in general, Tearing, rending, Forehead",سر — درد، چیرتا ہوا، ماتھے میں,126,108,ماخذی مطابق کیے
r1351,"PAIN, forenoon","PAIN, headache in general, forenoon",سر — درد، دوپہر سے پہلے,66,55,ماخذی مطابق کیے
r3823,"PAIN, opening and shutting","PAIN, headache in general, Opening and shutting",سر — درد، کھلنا اور بند ہونا,6,5,ماخذی مطابق کیے
r437,"EMPTY, occiput","EMPTY, hollow sensation, Occiput",سر — خالی پن، گدی میں,6,5,ماخذی مطابق کیے
r5686,"PERSPIRATION scalp, one-sided","PERSPIRATION scalp, daytime, one-sided",سر — سر کی کھال پر پسینہ، ایک طرف,6,5,ماخذی مطابق کیے
o42576,"PAIN, room, entering a, on","PAIN, headache in general, room in crowded, entering a, on",سر — درد، کمرے میں داخل ہونے پر,14,11,ماخذی مطابق کیے
o41115,"PAIN, forehead, eyes, above, forenoon, 10 a.m.","PAIN, headache in general, Forehead, in, eyes, above, forenoon, 10 a.m.",سر — درد، آنکھوں کے اوپر، صبح 10 بجے,5,4,ماخذی مطابق کیے
r1618,"PAIN, inspiration, during an","PAIN, headache in general, inspiration, during an",سر — درد، سانس اندر لیتے وقت,5,4,ماخذی مطابق کیے
r2078,"PAIN, forehead, night","PAIN, headache in general, Forehead, in, night",سر — درد، ماتھے میں، رات,40,34,ماخذی مطابق کیے
r2417,"PAIN, occiput, night","PAIN, headache in general, Occiput, night",سر — درد، گدی میں، رات,20,16,ماخذی مطابق کیے
r3738,"PAIN, jerking, occiput","PAIN, headache in general, Jerking, Occiput",سر — درد، جھٹکے دار، گدی میں,15,12,ماخذی مطابق کیے
r5414,"PAIN, tearing, forehead, eminence, frontal, left","PAIN, headache in general, Tearing, rending, Forehead, eminence, frontal, left",سر — درد، چیرتا ہوا، ماتھے کے بائیں ابھار میں,5,4,ماخذی مطابق کیے
r6348,"WAVING sensation (See Shaking), forehead","WAVING sensation (See Shaking), Forehead",سر — لہرانے کا احساس، ماتھے میں,7,5,ماخذی مطابق کیے
r1326,"PAIN, morning","PAIN, headache in general, morning",سر — درد، صبح,189,156,ماخذی مطابق کیے
r3438,"PAIN, cutting, temples, left","PAIN, headache in general, Cutting, darting, stabbing, Temples, left",سر — درد، کاٹتا ہوا، بائیں کنپٹی میں,7,6,ماخذی مطابق کیے
r4419,"PAIN, pressing, vertex, evening","PAIN, headache in general, Pressing (See Bursting, Drawing), Vertex, evening",سر — درد، دبانے والا، چوٹی میں، شام,9,7,ماخذی مطابق کیے
o44648,"RAISE the head, unable to","RAISE THE HEAD, difficult to, night, unable to",سر — سر اٹھا نہیں سکتا,8,7,ماخذی مطابق کیے
r1399,"PAIN, night","PAIN, headache in general, night",سر — درد، رات,132,108,ماخذی مطابق کیے
r1895,"PAIN, turning body","PAIN, headache in general, turning body",سر — درد، جسم موڑنا,11,9,ماخذی مطابق کیے
r3855,"PAIN, pressing, morning","PAIN, headache in general, Pressing (See Bursting, Drawing), morning",سر — درد، دبانے والا، صبح,57,45,ماخذی مطابق کیے
r3049,"PAIN, boring, occiput","PAIN, headache in general, Boring, digging, screwing, Occiput",سر — درد، برما سا، گدی میں,23,20,ماخذی مطابق کیے
r3777,"PAIN, lancinating, forehead","PAIN, headache in general, Lancinating (See Cutting), Forehead",سر — درد، نشتر جیسا، ماتھے میں,14,11,ماخذی مطابق کیے
r1515,"PAIN, combing the hair","PAIN, headache in general, combing the hair",سر — درد، کنگھی کرنا,16,13,ماخذی مطابق کیے
r5917,"PULSATING, forehead, morning","PULSATING, beating, throbbing (See Bursting, Congestion, Hammering), Forehead, morning",سر — دھڑکن، ماتھے میں، صبح,6,5,ماخذی مطابق کیے
r5922,"PULSATING, forehead, afternoon","PULSATING, beating, throbbing (See Bursting, Congestion, Hammering), Forehead, afternoon",سر — دھڑکن، ماتھے میں، سہ پہر,6,5,ماخذی مطابق کیے
r5721,"PERSPIRATION, forehead","PERSPIRATION scalp, Forehead",سر — پسینہ، ماتھے پر,106,74,ماخذی مطابق کیے
r2580,"PAIN, occiput, sides of, right, to left","PAIN, headache in general, Occiput, sides of, right, to left",سر — درد، گدی کے دائیں پہلو سے بائیں تک,4,3,ماخذی مطابق کیے
r4554,"PAIN, shooting, forehead, over eyes, right","PAIN, headache in general, Shooting (See Cutting, Lancinating, Shocks, Stitches, etc.), Forehead, over eyes, right",سر — درد، دوڑتا ہوا (تیر جیسا)، ماتھے میں، آنکھوں کے اوپر، دائیں طرف,4,3,ماخذی مطابق کیے
r1356,"PAIN, forenoon, 10 a.m.","PAIN, headache in general, forenoon, 10 a.m.",سر — درد، صبح 10 بجے,9,7,ماخذی مطابق کیے
r1376,"PAIN, afternoon, 3 p.m.","PAIN, headache in general, afternoon, 3 p.m.",سر — درد، سہ پہر 3 بجے,18,14,ماخذی مطابق کیے
r1394,"PAIN, evening, 8 p.m.","PAIN, headache in general, evening, 8 p.m.",سر — درد، رات 8 بجے,9,7,ماخذی مطابق کیے
r3025,"PAIN, boring, forehead, eminence, frontal","PAIN, headache in general, Boring, digging, screwing, Forehead, eminence, frontal",سر — درد، برما سا، ماتھے کے ابھار میں,11,9,ماخذی مطابق کیے
r556,"EXPANDED, sensation","EXPANDED, sensation (See Swollen)",سر — پھیلنے کا احساس,13,9,ماخذی مطابق کیے
r903,"HEAVINESS (See Pressing), morning","HEAVINESS (See Pressing), morning",سر — بھاری پن، صبح,91,63,ماخذی مطابق کیے
r124,"COLDNESS, sides","COLDNESS, chilliness, etc., Sides",سر — ٹھنڈک، پہلوؤں میں,14,12,ماخذی مطابق کیے
r158,"CONGESTION, morning","CONGESTION, hyperæmia, etc. (See Fullness, Pulsation), morning",سر — خون کا جماؤ (سر کو خون چڑھنا)، صبح,14,12,ماخذی مطابق کیے
r3072,"PAIN, boring, temples, right","PAIN, headache in general, Boring, digging, screwing, Temples, right",سر — درد، برما سا، دائیں کنپٹی میں,6,5,ماخذی مطابق کیے
r3317,"PAIN, bursting, vertex","PAIN, headache in general, Bursting, Vertex",سر — درد، پھٹنے جیسا، چوٹی میں,22,17,ماخذی مطابق کیے
r5676,"PERSPIRATION scalp, fetid","PERSPIRATION scalp, daytime, fetid",سر — سر کی کھال پر پسینہ، بدبودار,5,4,ماخذی مطابق کیے
r4593,"PAIN, shooting, temples","PAIN, headache in general, Shooting (See Cutting, Lancinating, Shocks, Stitches, etc.), Temples",سر — درد، دوڑتا ہوا (تیر جیسا)، کنپٹیوں میں,61,47,ماخذی مطابق کیے
r3218,"PAIN, burrowing, forehead","PAIN, headache in general, Burrowing, Forehead",سر — درد، کھودتا ہوا، ماتھے میں,13,10,ماخذی مطابق کیے
r2579,"PAIN, occiput, sides of, right","PAIN, headache in general, Occiput, sides of, right",سر — درد، گدی کے دائیں پہلو میں,16,12,ماخذی مطابق کیے
r2744,"PAIN, temples, left","PAIN, headache in general, Temples, left",سر — درد، بائیں کنپٹی میں,30,23,ماخذی مطابق کیے
r3464,"PAIN, drawing, bed, in","PAIN, headache in general, Drawing, bed, in",سر — درد، کھینچتا ہوا، بستر میں,4,3,ماخذی مطابق کیے
r3966,"PAIN, pressing, room, in","PAIN, headache in general, Pressing (See Bursting, Drawing), room, in",سر — درد، دبانے والا، کمرے میں,12,9,ماخذی مطابق کیے
r4417,"PAIN, pressing, vertex, afternoon","PAIN, headache in general, Pressing (See Bursting, Drawing), Vertex, afternoon",سر — درد، دبانے والا، چوٹی میں، سہ پہر,4,3,ماخذی مطابق کیے
r4999,"PAIN, stitching, occiput, morning","PAIN, headache in general, Stitching, Occiput, morning",سر — درد، چبھتا ہوا، گدی میں، صبح,4,3,ماخذی مطابق کیے
r3237,"PAIN, bursting","PAIN, headache in general, Bursting",سر — درد، پھٹنے جیسا,135,107,ماخذی مطابق کیے
r3001,"PAIN, boring, forehead","PAIN, headache in general, Boring, digging, screwing, Forehead",سر — درد، برما سا، ماتھے میں,79,67,ماخذی مطابق کیے
r2959,"PAIN, boring, evening","PAIN, headache in general, Boring, digging, screwing, evening",سر — درد، برما سا، شام,13,11,ماخذی مطابق کیے
r1782,"PAIN, riding in a carriage","PAIN, headache in general, riding in a carriage",سر — درد، گاڑی میں سواری,33,26,ماخذی مطابق کیے
r3440,"PAIN, cutting, temples, knife, as with a","PAIN, headache in general, Cutting, darting, stabbing, Temples, knife, as with a",سر — درد، کاٹتا ہوا، کنپٹیوں میں، چھری، جیسے,5,4,ماخذی مطابق کیے
r5995,"PULSATING, sides, right","PULSATING, beating, throbbing (See Bursting, Congestion, Hammering), Sides, right",سر — دھڑکن، دائیں پہلو میں,13,15,ماخذی مطابق کیے
r5441,"PAIN, tearing, forehead, sides of","PAIN, headache in general, Tearing, rending, Forehead, sides of",سر — درد، چیرتا ہوا، ماتھے میں، پہلوؤں میں,37,29,ماخذی مطابق کیے
r1823,"PAIN, sitting","PAIN, headache in general, sitting",سر — درد، بیٹھنا,82,64,ماخذی مطابق کیے
o41119,"PAIN, forehead, eyes, above, forenoon, 9 a.m.","PAIN, headache in general, Forehead, in, eyes, above, forenoon, 9 a.m.",سر — درد، آنکھوں کے اوپر، صبح 9 بجے,4,3,ماخذی مطابق کیے
r2016,"PAIN, brain, morning","PAIN, headache in general, Brain, aching deep in, morning",سر — درد، دماغ میں، صبح,5,4,ماخذی مطابق کیے
r3105,"PAIN, burning, morning","PAIN, headache in general, Burning, morning",سر — درد، جلتا ہوا، صبح,8,6,ماخذی مطابق کیے
r4877,"PAIN, stitching, forehead","PAIN, headache in general, Stitching, Forehead",سر — درد، چبھتا ہوا، ماتھے میں,156,117,ماخذی مطابق کیے
r5564,"PAIN, tearing, temples, afternoon","PAIN, headache in general, Tearing, rending, Temples, afternoon",سر — درد، چیرتا ہوا، کنپٹیوں میں، سہ پہر,9,7,ماخذی مطابق کیے
o44832,"TICKLING, brain","TICKLING in, Brain",سر — گدگدی، دماغ میں,3,2,ماخذی مطابق کیے
o67251,SMALLER,SMALLER feels,سر — چھوٹا,6,4,ماخذی مطابق کیے
r604,"FORMICATION, evening","FORMICATION, evening",سر — چیونٹیاں رینگنے کا احساس، شام,3,2,ماخذی مطابق کیے
r6083,RUBBING,RUBBING,سر — ملنا، رگڑنا,6,4,ماخذی مطابق کیے
r6258,TINGLING,TINGLING,سر — جھنجھناہٹ (سنسناہٹ),42,28,ماخذی مطابق کیے
r6292,"TWITCHING of muscles, motion agg.","TWITCHING of muscles of the head, motion agg.",سر — پھڑکن، حرکت سے بگاڑ,3,2,ماخذی مطابق کیے
r2271,"PAIN, forehead, eyes, above","PAIN, headache in general, Forehead, in, eyes, above",سر — درد، آنکھوں کے اوپر,220,171,ماخذی مطابق کیے
r4885,"PAIN, stitching, forehead, evening","PAIN, headache in general, Stitching, Forehead, evening",سر — درد، چبھتا ہوا، ماتھے میں، شام,11,8,ماخذی مطابق کیے
r3002,"PAIN, boring, forehead, morning","PAIN, headache in general, Boring, digging, screwing, Forehead, morning",سر — درد، برما سا، ماتھے میں، صبح,5,4,ماخذی مطابق کیے
r3082,"PAIN, boring, temples, evening","PAIN, headache in general, Boring, digging, screwing, Temples, evening",سر — درد، برما سا، کنپٹیوں میں، شام,5,4,ماخذی مطابق کیے
r5914,"PULSATING, forehead","PULSATING, beating, throbbing (See Bursting, Congestion, Hammering), Forehead",سر — دھڑکن (سر میں نبض کی طرح دھڑکنا)، ماتھا,124,102,ماخذی مطابق کیے
r3400,"PAIN, cutting, forehead","PAIN, headache in general, Cutting, darting, stabbing, Forehead",سر — درد، کاٹتا ہوا، ماتھے میں,45,37,ماخذی مطابق کیے
o41099,"PAIN, forehead, eyes, above, evening","PAIN, headache in general, Forehead, in, eyes, above, evening",سر — درد، آنکھوں کے اوپر، شام,16,12,ماخذی مطابق کیے
r2601,"PAIN, sides, one side, ears, behind the","PAIN, headache in general, Occiput and Forehead, Sides, one side, ears, behind the",سر — درد، ایک پہلو میں، کان کے پیچھے,8,6,ماخذی مطابق کیے
r4153,"PAIN, forehead, eminence, frontal, evening","PAIN, headache in general, Forehead, in, eminence, frontal, evening",سر — درد، ماتھے کے ابھار میں، شام,4,3,ماخذی مطابق کیے
r1559,"PAIN, eating, after","PAIN, headache in general, eating, before, after",سر — درد، کھانے کے بعد,113,89,ماخذی مطابق کیے
r3020,"PAIN, boring, forehead, walking, while","PAIN, headache in general, Boring, digging, screwing, Forehead, walking, while",سر — درد، برما سا، ماتھے میں، چلتے ہوئے,2,3,ماخذی مطابق کیے
r5997,"PULSATING, sides, left","PULSATING, beating, throbbing (See Bursting, Congestion, Hammering), Sides, left",سر — دھڑکن، بائیں پہلو میں,9,10,ماخذی مطابق کیے
r5925,"PULSATING, forehead, evening","PULSATING, beating, throbbing (See Bursting, Congestion, Hammering), Forehead, evening",سر — دھڑکن، ماتھے میں، شام,9,7,ماخذی مطابق کیے
r6000,"PULSATING, sides, forenoon","PULSATING, beating, throbbing (See Bursting, Congestion, Hammering), Sides, forenoon",سر — دھڑکن، پہلوؤں میں، دوپہر سے پہلے,2,3,ماخذی مطابق کیے
r4029,"PAIN, pressing, forehead, morning","PAIN, headache in general, Pressing (See Bursting, Drawing), Forehead, morning",سر — درد، دبانے والا، ماتھے میں، صبح,31,22,ماخذی مطابق کیے
r6087,SENSITIVENESS of brain,SENSITIVENESS of brain,سر — دماغ کی حساسیت,53,34,ماخذی مطابق کیے
r5367,"PAIN, tearing, forehead, afternoon","PAIN, headache in general, Tearing, rending, Forehead, afternoon",سر — درد، چیرتا ہوا، ماتھے میں، سہ پہر,8,6,ماخذی مطابق کیے
r5619,"PAIN, tearing, vertex, night","PAIN, headache in general, Tearing, rending, Vertex, night",سر — درد، چیرتا ہوا، چوٹی میں، رات,4,3,ماخذی مطابق کیے
r5663,"PERSPIRATION scalp, evening","PERSPIRATION scalp, daytime, evening",سر — سر کی کھال پر پسینہ، شام,4,3,ماخذی مطابق کیے
o42069,"PAIN, pressing, forehead, eyes, over, pressive pain above left eye, followed by a dull, pressive pain in occipital protuberances, thence spreading over whole body","PAIN, headache in general, Pressing (See Bursting, Drawing), Forehead, eyes, over, pressive pain above left eye, followed by a dull, pressive pain in occipital protuberances, thence spreading over whole body",سر — درد، دبانے والا، بائیں آنکھ کے اوپر دباتا درد، پھر گدی کے ابھاروں میں مدھم دباتا درد، وہاں سے پورے جسم پر پھیلے,1,2,ماخذی مطابق کیے
r3713,"PAIN, jerking","PAIN, headache in general, Jerking",سر — درد، جھٹکے دار,90,67,ماخذی مطابق کیے
r2392,"PAIN, occiput, morning","PAIN, headache in general, Occiput, morning",سر — درد، گدی میں، صبح,59,42,ماخذی مطابق کیے
r2854,"PAIN, vertex","PAIN, headache in general, Vertex",سر — درد، چوٹی میں,213,157,ماخذی مطابق کیے
r2578,"PAIN, occiput, sides of","PAIN, headache in general, Occiput, sides of",سر — درد، گدی کے پہلوؤں میں,41,29,ماخذی مطابق کیے
r2739,"PAIN, temples","PAIN, headache in general, Temples",سر — درد، کنپٹیوں میں,281,206,ماخذی مطابق کیے
o39933,"MOTIONS, in head, night","MOTIONS, movements, etc., in head (See Knocking, Looseness, Shaking, Waving, etc.), night",سر — سر میں حرکت، رات,4,3,ماخذی مطابق کیے
r2191,"PAIN, forehead, turning head","PAIN, headache in general, Forehead, in, turning head",سر — درد، ماتھے میں، سر گھمانا,12,9,ماخذی مطابق کیے
r5236,"PAIN, tearing, morning","PAIN, headache in general, Tearing, rending, morning",سر — درد، چیرتا ہوا، صبح,24,18,ماخذی مطابق کیے
r5243,"PAIN, tearing, noon","PAIN, headache in general, Tearing, rending, noon",سر — درد، چیرتا ہوا، دوپہر,4,3,ماخذی مطابق کیے
r3332,"PAIN, cramping","PAIN, headache in general, Cramping",سر — درد، اینٹھن والا,51,37,ماخذی مطابق کیے
r4333,"PAIN, pressing, temples, rising, after","PAIN, headache in general, Pressing (See Bursting, Drawing), Temples, rising, after",سر — درد، دبانے والا، کنپٹیوں میں، اٹھنے کے بعد,1,2,ماخذی مطابق کیے
r5769,"PULSATING, morning","PULSATING, beating, throbbing (See Bursting, Congestion, Hammering), morning",سر — دھڑکن (سر میں نبض کی طرح دھڑکنا)، صبح,36,28,ماخذی مطابق کیے
r1382,"PAIN, afternoon, 5 p.m.","PAIN, headache in general, afternoon, 5 p.m.",سر — درد، سہ پہر 5 بجے,13,9,ماخذی مطابق کیے
r495,"ERUPTION, herpes","ERUPTION, herpes",سر — دانے، پھنسیاں (سر کی کھال پر)، ہرپیز (چھالوں والے دانے),23,14,ماخذی مطابق کیے
r576,"FALLING, forward","FALLING backward of head (See Heaviness), forward",سر — گرنا، آگے کو,56,34,ماخذی مطابق کیے
r2065,"PAIN, forehead, afternoon, 3 p.m.","PAIN, headache in general, Forehead, in, afternoon, 3 p.m.",سر — درد، ماتھے میں، سہ پہر 3 بجے,7,5,ماخذی مطابق کیے
r5436,"PAIN, tearing, forehead, middle of","PAIN, headache in general, Tearing, rending, Forehead, middle of",سر — درد، چیرتا ہوا، ماتھے میں، بیچ میں,7,5,ماخذی مطابق کیے
r1729,"PAIN, pain in neck, with","PAIN, headache in general, pain in neck, with",سر — درد، گردن کے درد کے ساتھ,95,65,ماخذی مطابق کیے
o41863,"PAIN, periodic, afternoon, increasing until midnight","PAIN, headache in general, periodic headache, afternoon, increasing until midnight",سر — درد، وقفے وقفے سے، باقاعدہ، سہ پہر سے آدھی رات تک بڑھتا جائے,1,2,ماخذی مطابق کیے
o41879,"PAIN, periodic, morning, every","PAIN, headache in general, periodic headache, morning, every",سر — درد، وقفے وقفے سے باقاعدہ، صبح، ہر,3,2,ماخذی مطابق کیے
r4414,"PAIN, pressing, vertex, forenoon","PAIN, headache in general, Pressing (See Bursting, Drawing), Vertex, forenoon",سر — درد، دبانے والا، چوٹی میں، دوپہر سے پہلے,3,2,ماخذی مطابق کیے
r4794,"PAIN, stitching, coryza, during","PAIN, headache in general, Stitching, coryza, during",سر — درد، چبھتا ہوا، زکام کے دوران,3,2,ماخذی مطابق کیے
r2750,"PAIN, temples, morning","PAIN, headache in general, Temples, morning",سر — درد، کنپٹیوں میں، صبح,55,37,ماخذی مطابق کیے
r1671,"PAIN, menses, commencement of, at","PAIN, headache in general, menses, before, commencement of, at",سر — درد، حیض شروع ہوتے وقت,20,14,ماخذی مطابق کیے
r3853,"PAIN, pressing","PAIN, headache in general, Pressing (See Bursting, Drawing)",سر — درد، دبانے والا,293,204,ماخذی مطابق کیے
r1967,"PAIN, wind, from exposure to, cold","PAIN, headache in general, wind, from exposure to, cold",سر — درد، ٹھنڈی ہوا لگنے سے,20,13,ماخذی مطابق کیے
r3265,"PAIN, bursting, mental exertion","PAIN, headache in general, Bursting, mental exertion",سر — درد، پھٹنے جیسا، ذہنی محنت سے,3,2,ماخذی مطابق کیے
r3859,"PAIN, pressing, noon","PAIN, headache in general, Pressing (See Bursting, Drawing), noon",سر — درد، دبانے والا، دوپہر,9,6,ماخذی مطابق کیے
r3869,"PAIN, pressing, night","PAIN, headache in general, Pressing (See Bursting, Drawing), night",سر — درد، دبانے والا، رات,9,6,ماخذی مطابق کیے
r4776,"PAIN, stitching, noon","PAIN, headache in general, Stitching, noon",سر — درد، چبھتا ہوا، دوپہر,3,2,ماخذی مطابق کیے
r4771,"PAIN, stitching","PAIN, headache in general, Stitching",سر — درد، چبھتا ہوا,230,159,ماخذی مطابق کیے
r2535,"PAIN, occiput, walking","PAIN, headache in general, Occiput, walking",سر — درد، گدی میں، چلنا,32,21,ماخذی مطابق کیے
o41011,"PAIN, forehead, eminence, frontal, afternoon","PAIN, headache in general, Forehead, in, eminence, frontal, afternoon",سر — درد، ماتھے کے ابھار میں، سہ پہر,3,2,ماخذی مطابق کیے
r3945,"PAIN, pressing, motion, head, of the","PAIN, headache in general, Pressing (See Bursting, Drawing), motion, on, head, of the",سر — درد، دبانے والا، سر ہلانے پر,3,2,ماخذی مطابق کیے
r829,"HEAT, rising up","HEAT, rising up",سر — گرمی، اوپر چڑھتی ہوئی,21,12,ماخذی مطابق کیے
r4331,"PAIN, pressing, temples, morning","PAIN, headache in general, Pressing (See Bursting, Drawing), Temples, morning",سر — درد، دبانے والا، کنپٹیوں میں، صبح,11,7,ماخذی مطابق کیے
r6333,"WATER, sensation as of","WATER, sensation as of",سر — جیسے پانی ہو,16,9,ماخذی مطابق کیے
r2856,"PAIN, vertex, morning","PAIN, headache in general, Vertex, morning",سر — درد، چوٹی میں، صبح,31,20,ماخذی مطابق کیے
r5032,"PAIN, stitching, occiput, sides of","PAIN, headache in general, Stitching, Occiput, sides of",سر — درد، چبھتا ہوا، گدی کے پہلوؤں میں,32,20,ماخذی مطابق کیے
r2074,"PAIN, forehead, evening, 7 p.m.","PAIN, headache in general, Forehead, in, evening, 7 p.m.",سر — درد، ماتھے میں، شام 7 بجے,6,4,ماخذی مطابق کیے
r5455,"PAIN, tearing, occiput, morning","PAIN, headache in general, Tearing, rending, Occiput, morning",سر — درد، چیرتا ہوا، گدی میں، صبح,3,2,ماخذی مطابق کیے
r5520,"PAIN, tearing, sides, evening","PAIN, headache in general, Tearing, rending, Sides, evening",سر — درد، چیرتا ہوا، پہلوؤں میں، شام,6,4,ماخذی مطابق کیے
r5954,"PULSATING, forehead, eminence frontal, evening","PULSATING, beating, throbbing (See Bursting, Congestion, Hammering), Forehead, eminence frontal, evening",سر — دھڑکن، ماتھے کے ابھار میں، شام,3,2,ماخذی مطابق کیے
o41077,"PAIN, forehead, eyes, above, afternoon","PAIN, headache in general, Forehead, in, eyes, above, afternoon",سر — درد، آنکھوں کے اوپر، سہ پہر,14,9,ماخذی مطابق کیے
r3104,"PAIN, burning","PAIN, headache in general, Burning",سر — درد، جلتا ہوا,155,102,ماخذی مطابق کیے
r3043,"PAIN, boring, forehead, sides of, morning","PAIN, headache in general, Boring, digging, screwing, Forehead, sides of, morning",سر — درد، برما سا، ماتھے میں، پہلوؤں میں، صبح,3,2,ماخذی مطابق کیے
r3109,"PAIN, burning, evening","PAIN, headache in general, Burning, evening",سر — درد، جلتا ہوا، شام,8,5,ماخذی مطابق کیے
r3340,"PAIN, cramping, forehead","PAIN, headache in general, Cramping, Forehead",سر — درد، اینٹھن والا، ماتھے میں,8,5,ماخذی مطابق کیے
r2536,"PAIN, occiput, walking, in open air","PAIN, headache in general, Occiput, walking, in open air",سر — درد، گدی میں، کھلی ہوا میں چلنا,15,9,ماخذی مطابق کیے
r3594,"PAIN, drawing, occiput, sides of","PAIN, headache in general, Drawing, Occiput, sides of",سر — درد، کھینچتا ہوا، گدی کے پہلوؤں میں,25,15,ماخذی مطابق کیے
r5999,"PULSATING, sides, morning","PULSATING, beating, throbbing (See Bursting, Congestion, Hammering), Sides, morning",سر — دھڑکن، پہلوؤں میں، صبح,3,6,ماخذی مطابق کیے
o39492,"HEAT, hot, water","HEAT, hot body, as if, fell forwards, water",سر — گرمی، گرم پانی,3,2,ماخذی مطابق کیے
o44771,"SHOCKS, blows, vertex","SHOCKS, blows, jerks, etc. (See Jerking Pain, Pulsation, Plug, Nail), Vertex",سر — ضربیں، چوٹی میں,9,6,ماخذی مطابق کیے
r232,"CONGESTION, speaking, when","CONGESTION, hyperæmia, etc. (See Fullness, Pulsation), speaking, when",سر — خون کا جماؤ، بولتے وقت,3,2,ماخذی مطابق کیے
r4633,"PAIN, smarting","PAIN, headache in general, Smarting (compare Soreness)",سر — درد، چرچراہٹ (جلن جیسا),14,9,ماخذی مطابق کیے
r5750,PRICKLING,PRICKLING,سر — چبھن (سوئیاں چبھنے جیسی),49,26,ماخذی مطابق کیے
r3004,"PAIN, boring, forehead, afternoon","PAIN, headache in general, Boring, digging, screwing, Forehead, afternoon",سر — درد، برما سا، ماتھے میں، سہ پہر,1,2,ماخذی مطابق کیے
r3060,"PAIN, boring, sides, morning","PAIN, headache in general, Boring, digging, screwing, Sides, morning",سر — درد، برما سا، پہلوؤں میں، صبح,3,2,ماخذی مطابق کیے
r3063,"PAIN, boring, sides, evening","PAIN, headache in general, Boring, digging, screwing, Sides, evening",سر — درد، برما سا، پہلوؤں میں، شام,3,2,ماخذی مطابق کیے
r4532,"PAIN, shooting, forehead","PAIN, headache in general, Shooting (See Cutting, Lancinating, Shocks, Stitches, etc.), Forehead",سر — درد، دوڑتا ہوا (تیر جیسا)، ماتھے میں,76,46,ماخذی مطابق کیے
r4553,"PAIN, shooting, forehead, over eyes","PAIN, headache in general, Shooting (See Cutting, Lancinating, Shocks, Stitches, etc.), Forehead, over eyes",سر — درد، دوڑتا ہوا (تیر جیسا)، ماتھے میں، آنکھوں کے اوپر,34,20,ماخذی مطابق کیے
r4965,"PAIN, stitching, forehead, middle of","PAIN, headache in general, Stitching, Forehead, middle of",سر — درد، چبھتا ہوا، ماتھے میں، بیچ میں,12,7,ماخذی مطابق کیے
r3795,"PAIN, nail, as from a","PAIN, headache in general, Nail, as from a",سر — درد، کیل جیسا,40,24,ماخذی مطابق کیے
r4477,"PAIN, pulling, like","PAIN, headache in general, Pulling, like",سر — درد، کھینچنے جیسا,5,3,ماخذی مطابق کیے
r6001,"PULSATING, sides, afternoon","PULSATING, beating, throbbing (See Bursting, Congestion, Hammering), Sides, afternoon",سر — دھڑکن، پہلوؤں میں، سہ پہر,4,4,ماخذی مطابق کیے
r3202,"PAIN, burrowing","PAIN, headache in general, Burrowing",سر — درد، کھودتا ہوا,26,16,ماخذی مطابق کیے
o39131,"ENLARGED, extended upward, the vertex seems","ENLARGED sensation (See Expanded, Swollen), extended upward, the vertex seems",سر — بڑا ہو جانا (پھول جانے کا احساس)، چوٹی اوپر کو کھنچی ہوئی لگے,2,1,ماخذی مطابق کیے
o39832,"JERKING of, sleep, during","JERKING of the head, sleep, during",سر — سر کے جھٹکے، نیند کے دوران,2,1,ماخذی مطابق کیے
r1104,"ITCHING of scalp, afternoon","ITCHING of scalp, afternoon",سر — سر کی کھال میں خارش، سہ پہر,2,1,ماخذی مطابق کیے
r162,"CONGESTION, noon","CONGESTION, hyperæmia, etc. (See Fullness, Pulsation), noon",سر — خون کا جماؤ (سر کو خون چڑھنا)، دوپہر,3,2,ماخذی مطابق کیے
r561,"EXPANDED, sensation, forehead","EXPANDED, sensation (See Swollen), Forehead",سر — پھیلنے کا احساس، ماتھے میں,2,1,ماخذی مطابق کیے
r588,"FALLING, side to side in brain","FALLING backward of head (See Heaviness), side to side in brain",سر — گرنا، دماغ میں ایک طرف سے دوسری طرف,4,2,ماخذی مطابق کیے
r597,FLATTENED sensation in forehead,FLATTENED sensation in forehead,سر — ماتھے میں چپٹا ہونے کا احساس,2,1,ماخذی مطابق کیے
r6055,QUIVERING sensation,QUIVERING sensation,سر — تھرتھراہٹ کا احساس,6,3,ماخذی مطابق کیے
r6263,"TINGLING, occiput","TINGLING, Occiput",سر — جھنجھناہٹ، گدی میں,2,1,ماخذی مطابق کیے
r690,"FULLNESS (See Enlarged), occiput, evening in","FULLNESS (See Enlarged), Occiput, evening in",سر — بھراؤ، گدی میں، شام,2,1,ماخذی مطابق کیے
r2160,"PAIN, forehead, riding in a carriage","PAIN, headache in general, Forehead, in, riding in a carriage",سر — درد، ماتھے میں، گاڑی میں سواری,8,5,ماخذی مطابق کیے
r2081,"PAIN, forehead, night, midnight","PAIN, headache in general, Forehead, in, night, midnight",سر — درد، ماتھے میں، آدھی رات,5,3,ماخذی مطابق کیے
r5518,"PAIN, tearing, sides, afternoon","PAIN, headache in general, Tearing, rending, Sides, afternoon",سر — درد، چیرتا ہوا، پہلوؤں میں، سہ پہر,5,3,ماخذی مطابق کیے
r1866,"PAIN, sudden pains","PAIN, headache in general, sudden pains",سر — درد، اچانک درد,27,16,ماخذی مطابق کیے
r2956,"PAIN, boring, morning","PAIN, headache in general, Boring, digging, screwing, morning",سر — درد، برما سا، صبح,14,9,ماخذی مطابق کیے
r3451,"PAIN, drawing","PAIN, headache in general, Drawing",سر — درد، کھینچتا ہوا,190,110,ماخذی مطابق کیے
r1883,"PAIN, tea, amel.","PAIN, headache in general, tea, from, amel.",سر — درد، چائے سے آرام,5,3,ماخذی مطابق کیے
r1369,"PAIN, afternoon, 1 p.m.","PAIN, headache in general, afternoon, 1 p.m.",سر — درد، سہ پہر 1 بجے,13,7,ماخذی مطابق کیے
o42711,"PAIN, shooting, temples, extending, upward","PAIN, headache in general, Shooting (See Cutting, Lancinating, Shocks, Stitches, etc.), Temples, extending from temple to temple, upward",سر — درد، دوڑتا ہوا (تیر جیسا)، کنپٹیوں سے پھیلتا ہوا، اوپر کی طرف,2,1,ماخذی مطابق کیے
o41910,"PAIN, plug, as from a, vertex","PAIN, headache in general, Plug, peg or wedge, as from a (See Nail), Vertex",سر — درد، جیسے چوٹی میں ڈاٹ ٹھونکی ہو,1,3,ماخذی مطابق کیے
r2049,"PAIN, forehead, morning","PAIN, headache in general, Forehead, in, morning",سر — درد، ماتھے میں، صبح,123,70,ماخذی مطابق کیے
o42625,"PAIN, shooting, forehead, motion","PAIN, headache in general, Shooting (See Cutting, Lancinating, Shocks, Stitches, etc.), Forehead, motion",سر — درد، دوڑتا ہوا (تیر جیسا)، ماتھے میں، حرکت,2,1,ماخذی مطابق کیے
r2421,"PAIN, occiput, night, 3 a.m.","PAIN, headache in general, Occiput, night, 3 a.m.",سر — درد، گدی میں، رات 3 بجے,2,1,ماخذی مطابق کیے
r3292,"PAIN, bursting, forehead, morning","PAIN, headache in general, Bursting, Forehead, morning",سر — درد، پھٹنے جیسا، ماتھے میں، صبح,2,1,ماخذی مطابق کیے
r3534,"PAIN, drawing, forehead, night","PAIN, headache in general, Drawing, Forehead, night",سر — درد، کھینچتا ہوا، ماتھے میں، رات,2,1,ماخذی مطابق کیے
r3778,"PAIN, lancinating, forehead, morning","PAIN, headache in general, Lancinating (See Cutting), Forehead, morning",سر — درد، نشتر جیسا، ماتھے میں، صبح,2,1,ماخذی مطابق کیے
r5059,"PAIN, stitching, sides, night","PAIN, headache in general, Stitching, Sides, night",سر — درد، چبھتا ہوا، پہلوؤں میں، رات,2,1,ماخذی مطابق کیے
r5108,"PAIN, stitching, temples, afternoon","PAIN, headache in general, Stitching, Temples, afternoon",سر — درد، چبھتا ہوا، کنپٹیوں میں، سہ پہر,6,3,ماخذی مطابق کیے
r5171,"PAIN, stitching, vertex, forenoon","PAIN, headache in general, Stitching, Vertex, forenoon",سر — درد، چبھتا ہوا، چوٹی میں، دوپہر سے پہلے,2,1,ماخذی مطابق کیے
o38767,"COLDNESS, begins in head","COLDNESS, chilliness, etc., begins in head",سر — ٹھنڈک، سر سے شروع ہو,5,3,ماخذی مطابق کیے
r6003,"PULSATING, sides, evening","PULSATING, beating, throbbing (See Bursting, Congestion, Hammering), Sides, evening",سر — دھڑکن، پہلوؤں میں، شام,3,9,ماخذی مطابق کیے
r1310,"NUMBNESS, sides, right","NUMBNESS, sensation of (See Asleep), Sides, right",سر — سن ہونا، دائیں پہلو میں,2,1,ماخذی مطابق کیے
r23,"ASLEEP, forehead, in","ASLEEP, sensation as if, Forehead, in",سر — سویا ہوا احساس، ماتھے میں,2,1,ماخذی مطابق کیے
r334,"CONSTRICTION, forehead, morning","CONSTRICTION, tension (See also Drawing, Pressing), Forehead, morning",سر — جکڑن، ماتھے میں، صبح,2,1,ماخذی مطابق کیے
r3688,"PAIN, gnawing, night","PAIN, headache in general, Gnawing, night",سر — درد، کترتا ہوا، رات,2,1,ماخذی مطابق کیے
r3758,"PAIN, lancinating, morning","PAIN, headache in general, Lancinating (See Cutting), morning",سر — درد، نشتر جیسا، صبح,2,1,ماخذی مطابق کیے
r4484,"PAIN, shooting, morning","PAIN, headache in general, Shooting (See Cutting, Lancinating, Shocks, Stitches, etc.), morning",سر — درد، دوڑتا ہوا (تیر جیسا)، صبح,6,3,ماخذی مطابق کیے
r4150,"PAIN, forehead, eminence, frontal, morning","PAIN, headache in general, Forehead, in, eminence, frontal, morning",سر — درد، ماتھے کے ابھار میں، صبح,2,1,ماخذی مطابق کیے
r5368,"PAIN, tearing, forehead, afternoon, 2 p.m.","PAIN, headache in general, Tearing, rending, Forehead, afternoon, 2 p.m.",سر — درد، چیرتا ہوا، ماتھے میں، سہ پہر 2 بجے,4,2,ماخذی مطابق کیے
r5445,"PAIN, tearing, forehead, sides of, evening","PAIN, headache in general, Tearing, rending, Forehead, sides of, evening",سر — درد، چیرتا ہوا، ماتھے میں، پہلوؤں میں، شام,2,1,ماخذی مطابق کیے
r457,ERUPTION,ERUPTION,سر — دانے، پھنسیاں (سر کی کھال پر),132,53,ماخذی مطابق کیے
r1170,LARGE (See Enlarged),LARGE (See Enlarged),سر — بڑا,15,6,ماخذی مطابق کیے
r3757,"PAIN, lancinating","PAIN, headache in general, Lancinating (See Cutting)",سر — درد، نشتر جیسا,49,25,ماخذی مطابق کیے
o42774,"PAIN, sides, extending, neck","PAIN, headache in general, Occiput and Forehead, Sides, one side, extending to eye, neck",سر — درد، پہلوؤں سے گردن تک,5,4,ماخذی مطابق کیے
o44757,"SHOCKS, blows, siesta, after a","SHOCKS, blows, jerks, etc. (See Jerking Pain, Pulsation, Plug, Nail), siesta, after a",سر — ضربیں، دوپہر کی نیند کے بعد,2,1,ماخذی مطابق کیے
r1199,"LOOSENESS of brain, temples","LOOSENESS of brain, sensation of (See Motion, shaking, falling, striking), Temples",سر — دماغ ڈھیلا، کنپٹیوں میں,2,1,ماخذی مطابق کیے
r1293,"NUMBNESS, morning","NUMBNESS, sensation of (See Asleep), morning",سر — سن ہونا، صبح,2,1,ماخذی مطابق کیے
r5738,"PERSPIRATION, forehead, sitting, while","PERSPIRATION scalp, Forehead, sitting, while",سر — پسینہ، ماتھے پر، بیٹھے ہوئے,2,2,ماخذی مطابق کیے
r6208,"STIFFNESS, sensation of","STIFFNESS, sensation of",سر — اکڑن کا احساس,13,5,ماخذی مطابق کیے
r3239,"PAIN, bursting, morning","PAIN, headache in general, Bursting, morning",سر — درد، پھٹنے جیسا، صبح,13,6,ماخذی مطابق کیے
r4246,"PAIN, pressing, occiput, spots, in","PAIN, headache in general, Pressing (See Bursting, Drawing), Occiput, spots, in",سر — درد، دبانے والا، گدی میں، دھبوں میں,7,3,ماخذی مطابق کیے
r3692,"PAIN, gnawing, forehead","PAIN, headache in general, Gnawing, Forehead",سر — درد، کترتا ہوا، ماتھے میں,11,5,ماخذی مطابق کیے
r130,"COLDNESS, sides, spots in","COLDNESS, chilliness, etc., Sides, spots in",سر — ٹھنڈک، پہلوؤں میں دھبوں کی صورت,2,1,ماخذی مطابق کیے
r1923,"PAIN, vomiting","PAIN, headache in general, vomiting",سر — درد، قے,34,16,ماخذی مطابق کیے
r3021,"PAIN, boring, forehead, walking, in open air","PAIN, headache in general, Boring, digging, screwing, Forehead, walking, while, in open air",سر — درد، برما سا، ماتھے میں، چلنا، کھلی ہوا میں,2,1,ماخذی مطابق کیے
r1966,"PAIN, wind, from exposure to","PAIN, headache in general, wind, from exposure to",سر — درد، ہوا (آندھی) لگنے سے,24,10,ماخذی مطابق کیے
r247,"CONGESTION, walking, in open air","CONGESTION, hyperæmia, etc. (See Fullness, Pulsation), walking, while, in open air",سر — خون کا جماؤ، کھلی ہوا میں چلنا,4,2,ماخذی مطابق کیے
r6017,"PULSATING, sides, walking, while","PULSATING, beating, throbbing (See Bursting, Congestion, Hammering), Sides, walking, while",سر — دھڑکن، پہلوؤں میں، چلتے ہوئے,1,6,ماخذی مطابق کیے
r735,"HANDS, holds head with","HANDS, holds head with",سر — سر ہاتھوں سے تھامتا ہے,6,2,ماخذی مطابق کیے
r3203,"PAIN, burrowing, morning","PAIN, headache in general, Burrowing, morning",سر — درد، کھودتا ہوا، صبح,5,2,ماخذی مطابق کیے
r3687,"PAIN, gnawing","PAIN, headache in general, Gnawing",سر — درد، کترتا ہوا,27,11,ماخذی مطابق کیے
r4482,"PAIN, shooting","PAIN, headache in general, Shooting (See Cutting, Lancinating, Shocks, Stitches, etc.)",سر — درد، دوڑتا ہوا (تیر جیسا),170,68,ماخذی مطابق کیے
r4936,"PAIN, stitching, forehead, eminence frontal, afternoon","PAIN, headache in general, Stitching, Forehead, eminence frontal, afternoon",سر — درد، چبھتا ہوا، ماتھے میں، ماتھے کے ابھار میں، سہ پہر,3,1,ماخذی مطابق کیے
o66959,"PAIN, lying, side, on","PAIN, headache in general, lying, while, side, on, while, painful side, on",سر — درد، لیٹنا، پہلو کے بل,37,17,ماخذی مطابق کیے
r351,"CONSTRICTION, forehead, from margin of orbits to temples","CONSTRICTION, tension (See also Drawing, Pressing), Forehead, from margin of orbits to temples",سر — جکڑن، آنکھوں کے حلقوں کے کنارے سے کنپٹیوں تک,3,1,ماخذی مطابق کیے
o41114,"PAIN, forehead, eyes, above, forenoon","PAIN, headache in general, Forehead, in, eyes, above, forenoon",سر — درد، آنکھوں کے اوپر، دوپہر سے پہلے,19,6,ماخذی مطابق کیے
r3830,"PAIN, pinching","PAIN, headache in general, Pinching",سر — درد، چٹکی جیسا,39,12,ماخذی مطابق کیے
r3647,"PAIN, temples, walking","PAIN, headache in general, Temples, walking in open air",سر — درد، کنپٹیوں میں، چلنا,37,10,ماخذی مطابق کیے
r1257,"MOTIONS of head (shaking, nodding, waving, etc.)","MOTIONS of head (shaking, nodding, waving, etc.) (See Drawn, Falling, Trembling, etc.)",سر — سر کی حرکتیں (ہلانا، ہاں کرنا، لہرانا وغیرہ),73,19,ماخذی مطابق کیے
o66980,"PAIN, occiput, lying, side","PAIN, headache in general, Occiput and Forehead, lying, while, side lain on",سر — درد، گدی میں، پہلو پر لیٹنا,6,15,ماخذی مطابق کیے
r6078,"ROLLING, lead ball rolled about, as","ROLLING, in, lead ball rolled about, as (See Ball)",سر — جیسے سیسے کی گیند لڑھک رہی ہو,4,1,ماخذی مطابق کیے
o39904,"MOTIONS of head (shaking, nodding, waving, etc.), turning, side, to","MOTIONS of head (shaking, nodding, waving, etc.) (See Drawn, Falling, Trembling, etc.), turning backward, of, side, to",سر — سر ایک طرف کو مڑنا,5,1,ماخذی مطابق کیے
r1520,"PAIN, confusion mental, with","PAIN, headache in general, confusion mental, with",سر — درد، ذہنی الجھن کے ساتھ,22,5,ماخذی مطابق کیے
r1164,KNOCKING in head (See Pulsation),KNOCKING in head (See Pulsation),سر — سر میں ٹھک ٹھک (دستک جیسی),17,2,ماخذی مطابق کیے
r1613,"PAIN, increasing gradually","PAIN, headache in general, increasing gradually",سر — درد، آہستہ آہستہ بڑھے,35,8,ماخذی مطابق کیے
o40933,"PAIN, extending, face","PAIN, headache in general, Temples, extending backward over ears, to centre of head, face",سر — درد، پھیلتا ہوا، چہرہ,21,9,ماخذی مطابق کیے
o40939,"PAIN, extending, neck","PAIN, headache in general, Occiput and Forehead, extending to arm, neck",سر — درد، پھیلتا ہوا، گردن,17,5,ماخذی مطابق کیے
r1533,"PAIN, coughing","PAIN, headache in general, Forehead, in, coughing",سر — درد، کھانسنا,102,38,ماخذی مطابق کیے
o42905,"PAIN, sneezing agg.","PAIN, headache in general, Occiput and Forehead, sneezing agg.",سر — درد، چھینک سے بگاڑ,21,5,ماخذی مطابق کیے
r4199,"PAIN, pressing, forehead, sides","PAIN, headache in general, Pressing (See Bursting, Drawing), Forehead, sides",سر — درد، دبانے والا، ماتھے میں، پہلوؤں میں,66,8,ماخذی مطابق کیے
r2008,"PAIN, extending, teeth","PAIN, headache in general, Occiput and Forehead, extending to arm, teeth",سر — درد، پھیلتا ہوا، دانت,16,3,ماخذی مطابق کیے
o67051,"PAIN, pressing, walking, in open air","PAIN, headache in general, Pressing (See Bursting, Drawing), Forehead, walking, while, in open air",سر — درد، دبانے والا، کھلی ہوا میں چلنا,13,9,ماخذی مطابق کیے
o66987,"PAIN, occiput, sitting","PAIN, headache in general, Occiput and Forehead, sitting",سر — درد، گدی میں، بیٹھنا,22,11,ماخذی مطابق کیے
r2116,"PAIN, eating","PAIN, headache in general, Forehead, in, eating",سر — درد، کھانا,124,38,ماخذی مطابق کیے
r2085,"PAIN, air, cold","PAIN, headache in general, Forehead, in, air, cold",سر — درد، ٹھنڈی ہوا,62,12,ماخذی مطابق کیے
o66958,"PAIN, lying, back, on","PAIN, headache in general, Occiput, lying, while, back of head, on",سر — درد، لیٹنا، پیٹھ کے بل,20,4,ماخذی مطابق کیے
o39132,"ENLARGED, extended upward, the vertex seems, and as if split open by a wedge from the outside body icy cold, skin moist and sticky","ENLARGED sensation (See Expanded, Swollen), extended upward, the vertex seems, and as if split open by a wedge from the outside body icy cold, skin moist and sticky",سر — چوٹی اوپر کو کھنچی ہوئی لگے اور جیسے باہر سے پھانے سے چیر دی گئی ہو؛ جسم برف جیسا ٹھنڈا، جلد نم اور چپچپی,1,5,ماخذی مطابق کیے
o67195,"PAIN, vertex, walking","PAIN, headache in general, Vertex, walking in open air",سر — درد، چوٹی میں، چلنا,16,1,ماخذی مطابق کیے
r2648,"PAIN, sides, air, open, amel.","PAIN, headache in general, Stitching, Forehead, sides of, air, open, amel.",سر — درد، پہلوؤں میں، کھلی ہوا میں آرام,10,1,ماخذی مطابق کیے
o41808,"PAIN, occiput, stooping agg.","PAIN, headache in general, Occiput and Forehead, stooping agg.",سر — درد، گدی میں، جھکنے سے بگاڑ,35,15,ماخذی مطابق کیے
o66992,"PAIN, occiput, turning, eyes","PAIN, headache in general, Occiput and Forehead, turning eye outward, eyes to affected side",سر — درد، گدی میں، آنکھیں گھمانا,2,1,ماخذی مطابق کیے
r2433,"PAIN, bending head backward","PAIN, headache in general, Occiput, bending head backward",سر — درد، سر پیچھے جھکانا,45,7,ماخذی مطابق کیے
r1789,"PAIN, rising","PAIN, headache in general, rising (See Morning, Noon, Night, etc., on Rising, also Raising Head)",سر — درد، اٹھنا,111,0,ماخذی مطابق کیے
o66938,"PAIN, forehead, sleep","PAIN, headache in general, Sore bruised, sensitive to pressure, Forehead, sleep amel.",سر — درد، ماتھے میں، نیند,19,1,ماخذی مطابق کیے
o40932,"PAIN, extending, eyes","PAIN, headache in general, Vertex, extending backward, to ear, eyes",سر — درد، پھیلتا ہوا، آنکھیں,22,2,ماخذی مطابق کیے
r2005,"PAIN, extending, scapula","PAIN, headache in general, Occiput and Forehead, extending to arm, scapula",سر — درد، پھیلتا ہوا، شانے کی ہڈی تک,1,1,ماخذی مطابق کیے
o40223,"PAIN, boring, twisting, screwing pain from right side of head to both temples","PAIN, headache in general, Boring, digging, screwing, twisting, screwing pain from right side of head to both temples",سر — درد، برما سا، مروڑتا، پیچ کستا درد سر کے دائیں حصے سے دونوں کنپٹیوں تک,1,5,ماخذی مطابق کیے
o40192,"PAIN, boring, stooping, amel.","PAIN, headache in general, Boring, digging, screwing, stooping, on, amel.",سر — درد، برما سا، جھکنے سے آرام,1,1,ماخذی مطابق کیے
o43970,"PAIN, temples, extending, to zygoma","PAIN, headache in general, Boring, digging, screwing, Temples, extending to head, to zygoma",سر — درد، کنپٹیوں سے گال کی ہڈی تک,3,1,ماخذی مطابق کیے
o66878,"PAIN, diarrhoea","PAIN, headache in general, alternating with abdominal and uterine symptoms, diarrhœa",سر — درد، دست,15,2,ماخذی مطابق کیے
o67189,"PAIN, vertex, lying","PAIN, headache in general, Sore bruised, sensitive to pressure, Vertex, lying on painful side agg.",سر — درد، چوٹی میں، لیٹنا,8,1,ماخذی مطابق کیے
r2006,"PAIN, extending, shoulder","PAIN, headache in general, Vertex, extending backward, to ear, shoulder",سر — درد، پھیلتا ہوا، کندھا,2,1,ماخذی مطابق کیے
r2010,"PAIN, extending, throat","PAIN, headache in general, Vertex, extending backward, to ear, throat",سر — درد، پھیلتا ہوا، حلق تک,3,1,ماخذی مطابق کیے
r6023,"PULSATING, sides, walking","PULSATING, beating, throbbing (See Bursting, Congestion, Hammering), Sides, evening, walking",سر — دھڑکن، پہلوؤں میں، چلنا,2,1,ماخذی مطابق کیے
o66833,"PAIN, air","PAIN, headache in general, Sore bruised, sensitive to pressure, air amel.",سر — درد، ہوا,153,2,ماخذی مطابق کیے
o40929,"PAIN, extending, cheek","PAIN, headache in general, Forehead, in, right side, extending to left side, cheek",سر — درد، پھیلتا ہوا، گال تک,4,1,ماخذی مطابق کیے
r1957,"PAIN, weather","PAIN, headache in general, Tearing, rending, damp, cold, weather",سر — درد، موسم,63,3,ماخذی مطابق کیے
o39009,"CONSTRICTION, motion, from agg.","CONSTRICTION, tension (See also Drawing, Pressing), motion, from",سر — جکڑن، حرکت سے بگاڑ,8,8,یکساں
o39433,"HEAT, bed, in agg.","HEAT, bed, in",سر — گرمی، بستر میں بگاڑ,8,8,یکساں
o39448,"HEAT, coldness, of extremities, with","HEAT, coldness of body, with, extremities, with",سر — گرمی، ہاتھ پاؤں کی ٹھنڈک کے ساتھ,16,16,یکساں
o39663,"HEAVINESS (See Pressing), lying, while agg.","HEAVINESS (See Pressing), lying, while",سر — بھاری پن، لیٹے ہوئے بگاڑ,11,11,یکساں
o39674,"HEAVINESS (See Pressing), motion, from agg.","HEAVINESS (See Pressing), motion, from",سر — بھاری پن، حرکت سے بگاڑ,15,15,یکساں
o39724,"HEAVINESS (See Pressing), rising, on agg.","HEAVINESS (See Pressing), rising, on",سر — بھاری پن، اٹھنے پر بگاڑ,11,11,یکساں
o66809,"HEAVINESS (See Pressing), sitting","HEAVINESS (See Pressing), sitting, while",سر — بھاری پن، بیٹھنا,13,12,ماخذی مطابق کیے
o39740,"HEAVINESS (See Pressing), stooping, on agg.","HEAVINESS (See Pressing), stooping, on",سر — بھاری پن، جھکنے پر بگاڑ,32,32,یکساں
o39752,"HEAVINESS (See Pressing), walking, while agg.","HEAVINESS (See Pressing), walking, while",سر — بھاری پن، چلتے ہوئے بگاڑ,10,10,یکساں
o39766,"INFLAMMATION, of meninges","INFLAMMATION of brain, meninges",سر — دماغ کی جھلیوں کی سوزش,29,29,یکساں
o66823,"MOTIONS, in head, motion","MOTIONS, movements, etc., in head (See Knocking, Looseness, Shaking, Waving, etc.), motion, from",سر — سر میں حرکت، حرکت,24,22,ماخذی مطابق کیے
o40010,"PAIN, air, cold, from agg.","PAIN, headache in general, air, cold, from",سر — درد، ٹھنڈی ہوا سے بگاڑ,47,47,یکساں
o40056,"PAIN, bending head backward, while agg.","PAIN, headache in general, bending head backward, while",سر — درد، سر پیچھے جھکانے پر بگاڑ,31,31,یکساں
o66854,"PAIN, brain, touch","PAIN, headache in general, Brain, aching deep in, touch, from",سر — درد، دماغ میں، چھونا,21,21,یکساں
o40494,"PAIN, closing eyes, on agg.","PAIN, headache in general, closing eyes, on",سر — درد، آنکھیں بند کرنے پر بگاڑ,21,21,یکساں
o40497,"PAIN, coffee, from agg.","PAIN, headache in general, coffee, from",سر — درد، کافی سے بگاڑ,25,25,ماخذی مطابق کیے
o40526,"PAIN, coughing, on agg.","PAIN, headache in general, coughing, on",سر — درد، کھانسنے پر بگاڑ,101,101,یکساں
o40655,"PAIN, diarrhoea, with agg.","PAIN, headache in general, diarrhœa, with",سر — درد، دستوں کے ساتھ بگاڑ,13,13,یکساں
o40656,"PAIN, dinner, after agg.","PAIN, headache in general, dinner, before, after",سر — درد، دوپہر کے کھانے کے بعد بگاڑ,32,32,یکساں
o40682,"PAIN, drawing, evening agg.","PAIN, headache in general, Drawing, evening",سر — درد، کھینچتا ہوا، شام کو بگاڑ,17,17,یکساں
o40903,"PAIN, eating, during agg.","PAIN, headache in general, eating, before, during",سر — درد، کھاتے ہوئے بگاڑ,23,23,یکساں
o40919,"PAIN, evening, bed, in agg.","PAIN, headache in general, evening, bed, in",سر — درد، شام بستر میں بگاڑ,13,13,یکساں
o40925,"PAIN, exertion of body, etc. agg.","PAIN, headache in general, exertion of body, etc.",سر — درد، جسمانی محنت وغیرہ سے بگاڑ,20,20,یکساں
o41109,"PAIN, forehead, eyes, above, extending, occiput, to","PAIN, headache in general, Forehead, in, eyes, above, extending to ear, occiput",سر — درد، آنکھوں کے اوپر سے گدی تک,12,12,یکساں
o41148,"PAIN, forehead, eyes, above, motion, during agg.","PAIN, headache in general, Forehead, in, eyes, above, motion, during",سر — درد، آنکھوں کے اوپر، حرکت کے دوران بگاڑ,11,11,یکساں
o41204,"PAIN, forehead, lying, while agg.","PAIN, headache in general, Forehead, in, lying, while",سر — درد، ماتھے میں، لیٹے ہوئے بگاڑ,15,15,یکساں
o41225,"PAIN, forehead, morning, rising, on agg.","PAIN, headache in general, Forehead, in, morning, rising, on",سر — درد، ماتھے میں، صبح اٹھنے پر بگاڑ,25,25,یکساں
o41232,"PAIN, forehead, motion, on agg.","PAIN, headache in general, Forehead, in, motion, on",سر — درد، ماتھے میں، حرکت پر بگاڑ,54,54,یکساں
o41273,"PAIN, forehead, room, in a agg.","PAIN, headache in general, Forehead, in, room, in a",سر — درد، ماتھے میں، کمرے میں بگاڑ,14,14,یکساں
o41275,"PAIN, forehead, room, warm agg.","PAIN, headache in general, Forehead, in, room, in a, warm",سر — درد، ماتھے میں، گرم کمرے میں بگاڑ,19,19,یکساں
o41281,"PAIN, forehead, sitting, while agg.","PAIN, headache in general, Forehead, in, sitting, while",سر — درد، ماتھے میں، بیٹھے ہوئے بگاڑ,26,26,یکساں
o41282,"PAIN, forehead, sleep, after agg.","PAIN, headache in general, Forehead, in, sleep, after",سر — درد، ماتھے میں، نیند کے بعد بگاڑ,16,16,یکساں
o41287,"PAIN, forehead, standing, while agg.","PAIN, headache in general, Forehead, in, standing, while",سر — درد، ماتھے میں، کھڑے ہوئے بگاڑ,20,20,یکساں
o41292,"PAIN, forehead, stooping, from agg.","PAIN, headache in general, Forehead, in, stooping, from",سر — درد، ماتھے میں، جھکنے سے بگاڑ,82,82,یکساں
o41303,"PAIN, forehead, walking in open air, while agg.","PAIN, headache in general, Forehead, in, walking in open air, while",سر — درد، ماتھے میں، کھلی ہوا میں چلتے ہوئے بگاڑ,23,23,یکساں
o41305,"PAIN, forehead, walking, while agg.","PAIN, headache in general, Forehead, in, walking, while",سر — درد، ماتھے میں، چلتے ہوئے بگاڑ,36,36,یکساں
o41372,"PAIN, heat, during the agg.","PAIN, headache in general, heat, before the, during the",سر — درد، بخار کی گرمی کے دوران بگاڑ,60,60,یکساں
o41491,"PAIN, light, in general, from agg.","PAIN, headache in general, light, in general, from",سر — درد، روشنی سے عموماً بگاڑ,45,45,یکساں
o66953,"PAIN, looking fixedly at anything","PAIN, headache in general, looking fixedly at anything, from",سر — درد، کسی چیز کو ٹکٹکی باندھ کر دیکھنا,27,26,ماخذی مطابق کیے
o66956,"PAIN, looking, upward","PAIN, headache in general, looking fixedly at anything, from, upward, from",سر — درد، اوپر دیکھنا,27,27,یکساں
o41504,"PAIN, lying, back, on, while agg.","PAIN, headache in general, lying, while, back, on, while",سر — درد، لیٹنا، پیٹھ کے بل لیٹے ہوئے بگاڑ,14,14,یکساں
o41513,"PAIN, lying, side, on, right agg.","PAIN, headache in general, lying, while, side, on, while, right",سر — درد، لیٹنا، دائیں پہلو لیٹنے سے بگاڑ,8,8,یکساں
o41515,"PAIN, lying, side, on, while agg.","PAIN, headache in general, lying, while, side, on, while",سر — درد، لیٹنا، لیٹے ہوئے بگاڑ,8,8,یکساں
o41516,"PAIN, lying, while agg.","PAIN, headache in general, lying, while",سر — درد، لیٹنے سے بگاڑ,72,72,یکساں
o41528,"PAIN, menses, during agg.","PAIN, headache in general, menses, before, during",سر — درد، حیض کے دوران بگاڑ,90,90,یکساں
o41532,"PAIN, mental exertion, from agg.","PAIN, headache in general, mental exertion, from",سر — درد، ذہنی محنت سے بگاڑ,99,99,یکساں
o41549,"PAIN, morning, rising, on agg.","PAIN, headache in general, morning, rising, on",سر — درد، صبح، اٹھنے سے بگاڑ,53,53,یکساں
o41563,"PAIN, motion, from agg.","PAIN, headache in general, motion, from",سر — درد، حرکت سے بگاڑ,136,136,یکساں
o41575,"PAIN, moving, head, on agg.","PAIN, headache in general, moving, arms, on, head, on",سر — درد، سر ہلانے پر بگاڑ,83,83,یکساں
o41688,"PAIN, occiput, extending, nec, down back of neck","PAIN, headache in general, Occiput, extending down back, neck, to, down back of neck",سر — درد، گدی سے گردن کے پچھلے حصے میں نیچے تک,29,29,یکساں
o41730,"PAIN, occiput, lying, while agg.","PAIN, headache in general, Occiput, lying, while",سر — درد، گدی میں، لیٹے ہوئے بگاڑ,21,21,یکساں
o41736,"PAIN, occiput, mental labor agg.","PAIN, headache in general, Occiput, mental labor",سر — درد، گدی میں، ذہنی کام سے بگاڑ,22,22,یکساں
o41781,"PAIN, occiput, shaking head agg.","PAIN, headache in general, Occiput, shaking head",سر — درد، گدی میں، سر ہلانے سے بگاڑ,12,12,یکساں
o41800,"PAIN, occiput, sitting, while agg.","PAIN, headache in general, Occiput, sitting, while",سر — درد، گدی میں، بیٹھے ہوئے بگاڑ,16,16,یکساں
o41806,"PAIN, occiput, standing, while agg.","PAIN, headache in general, Occiput, standing, while",سر — درد، گدی میں، کھڑے ہوئے بگاڑ,12,12,یکساں
o41832,"PAIN, occiput, warm, room agg.","PAIN, headache in general, Occiput, warm clothing agg., room",سر — درد، گدی میں، گرم کمرے میں بگاڑ,13,13,یکساں
o41870,"PAIN, periodic, every fourteen days","PAIN, headache in general, periodic headache, every three or four days, fourteen days",سر — درد، وقفے وقفے سے، باقاعدہ، ہر چودہ دن بعد,14,13,ماخذی مطابق کیے
o41873,"PAIN, periodic, every seven days","PAIN, headache in general, periodic headache, every three or four days, seven days",سر — درد، وقفے وقفے سے، باقاعدہ، ہر سات دن بعد,14,14,یکساں
o41917,"PAIN, pressing, air, in open agg.","PAIN, headache in general, Pressing (See Bursting, Drawing), air, in open",سر — درد، دبانے والا، کھلی ہوا میں بگاڑ,11,11,یکساں
o42043,"PAIN, pressing, forehead, extending, eyes, to","PAIN, headache in general, Pressing (See Bursting, Drawing), Forehead, eyes, to",سر — درد، دبانے والا، ماتھے سے آنکھوں تک,13,13,یکساں
o42104,"PAIN, pressing, forehead, motion, on agg.","PAIN, headache in general, Pressing (See Bursting, Drawing), Forehead, motion, on",سر — درد، دبانے والا، ماتھے میں، حرکت پر بگاڑ,17,17,یکساں
o42137,"PAIN, pressing, forehead, stooping, while agg.","PAIN, headache in general, Pressing (See Bursting, Drawing), Forehead, stooping, while",سر — درد، دبانے والا، ماتھے میں، جھکنے سے بگاڑ,27,27,یکساں
o42186,"PAIN, pressing, motion, on agg.","PAIN, headache in general, Pressing (See Bursting, Drawing), motion, on",سر — درد، دبانے والا، حرکت پر بگاڑ,25,25,یکساں
o42359,"PAIN, pressing, stooping, on agg.","PAIN, headache in general, Pressing (See Bursting, Drawing), stooping, on",سر — درد، دبانے والا، جھکنے سے بگاڑ,23,23,یکساں
o42378,"PAIN, pressing, temples, evening agg.","PAIN, headache in general, Pressing (See Bursting, Drawing), Temples, evening",سر — درد، دبانے والا، کنپٹیوں میں، شام کو بگاڑ,10,10,یکساں
o42546,"PAIN, raising head agg.","PAIN, headache in general, raising head",سر — درد، سر اٹھانے سے بگاڑ,22,22,یکساں
o42565,"PAIN, rising, from lying agg.","PAIN, headache in general, rising (See Morning, Noon, Night, etc., on Rising, also Raising Head), from lying",سر — درد، لیٹے سے اٹھنے پر بگاڑ,50,50,یکساں
o42567,"PAIN, rising, from siting agg.","PAIN, headache in general, rising (See Morning, Noon, Night, etc., on Rising, also Raising Head), from siting",سر — درد، بیٹھے سے اٹھنے پر بگاڑ,17,17,یکساں
o42569,"PAIN, rising, from stooping agg.","PAIN, headache in general, rising (See Morning, Noon, Night, etc., on Rising, also Raising Head), from stooping",سر — درد، جھک کر سیدھا ہونے پر بگاڑ,16,16,یکساں
o42572,"PAIN, rising, upright, erect agg.","PAIN, headache in general, rising (See Morning, Noon, Night, etc., on Rising, also Raising Head), upright, erect",سر — درد، سیدھا کھڑے ہونے پر بگاڑ,28,28,یکساں
o42591,"PAIN, shaking head agg.","PAIN, headache in general, shaking head",سر — درد، سر ہلانے سے بگاڑ,52,52,یکساں
r2659,"PAIN, sides, eating, after","PAIN, headache in general, Occiput and Forehead, eating, after",سر — درد، پہلوؤں میں، کھانے کے بعد,14,14,یکساں
o42761,"PAIN, sides, evening agg.","PAIN, headache in general, Occiput and Forehead, evening",سر — درد، پہلوؤں میں، شام کو بگاڑ,38,36,ماخذی مطابق کیے
o42795,"PAIN, sides, lying, on the painful side amel.","PAIN, headache in general, Occiput and Forehead, lying, while, on the painless side amel., painful side amel.",سر — درد، پہلوؤں میں، دکھتے پہلو پر لیٹنے سے آرام,8,8,یکساں
o67076,"PAIN, sides, menses","PAIN, headache in general, Occiput and Forehead, menses, before, during",سر — درد، پہلوؤں میں، حیض,22,20,ماخذی مطابق کیے
r2636,"PAIN, sides, morning, waking, on","PAIN, headache in general, Occiput and Forehead, morning, waking, on",سر — درد، پہلوؤں میں، صبح جاگنے پر,8,8,یکساں
o42812,"PAIN, sides, motion, on agg.","PAIN, headache in general, Occiput and Forehead, motion, on",سر — درد، پہلوؤں میں، حرکت پر بگاڑ,17,17,یکساں
o42813,"PAIN, sides, night agg.","PAIN, headache in general, Occiput and Forehead, night",سر — درد، پہلوؤں میں، رات کو بگاڑ,14,13,ماخذی مطابق کیے
r2707,"PAIN, sides, touch agg.","PAIN, headache in general, Occiput and Forehead, touch agg.",سر — درد، پہلوؤں میں، چھونے سے بگاڑ,8,8,یکساں
o42884,"PAIN, siesta, after a agg.","PAIN, headache in general, sleep, before going to, siesta, after a",سر — درد، دوپہر کی نیند کے بعد بگاڑ,11,11,یکساں
o42896,"PAIN, sleep, during agg.","PAIN, headache in general, sleep, before going to, during",سر — درد، نیند کے دوران بگاڑ,13,13,یکساں
o42910,"PAIN, sore, bruised, brain, in","PAIN, headache in general, Sore bruised, sensitive to pressure, Brain, in",سر — درد، دکھتا، کچلا ہوا، دماغ میں,27,26,ماخذی مطابق کیے
o42916,"PAIN, sore, bruised, combing hair","PAIN, headache in general, Sore bruised, sensitive to pressure, combing hair",سر — درد، دکھتا، کچلا ہوا، کنگھی کرنے سے,13,13,یکساں
o42920,"PAIN, sore, bruised, evening","PAIN, headache in general, Sore bruised, sensitive to pressure, evening",سر — درد، دکھتا، کچلا ہوا، شام,13,12,ماخذی مطابق کیے
o42922,"PAIN, sore, bruised, forehead","PAIN, headache in general, Sore bruised, sensitive to pressure, Forehead",سر — درد، دکھتا، کچلا ہوا، ماتھے میں,59,55,ماخذی مطابق کیے
o42944,"PAIN, sore, bruised, jarring agg.","PAIN, headache in general, Sore bruised, sensitive to pressure, jarring agg.",سر — درد، دکھتا، کچلا ہوا، جھٹکے سے بگاڑ,9,9,یکساں
o42954,"PAIN, sore, bruised, motion, on agg.","PAIN, headache in general, Sore bruised, sensitive to pressure, motion, on",سر — درد، دکھتا، کچلا ہوا، حرکت پر بگاڑ,13,13,یکساں
o42956,"PAIN, sore, bruised, occiput","PAIN, headache in general, Sore bruised, sensitive to pressure, Occiput",سر — درد، دکھتا، کچلا ہوا، گدی میں,53,49,ماخذی مطابق کیے
o42976,"PAIN, sore, bruised, sensitive to pressure","PAIN, headache in general, Sore bruised, sensitive to pressure",سر — درد، دکھتا، کچلا ہوا، دباؤ سے حساس,141,141,یکساں
o42999,"PAIN, sore, bruised, temples","PAIN, headache in general, Sore bruised, sensitive to pressure, Temples",سر — درد، دکھتا، کچلا ہوا، کنپٹیوں میں,28,27,ماخذی مطابق کیے
o43028,"PAIN, sore, bruised, walking, while","PAIN, headache in general, Sore bruised, sensitive to pressure, walking, while",سر — درد، دکھتا، کچلا ہوا، چلتے ہوئے,8,8,یکساں
o67096,"PAIN, spirituous liquors","PAIN, headache in general, spirituous liquors, from",سر — درد، تیز شراب,55,50,ماخذی مطابق کیے
o43041,"PAIN, standing, while agg.","PAIN, headache in general, standing, while",سر — درد، کھڑے ہوئے بگاڑ,28,28,یکساں
o43178,"PAIN, stitching, forehead, side of, left","PAIN, headache in general, Stitching, Forehead, sides of, left",سر — درد، چبھتا ہوا، ماتھے میں، پہلو میں، بائیں طرف,9,9,یکساں
o43185,"PAIN, stitching, forehead, side of, right","PAIN, headache in general, Stitching, Forehead, sides of, right",سر — درد، چبھتا ہوا، ماتھے میں، پہلو میں، دائیں طرف,8,8,یکساں
o43223,"PAIN, stitching, motion, on agg.","PAIN, headache in general, Stitching, motion, on",سر — درد، چبھتا ہوا، حرکت پر بگاڑ,14,14,یکساں
o43292,"PAIN, stitching, room, in agg.","PAIN, headache in general, Stitching, room, in",سر — درد، چبھتا ہوا، کمرے میں بگاڑ,8,8,یکساں
o43463,"PAIN, stitching, walking, while agg.","PAIN, headache in general, Stitching, walking, while",سر — درد، چبھتا ہوا، چلتے ہوئے بگاڑ,12,12,یکساں
o43468,"PAIN, stool, after agg.","PAIN, headache in general, stool, from pressing, at, after",سر — درد، پاخانے کے بعد بگاڑ,24,24,یکساں
o43473,"PAIN, stooping, from agg.","PAIN, headache in general, stooping, from",سر — درد، جھکنے سے بگاڑ,124,124,یکساں
o67133,"PAIN, sun","PAIN, headache in general, sun, from exposure to",سر — درد، دھوپ,44,42,ماخذی مطابق کیے
o43525,"PAIN, talking, while agg.","PAIN, headache in general, talking, while",سر — درد، باتیں کرتے ہوئے بگاڑ,48,48,یکساں
o43934,"PAIN, temples, air, open agg.","PAIN, headache in general, Temples, air, cold, open",سر — درد، کنپٹیوں میں، کھلی ہوا میں بگاڑ,11,11,یکساں
o43959,"PAIN, temples, extending, to eye","PAIN, headache in general, Temples, extending backward over ears, to centre of head, eye",سر — درد، کنپٹیوں سے آنکھ تک,11,10,ماخذی مطابق کیے
o43965,"PAIN, temples, extending, to occiput","PAIN, headache in general, Temples, extending backward over ears, to jaw, occiput",سر — درد، کنپٹیوں سے گدی تک,12,12,یکساں
o43985,"PAIN, temples, mental exertion agg.","PAIN, headache in general, Temples, mental exertion",سر — درد، کنپٹیوں میں، ذہنی محنت سے بگاڑ,16,16,یکساں
o43991,"PAIN, temples, motion agg.","PAIN, headache in general, Temples, motion",سر — درد، کنپٹیوں میں، حرکت سے بگاڑ,21,21,یکساں
o44018,"PAIN, temples, sitting, while agg.","PAIN, headache in general, Temples, sitting, while",سر — درد، کنپٹیوں میں، بیٹھے ہوئے بگاڑ,12,12,یکساں
o44022,"PAIN, temples, standing, while agg.","PAIN, headache in general, Temples, standing, while",سر — درد، کنپٹیوں میں، کھڑے ہوئے بگاڑ,8,8,یکساں
o44026,"PAIN, temples, stooping, from agg.","PAIN, headache in general, Temples, stooping, from",سر — درد، کنپٹیوں میں، جھکنے سے بگاڑ,30,30,یکساں
o44036,"PAIN, temples, walking, from agg.","PAIN, headache in general, Temples, walking, from",سر — درد، کنپٹیوں میں، چلنے سے بگاڑ,29,29,یکساں
o44042,"PAIN, thinking of pain agg.","PAIN, headache in general, thinking of pain",سر — درد کے بارے میں سوچنے سے بگاڑ,17,17,یکساں
o44047,"PAIN, tobacco, smoking, from agg.","PAIN, headache in general, tobacco, smoking, from",سر — درد، تمباکو نوشی سے بگاڑ,31,31,یکساں
o44088,"PAIN, urination, profuse, amel.","PAIN, headache in general, profuse, amel.",سر — درد، کھل کر پیشاب آنے سے آرام,10,10,یکساں
o44112,"PAIN, vertex, extending to forehead","PAIN, headache in general, Vertex, extending backward, to ear, forehead",سر — درد، چوٹی سے ماتھے تک,8,8,یکساں
o44138,"PAIN, vertex, morning, rising, on agg.","PAIN, headache in general, Vertex, morning, rising, on",سر — درد، چوٹی میں، صبح اٹھنے پر بگاڑ,8,8,یکساں
o44164,"PAIN, vertex, stooping, from agg.","PAIN, headache in general, Vertex, stooping, from",سر — درد، چوٹی میں، جھکنے سے بگاڑ,17,17,یکساں
o44176,"PAIN, vertex, walking, from agg.","PAIN, headache in general, Vertex, walking, from",سر — درد، چوٹی میں، چلنے سے بگاڑ,10,10,یکساں
o44194,"PAIN, walking in open air, while agg.","PAIN, headache in general, walking in open air, while",سر — درد، کھلی ہوا میں چلتے ہوئے بگاڑ,55,55,یکساں
o44201,"PAIN, walking, while agg.","PAIN, headache in general, walking, while (See Motion, Stepping)",سر — درد، چلتے ہوئے بگاڑ,100,100,یکساں
o44231,"PAIN, wine, from agg.","PAIN, headache in general, wine, from",سر — درد، شراب سے بگاڑ,34,34,یکساں
o44239,"PAIN, wrapping up head agg.","PAIN, headache in general, wrapping up head",سر — درد، سر لپیٹنے سے بگاڑ,33,33,یکساں
