شناخت,صفحہ,گہرائی,مکمل راستہ,ادویات
h001,541,0,ABDOMEN,0
o1,541,0,ABSCESS in walls,4
o2,541,1,"ABSCESS in walls, Inguinal region",4
o3,541,1,"ABSCESS in walls, Liver",9
o4,541,1,"ABSCESS in walls, Spleen",1
r4,541,0,"ADHESION, sensation",2
r5,541,0,"ALIVE, sensation of something (See Movements)",20
r6,541,1,"ALIVE, sensation of something (See Movements), right iliac region",1
r7,541,0,ANEURISM,2
r8,541,0,ANXIETY in,20
r9,541,1,"ANXIETY in, morning",1
r10,541,2,"ANXIETY in, morning, in bed",1
r11,541,2,"ANXIETY in, morning, breakfast, after",1
r12,541,1,"ANXIETY in, evening",2
r13,541,1,"ANXIETY in, night",1
r14,541,1,"ANXIETY in, flatus amel.",1
r15,541,1,"ANXIETY in, stool, before",2
r16,541,2,"ANXIETY in, stool, before, after",18
r17,541,1,"ANXIETY in, extending into head",1
r18,541,1,"ANXIETY in, Hypochondria",10
r19,541,0,"APPREHENSION in, sensation of",3
r20,541,1,"APPREHENSION in, sensation of, lower abdomen",1
r21,541,0,ASCITES (See Dropsy),0
r22,541,0,ATROPHY of liver,28
r23,541,0,"BALL, as if, ascending to throat",2
r24,541,1,"BALL, as if, ascending to throat, rolling in",5
r25,541,1,"BALL, as if, ascending to throat, Hypochondrium, left",2
r26,541,1,"BALL, as if, ascending to throat, Liver, as if a ball in",1
r27,541,0,BAND around,1
r28,541,0,"BEARING down sensation (See Pain, Dragging)",0
r29,541,0,BORBORYGMI (See Rumbling),0
r30,541,0,BUBBLING (See Rumbling),8
r31,541,1,"BUBBLING (See Rumbling), lying on the back, while",1
r32,541,1,"BUBBLING (See Rumbling), Inguinal region",2
r33,541,1,"BUBBLING (See Rumbling), Liver, in",2
r34,541,1,"BUBBLING (See Rumbling), Sides",5
r35,541,2,"BUBBLING (See Rumbling), Sides, left",1
r36,541,0,BUBO,29
r37,541,1,"BUBO, burning, with",5
r38,541,1,"BUBO, suppurating",15
r39,541,2,"BUBO, suppurating, refuses to heal, old",2
o38,541,1,"BUBO, suppressed gonorrhœa, after",8
r41,541,0,"CIRRHOSIS, liver",7
r42,541,0,"CLOTHING, sensitive to",28
r43,541,1,"CLOTHING, sensitive to, after eating",1
r44,541,1,"CLOTHING, sensitive to, wants to uncover",1
r3281,541,0,CLUCKING,3
r45,542,0,COLDNESS,80
r46,542,1,"COLDNESS, morning",2
r47,542,1,"COLDNESS, afternoon",3
r48,542,2,"COLDNESS, afternoon, on drinking water",1
r49,542,1,"COLDNESS, evening",2
r50,542,1,"COLDNESS, night",1
r51,542,2,"COLDNESS, night, bed, in",1
r52,542,2,"COLDNESS, night, midnight",1
r53,542,1,"COLDNESS, air, as from a draft",1
r54,542,1,"COLDNESS, chill, during",18
r55,542,1,"COLDNESS, cold drinks, after",3
o52,542,2,"COLDNESS, cold drinks, after, wind, in",1
r57,542,1,"COLDNESS, dashed with water, as if",1
r58,542,1,"COLDNESS, drinking, after",3
r59,542,2,"COLDNESS, drinking, after, spirituous drinks, after",1
r60,542,1,"COLDNESS, eating, after",4
r61,542,1,"COLDNESS, external",3
r62,542,1,"COLDNESS, heat, during",1
r63,542,1,"COLDNESS, inspiration, on every",1
r64,542,1,"COLDNESS, menses, during",1
r65,542,1,"COLDNESS, one side only",1
r66,542,1,"COLDNESS, stool, before",1
r67,542,2,"COLDNESS, stool, before, after",2
r68,542,1,"COLDNESS, uncovered, as if",2
r69,542,1,"COLDNESS, walking in open air amel.",1
r70,542,1,"COLDNESS, warmth, of stove amel.",1
r71,542,1,"COLDNESS, water, as if cold, running through",2
o59,542,1,"COLDNESS, extending across",1
o63,542,2,"COLDNESS, extending across, to back",1
o60,542,2,"COLDNESS, extending across, chest",1
o61,542,2,"COLDNESS, extending across, feet",1
o62,542,2,"COLDNESS, extending across, rising up into mouth",1
r77,542,1,"COLDNESS, Hypochondria",2
r78,542,1,"COLDNESS, Hypogastrium",1
r79,542,1,"COLDNESS, Inguinal region",1
r80,542,2,"COLDNESS, Inguinal region, becoming burning",1
r81,542,1,"COLDNESS, Liver, region of",2
r82,542,1,"COLDNESS, Sides",5
r83,542,2,"COLDNESS, Sides, left",1
r84,542,1,"COLDNESS, Umbilicus",4
r85,542,2,"COLDNESS, Umbilicus, walking, while",1
r86,542,2,"COLDNESS, Umbilicus, region of",5
r87,542,3,"COLDNESS, Umbilicus, region of, stool, after",1
r88,542,0,COLIC (See Pain),0
r89,542,0,CONSTRICTION,52
r90,542,1,"CONSTRICTION, morning",1
r91,542,1,"CONSTRICTION, night",2
r92,542,2,"CONSTRICTION, night, 4 a.m.",1
r93,542,1,"CONSTRICTION, cough, during",1
r94,542,1,"CONSTRICTION, fasting",1
r95,542,1,"CONSTRICTION, flatus, passing, amel.",1
r96,542,1,"CONSTRICTION, lying, while",1
r97,542,1,"CONSTRICTION, menses, during",4
r98,542,1,"CONSTRICTION, rhythmical",1
r99,542,1,"CONSTRICTION, rising agg.",1
r100,542,1,"CONSTRICTION, stool, during",1
r101,542,2,"CONSTRICTION, stool, during, desire for, during",3
o121,542,2,"CONSTRICTION, stool, during, diarrhœa, before",1
r103,542,1,"CONSTRICTION, string, as by a",2
r104,542,2,"CONSTRICTION, string, as by a, as if intestines",2
r105,542,1,"CONSTRICTION, walking",1
r106,542,2,"CONSTRICTION, walking, in open air, while",1
o92,543,1,"CONSTRICTION, extending to bladder",1
o93,543,2,"CONSTRICTION, extending to bladder, chest",1
o94,543,3,"CONSTRICTION, extending to bladder, chest, before stool",1
r110,543,1,"CONSTRICTION, Hypochondria",17
r111,543,2,"CONSTRICTION, Hypochondria, right",1
r112,543,2,"CONSTRICTION, Hypochondria, morning",1
r113,543,2,"CONSTRICTION, Hypochondria, bandage, as if",9
r114,543,3,"CONSTRICTION, Hypochondria, bandage, as if, supper, after",1
r115,543,2,"CONSTRICTION, Hypochondria, cough, during",1
r116,543,2,"CONSTRICTION, Hypochondria, laced, as if",1
r117,543,2,"CONSTRICTION, Hypochondria, extending to umbilicus",1
r118,543,1,"CONSTRICTION, Hypogastrium",10
r119,543,2,"CONSTRICTION, Hypogastrium, forenoon",1
r120,543,2,"CONSTRICTION, Hypogastrium, evening",1
r121,543,1,"CONSTRICTION, Inguinal region",6
r122,543,2,"CONSTRICTION, Inguinal region, stretching out amel.",1
r123,543,2,"CONSTRICTION, Inguinal region, extending around pelvis",1
r124,543,1,"CONSTRICTION, Sides, below short ribs, extending to abdomen",1
r125,543,1,"CONSTRICTION, Umbilicus",6
r126,543,2,"CONSTRICTION, Umbilicus, region of",9
r127,543,0,CONTRACTION,43
r128,543,1,"CONTRACTION, morning",1
r129,543,2,"CONTRACTION, morning, waking, on",1
r130,543,1,"CONTRACTION, forenoon",1
r131,543,2,"CONTRACTION, forenoon, walking in open air",1
r132,543,1,"CONTRACTION, night",1
r133,543,1,"CONTRACTION, bed, on going to",1
r134,543,1,"CONTRACTION, coughing, on",3
r135,543,1,"CONTRACTION, lying on abdomen amel.",1
r136,543,1,"CONTRACTION, menses, before",3
r137,543,2,"CONTRACTION, menses, before, after",2
r138,543,1,"CONTRACTION, rhythmic, with palpitation",1
r139,543,1,"CONTRACTION, stool, during",1
r140,543,2,"CONTRACTION, stool, during, after",2
r141,543,1,"CONTRACTION, walking, while",2
r142,543,2,"CONTRACTION, walking, while, in open air must",1
r143,543,1,"CONTRACTION, Hypochondria, during menses",1
r144,543,1,"CONTRACTION, Inguinal region",5
r145,543,2,"CONTRACTION, Inguinal region, dinner, after",1
r146,543,2,"CONTRACTION, Inguinal region, menses, during",1
r147,543,2,"CONTRACTION, Inguinal region, stretching out leg, on",1
r148,543,2,"CONTRACTION, Inguinal region, urination, during",1
r149,543,2,"CONTRACTION, Inguinal region, walking, while",1
r150,543,2,"CONTRACTION, Inguinal region, extending downward",1
r151,543,1,"CONTRACTION, Muscles",5
r152,543,2,"CONTRACTION, Muscles, walking, while",1
r153,543,1,"CONTRACTION, Umbilicus",14
r154,543,2,"CONTRACTION, Umbilicus, as of a hard twisted ball",1
r155,543,2,"CONTRACTION, Umbilicus, sleep, during",1
r156,543,0,"CORD connecting anus and navel sensation of, with cutting when straightening up, when bent forward",1
r157,543,0,COVERING agg.,3
r158,543,1,"COVERING agg., amel. (See Coldness)",0
r159,543,0,CRACKS on surface of abdomen,1
r160,543,0,CRAMP (See Pain),0
r161,543,0,CRAWLING (See Formication),0
r162,543,0,CROAKING (See Rumbling),0
o166,543,0,"DIARRHŒA, sensation as if, would come on",76
o163,544,1,"DIARRHŒA, sensation as if, would come on, eructations amel.",2
o164,544,1,"DIARRHŒA, sensation as if, would come on, flatus, passing, amel.",2
o165,544,1,"DIARRHŒA, sensation as if, would come on, stool, after a normal",5
r167,544,0,DISCHARGE from umbilicus,8
r168,544,1,"DISCHARGE from umbilicus, bloody fluid",3
r169,544,0,"DISCOLORATION, blackness",1
r170,544,1,"DISCOLORATION, blackness, in spots",1
r171,544,1,"DISCOLORATION, blackness, blotches",2
r172,544,1,"DISCOLORATION, blackness, blue spots",2
r173,544,1,"DISCOLORATION, blackness, brown spots",12
r174,544,1,"DISCOLORATION, blackness, greenish",1
r175,544,1,"DISCOLORATION, blackness, inflamed spots",11
r176,544,1,"DISCOLORATION, blackness, redness",3
r177,544,2,"DISCOLORATION, blackness, redness, spots",10
r178,544,1,"DISCOLORATION, blackness, yellow",1
r179,544,2,"DISCOLORATION, blackness, yellow, brown spots",2
r180,544,2,"DISCOLORATION, blackness, yellow, spots",10
r181,544,0,DISTENSION,195
r182,544,1,"DISTENSION, morning",13
r183,544,2,"DISTENSION, morning, fasting, while",1
r184,544,2,"DISTENSION, morning, waking, on",5
r185,544,1,"DISTENSION, forenoon",2
r186,544,1,"DISTENSION, noon",1
r187,544,2,"DISTENSION, noon, sleep, after",1
r188,544,2,"DISTENSION, noon, walking, while",1
r189,544,1,"DISTENSION, afternoon",18
r190,544,2,"DISTENSION, afternoon, eating, after",1
r191,544,2,"DISTENSION, afternoon, 4 p.m.",1
r192,544,1,"DISTENSION, evening",28
r193,544,2,"DISTENSION, evening, lying, while",1
r194,544,2,"DISTENSION, evening, 6 p.m.",1
r195,544,2,"DISTENSION, evening, 7 p.m.",1
r196,544,1,"DISTENSION, night",8
r197,544,2,"DISTENSION, night, midnight",2
r198,544,3,"DISTENSION, night, midnight, after",2
r199,544,1,"DISTENSION, beer, after",1
r200,544,1,"DISTENSION, breakfast, during",1
r201,545,1,"DISTENSION, breakfast, after",3
r202,545,1,"DISTENSION, children, in",8
r203,545,1,"DISTENSION, chill, during",9
r204,545,1,"DISTENSION, constipation, during",10
r205,545,1,"DISTENSION, dinner, before",1
r206,545,2,"DISTENSION, dinner, before, after",18
r207,545,1,"DISTENSION, drinking, after",7
r208,545,1,"DISTENSION, eating, while",3
r209,545,1,"DISTENSION, after",58
r210,545,1,"DISTENSION, epileptic attack, before",2
r211,545,1,"DISTENSION, eructations amel.",3
r212,545,1,"DISTENSION, flatus, passing, amel.",14
r213,545,1,"DISTENSION, heat, during the",2
r214,545,1,"DISTENSION, labor, during",1
r215,545,2,"DISTENSION, labor, during, after",2
r216,545,1,"DISTENSION, menses, before",14
r217,545,2,"DISTENSION, menses, before, during",28
r218,545,2,"DISTENSION, menses, before, after",4
r219,545,2,"DISTENSION, menses, before, suppressed, during",1
r220,545,1,"DISTENSION, mental exertion, from",2
r221,545,1,"DISTENSION, milk, after",1
r222,545,1,"DISTENSION, mortification, after",1
r223,545,1,"DISTENSION, mothers, in",3
r224,545,1,"DISTENSION, painful",23
r225,545,1,"DISTENSION, rising, on",1
r226,545,1,"DISTENSION, sitting, while",1
r227,545,1,"DISTENSION, soup, after",2
r228,545,1,"DISTENSION, spots, in",2
r229,545,1,"DISTENSION, stool, before",4
h002,545,2,"DISTENSION, stool, before, during",1
r231,545,2,"DISTENSION, stool, before, after",10
r232,545,2,"DISTENSION, stool, before, amel.",7
r233,545,1,"DISTENSION, sudden",2
r234,545,1,"DISTENSION, supper, after",6
r235,545,1,"DISTENSION, tympanitic",62
r236,545,1,"DISTENSION, urination, before",1
r237,545,1,"DISTENSION, walking in open air",1
r238,545,1,"DISTENSION, Hypochondria",11
r239,545,2,"DISTENSION, Hypochondria, right",6
r240,545,2,"DISTENSION, Hypochondria, left",4
r241,545,1,"DISTENSION, Hypogastrium",26
r242,545,2,"DISTENSION, Hypogastrium, morning",1
r243,545,2,"DISTENSION, Hypogastrium, stool, before",1
o213,546,1,"DISTENSION, Ilio-cæcal region",3
r245,546,1,"DISTENSION, Inguinal region",4
r246,546,2,"DISTENSION, Inguinal region, sitting",2
r247,546,1,"DISTENSION, Sides",3
r248,546,1,"DISTENSION, Umbilical region",8
r249,546,0,DROPSY ascites,61
o258,546,1,"DROPSY ascites, with chronic diarrhœa",2
r251,546,1,"DROPSY ascites, induration of liver",2
r252,546,1,"DROPSY ascites, quinine, after the abuse of",1
r253,546,1,"DROPSY ascites, suffocation lying on left side",1
o259,546,1,"DROPSY ascites, œdema",6
r255,546,0,EMACIATION of muscles of abdomen,1
r256,546,0,EMPTINESS,55
r257,546,1,"EMPTINESS, morning",3
r258,546,2,"EMPTINESS, morning, rising, after",1
r259,546,2,"EMPTINESS, morning, stool, after",1
r260,546,1,"EMPTINESS, noon",1
r261,546,2,"EMPTINESS, noon, eating, after",3
r262,546,1,"EMPTINESS, night",1
r263,546,1,"EMPTINESS, breakfast, after",2
r264,546,1,"EMPTINESS, burning between shoulders",1
r265,546,1,"EMPTINESS, dinner, before",1
r266,546,2,"EMPTINESS, dinner, before, after",2
r267,546,1,"EMPTINESS, dinner, amel.",1
r268,546,1,"EMPTINESS, eating, after",5
r269,546,2,"EMPTINESS, eating, after, amel.",1
r270,546,1,"EMPTINESS, eructations amel.",2
r271,546,1,"EMPTINESS, flatus, passing, amel.",1
r272,546,1,"EMPTINESS, lying on abdomen amel.",1
r273,546,1,"EMPTINESS, menses, during",2
r274,546,1,"EMPTINESS, pressure amel.",3
r275,546,1,"EMPTINESS, stool, after",26
r276,546,2,"EMPTINESS, stool, after, amel.",1
r277,546,1,"EMPTINESS, tightening clothing amel.",1
r278,546,1,"EMPTINESS, walking agg.",2
r279,546,1,"EMPTINESS, wrapping up the abdomen amel.",1
r280,546,1,"EMPTINESS, extending to vulva",1
r281,546,1,"EMPTINESS, Umbilicus, region of",1
r282,546,0,ENLARGED,17
r283,546,1,"ENLARGED, children",9
r284,546,2,"ENLARGED, children, marasmus",3
r285,546,1,"ENLARGED, fat",2
r286,546,1,"ENLARGED, mothers",3
r287,546,1,"ENLARGED, Liver",54
r288,546,2,"ENLARGED, Liver, left lobe",1
r289,546,2,"ENLARGED, Liver, anger, after",1
r290,546,2,"ENLARGED, Liver, children, in",2
r291,546,1,"ENLARGED, Mesenterics",15
r292,547,1,"ENLARGED, Spleen",43
r293,547,0,"EPILEPSY, begins in",1
r294,547,0,ERUPTIONS,18
r295,547,1,"ERUPTIONS, Inguinal region",5
r296,547,1,"ERUPTIONS, blotches",3
r297,547,1,"ERUPTIONS, boils",4
r298,547,2,"ERUPTIONS, boils, inguinal region",6
r299,547,1,"ERUPTIONS, crusts",3
r300,547,1,"ERUPTIONS, desquamating",2
r301,547,1,"ERUPTIONS, herpes",1
r302,547,2,"ERUPTIONS, herpes, ringworm",2
r303,547,2,"ERUPTIONS, herpes, zona",6
r304,547,3,"ERUPTIONS, herpes, zona, right side",1
r305,547,3,"ERUPTIONS, herpes, zona, warmth of bed agg.",1
r306,547,2,"ERUPTIONS, herpes, iliac region",1
r307,547,2,"ERUPTIONS, herpes, inguinal region",1
r308,547,1,"ERUPTIONS, itch-like",2
r309,547,1,"ERUPTIONS, itching",5
r310,547,1,"ERUPTIONS, moist",1
r311,547,1,"ERUPTIONS, pimples",15
r312,547,2,"ERUPTIONS, pimples, itching",5
r313,547,1,"ERUPTIONS, pustular",6
r314,547,2,"ERUPTIONS, pustular, inguinal region",2
r315,547,1,"ERUPTIONS, rash before menses",2
o321,547,2,"ERUPTIONS, rash before menses, itching violently",1
o322,547,2,"ERUPTIONS, rash before menses, red itching rash over the region of liver",1
r318,547,1,"ERUPTIONS, scales",2
r319,547,2,"ERUPTIONS, scales, yellow spots",1
r320,547,2,"ERUPTIONS, scales, inguinal region",1
r321,547,1,"ERUPTIONS, urticaria",2
r322,547,1,"ERUPTIONS, vesicles",7
r323,547,2,"ERUPTIONS, vesicles, inguinal region",1
r324,547,0,ERYSIPELAS,1
r325,547,0,"EXCORIATIONS, inguinal region",4
r326,547,1,"EXCORIATIONS, inguinal region, menses, during",1
r327,547,0,"EXCRESCENCE, moist umbilicus",1
r328,547,0,FAINT feeling in (See Emptiness),0
o333,547,0,"FALLING down, sensation of",3
o335,547,1,"FALLING down, sensation of, out, sensation of",7
o336,547,2,"FALLING down, sensation of, out, sensation of, dinner, after",1
o337,547,2,"FALLING down, sensation of, out, sensation of, stool, during",1
o338,547,2,"FALLING down, sensation of, out, sensation of, walk carefully, obliging him to",1
o339,547,2,"FALLING down, sensation of, out, sensation of, walking, while",1
o334,547,1,"FALLING down, sensation of, from side to side, sensation as if intestines were, on turning in bed",3
r336,547,0,"FASTING sensation (See Stomach, Emptiness)",0
r337,547,0,FAT,3
r338,547,0,FATTY degeneration of liver,5
r339,547,0,FERMENTATION (See Rumbling),27
r340,547,1,"FERMENTATION (See Rumbling), fruit, after",1
r341,547,1,"FERMENTATION (See Rumbling), menses, during",3
r342,547,0,FISTULÆ inguinal glands,5
r343,547,0,FLATULENCE (See Rumbling),166
r344,548,1,"FLATULENCE (See Rumbling), morning",11
r345,548,2,"FLATULENCE (See Rumbling), morning, bed, in",1
r346,548,2,"FLATULENCE (See Rumbling), morning, waking, on",4
r347,548,1,"FLATULENCE (See Rumbling), forenoon",5
r348,548,1,"FLATULENCE (See Rumbling), noon",1
r349,548,1,"FLATULENCE (See Rumbling), afternoon",5
r350,548,2,"FLATULENCE (See Rumbling), afternoon, eating, after",1
r351,548,2,"FLATULENCE (See Rumbling), afternoon, stool, during",1
r352,548,2,"FLATULENCE (See Rumbling), afternoon, 4 p.m.",1
r353,548,1,"FLATULENCE (See Rumbling), evening",22
r354,548,1,"FLATULENCE (See Rumbling), night",25
r355,548,2,"FLATULENCE (See Rumbling), night, midnight",1
r356,548,1,"FLATULENCE (See Rumbling), acids, after",1
r357,548,1,"FLATULENCE (See Rumbling), aged people",2
r358,548,1,"FLATULENCE (See Rumbling), bath, after",1
r359,548,1,"FLATULENCE (See Rumbling), bed, rising from",1
r360,548,1,"FLATULENCE (See Rumbling), breakfast, before",1
r361,548,2,"FLATULENCE (See Rumbling), breakfast, before, after",3
r362,548,1,"FLATULENCE (See Rumbling), dinner, after",6
r363,548,1,"FLATULENCE (See Rumbling), eating, after",21
r364,548,1,"FLATULENCE (See Rumbling), eructations amel. (See Eructations Under Stomach)",0
r365,548,1,"FLATULENCE (See Rumbling), fruit, from",1
r366,548,1,"FLATULENCE (See Rumbling), here and there",2
r367,548,1,"FLATULENCE (See Rumbling), menses, before",1
r368,548,2,"FLATULENCE (See Rumbling), menses, before, during",2
r369,548,1,"FLATULENCE (See Rumbling), milk, after",5
r370,548,1,"FLATULENCE (See Rumbling), obstructed",68
r371,548,2,"FLATULENCE (See Rumbling), obstructed, with hard stool",1
r372,548,2,"FLATULENCE (See Rumbling), obstructed, descending colon, with constipation",5
r373,548,1,"FLATULENCE (See Rumbling), riding in a carriage, while",2
r374,548,1,"FLATULENCE (See Rumbling), rumbling (See Rumbling)",0
r375,548,1,"FLATULENCE (See Rumbling), siesta, after a",1
r376,548,1,"FLATULENCE (See Rumbling), sitting, while",1
r377,548,1,"FLATULENCE (See Rumbling), sleep, during",1
r378,548,1,"FLATULENCE (See Rumbling), sour food, from",1
r379,548,1,"FLATULENCE (See Rumbling), stool, before",10
o384,548,2,"FLATULENCE (See Rumbling), stool, before, during",8
r381,548,2,"FLATULENCE (See Rumbling), stool, before, after",4
r382,548,1,"FLATULENCE (See Rumbling), supper, after",4
r383,549,1,"FLATULENCE (See Rumbling), tea drinking",1
r384,549,1,"FLATULENCE (See Rumbling), urination, during",1
r385,549,1,"FLATULENCE (See Rumbling), walking, while",1
r386,549,2,"FLATULENCE (See Rumbling), walking, while, in open air",1
r387,549,1,"FLATULENCE (See Rumbling), Cæcal region",2
r388,549,1,"FLATULENCE (See Rumbling), Hypochondria",15
r389,549,0,FLATTENED (See Retraction),0
r390,549,0,FLUTTERING (See Trembling),0
r391,549,0,FORMICATION,19
r392,549,1,"FORMICATION, voluptuous",1
r393,549,0,"FULLNESS, sensation of",133
r394,549,1,"FULLNESS, sensation of, daytime",1
r395,549,1,"FULLNESS, sensation of, morning",4
r396,549,2,"FULLNESS, sensation of, morning, on waking",1
r397,549,1,"FULLNESS, sensation of, forenoon",1
r398,549,2,"FULLNESS, sensation of, forenoon, 11 a.m., after stool",1
r399,549,1,"FULLNESS, sensation of, afternoon",4
r400,549,2,"FULLNESS, sensation of, afternoon, while walking in open air",1
r401,549,1,"FULLNESS, sensation of, evening",6
r402,549,2,"FULLNESS, sensation of, evening, after soup",1
r403,549,1,"FULLNESS, sensation of, night",3
r404,549,1,"FULLNESS, sensation of, breakfast, after",3
r405,549,1,"FULLNESS, sensation of, coffee, after",1
r406,549,1,"FULLNESS, sensation of, constipation, during",11
o398,549,1,"FULLNESS, sensation of, diarrhœa, during",1
r408,549,1,"FULLNESS, sensation of, dinner, after",3
r409,549,1,"FULLNESS, sensation of, drinking, after",4
h003,549,1,"FULLNESS, sensation of, eating, while",1
o401,549,2,"FULLNESS, sensation of, eating, while, after",39
o402,549,2,"FULLNESS, sensation of, eating, while, amel.",1
r413,549,1,"FULLNESS, sensation of, flatus, passing, amel.",4
r414,549,1,"FULLNESS, sensation of, food, at sight of",1
r415,549,1,"FULLNESS, sensation of, hunger, during",1
r416,549,1,"FULLNESS, sensation of, lying, while",2
r417,549,1,"FULLNESS, sensation of, sitting amel.",1
r418,549,1,"FULLNESS, sensation of, smoking, from",1
r419,549,1,"FULLNESS, sensation of, supper, after",6
r420,549,1,"FULLNESS, sensation of, waking, on",3
r421,549,1,"FULLNESS, sensation of, walking amel.",1
r422,549,1,"FULLNESS, sensation of, Hypochondria",25
r423,549,2,"FULLNESS, sensation of, Hypochondria, right",9
r424,549,2,"FULLNESS, sensation of, Hypochondria, left",1
r425,549,2,"FULLNESS, sensation of, Hypochondria, morning",1
r426,549,2,"FULLNESS, sensation of, Hypochondria, eating, after",1
r427,549,2,"FULLNESS, sensation of, Hypochondria, stool amel.",1
r429,550,1,"FULLNESS, sensation of, Hypogastrium",5
r430,550,2,"FULLNESS, sensation of, Hypogastrium, 10 a.m. until evening",1
r431,550,2,"FULLNESS, sensation of, Hypogastrium, evening",1
r432,550,1,"FULLNESS, sensation of, Inguinal region",3
r433,550,1,"FULLNESS, sensation of, Liver",9
r434,550,1,"FULLNESS, sensation of, Sides",1
r435,550,1,"FULLNESS, sensation of, Spleen",2
r436,550,0,GALL stone colic (See Pain in Liver),0
r437,550,0,GANGRENE,5
r438,550,1,"GANGRENE, Liver",1
r439,550,0,GONENESS (See Emptiness),0
r440,550,0,GOOSESKIN (See Horripilation),0
r441,550,0,GOUTY metastasis,1
r442,550,0,GRIPING (See Pain),0
r443,550,0,GURGLING,68
r444,550,1,"GURGLING, morning",3
r445,550,1,"GURGLING, forenoon",2
r446,550,1,"GURGLING, noon",1
r447,550,1,"GURGLING, afternoon",2
r448,550,2,"GURGLING, afternoon, 3 p.m.",1
r449,550,1,"GURGLING, evening",1
r450,550,1,"GURGLING, night",2
r451,550,1,"GURGLING, breakfast, after",1
r452,550,1,"GURGLING, dinner, after",2
r453,550,1,"GURGLING, drinking, after",1
h004,550,1,"GURGLING, eating, while",1
r455,550,2,"GURGLING, eating, while, amel.",1
r456,550,1,"GURGLING, inspiration, on",3
h005,550,1,"GURGLING, motion, on",1
r458,550,2,"GURGLING, motion, on, amel.",1
r459,550,1,"GURGLING, pressure, on",1
r460,550,1,"GURGLING, stool, before",7
r461,550,2,"GURGLING, stool, before, during",1
r462,550,2,"GURGLING, stool, before, after",1
r463,550,1,"GURGLING, walking, while",1
r464,550,1,"GURGLING, Hip, near the",1
r465,550,2,"GURGLING, Hip, near the, left",1
r466,550,1,"GURGLING, Hypochondria",3
r467,550,2,"GURGLING, Hypochondria, left",1
r468,550,1,"GURGLING, Sides",8
r469,550,2,"GURGLING, Sides, left",2
r470,550,2,"GURGLING, Sides, pressure, on",1
r471,550,1,"GURGLING, Spleen",1
r472,550,0,HÆMORRHAGE (See Stool),0
r473,550,0,HAMMERING (See Pulsating),0
r474,550,0,"HANGING down, as if intestines were",5
r475,550,0,HARD,75
r476,550,1,"HARD, evening",6
r477,550,1,"HARD, night",2
r478,550,1,"HARD, children",2
r479,550,1,"HARD, eating, after",2
r480,550,1,"HARD, menses, before",1
h006,550,1,"HARD, during",4
r482,550,1,"HARD, Hypochondria",7
r483,550,2,"HARD, Hypochondria, right",1
r484,551,2,"HARD, Hypochondria, left",1
r485,551,2,"HARD, Hypochondria, in intermittents",2
r486,551,1,"HARD, Hypogastrium",3
r487,551,1,"HARD, Inguinal region",3
r488,551,1,"HARD, Liver",30
r489,551,2,"HARD, Liver, left lobe",1
r490,551,1,"HARD, Pancreas",2
r491,551,1,"HARD, Side, right",1
r492,551,1,"HARD, Spleen",12
r493,551,1,"HARD, Umbilicus",3
r494,551,0,"HARD body, sensation of, moving in",2
r495,551,1,"HARD body, sensation of, moving in, when turning to right side",1
r496,551,0,HARDNESS (induration) mesenteric glands,8
r497,551,0,HEAT,93
r498,551,1,"HEAT, morning",2
r499,551,1,"HEAT, forenoon",3
r500,551,1,"HEAT, afternoon",1
r501,551,1,"HEAT, night",2
r502,551,1,"HEAT, alternating with coldness",1
r503,551,1,"HEAT, constipation, during",1
r504,551,1,"HEAT, dinner, during",1
r505,551,2,"HEAT, dinner, during, after",1
r506,551,1,"HEAT, eating, after",1
r507,551,1,"HEAT, fever, during",11
r508,551,1,"HEAT, flashes of",5
r509,551,2,"HEAT, flashes of, as of hot water flowing in",1
o501,551,2,"HEAT, flashes of, as if hot water pouring into abdomen from chest followed by diarrhœa",1
r511,551,1,"HEAT, menses, before",2
r512,551,2,"HEAT, menses, before, during",1
r513,551,1,"HEAT, smoking, while",1
r514,551,1,"HEAT, soup, after",1
r515,551,1,"HEAT, uncovering amel.",3
r516,551,1,"HEAT, extending to chest",7
o497,551,2,"HEAT, extending to chest, head",9
o498,551,2,"HEAT, extending to chest, shoulders",1
r519,551,1,"HEAT, Hypochondria",8
r520,551,2,"HEAT, Hypochondria, right",2
r521,551,2,"HEAT, Hypochondria, left",1
r522,551,2,"HEAT, Hypochondria, flushes rise from",1
r523,551,1,"HEAT, Hypogastrium",6
r524,551,2,"HEAT, Hypogastrium, menses, during, must have it uncovered",1
r525,551,1,"HEAT, Inguinal region",4
r526,551,1,"HEAT, Liver, in, sensation of",3
r527,551,1,"HEAT, Spleen",1
r528,551,1,"HEAT, Umbilicus",5
r529,551,2,"HEAT, Umbilicus, extending to chest",1
r3283,551,0,"HEAVINESS, as from a load, etc.",74
r531,552,1,"HEAVINESS, as from a load, etc., morning",3
r532,552,1,"HEAVINESS, as from a load, etc., forenoon",1
r533,552,1,"HEAVINESS, as from a load, etc., afternoon",3
r534,552,1,"HEAVINESS, as from a load, etc., evening",1
r535,552,1,"HEAVINESS, as from a load, etc., night",3
r536,552,1,"HEAVINESS, as from a load, etc., breakfast, after",1
r537,552,1,"HEAVINESS, as from a load, etc., dinner, after",1
r538,552,1,"HEAVINESS, as from a load, etc., drinking, after",1
r539,552,1,"HEAVINESS, as from a load, etc., inspiration, on",1
r540,552,1,"HEAVINESS, as from a load, etc., lying on left side amel.",1
r541,552,1,"HEAVINESS, as from a load, etc., menses, before",1
r542,552,2,"HEAVINESS, as from a load, etc., menses, before, during",4
r543,552,1,"HEAVINESS, as from a load, etc., motion, during",2
r544,552,1,"HEAVINESS, as from a load, etc., rising, on",1
r545,552,1,"HEAVINESS, as from a load, etc., sitting, while",2
r546,552,1,"HEAVINESS, as from a load, etc., stone, as from a",2
r547,552,1,"HEAVINESS, as from a load, etc., stool, after",3
r548,552,1,"HEAVINESS, as from a load, etc., supper, after",2
r549,552,1,"HEAVINESS, as from a load, etc., walking, while",5
r550,552,1,"HEAVINESS, as from a load, etc., Hypochondria",12
r551,552,2,"HEAVINESS, as from a load, etc., Hypochondria, night",1
r552,552,2,"HEAVINESS, as from a load, etc., Hypochondria, walking, while",1
r553,552,1,"HEAVINESS, as from a load, etc., Hypogastrium",16
r554,552,2,"HEAVINESS, as from a load, etc., Hypogastrium, eating, after",1
r555,552,2,"HEAVINESS, as from a load, etc., Hypogastrium, lying on left side amel.",1
r556,552,2,"HEAVINESS, as from a load, etc., Hypogastrium, menses, during",1
r557,552,2,"HEAVINESS, as from a load, etc., Hypogastrium, standing",1
r558,552,2,"HEAVINESS, as from a load, etc., Hypogastrium, stool, after",1
r559,552,1,"HEAVINESS, as from a load, etc., Inguinal region",5
r560,552,1,"HEAVINESS, as from a load, etc., Liver, in",12
r561,552,1,"HEAVINESS, as from a load, etc., Sides",5
r562,552,2,"HEAVINESS, as from a load, etc., Sides, left",1
r563,552,1,"HEAVINESS, as from a load, etc., Spleen",2
r564,552,0,"HEAVY, as if something lying on left side of",1
r565,552,0,"HERNIA, femoral",2
r566,552,1,"HERNIA, femoral, Inguinal",39
r567,552,2,"HERNIA, femoral, Inguinal, strangulated",20
r568,552,2,"HERNIA, femoral, Inguinal, painful",4
r569,552,2,"HERNIA, femoral, Inguinal, children, in",4
r570,552,3,"HERNIA, femoral, Inguinal, children, in, right",2
r571,552,3,"HERNIA, femoral, Inguinal, children, in, left",1
r572,552,2,"HERNIA, femoral, Inguinal, inflammation",4
r573,552,3,"HERNIA, femoral, Inguinal, inflammation, with vomiting",6
r574,552,2,"HERNIA, femoral, Inguinal, sensitive",4
r575,552,1,"HERNIA, femoral, Umbilical",5
r576,552,0,HOLLOW (See Emptiness),0
r577,552,0,HORRIPILATION,1
r578,552,0,IMPACTION,6
r579,552,0,INDURATION (See Hard),0
h007,552,0,"INFLAMMATION (Peritonitis, Enteritis, etc.)",66
r581,552,1,"INFLAMMATION (Peritonitis, Enteritis, etc.), appendicitis",22
r583,553,1,"INFLAMMATION (Peritonitis, Enteritis, etc.), Inguinal glands",11
r584,553,1,"INFLAMMATION (Peritonitis, Enteritis, etc.), Liver",41
r585,553,2,"INFLAMMATION (Peritonitis, Enteritis, etc.), Liver, chronic",17
r586,553,2,"INFLAMMATION (Peritonitis, Enteritis, etc.), Liver, mortification, after",1
r587,553,2,"INFLAMMATION (Peritonitis, Enteritis, etc.), Liver, vexation, after",1
r588,553,1,"INFLAMMATION (Peritonitis, Enteritis, etc.), Pancreas",4
r589,553,1,"INFLAMMATION (Peritonitis, Enteritis, etc.), Spleen",22
r590,553,1,"INFLAMMATION (Peritonitis, Enteritis, etc.), Typhlitis",24
r591,553,1,"INFLAMMATION (Peritonitis, Enteritis, etc.), Umbilicus",1
r592,553,0,INTUSSUSCEPTION,25
r593,553,0,ITCHING,43
r594,553,1,"ITCHING, daytime",1
r595,553,1,"ITCHING, morning",1
r596,553,2,"ITCHING, morning, dressing, while",1
r597,553,1,"ITCHING, evening",4
r598,553,2,"ITCHING, evening, undressing, while",2
r599,553,1,"ITCHING, night",6
r600,553,2,"ITCHING, night, on going to bed",1
r601,553,1,"ITCHING, dinner, after",1
r602,553,1,"ITCHING, scratching amel.",4
r603,553,1,"ITCHING, Hip, region of",1
r604,553,1,"ITCHING, Hypochondria",2
r605,553,2,"ITCHING, Hypochondria, night",1
r606,553,1,"ITCHING, Hypogastrium",13
r607,553,2,"ITCHING, Hypogastrium, scratching amel.",1
r608,553,2,"ITCHING, Hypogastrium, walking agg.",1
r609,553,1,"ITCHING, Iliac region",3
r610,553,2,"ITCHING, Iliac region, right",1
r611,553,1,"ITCHING, Inguinal region",15
r612,553,2,"ITCHING, Inguinal region, right",5
r613,553,2,"ITCHING, Inguinal region, left",3
r614,553,2,"ITCHING, Inguinal region, evening",2
r615,553,2,"ITCHING, Inguinal region, bed, in",2
r616,553,2,"ITCHING, Inguinal region, scratching amel.",3
o602,553,3,"ITCHING, Inguinal region, scratching amel., does not amel.",1
r618,553,2,"ITCHING, Inguinal region, extending to knee",1
r619,553,1,"ITCHING, Sides",8
r620,553,2,"ITCHING, Sides, scratching, after",1
r621,553,3,"ITCHING, Sides, scratching, after, amel.",2
r622,553,1,"ITCHING, Umbilicus",9
r623,553,2,"ITCHING, Umbilicus, evening",1
r624,553,2,"ITCHING, Umbilicus, scratching, after",1
r625,553,0,JAUNDICE (See Skin),0
r626,553,0,JERKING (See Twitching),0
r3284,553,0,LIVER and region of,102
r627,554,0,"LOOSE, as if intestines were",5
r628,554,0,"LUMP in abdomen, sensation of",7
r629,554,1,"LUMP in abdomen, sensation of, Liver",1
r630,554,1,"LUMP in abdomen, sensation of, Spleen",1
r631,554,1,"LUMP in abdomen, sensation of, Umbilicus",1
r632,554,0,"MENSES would appear, sensation as if (See Pain as if, etc.)",0
r633,554,0,METEORISM (See Distension),0
o620,554,0,MOVEMENTS in,84
o647,554,1,"MOVEMENTS in, morning",4
o648,554,2,"MOVEMENTS in, morning, in bed",1
o649,554,2,"MOVEMENTS in, morning, on waking",1
o637,554,1,"MOVEMENTS in, forenoon",5
o638,554,2,"MOVEMENTS in, forenoon, stool, before",1
o628,554,1,"MOVEMENTS in, afternoon",5
o629,554,2,"MOVEMENTS in, afternoon, 1 p.m.",2
o634,554,1,"MOVEMENTS in, evening",4
o635,554,2,"MOVEMENTS in, evening, while lying",2
o650,554,1,"MOVEMENTS in, night",1
o630,554,1,"MOVEMENTS in, breakfast, after",1
o631,554,1,"MOVEMENTS in, dinner, after",1
o633,554,1,"MOVEMENTS in, eating, while",1
o632,554,2,"MOVEMENTS in, eating, while, after",2
o636,554,1,"MOVEMENTS in, fist of a fœtus, like",3
o639,554,1,"MOVEMENTS in, herring, after",1
o644,554,1,"MOVEMENTS in, jumping",2
o645,554,1,"MOVEMENTS in, menses, before",5
o646,554,2,"MOVEMENTS in, menses, before, during",2
o653,554,1,"MOVEMENTS in, stool, before",13
o652,554,2,"MOVEMENTS in, stool, before, after",3
o655,554,1,"MOVEMENTS in, up and down, of something",1
o656,554,1,"MOVEMENTS in, walking, while",1
o657,554,1,"MOVEMENTS in, water, as from",2
o640,554,1,"MOVEMENTS in, Hypochondria",1
o641,554,1,"MOVEMENTS in, Hypogastrium",3
o642,554,2,"MOVEMENTS in, Hypogastrium, after dinner, after stool",1
o643,554,1,"MOVEMENTS in, Inguinal region",1
o651,554,1,"MOVEMENTS in, Sides",1
o654,554,1,"MOVEMENTS in, Umbilical region",7
h008,554,0,MOVEMENTS of the fœtus cause nausea and vomiting,1
h009,554,1,"MOVEMENTS of the fœtus cause nausea and vomiting, disturb sleep",1
h010,554,1,"MOVEMENTS of the fœtus cause nausea and vomiting, painful",4
h011,554,1,"MOVEMENTS of the fœtus cause nausea and vomiting, produce rawness",1
h012,554,1,"MOVEMENTS of the fœtus cause nausea and vomiting, tympanitic abdomen, with",1
h013,554,1,"MOVEMENTS of the fœtus cause nausea and vomiting, urinate, with desire to, pain in bladder and cutting pain",1
h014,554,1,"MOVEMENTS of the fœtus cause nausea and vomiting, violent",4
r672,554,0,NUMBNESS,6
r673,554,1,"NUMBNESS, iliac fossa, right, amel. lying on it",1
r674,554,1,"NUMBNESS, sacrum and lower limb",1
h015,554,0,ŒDEMA (See Dropsy),0
r3285,554,0,"PAIN, aching, dull pain (See Boring, Drawing, Distress, Digging, Gnawing, Pressing, etc.)",223
r677,555,1,"PAIN, aching, dull pain (See Boring, Drawing, Distress, Digging, Gnawing, Pressing, etc.), left to right",1
r678,555,1,"PAIN, aching, dull pain (See Boring, Drawing, Distress, Digging, Gnawing, Pressing, etc.), daytime",2
r679,555,1,"PAIN, aching, dull pain (See Boring, Drawing, Distress, Digging, Gnawing, Pressing, etc.), morning",67
r680,555,2,"PAIN, aching, dull pain (See Boring, Drawing, Distress, Digging, Gnawing, Pressing, etc.), morning, bed, in",17
r681,555,2,"PAIN, aching, dull pain (See Boring, Drawing, Distress, Digging, Gnawing, Pressing, etc.), morning, breakfast, before",1
r682,555,2,"PAIN, aching, dull pain (See Boring, Drawing, Distress, Digging, Gnawing, Pressing, etc.), morning, eating, after",3
r683,555,2,"PAIN, aching, dull pain (See Boring, Drawing, Distress, Digging, Gnawing, Pressing, etc.), morning, fasting",3
r684,555,2,"PAIN, aching, dull pain (See Boring, Drawing, Distress, Digging, Gnawing, Pressing, etc.), morning, rising, on",7
r685,555,3,"PAIN, aching, dull pain (See Boring, Drawing, Distress, Digging, Gnawing, Pressing, etc.), morning, rising, on, after",7
r686,555,2,"PAIN, aching, dull pain (See Boring, Drawing, Distress, Digging, Gnawing, Pressing, etc.), morning, sunrise",1
r687,555,2,"PAIN, aching, dull pain (See Boring, Drawing, Distress, Digging, Gnawing, Pressing, etc.), morning, waking, on",15
r688,555,2,"PAIN, aching, dull pain (See Boring, Drawing, Distress, Digging, Gnawing, Pressing, etc.), morning, 6 a.m.",2
r689,555,2,"PAIN, aching, dull pain (See Boring, Drawing, Distress, Digging, Gnawing, Pressing, etc.), morning, 7 a.m.",2
r690,555,2,"PAIN, aching, dull pain (See Boring, Drawing, Distress, Digging, Gnawing, Pressing, etc.), morning, 8 a.m.",1
r691,555,1,"PAIN, aching, dull pain (See Boring, Drawing, Distress, Digging, Gnawing, Pressing, etc.), forenoon",24
o1505,555,2,"PAIN, aching, dull pain (See Boring, Drawing, Distress, Digging, Gnawing, Pressing, etc.), forenoon, chill, during",1
r693,555,2,"PAIN, aching, dull pain (See Boring, Drawing, Distress, Digging, Gnawing, Pressing, etc.), forenoon, menses, during",2
r694,555,2,"PAIN, aching, dull pain (See Boring, Drawing, Distress, Digging, Gnawing, Pressing, etc.), forenoon, walking in open air",3
r695,555,2,"PAIN, aching, dull pain (See Boring, Drawing, Distress, Digging, Gnawing, Pressing, etc.), forenoon, 9 a.m.",3
r696,555,2,"PAIN, aching, dull pain (See Boring, Drawing, Distress, Digging, Gnawing, Pressing, etc.), forenoon, 10 a.m.",1
r697,555,2,"PAIN, aching, dull pain (See Boring, Drawing, Distress, Digging, Gnawing, Pressing, etc.), forenoon, noon",9
r698,555,2,"PAIN, aching, dull pain (See Boring, Drawing, Distress, Digging, Gnawing, Pressing, etc.), forenoon, eating, before",1
r699,555,3,"PAIN, aching, dull pain (See Boring, Drawing, Distress, Digging, Gnawing, Pressing, etc.), forenoon, eating, before, after",2
r700,555,2,"PAIN, aching, dull pain (See Boring, Drawing, Distress, Digging, Gnawing, Pressing, etc.), forenoon, standing, while",1
r701,555,2,"PAIN, aching, dull pain (See Boring, Drawing, Distress, Digging, Gnawing, Pressing, etc.), forenoon, walking, while",4
r702,555,1,"PAIN, aching, dull pain (See Boring, Drawing, Distress, Digging, Gnawing, Pressing, etc.), afternoon",44
r703,555,2,"PAIN, aching, dull pain (See Boring, Drawing, Distress, Digging, Gnawing, Pressing, etc.), afternoon, eating, after",1
r704,555,2,"PAIN, aching, dull pain (See Boring, Drawing, Distress, Digging, Gnawing, Pressing, etc.), afternoon, walking, while",1
r705,555,2,"PAIN, aching, dull pain (See Boring, Drawing, Distress, Digging, Gnawing, Pressing, etc.), afternoon, 1 p.m.",3
r706,555,2,"PAIN, aching, dull pain (See Boring, Drawing, Distress, Digging, Gnawing, Pressing, etc.), afternoon, 1-30 p.m.",1
r707,555,2,"PAIN, aching, dull pain (See Boring, Drawing, Distress, Digging, Gnawing, Pressing, etc.), afternoon, 2 p.m.",2
r708,555,2,"PAIN, aching, dull pain (See Boring, Drawing, Distress, Digging, Gnawing, Pressing, etc.), afternoon, 3 p.m.",2
r709,555,2,"PAIN, aching, dull pain (See Boring, Drawing, Distress, Digging, Gnawing, Pressing, etc.), afternoon, 4 p.m.",6
r710,555,2,"PAIN, aching, dull pain (See Boring, Drawing, Distress, Digging, Gnawing, Pressing, etc.), afternoon, 5 p.m.",6
r711,556,1,"PAIN, aching, dull pain (See Boring, Drawing, Distress, Digging, Gnawing, Pressing, etc.), evening",87
r712,556,2,"PAIN, aching, dull pain (See Boring, Drawing, Distress, Digging, Gnawing, Pressing, etc.), evening, air, in",1
r713,556,2,"PAIN, aching, dull pain (See Boring, Drawing, Distress, Digging, Gnawing, Pressing, etc.), evening, bed, in",5
r714,556,2,"PAIN, aching, dull pain (See Boring, Drawing, Distress, Digging, Gnawing, Pressing, etc.), evening, coffee, after",1
r715,556,2,"PAIN, aching, dull pain (See Boring, Drawing, Distress, Digging, Gnawing, Pressing, etc.), evening, drinking, after",1
r716,556,2,"PAIN, aching, dull pain (See Boring, Drawing, Distress, Digging, Gnawing, Pressing, etc.), evening, eating, after",5
r717,556,2,"PAIN, aching, dull pain (See Boring, Drawing, Distress, Digging, Gnawing, Pressing, etc.), evening, ice-cream, after",1
h016,556,2,"PAIN, aching, dull pain (See Boring, Drawing, Distress, Digging, Gnawing, Pressing, etc.), evening, lying, while",2
r719,556,3,"PAIN, aching, dull pain (See Boring, Drawing, Distress, Digging, Gnawing, Pressing, etc.), evening, lying, while, amel.",1
r720,556,2,"PAIN, aching, dull pain (See Boring, Drawing, Distress, Digging, Gnawing, Pressing, etc.), evening, menses, before",1
r721,556,2,"PAIN, aching, dull pain (See Boring, Drawing, Distress, Digging, Gnawing, Pressing, etc.), evening, milk, after",1
r722,556,2,"PAIN, aching, dull pain (See Boring, Drawing, Distress, Digging, Gnawing, Pressing, etc.), evening, stool, before",3
r723,556,3,"PAIN, aching, dull pain (See Boring, Drawing, Distress, Digging, Gnawing, Pressing, etc.), evening, stool, before, during",4
r724,556,2,"PAIN, aching, dull pain (See Boring, Drawing, Distress, Digging, Gnawing, Pressing, etc.), evening, stooping, on",1
r725,556,2,"PAIN, aching, dull pain (See Boring, Drawing, Distress, Digging, Gnawing, Pressing, etc.), evening, urination, after",1
r726,556,2,"PAIN, aching, dull pain (See Boring, Drawing, Distress, Digging, Gnawing, Pressing, etc.), evening, 7 p.m.",1
r727,556,1,"PAIN, aching, dull pain (See Boring, Drawing, Distress, Digging, Gnawing, Pressing, etc.), night",77
r728,556,2,"PAIN, aching, dull pain (See Boring, Drawing, Distress, Digging, Gnawing, Pressing, etc.), night, bed, in",7
r729,556,2,"PAIN, aching, dull pain (See Boring, Drawing, Distress, Digging, Gnawing, Pressing, etc.), night, uncovering",1
r730,556,2,"PAIN, aching, dull pain (See Boring, Drawing, Distress, Digging, Gnawing, Pressing, etc.), night, waking, on",3
r731,556,2,"PAIN, aching, dull pain (See Boring, Drawing, Distress, Digging, Gnawing, Pressing, etc.), night, 10 p.m.",2
r732,556,2,"PAIN, aching, dull pain (See Boring, Drawing, Distress, Digging, Gnawing, Pressing, etc.), night, midnight",12
r733,556,2,"PAIN, aching, dull pain (See Boring, Drawing, Distress, Digging, Gnawing, Pressing, etc.), night, 1 a.m., had to lie crooked and uncovered",1
r734,556,2,"PAIN, aching, dull pain (See Boring, Drawing, Distress, Digging, Gnawing, Pressing, etc.), night, 2 a.m.",3
h017,556,2,"PAIN, aching, dull pain (See Boring, Drawing, Distress, Digging, Gnawing, Pressing, etc.), night, 2 to 3 a.m.",1
r736,556,2,"PAIN, aching, dull pain (See Boring, Drawing, Distress, Digging, Gnawing, Pressing, etc.), night, 3 a.m.",2
r737,556,2,"PAIN, aching, dull pain (See Boring, Drawing, Distress, Digging, Gnawing, Pressing, etc.), night, 4 a.m.",3
r738,556,2,"PAIN, aching, dull pain (See Boring, Drawing, Distress, Digging, Gnawing, Pressing, etc.), night, 5 a.m.",2
r739,556,1,"PAIN, aching, dull pain (See Boring, Drawing, Distress, Digging, Gnawing, Pressing, etc.), acids, from",2
r740,556,1,"PAIN, aching, dull pain (See Boring, Drawing, Distress, Digging, Gnawing, Pressing, etc.), air, cool, amel.",1
o673,556,2,"PAIN, aching, dull pain (See Boring, Drawing, Distress, Digging, Gnawing, Pressing, etc.), air, cool, amel., every draft",1
o674,556,2,"PAIN, aching, dull pain (See Boring, Drawing, Distress, Digging, Gnawing, Pressing, etc.), air, cool, amel., open, agg.",2
o675,556,3,"PAIN, aching, dull pain (See Boring, Drawing, Distress, Digging, Gnawing, Pressing, etc.), air, cool, amel., open, agg., amel.",1
o676,556,2,"PAIN, aching, dull pain (See Boring, Drawing, Distress, Digging, Gnawing, Pressing, etc.), air, cool, amel., touches abdomen, if",2
r745,556,1,"PAIN, aching, dull pain (See Boring, Drawing, Distress, Digging, Gnawing, Pressing, etc.), alternating with pain in chest",2
o678,556,2,"PAIN, aching, dull pain (See Boring, Drawing, Distress, Digging, Gnawing, Pressing, etc.), alternating with pain in chest, affections of eyes",1
o679,556,2,"PAIN, aching, dull pain (See Boring, Drawing, Distress, Digging, Gnawing, Pressing, etc.), alternating with pain in chest, headache",2
o680,556,2,"PAIN, aching, dull pain (See Boring, Drawing, Distress, Digging, Gnawing, Pressing, etc.), alternating with pain in chest, pain in joints",1
o681,556,3,"PAIN, aching, dull pain (See Boring, Drawing, Distress, Digging, Gnawing, Pressing, etc.), alternating with pain in chest, pain in joints, limbs",1
r750,556,1,"PAIN, aching, dull pain (See Boring, Drawing, Distress, Digging, Gnawing, Pressing, etc.), anger, after",6
r751,556,1,"PAIN, aching, dull pain (See Boring, Drawing, Distress, Digging, Gnawing, Pressing, etc.), ascending stairs",2
r752,556,1,"PAIN, aching, dull pain (See Boring, Drawing, Distress, Digging, Gnawing, Pressing, etc.), as if squeezed between two stones",1
r753,556,1,"PAIN, aching, dull pain (See Boring, Drawing, Distress, Digging, Gnawing, Pressing, etc.), bed, in",12
r754,556,2,"PAIN, aching, dull pain (See Boring, Drawing, Distress, Digging, Gnawing, Pressing, etc.), bed, in, on going to",2
h018,556,1,"PAIN, aching, dull pain (See Boring, Drawing, Distress, Digging, Gnawing, Pressing, etc.), bending backward, on",2
r756,556,2,"PAIN, aching, dull pain (See Boring, Drawing, Distress, Digging, Gnawing, Pressing, etc.), bending backward, on, amel.",5
r757,556,1,"PAIN, aching, dull pain (See Boring, Drawing, Distress, Digging, Gnawing, Pressing, etc.), bend double, must",29
r758,556,1,"PAIN, aching, dull pain (See Boring, Drawing, Distress, Digging, Gnawing, Pressing, etc.), bending double",8
r759,557,2,"PAIN, aching, dull pain (See Boring, Drawing, Distress, Digging, Gnawing, Pressing, etc.), bending double, amel.",36
r760,557,2,"PAIN, aching, dull pain (See Boring, Drawing, Distress, Digging, Gnawing, Pressing, etc.), bending double, while lying on side amel.",1
r761,557,1,"PAIN, aching, dull pain (See Boring, Drawing, Distress, Digging, Gnawing, Pressing, etc.), blowing nose, on",3
r762,557,1,"PAIN, aching, dull pain (See Boring, Drawing, Distress, Digging, Gnawing, Pressing, etc.), brandy, after",1
r763,557,1,"PAIN, aching, dull pain (See Boring, Drawing, Distress, Digging, Gnawing, Pressing, etc.), breakfast, during",1
r764,557,2,"PAIN, aching, dull pain (See Boring, Drawing, Distress, Digging, Gnawing, Pressing, etc.), breakfast, during, after",9
r765,557,1,"PAIN, aching, dull pain (See Boring, Drawing, Distress, Digging, Gnawing, Pressing, etc.), cherries, after",1
r766,557,1,"PAIN, aching, dull pain (See Boring, Drawing, Distress, Digging, Gnawing, Pressing, etc.), chill, before",4
r692,557,2,"PAIN, aching, dull pain (See Boring, Drawing, Distress, Digging, Gnawing, Pressing, etc.), chill, before, during",28
r768,557,3,"PAIN, aching, dull pain (See Boring, Drawing, Distress, Digging, Gnawing, Pressing, etc.), chill, before, during, with, and suppressed menses",1
r769,557,1,"PAIN, aching, dull pain (See Boring, Drawing, Distress, Digging, Gnawing, Pressing, etc.), clothing agg.",3
r770,557,1,"PAIN, aching, dull pain (See Boring, Drawing, Distress, Digging, Gnawing, Pressing, etc.), clutching with nails, as if",2
r771,557,1,"PAIN, aching, dull pain (See Boring, Drawing, Distress, Digging, Gnawing, Pressing, etc.), coffee, after",5
r772,557,2,"PAIN, aching, dull pain (See Boring, Drawing, Distress, Digging, Gnawing, Pressing, etc.), coffee, after, amel.",1
r773,557,1,"PAIN, aching, dull pain (See Boring, Drawing, Distress, Digging, Gnawing, Pressing, etc.), coition, during",1
r774,557,2,"PAIN, aching, dull pain (See Boring, Drawing, Distress, Digging, Gnawing, Pressing, etc.), coition, during, after",1
r775,557,1,"PAIN, aching, dull pain (See Boring, Drawing, Distress, Digging, Gnawing, Pressing, etc.), cold, drinks, after (ice water, etc.)",8
r776,557,2,"PAIN, aching, dull pain (See Boring, Drawing, Distress, Digging, Gnawing, Pressing, etc.), cold, drinks, after (ice water, etc.), amel.",1
o821,557,2,"PAIN, aching, dull pain (See Boring, Drawing, Distress, Digging, Gnawing, Pressing, etc.), cold, drinks, after (ice water, etc.), food",2
r778,557,1,"PAIN, aching, dull pain (See Boring, Drawing, Distress, Digging, Gnawing, Pressing, etc.), cold, becoming, from",7
r779,557,1,"PAIN, aching, dull pain (See Boring, Drawing, Distress, Digging, Gnawing, Pressing, etc.), cold, from taking",14
r780,557,2,"PAIN, aching, dull pain (See Boring, Drawing, Distress, Digging, Gnawing, Pressing, etc.), cold, from taking, taking hold of cold things",1
r781,557,1,"PAIN, aching, dull pain (See Boring, Drawing, Distress, Digging, Gnawing, Pressing, etc.), colic (See Pain, cramping)",0
r782,557,1,"PAIN, aching, dull pain (See Boring, Drawing, Distress, Digging, Gnawing, Pressing, etc.), comes gradually and goes gradually",2
o826,557,2,"PAIN, aching, dull pain (See Boring, Drawing, Distress, Digging, Gnawing, Pressing, etc.), comes gradually and goes gradually, quickly and goes quickly",2
r784,557,1,"PAIN, aching, dull pain (See Boring, Drawing, Distress, Digging, Gnawing, Pressing, etc.), constipation, from",11
r785,557,1,"PAIN, aching, dull pain (See Boring, Drawing, Distress, Digging, Gnawing, Pressing, etc.), cough, during",61
r786,557,1,"PAIN, aching, dull pain (See Boring, Drawing, Distress, Digging, Gnawing, Pressing, etc.), damp weather, from",4
r787,557,1,"PAIN, aching, dull pain (See Boring, Drawing, Distress, Digging, Gnawing, Pressing, etc.), despair, driving to",1
o1273,557,1,"PAIN, aching, dull pain (See Boring, Drawing, Distress, Digging, Gnawing, Pressing, etc.), diarrhœa, as if, would come on",75
o1274,557,2,"PAIN, aching, dull pain (See Boring, Drawing, Distress, Digging, Gnawing, Pressing, etc.), diarrhœa, as if, would come on, during (colic)",81
r790,557,1,"PAIN, aching, dull pain (See Boring, Drawing, Distress, Digging, Gnawing, Pressing, etc.), digestion, during",2
r791,557,1,"PAIN, aching, dull pain (See Boring, Drawing, Distress, Digging, Gnawing, Pressing, etc.), dinner, during",5
r792,557,2,"PAIN, aching, dull pain (See Boring, Drawing, Distress, Digging, Gnawing, Pressing, etc.), dinner, during, after",25
r793,558,1,"PAIN, aching, dull pain (See Boring, Drawing, Distress, Digging, Gnawing, Pressing, etc.), doubling up (See Bending)",0
r794,558,1,"PAIN, aching, dull pain (See Boring, Drawing, Distress, Digging, Gnawing, Pressing, etc.), drawing in abdomen",2
r795,558,1,"PAIN, aching, dull pain (See Boring, Drawing, Distress, Digging, Gnawing, Pressing, etc.), drinking, after",20
r796,558,2,"PAIN, aching, dull pain (See Boring, Drawing, Distress, Digging, Gnawing, Pressing, etc.), drinking, after, when overheated",3
r797,558,1,"PAIN, aching, dull pain (See Boring, Drawing, Distress, Digging, Gnawing, Pressing, etc.), eating, while",7
r798,558,2,"PAIN, aching, dull pain (See Boring, Drawing, Distress, Digging, Gnawing, Pressing, etc.), eating, while, on every attempt to",1
o1419,558,2,"PAIN, aching, dull pain (See Boring, Drawing, Distress, Digging, Gnawing, Pressing, etc.), eating, while, after",83
r800,558,3,"PAIN, aching, dull pain (See Boring, Drawing, Distress, Digging, Gnawing, Pressing, etc.), eating, while, after, amel.",9
r801,558,2,"PAIN, aching, dull pain (See Boring, Drawing, Distress, Digging, Gnawing, Pressing, etc.), eating, while, 2 hours after eating",1
r802,558,1,"PAIN, aching, dull pain (See Boring, Drawing, Distress, Digging, Gnawing, Pressing, etc.), eructations amel.",7
r803,558,1,"PAIN, aching, dull pain (See Boring, Drawing, Distress, Digging, Gnawing, Pressing, etc.), excitement, after",4
o1442,558,1,"PAIN, aching, dull pain (See Boring, Drawing, Distress, Digging, Gnawing, Pressing, etc.), exercise, from",16
r805,558,2,"PAIN, aching, dull pain (See Boring, Drawing, Distress, Digging, Gnawing, Pressing, etc.), exercise, from, amel.",1
r806,558,1,"PAIN, aching, dull pain (See Boring, Drawing, Distress, Digging, Gnawing, Pressing, etc.), exertion, after",2
r807,558,1,"PAIN, aching, dull pain (See Boring, Drawing, Distress, Digging, Gnawing, Pressing, etc.), expiration, on",2
r808,558,1,"PAIN, aching, dull pain (See Boring, Drawing, Distress, Digging, Gnawing, Pressing, etc.), flatus, passing, before",3
r809,558,2,"PAIN, aching, dull pain (See Boring, Drawing, Distress, Digging, Gnawing, Pressing, etc.), flatus, passing, before, agg.",5
r810,558,2,"PAIN, aching, dull pain (See Boring, Drawing, Distress, Digging, Gnawing, Pressing, etc.), flatus, passing, before, amel.",36
r811,558,1,"PAIN, aching, dull pain (See Boring, Drawing, Distress, Digging, Gnawing, Pressing, etc.), flexing limbs amel.",12
r812,558,1,"PAIN, aching, dull pain (See Boring, Drawing, Distress, Digging, Gnawing, Pressing, etc.), fright, from",1
r813,558,1,"PAIN, aching, dull pain (See Boring, Drawing, Distress, Digging, Gnawing, Pressing, etc.), fruit, after",7
r814,558,1,"PAIN, aching, dull pain (See Boring, Drawing, Distress, Digging, Gnawing, Pressing, etc.), heat, during the",12
r815,558,1,"PAIN, aching, dull pain (See Boring, Drawing, Distress, Digging, Gnawing, Pressing, etc.), hæmorrhoids, from",8
r816,558,1,"PAIN, aching, dull pain (See Boring, Drawing, Distress, Digging, Gnawing, Pressing, etc.), hunger, during",2
r817,558,1,"PAIN, aching, dull pain (See Boring, Drawing, Distress, Digging, Gnawing, Pressing, etc.), ice cream, after",4
r818,558,1,"PAIN, aching, dull pain (See Boring, Drawing, Distress, Digging, Gnawing, Pressing, etc.), indignation, after",1
r819,558,1,"PAIN, aching, dull pain (See Boring, Drawing, Distress, Digging, Gnawing, Pressing, etc.), inspiration, during",14
r820,558,2,"PAIN, aching, dull pain (See Boring, Drawing, Distress, Digging, Gnawing, Pressing, etc.), inspiration, during, deep amel.",1
r821,558,1,"PAIN, aching, dull pain (See Boring, Drawing, Distress, Digging, Gnawing, Pressing, etc.), intermittent (See Paroxysmal)",0
r822,558,1,"PAIN, aching, dull pain (See Boring, Drawing, Distress, Digging, Gnawing, Pressing, etc.), jarring (See Soreness)",0
r823,558,1,"PAIN, aching, dull pain (See Boring, Drawing, Distress, Digging, Gnawing, Pressing, etc.), labor pain, during",1
r824,558,1,"PAIN, aching, dull pain (See Boring, Drawing, Distress, Digging, Gnawing, Pressing, etc.), laughing, from",3
r825,558,1,"PAIN, aching, dull pain (See Boring, Drawing, Distress, Digging, Gnawing, Pressing, etc.), lead, from",11
r826,558,1,"PAIN, aching, dull pain (See Boring, Drawing, Distress, Digging, Gnawing, Pressing, etc.), leaning on the side",1
r827,558,1,"PAIN, aching, dull pain (See Boring, Drawing, Distress, Digging, Gnawing, Pressing, etc.), lifting, from",3
o1918,558,1,"PAIN, aching, dull pain (See Boring, Drawing, Distress, Digging, Gnawing, Pressing, etc.), lying, while",8
r829,558,2,"PAIN, aching, dull pain (See Boring, Drawing, Distress, Digging, Gnawing, Pressing, etc.), lying, while, amel.",9
r830,558,2,"PAIN, aching, dull pain (See Boring, Drawing, Distress, Digging, Gnawing, Pressing, etc.), lying, while, on abdomen, amel.",13
o1911,558,2,"PAIN, aching, dull pain (See Boring, Drawing, Distress, Digging, Gnawing, Pressing, etc.), lying, while, on back",6
r832,558,3,"PAIN, aching, dull pain (See Boring, Drawing, Distress, Digging, Gnawing, Pressing, etc.), lying, while, on back, amel.",4
r833,558,2,"PAIN, aching, dull pain (See Boring, Drawing, Distress, Digging, Gnawing, Pressing, etc.), lying, while, on side",5
r834,558,3,"PAIN, aching, dull pain (See Boring, Drawing, Distress, Digging, Gnawing, Pressing, etc.), lying, while, on side, amel.",1
h019,558,3,"PAIN, aching, dull pain (See Boring, Drawing, Distress, Digging, Gnawing, Pressing, etc.), lying, while, on side, right",4
r836,558,4,"PAIN, aching, dull pain (See Boring, Drawing, Distress, Digging, Gnawing, Pressing, etc.), lying, while, on side, right, amel.",3
r837,558,3,"PAIN, aching, dull pain (See Boring, Drawing, Distress, Digging, Gnawing, Pressing, etc.), lying, while, on side, left amel.",2
r838,559,1,"PAIN, aching, dull pain (See Boring, Drawing, Distress, Digging, Gnawing, Pressing, etc.), menses, before",56
r839,559,2,"PAIN, aching, dull pain (See Boring, Drawing, Distress, Digging, Gnawing, Pressing, etc.), menses, before, at beginning of",7
r840,559,2,"PAIN, aching, dull pain (See Boring, Drawing, Distress, Digging, Gnawing, Pressing, etc.), menses, before, extending to chest",2
o1932,559,3,"PAIN, aching, dull pain (See Boring, Drawing, Distress, Digging, Gnawing, Pressing, etc.), menses, before, extending to chest, hip to hip, from",1
o1925,559,2,"PAIN, aching, dull pain (See Boring, Drawing, Distress, Digging, Gnawing, Pressing, etc.), menses, before, during",104
r843,559,3,"PAIN, aching, dull pain (See Boring, Drawing, Distress, Digging, Gnawing, Pressing, etc.), menses, before, during, exercise amel.",1
r844,559,3,"PAIN, aching, dull pain (See Boring, Drawing, Distress, Digging, Gnawing, Pressing, etc.), menses, before, during, flow becomes free, amel. when",8
r845,559,3,"PAIN, aching, dull pain (See Boring, Drawing, Distress, Digging, Gnawing, Pressing, etc.), menses, before, during, hard, steady",1
r846,559,3,"PAIN, aching, dull pain (See Boring, Drawing, Distress, Digging, Gnawing, Pressing, etc.), menses, before, during, heat amel.",8
r847,559,3,"PAIN, aching, dull pain (See Boring, Drawing, Distress, Digging, Gnawing, Pressing, etc.), menses, before, during, rubbing back amel.",1
r848,559,2,"PAIN, aching, dull pain (See Boring, Drawing, Distress, Digging, Gnawing, Pressing, etc.), menses, before, after",18
r849,559,2,"PAIN, aching, dull pain (See Boring, Drawing, Distress, Digging, Gnawing, Pressing, etc.), menses, before, appear, as if, would",35
r850,559,3,"PAIN, aching, dull pain (See Boring, Drawing, Distress, Digging, Gnawing, Pressing, etc.), menses, before, appear, as if, would, morning",1
r851,559,3,"PAIN, aching, dull pain (See Boring, Drawing, Distress, Digging, Gnawing, Pressing, etc.), menses, before, appear, as if, would, midnight",1
r852,559,2,"PAIN, aching, dull pain (See Boring, Drawing, Distress, Digging, Gnawing, Pressing, etc.), menses, before, suppression of, from",8
r853,559,1,"PAIN, aching, dull pain (See Boring, Drawing, Distress, Digging, Gnawing, Pressing, etc.), milk, after",8
r854,559,1,"PAIN, aching, dull pain (See Boring, Drawing, Distress, Digging, Gnawing, Pressing, etc.), mortification, after",1
o1950,559,1,"PAIN, aching, dull pain (See Boring, Drawing, Distress, Digging, Gnawing, Pressing, etc.), motion, on",39
r856,559,2,"PAIN, aching, dull pain (See Boring, Drawing, Distress, Digging, Gnawing, Pressing, etc.), motion, on, amel.",9
r857,559,2,"PAIN, aching, dull pain (See Boring, Drawing, Distress, Digging, Gnawing, Pressing, etc.), motion, on, continued amel.",1
r858,559,1,"PAIN, aching, dull pain (See Boring, Drawing, Distress, Digging, Gnawing, Pressing, etc.), paroxysmal",59
r859,559,1,"PAIN, aching, dull pain (See Boring, Drawing, Distress, Digging, Gnawing, Pressing, etc.), peaches, after",1
r860,559,1,"PAIN, aching, dull pain (See Boring, Drawing, Distress, Digging, Gnawing, Pressing, etc.), periodical",16
r861,559,2,"PAIN, aching, dull pain (See Boring, Drawing, Distress, Digging, Gnawing, Pressing, etc.), periodical, every day",3
r862,559,1,"PAIN, aching, dull pain (See Boring, Drawing, Distress, Digging, Gnawing, Pressing, etc.), plums, after",1
r863,559,1,"PAIN, aching, dull pain (See Boring, Drawing, Distress, Digging, Gnawing, Pressing, etc.), potatoes, after",4
r864,559,1,"PAIN, aching, dull pain (See Boring, Drawing, Distress, Digging, Gnawing, Pressing, etc.), pregnancy, during",16
r865,559,1,"PAIN, aching, dull pain (See Boring, Drawing, Distress, Digging, Gnawing, Pressing, etc.), pressure agg.",27
r2854,559,2,"PAIN, aching, dull pain (See Boring, Drawing, Distress, Digging, Gnawing, Pressing, etc.), pressure agg., amel.",31
r867,560,1,"PAIN, aching, dull pain (See Boring, Drawing, Distress, Digging, Gnawing, Pressing, etc.), radiating",4
r868,560,2,"PAIN, aching, dull pain (See Boring, Drawing, Distress, Digging, Gnawing, Pressing, etc.), radiating, back and chest, to",1
r869,560,2,"PAIN, aching, dull pain (See Boring, Drawing, Distress, Digging, Gnawing, Pressing, etc.), radiating, to all parts of body",1
r870,560,1,"PAIN, aching, dull pain (See Boring, Drawing, Distress, Digging, Gnawing, Pressing, etc.), raising arm",1
r871,560,1,"PAIN, aching, dull pain (See Boring, Drawing, Distress, Digging, Gnawing, Pressing, etc.), reaching high",2
r872,560,1,"PAIN, aching, dull pain (See Boring, Drawing, Distress, Digging, Gnawing, Pressing, etc.), respiration, on",18
r873,560,1,"PAIN, aching, dull pain (See Boring, Drawing, Distress, Digging, Gnawing, Pressing, etc.), retraction of the umbilicus, with",2
r874,560,1,"PAIN, aching, dull pain (See Boring, Drawing, Distress, Digging, Gnawing, Pressing, etc.), riding in a carriage",6
r875,560,1,"PAIN, aching, dull pain (See Boring, Drawing, Distress, Digging, Gnawing, Pressing, etc.), rising, on",2
r876,560,2,"PAIN, aching, dull pain (See Boring, Drawing, Distress, Digging, Gnawing, Pressing, etc.), rising, on, after",3
r877,560,2,"PAIN, aching, dull pain (See Boring, Drawing, Distress, Digging, Gnawing, Pressing, etc.), rising, on, from lying amel.",2
r878,560,2,"PAIN, aching, dull pain (See Boring, Drawing, Distress, Digging, Gnawing, Pressing, etc.), rising, on, from a seat amel.",2
r879,560,1,"PAIN, aching, dull pain (See Boring, Drawing, Distress, Digging, Gnawing, Pressing, etc.), room, in, agg.",1
r880,560,1,"PAIN, aching, dull pain (See Boring, Drawing, Distress, Digging, Gnawing, Pressing, etc.), sexual excitement, during",1
r881,560,1,"PAIN, aching, dull pain (See Boring, Drawing, Distress, Digging, Gnawing, Pressing, etc.), shattered sensation",3
r882,560,1,"PAIN, aching, dull pain (See Boring, Drawing, Distress, Digging, Gnawing, Pressing, etc.), singing agg.",1
o2215,560,1,"PAIN, aching, dull pain (See Boring, Drawing, Distress, Digging, Gnawing, Pressing, etc.), sitting, while",19
r884,560,2,"PAIN, aching, dull pain (See Boring, Drawing, Distress, Digging, Gnawing, Pressing, etc.), sitting, while, amel.",6
h020,560,2,"PAIN, aching, dull pain (See Boring, Drawing, Distress, Digging, Gnawing, Pressing, etc.), sitting, while, bent",6
r886,560,3,"PAIN, aching, dull pain (See Boring, Drawing, Distress, Digging, Gnawing, Pressing, etc.), sitting, while, bent, amel.",5
r887,560,2,"PAIN, aching, dull pain (See Boring, Drawing, Distress, Digging, Gnawing, Pressing, etc.), sitting, while, erect amel.",1
r888,560,1,"PAIN, aching, dull pain (See Boring, Drawing, Distress, Digging, Gnawing, Pressing, etc.), sleep, before going to",1
h021,560,2,"PAIN, aching, dull pain (See Boring, Drawing, Distress, Digging, Gnawing, Pressing, etc.), sleep, before going to, during",2
r890,560,2,"PAIN, aching, dull pain (See Boring, Drawing, Distress, Digging, Gnawing, Pressing, etc.), sleep, before going to, amel.",3
r891,560,2,"PAIN, aching, dull pain (See Boring, Drawing, Distress, Digging, Gnawing, Pressing, etc.), sleep, before going to, interrupting sleep",2
r892,560,1,"PAIN, aching, dull pain (See Boring, Drawing, Distress, Digging, Gnawing, Pressing, etc.), sneezing, on",6
r893,560,1,"PAIN, aching, dull pain (See Boring, Drawing, Distress, Digging, Gnawing, Pressing, etc.), soup, after",1
r894,560,1,"PAIN, aching, dull pain (See Boring, Drawing, Distress, Digging, Gnawing, Pressing, etc.), speaking, after",1
h022,560,1,"PAIN, aching, dull pain (See Boring, Drawing, Distress, Digging, Gnawing, Pressing, etc.), standing, while",6
r896,560,2,"PAIN, aching, dull pain (See Boring, Drawing, Distress, Digging, Gnawing, Pressing, etc.), standing, while, amel.",1
r897,560,1,"PAIN, aching, dull pain (See Boring, Drawing, Distress, Digging, Gnawing, Pressing, etc.), stones, like sharp, rubbing together",4
r898,560,1,"PAIN, aching, dull pain (See Boring, Drawing, Distress, Digging, Gnawing, Pressing, etc.), stool, before",110
r899,560,2,"PAIN, aching, dull pain (See Boring, Drawing, Distress, Digging, Gnawing, Pressing, etc.), stool, before, during",60
o2667,560,2,"PAIN, aching, dull pain (See Boring, Drawing, Distress, Digging, Gnawing, Pressing, etc.), stool, before, diarrhœa, during",54
o2664,560,2,"PAIN, aching, dull pain (See Boring, Drawing, Distress, Digging, Gnawing, Pressing, etc.), stool, before, after",51
r904,561,3,"PAIN, aching, dull pain (See Boring, Drawing, Distress, Digging, Gnawing, Pressing, etc.), stool, before, after, amel.",33
r905,561,2,"PAIN, aching, dull pain (See Boring, Drawing, Distress, Digging, Gnawing, Pressing, etc.), stool, before, straining, while",5
r906,561,2,"PAIN, aching, dull pain (See Boring, Drawing, Distress, Digging, Gnawing, Pressing, etc.), stool, before, urging, during",7
r907,561,1,"PAIN, aching, dull pain (See Boring, Drawing, Distress, Digging, Gnawing, Pressing, etc.), stooping agg.",6
h023,561,1,"PAIN, aching, dull pain (See Boring, Drawing, Distress, Digging, Gnawing, Pressing, etc.), stretching out",2
r909,561,2,"PAIN, aching, dull pain (See Boring, Drawing, Distress, Digging, Gnawing, Pressing, etc.), stretching out, amel.",3
r910,561,1,"PAIN, aching, dull pain (See Boring, Drawing, Distress, Digging, Gnawing, Pressing, etc.), sugar, after",3
r911,561,1,"PAIN, aching, dull pain (See Boring, Drawing, Distress, Digging, Gnawing, Pressing, etc.), supper, after",10
r912,561,1,"PAIN, aching, dull pain (See Boring, Drawing, Distress, Digging, Gnawing, Pressing, etc.), suppressed hæmorrhoidal flow",1
r913,561,1,"PAIN, aching, dull pain (See Boring, Drawing, Distress, Digging, Gnawing, Pressing, etc.), tobacco, after",2
r914,561,2,"PAIN, aching, dull pain (See Boring, Drawing, Distress, Digging, Gnawing, Pressing, etc.), tobacco, after, amel.",1
r915,561,1,"PAIN, aching, dull pain (See Boring, Drawing, Distress, Digging, Gnawing, Pressing, etc.), turning the body",1
r916,561,1,"PAIN, aching, dull pain (See Boring, Drawing, Distress, Digging, Gnawing, Pressing, etc.), uncovering from",1
r917,561,1,"PAIN, aching, dull pain (See Boring, Drawing, Distress, Digging, Gnawing, Pressing, etc.), urging to urinate, with",3
r918,561,1,"PAIN, aching, dull pain (See Boring, Drawing, Distress, Digging, Gnawing, Pressing, etc.), urination, before",2
h024,561,2,"PAIN, aching, dull pain (See Boring, Drawing, Distress, Digging, Gnawing, Pressing, etc.), urination, before, during",7
o2875,561,2,"PAIN, aching, dull pain (See Boring, Drawing, Distress, Digging, Gnawing, Pressing, etc.), urination, before, after",5
r921,561,2,"PAIN, aching, dull pain (See Boring, Drawing, Distress, Digging, Gnawing, Pressing, etc.), urination, before, amel.",1
r922,561,2,"PAIN, aching, dull pain (See Boring, Drawing, Distress, Digging, Gnawing, Pressing, etc.), urination, before, prevents",1
r923,561,1,"PAIN, aching, dull pain (See Boring, Drawing, Distress, Digging, Gnawing, Pressing, etc.), vexation, after",2
r924,561,1,"PAIN, aching, dull pain (See Boring, Drawing, Distress, Digging, Gnawing, Pressing, etc.), violent",25
r925,561,1,"PAIN, aching, dull pain (See Boring, Drawing, Distress, Digging, Gnawing, Pressing, etc.), vomiting, after",2
r926,561,1,"PAIN, aching, dull pain (See Boring, Drawing, Distress, Digging, Gnawing, Pressing, etc.), waking, on",19
o2887,561,1,"PAIN, aching, dull pain (See Boring, Drawing, Distress, Digging, Gnawing, Pressing, etc.), walking, while",39
r928,561,2,"PAIN, aching, dull pain (See Boring, Drawing, Distress, Digging, Gnawing, Pressing, etc.), walking, while, amel.",10
r929,561,2,"PAIN, aching, dull pain (See Boring, Drawing, Distress, Digging, Gnawing, Pressing, etc.), walking, while, bent, compels",3
r930,561,2,"PAIN, aching, dull pain (See Boring, Drawing, Distress, Digging, Gnawing, Pressing, etc.), walking, while, rapidly",1
r931,561,1,"PAIN, aching, dull pain (See Boring, Drawing, Distress, Digging, Gnawing, Pressing, etc.), wandering",22
r932,561,2,"PAIN, aching, dull pain (See Boring, Drawing, Distress, Digging, Gnawing, Pressing, etc.), wandering, shift suddenly to distant parts",1
r933,561,1,"PAIN, aching, dull pain (See Boring, Drawing, Distress, Digging, Gnawing, Pressing, etc.), warm drinks amel.",4
o2891,561,2,"PAIN, aching, dull pain (See Boring, Drawing, Distress, Digging, Gnawing, Pressing, etc.), warm drinks amel., food, after",2
o2892,561,3,"PAIN, aching, dull pain (See Boring, Drawing, Distress, Digging, Gnawing, Pressing, etc.), warm drinks amel., food, after, amel.",2
o2893,561,2,"PAIN, aching, dull pain (See Boring, Drawing, Distress, Digging, Gnawing, Pressing, etc.), warm drinks amel., milk amel.",3
o2894,561,2,"PAIN, aching, dull pain (See Boring, Drawing, Distress, Digging, Gnawing, Pressing, etc.), warm drinks amel., room amel.",2
o2895,561,2,"PAIN, aching, dull pain (See Boring, Drawing, Distress, Digging, Gnawing, Pressing, etc.), warm drinks amel., soup amel.",2
r939,561,1,"PAIN, aching, dull pain (See Boring, Drawing, Distress, Digging, Gnawing, Pressing, etc.), warmth amel.",29
o2897,561,2,"PAIN, aching, dull pain (See Boring, Drawing, Distress, Digging, Gnawing, Pressing, etc.), warmth amel., moist, amel.",1
r941,561,1,"PAIN, aching, dull pain (See Boring, Drawing, Distress, Digging, Gnawing, Pressing, etc.), wine, after",1
r949,561,1,"PAIN, aching, dull pain (See Boring, Drawing, Distress, Digging, Gnawing, Pressing, etc.), extending across",24
h025,561,2,"PAIN, aching, dull pain (See Boring, Drawing, Distress, Digging, Gnawing, Pressing, etc.), extending across, ilium to ilium",3
o1448,561,2,"PAIN, aching, dull pain (See Boring, Drawing, Distress, Digging, Gnawing, Pressing, etc.), extending across, all parts of body",1
o1449,561,2,"PAIN, aching, dull pain (See Boring, Drawing, Distress, Digging, Gnawing, Pressing, etc.), extending across, anus",13
o1450,561,2,"PAIN, aching, dull pain (See Boring, Drawing, Distress, Digging, Gnawing, Pressing, etc.), extending across, axilla",1
o1451,561,2,"PAIN, aching, dull pain (See Boring, Drawing, Distress, Digging, Gnawing, Pressing, etc.), extending across, back",6
o1452,561,3,"PAIN, aching, dull pain (See Boring, Drawing, Distress, Digging, Gnawing, Pressing, etc.), extending across, back, small of",15
r950,562,2,"PAIN, aching, dull pain (See Boring, Drawing, Distress, Digging, Gnawing, Pressing, etc.), extending across, bladder",5
r951,562,2,"PAIN, aching, dull pain (See Boring, Drawing, Distress, Digging, Gnawing, Pressing, etc.), extending across, breast, to",1
r952,562,2,"PAIN, aching, dull pain (See Boring, Drawing, Distress, Digging, Gnawing, Pressing, etc.), extending across, chest, to",15
r953,562,3,"PAIN, aching, dull pain (See Boring, Drawing, Distress, Digging, Gnawing, Pressing, etc.), extending across, chest, to, menses, during",3
r954,562,3,"PAIN, aching, dull pain (See Boring, Drawing, Distress, Digging, Gnawing, Pressing, etc.), extending across, chest, to, stool, during",1
r955,562,2,"PAIN, aching, dull pain (See Boring, Drawing, Distress, Digging, Gnawing, Pressing, etc.), extending across, clavicle, to",1
r956,562,2,"PAIN, aching, dull pain (See Boring, Drawing, Distress, Digging, Gnawing, Pressing, etc.), extending across, distant parts",1
r957,562,2,"PAIN, aching, dull pain (See Boring, Drawing, Distress, Digging, Gnawing, Pressing, etc.), extending across, downward",23
r958,562,2,"PAIN, aching, dull pain (See Boring, Drawing, Distress, Digging, Gnawing, Pressing, etc.), extending across, feet, to",1
r959,562,2,"PAIN, aching, dull pain (See Boring, Drawing, Distress, Digging, Gnawing, Pressing, etc.), extending across, genitals, to",12
r960,562,2,"PAIN, aching, dull pain (See Boring, Drawing, Distress, Digging, Gnawing, Pressing, etc.), extending across, head, to",2
r961,562,2,"PAIN, aching, dull pain (See Boring, Drawing, Distress, Digging, Gnawing, Pressing, etc.), extending across, hips, to",2
r962,562,2,"PAIN, aching, dull pain (See Boring, Drawing, Distress, Digging, Gnawing, Pressing, etc.), extending across, inguinal region, to",5
r963,562,2,"PAIN, aching, dull pain (See Boring, Drawing, Distress, Digging, Gnawing, Pressing, etc.), extending across, kidney, to",2
r964,562,2,"PAIN, aching, dull pain (See Boring, Drawing, Distress, Digging, Gnawing, Pressing, etc.), extending across, leg, to",3
r965,562,2,"PAIN, aching, dull pain (See Boring, Drawing, Distress, Digging, Gnawing, Pressing, etc.), extending across, loins, to",2
r966,562,2,"PAIN, aching, dull pain (See Boring, Drawing, Distress, Digging, Gnawing, Pressing, etc.), extending across, lower limbs",6
r967,562,3,"PAIN, aching, dull pain (See Boring, Drawing, Distress, Digging, Gnawing, Pressing, etc.), extending across, lower limbs, left",1
r968,562,2,"PAIN, aching, dull pain (See Boring, Drawing, Distress, Digging, Gnawing, Pressing, etc.), extending across, mammæ",1
r969,562,3,"PAIN, aching, dull pain (See Boring, Drawing, Distress, Digging, Gnawing, Pressing, etc.), extending across, mammæ, right",1
o1473,562,2,"PAIN, aching, dull pain (See Boring, Drawing, Distress, Digging, Gnawing, Pressing, etc.), extending across, œsophagus",1
r971,562,2,"PAIN, aching, dull pain (See Boring, Drawing, Distress, Digging, Gnawing, Pressing, etc.), extending across, penis",2
r972,562,2,"PAIN, aching, dull pain (See Boring, Drawing, Distress, Digging, Gnawing, Pressing, etc.), extending across, perineum",1
r973,562,2,"PAIN, aching, dull pain (See Boring, Drawing, Distress, Digging, Gnawing, Pressing, etc.), extending across, pubic region",2
r974,562,3,"PAIN, aching, dull pain (See Boring, Drawing, Distress, Digging, Gnawing, Pressing, etc.), extending across, pubic region, when coughing",1
r975,562,2,"PAIN, aching, dull pain (See Boring, Drawing, Distress, Digging, Gnawing, Pressing, etc.), extending across, rectum",7
r976,562,2,"PAIN, aching, dull pain (See Boring, Drawing, Distress, Digging, Gnawing, Pressing, etc.), extending across, scrotum",1
r977,562,2,"PAIN, aching, dull pain (See Boring, Drawing, Distress, Digging, Gnawing, Pressing, etc.), extending across, shoulder",1
r978,562,2,"PAIN, aching, dull pain (See Boring, Drawing, Distress, Digging, Gnawing, Pressing, etc.), extending across, sides, to",6
r979,562,3,"PAIN, aching, dull pain (See Boring, Drawing, Distress, Digging, Gnawing, Pressing, etc.), extending across, sides, to, right",2
r980,562,3,"PAIN, aching, dull pain (See Boring, Drawing, Distress, Digging, Gnawing, Pressing, etc.), extending across, sides, to, left",3
r981,562,2,"PAIN, aching, dull pain (See Boring, Drawing, Distress, Digging, Gnawing, Pressing, etc.), extending across, spermatic cord",2
r982,562,3,"PAIN, aching, dull pain (See Boring, Drawing, Distress, Digging, Gnawing, Pressing, etc.), extending across, spermatic cord, when coughing",1
r983,562,2,"PAIN, aching, dull pain (See Boring, Drawing, Distress, Digging, Gnawing, Pressing, etc.), extending across, spine",3
r984,562,2,"PAIN, aching, dull pain (See Boring, Drawing, Distress, Digging, Gnawing, Pressing, etc.), extending across, stomach",6
r985,562,2,"PAIN, aching, dull pain (See Boring, Drawing, Distress, Digging, Gnawing, Pressing, etc.), extending across, testicles",6
r986,562,3,"PAIN, aching, dull pain (See Boring, Drawing, Distress, Digging, Gnawing, Pressing, etc.), extending across, testicles, evening, while eating",1
r987,562,3,"PAIN, aching, dull pain (See Boring, Drawing, Distress, Digging, Gnawing, Pressing, etc.), extending across, testicles, when coughing",1
r988,562,2,"PAIN, aching, dull pain (See Boring, Drawing, Distress, Digging, Gnawing, Pressing, etc.), extending across, thigh",12
r989,562,2,"PAIN, aching, dull pain (See Boring, Drawing, Distress, Digging, Gnawing, Pressing, etc.), extending across, throat",4
r990,562,2,"PAIN, aching, dull pain (See Boring, Drawing, Distress, Digging, Gnawing, Pressing, etc.), extending across, transversely",4
r991,562,2,"PAIN, aching, dull pain (See Boring, Drawing, Distress, Digging, Gnawing, Pressing, etc.), extending across, umbilicus",1
r992,562,2,"PAIN, aching, dull pain (See Boring, Drawing, Distress, Digging, Gnawing, Pressing, etc.), extending across, upward",14
r993,562,2,"PAIN, aching, dull pain (See Boring, Drawing, Distress, Digging, Gnawing, Pressing, etc.), extending across, uterus",2
r994,562,2,"PAIN, aching, dull pain (See Boring, Drawing, Distress, Digging, Gnawing, Pressing, etc.), extending across, vagina",5
r995,562,1,"PAIN, aching, dull pain (See Boring, Drawing, Distress, Digging, Gnawing, Pressing, etc.), Colon, the whole length of the",1
r996,562,1,"PAIN, aching, dull pain (See Boring, Drawing, Distress, Digging, Gnawing, Pressing, etc.), Hip, region of",6
r997,562,2,"PAIN, aching, dull pain (See Boring, Drawing, Distress, Digging, Gnawing, Pressing, etc.), Hip, region of, walking, while",1
r998,562,2,"PAIN, aching, dull pain (See Boring, Drawing, Distress, Digging, Gnawing, Pressing, etc.), Hip, region of, extending from hip to hip before menses",2
r999,562,1,"PAIN, aching, dull pain (See Boring, Drawing, Distress, Digging, Gnawing, Pressing, etc.), Hypochondria",122
r1000,563,2,"PAIN, aching, dull pain (See Boring, Drawing, Distress, Digging, Gnawing, Pressing, etc.), Hypochondria, right",63
r1001,563,3,"PAIN, aching, dull pain (See Boring, Drawing, Distress, Digging, Gnawing, Pressing, etc.), Hypochondria, right, bending to left agg.",1
r1002,563,3,"PAIN, aching, dull pain (See Boring, Drawing, Distress, Digging, Gnawing, Pressing, etc.), Hypochondria, right, coughing, on",8
r1003,563,3,"PAIN, aching, dull pain (See Boring, Drawing, Distress, Digging, Gnawing, Pressing, etc.), Hypochondria, right, eating to satiety, after",1
o1611,563,4,"PAIN, aching, dull pain (See Boring, Drawing, Distress, Digging, Gnawing, Pressing, etc.), Hypochondria, right, eating to satiety, after, amel.",1
r1005,563,3,"PAIN, aching, dull pain (See Boring, Drawing, Distress, Digging, Gnawing, Pressing, etc.), Hypochondria, right, lying on painful side agg.",6
o1614,563,4,"PAIN, aching, dull pain (See Boring, Drawing, Distress, Digging, Gnawing, Pressing, etc.), Hypochondria, right, lying on painful side agg., amel.",3
o1615,563,4,"PAIN, aching, dull pain (See Boring, Drawing, Distress, Digging, Gnawing, Pressing, etc.), Hypochondria, right, lying on painful side agg., can lie only on abdomen",1
o1616,563,4,"PAIN, aching, dull pain (See Boring, Drawing, Distress, Digging, Gnawing, Pressing, etc.), Hypochondria, right, lying on painful side agg., on painless side amel.",1
r1009,563,3,"PAIN, aching, dull pain (See Boring, Drawing, Distress, Digging, Gnawing, Pressing, etc.), Hypochondria, right, extending to back",10
r1010,563,3,"PAIN, aching, dull pain (See Boring, Drawing, Distress, Digging, Gnawing, Pressing, etc.), Hypochondria, right, to left",2
r1011,563,2,"PAIN, aching, dull pain (See Boring, Drawing, Distress, Digging, Gnawing, Pressing, etc.), Hypochondria, left",19
r1012,563,3,"PAIN, aching, dull pain (See Boring, Drawing, Distress, Digging, Gnawing, Pressing, etc.), Hypochondria, left, chill, during",1
r1013,563,3,"PAIN, aching, dull pain (See Boring, Drawing, Distress, Digging, Gnawing, Pressing, etc.), Hypochondria, left, coughing, on",6
r1014,563,3,"PAIN, aching, dull pain (See Boring, Drawing, Distress, Digging, Gnawing, Pressing, etc.), Hypochondria, left, eating amel.",1
r1015,563,3,"PAIN, aching, dull pain (See Boring, Drawing, Distress, Digging, Gnawing, Pressing, etc.), Hypochondria, left, lying on left side agg.",3
h026,563,4,"PAIN, aching, dull pain (See Boring, Drawing, Distress, Digging, Gnawing, Pressing, etc.), Hypochondria, left, lying on left side agg., amel.",1
o1581,563,4,"PAIN, aching, dull pain (See Boring, Drawing, Distress, Digging, Gnawing, Pressing, etc.), Hypochondria, left, lying on left side agg., on right side",1
r1018,563,3,"PAIN, aching, dull pain (See Boring, Drawing, Distress, Digging, Gnawing, Pressing, etc.), Hypochondria, left, extending to right",1
o1578,563,4,"PAIN, aching, dull pain (See Boring, Drawing, Distress, Digging, Gnawing, Pressing, etc.), Hypochondria, left, extending to right, to back",2
r1020,563,2,"PAIN, aching, dull pain (See Boring, Drawing, Distress, Digging, Gnawing, Pressing, etc.), Hypochondria, morning",9
r1021,563,2,"PAIN, aching, dull pain (See Boring, Drawing, Distress, Digging, Gnawing, Pressing, etc.), Hypochondria, forenoon",4
r1022,563,2,"PAIN, aching, dull pain (See Boring, Drawing, Distress, Digging, Gnawing, Pressing, etc.), Hypochondria, noon",1
r1023,563,2,"PAIN, aching, dull pain (See Boring, Drawing, Distress, Digging, Gnawing, Pressing, etc.), Hypochondria, afternoon",3
r1024,563,3,"PAIN, aching, dull pain (See Boring, Drawing, Distress, Digging, Gnawing, Pressing, etc.), Hypochondria, afternoon, 2 p.m.",1
r1025,563,3,"PAIN, aching, dull pain (See Boring, Drawing, Distress, Digging, Gnawing, Pressing, etc.), Hypochondria, afternoon, 3 p.m.",2
r1026,563,2,"PAIN, aching, dull pain (See Boring, Drawing, Distress, Digging, Gnawing, Pressing, etc.), Hypochondria, evening",14
r1027,563,2,"PAIN, aching, dull pain (See Boring, Drawing, Distress, Digging, Gnawing, Pressing, etc.), Hypochondria, night",8
r1028,563,3,"PAIN, aching, dull pain (See Boring, Drawing, Distress, Digging, Gnawing, Pressing, etc.), Hypochondria, night, bed, in",5
r1029,563,3,"PAIN, aching, dull pain (See Boring, Drawing, Distress, Digging, Gnawing, Pressing, etc.), Hypochondria, night, waking, on",1
r1030,563,3,"PAIN, aching, dull pain (See Boring, Drawing, Distress, Digging, Gnawing, Pressing, etc.), Hypochondria, night, midnight",1
r1031,563,4,"PAIN, aching, dull pain (See Boring, Drawing, Distress, Digging, Gnawing, Pressing, etc.), Hypochondria, night, midnight, while lying on side",1
r1032,563,3,"PAIN, aching, dull pain (See Boring, Drawing, Distress, Digging, Gnawing, Pressing, etc.), Hypochondria, night, 3 a.m.",1
r1033,563,2,"PAIN, aching, dull pain (See Boring, Drawing, Distress, Digging, Gnawing, Pressing, etc.), Hypochondria, alternating with oppression of chest",1
r1034,563,2,"PAIN, aching, dull pain (See Boring, Drawing, Distress, Digging, Gnawing, Pressing, etc.), Hypochondria, bed, in",6
o64408,563,2,"PAIN, aching, dull pain (See Boring, Drawing, Distress, Digging, Gnawing, Pressing, etc.), Hypochondria, bending body forward",1
r1036,563,3,"PAIN, aching, dull pain (See Boring, Drawing, Distress, Digging, Gnawing, Pressing, etc.), Hypochondria, bending body forward, amel.",2
o1539,563,3,"PAIN, aching, dull pain (See Boring, Drawing, Distress, Digging, Gnawing, Pressing, etc.), Hypochondria, bending body forward, to that side amel.",1
h027,563,3,"PAIN, aching, dull pain (See Boring, Drawing, Distress, Digging, Gnawing, Pressing, etc.), Hypochondria, bending body forward, left",1
r1039,563,2,"PAIN, aching, dull pain (See Boring, Drawing, Distress, Digging, Gnawing, Pressing, etc.), Hypochondria, breakfast, after",1
r1040,563,2,"PAIN, aching, dull pain (See Boring, Drawing, Distress, Digging, Gnawing, Pressing, etc.), Hypochondria, breathing",7
r1041,563,2,"PAIN, aching, dull pain (See Boring, Drawing, Distress, Digging, Gnawing, Pressing, etc.), Hypochondria, coughing, from",21
r1042,563,2,"PAIN, aching, dull pain (See Boring, Drawing, Distress, Digging, Gnawing, Pressing, etc.), Hypochondria, dancing, after",7
r1043,563,2,"PAIN, aching, dull pain (See Boring, Drawing, Distress, Digging, Gnawing, Pressing, etc.), Hypochondria, drinking, after",1
r1044,563,2,"PAIN, aching, dull pain (See Boring, Drawing, Distress, Digging, Gnawing, Pressing, etc.), Hypochondria, eating, after",6
r1045,563,3,"PAIN, aching, dull pain (See Boring, Drawing, Distress, Digging, Gnawing, Pressing, etc.), Hypochondria, eating, after, amel.",1
r1046,563,2,"PAIN, aching, dull pain (See Boring, Drawing, Distress, Digging, Gnawing, Pressing, etc.), Hypochondria, eructation amel.",1
r1047,563,2,"PAIN, aching, dull pain (See Boring, Drawing, Distress, Digging, Gnawing, Pressing, etc.), Hypochondria, exercising, on",2
r1048,563,2,"PAIN, aching, dull pain (See Boring, Drawing, Distress, Digging, Gnawing, Pressing, etc.), Hypochondria, expiration",1
r1049,563,2,"PAIN, aching, dull pain (See Boring, Drawing, Distress, Digging, Gnawing, Pressing, etc.), Hypochondria, inspiration",9
r1050,563,2,"PAIN, aching, dull pain (See Boring, Drawing, Distress, Digging, Gnawing, Pressing, etc.), Hypochondria, jarring agg.",5
h028,563,2,"PAIN, aching, dull pain (See Boring, Drawing, Distress, Digging, Gnawing, Pressing, etc.), Hypochondria, lying on back",1
r1052,564,3,"PAIN, aching, dull pain (See Boring, Drawing, Distress, Digging, Gnawing, Pressing, etc.), Hypochondria, lying on back, amel.",1
r1053,564,2,"PAIN, aching, dull pain (See Boring, Drawing, Distress, Digging, Gnawing, Pressing, etc.), Hypochondria, lying on painful side agg.",4
o1585,564,3,"PAIN, aching, dull pain (See Boring, Drawing, Distress, Digging, Gnawing, Pressing, etc.), Hypochondria, lying on painful side agg., amel.",3
o1588,564,3,"PAIN, aching, dull pain (See Boring, Drawing, Distress, Digging, Gnawing, Pressing, etc.), Hypochondria, lying on painful side agg., right side agg.",5
o1586,564,3,"PAIN, aching, dull pain (See Boring, Drawing, Distress, Digging, Gnawing, Pressing, etc.), Hypochondria, lying on painful side agg., left side agg.",7
o1587,564,4,"PAIN, aching, dull pain (See Boring, Drawing, Distress, Digging, Gnawing, Pressing, etc.), Hypochondria, lying on painful side agg., left side agg., amel.",1
r1058,564,2,"PAIN, aching, dull pain (See Boring, Drawing, Distress, Digging, Gnawing, Pressing, etc.), Hypochondria, menses, before",2
r1059,564,3,"PAIN, aching, dull pain (See Boring, Drawing, Distress, Digging, Gnawing, Pressing, etc.), Hypochondria, menses, before, during",1
r1060,564,3,"PAIN, aching, dull pain (See Boring, Drawing, Distress, Digging, Gnawing, Pressing, etc.), Hypochondria, menses, before, after",1
r1061,564,2,"PAIN, aching, dull pain (See Boring, Drawing, Distress, Digging, Gnawing, Pressing, etc.), Hypochondria, motion, from",9
r1062,564,3,"PAIN, aching, dull pain (See Boring, Drawing, Distress, Digging, Gnawing, Pressing, etc.), Hypochondria, motion, from, rapid",1
r1063,564,2,"PAIN, aching, dull pain (See Boring, Drawing, Distress, Digging, Gnawing, Pressing, etc.), Hypochondria, paroxysmal",9
h029,564,2,"PAIN, aching, dull pain (See Boring, Drawing, Distress, Digging, Gnawing, Pressing, etc.), Hypochondria, pressure, from",4
r1065,564,3,"PAIN, aching, dull pain (See Boring, Drawing, Distress, Digging, Gnawing, Pressing, etc.), Hypochondria, pressure, from, amel.",1
r1066,564,3,"PAIN, aching, dull pain (See Boring, Drawing, Distress, Digging, Gnawing, Pressing, etc.), Hypochondria, pressure, from, clothing agg.",12
r1067,564,2,"PAIN, aching, dull pain (See Boring, Drawing, Distress, Digging, Gnawing, Pressing, etc.), Hypochondria, riding, from",2
r1068,564,2,"PAIN, aching, dull pain (See Boring, Drawing, Distress, Digging, Gnawing, Pressing, etc.), Hypochondria, rising, on",3
r1069,564,2,"PAIN, aching, dull pain (See Boring, Drawing, Distress, Digging, Gnawing, Pressing, etc.), Hypochondria, rubbing amel.",1
r1070,564,2,"PAIN, aching, dull pain (See Boring, Drawing, Distress, Digging, Gnawing, Pressing, etc.), Hypochondria, running, after",1
r1071,564,2,"PAIN, aching, dull pain (See Boring, Drawing, Distress, Digging, Gnawing, Pressing, etc.), Hypochondria, sitting bent forward",1
o1622,564,3,"PAIN, aching, dull pain (See Boring, Drawing, Distress, Digging, Gnawing, Pressing, etc.), Hypochondria, sitting bent forward, while",5
h030,564,2,"PAIN, aching, dull pain (See Boring, Drawing, Distress, Digging, Gnawing, Pressing, etc.), Hypochondria, standing, on",3
r1074,564,3,"PAIN, aching, dull pain (See Boring, Drawing, Distress, Digging, Gnawing, Pressing, etc.), Hypochondria, standing, on, amel.",1
r1075,564,2,"PAIN, aching, dull pain (See Boring, Drawing, Distress, Digging, Gnawing, Pressing, etc.), Hypochondria, stool, before",2
h031,564,3,"PAIN, aching, dull pain (See Boring, Drawing, Distress, Digging, Gnawing, Pressing, etc.), Hypochondria, stool, before, after",1
r1077,564,4,"PAIN, aching, dull pain (See Boring, Drawing, Distress, Digging, Gnawing, Pressing, etc.), Hypochondria, stool, before, after, amel.",1
r1078,564,2,"PAIN, aching, dull pain (See Boring, Drawing, Distress, Digging, Gnawing, Pressing, etc.), Hypochondria, stooping, on",6
r1079,564,2,"PAIN, aching, dull pain (See Boring, Drawing, Distress, Digging, Gnawing, Pressing, etc.), Hypochondria, turning the body",1
r1080,564,2,"PAIN, aching, dull pain (See Boring, Drawing, Distress, Digging, Gnawing, Pressing, etc.), Hypochondria, waking, on",2
o1632,564,2,"PAIN, aching, dull pain (See Boring, Drawing, Distress, Digging, Gnawing, Pressing, etc.), Hypochondria, walking, while",15
r1082,564,3,"PAIN, aching, dull pain (See Boring, Drawing, Distress, Digging, Gnawing, Pressing, etc.), Hypochondria, walking, while, amel.",3
r1083,564,2,"PAIN, aching, dull pain (See Boring, Drawing, Distress, Digging, Gnawing, Pressing, etc.), Hypochondria, writing, while",1
r1084,564,2,"PAIN, aching, dull pain (See Boring, Drawing, Distress, Digging, Gnawing, Pressing, etc.), Hypochondria, extending to abdomen",2
o1553,564,3,"PAIN, aching, dull pain (See Boring, Drawing, Distress, Digging, Gnawing, Pressing, etc.), Hypochondria, extending to abdomen, backward",20
o1552,564,3,"PAIN, aching, dull pain (See Boring, Drawing, Distress, Digging, Gnawing, Pressing, etc.), Hypochondria, extending to abdomen, back, across the",1
o1554,564,3,"PAIN, aching, dull pain (See Boring, Drawing, Distress, Digging, Gnawing, Pressing, etc.), Hypochondria, extending to abdomen, chest",2
o1555,564,3,"PAIN, aching, dull pain (See Boring, Drawing, Distress, Digging, Gnawing, Pressing, etc.), Hypochondria, extending to abdomen, downward",7
o1567,564,3,"PAIN, aching, dull pain (See Boring, Drawing, Distress, Digging, Gnawing, Pressing, etc.), Hypochondria, extending to abdomen, to genitals",1
o1556,564,3,"PAIN, aching, dull pain (See Boring, Drawing, Distress, Digging, Gnawing, Pressing, etc.), Hypochondria, extending to abdomen, forward",1
o1557,564,3,"PAIN, aching, dull pain (See Boring, Drawing, Distress, Digging, Gnawing, Pressing, etc.), Hypochondria, extending to abdomen, hip",2
o1558,564,3,"PAIN, aching, dull pain (See Boring, Drawing, Distress, Digging, Gnawing, Pressing, etc.), Hypochondria, extending to abdomen, ilium, to",2
o1559,564,3,"PAIN, aching, dull pain (See Boring, Drawing, Distress, Digging, Gnawing, Pressing, etc.), Hypochondria, extending to abdomen, lumbar region",2
o1560,564,3,"PAIN, aching, dull pain (See Boring, Drawing, Distress, Digging, Gnawing, Pressing, etc.), Hypochondria, extending to abdomen, outward",2
o1561,564,3,"PAIN, aching, dull pain (See Boring, Drawing, Distress, Digging, Gnawing, Pressing, etc.), Hypochondria, extending to abdomen, sacrum",1
o1562,564,3,"PAIN, aching, dull pain (See Boring, Drawing, Distress, Digging, Gnawing, Pressing, etc.), Hypochondria, extending to abdomen, scapula",5
o1563,564,3,"PAIN, aching, dull pain (See Boring, Drawing, Distress, Digging, Gnawing, Pressing, etc.), Hypochondria, extending to abdomen, shoulder",3
o1564,564,3,"PAIN, aching, dull pain (See Boring, Drawing, Distress, Digging, Gnawing, Pressing, etc.), Hypochondria, extending to abdomen, spine",1
o1565,564,3,"PAIN, aching, dull pain (See Boring, Drawing, Distress, Digging, Gnawing, Pressing, etc.), Hypochondria, extending to abdomen, stomach",2
o1566,564,3,"PAIN, aching, dull pain (See Boring, Drawing, Distress, Digging, Gnawing, Pressing, etc.), Hypochondria, extending to abdomen, thighs",1
o1568,564,3,"PAIN, aching, dull pain (See Boring, Drawing, Distress, Digging, Gnawing, Pressing, etc.), Hypochondria, extending to abdomen, umbilicus",2
o1569,564,3,"PAIN, aching, dull pain (See Boring, Drawing, Distress, Digging, Gnawing, Pressing, etc.), Hypochondria, extending to abdomen, upward",4
r1103,564,1,"PAIN, aching, dull pain (See Boring, Drawing, Distress, Digging, Gnawing, Pressing, etc.), Hypogastrium",100
r1104,564,2,"PAIN, aching, dull pain (See Boring, Drawing, Distress, Digging, Gnawing, Pressing, etc.), Hypogastrium, right",2
r1105,565,2,"PAIN, aching, dull pain (See Boring, Drawing, Distress, Digging, Gnawing, Pressing, etc.), Hypogastrium, morning",7
r1106,565,2,"PAIN, aching, dull pain (See Boring, Drawing, Distress, Digging, Gnawing, Pressing, etc.), Hypogastrium, forenoon",4
r1107,565,2,"PAIN, aching, dull pain (See Boring, Drawing, Distress, Digging, Gnawing, Pressing, etc.), Hypogastrium, afternoon",2
r1108,565,3,"PAIN, aching, dull pain (See Boring, Drawing, Distress, Digging, Gnawing, Pressing, etc.), Hypogastrium, afternoon, 2 p.m.",1
h032,565,2,"PAIN, aching, dull pain (See Boring, Drawing, Distress, Digging, Gnawing, Pressing, etc.), Hypogastrium, evening",4
r1110,565,3,"PAIN, aching, dull pain (See Boring, Drawing, Distress, Digging, Gnawing, Pressing, etc.), Hypogastrium, evening, amel.",1
r1111,565,2,"PAIN, aching, dull pain (See Boring, Drawing, Distress, Digging, Gnawing, Pressing, etc.), Hypogastrium, night",9
r1112,565,2,"PAIN, aching, dull pain (See Boring, Drawing, Distress, Digging, Gnawing, Pressing, etc.), Hypogastrium, breathing, on",3
r1113,565,2,"PAIN, aching, dull pain (See Boring, Drawing, Distress, Digging, Gnawing, Pressing, etc.), Hypogastrium, coition, after",1
r1114,565,2,"PAIN, aching, dull pain (See Boring, Drawing, Distress, Digging, Gnawing, Pressing, etc.), Hypogastrium, cold drinks, after",1
r1115,565,2,"PAIN, aching, dull pain (See Boring, Drawing, Distress, Digging, Gnawing, Pressing, etc.), Hypogastrium, coughing, on",11
r1116,565,2,"PAIN, aching, dull pain (See Boring, Drawing, Distress, Digging, Gnawing, Pressing, etc.), Hypogastrium, desire to urinate be delayed, if",8
r1117,565,2,"PAIN, aching, dull pain (See Boring, Drawing, Distress, Digging, Gnawing, Pressing, etc.), Hypogastrium, dinner, after",1
r1118,565,2,"PAIN, aching, dull pain (See Boring, Drawing, Distress, Digging, Gnawing, Pressing, etc.), Hypogastrium, doubling up",1
r1119,565,2,"PAIN, aching, dull pain (See Boring, Drawing, Distress, Digging, Gnawing, Pressing, etc.), Hypogastrium, eating, after, amel.",3
r1120,565,2,"PAIN, aching, dull pain (See Boring, Drawing, Distress, Digging, Gnawing, Pressing, etc.), Hypogastrium, exertion, on",1
r1121,565,2,"PAIN, aching, dull pain (See Boring, Drawing, Distress, Digging, Gnawing, Pressing, etc.), Hypogastrium, inspiration, on",2
r1122,565,2,"PAIN, aching, dull pain (See Boring, Drawing, Distress, Digging, Gnawing, Pressing, etc.), Hypogastrium, jarring agg.",1
r1123,565,2,"PAIN, aching, dull pain (See Boring, Drawing, Distress, Digging, Gnawing, Pressing, etc.), Hypogastrium, lying, while",2
r1124,565,3,"PAIN, aching, dull pain (See Boring, Drawing, Distress, Digging, Gnawing, Pressing, etc.), Hypogastrium, lying, while, on abdomen amel.",1
r1125,565,3,"PAIN, aching, dull pain (See Boring, Drawing, Distress, Digging, Gnawing, Pressing, etc.), Hypogastrium, lying, while, on back agg.",2
r1126,565,3,"PAIN, aching, dull pain (See Boring, Drawing, Distress, Digging, Gnawing, Pressing, etc.), Hypogastrium, lying, while, on side with limbs drawn up amel.",1
r1127,565,2,"PAIN, aching, dull pain (See Boring, Drawing, Distress, Digging, Gnawing, Pressing, etc.), Hypogastrium, menses, before",21
r1128,565,3,"PAIN, aching, dull pain (See Boring, Drawing, Distress, Digging, Gnawing, Pressing, etc.), Hypogastrium, menses, before, extending to back",2
o1669,565,4,"PAIN, aching, dull pain (See Boring, Drawing, Distress, Digging, Gnawing, Pressing, etc.), Hypogastrium, menses, before, extending to back, umbilicus",4
r1130,565,3,"PAIN, aching, dull pain (See Boring, Drawing, Distress, Digging, Gnawing, Pressing, etc.), Hypogastrium, menses, before, during",44
r1131,565,3,"PAIN, aching, dull pain (See Boring, Drawing, Distress, Digging, Gnawing, Pressing, etc.), Hypogastrium, menses, before, after",8
r1132,565,2,"PAIN, aching, dull pain (See Boring, Drawing, Distress, Digging, Gnawing, Pressing, etc.), Hypogastrium, motion",4
r1133,565,2,"PAIN, aching, dull pain (See Boring, Drawing, Distress, Digging, Gnawing, Pressing, etc.), Hypogastrium, paroxysmal",17
r1134,565,2,"PAIN, aching, dull pain (See Boring, Drawing, Distress, Digging, Gnawing, Pressing, etc.), Hypogastrium, riding in a carriage",1
r1135,565,2,"PAIN, aching, dull pain (See Boring, Drawing, Distress, Digging, Gnawing, Pressing, etc.), Hypogastrium, sitting, while",3
r1136,565,3,"PAIN, aching, dull pain (See Boring, Drawing, Distress, Digging, Gnawing, Pressing, etc.), Hypogastrium, sitting, while, erect",1
r1137,565,2,"PAIN, aching, dull pain (See Boring, Drawing, Distress, Digging, Gnawing, Pressing, etc.), Hypogastrium, standing, while",2
r1138,565,2,"PAIN, aching, dull pain (See Boring, Drawing, Distress, Digging, Gnawing, Pressing, etc.), Hypogastrium, stool, before",6
r1139,565,3,"PAIN, aching, dull pain (See Boring, Drawing, Distress, Digging, Gnawing, Pressing, etc.), Hypogastrium, stool, before, during",2
r1140,565,3,"PAIN, aching, dull pain (See Boring, Drawing, Distress, Digging, Gnawing, Pressing, etc.), Hypogastrium, stool, before, after",5
r1141,565,2,"PAIN, aching, dull pain (See Boring, Drawing, Distress, Digging, Gnawing, Pressing, etc.), Hypogastrium, stooping, on",2
r1142,565,2,"PAIN, aching, dull pain (See Boring, Drawing, Distress, Digging, Gnawing, Pressing, etc.), Hypogastrium, supper, after, amel.",1
r1143,565,2,"PAIN, aching, dull pain (See Boring, Drawing, Distress, Digging, Gnawing, Pressing, etc.), Hypogastrium, touch of clothing",1
r1144,565,2,"PAIN, aching, dull pain (See Boring, Drawing, Distress, Digging, Gnawing, Pressing, etc.), Hypogastrium, ulcerative",1
r1145,565,2,"PAIN, aching, dull pain (See Boring, Drawing, Distress, Digging, Gnawing, Pressing, etc.), Hypogastrium, urination amel.",2
r1146,565,2,"PAIN, aching, dull pain (See Boring, Drawing, Distress, Digging, Gnawing, Pressing, etc.), Hypogastrium, walking",4
r1147,565,3,"PAIN, aching, dull pain (See Boring, Drawing, Distress, Digging, Gnawing, Pressing, etc.), Hypogastrium, walking, amel.",1
r1148,565,3,"PAIN, aching, dull pain (See Boring, Drawing, Distress, Digging, Gnawing, Pressing, etc.), Hypogastrium, walking, in open air",2
r1149,565,2,"PAIN, aching, dull pain (See Boring, Drawing, Distress, Digging, Gnawing, Pressing, etc.), Hypogastrium, warmth amel.",3
r1150,565,2,"PAIN, aching, dull pain (See Boring, Drawing, Distress, Digging, Gnawing, Pressing, etc.), Hypogastrium, extending to back",4
o1649,565,3,"PAIN, aching, dull pain (See Boring, Drawing, Distress, Digging, Gnawing, Pressing, etc.), Hypogastrium, extending to back, groin",2
o1650,565,3,"PAIN, aching, dull pain (See Boring, Drawing, Distress, Digging, Gnawing, Pressing, etc.), Hypogastrium, extending to back, loins",1
o1651,565,3,"PAIN, aching, dull pain (See Boring, Drawing, Distress, Digging, Gnawing, Pressing, etc.), Hypogastrium, extending to back, lower limbs with painful tingling",1
o1652,565,3,"PAIN, aching, dull pain (See Boring, Drawing, Distress, Digging, Gnawing, Pressing, etc.), Hypogastrium, extending to back, right to left",1
o1653,565,3,"PAIN, aching, dull pain (See Boring, Drawing, Distress, Digging, Gnawing, Pressing, etc.), Hypogastrium, extending to back, sacrum",1
o1654,565,3,"PAIN, aching, dull pain (See Boring, Drawing, Distress, Digging, Gnawing, Pressing, etc.), Hypogastrium, extending to back, sides",1
o1655,565,3,"PAIN, aching, dull pain (See Boring, Drawing, Distress, Digging, Gnawing, Pressing, etc.), Hypogastrium, extending to back, stomach",2
o1656,565,3,"PAIN, aching, dull pain (See Boring, Drawing, Distress, Digging, Gnawing, Pressing, etc.), Hypogastrium, extending to back, thighs",3
o1657,565,3,"PAIN, aching, dull pain (See Boring, Drawing, Distress, Digging, Gnawing, Pressing, etc.), Hypogastrium, extending to back, umbilicus",4
o1658,565,3,"PAIN, aching, dull pain (See Boring, Drawing, Distress, Digging, Gnawing, Pressing, etc.), Hypogastrium, extending to back, vagina",1
r1161,565,1,"PAIN, aching, dull pain (See Boring, Drawing, Distress, Digging, Gnawing, Pressing, etc.), Ilio-cæcal region",22
o1694,565,2,"PAIN, aching, dull pain (See Boring, Drawing, Distress, Digging, Gnawing, Pressing, etc.), Ilio-cæcal region, turning on right side agg.",1
r1163,565,1,"PAIN, aching, dull pain (See Boring, Drawing, Distress, Digging, Gnawing, Pressing, etc.), Iliac region",31
r1164,566,2,"PAIN, aching, dull pain (See Boring, Drawing, Distress, Digging, Gnawing, Pressing, etc.), Iliac region, right",7
r1165,566,2,"PAIN, aching, dull pain (See Boring, Drawing, Distress, Digging, Gnawing, Pressing, etc.), Iliac region, left",13
r1166,566,2,"PAIN, aching, dull pain (See Boring, Drawing, Distress, Digging, Gnawing, Pressing, etc.), Iliac region, morning",1
r1167,566,3,"PAIN, aching, dull pain (See Boring, Drawing, Distress, Digging, Gnawing, Pressing, etc.), Iliac region, morning, stool, before",1
r1168,566,2,"PAIN, aching, dull pain (See Boring, Drawing, Distress, Digging, Gnawing, Pressing, etc.), Iliac region, noon",1
r1169,566,2,"PAIN, aching, dull pain (See Boring, Drawing, Distress, Digging, Gnawing, Pressing, etc.), Iliac region, evening",5
r1170,566,3,"PAIN, aching, dull pain (See Boring, Drawing, Distress, Digging, Gnawing, Pressing, etc.), Iliac region, evening, supper, after",1
r1171,566,2,"PAIN, aching, dull pain (See Boring, Drawing, Distress, Digging, Gnawing, Pressing, etc.), Iliac region, night",2
r1172,566,3,"PAIN, aching, dull pain (See Boring, Drawing, Distress, Digging, Gnawing, Pressing, etc.), Iliac region, night, 11 p.m.",1
r1173,566,2,"PAIN, aching, dull pain (See Boring, Drawing, Distress, Digging, Gnawing, Pressing, etc.), Iliac region, bending, on",1
r1174,566,2,"PAIN, aching, dull pain (See Boring, Drawing, Distress, Digging, Gnawing, Pressing, etc.), Iliac region, breakfast, after",1
r1175,566,2,"PAIN, aching, dull pain (See Boring, Drawing, Distress, Digging, Gnawing, Pressing, etc.), Iliac region, coughing, on",2
r1176,566,2,"PAIN, aching, dull pain (See Boring, Drawing, Distress, Digging, Gnawing, Pressing, etc.), Iliac region, dinner, after",1
r1177,566,2,"PAIN, aching, dull pain (See Boring, Drawing, Distress, Digging, Gnawing, Pressing, etc.), Iliac region, eating amel.",1
r1178,566,2,"PAIN, aching, dull pain (See Boring, Drawing, Distress, Digging, Gnawing, Pressing, etc.), Iliac region, lying on left side",2
r1179,566,2,"PAIN, aching, dull pain (See Boring, Drawing, Distress, Digging, Gnawing, Pressing, etc.), Iliac region, motion, on",2
r1180,566,2,"PAIN, aching, dull pain (See Boring, Drawing, Distress, Digging, Gnawing, Pressing, etc.), Iliac region, paroxysmal",1
r1181,566,2,"PAIN, aching, dull pain (See Boring, Drawing, Distress, Digging, Gnawing, Pressing, etc.), Iliac region, pressure amel.",1
r1182,566,2,"PAIN, aching, dull pain (See Boring, Drawing, Distress, Digging, Gnawing, Pressing, etc.), Iliac region, raising arm",1
r1183,566,2,"PAIN, aching, dull pain (See Boring, Drawing, Distress, Digging, Gnawing, Pressing, etc.), Iliac region, sitting, while",1
r1184,566,2,"PAIN, aching, dull pain (See Boring, Drawing, Distress, Digging, Gnawing, Pressing, etc.), Iliac region, stool, before",1
r1185,566,2,"PAIN, aching, dull pain (See Boring, Drawing, Distress, Digging, Gnawing, Pressing, etc.), Iliac region, supper, after",1
r1186,566,2,"PAIN, aching, dull pain (See Boring, Drawing, Distress, Digging, Gnawing, Pressing, etc.), Iliac region, walking, while",1
r1187,566,3,"PAIN, aching, dull pain (See Boring, Drawing, Distress, Digging, Gnawing, Pressing, etc.), Iliac region, walking, while, in open air amel.",1
r1188,566,3,"PAIN, aching, dull pain (See Boring, Drawing, Distress, Digging, Gnawing, Pressing, etc.), Iliac region, walking, while, in room",1
r1189,566,2,"PAIN, aching, dull pain (See Boring, Drawing, Distress, Digging, Gnawing, Pressing, etc.), Iliac region, extending ilium to ilium",3
o1705,566,3,"PAIN, aching, dull pain (See Boring, Drawing, Distress, Digging, Gnawing, Pressing, etc.), Iliac region, extending ilium to ilium, to knee",1
o1704,566,3,"PAIN, aching, dull pain (See Boring, Drawing, Distress, Digging, Gnawing, Pressing, etc.), Iliac region, extending ilium to ilium, thighs, down",1
r1192,566,1,"PAIN, aching, dull pain (See Boring, Drawing, Distress, Digging, Gnawing, Pressing, etc.), Ilium, crest of",21
r1193,566,2,"PAIN, aching, dull pain (See Boring, Drawing, Distress, Digging, Gnawing, Pressing, etc.), Ilium, crest of, left",1
r1194,566,2,"PAIN, aching, dull pain (See Boring, Drawing, Distress, Digging, Gnawing, Pressing, etc.), Ilium, crest of, morning",1
r1195,566,2,"PAIN, aching, dull pain (See Boring, Drawing, Distress, Digging, Gnawing, Pressing, etc.), Ilium, crest of, night",1
r1196,566,2,"PAIN, aching, dull pain (See Boring, Drawing, Distress, Digging, Gnawing, Pressing, etc.), Ilium, crest of, coughing",1
r1197,566,2,"PAIN, aching, dull pain (See Boring, Drawing, Distress, Digging, Gnawing, Pressing, etc.), Ilium, crest of, motion",1
r1198,566,2,"PAIN, aching, dull pain (See Boring, Drawing, Distress, Digging, Gnawing, Pressing, etc.), Ilium, crest of, pressure amel.",1
r1199,566,2,"PAIN, aching, dull pain (See Boring, Drawing, Distress, Digging, Gnawing, Pressing, etc.), Ilium, crest of, raising arm",1
r1200,566,2,"PAIN, aching, dull pain (See Boring, Drawing, Distress, Digging, Gnawing, Pressing, etc.), Ilium, crest of, rising from seat",1
r1201,566,2,"PAIN, aching, dull pain (See Boring, Drawing, Distress, Digging, Gnawing, Pressing, etc.), Ilium, crest of, sitting, while",2
h033,566,2,"PAIN, aching, dull pain (See Boring, Drawing, Distress, Digging, Gnawing, Pressing, etc.), Ilium, crest of, walking",2
r1203,566,3,"PAIN, aching, dull pain (See Boring, Drawing, Distress, Digging, Gnawing, Pressing, etc.), Ilium, crest of, walking, amel.",2
r1204,566,2,"PAIN, aching, dull pain (See Boring, Drawing, Distress, Digging, Gnawing, Pressing, etc.), Ilium, crest of, warmth amel.",1
r1205,566,2,"PAIN, aching, dull pain (See Boring, Drawing, Distress, Digging, Gnawing, Pressing, etc.), Ilium, crest of, extending to thigh",1
o1728,566,3,"PAIN, aching, dull pain (See Boring, Drawing, Distress, Digging, Gnawing, Pressing, etc.), Ilium, crest of, extending to thigh, to knee",1
r1207,566,1,"PAIN, aching, dull pain (See Boring, Drawing, Distress, Digging, Gnawing, Pressing, etc.), Inguinal region",99
r1208,566,2,"PAIN, aching, dull pain (See Boring, Drawing, Distress, Digging, Gnawing, Pressing, etc.), Inguinal region, right",23
r1209,566,3,"PAIN, aching, dull pain (See Boring, Drawing, Distress, Digging, Gnawing, Pressing, etc.), Inguinal region, right, flexing the thigh",1
r1210,566,3,"PAIN, aching, dull pain (See Boring, Drawing, Distress, Digging, Gnawing, Pressing, etc.), Inguinal region, right, then left",4
r1211,566,2,"PAIN, aching, dull pain (See Boring, Drawing, Distress, Digging, Gnawing, Pressing, etc.), Inguinal region, left",19
r1212,566,3,"PAIN, aching, dull pain (See Boring, Drawing, Distress, Digging, Gnawing, Pressing, etc.), Inguinal region, left, morning",1
r1213,566,3,"PAIN, aching, dull pain (See Boring, Drawing, Distress, Digging, Gnawing, Pressing, etc.), Inguinal region, left, then right",2
r1214,566,3,"PAIN, aching, dull pain (See Boring, Drawing, Distress, Digging, Gnawing, Pressing, etc.), Inguinal region, left, desire to urinate be postponed, if",1
r1215,566,3,"PAIN, aching, dull pain (See Boring, Drawing, Distress, Digging, Gnawing, Pressing, etc.), Inguinal region, left, urination, during",1
r1216,566,3,"PAIN, aching, dull pain (See Boring, Drawing, Distress, Digging, Gnawing, Pressing, etc.), Inguinal region, left, extending to testicles",1
r1218,567,4,"PAIN, aching, dull pain (See Boring, Drawing, Distress, Digging, Gnawing, Pressing, etc.), Inguinal region, left, extending to testicles, to axilla",2
r1219,567,2,"PAIN, aching, dull pain (See Boring, Drawing, Distress, Digging, Gnawing, Pressing, etc.), Inguinal region, noon",1
r1220,567,2,"PAIN, aching, dull pain (See Boring, Drawing, Distress, Digging, Gnawing, Pressing, etc.), Inguinal region, evening",3
r1221,567,3,"PAIN, aching, dull pain (See Boring, Drawing, Distress, Digging, Gnawing, Pressing, etc.), Inguinal region, evening, walking",1
r1222,567,2,"PAIN, aching, dull pain (See Boring, Drawing, Distress, Digging, Gnawing, Pressing, etc.), Inguinal region, after-pains",1
r1223,567,2,"PAIN, aching, dull pain (See Boring, Drawing, Distress, Digging, Gnawing, Pressing, etc.), Inguinal region, ascending, on",1
r1224,567,2,"PAIN, aching, dull pain (See Boring, Drawing, Distress, Digging, Gnawing, Pressing, etc.), Inguinal region, coition, after",1
r1225,567,2,"PAIN, aching, dull pain (See Boring, Drawing, Distress, Digging, Gnawing, Pressing, etc.), Inguinal region, coughing",7
r1226,567,2,"PAIN, aching, dull pain (See Boring, Drawing, Distress, Digging, Gnawing, Pressing, etc.), Inguinal region, dancing",1
r1227,567,2,"PAIN, aching, dull pain (See Boring, Drawing, Distress, Digging, Gnawing, Pressing, etc.), Inguinal region, drawing up the leg, when",1
o1748,567,3,"PAIN, aching, dull pain (See Boring, Drawing, Distress, Digging, Gnawing, Pressing, etc.), Inguinal region, drawing up the leg, when, up knee amel.",3
r1229,567,2,"PAIN, aching, dull pain (See Boring, Drawing, Distress, Digging, Gnawing, Pressing, etc.), Inguinal region, hernia, as from a",5
r1230,567,3,"PAIN, aching, dull pain (See Boring, Drawing, Distress, Digging, Gnawing, Pressing, etc.), Inguinal region, hernia, as from a, walking agg.",1
o1771,567,4,"PAIN, aching, dull pain (See Boring, Drawing, Distress, Digging, Gnawing, Pressing, etc.), Inguinal region, hernia, as from a, walking agg., amel.",1
r1232,567,3,"PAIN, aching, dull pain (See Boring, Drawing, Distress, Digging, Gnawing, Pressing, etc.), Inguinal region, hernia, as from a, as if a, would appear",37
r1233,567,4,"PAIN, aching, dull pain (See Boring, Drawing, Distress, Digging, Gnawing, Pressing, etc.), Inguinal region, hernia, as from a, as if a, would appear, coughing, on",10
r1234,567,4,"PAIN, aching, dull pain (See Boring, Drawing, Distress, Digging, Gnawing, Pressing, etc.), Inguinal region, hernia, as from a, as if a, would appear, sitting, while",2
r1235,567,4,"PAIN, aching, dull pain (See Boring, Drawing, Distress, Digging, Gnawing, Pressing, etc.), Inguinal region, hernia, as from a, as if a, would appear, stooping amel.",1
r1236,567,2,"PAIN, aching, dull pain (See Boring, Drawing, Distress, Digging, Gnawing, Pressing, etc.), Inguinal region, inspiration",1
r1237,567,2,"PAIN, aching, dull pain (See Boring, Drawing, Distress, Digging, Gnawing, Pressing, etc.), Inguinal region, lying, while",1
r1238,567,3,"PAIN, aching, dull pain (See Boring, Drawing, Distress, Digging, Gnawing, Pressing, etc.), Inguinal region, lying, while, on back with legs extended",1
r1239,567,2,"PAIN, aching, dull pain (See Boring, Drawing, Distress, Digging, Gnawing, Pressing, etc.), Inguinal region, menses, before",7
r1240,567,3,"PAIN, aching, dull pain (See Boring, Drawing, Distress, Digging, Gnawing, Pressing, etc.), Inguinal region, menses, before, during",21
r1241,567,3,"PAIN, aching, dull pain (See Boring, Drawing, Distress, Digging, Gnawing, Pressing, etc.), Inguinal region, menses, before, after",2
r1242,567,3,"PAIN, aching, dull pain (See Boring, Drawing, Distress, Digging, Gnawing, Pressing, etc.), Inguinal region, menses, before, as if would come on",3
r1243,567,2,"PAIN, aching, dull pain (See Boring, Drawing, Distress, Digging, Gnawing, Pressing, etc.), Inguinal region, motion, on",2
r1244,567,2,"PAIN, aching, dull pain (See Boring, Drawing, Distress, Digging, Gnawing, Pressing, etc.), Inguinal region, parturition, during",1
r1245,567,2,"PAIN, aching, dull pain (See Boring, Drawing, Distress, Digging, Gnawing, Pressing, etc.), Inguinal region, paroxysmal",7
r1246,567,2,"PAIN, aching, dull pain (See Boring, Drawing, Distress, Digging, Gnawing, Pressing, etc.), Inguinal region, pressure agg.",2
r1247,567,2,"PAIN, aching, dull pain (See Boring, Drawing, Distress, Digging, Gnawing, Pressing, etc.), Inguinal region, pulsating",1
r1248,567,2,"PAIN, aching, dull pain (See Boring, Drawing, Distress, Digging, Gnawing, Pressing, etc.), Inguinal region, rising from a seat",4
r1249,567,2,"PAIN, aching, dull pain (See Boring, Drawing, Distress, Digging, Gnawing, Pressing, etc.), Inguinal region, sitting, while",8
r1250,567,2,"PAIN, aching, dull pain (See Boring, Drawing, Distress, Digging, Gnawing, Pressing, etc.), Inguinal region, sprain, as from",4
r1251,567,2,"PAIN, aching, dull pain (See Boring, Drawing, Distress, Digging, Gnawing, Pressing, etc.), Inguinal region, standing, as from",7
r1252,567,2,"PAIN, aching, dull pain (See Boring, Drawing, Distress, Digging, Gnawing, Pressing, etc.), Inguinal region, stepping, on",1
r1253,567,2,"PAIN, aching, dull pain (See Boring, Drawing, Distress, Digging, Gnawing, Pressing, etc.), Inguinal region, stool, before",3
r1254,567,3,"PAIN, aching, dull pain (See Boring, Drawing, Distress, Digging, Gnawing, Pressing, etc.), Inguinal region, stool, before, during",1
r1255,567,3,"PAIN, aching, dull pain (See Boring, Drawing, Distress, Digging, Gnawing, Pressing, etc.), Inguinal region, stool, before, after, amel.",1
r1256,567,2,"PAIN, aching, dull pain (See Boring, Drawing, Distress, Digging, Gnawing, Pressing, etc.), Inguinal region, stooping, on",2
r1257,567,2,"PAIN, aching, dull pain (See Boring, Drawing, Distress, Digging, Gnawing, Pressing, etc.), Inguinal region, stretching, on",4
r1258,567,2,"PAIN, aching, dull pain (See Boring, Drawing, Distress, Digging, Gnawing, Pressing, etc.), Inguinal region, ulcerous",3
r1259,567,2,"PAIN, aching, dull pain (See Boring, Drawing, Distress, Digging, Gnawing, Pressing, etc.), Inguinal region, urging to urinate",4
r1260,567,2,"PAIN, aching, dull pain (See Boring, Drawing, Distress, Digging, Gnawing, Pressing, etc.), Inguinal region, urinating, while",4
r1261,567,3,"PAIN, aching, dull pain (See Boring, Drawing, Distress, Digging, Gnawing, Pressing, etc.), Inguinal region, urinating, while, after",1
r1262,567,2,"PAIN, aching, dull pain (See Boring, Drawing, Distress, Digging, Gnawing, Pressing, etc.), Inguinal region, walk bent, must",1
o1817,567,2,"PAIN, aching, dull pain (See Boring, Drawing, Distress, Digging, Gnawing, Pressing, etc.), Inguinal region, walking, while",21
r1264,567,3,"PAIN, aching, dull pain (See Boring, Drawing, Distress, Digging, Gnawing, Pressing, etc.), Inguinal region, walking, while, amel.",2
r1265,567,2,"PAIN, aching, dull pain (See Boring, Drawing, Distress, Digging, Gnawing, Pressing, etc.), Inguinal region, yawning, when",1
r1278,567,2,"PAIN, aching, dull pain (See Boring, Drawing, Distress, Digging, Gnawing, Pressing, etc.), Inguinal region, extending to axilla (left)",1
o1752,567,3,"PAIN, aching, dull pain (See Boring, Drawing, Distress, Digging, Gnawing, Pressing, etc.), Inguinal region, extending to axilla (left), back",3
o1753,567,3,"PAIN, aching, dull pain (See Boring, Drawing, Distress, Digging, Gnawing, Pressing, etc.), Inguinal region, extending to axilla (left), calf",1
o1754,567,3,"PAIN, aching, dull pain (See Boring, Drawing, Distress, Digging, Gnawing, Pressing, etc.), Inguinal region, extending to axilla (left), crest of ilium",1
o1755,567,3,"PAIN, aching, dull pain (See Boring, Drawing, Distress, Digging, Gnawing, Pressing, etc.), Inguinal region, extending to axilla (left), down leg",4
o1756,567,3,"PAIN, aching, dull pain (See Boring, Drawing, Distress, Digging, Gnawing, Pressing, etc.), Inguinal region, extending to axilla (left), genitals",3
o1757,567,3,"PAIN, aching, dull pain (See Boring, Drawing, Distress, Digging, Gnawing, Pressing, etc.), Inguinal region, extending to axilla (left), hip",2
o1758,567,3,"PAIN, aching, dull pain (See Boring, Drawing, Distress, Digging, Gnawing, Pressing, etc.), Inguinal region, extending to axilla (left), hypogastrium, across",1
o1759,567,3,"PAIN, aching, dull pain (See Boring, Drawing, Distress, Digging, Gnawing, Pressing, etc.), Inguinal region, extending to axilla (left), knee",2
o1760,567,3,"PAIN, aching, dull pain (See Boring, Drawing, Distress, Digging, Gnawing, Pressing, etc.), Inguinal region, extending to axilla (left), nipple, right",1
o1761,567,3,"PAIN, aching, dull pain (See Boring, Drawing, Distress, Digging, Gnawing, Pressing, etc.), Inguinal region, extending to axilla (left), pelvis",1
o1762,567,4,"PAIN, aching, dull pain (See Boring, Drawing, Distress, Digging, Gnawing, Pressing, etc.), Inguinal region, extending to axilla (left), pelvis, around",1
r1279,568,3,"PAIN, aching, dull pain (See Boring, Drawing, Distress, Digging, Gnawing, Pressing, etc.), Inguinal region, extending to axilla (left), pubis",1
r1280,568,3,"PAIN, aching, dull pain (See Boring, Drawing, Distress, Digging, Gnawing, Pressing, etc.), Inguinal region, extending to axilla (left), shoulder blade, right",1
r1281,568,3,"PAIN, aching, dull pain (See Boring, Drawing, Distress, Digging, Gnawing, Pressing, etc.), Inguinal region, extending to axilla (left), spermatic cord, along",2
r1282,568,3,"PAIN, aching, dull pain (See Boring, Drawing, Distress, Digging, Gnawing, Pressing, etc.), Inguinal region, extending to axilla (left), testicles",7
r1283,568,3,"PAIN, aching, dull pain (See Boring, Drawing, Distress, Digging, Gnawing, Pressing, etc.), Inguinal region, extending to axilla (left), thigh",15
r1284,568,2,"PAIN, aching, dull pain (See Boring, Drawing, Distress, Digging, Gnawing, Pressing, etc.), Inguinal region, glands",27
r1285,568,2,"PAIN, aching, dull pain (See Boring, Drawing, Distress, Digging, Gnawing, Pressing, etc.), Inguinal region, ring, coughing, on",8
o1800,568,3,"PAIN, aching, dull pain (See Boring, Drawing, Distress, Digging, Gnawing, Pressing, etc.), Inguinal region, ring, coughing, on, extending into testes",1
r1287,568,1,"PAIN, aching, dull pain (See Boring, Drawing, Distress, Digging, Gnawing, Pressing, etc.), Liver",104
r1288,568,2,"PAIN, aching, dull pain (See Boring, Drawing, Distress, Digging, Gnawing, Pressing, etc.), Liver, morning",2
h034,568,3,"PAIN, aching, dull pain (See Boring, Drawing, Distress, Digging, Gnawing, Pressing, etc.), Liver, morning, 4 to 9 a.m.",1
r1290,568,2,"PAIN, aching, dull pain (See Boring, Drawing, Distress, Digging, Gnawing, Pressing, etc.), Liver, evening",4
r1291,568,2,"PAIN, aching, dull pain (See Boring, Drawing, Distress, Digging, Gnawing, Pressing, etc.), Liver, night",3
o1853,568,2,"PAIN, aching, dull pain (See Boring, Drawing, Distress, Digging, Gnawing, Pressing, etc.), Liver, air, open",2
r1293,568,2,"PAIN, aching, dull pain (See Boring, Drawing, Distress, Digging, Gnawing, Pressing, etc.), Liver, anger, after",1
r1294,568,2,"PAIN, aching, dull pain (See Boring, Drawing, Distress, Digging, Gnawing, Pressing, etc.), Liver, bending forward amel.",3
r1295,568,2,"PAIN, aching, dull pain (See Boring, Drawing, Distress, Digging, Gnawing, Pressing, etc.), Liver, breathing, on",5
r1296,568,2,"PAIN, aching, dull pain (See Boring, Drawing, Distress, Digging, Gnawing, Pressing, etc.), Liver, cheese, after",1
r1297,568,2,"PAIN, aching, dull pain (See Boring, Drawing, Distress, Digging, Gnawing, Pressing, etc.), Liver, chill, before",1
r1298,568,3,"PAIN, aching, dull pain (See Boring, Drawing, Distress, Digging, Gnawing, Pressing, etc.), Liver, chill, before, during",7
r1299,568,2,"PAIN, aching, dull pain (See Boring, Drawing, Distress, Digging, Gnawing, Pressing, etc.), Liver, cold food, after",1
r1300,568,2,"PAIN, aching, dull pain (See Boring, Drawing, Distress, Digging, Gnawing, Pressing, etc.), Liver, colic, gall-stones",35
r1301,568,2,"PAIN, aching, dull pain (See Boring, Drawing, Distress, Digging, Gnawing, Pressing, etc.), Liver, coughing",5
r1302,568,2,"PAIN, aching, dull pain (See Boring, Drawing, Distress, Digging, Gnawing, Pressing, etc.), Liver, eating, after",4
r1303,568,3,"PAIN, aching, dull pain (See Boring, Drawing, Distress, Digging, Gnawing, Pressing, etc.), Liver, eating, after, amel.",1
r1304,568,3,"PAIN, aching, dull pain (See Boring, Drawing, Distress, Digging, Gnawing, Pressing, etc.), Liver, eating, after, to satiety",1
r1305,568,2,"PAIN, aching, dull pain (See Boring, Drawing, Distress, Digging, Gnawing, Pressing, etc.), Liver, exercising, on",5
r1306,568,2,"PAIN, aching, dull pain (See Boring, Drawing, Distress, Digging, Gnawing, Pressing, etc.), Liver, heat, during",4
r1307,568,2,"PAIN, aching, dull pain (See Boring, Drawing, Distress, Digging, Gnawing, Pressing, etc.), Liver, jarring agg.",9
r1308,568,2,"PAIN, aching, dull pain (See Boring, Drawing, Distress, Digging, Gnawing, Pressing, etc.), Liver, laughing",1
r1309,568,2,"PAIN, aching, dull pain (See Boring, Drawing, Distress, Digging, Gnawing, Pressing, etc.), Liver, lying on back",1
o1878,568,3,"PAIN, aching, dull pain (See Boring, Drawing, Distress, Digging, Gnawing, Pressing, etc.), Liver, lying on back, amel.",2
o1884,568,3,"PAIN, aching, dull pain (See Boring, Drawing, Distress, Digging, Gnawing, Pressing, etc.), Liver, lying on back, right side, on",10
o1883,568,4,"PAIN, aching, dull pain (See Boring, Drawing, Distress, Digging, Gnawing, Pressing, etc.), Liver, lying on back, right side, on, amel.",4
o1879,568,3,"PAIN, aching, dull pain (See Boring, Drawing, Distress, Digging, Gnawing, Pressing, etc.), Liver, lying on back, left side, on",5
h035,568,3,"PAIN, aching, dull pain (See Boring, Drawing, Distress, Digging, Gnawing, Pressing, etc.), Liver, lying on back, painful side, on",3
o1880,568,4,"PAIN, aching, dull pain (See Boring, Drawing, Distress, Digging, Gnawing, Pressing, etc.), Liver, lying on back, painful side, on, amel.",1
o1882,568,3,"PAIN, aching, dull pain (See Boring, Drawing, Distress, Digging, Gnawing, Pressing, etc.), Liver, lying on back, painless side, on, amel.",1
r1317,568,2,"PAIN, aching, dull pain (See Boring, Drawing, Distress, Digging, Gnawing, Pressing, etc.), Liver, menses, before",5
r1318,568,3,"PAIN, aching, dull pain (See Boring, Drawing, Distress, Digging, Gnawing, Pressing, etc.), Liver, menses, before, during",3
r1319,568,2,"PAIN, aching, dull pain (See Boring, Drawing, Distress, Digging, Gnawing, Pressing, etc.), Liver, mental labor, after",5
r1320,568,2,"PAIN, aching, dull pain (See Boring, Drawing, Distress, Digging, Gnawing, Pressing, etc.), Liver, mortification, after",1
r1321,568,2,"PAIN, aching, dull pain (See Boring, Drawing, Distress, Digging, Gnawing, Pressing, etc.), Liver, motion",6
r1322,568,2,"PAIN, aching, dull pain (See Boring, Drawing, Distress, Digging, Gnawing, Pressing, etc.), Liver, paroxysmal",5
r1323,568,2,"PAIN, aching, dull pain (See Boring, Drawing, Distress, Digging, Gnawing, Pressing, etc.), Liver, pressure agg.",9
r1324,568,2,"PAIN, aching, dull pain (See Boring, Drawing, Distress, Digging, Gnawing, Pressing, etc.), Liver, pulsating",1
r1325,568,2,"PAIN, aching, dull pain (See Boring, Drawing, Distress, Digging, Gnawing, Pressing, etc.), Liver, riding in a carriage",2
r1326,568,2,"PAIN, aching, dull pain (See Boring, Drawing, Distress, Digging, Gnawing, Pressing, etc.), Liver, rubbing amel.",1
r1327,568,2,"PAIN, aching, dull pain (See Boring, Drawing, Distress, Digging, Gnawing, Pressing, etc.), Liver, sitting, while",1
r1328,568,2,"PAIN, aching, dull pain (See Boring, Drawing, Distress, Digging, Gnawing, Pressing, etc.), Liver, sneezing, on",1
r1329,568,2,"PAIN, aching, dull pain (See Boring, Drawing, Distress, Digging, Gnawing, Pressing, etc.), Liver, standing, while",1
r1330,568,2,"PAIN, aching, dull pain (See Boring, Drawing, Distress, Digging, Gnawing, Pressing, etc.), Liver, stooping, on",7
r1331,569,2,"PAIN, aching, dull pain (See Boring, Drawing, Distress, Digging, Gnawing, Pressing, etc.), Liver, touched, when",14
r1332,569,2,"PAIN, aching, dull pain (See Boring, Drawing, Distress, Digging, Gnawing, Pressing, etc.), Liver, turning in bed",1
r1333,569,2,"PAIN, aching, dull pain (See Boring, Drawing, Distress, Digging, Gnawing, Pressing, etc.), Liver, urging to urinate, on",1
r1334,569,2,"PAIN, aching, dull pain (See Boring, Drawing, Distress, Digging, Gnawing, Pressing, etc.), Liver, vexation, after",3
r1335,569,2,"PAIN, aching, dull pain (See Boring, Drawing, Distress, Digging, Gnawing, Pressing, etc.), Liver, walking, while",10
r1336,569,2,"PAIN, aching, dull pain (See Boring, Drawing, Distress, Digging, Gnawing, Pressing, etc.), Liver, warm drinks amel.",1
r1337,569,2,"PAIN, aching, dull pain (See Boring, Drawing, Distress, Digging, Gnawing, Pressing, etc.), Liver, yawning",1
r1338,569,2,"PAIN, aching, dull pain (See Boring, Drawing, Distress, Digging, Gnawing, Pressing, etc.), Liver, extending, back, to",10
o1869,569,3,"PAIN, aching, dull pain (See Boring, Drawing, Distress, Digging, Gnawing, Pressing, etc.), Liver, extending, back, to, downward",1
o1870,569,3,"PAIN, aching, dull pain (See Boring, Drawing, Distress, Digging, Gnawing, Pressing, etc.), Liver, extending, back, to, epigastrium, to",3
o1871,569,3,"PAIN, aching, dull pain (See Boring, Drawing, Distress, Digging, Gnawing, Pressing, etc.), Liver, extending, back, to, right shoulder",4
o1872,569,3,"PAIN, aching, dull pain (See Boring, Drawing, Distress, Digging, Gnawing, Pressing, etc.), Liver, extending, back, to, right to left, from",1
r1343,569,2,"PAIN, aching, dull pain (See Boring, Drawing, Distress, Digging, Gnawing, Pressing, etc.), Liver, left lobe",1
r1344,569,1,"PAIN, aching, dull pain (See Boring, Drawing, Distress, Digging, Gnawing, Pressing, etc.), Sides",63
r1345,569,2,"PAIN, aching, dull pain (See Boring, Drawing, Distress, Digging, Gnawing, Pressing, etc.), Sides, right",11
r1346,569,2,"PAIN, aching, dull pain (See Boring, Drawing, Distress, Digging, Gnawing, Pressing, etc.), Sides, from flatulence",2
r1347,569,2,"PAIN, aching, dull pain (See Boring, Drawing, Distress, Digging, Gnawing, Pressing, etc.), Sides, left",12
r1348,569,3,"PAIN, aching, dull pain (See Boring, Drawing, Distress, Digging, Gnawing, Pressing, etc.), Sides, left, coughing, on",1
r1349,569,3,"PAIN, aching, dull pain (See Boring, Drawing, Distress, Digging, Gnawing, Pressing, etc.), Sides, left, above crest of ilium",1
r1350,569,3,"PAIN, aching, dull pain (See Boring, Drawing, Distress, Digging, Gnawing, Pressing, etc.), Sides, left, extending to vagina",1
r1351,569,2,"PAIN, aching, dull pain (See Boring, Drawing, Distress, Digging, Gnawing, Pressing, etc.), Sides, morning",6
r1352,569,3,"PAIN, aching, dull pain (See Boring, Drawing, Distress, Digging, Gnawing, Pressing, etc.), Sides, morning, waking, on",1
r1353,569,2,"PAIN, aching, dull pain (See Boring, Drawing, Distress, Digging, Gnawing, Pressing, etc.), Sides, noon",1
r1354,569,2,"PAIN, aching, dull pain (See Boring, Drawing, Distress, Digging, Gnawing, Pressing, etc.), Sides, afternoon",2
r1355,569,2,"PAIN, aching, dull pain (See Boring, Drawing, Distress, Digging, Gnawing, Pressing, etc.), Sides, evening",6
r1356,569,2,"PAIN, aching, dull pain (See Boring, Drawing, Distress, Digging, Gnawing, Pressing, etc.), Sides, night",3
r1357,569,3,"PAIN, aching, dull pain (See Boring, Drawing, Distress, Digging, Gnawing, Pressing, etc.), Sides, night, midnight",1
r1358,569,2,"PAIN, aching, dull pain (See Boring, Drawing, Distress, Digging, Gnawing, Pressing, etc.), Sides, breathing, on",2
r1359,569,2,"PAIN, aching, dull pain (See Boring, Drawing, Distress, Digging, Gnawing, Pressing, etc.), Sides, coffee, after",1
r1360,569,2,"PAIN, aching, dull pain (See Boring, Drawing, Distress, Digging, Gnawing, Pressing, etc.), Sides, coughing, on",8
r1361,569,2,"PAIN, aching, dull pain (See Boring, Drawing, Distress, Digging, Gnawing, Pressing, etc.), Sides, dinner, during",1
r1362,569,2,"PAIN, aching, dull pain (See Boring, Drawing, Distress, Digging, Gnawing, Pressing, etc.), Sides, eating, after",2
r1363,569,2,"PAIN, aching, dull pain (See Boring, Drawing, Distress, Digging, Gnawing, Pressing, etc.), Sides, exertion",1
h036,569,2,"PAIN, aching, dull pain (See Boring, Drawing, Distress, Digging, Gnawing, Pressing, etc.), Sides, inspiration, on",4
r1365,569,2,"PAIN, aching, dull pain (See Boring, Drawing, Distress, Digging, Gnawing, Pressing, etc.), Sides, lain on, side not",1
h037,569,2,"PAIN, aching, dull pain (See Boring, Drawing, Distress, Digging, Gnawing, Pressing, etc.), Sides, menses, during",3
r1367,569,2,"PAIN, aching, dull pain (See Boring, Drawing, Distress, Digging, Gnawing, Pressing, etc.), Sides, motion, on",3
r1368,569,2,"PAIN, aching, dull pain (See Boring, Drawing, Distress, Digging, Gnawing, Pressing, etc.), Sides, pressure amel.",2
r1369,569,2,"PAIN, aching, dull pain (See Boring, Drawing, Distress, Digging, Gnawing, Pressing, etc.), Sides, raising arms",1
r1370,569,2,"PAIN, aching, dull pain (See Boring, Drawing, Distress, Digging, Gnawing, Pressing, etc.), Sides, riding, while",3
r1371,569,2,"PAIN, aching, dull pain (See Boring, Drawing, Distress, Digging, Gnawing, Pressing, etc.), Sides, sitting, while",4
r1372,569,2,"PAIN, aching, dull pain (See Boring, Drawing, Distress, Digging, Gnawing, Pressing, etc.), Sides, standing",1
h038,569,2,"PAIN, aching, dull pain (See Boring, Drawing, Distress, Digging, Gnawing, Pressing, etc.), Sides, stool, during",2
r1374,569,3,"PAIN, aching, dull pain (See Boring, Drawing, Distress, Digging, Gnawing, Pressing, etc.), Sides, stool, during, after",1
r1375,569,2,"PAIN, aching, dull pain (See Boring, Drawing, Distress, Digging, Gnawing, Pressing, etc.), Sides, stooping",1
r1376,569,2,"PAIN, aching, dull pain (See Boring, Drawing, Distress, Digging, Gnawing, Pressing, etc.), Sides, supper, after",1
r1377,569,2,"PAIN, aching, dull pain (See Boring, Drawing, Distress, Digging, Gnawing, Pressing, etc.), Sides, walking, while",13
r1378,569,2,"PAIN, aching, dull pain (See Boring, Drawing, Distress, Digging, Gnawing, Pressing, etc.), Sides, yawning, when",1
r1379,569,2,"PAIN, aching, dull pain (See Boring, Drawing, Distress, Digging, Gnawing, Pressing, etc.), Sides, extending to bladder",1
o2184,569,3,"PAIN, aching, dull pain (See Boring, Drawing, Distress, Digging, Gnawing, Pressing, etc.), Sides, extending to bladder, downwards",1
r1387,569,2,"PAIN, aching, dull pain (See Boring, Drawing, Distress, Digging, Gnawing, Pressing, etc.), Sides, Spleen",56
h039,569,2,"PAIN, aching, dull pain (See Boring, Drawing, Distress, Digging, Gnawing, Pressing, etc.), Sides, 2 p.m.",2
h040,569,2,"PAIN, aching, dull pain (See Boring, Drawing, Distress, Digging, Gnawing, Pressing, etc.), Sides, breathing agg.",2
o2314,569,2,"PAIN, aching, dull pain (See Boring, Drawing, Distress, Digging, Gnawing, Pressing, etc.), Sides, chill, during",9
h041,569,2,"PAIN, aching, dull pain (See Boring, Drawing, Distress, Digging, Gnawing, Pressing, etc.), Sides, eating amel.",1
h042,569,2,"PAIN, aching, dull pain (See Boring, Drawing, Distress, Digging, Gnawing, Pressing, etc.), Sides, exercising, on",2
h043,570,2,"PAIN, aching, dull pain (See Boring, Drawing, Distress, Digging, Gnawing, Pressing, etc.), Sides, heat, during",5
h044,570,2,"PAIN, aching, dull pain (See Boring, Drawing, Distress, Digging, Gnawing, Pressing, etc.), Sides, inspiration agg.",2
h045,570,2,"PAIN, aching, dull pain (See Boring, Drawing, Distress, Digging, Gnawing, Pressing, etc.), Sides, lying on left side, while",4
h046,570,3,"PAIN, aching, dull pain (See Boring, Drawing, Distress, Digging, Gnawing, Pressing, etc.), Sides, lying on left side, while, amel.",2
r1393,570,2,"PAIN, aching, dull pain (See Boring, Drawing, Distress, Digging, Gnawing, Pressing, etc.), Sides, motion",2
h047,570,2,"PAIN, aching, dull pain (See Boring, Drawing, Distress, Digging, Gnawing, Pressing, etc.), Sides, pressure of clothing agg.",5
h048,570,2,"PAIN, aching, dull pain (See Boring, Drawing, Distress, Digging, Gnawing, Pressing, etc.), Sides, pulsating",1
h049,570,2,"PAIN, aching, dull pain (See Boring, Drawing, Distress, Digging, Gnawing, Pressing, etc.), Sides, riding in a carriage",2
h050,570,2,"PAIN, aching, dull pain (See Boring, Drawing, Distress, Digging, Gnawing, Pressing, etc.), Sides, turning to right side amel.",1
h051,570,3,"PAIN, aching, dull pain (See Boring, Drawing, Distress, Digging, Gnawing, Pressing, etc.), Sides, walking, while, amel.",1
r1401,570,1,"PAIN, aching, dull pain (See Boring, Drawing, Distress, Digging, Gnawing, Pressing, etc.), Umbilicus",72
r1402,570,2,"PAIN, aching, dull pain (See Boring, Drawing, Distress, Digging, Gnawing, Pressing, etc.), Umbilicus, morning",7
r1403,570,2,"PAIN, aching, dull pain (See Boring, Drawing, Distress, Digging, Gnawing, Pressing, etc.), Umbilicus, forenoon",1
r1404,570,2,"PAIN, aching, dull pain (See Boring, Drawing, Distress, Digging, Gnawing, Pressing, etc.), Umbilicus, afternoon",3
r1405,570,2,"PAIN, aching, dull pain (See Boring, Drawing, Distress, Digging, Gnawing, Pressing, etc.), Umbilicus, evening",2
r1406,570,2,"PAIN, aching, dull pain (See Boring, Drawing, Distress, Digging, Gnawing, Pressing, etc.), Umbilicus, bending double amel.",3
r1407,570,2,"PAIN, aching, dull pain (See Boring, Drawing, Distress, Digging, Gnawing, Pressing, etc.), Umbilicus, breakfast, after",2
r1408,570,2,"PAIN, aching, dull pain (See Boring, Drawing, Distress, Digging, Gnawing, Pressing, etc.), Umbilicus, cough, during",3
o2778,570,2,"PAIN, aching, dull pain (See Boring, Drawing, Distress, Digging, Gnawing, Pressing, etc.), Umbilicus, diarrhœa, before",1
o2779,570,3,"PAIN, aching, dull pain (See Boring, Drawing, Distress, Digging, Gnawing, Pressing, etc.), Umbilicus, diarrhœa, before, during",2
r1411,570,2,"PAIN, aching, dull pain (See Boring, Drawing, Distress, Digging, Gnawing, Pressing, etc.), Umbilicus, dinner, during",1
r1412,570,2,"PAIN, aching, dull pain (See Boring, Drawing, Distress, Digging, Gnawing, Pressing, etc.), Umbilicus, eating, after",3
r1413,570,3,"PAIN, aching, dull pain (See Boring, Drawing, Distress, Digging, Gnawing, Pressing, etc.), Umbilicus, eating, after, 2 hours after eating",1
r1414,570,2,"PAIN, aching, dull pain (See Boring, Drawing, Distress, Digging, Gnawing, Pressing, etc.), Umbilicus, fasting",1
r1415,570,2,"PAIN, aching, dull pain (See Boring, Drawing, Distress, Digging, Gnawing, Pressing, etc.), Umbilicus, flatus, passing, amel.",3
r1416,570,2,"PAIN, aching, dull pain (See Boring, Drawing, Distress, Digging, Gnawing, Pressing, etc.), Umbilicus, inspiration, deep, on",3
r1417,570,2,"PAIN, aching, dull pain (See Boring, Drawing, Distress, Digging, Gnawing, Pressing, etc.), Umbilicus, lying on back",1
r1418,570,2,"PAIN, aching, dull pain (See Boring, Drawing, Distress, Digging, Gnawing, Pressing, etc.), Umbilicus, menses, before",3
r1419,570,3,"PAIN, aching, dull pain (See Boring, Drawing, Distress, Digging, Gnawing, Pressing, etc.), Umbilicus, menses, before, during",1
r1420,570,2,"PAIN, aching, dull pain (See Boring, Drawing, Distress, Digging, Gnawing, Pressing, etc.), Umbilicus, motion",2
r1421,570,2,"PAIN, aching, dull pain (See Boring, Drawing, Distress, Digging, Gnawing, Pressing, etc.), Umbilicus, paroxysmal",5
r1422,570,2,"PAIN, aching, dull pain (See Boring, Drawing, Distress, Digging, Gnawing, Pressing, etc.), Umbilicus, pregnancy, during",1
r1423,570,2,"PAIN, aching, dull pain (See Boring, Drawing, Distress, Digging, Gnawing, Pressing, etc.), Umbilicus, pressure amel.",3
r1424,570,2,"PAIN, aching, dull pain (See Boring, Drawing, Distress, Digging, Gnawing, Pressing, etc.), Umbilicus, radiating from",3
r1425,570,2,"PAIN, aching, dull pain (See Boring, Drawing, Distress, Digging, Gnawing, Pressing, etc.), Umbilicus, rising, after",1
r1426,570,2,"PAIN, aching, dull pain (See Boring, Drawing, Distress, Digging, Gnawing, Pressing, etc.), Umbilicus, sitting, while",2
r1427,570,2,"PAIN, aching, dull pain (See Boring, Drawing, Distress, Digging, Gnawing, Pressing, etc.), Umbilicus, stool, before",7
r1428,570,3,"PAIN, aching, dull pain (See Boring, Drawing, Distress, Digging, Gnawing, Pressing, etc.), Umbilicus, stool, before, during",2
r1429,570,3,"PAIN, aching, dull pain (See Boring, Drawing, Distress, Digging, Gnawing, Pressing, etc.), Umbilicus, stool, before, after",1
r1430,570,2,"PAIN, aching, dull pain (See Boring, Drawing, Distress, Digging, Gnawing, Pressing, etc.), Umbilicus, stooping, on",2
r1431,570,2,"PAIN, aching, dull pain (See Boring, Drawing, Distress, Digging, Gnawing, Pressing, etc.), Umbilicus, supper, after",1
h052,570,2,"PAIN, aching, dull pain (See Boring, Drawing, Distress, Digging, Gnawing, Pressing, etc.), Umbilicus, walking, while",1
r1433,570,3,"PAIN, aching, dull pain (See Boring, Drawing, Distress, Digging, Gnawing, Pressing, etc.), Umbilicus, walking, while, amel.",1
r1434,570,2,"PAIN, aching, dull pain (See Boring, Drawing, Distress, Digging, Gnawing, Pressing, etc.), Umbilicus, extending to anus",6
o2785,570,3,"PAIN, aching, dull pain (See Boring, Drawing, Distress, Digging, Gnawing, Pressing, etc.), Umbilicus, extending to anus, across abdomen",1
o2786,570,3,"PAIN, aching, dull pain (See Boring, Drawing, Distress, Digging, Gnawing, Pressing, etc.), Umbilicus, extending to anus, back",4
o2787,570,3,"PAIN, aching, dull pain (See Boring, Drawing, Distress, Digging, Gnawing, Pressing, etc.), Umbilicus, extending to anus, bladder",1
o2788,570,3,"PAIN, aching, dull pain (See Boring, Drawing, Distress, Digging, Gnawing, Pressing, etc.), Umbilicus, extending to anus, chest",2
o2789,570,3,"PAIN, aching, dull pain (See Boring, Drawing, Distress, Digging, Gnawing, Pressing, etc.), Umbilicus, extending to anus, downward",8
o2790,570,3,"PAIN, aching, dull pain (See Boring, Drawing, Distress, Digging, Gnawing, Pressing, etc.), Umbilicus, extending to anus, ilium, to",1
o2791,570,3,"PAIN, aching, dull pain (See Boring, Drawing, Distress, Digging, Gnawing, Pressing, etc.), Umbilicus, extending to anus, inguinal region",1
o2792,570,3,"PAIN, aching, dull pain (See Boring, Drawing, Distress, Digging, Gnawing, Pressing, etc.), Umbilicus, extending to anus, lumbar region",1
o2793,570,3,"PAIN, aching, dull pain (See Boring, Drawing, Distress, Digging, Gnawing, Pressing, etc.), Umbilicus, extending to anus, mammary region",1
o2794,570,3,"PAIN, aching, dull pain (See Boring, Drawing, Distress, Digging, Gnawing, Pressing, etc.), Umbilicus, extending to anus, pudendum",1
o2795,570,4,"PAIN, aching, dull pain (See Boring, Drawing, Distress, Digging, Gnawing, Pressing, etc.), Umbilicus, extending to anus, pudendum, coughing, when",1
o2796,570,3,"PAIN, aching, dull pain (See Boring, Drawing, Distress, Digging, Gnawing, Pressing, etc.), Umbilicus, extending to anus, rectum",1
o2797,570,3,"PAIN, aching, dull pain (See Boring, Drawing, Distress, Digging, Gnawing, Pressing, etc.), Umbilicus, extending to anus, spine",2
o2798,570,3,"PAIN, aching, dull pain (See Boring, Drawing, Distress, Digging, Gnawing, Pressing, etc.), Umbilicus, extending to anus, sternum",1
o2799,570,3,"PAIN, aching, dull pain (See Boring, Drawing, Distress, Digging, Gnawing, Pressing, etc.), Umbilicus, extending to anus, stomach, pit of",5
o2800,570,3,"PAIN, aching, dull pain (See Boring, Drawing, Distress, Digging, Gnawing, Pressing, etc.), Umbilicus, extending to anus, throat",2
r1452,571,3,"PAIN, aching, dull pain (See Boring, Drawing, Distress, Digging, Gnawing, Pressing, etc.), Umbilicus, extending to anus, uterus",2
r1453,571,3,"PAIN, aching, dull pain (See Boring, Drawing, Distress, Digging, Gnawing, Pressing, etc.), Umbilicus, extending to anus, vagina",1
r1454,571,2,"PAIN, aching, dull pain (See Boring, Drawing, Distress, Digging, Gnawing, Pressing, etc.), Umbilicus, region of",105
r1455,571,3,"PAIN, aching, dull pain (See Boring, Drawing, Distress, Digging, Gnawing, Pressing, etc.), Umbilicus, region of, morning",13
r1456,571,4,"PAIN, aching, dull pain (See Boring, Drawing, Distress, Digging, Gnawing, Pressing, etc.), Umbilicus, region of, morning, waking, on",1
r1457,571,4,"PAIN, aching, dull pain (See Boring, Drawing, Distress, Digging, Gnawing, Pressing, etc.), Umbilicus, region of, morning, 6 a.m.",1
r1458,571,3,"PAIN, aching, dull pain (See Boring, Drawing, Distress, Digging, Gnawing, Pressing, etc.), Umbilicus, region of, forenoon",4
r1459,571,4,"PAIN, aching, dull pain (See Boring, Drawing, Distress, Digging, Gnawing, Pressing, etc.), Umbilicus, region of, forenoon, 10 a.m.",1
r1460,571,3,"PAIN, aching, dull pain (See Boring, Drawing, Distress, Digging, Gnawing, Pressing, etc.), Umbilicus, region of, noon",3
r1461,571,3,"PAIN, aching, dull pain (See Boring, Drawing, Distress, Digging, Gnawing, Pressing, etc.), Umbilicus, region of, afternoon",6
r1462,571,4,"PAIN, aching, dull pain (See Boring, Drawing, Distress, Digging, Gnawing, Pressing, etc.), Umbilicus, region of, afternoon, 2 p.m.",2
r1463,571,4,"PAIN, aching, dull pain (See Boring, Drawing, Distress, Digging, Gnawing, Pressing, etc.), Umbilicus, region of, afternoon, 3-4 p.m.",1
r1464,571,4,"PAIN, aching, dull pain (See Boring, Drawing, Distress, Digging, Gnawing, Pressing, etc.), Umbilicus, region of, afternoon, 4 p.m.",1
r1465,571,4,"PAIN, aching, dull pain (See Boring, Drawing, Distress, Digging, Gnawing, Pressing, etc.), Umbilicus, region of, afternoon, 5 p.m.",3
r1466,571,3,"PAIN, aching, dull pain (See Boring, Drawing, Distress, Digging, Gnawing, Pressing, etc.), Umbilicus, region of, evening",7
r1467,571,4,"PAIN, aching, dull pain (See Boring, Drawing, Distress, Digging, Gnawing, Pressing, etc.), Umbilicus, region of, evening, 5-6 p.m.",1
r1468,571,3,"PAIN, aching, dull pain (See Boring, Drawing, Distress, Digging, Gnawing, Pressing, etc.), Umbilicus, region of, night",24
r1469,571,4,"PAIN, aching, dull pain (See Boring, Drawing, Distress, Digging, Gnawing, Pressing, etc.), Umbilicus, region of, night, midnight",2
r1470,571,5,"PAIN, aching, dull pain (See Boring, Drawing, Distress, Digging, Gnawing, Pressing, etc.), Umbilicus, region of, night, midnight, stool, during",1
r1471,571,5,"PAIN, aching, dull pain (See Boring, Drawing, Distress, Digging, Gnawing, Pressing, etc.), Umbilicus, region of, night, midnight, after",1
h053,571,3,"PAIN, aching, dull pain (See Boring, Drawing, Distress, Digging, Gnawing, Pressing, etc.), Umbilicus, region of, bending backward",1
r1473,571,4,"PAIN, aching, dull pain (See Boring, Drawing, Distress, Digging, Gnawing, Pressing, etc.), Umbilicus, region of, bending backward, amel.",1
r1474,571,3,"PAIN, aching, dull pain (See Boring, Drawing, Distress, Digging, Gnawing, Pressing, etc.), Umbilicus, region of, cold drinks, from",1
o2825,571,4,"PAIN, aching, dull pain (See Boring, Drawing, Distress, Digging, Gnawing, Pressing, etc.), Umbilicus, region of, cold drinks, from, wet weather, in",1
r1476,571,3,"PAIN, aching, dull pain (See Boring, Drawing, Distress, Digging, Gnawing, Pressing, etc.), Umbilicus, region of, coughing, on",3
o2827,571,3,"PAIN, aching, dull pain (See Boring, Drawing, Distress, Digging, Gnawing, Pressing, etc.), Umbilicus, region of, diarrhœa, before",2
o2828,571,4,"PAIN, aching, dull pain (See Boring, Drawing, Distress, Digging, Gnawing, Pressing, etc.), Umbilicus, region of, diarrhœa, before, during",3
r1479,571,3,"PAIN, aching, dull pain (See Boring, Drawing, Distress, Digging, Gnawing, Pressing, etc.), Umbilicus, region of, dinner, after",5
o2830,571,3,"PAIN, aching, dull pain (See Boring, Drawing, Distress, Digging, Gnawing, Pressing, etc.), Umbilicus, region of, eating",10
r1481,571,3,"PAIN, aching, dull pain (See Boring, Drawing, Distress, Digging, Gnawing, Pressing, etc.), Umbilicus, region of, ice cream, after",1
r1482,571,3,"PAIN, aching, dull pain (See Boring, Drawing, Distress, Digging, Gnawing, Pressing, etc.), Umbilicus, region of, inspiration, deep",1
r1483,571,3,"PAIN, aching, dull pain (See Boring, Drawing, Distress, Digging, Gnawing, Pressing, etc.), Umbilicus, region of, menses, as if, would appear",1
o2842,571,4,"PAIN, aching, dull pain (See Boring, Drawing, Distress, Digging, Gnawing, Pressing, etc.), Umbilicus, region of, menses, as if, would appear, before",2
r1485,571,3,"PAIN, aching, dull pain (See Boring, Drawing, Distress, Digging, Gnawing, Pressing, etc.), Umbilicus, region of, motion agg.",2
r1486,571,3,"PAIN, aching, dull pain (See Boring, Drawing, Distress, Digging, Gnawing, Pressing, etc.), Umbilicus, region of, paroxysmal",2
r1487,571,3,"PAIN, aching, dull pain (See Boring, Drawing, Distress, Digging, Gnawing, Pressing, etc.), Umbilicus, region of, pressure agg.",1
o2854,571,4,"PAIN, aching, dull pain (See Boring, Drawing, Distress, Digging, Gnawing, Pressing, etc.), Umbilicus, region of, pressure agg., amel.",1
r1489,571,3,"PAIN, aching, dull pain (See Boring, Drawing, Distress, Digging, Gnawing, Pressing, etc.), Umbilicus, region of, rising, after",1
r1490,571,3,"PAIN, aching, dull pain (See Boring, Drawing, Distress, Digging, Gnawing, Pressing, etc.), Umbilicus, region of, sitting, while",3
r1491,571,3,"PAIN, aching, dull pain (See Boring, Drawing, Distress, Digging, Gnawing, Pressing, etc.), Umbilicus, region of, sour food",1
r1492,571,3,"PAIN, aching, dull pain (See Boring, Drawing, Distress, Digging, Gnawing, Pressing, etc.), Umbilicus, region of, stool, before",12
r1493,571,4,"PAIN, aching, dull pain (See Boring, Drawing, Distress, Digging, Gnawing, Pressing, etc.), Umbilicus, region of, stool, before, during",8
r1494,571,4,"PAIN, aching, dull pain (See Boring, Drawing, Distress, Digging, Gnawing, Pressing, etc.), Umbilicus, region of, stool, before, after",1
r1495,571,3,"PAIN, aching, dull pain (See Boring, Drawing, Distress, Digging, Gnawing, Pressing, etc.), Umbilicus, region of, transversely across",5
r1496,571,3,"PAIN, aching, dull pain (See Boring, Drawing, Distress, Digging, Gnawing, Pressing, etc.), Umbilicus, region of, violent",7
r1497,571,3,"PAIN, aching, dull pain (See Boring, Drawing, Distress, Digging, Gnawing, Pressing, etc.), Umbilicus, region of, walking, while",3
r1498,571,3,"PAIN, aching, dull pain (See Boring, Drawing, Distress, Digging, Gnawing, Pressing, etc.), Umbilicus, region of, extending downward",3
o2835,571,4,"PAIN, aching, dull pain (See Boring, Drawing, Distress, Digging, Gnawing, Pressing, etc.), Umbilicus, region of, extending downward, rectum",1
o2834,571,4,"PAIN, aching, dull pain (See Boring, Drawing, Distress, Digging, Gnawing, Pressing, etc.), Umbilicus, region of, extending downward, into thighs",1
o2836,571,4,"PAIN, aching, dull pain (See Boring, Drawing, Distress, Digging, Gnawing, Pressing, etc.), Umbilicus, region of, extending downward, to uterus",4
r1502,571,1,"PAIN, aching, dull pain (See Boring, Drawing, Distress, Digging, Gnawing, Pressing, etc.), bruised (See Sore)",0
r1503,571,1,"PAIN, aching, dull pain (See Boring, Drawing, Distress, Digging, Gnawing, Pressing, etc.), burning",125
r1504,572,2,"PAIN, aching, dull pain (See Boring, Drawing, Distress, Digging, Gnawing, Pressing, etc.), burning, morning",2
r1505,572,2,"PAIN, aching, dull pain (See Boring, Drawing, Distress, Digging, Gnawing, Pressing, etc.), burning, noon",1
r1506,572,2,"PAIN, aching, dull pain (See Boring, Drawing, Distress, Digging, Gnawing, Pressing, etc.), burning, afternoon",2
r1507,572,2,"PAIN, aching, dull pain (See Boring, Drawing, Distress, Digging, Gnawing, Pressing, etc.), burning, evening",2
r1508,572,2,"PAIN, aching, dull pain (See Boring, Drawing, Distress, Digging, Gnawing, Pressing, etc.), burning, blowing nose",1
r1509,572,2,"PAIN, aching, dull pain (See Boring, Drawing, Distress, Digging, Gnawing, Pressing, etc.), burning, breakfast, after",1
r1510,572,2,"PAIN, aching, dull pain (See Boring, Drawing, Distress, Digging, Gnawing, Pressing, etc.), burning, chilliness, during",1
r1511,572,2,"PAIN, aching, dull pain (See Boring, Drawing, Distress, Digging, Gnawing, Pressing, etc.), burning, coughing",1
r1512,572,2,"PAIN, aching, dull pain (See Boring, Drawing, Distress, Digging, Gnawing, Pressing, etc.), burning, eating, while",1
r1513,572,3,"PAIN, aching, dull pain (See Boring, Drawing, Distress, Digging, Gnawing, Pressing, etc.), burning, eating, while, after",1
r1514,572,2,"PAIN, aching, dull pain (See Boring, Drawing, Distress, Digging, Gnawing, Pressing, etc.), burning, ice cream, after",1
r1515,572,2,"PAIN, aching, dull pain (See Boring, Drawing, Distress, Digging, Gnawing, Pressing, etc.), burning, lying amel.",1
r1516,572,2,"PAIN, aching, dull pain (See Boring, Drawing, Distress, Digging, Gnawing, Pressing, etc.), burning, menses, during",13
r1517,572,2,"PAIN, aching, dull pain (See Boring, Drawing, Distress, Digging, Gnawing, Pressing, etc.), burning, motion agg.",1
r1518,572,2,"PAIN, aching, dull pain (See Boring, Drawing, Distress, Digging, Gnawing, Pressing, etc.), burning, paroxysmal",1
r1519,572,2,"PAIN, aching, dull pain (See Boring, Drawing, Distress, Digging, Gnawing, Pressing, etc.), burning, radiating",1
r1520,572,2,"PAIN, aching, dull pain (See Boring, Drawing, Distress, Digging, Gnawing, Pressing, etc.), burning, sitting, while",2
r1521,572,3,"PAIN, aching, dull pain (See Boring, Drawing, Distress, Digging, Gnawing, Pressing, etc.), burning, sitting, while, bent, while",1
r1522,572,2,"PAIN, aching, dull pain (See Boring, Drawing, Distress, Digging, Gnawing, Pressing, etc.), burning, sneezing",2
r1523,572,2,"PAIN, aching, dull pain (See Boring, Drawing, Distress, Digging, Gnawing, Pressing, etc.), burning, standing, while",1
r1524,572,2,"PAIN, aching, dull pain (See Boring, Drawing, Distress, Digging, Gnawing, Pressing, etc.), burning, stool, before",1
r1525,572,3,"PAIN, aching, dull pain (See Boring, Drawing, Distress, Digging, Gnawing, Pressing, etc.), burning, stool, before, during",2
r1526,572,3,"PAIN, aching, dull pain (See Boring, Drawing, Distress, Digging, Gnawing, Pressing, etc.), burning, stool, before, after",5
r1527,572,2,"PAIN, aching, dull pain (See Boring, Drawing, Distress, Digging, Gnawing, Pressing, etc.), burning, walking, while",2
r1528,572,3,"PAIN, aching, dull pain (See Boring, Drawing, Distress, Digging, Gnawing, Pressing, etc.), burning, walking, while, in open air",2
r1529,572,2,"PAIN, aching, dull pain (See Boring, Drawing, Distress, Digging, Gnawing, Pressing, etc.), burning, extending down, leg",1
r1530,572,2,"PAIN, aching, dull pain (See Boring, Drawing, Distress, Digging, Gnawing, Pressing, etc.), burning, Hypochondria",39
r1531,572,3,"PAIN, aching, dull pain (See Boring, Drawing, Distress, Digging, Gnawing, Pressing, etc.), burning, Hypochondria, right",25
r1532,572,4,"PAIN, aching, dull pain (See Boring, Drawing, Distress, Digging, Gnawing, Pressing, etc.), burning, Hypochondria, right, extending to right scapula",1
r1533,572,3,"PAIN, aching, dull pain (See Boring, Drawing, Distress, Digging, Gnawing, Pressing, etc.), burning, Hypochondria, left",14
r1534,572,4,"PAIN, aching, dull pain (See Boring, Drawing, Distress, Digging, Gnawing, Pressing, etc.), burning, Hypochondria, left, deep breathing, on",1
r1535,572,4,"PAIN, aching, dull pain (See Boring, Drawing, Distress, Digging, Gnawing, Pressing, etc.), burning, Hypochondria, left, lying on painful side agg.",2
r1536,572,3,"PAIN, aching, dull pain (See Boring, Drawing, Distress, Digging, Gnawing, Pressing, etc.), burning, Hypochondria, morning",2
r1537,572,3,"PAIN, aching, dull pain (See Boring, Drawing, Distress, Digging, Gnawing, Pressing, etc.), burning, Hypochondria, forenoon",1
r1538,572,3,"PAIN, aching, dull pain (See Boring, Drawing, Distress, Digging, Gnawing, Pressing, etc.), burning, Hypochondria, afternoon",2
r1539,572,4,"PAIN, aching, dull pain (See Boring, Drawing, Distress, Digging, Gnawing, Pressing, etc.), burning, Hypochondria, afternoon, 1 p.m.",1
r1540,572,3,"PAIN, aching, dull pain (See Boring, Drawing, Distress, Digging, Gnawing, Pressing, etc.), burning, Hypochondria, evening",1
r1541,572,3,"PAIN, aching, dull pain (See Boring, Drawing, Distress, Digging, Gnawing, Pressing, etc.), burning, Hypochondria, eating, after",1
r1542,572,3,"PAIN, aching, dull pain (See Boring, Drawing, Distress, Digging, Gnawing, Pressing, etc.), burning, Hypochondria, lying amel.",1
r1543,572,3,"PAIN, aching, dull pain (See Boring, Drawing, Distress, Digging, Gnawing, Pressing, etc.), burning, Hypochondria, motion amel.",1
r1544,572,3,"PAIN, aching, dull pain (See Boring, Drawing, Distress, Digging, Gnawing, Pressing, etc.), burning, Hypochondria, sitting, while",3
r1545,572,3,"PAIN, aching, dull pain (See Boring, Drawing, Distress, Digging, Gnawing, Pressing, etc.), burning, Hypochondria, standing, when",1
r1546,572,3,"PAIN, aching, dull pain (See Boring, Drawing, Distress, Digging, Gnawing, Pressing, etc.), burning, Hypochondria, touch",1
h054,572,3,"PAIN, aching, dull pain (See Boring, Drawing, Distress, Digging, Gnawing, Pressing, etc.), burning, Hypochondria, walking, while",1
r1548,572,4,"PAIN, aching, dull pain (See Boring, Drawing, Distress, Digging, Gnawing, Pressing, etc.), burning, Hypochondria, walking, while, amel.",1
r1549,572,2,"PAIN, aching, dull pain (See Boring, Drawing, Distress, Digging, Gnawing, Pressing, etc.), burning, Hypogastrium",20
r1550,572,3,"PAIN, aching, dull pain (See Boring, Drawing, Distress, Digging, Gnawing, Pressing, etc.), burning, Hypogastrium, left side",6
r1551,572,3,"PAIN, aching, dull pain (See Boring, Drawing, Distress, Digging, Gnawing, Pressing, etc.), burning, Hypogastrium, evening",1
r1552,572,3,"PAIN, aching, dull pain (See Boring, Drawing, Distress, Digging, Gnawing, Pressing, etc.), burning, Hypogastrium, night",1
r1553,572,3,"PAIN, aching, dull pain (See Boring, Drawing, Distress, Digging, Gnawing, Pressing, etc.), burning, Hypogastrium, across",1
r1554,572,3,"PAIN, aching, dull pain (See Boring, Drawing, Distress, Digging, Gnawing, Pressing, etc.), burning, Hypogastrium, cough, after",1
r1555,572,3,"PAIN, aching, dull pain (See Boring, Drawing, Distress, Digging, Gnawing, Pressing, etc.), burning, Hypogastrium, menses, during",1
r1556,572,3,"PAIN, aching, dull pain (See Boring, Drawing, Distress, Digging, Gnawing, Pressing, etc.), burning, Hypogastrium, motion amel.",2
o735,573,2,"PAIN, aching, dull pain (See Boring, Drawing, Distress, Digging, Gnawing, Pressing, etc.), burning, Ilio-cæcal region",1
r1558,573,2,"PAIN, aching, dull pain (See Boring, Drawing, Distress, Digging, Gnawing, Pressing, etc.), burning, Inguinal region",23
r1559,573,3,"PAIN, aching, dull pain (See Boring, Drawing, Distress, Digging, Gnawing, Pressing, etc.), burning, Inguinal region, right",7
r1560,573,3,"PAIN, aching, dull pain (See Boring, Drawing, Distress, Digging, Gnawing, Pressing, etc.), burning, Inguinal region, left",1
r1561,573,3,"PAIN, aching, dull pain (See Boring, Drawing, Distress, Digging, Gnawing, Pressing, etc.), burning, Inguinal region, forenoon",1
r1562,573,3,"PAIN, aching, dull pain (See Boring, Drawing, Distress, Digging, Gnawing, Pressing, etc.), burning, Inguinal region, menses, during",2
r1563,573,3,"PAIN, aching, dull pain (See Boring, Drawing, Distress, Digging, Gnawing, Pressing, etc.), burning, Inguinal region, sitting, while",1
r1564,573,4,"PAIN, aching, dull pain (See Boring, Drawing, Distress, Digging, Gnawing, Pressing, etc.), burning, Inguinal region, sitting, while, bent over, while",1
r1565,573,3,"PAIN, aching, dull pain (See Boring, Drawing, Distress, Digging, Gnawing, Pressing, etc.), burning, Inguinal region, stooping amel.",1
r1566,573,3,"PAIN, aching, dull pain (See Boring, Drawing, Distress, Digging, Gnawing, Pressing, etc.), burning, Inguinal region, urination, during",2
r1567,573,3,"PAIN, aching, dull pain (See Boring, Drawing, Distress, Digging, Gnawing, Pressing, etc.), burning, Inguinal region, glands",5
r1568,573,2,"PAIN, aching, dull pain (See Boring, Drawing, Distress, Digging, Gnawing, Pressing, etc.), burning, Liver",17
r1569,573,3,"PAIN, aching, dull pain (See Boring, Drawing, Distress, Digging, Gnawing, Pressing, etc.), burning, Liver, stool, after",2
r1570,573,2,"PAIN, aching, dull pain (See Boring, Drawing, Distress, Digging, Gnawing, Pressing, etc.), burning, Pancreas",1
r1571,573,2,"PAIN, aching, dull pain (See Boring, Drawing, Distress, Digging, Gnawing, Pressing, etc.), burning, Sides",11
r1572,573,3,"PAIN, aching, dull pain (See Boring, Drawing, Distress, Digging, Gnawing, Pressing, etc.), burning, Sides, left",1
r1573,573,3,"PAIN, aching, dull pain (See Boring, Drawing, Distress, Digging, Gnawing, Pressing, etc.), burning, Sides, afternoon",1
r1574,573,3,"PAIN, aching, dull pain (See Boring, Drawing, Distress, Digging, Gnawing, Pressing, etc.), burning, Sides, cough, during",1
r1575,573,3,"PAIN, aching, dull pain (See Boring, Drawing, Distress, Digging, Gnawing, Pressing, etc.), burning, Sides, dinner, after",1
r1576,573,3,"PAIN, aching, dull pain (See Boring, Drawing, Distress, Digging, Gnawing, Pressing, etc.), burning, Sides, sitting, on",1
r1577,573,3,"PAIN, aching, dull pain (See Boring, Drawing, Distress, Digging, Gnawing, Pressing, etc.), burning, Sides, spots, in",4
r1578,573,3,"PAIN, aching, dull pain (See Boring, Drawing, Distress, Digging, Gnawing, Pressing, etc.), burning, Sides, walking, while",1
r1579,573,3,"PAIN, aching, dull pain (See Boring, Drawing, Distress, Digging, Gnawing, Pressing, etc.), burning, Sides, flank in",3
r1580,573,4,"PAIN, aching, dull pain (See Boring, Drawing, Distress, Digging, Gnawing, Pressing, etc.), burning, Sides, flank in, on sneezing",1
r1581,573,2,"PAIN, aching, dull pain (See Boring, Drawing, Distress, Digging, Gnawing, Pressing, etc.), burning, Spleen",6
r1582,573,2,"PAIN, aching, dull pain (See Boring, Drawing, Distress, Digging, Gnawing, Pressing, etc.), burning, Umbilicus",5
r1583,573,3,"PAIN, aching, dull pain (See Boring, Drawing, Distress, Digging, Gnawing, Pressing, etc.), burning, Umbilicus, sleep amel.",1
r1584,573,3,"PAIN, aching, dull pain (See Boring, Drawing, Distress, Digging, Gnawing, Pressing, etc.), burning, Umbilicus, region of",40
r1585,573,4,"PAIN, aching, dull pain (See Boring, Drawing, Distress, Digging, Gnawing, Pressing, etc.), burning, Umbilicus, region of, evening",1
r1586,573,4,"PAIN, aching, dull pain (See Boring, Drawing, Distress, Digging, Gnawing, Pressing, etc.), burning, Umbilicus, region of, dinner, after",1
r1587,573,4,"PAIN, aching, dull pain (See Boring, Drawing, Distress, Digging, Gnawing, Pressing, etc.), burning, Umbilicus, region of, stool, before",1
r1588,573,4,"PAIN, aching, dull pain (See Boring, Drawing, Distress, Digging, Gnawing, Pressing, etc.), burning, Umbilicus, region of, urination, during",1
r1589,573,4,"PAIN, aching, dull pain (See Boring, Drawing, Distress, Digging, Gnawing, Pressing, etc.), burning, Umbilicus, region of, walking, while",1
r1590,573,1,"PAIN, aching, dull pain (See Boring, Drawing, Distress, Digging, Gnawing, Pressing, etc.), burrowing",8
r1591,573,2,"PAIN, aching, dull pain (See Boring, Drawing, Distress, Digging, Gnawing, Pressing, etc.), burrowing, bending forward amel.",1
r1592,573,2,"PAIN, aching, dull pain (See Boring, Drawing, Distress, Digging, Gnawing, Pressing, etc.), burrowing, rest amel.",1
r1593,573,2,"PAIN, aching, dull pain (See Boring, Drawing, Distress, Digging, Gnawing, Pressing, etc.), burrowing, Hypogastrium",1
r1594,573,2,"PAIN, aching, dull pain (See Boring, Drawing, Distress, Digging, Gnawing, Pressing, etc.), burrowing, Iliac region",1
r1595,573,2,"PAIN, aching, dull pain (See Boring, Drawing, Distress, Digging, Gnawing, Pressing, etc.), burrowing, Inguinal region",1
r1596,573,2,"PAIN, aching, dull pain (See Boring, Drawing, Distress, Digging, Gnawing, Pressing, etc.), burrowing, Umbilical region",1
r1597,573,1,"PAIN, aching, dull pain (See Boring, Drawing, Distress, Digging, Gnawing, Pressing, etc.), bursting",8
r1598,573,2,"PAIN, aching, dull pain (See Boring, Drawing, Distress, Digging, Gnawing, Pressing, etc.), bursting, coughing, on",1
r1599,573,2,"PAIN, aching, dull pain (See Boring, Drawing, Distress, Digging, Gnawing, Pressing, etc.), bursting, drinking, after",1
r1600,573,2,"PAIN, aching, dull pain (See Boring, Drawing, Distress, Digging, Gnawing, Pressing, etc.), bursting, eating, after",2
r1601,573,2,"PAIN, aching, dull pain (See Boring, Drawing, Distress, Digging, Gnawing, Pressing, etc.), bursting, rigor, during",1
r1602,573,2,"PAIN, aching, dull pain (See Boring, Drawing, Distress, Digging, Gnawing, Pressing, etc.), bursting, stool, before",1
r1603,573,1,"PAIN, aching, dull pain (See Boring, Drawing, Distress, Digging, Gnawing, Pressing, etc.), clawing",11
r1604,573,2,"PAIN, aching, dull pain (See Boring, Drawing, Distress, Digging, Gnawing, Pressing, etc.), clawing, menses, before",1
r1605,573,2,"PAIN, aching, dull pain (See Boring, Drawing, Distress, Digging, Gnawing, Pressing, etc.), clawing, Hypochondrium",3
r1606,573,3,"PAIN, aching, dull pain (See Boring, Drawing, Distress, Digging, Gnawing, Pressing, etc.), clawing, Hypochondrium, right",2
r1607,573,3,"PAIN, aching, dull pain (See Boring, Drawing, Distress, Digging, Gnawing, Pressing, etc.), clawing, Hypochondrium, extending to back",1
r1608,573,2,"PAIN, aching, dull pain (See Boring, Drawing, Distress, Digging, Gnawing, Pressing, etc.), clawing, Hypogastrium",3
r1609,573,2,"PAIN, aching, dull pain (See Boring, Drawing, Distress, Digging, Gnawing, Pressing, etc.), clawing, Inguinal region",1
r1610,573,2,"PAIN, aching, dull pain (See Boring, Drawing, Distress, Digging, Gnawing, Pressing, etc.), clawing, Sides",1
r1611,573,2,"PAIN, aching, dull pain (See Boring, Drawing, Distress, Digging, Gnawing, Pressing, etc.), clawing, Umbilical region",6
r1612,573,3,"PAIN, aching, dull pain (See Boring, Drawing, Distress, Digging, Gnawing, Pressing, etc.), clawing, Umbilical region, menses, before",1
r1613,573,3,"PAIN, aching, dull pain (See Boring, Drawing, Distress, Digging, Gnawing, Pressing, etc.), clawing, Umbilical region, paroxysmal",1
r1614,573,1,"PAIN, aching, dull pain (See Boring, Drawing, Distress, Digging, Gnawing, Pressing, etc.), constricting pain below short ribs extending to abdomen",1
r1615,573,1,"PAIN, aching, dull pain (See Boring, Drawing, Distress, Digging, Gnawing, Pressing, etc.), cramping, griping",230
r1749,574,2,"PAIN, aching, dull pain (See Boring, Drawing, Distress, Digging, Gnawing, Pressing, etc.), cramping, griping, morning",39
o948,574,3,"PAIN, aching, dull pain (See Boring, Drawing, Distress, Digging, Gnawing, Pressing, etc.), cramping, griping, morning, bed, in",7
o949,574,3,"PAIN, aching, dull pain (See Boring, Drawing, Distress, Digging, Gnawing, Pressing, etc.), cramping, griping, morning, fasting, from",1
o950,574,3,"PAIN, aching, dull pain (See Boring, Drawing, Distress, Digging, Gnawing, Pressing, etc.), cramping, griping, morning, rising, on",2
r1804,574,3,"PAIN, aching, dull pain (See Boring, Drawing, Distress, Digging, Gnawing, Pressing, etc.), cramping, griping, morning, waking, on",6
o951,574,4,"PAIN, aching, dull pain (See Boring, Drawing, Distress, Digging, Gnawing, Pressing, etc.), cramping, griping, morning, waking, on, 5 a.m.",1
o952,574,4,"PAIN, aching, dull pain (See Boring, Drawing, Distress, Digging, Gnawing, Pressing, etc.), cramping, griping, morning, waking, on, 6 a.m.",1
r1750,574,2,"PAIN, aching, dull pain (See Boring, Drawing, Distress, Digging, Gnawing, Pressing, etc.), cramping, griping, forenoon",14
o870,574,3,"PAIN, aching, dull pain (See Boring, Drawing, Distress, Digging, Gnawing, Pressing, etc.), cramping, griping, forenoon, 9 a.m.",1
o868,574,3,"PAIN, aching, dull pain (See Boring, Drawing, Distress, Digging, Gnawing, Pressing, etc.), cramping, griping, forenoon, 10 a.m.",1
o869,574,3,"PAIN, aching, dull pain (See Boring, Drawing, Distress, Digging, Gnawing, Pressing, etc.), cramping, griping, forenoon, 11 a.m.",1
r1805,574,2,"PAIN, aching, dull pain (See Boring, Drawing, Distress, Digging, Gnawing, Pressing, etc.), cramping, griping, noon",3
r1806,574,2,"PAIN, aching, dull pain (See Boring, Drawing, Distress, Digging, Gnawing, Pressing, etc.), cramping, griping, afternoon",23
o832,574,3,"PAIN, aching, dull pain (See Boring, Drawing, Distress, Digging, Gnawing, Pressing, etc.), cramping, griping, afternoon, 1 p.m.",1
r1807,574,3,"PAIN, aching, dull pain (See Boring, Drawing, Distress, Digging, Gnawing, Pressing, etc.), cramping, griping, afternoon, 4 p.m.",4
h055,574,3,"PAIN, aching, dull pain (See Boring, Drawing, Distress, Digging, Gnawing, Pressing, etc.), cramping, griping, afternoon, 4 to 9 p.m.",1
r1808,574,3,"PAIN, aching, dull pain (See Boring, Drawing, Distress, Digging, Gnawing, Pressing, etc.), cramping, griping, afternoon, 5 p.m.",2
r1809,574,2,"PAIN, aching, dull pain (See Boring, Drawing, Distress, Digging, Gnawing, Pressing, etc.), cramping, griping, evening",27
r1810,574,3,"PAIN, aching, dull pain (See Boring, Drawing, Distress, Digging, Gnawing, Pressing, etc.), cramping, griping, evening, bed, in",2
r1751,574,2,"PAIN, aching, dull pain (See Boring, Drawing, Distress, Digging, Gnawing, Pressing, etc.), cramping, griping, night",27
r1812,574,3,"PAIN, aching, dull pain (See Boring, Drawing, Distress, Digging, Gnawing, Pressing, etc.), cramping, griping, night, bed, in",2
o963,574,3,"PAIN, aching, dull pain (See Boring, Drawing, Distress, Digging, Gnawing, Pressing, etc.), cramping, griping, night, uncovering, on",1
o961,574,3,"PAIN, aching, dull pain (See Boring, Drawing, Distress, Digging, Gnawing, Pressing, etc.), cramping, griping, night, midnight",5
o962,574,4,"PAIN, aching, dull pain (See Boring, Drawing, Distress, Digging, Gnawing, Pressing, etc.), cramping, griping, night, midnight, after",1
o958,574,3,"PAIN, aching, dull pain (See Boring, Drawing, Distress, Digging, Gnawing, Pressing, etc.), cramping, griping, night, 1 a.m.",1
o959,574,3,"PAIN, aching, dull pain (See Boring, Drawing, Distress, Digging, Gnawing, Pressing, etc.), cramping, griping, night, 2 a.m.",1
o836,574,2,"PAIN, aching, dull pain (See Boring, Drawing, Distress, Digging, Gnawing, Pressing, etc.), cramping, griping, air, cold, in",2
h056,574,3,"PAIN, aching, dull pain (See Boring, Drawing, Distress, Digging, Gnawing, Pressing, etc.), cramping, griping, air, cold, in, open, in",1
o837,574,4,"PAIN, aching, dull pain (See Boring, Drawing, Distress, Digging, Gnawing, Pressing, etc.), cramping, griping, air, cold, in, open, in, amel.",1
o839,574,2,"PAIN, aching, dull pain (See Boring, Drawing, Distress, Digging, Gnawing, Pressing, etc.), cramping, griping, alternating with pain in chest",1
o840,574,3,"PAIN, aching, dull pain (See Boring, Drawing, Distress, Digging, Gnawing, Pressing, etc.), cramping, griping, alternating with pain in chest, with vertigo",1
o841,574,2,"PAIN, aching, dull pain (See Boring, Drawing, Distress, Digging, Gnawing, Pressing, etc.), cramping, griping, ascending steps",1
r1802,574,2,"PAIN, aching, dull pain (See Boring, Drawing, Distress, Digging, Gnawing, Pressing, etc.), cramping, griping, bed, in",11
o843,574,2,"PAIN, aching, dull pain (See Boring, Drawing, Distress, Digging, Gnawing, Pressing, etc.), cramping, griping, bending backward amel.",4
o844,575,2,"PAIN, aching, dull pain (See Boring, Drawing, Distress, Digging, Gnawing, Pressing, etc.), cramping, griping, bending forward amel.",18
r1816,575,2,"PAIN, aching, dull pain (See Boring, Drawing, Distress, Digging, Gnawing, Pressing, etc.), cramping, griping, breakfast, after",8
o846,575,2,"PAIN, aching, dull pain (See Boring, Drawing, Distress, Digging, Gnawing, Pressing, etc.), cramping, griping, chill, before",1
o847,575,3,"PAIN, aching, dull pain (See Boring, Drawing, Distress, Digging, Gnawing, Pressing, etc.), cramping, griping, chill, before, during",2
o848,575,2,"PAIN, aching, dull pain (See Boring, Drawing, Distress, Digging, Gnawing, Pressing, etc.), cramping, griping, chilliness, during",1
o849,575,2,"PAIN, aching, dull pain (See Boring, Drawing, Distress, Digging, Gnawing, Pressing, etc.), cramping, griping, coffee, from",4
o850,575,2,"PAIN, aching, dull pain (See Boring, Drawing, Distress, Digging, Gnawing, Pressing, etc.), cramping, griping, coition, during",1
r1817,575,2,"PAIN, aching, dull pain (See Boring, Drawing, Distress, Digging, Gnawing, Pressing, etc.), cramping, griping, cold, after taking",3
o852,575,2,"PAIN, aching, dull pain (See Boring, Drawing, Distress, Digging, Gnawing, Pressing, etc.), cramping, griping, constipation, during",4
o853,575,2,"PAIN, aching, dull pain (See Boring, Drawing, Distress, Digging, Gnawing, Pressing, etc.), cramping, griping, convulsions, with",1
o854,575,2,"PAIN, aching, dull pain (See Boring, Drawing, Distress, Digging, Gnawing, Pressing, etc.), cramping, griping, coughing, when",3
o856,575,2,"PAIN, aching, dull pain (See Boring, Drawing, Distress, Digging, Gnawing, Pressing, etc.), cramping, griping, dinner, during",2
r1819,575,3,"PAIN, aching, dull pain (See Boring, Drawing, Distress, Digging, Gnawing, Pressing, etc.), cramping, griping, dinner, during, after",14
r1664,575,2,"PAIN, aching, dull pain (See Boring, Drawing, Distress, Digging, Gnawing, Pressing, etc.), cramping, griping, doubling (See Bending)",0
o857,575,2,"PAIN, aching, dull pain (See Boring, Drawing, Distress, Digging, Gnawing, Pressing, etc.), cramping, griping, drinking water, after",10
o860,575,2,"PAIN, aching, dull pain (See Boring, Drawing, Distress, Digging, Gnawing, Pressing, etc.), cramping, griping, eating, while",4
o858,575,3,"PAIN, aching, dull pain (See Boring, Drawing, Distress, Digging, Gnawing, Pressing, etc.), cramping, griping, eating, while, after",25
o859,575,4,"PAIN, aching, dull pain (See Boring, Drawing, Distress, Digging, Gnawing, Pressing, etc.), cramping, griping, eating, while, after, amel.",2
o861,575,2,"PAIN, aching, dull pain (See Boring, Drawing, Distress, Digging, Gnawing, Pressing, etc.), cramping, griping, eructations amel.",3
o864,575,2,"PAIN, aching, dull pain (See Boring, Drawing, Distress, Digging, Gnawing, Pressing, etc.), cramping, griping, fever, during",5
h057,575,2,"PAIN, aching, dull pain (See Boring, Drawing, Distress, Digging, Gnawing, Pressing, etc.), cramping, griping, flatus, from passing",4
o865,575,3,"PAIN, aching, dull pain (See Boring, Drawing, Distress, Digging, Gnawing, Pressing, etc.), cramping, griping, flatus, from passing, amel.",21
r1820,575,2,"PAIN, aching, dull pain (See Boring, Drawing, Distress, Digging, Gnawing, Pressing, etc.), cramping, griping, fruit, after",4
o872,575,2,"PAIN, aching, dull pain (See Boring, Drawing, Distress, Digging, Gnawing, Pressing, etc.), cramping, griping, hot milk amel.",1
o910,575,2,"PAIN, aching, dull pain (See Boring, Drawing, Distress, Digging, Gnawing, Pressing, etc.), cramping, griping, hysterical",11
o911,575,2,"PAIN, aching, dull pain (See Boring, Drawing, Distress, Digging, Gnawing, Pressing, etc.), cramping, griping, ice cream, after",4
o912,575,2,"PAIN, aching, dull pain (See Boring, Drawing, Distress, Digging, Gnawing, Pressing, etc.), cramping, griping, indignation, after",1
o931,575,2,"PAIN, aching, dull pain (See Boring, Drawing, Distress, Digging, Gnawing, Pressing, etc.), cramping, griping, inspiration, on",4
o932,575,2,"PAIN, aching, dull pain (See Boring, Drawing, Distress, Digging, Gnawing, Pressing, etc.), cramping, griping, kneading abdomen amel.",1
h058,575,2,"PAIN, aching, dull pain (See Boring, Drawing, Distress, Digging, Gnawing, Pressing, etc.), cramping, griping, lying, while",2
o933,575,3,"PAIN, aching, dull pain (See Boring, Drawing, Distress, Digging, Gnawing, Pressing, etc.), cramping, griping, lying, while, amel.",2
o936,575,3,"PAIN, aching, dull pain (See Boring, Drawing, Distress, Digging, Gnawing, Pressing, etc.), cramping, griping, lying, while, on abdomen amel.",4
o935,575,3,"PAIN, aching, dull pain (See Boring, Drawing, Distress, Digging, Gnawing, Pressing, etc.), cramping, griping, lying, while, back, on, from",1
o934,575,3,"PAIN, aching, dull pain (See Boring, Drawing, Distress, Digging, Gnawing, Pressing, etc.), cramping, griping, lying, while, back with limbs drawn up amel.",1
h059,575,3,"PAIN, aching, dull pain (See Boring, Drawing, Distress, Digging, Gnawing, Pressing, etc.), cramping, griping, lying, while, side, on",2
o939,575,4,"PAIN, aching, dull pain (See Boring, Drawing, Distress, Digging, Gnawing, Pressing, etc.), cramping, griping, lying, while, side, on, amel.",1
o937,575,3,"PAIN, aching, dull pain (See Boring, Drawing, Distress, Digging, Gnawing, Pressing, etc.), cramping, griping, lying, while, right side, on, amel.",1
o941,575,2,"PAIN, aching, dull pain (See Boring, Drawing, Distress, Digging, Gnawing, Pressing, etc.), cramping, griping, melons, from",1
r1756,575,2,"PAIN, aching, dull pain (See Boring, Drawing, Distress, Digging, Gnawing, Pressing, etc.), cramping, griping, menses, before",30
o945,575,3,"PAIN, aching, dull pain (See Boring, Drawing, Distress, Digging, Gnawing, Pressing, etc.), cramping, griping, menses, before, from hip to hip",1
r1757,575,3,"PAIN, aching, dull pain (See Boring, Drawing, Distress, Digging, Gnawing, Pressing, etc.), cramping, griping, menses, before, during",47
r1758,575,3,"PAIN, aching, dull pain (See Boring, Drawing, Distress, Digging, Gnawing, Pressing, etc.), cramping, griping, menses, before, after",5
o946,575,2,"PAIN, aching, dull pain (See Boring, Drawing, Distress, Digging, Gnawing, Pressing, etc.), cramping, griping, milk, after",4
o954,575,2,"PAIN, aching, dull pain (See Boring, Drawing, Distress, Digging, Gnawing, Pressing, etc.), cramping, griping, mortification, from",1
o956,575,2,"PAIN, aching, dull pain (See Boring, Drawing, Distress, Digging, Gnawing, Pressing, etc.), cramping, griping, motion, on",13
o955,575,3,"PAIN, aching, dull pain (See Boring, Drawing, Distress, Digging, Gnawing, Pressing, etc.), cramping, griping, motion, on, amel.",3
r1697,575,2,"PAIN, aching, dull pain (See Boring, Drawing, Distress, Digging, Gnawing, Pressing, etc.), cramping, griping, periodical (See Pain in General)",0
r1759,575,2,"PAIN, aching, dull pain (See Boring, Drawing, Distress, Digging, Gnawing, Pressing, etc.), cramping, griping, pressure amel.",7
o966,575,2,"PAIN, aching, dull pain (See Boring, Drawing, Distress, Digging, Gnawing, Pressing, etc.), cramping, griping, riding, while",1
h060,575,2,"PAIN, aching, dull pain (See Boring, Drawing, Distress, Digging, Gnawing, Pressing, etc.), cramping, griping, rising from a seat",1
o968,575,3,"PAIN, aching, dull pain (See Boring, Drawing, Distress, Digging, Gnawing, Pressing, etc.), cramping, griping, rising from a seat, amel.",2
h061,576,2,"PAIN, aching, dull pain (See Boring, Drawing, Distress, Digging, Gnawing, Pressing, etc.), cramping, griping, sitting, while",6
o983,576,3,"PAIN, aching, dull pain (See Boring, Drawing, Distress, Digging, Gnawing, Pressing, etc.), cramping, griping, sitting, while, amel.",1
o984,576,3,"PAIN, aching, dull pain (See Boring, Drawing, Distress, Digging, Gnawing, Pressing, etc.), cramping, griping, sitting, while, bent, while",2
h062,576,2,"PAIN, aching, dull pain (See Boring, Drawing, Distress, Digging, Gnawing, Pressing, etc.), cramping, griping, sleep, during",1
o986,576,3,"PAIN, aching, dull pain (See Boring, Drawing, Distress, Digging, Gnawing, Pressing, etc.), cramping, griping, sleep, during, amel.",1
o988,576,2,"PAIN, aching, dull pain (See Boring, Drawing, Distress, Digging, Gnawing, Pressing, etc.), cramping, griping, smoking, after",1
r1824,576,2,"PAIN, aching, dull pain (See Boring, Drawing, Distress, Digging, Gnawing, Pressing, etc.), cramping, griping, soup, after",1
o990,576,2,"PAIN, aching, dull pain (See Boring, Drawing, Distress, Digging, Gnawing, Pressing, etc.), cramping, griping, standing, while",3
r1760,576,2,"PAIN, aching, dull pain (See Boring, Drawing, Distress, Digging, Gnawing, Pressing, etc.), cramping, griping, stool, before",85
o995,576,3,"PAIN, aching, dull pain (See Boring, Drawing, Distress, Digging, Gnawing, Pressing, etc.), cramping, griping, stool, before, hard, before",1
r1761,576,3,"PAIN, aching, dull pain (See Boring, Drawing, Distress, Digging, Gnawing, Pressing, etc.), cramping, griping, stool, before, during",44
o991,576,3,"PAIN, aching, dull pain (See Boring, Drawing, Distress, Digging, Gnawing, Pressing, etc.), cramping, griping, stool, before, after",25
o992,576,4,"PAIN, aching, dull pain (See Boring, Drawing, Distress, Digging, Gnawing, Pressing, etc.), cramping, griping, stool, before, after, amel.",18
o996,576,2,"PAIN, aching, dull pain (See Boring, Drawing, Distress, Digging, Gnawing, Pressing, etc.), cramping, griping, stooping agg.",4
r1764,576,2,"PAIN, aching, dull pain (See Boring, Drawing, Distress, Digging, Gnawing, Pressing, etc.), cramping, griping, supper, after",7
o998,576,2,"PAIN, aching, dull pain (See Boring, Drawing, Distress, Digging, Gnawing, Pressing, etc.), cramping, griping, suppressed hæmorrhoidal flow",1
o999,576,2,"PAIN, aching, dull pain (See Boring, Drawing, Distress, Digging, Gnawing, Pressing, etc.), cramping, griping, tea, after",1
h063,576,2,"PAIN, aching, dull pain (See Boring, Drawing, Distress, Digging, Gnawing, Pressing, etc.), cramping, griping, urination, on",4
o1042,576,3,"PAIN, aching, dull pain (See Boring, Drawing, Distress, Digging, Gnawing, Pressing, etc.), cramping, griping, urination, on, amel.",1
o1044,576,2,"PAIN, aching, dull pain (See Boring, Drawing, Distress, Digging, Gnawing, Pressing, etc.), cramping, griping, vexation, after",2
o1045,576,2,"PAIN, aching, dull pain (See Boring, Drawing, Distress, Digging, Gnawing, Pressing, etc.), cramping, griping, waking, on",12
o1048,576,2,"PAIN, aching, dull pain (See Boring, Drawing, Distress, Digging, Gnawing, Pressing, etc.), cramping, griping, walking, while",11
o1046,576,3,"PAIN, aching, dull pain (See Boring, Drawing, Distress, Digging, Gnawing, Pressing, etc.), cramping, griping, walking, while, amel.",7
r1767,576,3,"PAIN, aching, dull pain (See Boring, Drawing, Distress, Digging, Gnawing, Pressing, etc.), cramping, griping, walking, while, in open air",6
o1049,576,2,"PAIN, aching, dull pain (See Boring, Drawing, Distress, Digging, Gnawing, Pressing, etc.), cramping, griping, warm milk amel.",2
o1050,576,3,"PAIN, aching, dull pain (See Boring, Drawing, Distress, Digging, Gnawing, Pressing, etc.), cramping, griping, warm milk amel., room amel.",1
r1768,576,2,"PAIN, aching, dull pain (See Boring, Drawing, Distress, Digging, Gnawing, Pressing, etc.), cramping, griping, warmth amel.",3
o1052,576,2,"PAIN, aching, dull pain (See Boring, Drawing, Distress, Digging, Gnawing, Pressing, etc.), cramping, griping, wet, getting feet",1
o1053,576,2,"PAIN, aching, dull pain (See Boring, Drawing, Distress, Digging, Gnawing, Pressing, etc.), cramping, griping, wine, after",1
o1054,576,2,"PAIN, aching, dull pain (See Boring, Drawing, Distress, Digging, Gnawing, Pressing, etc.), cramping, griping, yawning",1
o873,576,2,"PAIN, aching, dull pain (See Boring, Drawing, Distress, Digging, Gnawing, Pressing, etc.), cramping, griping, Hypochondria",28
o881,576,3,"PAIN, aching, dull pain (See Boring, Drawing, Distress, Digging, Gnawing, Pressing, etc.), cramping, griping, Hypochondria, morning",1
o877,576,3,"PAIN, aching, dull pain (See Boring, Drawing, Distress, Digging, Gnawing, Pressing, etc.), cramping, griping, Hypochondria, evening",2
o882,576,3,"PAIN, aching, dull pain (See Boring, Drawing, Distress, Digging, Gnawing, Pressing, etc.), cramping, griping, Hypochondria, night",1
o874,576,3,"PAIN, aching, dull pain (See Boring, Drawing, Distress, Digging, Gnawing, Pressing, etc.), cramping, griping, Hypochondria, alternating with oppression of chest",1
o875,576,3,"PAIN, aching, dull pain (See Boring, Drawing, Distress, Digging, Gnawing, Pressing, etc.), cramping, griping, Hypochondria, coughing, on",1
o876,576,3,"PAIN, aching, dull pain (See Boring, Drawing, Distress, Digging, Gnawing, Pressing, etc.), cramping, griping, Hypochondria, eructation amel.",1
o880,576,3,"PAIN, aching, dull pain (See Boring, Drawing, Distress, Digging, Gnawing, Pressing, etc.), cramping, griping, Hypochondria, menses, before",1
o883,576,3,"PAIN, aching, dull pain (See Boring, Drawing, Distress, Digging, Gnawing, Pressing, etc.), cramping, griping, Hypochondria, respiration, deep",1
o884,576,3,"PAIN, aching, dull pain (See Boring, Drawing, Distress, Digging, Gnawing, Pressing, etc.), cramping, griping, Hypochondria, rubbing amel.",1
o885,576,3,"PAIN, aching, dull pain (See Boring, Drawing, Distress, Digging, Gnawing, Pressing, etc.), cramping, griping, Hypochondria, stooping, on",1
o886,576,3,"PAIN, aching, dull pain (See Boring, Drawing, Distress, Digging, Gnawing, Pressing, etc.), cramping, griping, Hypochondria, turning the body",1
o887,576,3,"PAIN, aching, dull pain (See Boring, Drawing, Distress, Digging, Gnawing, Pressing, etc.), cramping, griping, Hypochondria, walking, while",1
o878,576,3,"PAIN, aching, dull pain (See Boring, Drawing, Distress, Digging, Gnawing, Pressing, etc.), cramping, griping, Hypochondria, extending cross back",1
o879,576,4,"PAIN, aching, dull pain (See Boring, Drawing, Distress, Digging, Gnawing, Pressing, etc.), cramping, griping, Hypochondria, extending cross back, downward",1
o888,576,2,"PAIN, aching, dull pain (See Boring, Drawing, Distress, Digging, Gnawing, Pressing, etc.), cramping, griping, Hypogastrium",34
o890,577,3,"PAIN, aching, dull pain (See Boring, Drawing, Distress, Digging, Gnawing, Pressing, etc.), cramping, griping, Hypogastrium, daytime",1
o897,577,3,"PAIN, aching, dull pain (See Boring, Drawing, Distress, Digging, Gnawing, Pressing, etc.), cramping, griping, Hypogastrium, morning",3
o892,577,3,"PAIN, aching, dull pain (See Boring, Drawing, Distress, Digging, Gnawing, Pressing, etc.), cramping, griping, Hypogastrium, forenoon",1
o898,577,3,"PAIN, aching, dull pain (See Boring, Drawing, Distress, Digging, Gnawing, Pressing, etc.), cramping, griping, Hypogastrium, night",1
o899,577,4,"PAIN, aching, dull pain (See Boring, Drawing, Distress, Digging, Gnawing, Pressing, etc.), cramping, griping, Hypogastrium, night, menses, before",1
o889,577,3,"PAIN, aching, dull pain (See Boring, Drawing, Distress, Digging, Gnawing, Pressing, etc.), cramping, griping, Hypogastrium, bending double, compelling",1
o891,577,3,"PAIN, aching, dull pain (See Boring, Drawing, Distress, Digging, Gnawing, Pressing, etc.), cramping, griping, Hypogastrium, eating, after",1
o893,577,3,"PAIN, aching, dull pain (See Boring, Drawing, Distress, Digging, Gnawing, Pressing, etc.), cramping, griping, Hypogastrium, lying on back",1
o895,577,3,"PAIN, aching, dull pain (See Boring, Drawing, Distress, Digging, Gnawing, Pressing, etc.), cramping, griping, Hypogastrium, menses, before",11
o896,577,4,"PAIN, aching, dull pain (See Boring, Drawing, Distress, Digging, Gnawing, Pressing, etc.), cramping, griping, Hypogastrium, menses, before, during",7
o894,577,4,"PAIN, aching, dull pain (See Boring, Drawing, Distress, Digging, Gnawing, Pressing, etc.), cramping, griping, Hypogastrium, menses, before, after",1
o900,577,3,"PAIN, aching, dull pain (See Boring, Drawing, Distress, Digging, Gnawing, Pressing, etc.), cramping, griping, Hypogastrium, pressure amel.",1
o902,577,3,"PAIN, aching, dull pain (See Boring, Drawing, Distress, Digging, Gnawing, Pressing, etc.), cramping, griping, Hypogastrium, stool, before",4
o903,577,4,"PAIN, aching, dull pain (See Boring, Drawing, Distress, Digging, Gnawing, Pressing, etc.), cramping, griping, Hypogastrium, stool, before, during",1
o901,577,4,"PAIN, aching, dull pain (See Boring, Drawing, Distress, Digging, Gnawing, Pressing, etc.), cramping, griping, Hypogastrium, stool, before, after",1
o904,577,3,"PAIN, aching, dull pain (See Boring, Drawing, Distress, Digging, Gnawing, Pressing, etc.), cramping, griping, Hypogastrium, stooping, on",1
o905,577,3,"PAIN, aching, dull pain (See Boring, Drawing, Distress, Digging, Gnawing, Pressing, etc.), cramping, griping, Hypogastrium, supper, after",1
o906,577,3,"PAIN, aching, dull pain (See Boring, Drawing, Distress, Digging, Gnawing, Pressing, etc.), cramping, griping, Hypogastrium, urination, before",1
o907,577,3,"PAIN, aching, dull pain (See Boring, Drawing, Distress, Digging, Gnawing, Pressing, etc.), cramping, griping, Hypogastrium, walking",1
o908,577,4,"PAIN, aching, dull pain (See Boring, Drawing, Distress, Digging, Gnawing, Pressing, etc.), cramping, griping, Hypogastrium, walking, in open air",2
o909,577,3,"PAIN, aching, dull pain (See Boring, Drawing, Distress, Digging, Gnawing, Pressing, etc.), cramping, griping, Hypogastrium, warmth amel.",1
o913,577,2,"PAIN, aching, dull pain (See Boring, Drawing, Distress, Digging, Gnawing, Pressing, etc.), cramping, griping, Inguinal region",22
o924,577,3,"PAIN, aching, dull pain (See Boring, Drawing, Distress, Digging, Gnawing, Pressing, etc.), cramping, griping, Inguinal region, right",8
o919,577,3,"PAIN, aching, dull pain (See Boring, Drawing, Distress, Digging, Gnawing, Pressing, etc.), cramping, griping, Inguinal region, left",4
o922,577,3,"PAIN, aching, dull pain (See Boring, Drawing, Distress, Digging, Gnawing, Pressing, etc.), cramping, griping, Inguinal region, morning",1
o918,577,3,"PAIN, aching, dull pain (See Boring, Drawing, Distress, Digging, Gnawing, Pressing, etc.), cramping, griping, Inguinal region, forenoon, 11 a.m.",1
o914,577,3,"PAIN, aching, dull pain (See Boring, Drawing, Distress, Digging, Gnawing, Pressing, etc.), cramping, griping, Inguinal region, afternoon, 3 p.m.",1
o915,577,4,"PAIN, aching, dull pain (See Boring, Drawing, Distress, Digging, Gnawing, Pressing, etc.), cramping, griping, Inguinal region, afternoon, 3 p.m., 4 p.m.",1
o916,577,3,"PAIN, aching, dull pain (See Boring, Drawing, Distress, Digging, Gnawing, Pressing, etc.), cramping, griping, Inguinal region, ascending stairs",1
o921,577,3,"PAIN, aching, dull pain (See Boring, Drawing, Distress, Digging, Gnawing, Pressing, etc.), cramping, griping, Inguinal region, menses, during",1
o920,577,4,"PAIN, aching, dull pain (See Boring, Drawing, Distress, Digging, Gnawing, Pressing, etc.), cramping, griping, Inguinal region, menses, during, after",3
o923,577,3,"PAIN, aching, dull pain (See Boring, Drawing, Distress, Digging, Gnawing, Pressing, etc.), cramping, griping, Inguinal region, paroxysmal",1
h064,577,3,"PAIN, aching, dull pain (See Boring, Drawing, Distress, Digging, Gnawing, Pressing, etc.), cramping, griping, Inguinal region, rubbing, on",1
o925,577,4,"PAIN, aching, dull pain (See Boring, Drawing, Distress, Digging, Gnawing, Pressing, etc.), cramping, griping, Inguinal region, rubbing, on, amel.",1
o927,577,3,"PAIN, aching, dull pain (See Boring, Drawing, Distress, Digging, Gnawing, Pressing, etc.), cramping, griping, Inguinal region, sitting, while",2
o928,577,3,"PAIN, aching, dull pain (See Boring, Drawing, Distress, Digging, Gnawing, Pressing, etc.), cramping, griping, Inguinal region, stool, during",1
o929,577,3,"PAIN, aching, dull pain (See Boring, Drawing, Distress, Digging, Gnawing, Pressing, etc.), cramping, griping, Inguinal region, stretching, on",1
o930,577,3,"PAIN, aching, dull pain (See Boring, Drawing, Distress, Digging, Gnawing, Pressing, etc.), cramping, griping, Inguinal region, walking, while",3
o917,577,3,"PAIN, aching, dull pain (See Boring, Drawing, Distress, Digging, Gnawing, Pressing, etc.), cramping, griping, Inguinal region, extending to knee",1
o969,577,2,"PAIN, aching, dull pain (See Boring, Drawing, Distress, Digging, Gnawing, Pressing, etc.), cramping, griping, Sides",35
o975,577,3,"PAIN, aching, dull pain (See Boring, Drawing, Distress, Digging, Gnawing, Pressing, etc.), cramping, griping, Sides, right",11
o976,577,4,"PAIN, aching, dull pain (See Boring, Drawing, Distress, Digging, Gnawing, Pressing, etc.), cramping, griping, Sides, right, lying on left",1
o973,577,3,"PAIN, aching, dull pain (See Boring, Drawing, Distress, Digging, Gnawing, Pressing, etc.), cramping, griping, Sides, left",13
o974,577,4,"PAIN, aching, dull pain (See Boring, Drawing, Distress, Digging, Gnawing, Pressing, etc.), cramping, griping, Sides, left, to right",2
o970,577,3,"PAIN, aching, dull pain (See Boring, Drawing, Distress, Digging, Gnawing, Pressing, etc.), cramping, griping, Sides, evening",1
o972,577,3,"PAIN, aching, dull pain (See Boring, Drawing, Distress, Digging, Gnawing, Pressing, etc.), cramping, griping, Sides, inspiration agg.",1
o978,577,3,"PAIN, aching, dull pain (See Boring, Drawing, Distress, Digging, Gnawing, Pressing, etc.), cramping, griping, Sides, sitting, while",1
o977,577,4,"PAIN, aching, dull pain (See Boring, Drawing, Distress, Digging, Gnawing, Pressing, etc.), cramping, griping, Sides, sitting, while, bent, while",1
o979,577,3,"PAIN, aching, dull pain (See Boring, Drawing, Distress, Digging, Gnawing, Pressing, etc.), cramping, griping, Sides, standing agg.",1
o980,577,3,"PAIN, aching, dull pain (See Boring, Drawing, Distress, Digging, Gnawing, Pressing, etc.), cramping, griping, Sides, stool, before",1
o981,577,4,"PAIN, aching, dull pain (See Boring, Drawing, Distress, Digging, Gnawing, Pressing, etc.), cramping, griping, Sides, stool, before, during",1
o982,577,3,"PAIN, aching, dull pain (See Boring, Drawing, Distress, Digging, Gnawing, Pressing, etc.), cramping, griping, Sides, stooping",1
o971,577,3,"PAIN, aching, dull pain (See Boring, Drawing, Distress, Digging, Gnawing, Pressing, etc.), cramping, griping, Sides, flank",11
o1000,577,2,"PAIN, aching, dull pain (See Boring, Drawing, Distress, Digging, Gnawing, Pressing, etc.), cramping, griping, Umbilicus, region of",88
o1023,578,3,"PAIN, aching, dull pain (See Boring, Drawing, Distress, Digging, Gnawing, Pressing, etc.), cramping, griping, Umbilicus, region of, morning",5
o1024,578,4,"PAIN, aching, dull pain (See Boring, Drawing, Distress, Digging, Gnawing, Pressing, etc.), cramping, griping, Umbilicus, region of, morning, bed, in",1
o1025,578,4,"PAIN, aching, dull pain (See Boring, Drawing, Distress, Digging, Gnawing, Pressing, etc.), cramping, griping, Umbilicus, region of, morning, rising, after",1
o1026,578,4,"PAIN, aching, dull pain (See Boring, Drawing, Distress, Digging, Gnawing, Pressing, etc.), cramping, griping, Umbilicus, region of, morning, waking, on",1
o1020,578,3,"PAIN, aching, dull pain (See Boring, Drawing, Distress, Digging, Gnawing, Pressing, etc.), cramping, griping, Umbilicus, region of, forenoon",3
o1031,578,3,"PAIN, aching, dull pain (See Boring, Drawing, Distress, Digging, Gnawing, Pressing, etc.), cramping, griping, Umbilicus, region of, noon",1
o1001,578,3,"PAIN, aching, dull pain (See Boring, Drawing, Distress, Digging, Gnawing, Pressing, etc.), cramping, griping, Umbilicus, region of, afternoon",4
o1002,578,4,"PAIN, aching, dull pain (See Boring, Drawing, Distress, Digging, Gnawing, Pressing, etc.), cramping, griping, Umbilicus, region of, afternoon, 4 p.m.",1
o1003,578,4,"PAIN, aching, dull pain (See Boring, Drawing, Distress, Digging, Gnawing, Pressing, etc.), cramping, griping, Umbilicus, region of, afternoon, 5 p.m.",2
o1011,578,3,"PAIN, aching, dull pain (See Boring, Drawing, Distress, Digging, Gnawing, Pressing, etc.), cramping, griping, Umbilicus, region of, evening",3
o1012,578,4,"PAIN, aching, dull pain (See Boring, Drawing, Distress, Digging, Gnawing, Pressing, etc.), cramping, griping, Umbilicus, region of, evening, bed, in",1
o1013,578,4,"PAIN, aching, dull pain (See Boring, Drawing, Distress, Digging, Gnawing, Pressing, etc.), cramping, griping, Umbilicus, region of, evening, stool, during",1
o1028,578,3,"PAIN, aching, dull pain (See Boring, Drawing, Distress, Digging, Gnawing, Pressing, etc.), cramping, griping, Umbilicus, region of, night",4
o1029,578,4,"PAIN, aching, dull pain (See Boring, Drawing, Distress, Digging, Gnawing, Pressing, etc.), cramping, griping, Umbilicus, region of, night, bed, in",1
o1030,578,4,"PAIN, aching, dull pain (See Boring, Drawing, Distress, Digging, Gnawing, Pressing, etc.), cramping, griping, Umbilicus, region of, night, waking, on",1
o1004,578,3,"PAIN, aching, dull pain (See Boring, Drawing, Distress, Digging, Gnawing, Pressing, etc.), cramping, griping, Umbilicus, region of, bending body",1
o1005,578,4,"PAIN, aching, dull pain (See Boring, Drawing, Distress, Digging, Gnawing, Pressing, etc.), cramping, griping, Umbilicus, region of, bending body, forward amel.",3
o1006,578,3,"PAIN, aching, dull pain (See Boring, Drawing, Distress, Digging, Gnawing, Pressing, etc.), cramping, griping, Umbilicus, region of, breakfast, after",2
o1007,578,3,"PAIN, aching, dull pain (See Boring, Drawing, Distress, Digging, Gnawing, Pressing, etc.), cramping, griping, Umbilicus, region of, cold, after taking",1
o1008,578,3,"PAIN, aching, dull pain (See Boring, Drawing, Distress, Digging, Gnawing, Pressing, etc.), cramping, griping, Umbilicus, region of, diarrhœa, before",2
o1009,578,3,"PAIN, aching, dull pain (See Boring, Drawing, Distress, Digging, Gnawing, Pressing, etc.), cramping, griping, Umbilicus, region of, dinner, after",5
o1010,578,3,"PAIN, aching, dull pain (See Boring, Drawing, Distress, Digging, Gnawing, Pressing, etc.), cramping, griping, Umbilicus, region of, eating, after",7
o1021,578,3,"PAIN, aching, dull pain (See Boring, Drawing, Distress, Digging, Gnawing, Pressing, etc.), cramping, griping, Umbilicus, region of, fruit, after",1
o1022,578,3,"PAIN, aching, dull pain (See Boring, Drawing, Distress, Digging, Gnawing, Pressing, etc.), cramping, griping, Umbilicus, region of, menses, before",1
o1027,578,3,"PAIN, aching, dull pain (See Boring, Drawing, Distress, Digging, Gnawing, Pressing, etc.), cramping, griping, Umbilicus, region of, motion",1
o1033,578,3,"PAIN, aching, dull pain (See Boring, Drawing, Distress, Digging, Gnawing, Pressing, etc.), cramping, griping, Umbilicus, region of, sitting, while",2
o1032,578,4,"PAIN, aching, dull pain (See Boring, Drawing, Distress, Digging, Gnawing, Pressing, etc.), cramping, griping, Umbilicus, region of, sitting, while, bent",1
o1034,578,3,"PAIN, aching, dull pain (See Boring, Drawing, Distress, Digging, Gnawing, Pressing, etc.), cramping, griping, Umbilicus, region of, soup, after",1
o1035,578,3,"PAIN, aching, dull pain (See Boring, Drawing, Distress, Digging, Gnawing, Pressing, etc.), cramping, griping, Umbilicus, region of, sour food, after",1
o1036,578,3,"PAIN, aching, dull pain (See Boring, Drawing, Distress, Digging, Gnawing, Pressing, etc.), cramping, griping, Umbilicus, region of, standing",2
o1037,578,3,"PAIN, aching, dull pain (See Boring, Drawing, Distress, Digging, Gnawing, Pressing, etc.), cramping, griping, Umbilicus, region of, stool, before",7
o1038,578,4,"PAIN, aching, dull pain (See Boring, Drawing, Distress, Digging, Gnawing, Pressing, etc.), cramping, griping, Umbilicus, region of, stool, before, during",5
o1039,578,3,"PAIN, aching, dull pain (See Boring, Drawing, Distress, Digging, Gnawing, Pressing, etc.), cramping, griping, Umbilicus, region of, stooping",1
o1040,578,3,"PAIN, aching, dull pain (See Boring, Drawing, Distress, Digging, Gnawing, Pressing, etc.), cramping, griping, Umbilicus, region of, supper, after",1
o1041,578,3,"PAIN, aching, dull pain (See Boring, Drawing, Distress, Digging, Gnawing, Pressing, etc.), cramping, griping, Umbilicus, region of, walking, while",2
o1014,578,3,"PAIN, aching, dull pain (See Boring, Drawing, Distress, Digging, Gnawing, Pressing, etc.), cramping, griping, Umbilicus, region of, extending to abdomen",1
o1015,578,4,"PAIN, aching, dull pain (See Boring, Drawing, Distress, Digging, Gnawing, Pressing, etc.), cramping, griping, Umbilicus, region of, extending to abdomen, anus",1
o1016,578,4,"PAIN, aching, dull pain (See Boring, Drawing, Distress, Digging, Gnawing, Pressing, etc.), cramping, griping, Umbilicus, region of, extending to abdomen, downward",1
o1017,578,4,"PAIN, aching, dull pain (See Boring, Drawing, Distress, Digging, Gnawing, Pressing, etc.), cramping, griping, Umbilicus, region of, extending to abdomen, groin",1
o1018,578,4,"PAIN, aching, dull pain (See Boring, Drawing, Distress, Digging, Gnawing, Pressing, etc.), cramping, griping, Umbilicus, region of, extending to abdomen, stomach",2
o1019,578,4,"PAIN, aching, dull pain (See Boring, Drawing, Distress, Digging, Gnawing, Pressing, etc.), cramping, griping, Umbilicus, region of, extending to abdomen, throat",1
r1835,578,1,"PAIN, aching, dull pain (See Boring, Drawing, Distress, Digging, Gnawing, Pressing, etc.), cutting",176
r1836,578,2,"PAIN, aching, dull pain (See Boring, Drawing, Distress, Digging, Gnawing, Pressing, etc.), cutting, daytime",1
r1837,578,2,"PAIN, aching, dull pain (See Boring, Drawing, Distress, Digging, Gnawing, Pressing, etc.), cutting, morning",22
r1838,578,3,"PAIN, aching, dull pain (See Boring, Drawing, Distress, Digging, Gnawing, Pressing, etc.), cutting, morning, bed, in",1
r1839,579,3,"PAIN, aching, dull pain (See Boring, Drawing, Distress, Digging, Gnawing, Pressing, etc.), cutting, morning, rising, after",1
r1840,579,3,"PAIN, aching, dull pain (See Boring, Drawing, Distress, Digging, Gnawing, Pressing, etc.), cutting, morning, stool, during",1
r1841,579,3,"PAIN, aching, dull pain (See Boring, Drawing, Distress, Digging, Gnawing, Pressing, etc.), cutting, morning, waking, on",1
r1842,579,2,"PAIN, aching, dull pain (See Boring, Drawing, Distress, Digging, Gnawing, Pressing, etc.), cutting, forenoon",5
r1843,579,2,"PAIN, aching, dull pain (See Boring, Drawing, Distress, Digging, Gnawing, Pressing, etc.), cutting, noon",2
r1844,579,3,"PAIN, aching, dull pain (See Boring, Drawing, Distress, Digging, Gnawing, Pressing, etc.), cutting, noon, soup, after",2
r1845,579,2,"PAIN, aching, dull pain (See Boring, Drawing, Distress, Digging, Gnawing, Pressing, etc.), cutting, afternoon",12
r1846,579,3,"PAIN, aching, dull pain (See Boring, Drawing, Distress, Digging, Gnawing, Pressing, etc.), cutting, afternoon, 1 p.m.",1
h065,579,3,"PAIN, aching, dull pain (See Boring, Drawing, Distress, Digging, Gnawing, Pressing, etc.), cutting, afternoon, 2 to 4 p.m.",1
r1848,579,3,"PAIN, aching, dull pain (See Boring, Drawing, Distress, Digging, Gnawing, Pressing, etc.), cutting, afternoon, 5 p.m.",1
r1849,579,2,"PAIN, aching, dull pain (See Boring, Drawing, Distress, Digging, Gnawing, Pressing, etc.), cutting, evening",30
r1850,579,3,"PAIN, aching, dull pain (See Boring, Drawing, Distress, Digging, Gnawing, Pressing, etc.), cutting, evening, sitting still agg.",1
r1851,579,3,"PAIN, aching, dull pain (See Boring, Drawing, Distress, Digging, Gnawing, Pressing, etc.), cutting, evening, 5 p.m., lasting all night",1
r1852,579,3,"PAIN, aching, dull pain (See Boring, Drawing, Distress, Digging, Gnawing, Pressing, etc.), cutting, evening, 7 p.m.",2
r1853,579,2,"PAIN, aching, dull pain (See Boring, Drawing, Distress, Digging, Gnawing, Pressing, etc.), cutting, night",19
r1854,579,3,"PAIN, aching, dull pain (See Boring, Drawing, Distress, Digging, Gnawing, Pressing, etc.), cutting, night, bed, in",2
r1855,579,3,"PAIN, aching, dull pain (See Boring, Drawing, Distress, Digging, Gnawing, Pressing, etc.), cutting, night, pressing to urinate, when",1
r1856,579,3,"PAIN, aching, dull pain (See Boring, Drawing, Distress, Digging, Gnawing, Pressing, etc.), cutting, night, midnight",6
r1857,579,4,"PAIN, aching, dull pain (See Boring, Drawing, Distress, Digging, Gnawing, Pressing, etc.), cutting, night, midnight, after",2
r1858,579,3,"PAIN, aching, dull pain (See Boring, Drawing, Distress, Digging, Gnawing, Pressing, etc.), cutting, night, 1 a.m.",1
r1859,579,3,"PAIN, aching, dull pain (See Boring, Drawing, Distress, Digging, Gnawing, Pressing, etc.), cutting, night, 2 a.m.",2
r1860,579,3,"PAIN, aching, dull pain (See Boring, Drawing, Distress, Digging, Gnawing, Pressing, etc.), cutting, night, 3 a.m.",1
r1861,579,3,"PAIN, aching, dull pain (See Boring, Drawing, Distress, Digging, Gnawing, Pressing, etc.), cutting, night, 4 a.m.",2
r1862,579,3,"PAIN, aching, dull pain (See Boring, Drawing, Distress, Digging, Gnawing, Pressing, etc.), cutting, night, 5 a.m.",2
h066,579,2,"PAIN, aching, dull pain (See Boring, Drawing, Distress, Digging, Gnawing, Pressing, etc.), cutting, air, open, in",1
r1864,579,3,"PAIN, aching, dull pain (See Boring, Drawing, Distress, Digging, Gnawing, Pressing, etc.), cutting, air, open, in, amel.",2
r1865,579,2,"PAIN, aching, dull pain (See Boring, Drawing, Distress, Digging, Gnawing, Pressing, etc.), cutting, ascending, on",1
r1866,579,2,"PAIN, aching, dull pain (See Boring, Drawing, Distress, Digging, Gnawing, Pressing, etc.), cutting, bending double amel.",4
o1064,579,3,"PAIN, aching, dull pain (See Boring, Drawing, Distress, Digging, Gnawing, Pressing, etc.), cutting, bending double amel., backward",1
r1868,579,2,"PAIN, aching, dull pain (See Boring, Drawing, Distress, Digging, Gnawing, Pressing, etc.), cutting, breakfast, after",6
r1869,579,2,"PAIN, aching, dull pain (See Boring, Drawing, Distress, Digging, Gnawing, Pressing, etc.), cutting, chill, before",1
r1870,579,2,"PAIN, aching, dull pain (See Boring, Drawing, Distress, Digging, Gnawing, Pressing, etc.), cutting, cold, from a",1
h067,579,3,"PAIN, aching, dull pain (See Boring, Drawing, Distress, Digging, Gnawing, Pressing, etc.), cutting, cold, from a, water, drinking, after",1
r1872,579,4,"PAIN, aching, dull pain (See Boring, Drawing, Distress, Digging, Gnawing, Pressing, etc.), cutting, cold, from a, water, drinking, after, amel.",1
r1873,579,2,"PAIN, aching, dull pain (See Boring, Drawing, Distress, Digging, Gnawing, Pressing, etc.), cutting, coughing, on",5
r1874,579,2,"PAIN, aching, dull pain (See Boring, Drawing, Distress, Digging, Gnawing, Pressing, etc.), cutting, dinner, before",2
r1875,579,3,"PAIN, aching, dull pain (See Boring, Drawing, Distress, Digging, Gnawing, Pressing, etc.), cutting, dinner, before, during",2
r1876,579,3,"PAIN, aching, dull pain (See Boring, Drawing, Distress, Digging, Gnawing, Pressing, etc.), cutting, dinner, before, after",13
r1877,579,2,"PAIN, aching, dull pain (See Boring, Drawing, Distress, Digging, Gnawing, Pressing, etc.), cutting, drawing in abdomen, on",1
o1076,579,3,"PAIN, aching, dull pain (See Boring, Drawing, Distress, Digging, Gnawing, Pressing, etc.), cutting, drawing in abdomen, on, up feet amel.",1
r1879,579,2,"PAIN, aching, dull pain (See Boring, Drawing, Distress, Digging, Gnawing, Pressing, etc.), cutting, drinking, after",4
h068,579,2,"PAIN, aching, dull pain (See Boring, Drawing, Distress, Digging, Gnawing, Pressing, etc.), cutting, eating, while",3
r1881,579,3,"PAIN, aching, dull pain (See Boring, Drawing, Distress, Digging, Gnawing, Pressing, etc.), cutting, eating, while, after",14
r1882,579,3,"PAIN, aching, dull pain (See Boring, Drawing, Distress, Digging, Gnawing, Pressing, etc.), cutting, eating, while, amel.",1
r1883,579,2,"PAIN, aching, dull pain (See Boring, Drawing, Distress, Digging, Gnawing, Pressing, etc.), cutting, electric shock darting through the anus, like",1
r1884,579,2,"PAIN, aching, dull pain (See Boring, Drawing, Distress, Digging, Gnawing, Pressing, etc.), cutting, eructations amel.",1
r1885,579,2,"PAIN, aching, dull pain (See Boring, Drawing, Distress, Digging, Gnawing, Pressing, etc.), cutting, false labor pains, like",1
r1886,579,2,"PAIN, aching, dull pain (See Boring, Drawing, Distress, Digging, Gnawing, Pressing, etc.), cutting, fasting",1
r1887,579,2,"PAIN, aching, dull pain (See Boring, Drawing, Distress, Digging, Gnawing, Pressing, etc.), cutting, flatus, passing, amel.",16
h069,579,2,"PAIN, aching, dull pain (See Boring, Drawing, Distress, Digging, Gnawing, Pressing, etc.), cutting, heat, during",1
r1889,579,3,"PAIN, aching, dull pain (See Boring, Drawing, Distress, Digging, Gnawing, Pressing, etc.), cutting, heat, during, amel.",1
r1890,579,2,"PAIN, aching, dull pain (See Boring, Drawing, Distress, Digging, Gnawing, Pressing, etc.), cutting, inspiration, on",2
r1891,579,2,"PAIN, aching, dull pain (See Boring, Drawing, Distress, Digging, Gnawing, Pressing, etc.), cutting, labor, during",2
r1892,579,2,"PAIN, aching, dull pain (See Boring, Drawing, Distress, Digging, Gnawing, Pressing, etc.), cutting, lead colic",1
r1893,579,2,"PAIN, aching, dull pain (See Boring, Drawing, Distress, Digging, Gnawing, Pressing, etc.), cutting, lying",1
r1894,579,2,"PAIN, aching, dull pain (See Boring, Drawing, Distress, Digging, Gnawing, Pressing, etc.), cutting, menses, before",8
r1895,579,3,"PAIN, aching, dull pain (See Boring, Drawing, Distress, Digging, Gnawing, Pressing, etc.), cutting, menses, before, from hip to hip",2
r1896,579,3,"PAIN, aching, dull pain (See Boring, Drawing, Distress, Digging, Gnawing, Pressing, etc.), cutting, menses, before, on appearance of",5
r1898,580,3,"PAIN, aching, dull pain (See Boring, Drawing, Distress, Digging, Gnawing, Pressing, etc.), cutting, menses, before, during",22
r1899,580,3,"PAIN, aching, dull pain (See Boring, Drawing, Distress, Digging, Gnawing, Pressing, etc.), cutting, menses, before, after",2
r1900,580,3,"PAIN, aching, dull pain (See Boring, Drawing, Distress, Digging, Gnawing, Pressing, etc.), cutting, menses, before, as if, would appear",1
r1901,580,2,"PAIN, aching, dull pain (See Boring, Drawing, Distress, Digging, Gnawing, Pressing, etc.), cutting, milk, after",1
r1902,580,2,"PAIN, aching, dull pain (See Boring, Drawing, Distress, Digging, Gnawing, Pressing, etc.), cutting, mortification, after",1
o1173,580,2,"PAIN, aching, dull pain (See Boring, Drawing, Distress, Digging, Gnawing, Pressing, etc.), cutting, motion, on",8
r1904,580,3,"PAIN, aching, dull pain (See Boring, Drawing, Distress, Digging, Gnawing, Pressing, etc.), cutting, motion, on, amel.",2
r1905,580,2,"PAIN, aching, dull pain (See Boring, Drawing, Distress, Digging, Gnawing, Pressing, etc.), cutting, paroxysmal",6
r1906,580,2,"PAIN, aching, dull pain (See Boring, Drawing, Distress, Digging, Gnawing, Pressing, etc.), cutting, pork, after",1
r1907,580,2,"PAIN, aching, dull pain (See Boring, Drawing, Distress, Digging, Gnawing, Pressing, etc.), cutting, rising, after",1
o64374,580,2,"PAIN, aching, dull pain (See Boring, Drawing, Distress, Digging, Gnawing, Pressing, etc.), cutting, sitting, while",7
r1909,580,3,"PAIN, aching, dull pain (See Boring, Drawing, Distress, Digging, Gnawing, Pressing, etc.), cutting, sitting, while, amel.",1
r1910,580,2,"PAIN, aching, dull pain (See Boring, Drawing, Distress, Digging, Gnawing, Pressing, etc.), cutting, standing, on",2
r1911,580,2,"PAIN, aching, dull pain (See Boring, Drawing, Distress, Digging, Gnawing, Pressing, etc.), cutting, step, on every",2
r1912,580,2,"PAIN, aching, dull pain (See Boring, Drawing, Distress, Digging, Gnawing, Pressing, etc.), cutting, stool, before",69
o1213,580,3,"PAIN, aching, dull pain (See Boring, Drawing, Distress, Digging, Gnawing, Pressing, etc.), cutting, stool, before, during",37
o1212,580,3,"PAIN, aching, dull pain (See Boring, Drawing, Distress, Digging, Gnawing, Pressing, etc.), cutting, stool, before, diarrhœic, during",8
o1208,580,3,"PAIN, aching, dull pain (See Boring, Drawing, Distress, Digging, Gnawing, Pressing, etc.), cutting, stool, before, after",14
r1916,580,4,"PAIN, aching, dull pain (See Boring, Drawing, Distress, Digging, Gnawing, Pressing, etc.), cutting, stool, before, after, amel.",12
r1917,580,3,"PAIN, aching, dull pain (See Boring, Drawing, Distress, Digging, Gnawing, Pressing, etc.), cutting, stool, before, causing urging to",5
r1918,580,2,"PAIN, aching, dull pain (See Boring, Drawing, Distress, Digging, Gnawing, Pressing, etc.), cutting, stooping amel.",1
r1919,580,2,"PAIN, aching, dull pain (See Boring, Drawing, Distress, Digging, Gnawing, Pressing, etc.), cutting, stretching, on",1
r1920,580,2,"PAIN, aching, dull pain (See Boring, Drawing, Distress, Digging, Gnawing, Pressing, etc.), cutting, supper, after",3
r1921,580,2,"PAIN, aching, dull pain (See Boring, Drawing, Distress, Digging, Gnawing, Pressing, etc.), cutting, urination, before",3
r1922,580,3,"PAIN, aching, dull pain (See Boring, Drawing, Distress, Digging, Gnawing, Pressing, etc.), cutting, urination, before, during",4
r1923,580,3,"PAIN, aching, dull pain (See Boring, Drawing, Distress, Digging, Gnawing, Pressing, etc.), cutting, urination, before, after",2
r1924,580,2,"PAIN, aching, dull pain (See Boring, Drawing, Distress, Digging, Gnawing, Pressing, etc.), cutting, vinegar, after",1
r1925,580,2,"PAIN, aching, dull pain (See Boring, Drawing, Distress, Digging, Gnawing, Pressing, etc.), cutting, walking, while",9
r1926,580,3,"PAIN, aching, dull pain (See Boring, Drawing, Distress, Digging, Gnawing, Pressing, etc.), cutting, walking, while, open air, in",1
r1927,580,2,"PAIN, aching, dull pain (See Boring, Drawing, Distress, Digging, Gnawing, Pressing, etc.), cutting, wandering",5
r1928,580,2,"PAIN, aching, dull pain (See Boring, Drawing, Distress, Digging, Gnawing, Pressing, etc.), cutting, warm milk, after",1
r1929,580,2,"PAIN, aching, dull pain (See Boring, Drawing, Distress, Digging, Gnawing, Pressing, etc.), cutting, warmth of bed amel.",4
r1930,580,2,"PAIN, aching, dull pain (See Boring, Drawing, Distress, Digging, Gnawing, Pressing, etc.), cutting, extending to anus",1
o1088,580,3,"PAIN, aching, dull pain (See Boring, Drawing, Distress, Digging, Gnawing, Pressing, etc.), cutting, extending to anus, backwards and upwards during labor",1
o1089,580,3,"PAIN, aching, dull pain (See Boring, Drawing, Distress, Digging, Gnawing, Pressing, etc.), cutting, extending to anus, chest",1
o1090,580,3,"PAIN, aching, dull pain (See Boring, Drawing, Distress, Digging, Gnawing, Pressing, etc.), cutting, extending to anus, groin",1
o1092,580,3,"PAIN, aching, dull pain (See Boring, Drawing, Distress, Digging, Gnawing, Pressing, etc.), cutting, extending to anus, right to left, from",1
o1091,580,3,"PAIN, aching, dull pain (See Boring, Drawing, Distress, Digging, Gnawing, Pressing, etc.), cutting, extending to anus, left to right, from",1
o1093,580,3,"PAIN, aching, dull pain (See Boring, Drawing, Distress, Digging, Gnawing, Pressing, etc.), cutting, extending to anus, thigh",2
r1937,580,2,"PAIN, aching, dull pain (See Boring, Drawing, Distress, Digging, Gnawing, Pressing, etc.), cutting, Hypochondria",38
r1938,580,3,"PAIN, aching, dull pain (See Boring, Drawing, Distress, Digging, Gnawing, Pressing, etc.), cutting, Hypochondria, right",9
r1939,580,4,"PAIN, aching, dull pain (See Boring, Drawing, Distress, Digging, Gnawing, Pressing, etc.), cutting, Hypochondria, right, breakfast, after",1
r1940,580,3,"PAIN, aching, dull pain (See Boring, Drawing, Distress, Digging, Gnawing, Pressing, etc.), cutting, Hypochondria, left",5
r1941,580,3,"PAIN, aching, dull pain (See Boring, Drawing, Distress, Digging, Gnawing, Pressing, etc.), cutting, Hypochondria, morning",1
r1942,580,3,"PAIN, aching, dull pain (See Boring, Drawing, Distress, Digging, Gnawing, Pressing, etc.), cutting, Hypochondria, afternoon",1
r1943,580,3,"PAIN, aching, dull pain (See Boring, Drawing, Distress, Digging, Gnawing, Pressing, etc.), cutting, Hypochondria, night",1
r1944,581,3,"PAIN, aching, dull pain (See Boring, Drawing, Distress, Digging, Gnawing, Pressing, etc.), cutting, Hypochondria, coughing",1
r1945,581,3,"PAIN, aching, dull pain (See Boring, Drawing, Distress, Digging, Gnawing, Pressing, etc.), cutting, Hypochondria, motion",1
r1946,581,3,"PAIN, aching, dull pain (See Boring, Drawing, Distress, Digging, Gnawing, Pressing, etc.), cutting, Hypochondria, sitting, while",2
r1947,581,4,"PAIN, aching, dull pain (See Boring, Drawing, Distress, Digging, Gnawing, Pressing, etc.), cutting, Hypochondria, sitting, while, bent, while",1
r1948,581,3,"PAIN, aching, dull pain (See Boring, Drawing, Distress, Digging, Gnawing, Pressing, etc.), cutting, Hypochondria, stretching agg.",1
r1949,581,3,"PAIN, aching, dull pain (See Boring, Drawing, Distress, Digging, Gnawing, Pressing, etc.), cutting, Hypochondria, walking rapidly",1
r1950,581,3,"PAIN, aching, dull pain (See Boring, Drawing, Distress, Digging, Gnawing, Pressing, etc.), cutting, Hypochondria, extending to back",1
o1104,581,4,"PAIN, aching, dull pain (See Boring, Drawing, Distress, Digging, Gnawing, Pressing, etc.), cutting, Hypochondria, extending to back, downward",1
o1105,581,4,"PAIN, aching, dull pain (See Boring, Drawing, Distress, Digging, Gnawing, Pressing, etc.), cutting, Hypochondria, extending to back, umbilicus",1
r1953,581,2,"PAIN, aching, dull pain (See Boring, Drawing, Distress, Digging, Gnawing, Pressing, etc.), cutting, Hypogastrium",39
r1954,581,3,"PAIN, aching, dull pain (See Boring, Drawing, Distress, Digging, Gnawing, Pressing, etc.), cutting, Hypogastrium, coughing, on",3
r1955,581,3,"PAIN, aching, dull pain (See Boring, Drawing, Distress, Digging, Gnawing, Pressing, etc.), cutting, Hypogastrium, eating, after",1
r1956,581,3,"PAIN, aching, dull pain (See Boring, Drawing, Distress, Digging, Gnawing, Pressing, etc.), cutting, Hypogastrium, lying amel.",1
r1957,581,3,"PAIN, aching, dull pain (See Boring, Drawing, Distress, Digging, Gnawing, Pressing, etc.), cutting, Hypogastrium, menses, before",2
r1958,581,4,"PAIN, aching, dull pain (See Boring, Drawing, Distress, Digging, Gnawing, Pressing, etc.), cutting, Hypogastrium, menses, before, during",6
r1959,581,4,"PAIN, aching, dull pain (See Boring, Drawing, Distress, Digging, Gnawing, Pressing, etc.), cutting, Hypogastrium, menses, before, after",3
r1960,581,4,"PAIN, aching, dull pain (See Boring, Drawing, Distress, Digging, Gnawing, Pressing, etc.), cutting, Hypogastrium, menses, before, as though menses would reappear",4
r1961,581,3,"PAIN, aching, dull pain (See Boring, Drawing, Distress, Digging, Gnawing, Pressing, etc.), cutting, Hypogastrium, motion amel.",1
r1962,581,3,"PAIN, aching, dull pain (See Boring, Drawing, Distress, Digging, Gnawing, Pressing, etc.), cutting, Hypogastrium, sitting",1
r1963,581,3,"PAIN, aching, dull pain (See Boring, Drawing, Distress, Digging, Gnawing, Pressing, etc.), cutting, Hypogastrium, standing",1
r1964,581,3,"PAIN, aching, dull pain (See Boring, Drawing, Distress, Digging, Gnawing, Pressing, etc.), cutting, Hypogastrium, step, at every",2
r1965,581,3,"PAIN, aching, dull pain (See Boring, Drawing, Distress, Digging, Gnawing, Pressing, etc.), cutting, Hypogastrium, stool, after, amel.",1
r1966,581,3,"PAIN, aching, dull pain (See Boring, Drawing, Distress, Digging, Gnawing, Pressing, etc.), cutting, Hypogastrium, walking, while",2
r1967,581,3,"PAIN, aching, dull pain (See Boring, Drawing, Distress, Digging, Gnawing, Pressing, etc.), cutting, Hypogastrium, extending to back",1
o1120,581,4,"PAIN, aching, dull pain (See Boring, Drawing, Distress, Digging, Gnawing, Pressing, etc.), cutting, Hypogastrium, extending to back, to spermatic cord",1
r1969,581,2,"PAIN, aching, dull pain (See Boring, Drawing, Distress, Digging, Gnawing, Pressing, etc.), cutting, Iliac region",3
r1970,581,3,"PAIN, aching, dull pain (See Boring, Drawing, Distress, Digging, Gnawing, Pressing, etc.), cutting, Iliac region, extending into testicle",1
r1971,581,3,"PAIN, aching, dull pain (See Boring, Drawing, Distress, Digging, Gnawing, Pressing, etc.), cutting, Iliac region, fossa, right to left",1
r1972,581,4,"PAIN, aching, dull pain (See Boring, Drawing, Distress, Digging, Gnawing, Pressing, etc.), cutting, Iliac region, fossa, right to left, extending to rectum",1
r1973,581,2,"PAIN, aching, dull pain (See Boring, Drawing, Distress, Digging, Gnawing, Pressing, etc.), cutting, Ilium, morning",1
r1974,581,3,"PAIN, aching, dull pain (See Boring, Drawing, Distress, Digging, Gnawing, Pressing, etc.), cutting, Ilium, morning, anterior superior spinous process",1
r1975,581,3,"PAIN, aching, dull pain (See Boring, Drawing, Distress, Digging, Gnawing, Pressing, etc.), cutting, Ilium, morning, extending to scapula",1
o1138,581,4,"PAIN, aching, dull pain (See Boring, Drawing, Distress, Digging, Gnawing, Pressing, etc.), cutting, Ilium, morning, extending to scapula, to thigh",1
o1140,581,3,"PAIN, aching, dull pain (See Boring, Drawing, Distress, Digging, Gnawing, Pressing, etc.), cutting, Ilium, morning, Inguinal region",29
h070,581,3,"PAIN, aching, dull pain (See Boring, Drawing, Distress, Digging, Gnawing, Pressing, etc.), cutting, Ilium, morning, right",2
h071,581,4,"PAIN, aching, dull pain (See Boring, Drawing, Distress, Digging, Gnawing, Pressing, etc.), cutting, Ilium, morning, right, extending to left",1
h072,581,3,"PAIN, aching, dull pain (See Boring, Drawing, Distress, Digging, Gnawing, Pressing, etc.), cutting, Ilium, morning, left",2
h073,581,3,"PAIN, aching, dull pain (See Boring, Drawing, Distress, Digging, Gnawing, Pressing, etc.), cutting, Ilium, morning, forenoon",1
h074,581,3,"PAIN, aching, dull pain (See Boring, Drawing, Distress, Digging, Gnawing, Pressing, etc.), cutting, Ilium, morning, evening",2
h075,581,3,"PAIN, aching, dull pain (See Boring, Drawing, Distress, Digging, Gnawing, Pressing, etc.), cutting, Ilium, morning, night",1
h076,581,3,"PAIN, aching, dull pain (See Boring, Drawing, Distress, Digging, Gnawing, Pressing, etc.), cutting, Ilium, morning, inspiration, on",1
h077,581,3,"PAIN, aching, dull pain (See Boring, Drawing, Distress, Digging, Gnawing, Pressing, etc.), cutting, Ilium, morning, menses, during",3
h078,581,3,"PAIN, aching, dull pain (See Boring, Drawing, Distress, Digging, Gnawing, Pressing, etc.), cutting, Ilium, morning, urination, on",1
h079,581,3,"PAIN, aching, dull pain (See Boring, Drawing, Distress, Digging, Gnawing, Pressing, etc.), cutting, Ilium, morning, walking, while",2
h080,581,3,"PAIN, aching, dull pain (See Boring, Drawing, Distress, Digging, Gnawing, Pressing, etc.), cutting, Ilium, morning, extending to back",1
h081,581,4,"PAIN, aching, dull pain (See Boring, Drawing, Distress, Digging, Gnawing, Pressing, etc.), cutting, Ilium, morning, extending to back, to testes",1
h082,581,4,"PAIN, aching, dull pain (See Boring, Drawing, Distress, Digging, Gnawing, Pressing, etc.), cutting, Ilium, morning, extending to back, through urethra to glans penis",2
r1991,581,2,"PAIN, aching, dull pain (See Boring, Drawing, Distress, Digging, Gnawing, Pressing, etc.), cutting, liver",13
r2005,581,3,"PAIN, aching, dull pain (See Boring, Drawing, Distress, Digging, Gnawing, Pressing, etc.), cutting, liver, sides",21
h083,581,3,"PAIN, aching, dull pain (See Boring, Drawing, Distress, Digging, Gnawing, Pressing, etc.), cutting, liver, right",3
h084,581,3,"PAIN, aching, dull pain (See Boring, Drawing, Distress, Digging, Gnawing, Pressing, etc.), cutting, liver, left",5
h085,581,4,"PAIN, aching, dull pain (See Boring, Drawing, Distress, Digging, Gnawing, Pressing, etc.), cutting, liver, left, to right",1
r1373,581,3,"PAIN, aching, dull pain (See Boring, Drawing, Distress, Digging, Gnawing, Pressing, etc.), cutting, liver, evening",1
h086,581,3,"PAIN, aching, dull pain (See Boring, Drawing, Distress, Digging, Gnawing, Pressing, etc.), cutting, liver, night",1
h087,581,3,"PAIN, aching, dull pain (See Boring, Drawing, Distress, Digging, Gnawing, Pressing, etc.), cutting, liver, flatus, passing, amel.",1
h088,581,3,"PAIN, aching, dull pain (See Boring, Drawing, Distress, Digging, Gnawing, Pressing, etc.), cutting, liver, lying on the back, while",1
h089,581,3,"PAIN, aching, dull pain (See Boring, Drawing, Distress, Digging, Gnawing, Pressing, etc.), cutting, liver, menses, during",1
h090,581,3,"PAIN, aching, dull pain (See Boring, Drawing, Distress, Digging, Gnawing, Pressing, etc.), cutting, liver, paroxysmal",1
h091,581,3,"PAIN, aching, dull pain (See Boring, Drawing, Distress, Digging, Gnawing, Pressing, etc.), cutting, liver, sitting, while",1
o64375,581,3,"PAIN, aching, dull pain (See Boring, Drawing, Distress, Digging, Gnawing, Pressing, etc.), cutting, liver, stool amel.",1
h092,581,3,"PAIN, aching, dull pain (See Boring, Drawing, Distress, Digging, Gnawing, Pressing, etc.), cutting, liver, walking amel.",1
h093,582,3,"PAIN, aching, dull pain (See Boring, Drawing, Distress, Digging, Gnawing, Pressing, etc.), cutting, liver, flank, in",1
r2007,582,2,"PAIN, aching, dull pain (See Boring, Drawing, Distress, Digging, Gnawing, Pressing, etc.), cutting, Spleen",7
r2008,582,2,"PAIN, aching, dull pain (See Boring, Drawing, Distress, Digging, Gnawing, Pressing, etc.), cutting, Umbilicus",21
r2009,582,3,"PAIN, aching, dull pain (See Boring, Drawing, Distress, Digging, Gnawing, Pressing, etc.), cutting, Umbilicus, forenoon",2
r2010,582,3,"PAIN, aching, dull pain (See Boring, Drawing, Distress, Digging, Gnawing, Pressing, etc.), cutting, Umbilicus, afternoon",1
r2011,582,3,"PAIN, aching, dull pain (See Boring, Drawing, Distress, Digging, Gnawing, Pressing, etc.), cutting, Umbilicus, evening",1
r2012,582,3,"PAIN, aching, dull pain (See Boring, Drawing, Distress, Digging, Gnawing, Pressing, etc.), cutting, Umbilicus, night",1
r2013,582,3,"PAIN, aching, dull pain (See Boring, Drawing, Distress, Digging, Gnawing, Pressing, etc.), cutting, Umbilicus, bending forward amel.",3
r2014,582,3,"PAIN, aching, dull pain (See Boring, Drawing, Distress, Digging, Gnawing, Pressing, etc.), cutting, Umbilicus, extending to back",1
o1222,582,4,"PAIN, aching, dull pain (See Boring, Drawing, Distress, Digging, Gnawing, Pressing, etc.), cutting, Umbilicus, extending to back, stomach",1
r2016,582,3,"PAIN, aching, dull pain (See Boring, Drawing, Distress, Digging, Gnawing, Pressing, etc.), cutting, Umbilicus, region of",75
r2017,582,4,"PAIN, aching, dull pain (See Boring, Drawing, Distress, Digging, Gnawing, Pressing, etc.), cutting, Umbilicus, region of, daytime",1
r2018,582,4,"PAIN, aching, dull pain (See Boring, Drawing, Distress, Digging, Gnawing, Pressing, etc.), cutting, Umbilicus, region of, morning",4
r2019,582,4,"PAIN, aching, dull pain (See Boring, Drawing, Distress, Digging, Gnawing, Pressing, etc.), cutting, Umbilicus, region of, forenoon",1
r2020,582,5,"PAIN, aching, dull pain (See Boring, Drawing, Distress, Digging, Gnawing, Pressing, etc.), cutting, Umbilicus, region of, forenoon, menses, during",1
r2021,582,5,"PAIN, aching, dull pain (See Boring, Drawing, Distress, Digging, Gnawing, Pressing, etc.), cutting, Umbilicus, region of, forenoon, 10 a.m.",1
r2022,582,4,"PAIN, aching, dull pain (See Boring, Drawing, Distress, Digging, Gnawing, Pressing, etc.), cutting, Umbilicus, region of, afternoon",3
r2023,582,5,"PAIN, aching, dull pain (See Boring, Drawing, Distress, Digging, Gnawing, Pressing, etc.), cutting, Umbilicus, region of, afternoon, 4 p.m.",1
r2024,582,4,"PAIN, aching, dull pain (See Boring, Drawing, Distress, Digging, Gnawing, Pressing, etc.), cutting, Umbilicus, region of, evening",4
r2025,582,4,"PAIN, aching, dull pain (See Boring, Drawing, Distress, Digging, Gnawing, Pressing, etc.), cutting, Umbilicus, region of, midnight",1
r2026,582,4,"PAIN, aching, dull pain (See Boring, Drawing, Distress, Digging, Gnawing, Pressing, etc.), cutting, Umbilicus, region of, bed, when going to",1
r2027,582,4,"PAIN, aching, dull pain (See Boring, Drawing, Distress, Digging, Gnawing, Pressing, etc.), cutting, Umbilicus, region of, cold drinks, after",1
r2028,582,4,"PAIN, aching, dull pain (See Boring, Drawing, Distress, Digging, Gnawing, Pressing, etc.), cutting, Umbilicus, region of, cold weather",1
o1232,582,4,"PAIN, aching, dull pain (See Boring, Drawing, Distress, Digging, Gnawing, Pressing, etc.), cutting, Umbilicus, region of, diarrhœa, after",2
r2030,582,4,"PAIN, aching, dull pain (See Boring, Drawing, Distress, Digging, Gnawing, Pressing, etc.), cutting, Umbilicus, region of, dinner, after",1
r2031,582,4,"PAIN, aching, dull pain (See Boring, Drawing, Distress, Digging, Gnawing, Pressing, etc.), cutting, Umbilicus, region of, eating, after",1
r2032,582,4,"PAIN, aching, dull pain (See Boring, Drawing, Distress, Digging, Gnawing, Pressing, etc.), cutting, Umbilicus, region of, expiration, during",1
r2033,582,4,"PAIN, aching, dull pain (See Boring, Drawing, Distress, Digging, Gnawing, Pressing, etc.), cutting, Umbilicus, region of, flatus, passing, amel.",1
r2034,582,4,"PAIN, aching, dull pain (See Boring, Drawing, Distress, Digging, Gnawing, Pressing, etc.), cutting, Umbilicus, region of, ice cream, after",1
r2035,582,4,"PAIN, aching, dull pain (See Boring, Drawing, Distress, Digging, Gnawing, Pressing, etc.), cutting, Umbilicus, region of, inspiration, during",2
r2036,582,4,"PAIN, aching, dull pain (See Boring, Drawing, Distress, Digging, Gnawing, Pressing, etc.), cutting, Umbilicus, region of, labor, during",2
r2037,582,4,"PAIN, aching, dull pain (See Boring, Drawing, Distress, Digging, Gnawing, Pressing, etc.), cutting, Umbilicus, region of, lying bent amel.",1
r2038,582,4,"PAIN, aching, dull pain (See Boring, Drawing, Distress, Digging, Gnawing, Pressing, etc.), cutting, Umbilicus, region of, menses, during",1
r2039,582,5,"PAIN, aching, dull pain (See Boring, Drawing, Distress, Digging, Gnawing, Pressing, etc.), cutting, Umbilicus, region of, menses, during, as if, would appear",1
r2040,582,4,"PAIN, aching, dull pain (See Boring, Drawing, Distress, Digging, Gnawing, Pressing, etc.), cutting, Umbilicus, region of, motion, during",1
r2041,582,4,"PAIN, aching, dull pain (See Boring, Drawing, Distress, Digging, Gnawing, Pressing, etc.), cutting, Umbilicus, region of, pressure agg.",1
o1251,582,5,"PAIN, aching, dull pain (See Boring, Drawing, Distress, Digging, Gnawing, Pressing, etc.), cutting, Umbilicus, region of, pressure agg., amel.",2
r2043,582,4,"PAIN, aching, dull pain (See Boring, Drawing, Distress, Digging, Gnawing, Pressing, etc.), cutting, Umbilicus, region of, rising, after",1
r2044,582,4,"PAIN, aching, dull pain (See Boring, Drawing, Distress, Digging, Gnawing, Pressing, etc.), cutting, Umbilicus, region of, sitting, while",1
r2045,582,4,"PAIN, aching, dull pain (See Boring, Drawing, Distress, Digging, Gnawing, Pressing, etc.), cutting, Umbilicus, region of, step, at every",1
r2046,582,4,"PAIN, aching, dull pain (See Boring, Drawing, Distress, Digging, Gnawing, Pressing, etc.), cutting, Umbilicus, region of, stool, before",3
r2047,582,5,"PAIN, aching, dull pain (See Boring, Drawing, Distress, Digging, Gnawing, Pressing, etc.), cutting, Umbilicus, region of, stool, before, after",3
r2048,582,4,"PAIN, aching, dull pain (See Boring, Drawing, Distress, Digging, Gnawing, Pressing, etc.), cutting, Umbilicus, region of, stooping agg.",1
r2049,582,4,"PAIN, aching, dull pain (See Boring, Drawing, Distress, Digging, Gnawing, Pressing, etc.), cutting, Umbilicus, region of, waking, on",1
r2050,582,4,"PAIN, aching, dull pain (See Boring, Drawing, Distress, Digging, Gnawing, Pressing, etc.), cutting, Umbilicus, region of, walking, while",3
r2051,582,4,"PAIN, aching, dull pain (See Boring, Drawing, Distress, Digging, Gnawing, Pressing, etc.), cutting, Umbilicus, region of, yawning, on",1
r2052,582,1,"PAIN, aching, dull pain (See Boring, Drawing, Distress, Digging, Gnawing, Pressing, etc.), dragging, bearing down",83
r2053,582,2,"PAIN, aching, dull pain (See Boring, Drawing, Distress, Digging, Gnawing, Pressing, etc.), dragging, bearing down, morning",2
r2054,582,3,"PAIN, aching, dull pain (See Boring, Drawing, Distress, Digging, Gnawing, Pressing, etc.), dragging, bearing down, morning, 9 a.m. to 6 p.m.",1
r2055,582,2,"PAIN, aching, dull pain (See Boring, Drawing, Distress, Digging, Gnawing, Pressing, etc.), dragging, bearing down, forenoon",1
r2056,582,2,"PAIN, aching, dull pain (See Boring, Drawing, Distress, Digging, Gnawing, Pressing, etc.), dragging, bearing down, afternoon",2
r2057,582,2,"PAIN, aching, dull pain (See Boring, Drawing, Distress, Digging, Gnawing, Pressing, etc.), dragging, bearing down, night, in bed",2
o1315,582,3,"PAIN, aching, dull pain (See Boring, Drawing, Distress, Digging, Gnawing, Pressing, etc.), dragging, bearing down, night, in bed, 9 p.m.",1
r2059,582,2,"PAIN, aching, dull pain (See Boring, Drawing, Distress, Digging, Gnawing, Pressing, etc.), dragging, bearing down, crossing limbs amel.",4
r2061,583,2,"PAIN, aching, dull pain (See Boring, Drawing, Distress, Digging, Gnawing, Pressing, etc.), dragging, bearing down, dinner, after",1
r2062,583,2,"PAIN, aching, dull pain (See Boring, Drawing, Distress, Digging, Gnawing, Pressing, etc.), dragging, bearing down, eating, after",1
r2063,583,3,"PAIN, aching, dull pain (See Boring, Drawing, Distress, Digging, Gnawing, Pressing, etc.), dragging, bearing down, eating, after, amel.",1
r2064,583,2,"PAIN, aching, dull pain (See Boring, Drawing, Distress, Digging, Gnawing, Pressing, etc.), dragging, bearing down, fever, in low",1
r2065,583,2,"PAIN, aching, dull pain (See Boring, Drawing, Distress, Digging, Gnawing, Pressing, etc.), dragging, bearing down, flatus, after, amel.",1
r2066,583,2,"PAIN, aching, dull pain (See Boring, Drawing, Distress, Digging, Gnawing, Pressing, etc.), dragging, bearing down, menses, before",21
r2067,583,3,"PAIN, aching, dull pain (See Boring, Drawing, Distress, Digging, Gnawing, Pressing, etc.), dragging, bearing down, menses, before, during",29
r2068,583,3,"PAIN, aching, dull pain (See Boring, Drawing, Distress, Digging, Gnawing, Pressing, etc.), dragging, bearing down, menses, before, after",1
r2069,583,2,"PAIN, aching, dull pain (See Boring, Drawing, Distress, Digging, Gnawing, Pressing, etc.), dragging, bearing down, motion agg.",2
r2070,583,2,"PAIN, aching, dull pain (See Boring, Drawing, Distress, Digging, Gnawing, Pressing, etc.), dragging, bearing down, pregnancy, during",1
r2071,583,2,"PAIN, aching, dull pain (See Boring, Drawing, Distress, Digging, Gnawing, Pressing, etc.), dragging, bearing down, riding in a carriage",1
r2072,583,2,"PAIN, aching, dull pain (See Boring, Drawing, Distress, Digging, Gnawing, Pressing, etc.), dragging, bearing down, spermatic cords, through",1
r2073,583,2,"PAIN, aching, dull pain (See Boring, Drawing, Distress, Digging, Gnawing, Pressing, etc.), dragging, bearing down, standing",7
r2074,583,2,"PAIN, aching, dull pain (See Boring, Drawing, Distress, Digging, Gnawing, Pressing, etc.), dragging, bearing down, stool, before",2
r2075,583,3,"PAIN, aching, dull pain (See Boring, Drawing, Distress, Digging, Gnawing, Pressing, etc.), dragging, bearing down, stool, before, during",6
r2076,583,3,"PAIN, aching, dull pain (See Boring, Drawing, Distress, Digging, Gnawing, Pressing, etc.), dragging, bearing down, stool, before, after",2
r2077,583,4,"PAIN, aching, dull pain (See Boring, Drawing, Distress, Digging, Gnawing, Pressing, etc.), dragging, bearing down, stool, before, after, difficult, scanty, amel., after flatus",1
r2078,583,3,"PAIN, aching, dull pain (See Boring, Drawing, Distress, Digging, Gnawing, Pressing, etc.), dragging, bearing down, stool, before, urging to, with",4
r2079,583,2,"PAIN, aching, dull pain (See Boring, Drawing, Distress, Digging, Gnawing, Pressing, etc.), dragging, bearing down, supper, after, amel.",1
r2080,583,2,"PAIN, aching, dull pain (See Boring, Drawing, Distress, Digging, Gnawing, Pressing, etc.), dragging, bearing down, thighs, into",2
r2081,583,2,"PAIN, aching, dull pain (See Boring, Drawing, Distress, Digging, Gnawing, Pressing, etc.), dragging, bearing down, urinate, with urging to",2
r2082,583,2,"PAIN, aching, dull pain (See Boring, Drawing, Distress, Digging, Gnawing, Pressing, etc.), dragging, bearing down, walking agg.",8
o1331,583,3,"PAIN, aching, dull pain (See Boring, Drawing, Distress, Digging, Gnawing, Pressing, etc.), dragging, bearing down, walking agg., amel.",1
r2084,583,2,"PAIN, aching, dull pain (See Boring, Drawing, Distress, Digging, Gnawing, Pressing, etc.), dragging, bearing down, extending toward anus",2
o1285,583,3,"PAIN, aching, dull pain (See Boring, Drawing, Distress, Digging, Gnawing, Pressing, etc.), dragging, bearing down, extending toward anus, to thighs",3
r2086,583,2,"PAIN, aching, dull pain (See Boring, Drawing, Distress, Digging, Gnawing, Pressing, etc.), dragging, bearing down, Hypochondrium, right",5
r2087,583,3,"PAIN, aching, dull pain (See Boring, Drawing, Distress, Digging, Gnawing, Pressing, etc.), dragging, bearing down, Hypochondrium, right, right when lying on left side",4
r2088,583,4,"PAIN, aching, dull pain (See Boring, Drawing, Distress, Digging, Gnawing, Pressing, etc.), dragging, bearing down, Hypochondrium, right, right when lying on left side, pressure amel.",1
o1292,583,3,"PAIN, aching, dull pain (See Boring, Drawing, Distress, Digging, Gnawing, Pressing, etc.), dragging, bearing down, Hypochondrium, right, Inguinal region",35
h094,583,3,"PAIN, aching, dull pain (See Boring, Drawing, Distress, Digging, Gnawing, Pressing, etc.), dragging, bearing down, Hypochondrium, right, afternoon",2
h095,583,3,"PAIN, aching, dull pain (See Boring, Drawing, Distress, Digging, Gnawing, Pressing, etc.), dragging, bearing down, Hypochondrium, right, evening",1
o64389,583,3,"PAIN, aching, dull pain (See Boring, Drawing, Distress, Digging, Gnawing, Pressing, etc.), dragging, bearing down, Hypochondrium, right, night",1
h096,583,3,"PAIN, aching, dull pain (See Boring, Drawing, Distress, Digging, Gnawing, Pressing, etc.), dragging, bearing down, Hypochondrium, right, alternating sides",1
h097,583,3,"PAIN, aching, dull pain (See Boring, Drawing, Distress, Digging, Gnawing, Pressing, etc.), dragging, bearing down, Hypochondrium, right, lying amel.",1
h098,583,3,"PAIN, aching, dull pain (See Boring, Drawing, Distress, Digging, Gnawing, Pressing, etc.), dragging, bearing down, Hypochondrium, right, menses, before",2
h099,583,4,"PAIN, aching, dull pain (See Boring, Drawing, Distress, Digging, Gnawing, Pressing, etc.), dragging, bearing down, Hypochondrium, right, menses, before, during",3
h100,583,3,"PAIN, aching, dull pain (See Boring, Drawing, Distress, Digging, Gnawing, Pressing, etc.), dragging, bearing down, Hypochondrium, right, sitting, while",1
h101,583,4,"PAIN, aching, dull pain (See Boring, Drawing, Distress, Digging, Gnawing, Pressing, etc.), dragging, bearing down, Hypochondrium, right, sitting, while, amel.",1
h102,583,3,"PAIN, aching, dull pain (See Boring, Drawing, Distress, Digging, Gnawing, Pressing, etc.), dragging, bearing down, Hypochondrium, right, standing, while",1
h103,583,3,"PAIN, aching, dull pain (See Boring, Drawing, Distress, Digging, Gnawing, Pressing, etc.), dragging, bearing down, Hypochondrium, right, stool, during",2
h104,583,3,"PAIN, aching, dull pain (See Boring, Drawing, Distress, Digging, Gnawing, Pressing, etc.), dragging, bearing down, Hypochondrium, right, urination, after",1
h105,583,3,"PAIN, aching, dull pain (See Boring, Drawing, Distress, Digging, Gnawing, Pressing, etc.), dragging, bearing down, Hypochondrium, right, walking, while",2
h106,583,3,"PAIN, aching, dull pain (See Boring, Drawing, Distress, Digging, Gnawing, Pressing, etc.), dragging, bearing down, Hypochondrium, right, extending forward",1
h107,583,4,"PAIN, aching, dull pain (See Boring, Drawing, Distress, Digging, Gnawing, Pressing, etc.), dragging, bearing down, Hypochondrium, right, extending forward, outward",2
h108,583,4,"PAIN, aching, dull pain (See Boring, Drawing, Distress, Digging, Gnawing, Pressing, etc.), dragging, bearing down, Hypochondrium, right, extending forward, to testicles",2
r2106,583,2,"PAIN, aching, dull pain (See Boring, Drawing, Distress, Digging, Gnawing, Pressing, etc.), dragging, bearing down, Sides",1
r2107,583,1,"PAIN, aching, dull pain (See Boring, Drawing, Distress, Digging, Gnawing, Pressing, etc.), drawing",96
r2108,583,2,"PAIN, aching, dull pain (See Boring, Drawing, Distress, Digging, Gnawing, Pressing, etc.), drawing, morning",1
r2109,583,2,"PAIN, aching, dull pain (See Boring, Drawing, Distress, Digging, Gnawing, Pressing, etc.), drawing, afternoon",1
r2110,583,2,"PAIN, aching, dull pain (See Boring, Drawing, Distress, Digging, Gnawing, Pressing, etc.), drawing, evening",1
r2111,583,2,"PAIN, aching, dull pain (See Boring, Drawing, Distress, Digging, Gnawing, Pressing, etc.), drawing, night",3
r2112,583,2,"PAIN, aching, dull pain (See Boring, Drawing, Distress, Digging, Gnawing, Pressing, etc.), drawing, chill, during",1
r2113,584,2,"PAIN, aching, dull pain (See Boring, Drawing, Distress, Digging, Gnawing, Pressing, etc.), drawing, dinner, after",1
r2114,584,2,"PAIN, aching, dull pain (See Boring, Drawing, Distress, Digging, Gnawing, Pressing, etc.), drawing, drinking, after",2
r2115,584,3,"PAIN, aching, dull pain (See Boring, Drawing, Distress, Digging, Gnawing, Pressing, etc.), drawing, drinking, after, amel.",1
r2116,584,2,"PAIN, aching, dull pain (See Boring, Drawing, Distress, Digging, Gnawing, Pressing, etc.), drawing, eating, after",1
r2117,584,3,"PAIN, aching, dull pain (See Boring, Drawing, Distress, Digging, Gnawing, Pressing, etc.), drawing, eating, after, amel.",1
r2118,584,2,"PAIN, aching, dull pain (See Boring, Drawing, Distress, Digging, Gnawing, Pressing, etc.), drawing, inspiration, during",1
r2119,584,2,"PAIN, aching, dull pain (See Boring, Drawing, Distress, Digging, Gnawing, Pressing, etc.), drawing, lying amel.",1
r2120,584,2,"PAIN, aching, dull pain (See Boring, Drawing, Distress, Digging, Gnawing, Pressing, etc.), drawing, menses, before",2
r2121,584,3,"PAIN, aching, dull pain (See Boring, Drawing, Distress, Digging, Gnawing, Pressing, etc.), drawing, menses, before, at beginning of",1
r2122,584,3,"PAIN, aching, dull pain (See Boring, Drawing, Distress, Digging, Gnawing, Pressing, etc.), drawing, menses, before, during",10
r2123,584,3,"PAIN, aching, dull pain (See Boring, Drawing, Distress, Digging, Gnawing, Pressing, etc.), drawing, menses, before, after",1
h109,584,2,"PAIN, aching, dull pain (See Boring, Drawing, Distress, Digging, Gnawing, Pressing, etc.), drawing, motion, on",3
r2125,584,3,"PAIN, aching, dull pain (See Boring, Drawing, Distress, Digging, Gnawing, Pressing, etc.), drawing, motion, on, amel.",1
r2126,584,2,"PAIN, aching, dull pain (See Boring, Drawing, Distress, Digging, Gnawing, Pressing, etc.), drawing, sitting, while",2
r2127,584,3,"PAIN, aching, dull pain (See Boring, Drawing, Distress, Digging, Gnawing, Pressing, etc.), drawing, sitting, while, after",1
r2128,584,2,"PAIN, aching, dull pain (See Boring, Drawing, Distress, Digging, Gnawing, Pressing, etc.), drawing, stool, before",3
h110,584,3,"PAIN, aching, dull pain (See Boring, Drawing, Distress, Digging, Gnawing, Pressing, etc.), drawing, stool, before, during",1
r2130,584,3,"PAIN, aching, dull pain (See Boring, Drawing, Distress, Digging, Gnawing, Pressing, etc.), drawing, stool, before, amel.",1
r2131,584,2,"PAIN, aching, dull pain (See Boring, Drawing, Distress, Digging, Gnawing, Pressing, etc.), drawing, supper, after",1
h111,584,2,"PAIN, aching, dull pain (See Boring, Drawing, Distress, Digging, Gnawing, Pressing, etc.), drawing, walking, while",2
r2133,584,3,"PAIN, aching, dull pain (See Boring, Drawing, Distress, Digging, Gnawing, Pressing, etc.), drawing, walking, while, amel.",1
r2134,584,2,"PAIN, aching, dull pain (See Boring, Drawing, Distress, Digging, Gnawing, Pressing, etc.), drawing, warmth amel.",1
r2135,584,2,"PAIN, aching, dull pain (See Boring, Drawing, Distress, Digging, Gnawing, Pressing, etc.), drawing, Hypochondria",26
r2136,584,3,"PAIN, aching, dull pain (See Boring, Drawing, Distress, Digging, Gnawing, Pressing, etc.), drawing, Hypochondria, right",9
r2137,584,3,"PAIN, aching, dull pain (See Boring, Drawing, Distress, Digging, Gnawing, Pressing, etc.), drawing, Hypochondria, left",6
r2138,584,4,"PAIN, aching, dull pain (See Boring, Drawing, Distress, Digging, Gnawing, Pressing, etc.), drawing, Hypochondria, left, extending to hip",1
r2139,584,3,"PAIN, aching, dull pain (See Boring, Drawing, Distress, Digging, Gnawing, Pressing, etc.), drawing, Hypochondria, morning",1
r2140,584,3,"PAIN, aching, dull pain (See Boring, Drawing, Distress, Digging, Gnawing, Pressing, etc.), drawing, Hypochondria, forenoon",1
r2141,584,3,"PAIN, aching, dull pain (See Boring, Drawing, Distress, Digging, Gnawing, Pressing, etc.), drawing, Hypochondria, evening",1
r2142,584,3,"PAIN, aching, dull pain (See Boring, Drawing, Distress, Digging, Gnawing, Pressing, etc.), drawing, Hypochondria, night",1
r2143,584,3,"PAIN, aching, dull pain (See Boring, Drawing, Distress, Digging, Gnawing, Pressing, etc.), drawing, Hypochondria, bed, in",1
r2144,584,3,"PAIN, aching, dull pain (See Boring, Drawing, Distress, Digging, Gnawing, Pressing, etc.), drawing, Hypochondria, walking",1
r2145,584,3,"PAIN, aching, dull pain (See Boring, Drawing, Distress, Digging, Gnawing, Pressing, etc.), drawing, Hypochondria, extending downward",1
o1346,584,4,"PAIN, aching, dull pain (See Boring, Drawing, Distress, Digging, Gnawing, Pressing, etc.), drawing, Hypochondria, extending downward, to hip",1
o1348,584,5,"PAIN, aching, dull pain (See Boring, Drawing, Distress, Digging, Gnawing, Pressing, etc.), drawing, Hypochondria, extending downward, to hip, small of back",2
o1347,584,5,"PAIN, aching, dull pain (See Boring, Drawing, Distress, Digging, Gnawing, Pressing, etc.), drawing, Hypochondria, extending downward, to hip, legs",1
o1349,584,5,"PAIN, aching, dull pain (See Boring, Drawing, Distress, Digging, Gnawing, Pressing, etc.), drawing, Hypochondria, extending downward, to hip, spine",1
o1350,584,5,"PAIN, aching, dull pain (See Boring, Drawing, Distress, Digging, Gnawing, Pressing, etc.), drawing, Hypochondria, extending downward, to hip, thighs",1
o1351,584,4,"PAIN, aching, dull pain (See Boring, Drawing, Distress, Digging, Gnawing, Pressing, etc.), drawing, Hypochondria, extending downward, upward",1
r2152,584,2,"PAIN, aching, dull pain (See Boring, Drawing, Distress, Digging, Gnawing, Pressing, etc.), drawing, Hypogastrium",12
r2153,584,2,"PAIN, aching, dull pain (See Boring, Drawing, Distress, Digging, Gnawing, Pressing, etc.), drawing, Ilium, crest",3
r2154,584,3,"PAIN, aching, dull pain (See Boring, Drawing, Distress, Digging, Gnawing, Pressing, etc.), drawing, Ilium, crest, extending to thigh",2
r2155,584,2,"PAIN, aching, dull pain (See Boring, Drawing, Distress, Digging, Gnawing, Pressing, etc.), drawing, Inguinal region",36
r2156,584,3,"PAIN, aching, dull pain (See Boring, Drawing, Distress, Digging, Gnawing, Pressing, etc.), drawing, Inguinal region, right",8
r2157,584,3,"PAIN, aching, dull pain (See Boring, Drawing, Distress, Digging, Gnawing, Pressing, etc.), drawing, Inguinal region, left",6
r2158,584,4,"PAIN, aching, dull pain (See Boring, Drawing, Distress, Digging, Gnawing, Pressing, etc.), drawing, Inguinal region, left, micturition, during",1
r2159,584,3,"PAIN, aching, dull pain (See Boring, Drawing, Distress, Digging, Gnawing, Pressing, etc.), drawing, Inguinal region, noon",1
r2160,584,3,"PAIN, aching, dull pain (See Boring, Drawing, Distress, Digging, Gnawing, Pressing, etc.), drawing, Inguinal region, evening",1
r2161,584,3,"PAIN, aching, dull pain (See Boring, Drawing, Distress, Digging, Gnawing, Pressing, etc.), drawing, Inguinal region, alternating with prickling",1
r2162,584,3,"PAIN, aching, dull pain (See Boring, Drawing, Distress, Digging, Gnawing, Pressing, etc.), drawing, Inguinal region, convulsive",1
r2163,584,3,"PAIN, aching, dull pain (See Boring, Drawing, Distress, Digging, Gnawing, Pressing, etc.), drawing, Inguinal region, dancing, while",1
r2164,584,3,"PAIN, aching, dull pain (See Boring, Drawing, Distress, Digging, Gnawing, Pressing, etc.), drawing, Inguinal region, menses would come on, as if",3
r2165,584,3,"PAIN, aching, dull pain (See Boring, Drawing, Distress, Digging, Gnawing, Pressing, etc.), drawing, Inguinal region, periodical",1
r2166,584,3,"PAIN, aching, dull pain (See Boring, Drawing, Distress, Digging, Gnawing, Pressing, etc.), drawing, Inguinal region, sitting, while",3
r2167,584,3,"PAIN, aching, dull pain (See Boring, Drawing, Distress, Digging, Gnawing, Pressing, etc.), drawing, Inguinal region, spasmodic",2
r2168,584,3,"PAIN, aching, dull pain (See Boring, Drawing, Distress, Digging, Gnawing, Pressing, etc.), drawing, Inguinal region, standing",1
h112,584,3,"PAIN, aching, dull pain (See Boring, Drawing, Distress, Digging, Gnawing, Pressing, etc.), drawing, Inguinal region, stretching",3
r2170,584,4,"PAIN, aching, dull pain (See Boring, Drawing, Distress, Digging, Gnawing, Pressing, etc.), drawing, Inguinal region, stretching, amel.",1
r2171,584,3,"PAIN, aching, dull pain (See Boring, Drawing, Distress, Digging, Gnawing, Pressing, etc.), drawing, Inguinal region, urination, during",4
r2172,584,3,"PAIN, aching, dull pain (See Boring, Drawing, Distress, Digging, Gnawing, Pressing, etc.), drawing, Inguinal region, walking",3
r2173,584,3,"PAIN, aching, dull pain (See Boring, Drawing, Distress, Digging, Gnawing, Pressing, etc.), drawing, Inguinal region, extending around pelvis",1
o1368,584,4,"PAIN, aching, dull pain (See Boring, Drawing, Distress, Digging, Gnawing, Pressing, etc.), drawing, Inguinal region, extending around pelvis, to pubis",1
o1369,584,5,"PAIN, aching, dull pain (See Boring, Drawing, Distress, Digging, Gnawing, Pressing, etc.), drawing, Inguinal region, extending around pelvis, to pubis, testicles",3
r2178,585,5,"PAIN, aching, dull pain (See Boring, Drawing, Distress, Digging, Gnawing, Pressing, etc.), drawing, Inguinal region, extending around pelvis, to pubis, thighs",2
r2179,585,2,"PAIN, aching, dull pain (See Boring, Drawing, Distress, Digging, Gnawing, Pressing, etc.), drawing, Sides",9
r2180,585,3,"PAIN, aching, dull pain (See Boring, Drawing, Distress, Digging, Gnawing, Pressing, etc.), drawing, Sides, right",1
r2181,585,3,"PAIN, aching, dull pain (See Boring, Drawing, Distress, Digging, Gnawing, Pressing, etc.), drawing, Sides, morning",1
r2182,585,3,"PAIN, aching, dull pain (See Boring, Drawing, Distress, Digging, Gnawing, Pressing, etc.), drawing, Sides, standing",1
r2183,585,3,"PAIN, aching, dull pain (See Boring, Drawing, Distress, Digging, Gnawing, Pressing, etc.), drawing, Sides, walking",1
r2184,585,3,"PAIN, aching, dull pain (See Boring, Drawing, Distress, Digging, Gnawing, Pressing, etc.), drawing, Sides, flank, in",22
r2185,585,2,"PAIN, aching, dull pain (See Boring, Drawing, Distress, Digging, Gnawing, Pressing, etc.), drawing, Umbilicus",29
r2186,585,3,"PAIN, aching, dull pain (See Boring, Drawing, Distress, Digging, Gnawing, Pressing, etc.), drawing, Umbilicus, morning",1
r2187,585,3,"PAIN, aching, dull pain (See Boring, Drawing, Distress, Digging, Gnawing, Pressing, etc.), drawing, Umbilicus, menses, during",1
o1410,585,3,"PAIN, aching, dull pain (See Boring, Drawing, Distress, Digging, Gnawing, Pressing, etc.), drawing, Umbilicus, sitting",1
r2189,585,3,"PAIN, aching, dull pain (See Boring, Drawing, Distress, Digging, Gnawing, Pressing, etc.), drawing, Umbilicus, stool, before",1
r2190,585,3,"PAIN, aching, dull pain (See Boring, Drawing, Distress, Digging, Gnawing, Pressing, etc.), drawing, Umbilicus, walking amel.",1
r2191,585,3,"PAIN, aching, dull pain (See Boring, Drawing, Distress, Digging, Gnawing, Pressing, etc.), drawing, Umbilicus, extending to vagina",1
r2192,585,1,"PAIN, aching, dull pain (See Boring, Drawing, Distress, Digging, Gnawing, Pressing, etc.), gnawing",19
r2193,585,2,"PAIN, aching, dull pain (See Boring, Drawing, Distress, Digging, Gnawing, Pressing, etc.), gnawing, bend forward, obliging to",1
r2194,585,2,"PAIN, aching, dull pain (See Boring, Drawing, Distress, Digging, Gnawing, Pressing, etc.), gnawing, dinner, after, agg.",1
r2195,585,2,"PAIN, aching, dull pain (See Boring, Drawing, Distress, Digging, Gnawing, Pressing, etc.), gnawing, Colon, transverse",1
r2196,585,2,"PAIN, aching, dull pain (See Boring, Drawing, Distress, Digging, Gnawing, Pressing, etc.), gnawing, Hypochondria",2
r2197,585,2,"PAIN, aching, dull pain (See Boring, Drawing, Distress, Digging, Gnawing, Pressing, etc.), gnawing, Hypogastrium",3
r2198,585,3,"PAIN, aching, dull pain (See Boring, Drawing, Distress, Digging, Gnawing, Pressing, etc.), gnawing, Hypogastrium, right",1
r2199,585,2,"PAIN, aching, dull pain (See Boring, Drawing, Distress, Digging, Gnawing, Pressing, etc.), gnawing, Liver",4
r2200,585,2,"PAIN, aching, dull pain (See Boring, Drawing, Distress, Digging, Gnawing, Pressing, etc.), gnawing, Umbilicus, region of",1
r2201,585,1,"PAIN, aching, dull pain (See Boring, Drawing, Distress, Digging, Gnawing, Pressing, etc.), grasping (See Clawing)",0
r2202,585,1,"PAIN, aching, dull pain (See Boring, Drawing, Distress, Digging, Gnawing, Pressing, etc.), griping (See Cramping)",0
r2203,585,1,"PAIN, aching, dull pain (See Boring, Drawing, Distress, Digging, Gnawing, Pressing, etc.), jerking",1
r2204,585,1,"PAIN, aching, dull pain (See Boring, Drawing, Distress, Digging, Gnawing, Pressing, etc.), labor-like (See Uterus, Genitalia)",0
r2205,585,1,"PAIN, aching, dull pain (See Boring, Drawing, Distress, Digging, Gnawing, Pressing, etc.), lacerating (See Tearing)",0
r2206,585,1,"PAIN, aching, dull pain (See Boring, Drawing, Distress, Digging, Gnawing, Pressing, etc.), lancinating",19
r2207,585,2,"PAIN, aching, dull pain (See Boring, Drawing, Distress, Digging, Gnawing, Pressing, etc.), lancinating, right",1
r2208,585,2,"PAIN, aching, dull pain (See Boring, Drawing, Distress, Digging, Gnawing, Pressing, etc.), lancinating, respiration",1
r2209,585,2,"PAIN, aching, dull pain (See Boring, Drawing, Distress, Digging, Gnawing, Pressing, etc.), lancinating, urination",1
r2210,585,2,"PAIN, aching, dull pain (See Boring, Drawing, Distress, Digging, Gnawing, Pressing, etc.), lancinating, Hypochondria",13
r2211,585,3,"PAIN, aching, dull pain (See Boring, Drawing, Distress, Digging, Gnawing, Pressing, etc.), lancinating, Hypochondria, right",5
r2212,585,3,"PAIN, aching, dull pain (See Boring, Drawing, Distress, Digging, Gnawing, Pressing, etc.), lancinating, Hypochondria, left",1
r2213,585,3,"PAIN, aching, dull pain (See Boring, Drawing, Distress, Digging, Gnawing, Pressing, etc.), lancinating, Hypochondria, doubling up amel.",1
r2214,585,3,"PAIN, aching, dull pain (See Boring, Drawing, Distress, Digging, Gnawing, Pressing, etc.), lancinating, Hypochondria, lying on painful side agg.",1
o1830,585,4,"PAIN, aching, dull pain (See Boring, Drawing, Distress, Digging, Gnawing, Pressing, etc.), lancinating, Hypochondria, lying on painful side agg., on painless side amel.",1
r2216,585,3,"PAIN, aching, dull pain (See Boring, Drawing, Distress, Digging, Gnawing, Pressing, etc.), lancinating, Hypochondria, motion agg.",1
r2217,585,3,"PAIN, aching, dull pain (See Boring, Drawing, Distress, Digging, Gnawing, Pressing, etc.), lancinating, Hypochondria, sitting agg.",1
r2218,585,3,"PAIN, aching, dull pain (See Boring, Drawing, Distress, Digging, Gnawing, Pressing, etc.), lancinating, Hypochondria, walking amel.",1
r2219,585,3,"PAIN, aching, dull pain (See Boring, Drawing, Distress, Digging, Gnawing, Pressing, etc.), lancinating, Hypochondria, extending to ilium",1
o1827,585,4,"PAIN, aching, dull pain (See Boring, Drawing, Distress, Digging, Gnawing, Pressing, etc.), lancinating, Hypochondria, extending to ilium, right side",1
r2221,585,2,"PAIN, aching, dull pain (See Boring, Drawing, Distress, Digging, Gnawing, Pressing, etc.), lancinating, Hypogastrium",3
r2222,585,2,"PAIN, aching, dull pain (See Boring, Drawing, Distress, Digging, Gnawing, Pressing, etc.), lancinating, Inguinal region",5
r2223,585,3,"PAIN, aching, dull pain (See Boring, Drawing, Distress, Digging, Gnawing, Pressing, etc.), lancinating, Inguinal region, menses, during",1
r2224,585,4,"PAIN, aching, dull pain (See Boring, Drawing, Distress, Digging, Gnawing, Pressing, etc.), lancinating, Inguinal region, menses, during, after",1
r2225,585,2,"PAIN, aching, dull pain (See Boring, Drawing, Distress, Digging, Gnawing, Pressing, etc.), lancinating, Sides",1
r2226,585,3,"PAIN, aching, dull pain (See Boring, Drawing, Distress, Digging, Gnawing, Pressing, etc.), lancinating, Sides, right",1
r2227,585,2,"PAIN, aching, dull pain (See Boring, Drawing, Distress, Digging, Gnawing, Pressing, etc.), lancinating, Spleen",4
r2228,585,2,"PAIN, aching, dull pain (See Boring, Drawing, Distress, Digging, Gnawing, Pressing, etc.), lancinating, Umbilicus",2
r2229,585,3,"PAIN, aching, dull pain (See Boring, Drawing, Distress, Digging, Gnawing, Pressing, etc.), lancinating, Umbilicus, extending to uterus",1
r2230,585,1,"PAIN, aching, dull pain (See Boring, Drawing, Distress, Digging, Gnawing, Pressing, etc.), piercing (See Stitching)",0
r2231,585,1,"PAIN, aching, dull pain (See Boring, Drawing, Distress, Digging, Gnawing, Pressing, etc.), pinching (See Cramping)",0
r2232,585,1,"PAIN, aching, dull pain (See Boring, Drawing, Distress, Digging, Gnawing, Pressing, etc.), pressing",92
r2233,586,2,"PAIN, aching, dull pain (See Boring, Drawing, Distress, Digging, Gnawing, Pressing, etc.), pressing, morning",3
r2234,586,3,"PAIN, aching, dull pain (See Boring, Drawing, Distress, Digging, Gnawing, Pressing, etc.), pressing, morning, 9 a.m.",1
r2235,586,2,"PAIN, aching, dull pain (See Boring, Drawing, Distress, Digging, Gnawing, Pressing, etc.), pressing, forenoon",2
r2236,586,2,"PAIN, aching, dull pain (See Boring, Drawing, Distress, Digging, Gnawing, Pressing, etc.), pressing, afternoon",2
r2237,586,3,"PAIN, aching, dull pain (See Boring, Drawing, Distress, Digging, Gnawing, Pressing, etc.), pressing, afternoon, 5 p.m.",1
r2238,586,2,"PAIN, aching, dull pain (See Boring, Drawing, Distress, Digging, Gnawing, Pressing, etc.), pressing, evening",5
r2239,586,3,"PAIN, aching, dull pain (See Boring, Drawing, Distress, Digging, Gnawing, Pressing, etc.), pressing, evening, eating, after",1
r2240,586,3,"PAIN, aching, dull pain (See Boring, Drawing, Distress, Digging, Gnawing, Pressing, etc.), pressing, evening, stool, during",1
r2241,586,2,"PAIN, aching, dull pain (See Boring, Drawing, Distress, Digging, Gnawing, Pressing, etc.), pressing, night",5
r2242,586,2,"PAIN, aching, dull pain (See Boring, Drawing, Distress, Digging, Gnawing, Pressing, etc.), pressing, bending forward",1
r2243,586,2,"PAIN, aching, dull pain (See Boring, Drawing, Distress, Digging, Gnawing, Pressing, etc.), pressing, breakfast, after",1
r2244,586,2,"PAIN, aching, dull pain (See Boring, Drawing, Distress, Digging, Gnawing, Pressing, etc.), pressing, dinner, before",1
r2294,586,2,"PAIN, aching, dull pain (See Boring, Drawing, Distress, Digging, Gnawing, Pressing, etc.), pressing, after",3
r2246,586,2,"PAIN, aching, dull pain (See Boring, Drawing, Distress, Digging, Gnawing, Pressing, etc.), pressing, drinking, after",2
r2247,586,2,"PAIN, aching, dull pain (See Boring, Drawing, Distress, Digging, Gnawing, Pressing, etc.), pressing, eating, after",13
r2248,586,3,"PAIN, aching, dull pain (See Boring, Drawing, Distress, Digging, Gnawing, Pressing, etc.), pressing, eating, after, anything cold",1
r2249,586,2,"PAIN, aching, dull pain (See Boring, Drawing, Distress, Digging, Gnawing, Pressing, etc.), pressing, exertion, on",2
h113,586,2,"PAIN, aching, dull pain (See Boring, Drawing, Distress, Digging, Gnawing, Pressing, etc.), pressing, lying, while",1
r2251,586,3,"PAIN, aching, dull pain (See Boring, Drawing, Distress, Digging, Gnawing, Pressing, etc.), pressing, lying, while, amel.",1
r2252,586,3,"PAIN, aching, dull pain (See Boring, Drawing, Distress, Digging, Gnawing, Pressing, etc.), pressing, lying, while, on back amel.",1
r2253,586,3,"PAIN, aching, dull pain (See Boring, Drawing, Distress, Digging, Gnawing, Pressing, etc.), pressing, lying, while, on left side amel.",1
r2254,586,2,"PAIN, aching, dull pain (See Boring, Drawing, Distress, Digging, Gnawing, Pressing, etc.), pressing, menses, before",2
r2255,586,3,"PAIN, aching, dull pain (See Boring, Drawing, Distress, Digging, Gnawing, Pressing, etc.), pressing, menses, before, during (See Bearing down, genitalia)",6
r2256,586,3,"PAIN, aching, dull pain (See Boring, Drawing, Distress, Digging, Gnawing, Pressing, etc.), pressing, menses, before, after",1
r2257,586,2,"PAIN, aching, dull pain (See Boring, Drawing, Distress, Digging, Gnawing, Pressing, etc.), pressing, motion, on",1
r2258,586,2,"PAIN, aching, dull pain (See Boring, Drawing, Distress, Digging, Gnawing, Pressing, etc.), pressing, peaches, after",1
h114,586,2,"PAIN, aching, dull pain (See Boring, Drawing, Distress, Digging, Gnawing, Pressing, etc.), pressing, sitting, on",5
r2260,586,3,"PAIN, aching, dull pain (See Boring, Drawing, Distress, Digging, Gnawing, Pressing, etc.), pressing, sitting, on, amel.",1
r2261,586,2,"PAIN, aching, dull pain (See Boring, Drawing, Distress, Digging, Gnawing, Pressing, etc.), pressing, stone, as from",4
r2262,586,2,"PAIN, aching, dull pain (See Boring, Drawing, Distress, Digging, Gnawing, Pressing, etc.), pressing, stool, before",2
h115,586,3,"PAIN, aching, dull pain (See Boring, Drawing, Distress, Digging, Gnawing, Pressing, etc.), pressing, stool, before, during",5
r2264,586,3,"PAIN, aching, dull pain (See Boring, Drawing, Distress, Digging, Gnawing, Pressing, etc.), pressing, stool, before, after",6
r2265,586,4,"PAIN, aching, dull pain (See Boring, Drawing, Distress, Digging, Gnawing, Pressing, etc.), pressing, stool, before, after, normal",1
r2266,586,3,"PAIN, aching, dull pain (See Boring, Drawing, Distress, Digging, Gnawing, Pressing, etc.), pressing, stool, before, amel.",1
r2267,586,2,"PAIN, aching, dull pain (See Boring, Drawing, Distress, Digging, Gnawing, Pressing, etc.), pressing, urination, during",2
r2268,586,3,"PAIN, aching, dull pain (See Boring, Drawing, Distress, Digging, Gnawing, Pressing, etc.), pressing, urination, during, after",2
r2269,586,3,"PAIN, aching, dull pain (See Boring, Drawing, Distress, Digging, Gnawing, Pressing, etc.), pressing, urination, during, at the close of, pressing toward genitals",1
r2270,586,2,"PAIN, aching, dull pain (See Boring, Drawing, Distress, Digging, Gnawing, Pressing, etc.), pressing, walking, while",1
r2271,586,3,"PAIN, aching, dull pain (See Boring, Drawing, Distress, Digging, Gnawing, Pressing, etc.), pressing, walking, while, after",1
r2272,586,2,"PAIN, aching, dull pain (See Boring, Drawing, Distress, Digging, Gnawing, Pressing, etc.), pressing, warm drinks agg.",1
r2273,586,2,"PAIN, aching, dull pain (See Boring, Drawing, Distress, Digging, Gnawing, Pressing, etc.), pressing, extending toward anus",2
o1985,586,3,"PAIN, aching, dull pain (See Boring, Drawing, Distress, Digging, Gnawing, Pressing, etc.), pressing, extending toward anus, genitals",1
o1986,586,3,"PAIN, aching, dull pain (See Boring, Drawing, Distress, Digging, Gnawing, Pressing, etc.), pressing, extending toward anus, pit of stomach",1
o1987,586,3,"PAIN, aching, dull pain (See Boring, Drawing, Distress, Digging, Gnawing, Pressing, etc.), pressing, extending toward anus, rectum",2
o1988,586,3,"PAIN, aching, dull pain (See Boring, Drawing, Distress, Digging, Gnawing, Pressing, etc.), pressing, extending toward anus, throat",1
o1989,586,3,"PAIN, aching, dull pain (See Boring, Drawing, Distress, Digging, Gnawing, Pressing, etc.), pressing, extending toward anus, umbilicus",1
r2279,586,2,"PAIN, aching, dull pain (See Boring, Drawing, Distress, Digging, Gnawing, Pressing, etc.), pressing, Hypochondria",61
r2280,586,3,"PAIN, aching, dull pain (See Boring, Drawing, Distress, Digging, Gnawing, Pressing, etc.), pressing, Hypochondria, right",35
r2281,586,4,"PAIN, aching, dull pain (See Boring, Drawing, Distress, Digging, Gnawing, Pressing, etc.), pressing, Hypochondria, right, lying on painful side",1
r2282,586,3,"PAIN, aching, dull pain (See Boring, Drawing, Distress, Digging, Gnawing, Pressing, etc.), pressing, Hypochondria, left",13
r2283,586,3,"PAIN, aching, dull pain (See Boring, Drawing, Distress, Digging, Gnawing, Pressing, etc.), pressing, Hypochondria, morning",2
r2284,586,3,"PAIN, aching, dull pain (See Boring, Drawing, Distress, Digging, Gnawing, Pressing, etc.), pressing, Hypochondria, forenoon",1
r2285,586,3,"PAIN, aching, dull pain (See Boring, Drawing, Distress, Digging, Gnawing, Pressing, etc.), pressing, Hypochondria, afternoon",1
r2286,586,3,"PAIN, aching, dull pain (See Boring, Drawing, Distress, Digging, Gnawing, Pressing, etc.), pressing, Hypochondria, evening",4
r2287,586,3,"PAIN, aching, dull pain (See Boring, Drawing, Distress, Digging, Gnawing, Pressing, etc.), pressing, Hypochondria, night",1
r2288,586,4,"PAIN, aching, dull pain (See Boring, Drawing, Distress, Digging, Gnawing, Pressing, etc.), pressing, Hypochondria, night, 3 a.m.",1
o1993,586,3,"PAIN, aching, dull pain (See Boring, Drawing, Distress, Digging, Gnawing, Pressing, etc.), pressing, Hypochondria, bending body forward agg.",1
o1994,586,4,"PAIN, aching, dull pain (See Boring, Drawing, Distress, Digging, Gnawing, Pressing, etc.), pressing, Hypochondria, bending body forward agg., amel.",1
o1995,586,4,"PAIN, aching, dull pain (See Boring, Drawing, Distress, Digging, Gnawing, Pressing, etc.), pressing, Hypochondria, bending body forward agg., to left",1
r2292,586,3,"PAIN, aching, dull pain (See Boring, Drawing, Distress, Digging, Gnawing, Pressing, etc.), pressing, Hypochondria, breathing, on",2
r2293,587,3,"PAIN, aching, dull pain (See Boring, Drawing, Distress, Digging, Gnawing, Pressing, etc.), pressing, Hypochondria, coughing, on",1
o1998,587,3,"PAIN, aching, dull pain (See Boring, Drawing, Distress, Digging, Gnawing, Pressing, etc.), pressing, Hypochondria, dinner, after",1
r2295,587,3,"PAIN, aching, dull pain (See Boring, Drawing, Distress, Digging, Gnawing, Pressing, etc.), pressing, Hypochondria, drinking, after",1
r2296,587,3,"PAIN, aching, dull pain (See Boring, Drawing, Distress, Digging, Gnawing, Pressing, etc.), pressing, Hypochondria, eating, after",6
r2297,587,3,"PAIN, aching, dull pain (See Boring, Drawing, Distress, Digging, Gnawing, Pressing, etc.), pressing, Hypochondria, expiration, on",1
r2298,587,3,"PAIN, aching, dull pain (See Boring, Drawing, Distress, Digging, Gnawing, Pressing, etc.), pressing, Hypochondria, menses, during",1
r2299,587,4,"PAIN, aching, dull pain (See Boring, Drawing, Distress, Digging, Gnawing, Pressing, etc.), pressing, Hypochondria, menses, during, after",1
r2300,587,3,"PAIN, aching, dull pain (See Boring, Drawing, Distress, Digging, Gnawing, Pressing, etc.), pressing, Hypochondria, motion, from",2
r2301,587,3,"PAIN, aching, dull pain (See Boring, Drawing, Distress, Digging, Gnawing, Pressing, etc.), pressing, Hypochondria, riding, while",1
r2302,587,3,"PAIN, aching, dull pain (See Boring, Drawing, Distress, Digging, Gnawing, Pressing, etc.), pressing, Hypochondria, sitting, while",3
h116,587,3,"PAIN, aching, dull pain (See Boring, Drawing, Distress, Digging, Gnawing, Pressing, etc.), pressing, Hypochondria, standing, on",1
r2304,587,4,"PAIN, aching, dull pain (See Boring, Drawing, Distress, Digging, Gnawing, Pressing, etc.), pressing, Hypochondria, standing, on, amel.",1
r2305,587,3,"PAIN, aching, dull pain (See Boring, Drawing, Distress, Digging, Gnawing, Pressing, etc.), pressing, Hypochondria, step, on every",1
r2306,587,3,"PAIN, aching, dull pain (See Boring, Drawing, Distress, Digging, Gnawing, Pressing, etc.), pressing, Hypochondria, stool, after, amel.",1
r2307,587,3,"PAIN, aching, dull pain (See Boring, Drawing, Distress, Digging, Gnawing, Pressing, etc.), pressing, Hypochondria, stooping",1
h117,587,3,"PAIN, aching, dull pain (See Boring, Drawing, Distress, Digging, Gnawing, Pressing, etc.), pressing, Hypochondria, walking, while",5
r2309,587,4,"PAIN, aching, dull pain (See Boring, Drawing, Distress, Digging, Gnawing, Pressing, etc.), pressing, Hypochondria, walking, while, open air, in",1
r2310,587,4,"PAIN, aching, dull pain (See Boring, Drawing, Distress, Digging, Gnawing, Pressing, etc.), pressing, Hypochondria, walking, while, amel.",1
r2311,587,3,"PAIN, aching, dull pain (See Boring, Drawing, Distress, Digging, Gnawing, Pressing, etc.), pressing, Hypochondria, extending to abdomen",1
o2004,587,4,"PAIN, aching, dull pain (See Boring, Drawing, Distress, Digging, Gnawing, Pressing, etc.), pressing, Hypochondria, extending to abdomen, outward",2
o2005,587,5,"PAIN, aching, dull pain (See Boring, Drawing, Distress, Digging, Gnawing, Pressing, etc.), pressing, Hypochondria, extending to abdomen, outward, when lying on that (right) side",1
o2006,587,4,"PAIN, aching, dull pain (See Boring, Drawing, Distress, Digging, Gnawing, Pressing, etc.), pressing, Hypochondria, extending to abdomen, to scapula",1
o2007,587,5,"PAIN, aching, dull pain (See Boring, Drawing, Distress, Digging, Gnawing, Pressing, etc.), pressing, Hypochondria, extending to abdomen, to scapula, spleen",1
o2008,587,4,"PAIN, aching, dull pain (See Boring, Drawing, Distress, Digging, Gnawing, Pressing, etc.), pressing, Hypochondria, extending to abdomen, upwards",1
r2317,587,2,"PAIN, aching, dull pain (See Boring, Drawing, Distress, Digging, Gnawing, Pressing, etc.), pressing, Hypogastrium",72
r2318,587,3,"PAIN, aching, dull pain (See Boring, Drawing, Distress, Digging, Gnawing, Pressing, etc.), pressing, Hypogastrium, morning",3
r2319,587,4,"PAIN, aching, dull pain (See Boring, Drawing, Distress, Digging, Gnawing, Pressing, etc.), pressing, Hypogastrium, morning, lying on the back",1
r2320,587,4,"PAIN, aching, dull pain (See Boring, Drawing, Distress, Digging, Gnawing, Pressing, etc.), pressing, Hypogastrium, morning, 9 a.m. to 6 p.m.",1
r2321,587,3,"PAIN, aching, dull pain (See Boring, Drawing, Distress, Digging, Gnawing, Pressing, etc.), pressing, Hypogastrium, forenoon",1
r2322,587,3,"PAIN, aching, dull pain (See Boring, Drawing, Distress, Digging, Gnawing, Pressing, etc.), pressing, Hypogastrium, noon",1
r2323,587,3,"PAIN, aching, dull pain (See Boring, Drawing, Distress, Digging, Gnawing, Pressing, etc.), pressing, Hypogastrium, evening",1
r2324,587,3,"PAIN, aching, dull pain (See Boring, Drawing, Distress, Digging, Gnawing, Pressing, etc.), pressing, Hypogastrium, night",1
r2325,587,4,"PAIN, aching, dull pain (See Boring, Drawing, Distress, Digging, Gnawing, Pressing, etc.), pressing, Hypogastrium, night, 9 p.m.",1
r2326,587,3,"PAIN, aching, dull pain (See Boring, Drawing, Distress, Digging, Gnawing, Pressing, etc.), pressing, Hypogastrium, colic, during",1
r2327,587,3,"PAIN, aching, dull pain (See Boring, Drawing, Distress, Digging, Gnawing, Pressing, etc.), pressing, Hypogastrium, dinner, during",1
r2328,587,3,"PAIN, aching, dull pain (See Boring, Drawing, Distress, Digging, Gnawing, Pressing, etc.), pressing, Hypogastrium, downward",9
r2329,587,3,"PAIN, aching, dull pain (See Boring, Drawing, Distress, Digging, Gnawing, Pressing, etc.), pressing, Hypogastrium, exertion, on",1
r2330,587,3,"PAIN, aching, dull pain (See Boring, Drawing, Distress, Digging, Gnawing, Pressing, etc.), pressing, Hypogastrium, genitals, toward",11
r2331,587,3,"PAIN, aching, dull pain (See Boring, Drawing, Distress, Digging, Gnawing, Pressing, etc.), pressing, Hypogastrium, groin, toward",3
r2332,587,3,"PAIN, aching, dull pain (See Boring, Drawing, Distress, Digging, Gnawing, Pressing, etc.), pressing, Hypogastrium, lying, while",1
r2333,587,4,"PAIN, aching, dull pain (See Boring, Drawing, Distress, Digging, Gnawing, Pressing, etc.), pressing, Hypogastrium, lying, while, on the back",1
r2334,587,3,"PAIN, aching, dull pain (See Boring, Drawing, Distress, Digging, Gnawing, Pressing, etc.), pressing, Hypogastrium, menses, before",2
r2335,587,4,"PAIN, aching, dull pain (See Boring, Drawing, Distress, Digging, Gnawing, Pressing, etc.), pressing, Hypogastrium, menses, before, during",14
r2336,587,3,"PAIN, aching, dull pain (See Boring, Drawing, Distress, Digging, Gnawing, Pressing, etc.), pressing, Hypogastrium, menses, would come on, as if",20
r2337,587,3,"PAIN, aching, dull pain (See Boring, Drawing, Distress, Digging, Gnawing, Pressing, etc.), pressing, Hypogastrium, motion amel.",1
r2338,587,3,"PAIN, aching, dull pain (See Boring, Drawing, Distress, Digging, Gnawing, Pressing, etc.), pressing, Hypogastrium, outwards",9
r2339,587,3,"PAIN, aching, dull pain (See Boring, Drawing, Distress, Digging, Gnawing, Pressing, etc.), pressing, Hypogastrium, paroxysmal",1
r2340,587,3,"PAIN, aching, dull pain (See Boring, Drawing, Distress, Digging, Gnawing, Pressing, etc.), pressing, Hypogastrium, pelvis, into (See Genitalia)",0
r2341,587,3,"PAIN, aching, dull pain (See Boring, Drawing, Distress, Digging, Gnawing, Pressing, etc.), pressing, Hypogastrium, sitting, while",1
r2342,587,4,"PAIN, aching, dull pain (See Boring, Drawing, Distress, Digging, Gnawing, Pressing, etc.), pressing, Hypogastrium, sitting, while, bent",1
r2343,587,3,"PAIN, aching, dull pain (See Boring, Drawing, Distress, Digging, Gnawing, Pressing, etc.), pressing, Hypogastrium, stool, before",1
r2344,587,4,"PAIN, aching, dull pain (See Boring, Drawing, Distress, Digging, Gnawing, Pressing, etc.), pressing, Hypogastrium, stool, before, during",5
r2345,587,4,"PAIN, aching, dull pain (See Boring, Drawing, Distress, Digging, Gnawing, Pressing, etc.), pressing, Hypogastrium, stool, before, after",2
r2346,587,3,"PAIN, aching, dull pain (See Boring, Drawing, Distress, Digging, Gnawing, Pressing, etc.), pressing, Hypogastrium, supper, after amel.",1
r2347,587,3,"PAIN, aching, dull pain (See Boring, Drawing, Distress, Digging, Gnawing, Pressing, etc.), pressing, Hypogastrium, touched, when",1
r2348,587,3,"PAIN, aching, dull pain (See Boring, Drawing, Distress, Digging, Gnawing, Pressing, etc.), pressing, Hypogastrium, urination, during",2
r2349,587,4,"PAIN, aching, dull pain (See Boring, Drawing, Distress, Digging, Gnawing, Pressing, etc.), pressing, Hypogastrium, urination, during, after",1
h118,588,3,"PAIN, aching, dull pain (See Boring, Drawing, Distress, Digging, Gnawing, Pressing, etc.), pressing, Hypogastrium, walking, while",3
r2351,588,4,"PAIN, aching, dull pain (See Boring, Drawing, Distress, Digging, Gnawing, Pressing, etc.), pressing, Hypogastrium, walking, while, amel.",1
r2352,588,4,"PAIN, aching, dull pain (See Boring, Drawing, Distress, Digging, Gnawing, Pressing, etc.), pressing, Hypogastrium, walking, while, bent, compelled to",1
r2353,588,4,"PAIN, aching, dull pain (See Boring, Drawing, Distress, Digging, Gnawing, Pressing, etc.), pressing, Hypogastrium, walking, while, open air, in, while",1
r2354,588,2,"PAIN, aching, dull pain (See Boring, Drawing, Distress, Digging, Gnawing, Pressing, etc.), pressing, Ilium",1
r2355,588,2,"PAIN, aching, dull pain (See Boring, Drawing, Distress, Digging, Gnawing, Pressing, etc.), pressing, Inguinal region",27
r2356,588,3,"PAIN, aching, dull pain (See Boring, Drawing, Distress, Digging, Gnawing, Pressing, etc.), pressing, Inguinal region, right",6
r2357,588,3,"PAIN, aching, dull pain (See Boring, Drawing, Distress, Digging, Gnawing, Pressing, etc.), pressing, Inguinal region, left",5
r2358,588,3,"PAIN, aching, dull pain (See Boring, Drawing, Distress, Digging, Gnawing, Pressing, etc.), pressing, Inguinal region, morning",1
r2359,588,3,"PAIN, aching, dull pain (See Boring, Drawing, Distress, Digging, Gnawing, Pressing, etc.), pressing, Inguinal region, afternoon",1
r2360,588,4,"PAIN, aching, dull pain (See Boring, Drawing, Distress, Digging, Gnawing, Pressing, etc.), pressing, Inguinal region, afternoon, coffee, after",1
r2361,588,3,"PAIN, aching, dull pain (See Boring, Drawing, Distress, Digging, Gnawing, Pressing, etc.), pressing, Inguinal region, evening",1
r2362,588,3,"PAIN, aching, dull pain (See Boring, Drawing, Distress, Digging, Gnawing, Pressing, etc.), pressing, Inguinal region, downward",1
r2363,588,3,"PAIN, aching, dull pain (See Boring, Drawing, Distress, Digging, Gnawing, Pressing, etc.), pressing, Inguinal region, drawing up leg amel.",1
r2364,588,3,"PAIN, aching, dull pain (See Boring, Drawing, Distress, Digging, Gnawing, Pressing, etc.), pressing, Inguinal region, menses, during",6
r2365,588,4,"PAIN, aching, dull pain (See Boring, Drawing, Distress, Digging, Gnawing, Pressing, etc.), pressing, Inguinal region, menses, during, after",1
r2366,588,3,"PAIN, aching, dull pain (See Boring, Drawing, Distress, Digging, Gnawing, Pressing, etc.), pressing, Inguinal region, outward",16
r2367,588,3,"PAIN, aching, dull pain (See Boring, Drawing, Distress, Digging, Gnawing, Pressing, etc.), pressing, Inguinal region, sitting, while",1
r2368,588,4,"PAIN, aching, dull pain (See Boring, Drawing, Distress, Digging, Gnawing, Pressing, etc.), pressing, Inguinal region, sitting, while, bent",1
h119,588,3,"PAIN, aching, dull pain (See Boring, Drawing, Distress, Digging, Gnawing, Pressing, etc.), pressing, Inguinal region, standing, while",2
r2370,588,4,"PAIN, aching, dull pain (See Boring, Drawing, Distress, Digging, Gnawing, Pressing, etc.), pressing, Inguinal region, standing, while, amel.",1
r2371,588,3,"PAIN, aching, dull pain (See Boring, Drawing, Distress, Digging, Gnawing, Pressing, etc.), pressing, Inguinal region, stool, before",1
r2372,588,3,"PAIN, aching, dull pain (See Boring, Drawing, Distress, Digging, Gnawing, Pressing, etc.), pressing, Inguinal region, stretching out, on",3
r2373,588,3,"PAIN, aching, dull pain (See Boring, Drawing, Distress, Digging, Gnawing, Pressing, etc.), pressing, Inguinal region, touch agg.",1
r2374,588,3,"PAIN, aching, dull pain (See Boring, Drawing, Distress, Digging, Gnawing, Pressing, etc.), pressing, Inguinal region, urinating, when",1
r2375,588,3,"PAIN, aching, dull pain (See Boring, Drawing, Distress, Digging, Gnawing, Pressing, etc.), pressing, Inguinal region, extending to genitals",2
r2376,588,2,"PAIN, aching, dull pain (See Boring, Drawing, Distress, Digging, Gnawing, Pressing, etc.), pressing, Liver",61
r2377,588,2,"PAIN, aching, dull pain (See Boring, Drawing, Distress, Digging, Gnawing, Pressing, etc.), pressing, Sides",30
r2378,588,3,"PAIN, aching, dull pain (See Boring, Drawing, Distress, Digging, Gnawing, Pressing, etc.), pressing, Sides, right",9
r2379,588,3,"PAIN, aching, dull pain (See Boring, Drawing, Distress, Digging, Gnawing, Pressing, etc.), pressing, Sides, lying on right side",1
r2380,588,3,"PAIN, aching, dull pain (See Boring, Drawing, Distress, Digging, Gnawing, Pressing, etc.), pressing, Sides, left",12
r2381,588,3,"PAIN, aching, dull pain (See Boring, Drawing, Distress, Digging, Gnawing, Pressing, etc.), pressing, Sides, morning",1
r2382,588,3,"PAIN, aching, dull pain (See Boring, Drawing, Distress, Digging, Gnawing, Pressing, etc.), pressing, Sides, evening",1
r2383,588,3,"PAIN, aching, dull pain (See Boring, Drawing, Distress, Digging, Gnawing, Pressing, etc.), pressing, Sides, coughing, on",1
r2384,588,3,"PAIN, aching, dull pain (See Boring, Drawing, Distress, Digging, Gnawing, Pressing, etc.), pressing, Sides, drawing",3
r2385,588,4,"PAIN, aching, dull pain (See Boring, Drawing, Distress, Digging, Gnawing, Pressing, etc.), pressing, Sides, drawing, in the abdominal muscles, on",1
r2386,588,3,"PAIN, aching, dull pain (See Boring, Drawing, Distress, Digging, Gnawing, Pressing, etc.), pressing, Sides, inspiration, deep",1
r2387,588,3,"PAIN, aching, dull pain (See Boring, Drawing, Distress, Digging, Gnawing, Pressing, etc.), pressing, Sides, kneading amel.",1
r2388,588,3,"PAIN, aching, dull pain (See Boring, Drawing, Distress, Digging, Gnawing, Pressing, etc.), pressing, Sides, menses, during",1
r2389,588,3,"PAIN, aching, dull pain (See Boring, Drawing, Distress, Digging, Gnawing, Pressing, etc.), pressing, Sides, motion, on",1
r2390,588,3,"PAIN, aching, dull pain (See Boring, Drawing, Distress, Digging, Gnawing, Pressing, etc.), pressing, Sides, outward",3
r2391,588,3,"PAIN, aching, dull pain (See Boring, Drawing, Distress, Digging, Gnawing, Pressing, etc.), pressing, Sides, periodic",1
r2392,588,3,"PAIN, aching, dull pain (See Boring, Drawing, Distress, Digging, Gnawing, Pressing, etc.), pressing, Sides, riding, while",2
r2393,588,3,"PAIN, aching, dull pain (See Boring, Drawing, Distress, Digging, Gnawing, Pressing, etc.), pressing, Sides, sitting, while",2
r2394,588,3,"PAIN, aching, dull pain (See Boring, Drawing, Distress, Digging, Gnawing, Pressing, etc.), pressing, Sides, stooping",1
r2395,588,3,"PAIN, aching, dull pain (See Boring, Drawing, Distress, Digging, Gnawing, Pressing, etc.), pressing, Sides, walking, while",2
r2396,588,3,"PAIN, aching, dull pain (See Boring, Drawing, Distress, Digging, Gnawing, Pressing, etc.), pressing, Sides, extending to navel",1
r2397,588,3,"PAIN, aching, dull pain (See Boring, Drawing, Distress, Digging, Gnawing, Pressing, etc.), pressing, Sides, flank, in",5
r2398,588,2,"PAIN, aching, dull pain (See Boring, Drawing, Distress, Digging, Gnawing, Pressing, etc.), pressing, Spleen",19
r2399,588,3,"PAIN, aching, dull pain (See Boring, Drawing, Distress, Digging, Gnawing, Pressing, etc.), pressing, Spleen, lying on left side",1
r2400,588,2,"PAIN, aching, dull pain (See Boring, Drawing, Distress, Digging, Gnawing, Pressing, etc.), pressing, Umbilicus, region of",43
o2132,589,3,"PAIN, aching, dull pain (See Boring, Drawing, Distress, Digging, Gnawing, Pressing, etc.), pressing, Umbilicus, region of, afternoon",1
o2134,589,4,"PAIN, aching, dull pain (See Boring, Drawing, Distress, Digging, Gnawing, Pressing, etc.), pressing, Umbilicus, region of, afternoon, standing, while",1
o2133,589,4,"PAIN, aching, dull pain (See Boring, Drawing, Distress, Digging, Gnawing, Pressing, etc.), pressing, Umbilicus, region of, afternoon, 4 p.m.",1
o2139,589,3,"PAIN, aching, dull pain (See Boring, Drawing, Distress, Digging, Gnawing, Pressing, etc.), pressing, Umbilicus, region of, evening, bed, in",2
o2135,589,3,"PAIN, aching, dull pain (See Boring, Drawing, Distress, Digging, Gnawing, Pressing, etc.), pressing, Umbilicus, region of, button, as from",2
o2136,589,3,"PAIN, aching, dull pain (See Boring, Drawing, Distress, Digging, Gnawing, Pressing, etc.), pressing, Umbilicus, region of, coughing, on",1
o2137,589,3,"PAIN, aching, dull pain (See Boring, Drawing, Distress, Digging, Gnawing, Pressing, etc.), pressing, Umbilicus, region of, eating, after",1
o2138,589,3,"PAIN, aching, dull pain (See Boring, Drawing, Distress, Digging, Gnawing, Pressing, etc.), pressing, Umbilicus, region of, eructations amel.",1
o2143,589,3,"PAIN, aching, dull pain (See Boring, Drawing, Distress, Digging, Gnawing, Pressing, etc.), pressing, Umbilicus, region of, hernia, as if, would protrude",1
o2144,589,3,"PAIN, aching, dull pain (See Boring, Drawing, Distress, Digging, Gnawing, Pressing, etc.), pressing, Umbilicus, region of, paroxysmal",1
o2145,589,3,"PAIN, aching, dull pain (See Boring, Drawing, Distress, Digging, Gnawing, Pressing, etc.), pressing, Umbilicus, region of, periodical",1
o2146,589,3,"PAIN, aching, dull pain (See Boring, Drawing, Distress, Digging, Gnawing, Pressing, etc.), pressing, Umbilicus, region of, plug, like a",2
o2147,589,3,"PAIN, aching, dull pain (See Boring, Drawing, Distress, Digging, Gnawing, Pressing, etc.), pressing, Umbilicus, region of, standing",1
o2148,589,3,"PAIN, aching, dull pain (See Boring, Drawing, Distress, Digging, Gnawing, Pressing, etc.), pressing, Umbilicus, region of, stooping, on",1
o2149,589,3,"PAIN, aching, dull pain (See Boring, Drawing, Distress, Digging, Gnawing, Pressing, etc.), pressing, Umbilicus, region of, walking in open air, while",1
o2140,589,3,"PAIN, aching, dull pain (See Boring, Drawing, Distress, Digging, Gnawing, Pressing, etc.), pressing, Umbilicus, region of, extending to anus",1
o2141,589,4,"PAIN, aching, dull pain (See Boring, Drawing, Distress, Digging, Gnawing, Pressing, etc.), pressing, Umbilicus, region of, extending to anus, chest, left",1
o2142,589,4,"PAIN, aching, dull pain (See Boring, Drawing, Distress, Digging, Gnawing, Pressing, etc.), pressing, Umbilicus, region of, extending to anus, epigastrium",1
r2420,589,1,"PAIN, aching, dull pain (See Boring, Drawing, Distress, Digging, Gnawing, Pressing, etc.), shooting (See Stitching)",0
r2421,589,1,"PAIN, aching, dull pain (See Boring, Drawing, Distress, Digging, Gnawing, Pressing, etc.), sickening pain about the umbilicus after stool",1
r2422,589,1,"PAIN, aching, dull pain (See Boring, Drawing, Distress, Digging, Gnawing, Pressing, etc.), sore, bruised, tenderness, etc.",155
o2288,589,2,"PAIN, aching, dull pain (See Boring, Drawing, Distress, Digging, Gnawing, Pressing, etc.), sore, bruised, tenderness, etc., morning",10
o2289,589,3,"PAIN, aching, dull pain (See Boring, Drawing, Distress, Digging, Gnawing, Pressing, etc.), sore, bruised, tenderness, etc., morning, in bed",2
o2230,589,2,"PAIN, aching, dull pain (See Boring, Drawing, Distress, Digging, Gnawing, Pressing, etc.), sore, bruised, tenderness, etc., forenoon",2
o2231,589,3,"PAIN, aching, dull pain (See Boring, Drawing, Distress, Digging, Gnawing, Pressing, etc.), sore, bruised, tenderness, etc., forenoon, every step, on",1
r2462,589,2,"PAIN, aching, dull pain (See Boring, Drawing, Distress, Digging, Gnawing, Pressing, etc.), sore, bruised, tenderness, etc., afternoon",4
o2222,589,3,"PAIN, aching, dull pain (See Boring, Drawing, Distress, Digging, Gnawing, Pressing, etc.), sore, bruised, tenderness, etc., afternoon, 1 p.m.",1
r2463,589,2,"PAIN, aching, dull pain (See Boring, Drawing, Distress, Digging, Gnawing, Pressing, etc.), sore, bruised, tenderness, etc., evening",6
o2229,589,3,"PAIN, aching, dull pain (See Boring, Drawing, Distress, Digging, Gnawing, Pressing, etc.), sore, bruised, tenderness, etc., evening, menses, during",1
o2291,589,2,"PAIN, aching, dull pain (See Boring, Drawing, Distress, Digging, Gnawing, Pressing, etc.), sore, bruised, tenderness, etc., night",4
o2223,589,2,"PAIN, aching, dull pain (See Boring, Drawing, Distress, Digging, Gnawing, Pressing, etc.), sore, bruised, tenderness, etc., bending double amel.",1
o2225,589,2,"PAIN, aching, dull pain (See Boring, Drawing, Distress, Digging, Gnawing, Pressing, etc.), sore, bruised, tenderness, etc., clothing agg.",17
o2226,589,2,"PAIN, aching, dull pain (See Boring, Drawing, Distress, Digging, Gnawing, Pressing, etc.), sore, bruised, tenderness, etc., coughing, from",12
r2468,589,2,"PAIN, aching, dull pain (See Boring, Drawing, Distress, Digging, Gnawing, Pressing, etc.), sore, bruised, tenderness, etc., eating, after",1
o2279,589,2,"PAIN, aching, dull pain (See Boring, Drawing, Distress, Digging, Gnawing, Pressing, etc.), sore, bruised, tenderness, etc., jarring, on",12
o2282,589,2,"PAIN, aching, dull pain (See Boring, Drawing, Distress, Digging, Gnawing, Pressing, etc.), sore, bruised, tenderness, etc., lying on abdomen amel.",1
o2283,589,3,"PAIN, aching, dull pain (See Boring, Drawing, Distress, Digging, Gnawing, Pressing, etc.), sore, bruised, tenderness, etc., lying on abdomen amel., on the right side agg.",1
o2285,589,2,"PAIN, aching, dull pain (See Boring, Drawing, Distress, Digging, Gnawing, Pressing, etc.), sore, bruised, tenderness, etc., menses, before",6
o2286,589,3,"PAIN, aching, dull pain (See Boring, Drawing, Distress, Digging, Gnawing, Pressing, etc.), sore, bruised, tenderness, etc., menses, before, during",12
o2287,589,4,"PAIN, aching, dull pain (See Boring, Drawing, Distress, Digging, Gnawing, Pressing, etc.), sore, bruised, tenderness, etc., menses, before, during, pressing amel.",1
o2284,589,3,"PAIN, aching, dull pain (See Boring, Drawing, Distress, Digging, Gnawing, Pressing, etc.), sore, bruised, tenderness, etc., menses, before, after",4
o2290,589,2,"PAIN, aching, dull pain (See Boring, Drawing, Distress, Digging, Gnawing, Pressing, etc.), sore, bruised, tenderness, etc., motion, on",7
o2292,589,2,"PAIN, aching, dull pain (See Boring, Drawing, Distress, Digging, Gnawing, Pressing, etc.), sore, bruised, tenderness, etc., pregnancy, during",2
o2293,589,2,"PAIN, aching, dull pain (See Boring, Drawing, Distress, Digging, Gnawing, Pressing, etc.), sore, bruised, tenderness, etc., riding in a carriage agg.",1
o2294,589,3,"PAIN, aching, dull pain (See Boring, Drawing, Distress, Digging, Gnawing, Pressing, etc.), sore, bruised, tenderness, etc., riding in a carriage agg., horseback",1
r2448,590,2,"PAIN, aching, dull pain (See Boring, Drawing, Distress, Digging, Gnawing, Pressing, etc.), sore, bruised, tenderness, etc., stool, before",3
h120,590,3,"PAIN, aching, dull pain (See Boring, Drawing, Distress, Digging, Gnawing, Pressing, etc.), sore, bruised, tenderness, etc., stool, before, during",3
r2450,590,3,"PAIN, aching, dull pain (See Boring, Drawing, Distress, Digging, Gnawing, Pressing, etc.), sore, bruised, tenderness, etc., stool, before, after",6
r2451,590,3,"PAIN, aching, dull pain (See Boring, Drawing, Distress, Digging, Gnawing, Pressing, etc.), sore, bruised, tenderness, etc., stool, before, amel.",1
r2452,590,3,"PAIN, aching, dull pain (See Boring, Drawing, Distress, Digging, Gnawing, Pressing, etc.), sore, bruised, tenderness, etc., stool, before, straining at, from",1
r2453,590,2,"PAIN, aching, dull pain (See Boring, Drawing, Distress, Digging, Gnawing, Pressing, etc.), sore, bruised, tenderness, etc., walking, while",11
r2454,590,2,"PAIN, aching, dull pain (See Boring, Drawing, Distress, Digging, Gnawing, Pressing, etc.), sore, bruised, tenderness, etc., Hypochondria",63
r2455,590,3,"PAIN, aching, dull pain (See Boring, Drawing, Distress, Digging, Gnawing, Pressing, etc.), sore, bruised, tenderness, etc., Hypochondria, right",38
r2456,590,4,"PAIN, aching, dull pain (See Boring, Drawing, Distress, Digging, Gnawing, Pressing, etc.), sore, bruised, tenderness, etc., Hypochondria, right, exertion, after",1
r2457,590,4,"PAIN, aching, dull pain (See Boring, Drawing, Distress, Digging, Gnawing, Pressing, etc.), sore, bruised, tenderness, etc., Hypochondria, right, lying on right side",3
r2458,590,3,"PAIN, aching, dull pain (See Boring, Drawing, Distress, Digging, Gnawing, Pressing, etc.), sore, bruised, tenderness, etc., Hypochondria, left",9
r2459,590,4,"PAIN, aching, dull pain (See Boring, Drawing, Distress, Digging, Gnawing, Pressing, etc.), sore, bruised, tenderness, etc., Hypochondria, left, mortification, after",1
r2460,590,3,"PAIN, aching, dull pain (See Boring, Drawing, Distress, Digging, Gnawing, Pressing, etc.), sore, bruised, tenderness, etc., Hypochondria, morning",4
r2461,590,4,"PAIN, aching, dull pain (See Boring, Drawing, Distress, Digging, Gnawing, Pressing, etc.), sore, bruised, tenderness, etc., Hypochondria, morning, 10 a.m.",1
o2233,590,3,"PAIN, aching, dull pain (See Boring, Drawing, Distress, Digging, Gnawing, Pressing, etc.), sore, bruised, tenderness, etc., Hypochondria, afternoon",1
o2238,590,3,"PAIN, aching, dull pain (See Boring, Drawing, Distress, Digging, Gnawing, Pressing, etc.), sore, bruised, tenderness, etc., Hypochondria, evening",1
r2464,590,3,"PAIN, aching, dull pain (See Boring, Drawing, Distress, Digging, Gnawing, Pressing, etc.), sore, bruised, tenderness, etc., Hypochondria, night, lying on painful side",1
r2465,590,3,"PAIN, aching, dull pain (See Boring, Drawing, Distress, Digging, Gnawing, Pressing, etc.), sore, bruised, tenderness, etc., Hypochondria, chill, during",1
r2466,590,3,"PAIN, aching, dull pain (See Boring, Drawing, Distress, Digging, Gnawing, Pressing, etc.), sore, bruised, tenderness, etc., Hypochondria, coughing, on",5
o2236,590,3,"PAIN, aching, dull pain (See Boring, Drawing, Distress, Digging, Gnawing, Pressing, etc.), sore, bruised, tenderness, etc., Hypochondria, diarrhœa, during",1
o2237,590,3,"PAIN, aching, dull pain (See Boring, Drawing, Distress, Digging, Gnawing, Pressing, etc.), sore, bruised, tenderness, etc., Hypochondria, eating, after",1
r2469,590,3,"PAIN, aching, dull pain (See Boring, Drawing, Distress, Digging, Gnawing, Pressing, etc.), sore, bruised, tenderness, etc., Hypochondria, jarring, on",8
r2470,590,3,"PAIN, aching, dull pain (See Boring, Drawing, Distress, Digging, Gnawing, Pressing, etc.), sore, bruised, tenderness, etc., Hypochondria, lying on painful side agg.",2
o2245,590,4,"PAIN, aching, dull pain (See Boring, Drawing, Distress, Digging, Gnawing, Pressing, etc.), sore, bruised, tenderness, etc., Hypochondria, lying on painful side agg., on left side",1
r2472,590,3,"PAIN, aching, dull pain (See Boring, Drawing, Distress, Digging, Gnawing, Pressing, etc.), sore, bruised, tenderness, etc., Hypochondria, motion agg.",4
o2249,590,4,"PAIN, aching, dull pain (See Boring, Drawing, Distress, Digging, Gnawing, Pressing, etc.), sore, bruised, tenderness, etc., Hypochondria, motion agg., amel.",1
r2474,590,3,"PAIN, aching, dull pain (See Boring, Drawing, Distress, Digging, Gnawing, Pressing, etc.), sore, bruised, tenderness, etc., Hypochondria, pressure amel.",1
r2475,590,3,"PAIN, aching, dull pain (See Boring, Drawing, Distress, Digging, Gnawing, Pressing, etc.), sore, bruised, tenderness, etc., Hypochondria, side lain on agg.",1
r2476,590,3,"PAIN, aching, dull pain (See Boring, Drawing, Distress, Digging, Gnawing, Pressing, etc.), sore, bruised, tenderness, etc., Hypochondria, spots, in",1
r2477,590,3,"PAIN, aching, dull pain (See Boring, Drawing, Distress, Digging, Gnawing, Pressing, etc.), sore, bruised, tenderness, etc., Hypochondria, step, on every",2
r2478,590,3,"PAIN, aching, dull pain (See Boring, Drawing, Distress, Digging, Gnawing, Pressing, etc.), sore, bruised, tenderness, etc., Hypochondria, stooping, on",1
r2479,590,3,"PAIN, aching, dull pain (See Boring, Drawing, Distress, Digging, Gnawing, Pressing, etc.), sore, bruised, tenderness, etc., Hypochondria, walking, while",2
r2480,590,3,"PAIN, aching, dull pain (See Boring, Drawing, Distress, Digging, Gnawing, Pressing, etc.), sore, bruised, tenderness, etc., Hypochondria, extending into stomach",1
o2240,590,4,"PAIN, aching, dull pain (See Boring, Drawing, Distress, Digging, Gnawing, Pressing, etc.), sore, bruised, tenderness, etc., Hypochondria, extending into stomach, to shoulder",2
r2482,590,2,"PAIN, aching, dull pain (See Boring, Drawing, Distress, Digging, Gnawing, Pressing, etc.), sore, bruised, tenderness, etc., Hypogastrium",41
r2483,590,3,"PAIN, aching, dull pain (See Boring, Drawing, Distress, Digging, Gnawing, Pressing, etc.), sore, bruised, tenderness, etc., Hypogastrium, walking, while",1
r2484,590,2,"PAIN, aching, dull pain (See Boring, Drawing, Distress, Digging, Gnawing, Pressing, etc.), sore, bruised, tenderness, etc., Ilio-cæcal region",21
r2485,590,2,"PAIN, aching, dull pain (See Boring, Drawing, Distress, Digging, Gnawing, Pressing, etc.), sore, bruised, tenderness, etc., Iliac region",4
r2486,590,3,"PAIN, aching, dull pain (See Boring, Drawing, Distress, Digging, Gnawing, Pressing, etc.), sore, bruised, tenderness, etc., Iliac region, drawing up thigh amel.",1
r2487,590,3,"PAIN, aching, dull pain (See Boring, Drawing, Distress, Digging, Gnawing, Pressing, etc.), sore, bruised, tenderness, etc., Iliac region, sitting, while",1
r2488,590,3,"PAIN, aching, dull pain (See Boring, Drawing, Distress, Digging, Gnawing, Pressing, etc.), sore, bruised, tenderness, etc., Iliac region, standing amel.",1
r2489,590,2,"PAIN, aching, dull pain (See Boring, Drawing, Distress, Digging, Gnawing, Pressing, etc.), sore, bruised, tenderness, etc., Ilium",2
r2490,590,2,"PAIN, aching, dull pain (See Boring, Drawing, Distress, Digging, Gnawing, Pressing, etc.), sore, bruised, tenderness, etc., Inguinal region",35
r2491,590,3,"PAIN, aching, dull pain (See Boring, Drawing, Distress, Digging, Gnawing, Pressing, etc.), sore, bruised, tenderness, etc., Inguinal region, right",5
r2492,590,3,"PAIN, aching, dull pain (See Boring, Drawing, Distress, Digging, Gnawing, Pressing, etc.), sore, bruised, tenderness, etc., Inguinal region, left",3
r2493,590,3,"PAIN, aching, dull pain (See Boring, Drawing, Distress, Digging, Gnawing, Pressing, etc.), sore, bruised, tenderness, etc., Inguinal region, afternoon",1
r2494,590,3,"PAIN, aching, dull pain (See Boring, Drawing, Distress, Digging, Gnawing, Pressing, etc.), sore, bruised, tenderness, etc., Inguinal region, evening",1
r2495,591,3,"PAIN, aching, dull pain (See Boring, Drawing, Distress, Digging, Gnawing, Pressing, etc.), sore, bruised, tenderness, etc., Inguinal region, bed, in",1
r2496,591,3,"PAIN, aching, dull pain (See Boring, Drawing, Distress, Digging, Gnawing, Pressing, etc.), sore, bruised, tenderness, etc., Inguinal region, menses, during",2
r2497,591,3,"PAIN, aching, dull pain (See Boring, Drawing, Distress, Digging, Gnawing, Pressing, etc.), sore, bruised, tenderness, etc., Inguinal region, walk bent, must",1
r2498,591,3,"PAIN, aching, dull pain (See Boring, Drawing, Distress, Digging, Gnawing, Pressing, etc.), sore, bruised, tenderness, etc., Inguinal region, walking, while",4
r2499,591,3,"PAIN, aching, dull pain (See Boring, Drawing, Distress, Digging, Gnawing, Pressing, etc.), sore, bruised, tenderness, etc., Inguinal region, glands",8
r2500,591,2,"PAIN, aching, dull pain (See Boring, Drawing, Distress, Digging, Gnawing, Pressing, etc.), sore, bruised, tenderness, etc., Liver, in",50
r2501,591,3,"PAIN, aching, dull pain (See Boring, Drawing, Distress, Digging, Gnawing, Pressing, etc.), sore, bruised, tenderness, etc., Liver, in, left lobe",1
r2502,591,2,"PAIN, aching, dull pain (See Boring, Drawing, Distress, Digging, Gnawing, Pressing, etc.), sore, bruised, tenderness, etc., Sides",14
r2503,591,3,"PAIN, aching, dull pain (See Boring, Drawing, Distress, Digging, Gnawing, Pressing, etc.), sore, bruised, tenderness, etc., Sides, right",2
r2504,591,3,"PAIN, aching, dull pain (See Boring, Drawing, Distress, Digging, Gnawing, Pressing, etc.), sore, bruised, tenderness, etc., Sides, left",2
r2505,591,3,"PAIN, aching, dull pain (See Boring, Drawing, Distress, Digging, Gnawing, Pressing, etc.), sore, bruised, tenderness, etc., Sides, below the floating ribs",1
r2506,591,3,"PAIN, aching, dull pain (See Boring, Drawing, Distress, Digging, Gnawing, Pressing, etc.), sore, bruised, tenderness, etc., Sides, flank, in",3
r2507,591,2,"PAIN, aching, dull pain (See Boring, Drawing, Distress, Digging, Gnawing, Pressing, etc.), sore, bruised, tenderness, etc., Spleen",17
r2508,591,2,"PAIN, aching, dull pain (See Boring, Drawing, Distress, Digging, Gnawing, Pressing, etc.), sore, bruised, tenderness, etc., Umbilicus",22
r2509,591,3,"PAIN, aching, dull pain (See Boring, Drawing, Distress, Digging, Gnawing, Pressing, etc.), sore, bruised, tenderness, etc., Umbilicus, region of",20
r2510,591,1,"PAIN, aching, dull pain (See Boring, Drawing, Distress, Digging, Gnawing, Pressing, etc.), stinging",14
h121,591,1,"PAIN, aching, dull pain (See Boring, Drawing, Distress, Digging, Gnawing, Pressing, etc.), stitching (sticking, etc.)",103
r2512,591,2,"PAIN, aching, dull pain (See Boring, Drawing, Distress, Digging, Gnawing, Pressing, etc.), stitching (sticking, etc.), morning",5
r2513,591,3,"PAIN, aching, dull pain (See Boring, Drawing, Distress, Digging, Gnawing, Pressing, etc.), stitching (sticking, etc.), morning, walking, while",1
r2514,591,2,"PAIN, aching, dull pain (See Boring, Drawing, Distress, Digging, Gnawing, Pressing, etc.), stitching (sticking, etc.), forenoon",1
r2515,591,2,"PAIN, aching, dull pain (See Boring, Drawing, Distress, Digging, Gnawing, Pressing, etc.), stitching (sticking, etc.), noon",3
r2516,591,2,"PAIN, aching, dull pain (See Boring, Drawing, Distress, Digging, Gnawing, Pressing, etc.), stitching (sticking, etc.), afternoon",1
r2517,591,2,"PAIN, aching, dull pain (See Boring, Drawing, Distress, Digging, Gnawing, Pressing, etc.), stitching (sticking, etc.), evening",3
r2518,591,3,"PAIN, aching, dull pain (See Boring, Drawing, Distress, Digging, Gnawing, Pressing, etc.), stitching (sticking, etc.), evening, 6 p.m.",1
r2519,591,2,"PAIN, aching, dull pain (See Boring, Drawing, Distress, Digging, Gnawing, Pressing, etc.), stitching (sticking, etc.), night",1
r2520,591,3,"PAIN, aching, dull pain (See Boring, Drawing, Distress, Digging, Gnawing, Pressing, etc.), stitching (sticking, etc.), night, midnight",1
r2521,591,4,"PAIN, aching, dull pain (See Boring, Drawing, Distress, Digging, Gnawing, Pressing, etc.), stitching (sticking, etc.), night, midnight, waking, on",1
r2522,591,2,"PAIN, aching, dull pain (See Boring, Drawing, Distress, Digging, Gnawing, Pressing, etc.), stitching (sticking, etc.), bed, in",1
r2523,591,2,"PAIN, aching, dull pain (See Boring, Drawing, Distress, Digging, Gnawing, Pressing, etc.), stitching (sticking, etc.), bending forward",1
r2524,591,2,"PAIN, aching, dull pain (See Boring, Drawing, Distress, Digging, Gnawing, Pressing, etc.), stitching (sticking, etc.), burning",2
r2525,591,2,"PAIN, aching, dull pain (See Boring, Drawing, Distress, Digging, Gnawing, Pressing, etc.), stitching (sticking, etc.), coughing, on",16
r2526,591,2,"PAIN, aching, dull pain (See Boring, Drawing, Distress, Digging, Gnawing, Pressing, etc.), stitching (sticking, etc.), dinner, after",1
r2527,591,2,"PAIN, aching, dull pain (See Boring, Drawing, Distress, Digging, Gnawing, Pressing, etc.), stitching (sticking, etc.), eating, after",2
r2528,591,2,"PAIN, aching, dull pain (See Boring, Drawing, Distress, Digging, Gnawing, Pressing, etc.), stitching (sticking, etc.), electric shocks, like",1
r2529,591,2,"PAIN, aching, dull pain (See Boring, Drawing, Distress, Digging, Gnawing, Pressing, etc.), stitching (sticking, etc.), expiration, on",1
r2530,591,2,"PAIN, aching, dull pain (See Boring, Drawing, Distress, Digging, Gnawing, Pressing, etc.), stitching (sticking, etc.), flexing thighs amel.",1
r2531,591,2,"PAIN, aching, dull pain (See Boring, Drawing, Distress, Digging, Gnawing, Pressing, etc.), stitching (sticking, etc.), inspiration, on",4
r2532,591,2,"PAIN, aching, dull pain (See Boring, Drawing, Distress, Digging, Gnawing, Pressing, etc.), stitching (sticking, etc.), lying, while",1
r2533,591,3,"PAIN, aching, dull pain (See Boring, Drawing, Distress, Digging, Gnawing, Pressing, etc.), stitching (sticking, etc.), lying, while, crooked amel.",1
r2534,591,2,"PAIN, aching, dull pain (See Boring, Drawing, Distress, Digging, Gnawing, Pressing, etc.), stitching (sticking, etc.), menses, before",3
r2535,591,3,"PAIN, aching, dull pain (See Boring, Drawing, Distress, Digging, Gnawing, Pressing, etc.), stitching (sticking, etc.), menses, before, during",7
r2536,591,2,"PAIN, aching, dull pain (See Boring, Drawing, Distress, Digging, Gnawing, Pressing, etc.), stitching (sticking, etc.), motion, on",1
r2537,591,2,"PAIN, aching, dull pain (See Boring, Drawing, Distress, Digging, Gnawing, Pressing, etc.), stitching (sticking, etc.), paroxysmal",1
r2538,591,2,"PAIN, aching, dull pain (See Boring, Drawing, Distress, Digging, Gnawing, Pressing, etc.), stitching (sticking, etc.), periodic",1
r2539,591,2,"PAIN, aching, dull pain (See Boring, Drawing, Distress, Digging, Gnawing, Pressing, etc.), stitching (sticking, etc.), potatoes, after",1
h122,591,2,"PAIN, aching, dull pain (See Boring, Drawing, Distress, Digging, Gnawing, Pressing, etc.), stitching (sticking, etc.), pressure, on",2
r2541,591,3,"PAIN, aching, dull pain (See Boring, Drawing, Distress, Digging, Gnawing, Pressing, etc.), stitching (sticking, etc.), pressure, on, amel.",1
r2543,592,2,"PAIN, aching, dull pain (See Boring, Drawing, Distress, Digging, Gnawing, Pressing, etc.), stitching (sticking, etc.), sitting, while",8
r2544,592,2,"PAIN, aching, dull pain (See Boring, Drawing, Distress, Digging, Gnawing, Pressing, etc.), stitching (sticking, etc.), step, every",1
r2545,592,2,"PAIN, aching, dull pain (See Boring, Drawing, Distress, Digging, Gnawing, Pressing, etc.), stitching (sticking, etc.), stinging",5
r2546,592,2,"PAIN, aching, dull pain (See Boring, Drawing, Distress, Digging, Gnawing, Pressing, etc.), stitching (sticking, etc.), stool, before",4
r2547,592,3,"PAIN, aching, dull pain (See Boring, Drawing, Distress, Digging, Gnawing, Pressing, etc.), stitching (sticking, etc.), stool, before, after",1
r2548,592,3,"PAIN, aching, dull pain (See Boring, Drawing, Distress, Digging, Gnawing, Pressing, etc.), stitching (sticking, etc.), stool, before, driving to",1
r2549,592,2,"PAIN, aching, dull pain (See Boring, Drawing, Distress, Digging, Gnawing, Pressing, etc.), stitching (sticking, etc.), stooping",4
r2550,592,2,"PAIN, aching, dull pain (See Boring, Drawing, Distress, Digging, Gnawing, Pressing, etc.), stitching (sticking, etc.), urination, during",2
r2551,592,2,"PAIN, aching, dull pain (See Boring, Drawing, Distress, Digging, Gnawing, Pressing, etc.), stitching (sticking, etc.), waking, on",3
r2552,592,2,"PAIN, aching, dull pain (See Boring, Drawing, Distress, Digging, Gnawing, Pressing, etc.), stitching (sticking, etc.), walking, while",8
r2553,592,3,"PAIN, aching, dull pain (See Boring, Drawing, Distress, Digging, Gnawing, Pressing, etc.), stitching (sticking, etc.), walking, while, after eating",1
r2554,592,2,"PAIN, aching, dull pain (See Boring, Drawing, Distress, Digging, Gnawing, Pressing, etc.), stitching (sticking, etc.), warm milk, after",1
r2555,592,2,"PAIN, aching, dull pain (See Boring, Drawing, Distress, Digging, Gnawing, Pressing, etc.), stitching (sticking, etc.), extending across",1
o2350,592,3,"PAIN, aching, dull pain (See Boring, Drawing, Distress, Digging, Gnawing, Pressing, etc.), stitching (sticking, etc.), extending across, anus, to",2
o2369,592,3,"PAIN, aching, dull pain (See Boring, Drawing, Distress, Digging, Gnawing, Pressing, etc.), stitching (sticking, etc.), extending across, to back",5
o2351,592,3,"PAIN, aching, dull pain (See Boring, Drawing, Distress, Digging, Gnawing, Pressing, etc.), stitching (sticking, etc.), extending across, bladder",2
o2352,592,3,"PAIN, aching, dull pain (See Boring, Drawing, Distress, Digging, Gnawing, Pressing, etc.), stitching (sticking, etc.), extending across, body, into, on every step",1
o2353,592,3,"PAIN, aching, dull pain (See Boring, Drawing, Distress, Digging, Gnawing, Pressing, etc.), stitching (sticking, etc.), extending across, chest",4
o2354,592,3,"PAIN, aching, dull pain (See Boring, Drawing, Distress, Digging, Gnawing, Pressing, etc.), stitching (sticking, etc.), extending across, clavicle, right",1
o2355,592,3,"PAIN, aching, dull pain (See Boring, Drawing, Distress, Digging, Gnawing, Pressing, etc.), stitching (sticking, etc.), extending across, downward",11
o2356,592,3,"PAIN, aching, dull pain (See Boring, Drawing, Distress, Digging, Gnawing, Pressing, etc.), stitching (sticking, etc.), extending across, hypochondriac region",1
o2357,592,3,"PAIN, aching, dull pain (See Boring, Drawing, Distress, Digging, Gnawing, Pressing, etc.), stitching (sticking, etc.), extending across, left to right",2
o2358,592,3,"PAIN, aching, dull pain (See Boring, Drawing, Distress, Digging, Gnawing, Pressing, etc.), stitching (sticking, etc.), extending across, lower limbs",2
o2359,592,3,"PAIN, aching, dull pain (See Boring, Drawing, Distress, Digging, Gnawing, Pressing, etc.), stitching (sticking, etc.), extending across, pelvis",2
o2360,592,3,"PAIN, aching, dull pain (See Boring, Drawing, Distress, Digging, Gnawing, Pressing, etc.), stitching (sticking, etc.), extending across, penis, into",1
o2361,592,3,"PAIN, aching, dull pain (See Boring, Drawing, Distress, Digging, Gnawing, Pressing, etc.), stitching (sticking, etc.), extending across, perineum",1
o2362,592,3,"PAIN, aching, dull pain (See Boring, Drawing, Distress, Digging, Gnawing, Pressing, etc.), stitching (sticking, etc.), extending across, rectum",1
o2363,592,3,"PAIN, aching, dull pain (See Boring, Drawing, Distress, Digging, Gnawing, Pressing, etc.), stitching (sticking, etc.), extending across, right to left",1
o2364,592,4,"PAIN, aching, dull pain (See Boring, Drawing, Distress, Digging, Gnawing, Pressing, etc.), stitching (sticking, etc.), extending across, right to left, toward",1
o2365,592,3,"PAIN, aching, dull pain (See Boring, Drawing, Distress, Digging, Gnawing, Pressing, etc.), stitching (sticking, etc.), extending across, shoulders",1
o2367,592,3,"PAIN, aching, dull pain (See Boring, Drawing, Distress, Digging, Gnawing, Pressing, etc.), stitching (sticking, etc.), extending across, spermatic cord, when coughing",1
o2366,592,4,"PAIN, aching, dull pain (See Boring, Drawing, Distress, Digging, Gnawing, Pressing, etc.), stitching (sticking, etc.), extending across, spermatic cord, when coughing, along",1
o2368,592,3,"PAIN, aching, dull pain (See Boring, Drawing, Distress, Digging, Gnawing, Pressing, etc.), stitching (sticking, etc.), extending across, testicle, when coughing",1
o2370,592,3,"PAIN, aching, dull pain (See Boring, Drawing, Distress, Digging, Gnawing, Pressing, etc.), stitching (sticking, etc.), extending across, transversely",6
o2371,592,3,"PAIN, aching, dull pain (See Boring, Drawing, Distress, Digging, Gnawing, Pressing, etc.), stitching (sticking, etc.), extending across, upwards",5
o2372,592,3,"PAIN, aching, dull pain (See Boring, Drawing, Distress, Digging, Gnawing, Pressing, etc.), stitching (sticking, etc.), extending across, vagina",2
r2579,592,2,"PAIN, aching, dull pain (See Boring, Drawing, Distress, Digging, Gnawing, Pressing, etc.), stitching (sticking, etc.), Hip, region of",12
r2580,592,3,"PAIN, aching, dull pain (See Boring, Drawing, Distress, Digging, Gnawing, Pressing, etc.), stitching (sticking, etc.), Hip, region of, extending to small of back when coughing",1
r2581,592,2,"PAIN, aching, dull pain (See Boring, Drawing, Distress, Digging, Gnawing, Pressing, etc.), stitching (sticking, etc.), Hypochondria",113
r2582,592,3,"PAIN, aching, dull pain (See Boring, Drawing, Distress, Digging, Gnawing, Pressing, etc.), stitching (sticking, etc.), Hypochondria, right",54
r2583,592,4,"PAIN, aching, dull pain (See Boring, Drawing, Distress, Digging, Gnawing, Pressing, etc.), stitching (sticking, etc.), Hypochondria, right, to left",1
r2584,592,4,"PAIN, aching, dull pain (See Boring, Drawing, Distress, Digging, Gnawing, Pressing, etc.), stitching (sticking, etc.), Hypochondria, right, bending to left",1
r2585,592,4,"PAIN, aching, dull pain (See Boring, Drawing, Distress, Digging, Gnawing, Pressing, etc.), stitching (sticking, etc.), Hypochondria, right, extending to back",2
o2429,592,5,"PAIN, aching, dull pain (See Boring, Drawing, Distress, Digging, Gnawing, Pressing, etc.), stitching (sticking, etc.), Hypochondria, right, extending to back, to thigh",1
r2587,592,3,"PAIN, aching, dull pain (See Boring, Drawing, Distress, Digging, Gnawing, Pressing, etc.), stitching (sticking, etc.), Hypochondria, left",31
r2588,592,4,"PAIN, aching, dull pain (See Boring, Drawing, Distress, Digging, Gnawing, Pressing, etc.), stitching (sticking, etc.), Hypochondria, left, to chest when clearing throat",1
r2589,592,4,"PAIN, aching, dull pain (See Boring, Drawing, Distress, Digging, Gnawing, Pressing, etc.), stitching (sticking, etc.), Hypochondria, left, to right",1
r2590,593,3,"PAIN, aching, dull pain (See Boring, Drawing, Distress, Digging, Gnawing, Pressing, etc.), stitching (sticking, etc.), Hypochondria, morning",9
r2591,593,4,"PAIN, aching, dull pain (See Boring, Drawing, Distress, Digging, Gnawing, Pressing, etc.), stitching (sticking, etc.), Hypochondria, morning, bed, in",1
r2592,593,4,"PAIN, aching, dull pain (See Boring, Drawing, Distress, Digging, Gnawing, Pressing, etc.), stitching (sticking, etc.), Hypochondria, morning, 8 a.m.",1
r2593,593,3,"PAIN, aching, dull pain (See Boring, Drawing, Distress, Digging, Gnawing, Pressing, etc.), stitching (sticking, etc.), Hypochondria, forenoon",4
r2594,593,3,"PAIN, aching, dull pain (See Boring, Drawing, Distress, Digging, Gnawing, Pressing, etc.), stitching (sticking, etc.), Hypochondria, afternoon",11
r2595,593,4,"PAIN, aching, dull pain (See Boring, Drawing, Distress, Digging, Gnawing, Pressing, etc.), stitching (sticking, etc.), Hypochondria, afternoon, 2 p.m.",2
r2596,593,4,"PAIN, aching, dull pain (See Boring, Drawing, Distress, Digging, Gnawing, Pressing, etc.), stitching (sticking, etc.), Hypochondria, afternoon, 3 p.m.",1
r2597,593,3,"PAIN, aching, dull pain (See Boring, Drawing, Distress, Digging, Gnawing, Pressing, etc.), stitching (sticking, etc.), Hypochondria, evening",11
r2598,593,3,"PAIN, aching, dull pain (See Boring, Drawing, Distress, Digging, Gnawing, Pressing, etc.), stitching (sticking, etc.), Hypochondria, night",4
r2599,593,3,"PAIN, aching, dull pain (See Boring, Drawing, Distress, Digging, Gnawing, Pressing, etc.), stitching (sticking, etc.), Hypochondria, air, open",2
r2600,593,3,"PAIN, aching, dull pain (See Boring, Drawing, Distress, Digging, Gnawing, Pressing, etc.), stitching (sticking, etc.), Hypochondria, alternating sides",1
r2601,593,3,"PAIN, aching, dull pain (See Boring, Drawing, Distress, Digging, Gnawing, Pressing, etc.), stitching (sticking, etc.), Hypochondria, bending forward",1
o2385,593,4,"PAIN, aching, dull pain (See Boring, Drawing, Distress, Digging, Gnawing, Pressing, etc.), stitching (sticking, etc.), Hypochondria, bending forward, to right",1
o2384,593,4,"PAIN, aching, dull pain (See Boring, Drawing, Distress, Digging, Gnawing, Pressing, etc.), stitching (sticking, etc.), Hypochondria, bending forward, to left",1
r2604,593,3,"PAIN, aching, dull pain (See Boring, Drawing, Distress, Digging, Gnawing, Pressing, etc.), stitching (sticking, etc.), Hypochondria, cold drink, after",1
r2605,593,3,"PAIN, aching, dull pain (See Boring, Drawing, Distress, Digging, Gnawing, Pressing, etc.), stitching (sticking, etc.), Hypochondria, coughing, during",11
r2606,593,3,"PAIN, aching, dull pain (See Boring, Drawing, Distress, Digging, Gnawing, Pressing, etc.), stitching (sticking, etc.), Hypochondria, dinner, after",7
r2607,593,3,"PAIN, aching, dull pain (See Boring, Drawing, Distress, Digging, Gnawing, Pressing, etc.), stitching (sticking, etc.), Hypochondria, eating, while",1
r2608,593,4,"PAIN, aching, dull pain (See Boring, Drawing, Distress, Digging, Gnawing, Pressing, etc.), stitching (sticking, etc.), Hypochondria, eating, while, after",2
r2609,593,3,"PAIN, aching, dull pain (See Boring, Drawing, Distress, Digging, Gnawing, Pressing, etc.), stitching (sticking, etc.), Hypochondria, exertion, on",1
r2610,593,3,"PAIN, aching, dull pain (See Boring, Drawing, Distress, Digging, Gnawing, Pressing, etc.), stitching (sticking, etc.), Hypochondria, expiration, on",1
r2611,593,3,"PAIN, aching, dull pain (See Boring, Drawing, Distress, Digging, Gnawing, Pressing, etc.), stitching (sticking, etc.), Hypochondria, inspiration, on",16
r2612,593,4,"PAIN, aching, dull pain (See Boring, Drawing, Distress, Digging, Gnawing, Pressing, etc.), stitching (sticking, etc.), Hypochondria, inspiration, on, deep",4
r2613,593,3,"PAIN, aching, dull pain (See Boring, Drawing, Distress, Digging, Gnawing, Pressing, etc.), stitching (sticking, etc.), Hypochondria, jumping, on",1
r2614,593,3,"PAIN, aching, dull pain (See Boring, Drawing, Distress, Digging, Gnawing, Pressing, etc.), stitching (sticking, etc.), Hypochondria, laughing, on",2
r2615,593,3,"PAIN, aching, dull pain (See Boring, Drawing, Distress, Digging, Gnawing, Pressing, etc.), stitching (sticking, etc.), Hypochondria, leaning to right",1
r2616,593,3,"PAIN, aching, dull pain (See Boring, Drawing, Distress, Digging, Gnawing, Pressing, etc.), stitching (sticking, etc.), Hypochondria, lying down, after amel.",1
o2414,593,4,"PAIN, aching, dull pain (See Boring, Drawing, Distress, Digging, Gnawing, Pressing, etc.), stitching (sticking, etc.), Hypochondria, lying down, after amel., on back amel.",1
o2415,593,4,"PAIN, aching, dull pain (See Boring, Drawing, Distress, Digging, Gnawing, Pressing, etc.), stitching (sticking, etc.), Hypochondria, lying down, after amel., side, on",1
r2619,593,3,"PAIN, aching, dull pain (See Boring, Drawing, Distress, Digging, Gnawing, Pressing, etc.), stitching (sticking, etc.), Hypochondria, menses, before",1
r2620,593,4,"PAIN, aching, dull pain (See Boring, Drawing, Distress, Digging, Gnawing, Pressing, etc.), stitching (sticking, etc.), Hypochondria, menses, before, during",1
r2621,593,3,"PAIN, aching, dull pain (See Boring, Drawing, Distress, Digging, Gnawing, Pressing, etc.), stitching (sticking, etc.), Hypochondria, motion, on",4
r2622,593,3,"PAIN, aching, dull pain (See Boring, Drawing, Distress, Digging, Gnawing, Pressing, etc.), stitching (sticking, etc.), Hypochondria, pressure agg.",3
o2424,593,4,"PAIN, aching, dull pain (See Boring, Drawing, Distress, Digging, Gnawing, Pressing, etc.), stitching (sticking, etc.), Hypochondria, pressure agg., amel.",2
r2624,593,3,"PAIN, aching, dull pain (See Boring, Drawing, Distress, Digging, Gnawing, Pressing, etc.), stitching (sticking, etc.), Hypochondria, riding in a carriage, while",1
r2625,593,3,"PAIN, aching, dull pain (See Boring, Drawing, Distress, Digging, Gnawing, Pressing, etc.), stitching (sticking, etc.), Hypochondria, rising from stooping",1
h123,593,3,"PAIN, aching, dull pain (See Boring, Drawing, Distress, Digging, Gnawing, Pressing, etc.), stitching (sticking, etc.), Hypochondria, sitting, while",4
r2627,593,4,"PAIN, aching, dull pain (See Boring, Drawing, Distress, Digging, Gnawing, Pressing, etc.), stitching (sticking, etc.), Hypochondria, sitting, while, bent, while",2
r2628,593,4,"PAIN, aching, dull pain (See Boring, Drawing, Distress, Digging, Gnawing, Pressing, etc.), stitching (sticking, etc.), Hypochondria, sitting, while, amel.",2
r2629,593,3,"PAIN, aching, dull pain (See Boring, Drawing, Distress, Digging, Gnawing, Pressing, etc.), stitching (sticking, etc.), Hypochondria, sneezing, on",1
r2630,593,3,"PAIN, aching, dull pain (See Boring, Drawing, Distress, Digging, Gnawing, Pressing, etc.), stitching (sticking, etc.), Hypochondria, spinning, while",1
r2631,593,3,"PAIN, aching, dull pain (See Boring, Drawing, Distress, Digging, Gnawing, Pressing, etc.), stitching (sticking, etc.), Hypochondria, standing, while",4
r2632,593,3,"PAIN, aching, dull pain (See Boring, Drawing, Distress, Digging, Gnawing, Pressing, etc.), stitching (sticking, etc.), Hypochondria, stool, during",1
r2633,593,3,"PAIN, aching, dull pain (See Boring, Drawing, Distress, Digging, Gnawing, Pressing, etc.), stitching (sticking, etc.), Hypochondria, stooping, on",1
r2634,593,4,"PAIN, aching, dull pain (See Boring, Drawing, Distress, Digging, Gnawing, Pressing, etc.), stitching (sticking, etc.), Hypochondria, stooping, on, after",1
r2635,593,3,"PAIN, aching, dull pain (See Boring, Drawing, Distress, Digging, Gnawing, Pressing, etc.), stitching (sticking, etc.), Hypochondria, supper, after",1
o2443,593,3,"PAIN, aching, dull pain (See Boring, Drawing, Distress, Digging, Gnawing, Pressing, etc.), stitching (sticking, etc.), Hypochondria, walking, while",11
r2637,593,4,"PAIN, aching, dull pain (See Boring, Drawing, Distress, Digging, Gnawing, Pressing, etc.), stitching (sticking, etc.), Hypochondria, walking, while, amel.",2
r2638,593,3,"PAIN, aching, dull pain (See Boring, Drawing, Distress, Digging, Gnawing, Pressing, etc.), stitching (sticking, etc.), Hypochondria, extending to abdomen",1
o2395,593,4,"PAIN, aching, dull pain (See Boring, Drawing, Distress, Digging, Gnawing, Pressing, etc.), stitching (sticking, etc.), Hypochondria, extending to abdomen, back",11
o2396,593,4,"PAIN, aching, dull pain (See Boring, Drawing, Distress, Digging, Gnawing, Pressing, etc.), stitching (sticking, etc.), Hypochondria, extending to abdomen, chest",2
o2397,593,4,"PAIN, aching, dull pain (See Boring, Drawing, Distress, Digging, Gnawing, Pressing, etc.), stitching (sticking, etc.), Hypochondria, extending to abdomen, downward",1
o2398,593,4,"PAIN, aching, dull pain (See Boring, Drawing, Distress, Digging, Gnawing, Pressing, etc.), stitching (sticking, etc.), Hypochondria, extending to abdomen, forward",1
o2399,593,4,"PAIN, aching, dull pain (See Boring, Drawing, Distress, Digging, Gnawing, Pressing, etc.), stitching (sticking, etc.), Hypochondria, extending to abdomen, front",1
o2400,593,4,"PAIN, aching, dull pain (See Boring, Drawing, Distress, Digging, Gnawing, Pressing, etc.), stitching (sticking, etc.), Hypochondria, extending to abdomen, outward",1
o2401,593,4,"PAIN, aching, dull pain (See Boring, Drawing, Distress, Digging, Gnawing, Pressing, etc.), stitching (sticking, etc.), Hypochondria, extending to abdomen, sacrum",1
o2402,593,4,"PAIN, aching, dull pain (See Boring, Drawing, Distress, Digging, Gnawing, Pressing, etc.), stitching (sticking, etc.), Hypochondria, extending to abdomen, shoulder, right",1
o2403,593,4,"PAIN, aching, dull pain (See Boring, Drawing, Distress, Digging, Gnawing, Pressing, etc.), stitching (sticking, etc.), Hypochondria, extending to abdomen, stomach",2
r2648,593,2,"PAIN, aching, dull pain (See Boring, Drawing, Distress, Digging, Gnawing, Pressing, etc.), stitching (sticking, etc.), Hypogastrium",49
r2649,594,3,"PAIN, aching, dull pain (See Boring, Drawing, Distress, Digging, Gnawing, Pressing, etc.), stitching (sticking, etc.), Hypogastrium, morning",2
r2650,594,3,"PAIN, aching, dull pain (See Boring, Drawing, Distress, Digging, Gnawing, Pressing, etc.), stitching (sticking, etc.), Hypogastrium, forenoon",1
r2651,594,3,"PAIN, aching, dull pain (See Boring, Drawing, Distress, Digging, Gnawing, Pressing, etc.), stitching (sticking, etc.), Hypogastrium, afternoon",2
r2652,594,3,"PAIN, aching, dull pain (See Boring, Drawing, Distress, Digging, Gnawing, Pressing, etc.), stitching (sticking, etc.), Hypogastrium, evening",1
r2653,594,3,"PAIN, aching, dull pain (See Boring, Drawing, Distress, Digging, Gnawing, Pressing, etc.), stitching (sticking, etc.), Hypogastrium, across",1
r2654,594,3,"PAIN, aching, dull pain (See Boring, Drawing, Distress, Digging, Gnawing, Pressing, etc.), stitching (sticking, etc.), Hypogastrium, changing position, on",1
r2655,594,3,"PAIN, aching, dull pain (See Boring, Drawing, Distress, Digging, Gnawing, Pressing, etc.), stitching (sticking, etc.), Hypogastrium, coughing, on",3
r2656,594,3,"PAIN, aching, dull pain (See Boring, Drawing, Distress, Digging, Gnawing, Pressing, etc.), stitching (sticking, etc.), Hypogastrium, dinner, after",1
r2657,594,3,"PAIN, aching, dull pain (See Boring, Drawing, Distress, Digging, Gnawing, Pressing, etc.), stitching (sticking, etc.), Hypogastrium, drawing in abdomen, when",1
r2658,594,3,"PAIN, aching, dull pain (See Boring, Drawing, Distress, Digging, Gnawing, Pressing, etc.), stitching (sticking, etc.), Hypogastrium, menses, during",1
r2659,594,4,"PAIN, aching, dull pain (See Boring, Drawing, Distress, Digging, Gnawing, Pressing, etc.), stitching (sticking, etc.), Hypogastrium, menses, during, after",1
r2660,594,3,"PAIN, aching, dull pain (See Boring, Drawing, Distress, Digging, Gnawing, Pressing, etc.), stitching (sticking, etc.), Hypogastrium, motion, on",4
r2661,594,3,"PAIN, aching, dull pain (See Boring, Drawing, Distress, Digging, Gnawing, Pressing, etc.), stitching (sticking, etc.), Hypogastrium, pressure, on",1
r2662,594,3,"PAIN, aching, dull pain (See Boring, Drawing, Distress, Digging, Gnawing, Pressing, etc.), stitching (sticking, etc.), Hypogastrium, sitting",1
r2663,594,3,"PAIN, aching, dull pain (See Boring, Drawing, Distress, Digging, Gnawing, Pressing, etc.), stitching (sticking, etc.), Hypogastrium, standing, while",1
r2664,594,3,"PAIN, aching, dull pain (See Boring, Drawing, Distress, Digging, Gnawing, Pressing, etc.), stitching (sticking, etc.), Hypogastrium, transverse",1
h124,594,3,"PAIN, aching, dull pain (See Boring, Drawing, Distress, Digging, Gnawing, Pressing, etc.), stitching (sticking, etc.), Hypogastrium, urination, during",1
r2666,594,4,"PAIN, aching, dull pain (See Boring, Drawing, Distress, Digging, Gnawing, Pressing, etc.), stitching (sticking, etc.), Hypogastrium, urination, during, amel.",1
r2667,594,3,"PAIN, aching, dull pain (See Boring, Drawing, Distress, Digging, Gnawing, Pressing, etc.), stitching (sticking, etc.), Hypogastrium, extending to epigastrium",1
o2453,594,4,"PAIN, aching, dull pain (See Boring, Drawing, Distress, Digging, Gnawing, Pressing, etc.), stitching (sticking, etc.), Hypogastrium, extending to epigastrium, groin",1
o2454,594,4,"PAIN, aching, dull pain (See Boring, Drawing, Distress, Digging, Gnawing, Pressing, etc.), stitching (sticking, etc.), Hypogastrium, extending to epigastrium, hypochondrium",1
o2455,594,4,"PAIN, aching, dull pain (See Boring, Drawing, Distress, Digging, Gnawing, Pressing, etc.), stitching (sticking, etc.), Hypogastrium, extending to epigastrium, ilium",1
o2456,594,4,"PAIN, aching, dull pain (See Boring, Drawing, Distress, Digging, Gnawing, Pressing, etc.), stitching (sticking, etc.), Hypogastrium, extending to epigastrium, vagina",1
r2672,594,2,"PAIN, aching, dull pain (See Boring, Drawing, Distress, Digging, Gnawing, Pressing, etc.), stitching (sticking, etc.), Iliac region",16
r2673,594,3,"PAIN, aching, dull pain (See Boring, Drawing, Distress, Digging, Gnawing, Pressing, etc.), stitching (sticking, etc.), Iliac region, left",1
r2674,594,3,"PAIN, aching, dull pain (See Boring, Drawing, Distress, Digging, Gnawing, Pressing, etc.), stitching (sticking, etc.), Iliac region, morning",1
r2675,594,3,"PAIN, aching, dull pain (See Boring, Drawing, Distress, Digging, Gnawing, Pressing, etc.), stitching (sticking, etc.), Iliac region, menses, during",1
r2676,594,3,"PAIN, aching, dull pain (See Boring, Drawing, Distress, Digging, Gnawing, Pressing, etc.), stitching (sticking, etc.), Iliac region, sitting, while",1
r2677,594,3,"PAIN, aching, dull pain (See Boring, Drawing, Distress, Digging, Gnawing, Pressing, etc.), stitching (sticking, etc.), Iliac region, extending down leg",1
o2473,594,4,"PAIN, aching, dull pain (See Boring, Drawing, Distress, Digging, Gnawing, Pressing, etc.), stitching (sticking, etc.), Iliac region, extending down leg, ilium to ilium",1
o2468,594,2,"PAIN, aching, dull pain (See Boring, Drawing, Distress, Digging, Gnawing, Pressing, etc.), stitching (sticking, etc.), Ileo-cæcal region",5
r2680,594,3,"PAIN, aching, dull pain (See Boring, Drawing, Distress, Digging, Gnawing, Pressing, etc.), stitching (sticking, etc.), Ileo-cæcal region, stool, after",1
r2681,594,3,"PAIN, aching, dull pain (See Boring, Drawing, Distress, Digging, Gnawing, Pressing, etc.), stitching (sticking, etc.), Ileo-cæcal region, walking",1
r2682,594,2,"PAIN, aching, dull pain (See Boring, Drawing, Distress, Digging, Gnawing, Pressing, etc.), stitching (sticking, etc.), Ilium, crest of",14
r2683,594,3,"PAIN, aching, dull pain (See Boring, Drawing, Distress, Digging, Gnawing, Pressing, etc.), stitching (sticking, etc.), Ilium, crest of, inspiration, on",1
r2684,594,3,"PAIN, aching, dull pain (See Boring, Drawing, Distress, Digging, Gnawing, Pressing, etc.), stitching (sticking, etc.), Ilium, crest of, walking, while",1
r2685,594,3,"PAIN, aching, dull pain (See Boring, Drawing, Distress, Digging, Gnawing, Pressing, etc.), stitching (sticking, etc.), Ilium, crest of, extending to gluteal muscles",1
o2481,594,4,"PAIN, aching, dull pain (See Boring, Drawing, Distress, Digging, Gnawing, Pressing, etc.), stitching (sticking, etc.), Ilium, crest of, extending to gluteal muscles, to chest",1
o2480,594,4,"PAIN, aching, dull pain (See Boring, Drawing, Distress, Digging, Gnawing, Pressing, etc.), stitching (sticking, etc.), Ilium, crest of, extending to gluteal muscles, downward",1
o2482,594,4,"PAIN, aching, dull pain (See Boring, Drawing, Distress, Digging, Gnawing, Pressing, etc.), stitching (sticking, etc.), Ilium, crest of, extending to gluteal muscles, to small of back",1
r2689,594,2,"PAIN, aching, dull pain (See Boring, Drawing, Distress, Digging, Gnawing, Pressing, etc.), stitching (sticking, etc.), Inguinal region",73
r2690,594,3,"PAIN, aching, dull pain (See Boring, Drawing, Distress, Digging, Gnawing, Pressing, etc.), stitching (sticking, etc.), Inguinal region, right",24
r2691,594,4,"PAIN, aching, dull pain (See Boring, Drawing, Distress, Digging, Gnawing, Pressing, etc.), stitching (sticking, etc.), Inguinal region, right, extending to left mamma",1
o2521,594,5,"PAIN, aching, dull pain (See Boring, Drawing, Distress, Digging, Gnawing, Pressing, etc.), stitching (sticking, etc.), Inguinal region, right, extending to left mamma, to thigh",1
r2693,594,3,"PAIN, aching, dull pain (See Boring, Drawing, Distress, Digging, Gnawing, Pressing, etc.), stitching (sticking, etc.), Inguinal region, left",14
r2694,594,4,"PAIN, aching, dull pain (See Boring, Drawing, Distress, Digging, Gnawing, Pressing, etc.), stitching (sticking, etc.), Inguinal region, left, to axilla",1
r2695,594,3,"PAIN, aching, dull pain (See Boring, Drawing, Distress, Digging, Gnawing, Pressing, etc.), stitching (sticking, etc.), Inguinal region, forenoon",2
r2696,594,3,"PAIN, aching, dull pain (See Boring, Drawing, Distress, Digging, Gnawing, Pressing, etc.), stitching (sticking, etc.), Inguinal region, afternoon",3
h125,594,3,"PAIN, aching, dull pain (See Boring, Drawing, Distress, Digging, Gnawing, Pressing, etc.), stitching (sticking, etc.), Inguinal region, walking in open air",1
h126,594,3,"PAIN, aching, dull pain (See Boring, Drawing, Distress, Digging, Gnawing, Pressing, etc.), stitching (sticking, etc.), Inguinal region, 4 p.m.",1
r2699,594,3,"PAIN, aching, dull pain (See Boring, Drawing, Distress, Digging, Gnawing, Pressing, etc.), stitching (sticking, etc.), Inguinal region, evening",1
r2700,594,3,"PAIN, aching, dull pain (See Boring, Drawing, Distress, Digging, Gnawing, Pressing, etc.), stitching (sticking, etc.), Inguinal region, night",1
r2701,594,3,"PAIN, aching, dull pain (See Boring, Drawing, Distress, Digging, Gnawing, Pressing, etc.), stitching (sticking, etc.), Inguinal region, ascending steps",1
r2702,594,3,"PAIN, aching, dull pain (See Boring, Drawing, Distress, Digging, Gnawing, Pressing, etc.), stitching (sticking, etc.), Inguinal region, bending toward painful side",1
r2703,594,3,"PAIN, aching, dull pain (See Boring, Drawing, Distress, Digging, Gnawing, Pressing, etc.), stitching (sticking, etc.), Inguinal region, cough, during",2
r2704,594,3,"PAIN, aching, dull pain (See Boring, Drawing, Distress, Digging, Gnawing, Pressing, etc.), stitching (sticking, etc.), Inguinal region, dinner, during",1
r2705,595,3,"PAIN, aching, dull pain (See Boring, Drawing, Distress, Digging, Gnawing, Pressing, etc.), stitching (sticking, etc.), Inguinal region, eating, after",1
r2706,595,3,"PAIN, aching, dull pain (See Boring, Drawing, Distress, Digging, Gnawing, Pressing, etc.), stitching (sticking, etc.), Inguinal region, emission, after",1
r2707,595,3,"PAIN, aching, dull pain (See Boring, Drawing, Distress, Digging, Gnawing, Pressing, etc.), stitching (sticking, etc.), Inguinal region, hernia, in",1
r2708,595,3,"PAIN, aching, dull pain (See Boring, Drawing, Distress, Digging, Gnawing, Pressing, etc.), stitching (sticking, etc.), Inguinal region, inspiration, on",2
r2709,595,3,"PAIN, aching, dull pain (See Boring, Drawing, Distress, Digging, Gnawing, Pressing, etc.), stitching (sticking, etc.), Inguinal region, menses, during",3
r2710,595,4,"PAIN, aching, dull pain (See Boring, Drawing, Distress, Digging, Gnawing, Pressing, etc.), stitching (sticking, etc.), Inguinal region, menses, during, after",3
r2711,595,3,"PAIN, aching, dull pain (See Boring, Drawing, Distress, Digging, Gnawing, Pressing, etc.), stitching (sticking, etc.), Inguinal region, moving, on",2
r2712,595,3,"PAIN, aching, dull pain (See Boring, Drawing, Distress, Digging, Gnawing, Pressing, etc.), stitching (sticking, etc.), Inguinal region, paroxysmal",2
r2713,595,3,"PAIN, aching, dull pain (See Boring, Drawing, Distress, Digging, Gnawing, Pressing, etc.), stitching (sticking, etc.), Inguinal region, pressure amel.",2
r2714,595,3,"PAIN, aching, dull pain (See Boring, Drawing, Distress, Digging, Gnawing, Pressing, etc.), stitching (sticking, etc.), Inguinal region, pulsating",2
h127,595,3,"PAIN, aching, dull pain (See Boring, Drawing, Distress, Digging, Gnawing, Pressing, etc.), stitching (sticking, etc.), Inguinal region, rising, on",2
r2716,595,4,"PAIN, aching, dull pain (See Boring, Drawing, Distress, Digging, Gnawing, Pressing, etc.), stitching (sticking, etc.), Inguinal region, rising, on, amel.",1
r2717,595,3,"PAIN, aching, dull pain (See Boring, Drawing, Distress, Digging, Gnawing, Pressing, etc.), stitching (sticking, etc.), Inguinal region, sitting, while",3
r2718,595,4,"PAIN, aching, dull pain (See Boring, Drawing, Distress, Digging, Gnawing, Pressing, etc.), stitching (sticking, etc.), Inguinal region, sitting, while, bent",1
r2719,595,3,"PAIN, aching, dull pain (See Boring, Drawing, Distress, Digging, Gnawing, Pressing, etc.), stitching (sticking, etc.), Inguinal region, standing amel.",1
r2720,595,3,"PAIN, aching, dull pain (See Boring, Drawing, Distress, Digging, Gnawing, Pressing, etc.), stitching (sticking, etc.), Inguinal region, stool, before",1
r2721,595,4,"PAIN, aching, dull pain (See Boring, Drawing, Distress, Digging, Gnawing, Pressing, etc.), stitching (sticking, etc.), Inguinal region, stool, before, during",3
r2722,595,4,"PAIN, aching, dull pain (See Boring, Drawing, Distress, Digging, Gnawing, Pressing, etc.), stitching (sticking, etc.), Inguinal region, stool, before, after",1
r2723,595,3,"PAIN, aching, dull pain (See Boring, Drawing, Distress, Digging, Gnawing, Pressing, etc.), stitching (sticking, etc.), Inguinal region, stooping, on",3
r2724,595,3,"PAIN, aching, dull pain (See Boring, Drawing, Distress, Digging, Gnawing, Pressing, etc.), stitching (sticking, etc.), Inguinal region, stretching out, on",2
r2725,595,3,"PAIN, aching, dull pain (See Boring, Drawing, Distress, Digging, Gnawing, Pressing, etc.), stitching (sticking, etc.), Inguinal region, walking",3
h128,595,4,"PAIN, aching, dull pain (See Boring, Drawing, Distress, Digging, Gnawing, Pressing, etc.), stitching (sticking, etc.), Inguinal region, walking, open air, on",3
r2727,595,4,"PAIN, aching, dull pain (See Boring, Drawing, Distress, Digging, Gnawing, Pressing, etc.), stitching (sticking, etc.), Inguinal region, walking, amel.",2
r2728,595,3,"PAIN, aching, dull pain (See Boring, Drawing, Distress, Digging, Gnawing, Pressing, etc.), stitching (sticking, etc.), Inguinal region, extending to abdomen",1
o2497,595,4,"PAIN, aching, dull pain (See Boring, Drawing, Distress, Digging, Gnawing, Pressing, etc.), stitching (sticking, etc.), Inguinal region, extending to abdomen, axilla, left",1
o2498,595,4,"PAIN, aching, dull pain (See Boring, Drawing, Distress, Digging, Gnawing, Pressing, etc.), stitching (sticking, etc.), Inguinal region, extending to abdomen, back, small of",1
o2499,595,4,"PAIN, aching, dull pain (See Boring, Drawing, Distress, Digging, Gnawing, Pressing, etc.), stitching (sticking, etc.), Inguinal region, extending to abdomen, downward",2
o2500,595,4,"PAIN, aching, dull pain (See Boring, Drawing, Distress, Digging, Gnawing, Pressing, etc.), stitching (sticking, etc.), Inguinal region, extending to abdomen, hip, behind",1
o2504,595,4,"PAIN, aching, dull pain (See Boring, Drawing, Distress, Digging, Gnawing, Pressing, etc.), stitching (sticking, etc.), Inguinal region, extending to abdomen, to left mamma",1
o2501,595,4,"PAIN, aching, dull pain (See Boring, Drawing, Distress, Digging, Gnawing, Pressing, etc.), stitching (sticking, etc.), Inguinal region, extending to abdomen, outward through ilium",1
o2502,595,4,"PAIN, aching, dull pain (See Boring, Drawing, Distress, Digging, Gnawing, Pressing, etc.), stitching (sticking, etc.), Inguinal region, extending to abdomen, testicle",2
o2503,595,4,"PAIN, aching, dull pain (See Boring, Drawing, Distress, Digging, Gnawing, Pressing, etc.), stitching (sticking, etc.), Inguinal region, extending to abdomen, thighs",4
o2505,595,4,"PAIN, aching, dull pain (See Boring, Drawing, Distress, Digging, Gnawing, Pressing, etc.), stitching (sticking, etc.), Inguinal region, extending to abdomen, vagina",1
r2738,595,3,"PAIN, aching, dull pain (See Boring, Drawing, Distress, Digging, Gnawing, Pressing, etc.), stitching (sticking, etc.), Inguinal region, glands",2
r2739,595,2,"PAIN, aching, dull pain (See Boring, Drawing, Distress, Digging, Gnawing, Pressing, etc.), stitching (sticking, etc.), Liver",85
r2740,595,3,"PAIN, aching, dull pain (See Boring, Drawing, Distress, Digging, Gnawing, Pressing, etc.), stitching (sticking, etc.), Liver, 8 a.m.",1
r2741,595,3,"PAIN, aching, dull pain (See Boring, Drawing, Distress, Digging, Gnawing, Pressing, etc.), stitching (sticking, etc.), Liver, breathing, on",11
r2742,595,3,"PAIN, aching, dull pain (See Boring, Drawing, Distress, Digging, Gnawing, Pressing, etc.), stitching (sticking, etc.), Liver, coughing, from",6
r2743,595,3,"PAIN, aching, dull pain (See Boring, Drawing, Distress, Digging, Gnawing, Pressing, etc.), stitching (sticking, etc.), Liver, eructation",1
r2744,595,3,"PAIN, aching, dull pain (See Boring, Drawing, Distress, Digging, Gnawing, Pressing, etc.), stitching (sticking, etc.), Liver, lying on right side",1
r2745,595,3,"PAIN, aching, dull pain (See Boring, Drawing, Distress, Digging, Gnawing, Pressing, etc.), stitching (sticking, etc.), Liver, lying on left side",1
o2548,595,4,"PAIN, aching, dull pain (See Boring, Drawing, Distress, Digging, Gnawing, Pressing, etc.), stitching (sticking, etc.), Liver, lying on left side, on it amel.",2
r2747,595,3,"PAIN, aching, dull pain (See Boring, Drawing, Distress, Digging, Gnawing, Pressing, etc.), stitching (sticking, etc.), Liver, menses, before",1
r2748,595,3,"PAIN, aching, dull pain (See Boring, Drawing, Distress, Digging, Gnawing, Pressing, etc.), stitching (sticking, etc.), Liver, motion, on",3
r2749,595,3,"PAIN, aching, dull pain (See Boring, Drawing, Distress, Digging, Gnawing, Pressing, etc.), stitching (sticking, etc.), Liver, rising from stooping",1
r2750,595,3,"PAIN, aching, dull pain (See Boring, Drawing, Distress, Digging, Gnawing, Pressing, etc.), stitching (sticking, etc.), Liver, sitting",1
r2751,595,3,"PAIN, aching, dull pain (See Boring, Drawing, Distress, Digging, Gnawing, Pressing, etc.), stitching (sticking, etc.), Liver, supper, after",1
h129,595,3,"PAIN, aching, dull pain (See Boring, Drawing, Distress, Digging, Gnawing, Pressing, etc.), stitching (sticking, etc.), Liver, walking",4
r2753,595,4,"PAIN, aching, dull pain (See Boring, Drawing, Distress, Digging, Gnawing, Pressing, etc.), stitching (sticking, etc.), Liver, walking, amel.",1
r2754,595,3,"PAIN, aching, dull pain (See Boring, Drawing, Distress, Digging, Gnawing, Pressing, etc.), stitching (sticking, etc.), Liver, extending from right to left",1
o2542,595,4,"PAIN, aching, dull pain (See Boring, Drawing, Distress, Digging, Gnawing, Pressing, etc.), stitching (sticking, etc.), Liver, extending from right to left, to back",1
o2543,595,5,"PAIN, aching, dull pain (See Boring, Drawing, Distress, Digging, Gnawing, Pressing, etc.), stitching (sticking, etc.), Liver, extending from right to left, to back, right shoulder",1
o2544,595,5,"PAIN, aching, dull pain (See Boring, Drawing, Distress, Digging, Gnawing, Pressing, etc.), stitching (sticking, etc.), Liver, extending from right to left, to back, thigh",1
o2545,595,4,"PAIN, aching, dull pain (See Boring, Drawing, Distress, Digging, Gnawing, Pressing, etc.), stitching (sticking, etc.), Liver, extending from right to left, upward",1
r2759,595,2,"PAIN, aching, dull pain (See Boring, Drawing, Distress, Digging, Gnawing, Pressing, etc.), stitching (sticking, etc.), Sides",71
r2760,596,3,"PAIN, aching, dull pain (See Boring, Drawing, Distress, Digging, Gnawing, Pressing, etc.), stitching (sticking, etc.), Sides, right",14
r2761,596,3,"PAIN, aching, dull pain (See Boring, Drawing, Distress, Digging, Gnawing, Pressing, etc.), stitching (sticking, etc.), Sides, left",27
r2762,596,4,"PAIN, aching, dull pain (See Boring, Drawing, Distress, Digging, Gnawing, Pressing, etc.), stitching (sticking, etc.), Sides, left, to right",1
r2763,596,3,"PAIN, aching, dull pain (See Boring, Drawing, Distress, Digging, Gnawing, Pressing, etc.), stitching (sticking, etc.), Sides, daytime",1
r2764,596,3,"PAIN, aching, dull pain (See Boring, Drawing, Distress, Digging, Gnawing, Pressing, etc.), stitching (sticking, etc.), Sides, morning",1
r2765,596,3,"PAIN, aching, dull pain (See Boring, Drawing, Distress, Digging, Gnawing, Pressing, etc.), stitching (sticking, etc.), Sides, forenoon",2
r2766,596,3,"PAIN, aching, dull pain (See Boring, Drawing, Distress, Digging, Gnawing, Pressing, etc.), stitching (sticking, etc.), Sides, evening",3
r2767,596,3,"PAIN, aching, dull pain (See Boring, Drawing, Distress, Digging, Gnawing, Pressing, etc.), stitching (sticking, etc.), Sides, blowing nose, on",1
r2768,596,3,"PAIN, aching, dull pain (See Boring, Drawing, Distress, Digging, Gnawing, Pressing, etc.), stitching (sticking, etc.), Sides, coughing, on",8
r2769,596,3,"PAIN, aching, dull pain (See Boring, Drawing, Distress, Digging, Gnawing, Pressing, etc.), stitching (sticking, etc.), Sides, eating, after",1
r2770,596,3,"PAIN, aching, dull pain (See Boring, Drawing, Distress, Digging, Gnawing, Pressing, etc.), stitching (sticking, etc.), Sides, hiccoughing, on",1
r2771,596,3,"PAIN, aching, dull pain (See Boring, Drawing, Distress, Digging, Gnawing, Pressing, etc.), stitching (sticking, etc.), Sides, inspiration, on",6
r2772,596,3,"PAIN, aching, dull pain (See Boring, Drawing, Distress, Digging, Gnawing, Pressing, etc.), stitching (sticking, etc.), Sides, lying on side",1
o2593,596,4,"PAIN, aching, dull pain (See Boring, Drawing, Distress, Digging, Gnawing, Pressing, etc.), stitching (sticking, etc.), Sides, lying on side, right side",1
o2592,596,4,"PAIN, aching, dull pain (See Boring, Drawing, Distress, Digging, Gnawing, Pressing, etc.), stitching (sticking, etc.), Sides, lying on side, left side, on, amel.",1
r2775,596,3,"PAIN, aching, dull pain (See Boring, Drawing, Distress, Digging, Gnawing, Pressing, etc.), stitching (sticking, etc.), Sides, motion, on",4
r2776,596,3,"PAIN, aching, dull pain (See Boring, Drawing, Distress, Digging, Gnawing, Pressing, etc.), stitching (sticking, etc.), Sides, pressure amel.",2
r2777,596,3,"PAIN, aching, dull pain (See Boring, Drawing, Distress, Digging, Gnawing, Pressing, etc.), stitching (sticking, etc.), Sides, raising arms",1
r2778,596,3,"PAIN, aching, dull pain (See Boring, Drawing, Distress, Digging, Gnawing, Pressing, etc.), stitching (sticking, etc.), Sides, respiration",6
o64510,596,3,"PAIN, aching, dull pain (See Boring, Drawing, Distress, Digging, Gnawing, Pressing, etc.), stitching (sticking, etc.), Sides, sitting, while",10
r2780,596,4,"PAIN, aching, dull pain (See Boring, Drawing, Distress, Digging, Gnawing, Pressing, etc.), stitching (sticking, etc.), Sides, sitting, while, amel.",1
r2781,596,3,"PAIN, aching, dull pain (See Boring, Drawing, Distress, Digging, Gnawing, Pressing, etc.), stitching (sticking, etc.), Sides, standing, while",1
r2782,596,3,"PAIN, aching, dull pain (See Boring, Drawing, Distress, Digging, Gnawing, Pressing, etc.), stitching (sticking, etc.), Sides, stool, during",2
r2783,596,3,"PAIN, aching, dull pain (See Boring, Drawing, Distress, Digging, Gnawing, Pressing, etc.), stitching (sticking, etc.), Sides, stooping, on",2
r2784,596,3,"PAIN, aching, dull pain (See Boring, Drawing, Distress, Digging, Gnawing, Pressing, etc.), stitching (sticking, etc.), Sides, stretching, out",1
r2785,596,3,"PAIN, aching, dull pain (See Boring, Drawing, Distress, Digging, Gnawing, Pressing, etc.), stitching (sticking, etc.), Sides, supper, after",1
r2786,596,3,"PAIN, aching, dull pain (See Boring, Drawing, Distress, Digging, Gnawing, Pressing, etc.), stitching (sticking, etc.), Sides, turning body",2
o2610,596,3,"PAIN, aching, dull pain (See Boring, Drawing, Distress, Digging, Gnawing, Pressing, etc.), stitching (sticking, etc.), Sides, walking, while",8
r2788,596,4,"PAIN, aching, dull pain (See Boring, Drawing, Distress, Digging, Gnawing, Pressing, etc.), stitching (sticking, etc.), Sides, walking, while, amel.",1
r2789,596,4,"PAIN, aching, dull pain (See Boring, Drawing, Distress, Digging, Gnawing, Pressing, etc.), stitching (sticking, etc.), Sides, walking, while, open air, in",3
r2790,596,3,"PAIN, aching, dull pain (See Boring, Drawing, Distress, Digging, Gnawing, Pressing, etc.), stitching (sticking, etc.), Sides, wine agg.",1
r2791,596,3,"PAIN, aching, dull pain (See Boring, Drawing, Distress, Digging, Gnawing, Pressing, etc.), stitching (sticking, etc.), Sides, yawning",1
r2792,596,3,"PAIN, aching, dull pain (See Boring, Drawing, Distress, Digging, Gnawing, Pressing, etc.), stitching (sticking, etc.), Sides, extending to small of back",1
o2579,596,4,"PAIN, aching, dull pain (See Boring, Drawing, Distress, Digging, Gnawing, Pressing, etc.), stitching (sticking, etc.), Sides, extending to small of back, downward",1
o2583,596,4,"PAIN, aching, dull pain (See Boring, Drawing, Distress, Digging, Gnawing, Pressing, etc.), stitching (sticking, etc.), Sides, extending to small of back, to groin",1
o2580,596,4,"PAIN, aching, dull pain (See Boring, Drawing, Distress, Digging, Gnawing, Pressing, etc.), stitching (sticking, etc.), Sides, extending to small of back, outward",3
o2581,596,4,"PAIN, aching, dull pain (See Boring, Drawing, Distress, Digging, Gnawing, Pressing, etc.), stitching (sticking, etc.), Sides, extending to small of back, sacrum",1
o2582,596,4,"PAIN, aching, dull pain (See Boring, Drawing, Distress, Digging, Gnawing, Pressing, etc.), stitching (sticking, etc.), Sides, extending to small of back, spermatic cords",1
o2584,596,4,"PAIN, aching, dull pain (See Boring, Drawing, Distress, Digging, Gnawing, Pressing, etc.), stitching (sticking, etc.), Sides, extending to small of back, upward",1
r2799,596,3,"PAIN, aching, dull pain (See Boring, Drawing, Distress, Digging, Gnawing, Pressing, etc.), stitching (sticking, etc.), Sides, flank, in",20
r2800,596,2,"PAIN, aching, dull pain (See Boring, Drawing, Distress, Digging, Gnawing, Pressing, etc.), stitching (sticking, etc.), Spleen",66
o2621,596,3,"PAIN, aching, dull pain (See Boring, Drawing, Distress, Digging, Gnawing, Pressing, etc.), stitching (sticking, etc.), Spleen, morning",1
o2618,596,3,"PAIN, aching, dull pain (See Boring, Drawing, Distress, Digging, Gnawing, Pressing, etc.), stitching (sticking, etc.), Spleen, evening",4
r2803,596,3,"PAIN, aching, dull pain (See Boring, Drawing, Distress, Digging, Gnawing, Pressing, etc.), stitching (sticking, etc.), Spleen, breathing deeply, on",9
o2616,596,3,"PAIN, aching, dull pain (See Boring, Drawing, Distress, Digging, Gnawing, Pressing, etc.), stitching (sticking, etc.), Spleen, coughing, on",5
r2805,596,3,"PAIN, aching, dull pain (See Boring, Drawing, Distress, Digging, Gnawing, Pressing, etc.), stitching (sticking, etc.), Spleen, eating, while",1
r2806,596,3,"PAIN, aching, dull pain (See Boring, Drawing, Distress, Digging, Gnawing, Pressing, etc.), stitching (sticking, etc.), Spleen, lying, while",1
r2807,596,3,"PAIN, aching, dull pain (See Boring, Drawing, Distress, Digging, Gnawing, Pressing, etc.), stitching (sticking, etc.), Spleen, menses, during",1
r2808,596,3,"PAIN, aching, dull pain (See Boring, Drawing, Distress, Digging, Gnawing, Pressing, etc.), stitching (sticking, etc.), Spleen, motion",3
r2809,596,3,"PAIN, aching, dull pain (See Boring, Drawing, Distress, Digging, Gnawing, Pressing, etc.), stitching (sticking, etc.), Spleen, pressure agg.",1
r2810,596,3,"PAIN, aching, dull pain (See Boring, Drawing, Distress, Digging, Gnawing, Pressing, etc.), stitching (sticking, etc.), Spleen, sitting",1
r2811,596,3,"PAIN, aching, dull pain (See Boring, Drawing, Distress, Digging, Gnawing, Pressing, etc.), stitching (sticking, etc.), Spleen, stooping, on",1
r2812,596,3,"PAIN, aching, dull pain (See Boring, Drawing, Distress, Digging, Gnawing, Pressing, etc.), stitching (sticking, etc.), Spleen, walking, while",11
r2813,597,2,"PAIN, aching, dull pain (See Boring, Drawing, Distress, Digging, Gnawing, Pressing, etc.), stitching (sticking, etc.), Umbilicus",35
r2814,597,3,"PAIN, aching, dull pain (See Boring, Drawing, Distress, Digging, Gnawing, Pressing, etc.), stitching (sticking, etc.), Umbilicus, left side of",1
r2815,597,3,"PAIN, aching, dull pain (See Boring, Drawing, Distress, Digging, Gnawing, Pressing, etc.), stitching (sticking, etc.), Umbilicus, morning",1
r2816,597,3,"PAIN, aching, dull pain (See Boring, Drawing, Distress, Digging, Gnawing, Pressing, etc.), stitching (sticking, etc.), Umbilicus, afternoon",1
r2817,597,3,"PAIN, aching, dull pain (See Boring, Drawing, Distress, Digging, Gnawing, Pressing, etc.), stitching (sticking, etc.), Umbilicus, inspiration, deep, on",3
r2818,597,3,"PAIN, aching, dull pain (See Boring, Drawing, Distress, Digging, Gnawing, Pressing, etc.), stitching (sticking, etc.), Umbilicus, motion, on",1
r2819,597,3,"PAIN, aching, dull pain (See Boring, Drawing, Distress, Digging, Gnawing, Pressing, etc.), stitching (sticking, etc.), Umbilicus, radiating from",1
r2820,597,3,"PAIN, aching, dull pain (See Boring, Drawing, Distress, Digging, Gnawing, Pressing, etc.), stitching (sticking, etc.), Umbilicus, sneezing",1
r2821,597,3,"PAIN, aching, dull pain (See Boring, Drawing, Distress, Digging, Gnawing, Pressing, etc.), stitching (sticking, etc.), Umbilicus, standing, while",1
r2822,597,3,"PAIN, aching, dull pain (See Boring, Drawing, Distress, Digging, Gnawing, Pressing, etc.), stitching (sticking, etc.), Umbilicus, stooping",1
r2823,597,3,"PAIN, aching, dull pain (See Boring, Drawing, Distress, Digging, Gnawing, Pressing, etc.), stitching (sticking, etc.), Umbilicus, waking, on",1
r2824,597,3,"PAIN, aching, dull pain (See Boring, Drawing, Distress, Digging, Gnawing, Pressing, etc.), stitching (sticking, etc.), Umbilicus, extending to back",1
o2638,597,4,"PAIN, aching, dull pain (See Boring, Drawing, Distress, Digging, Gnawing, Pressing, etc.), stitching (sticking, etc.), Umbilicus, extending to back, bladder",1
o2639,597,4,"PAIN, aching, dull pain (See Boring, Drawing, Distress, Digging, Gnawing, Pressing, etc.), stitching (sticking, etc.), Umbilicus, extending to back, mammary region",1
o2640,597,4,"PAIN, aching, dull pain (See Boring, Drawing, Distress, Digging, Gnawing, Pressing, etc.), stitching (sticking, etc.), Umbilicus, extending to back, pelvis",1
o2641,597,4,"PAIN, aching, dull pain (See Boring, Drawing, Distress, Digging, Gnawing, Pressing, etc.), stitching (sticking, etc.), Umbilicus, extending to back, pudendum when coughing",1
o2642,597,4,"PAIN, aching, dull pain (See Boring, Drawing, Distress, Digging, Gnawing, Pressing, etc.), stitching (sticking, etc.), Umbilicus, extending to back, uterus",1
r2830,597,3,"PAIN, aching, dull pain (See Boring, Drawing, Distress, Digging, Gnawing, Pressing, etc.), stitching (sticking, etc.), Umbilicus, above",6
r2831,597,3,"PAIN, aching, dull pain (See Boring, Drawing, Distress, Digging, Gnawing, Pressing, etc.), stitching (sticking, etc.), Umbilicus, below",7
r2832,597,3,"PAIN, aching, dull pain (See Boring, Drawing, Distress, Digging, Gnawing, Pressing, etc.), stitching (sticking, etc.), Umbilicus, region of",25
r2833,597,4,"PAIN, aching, dull pain (See Boring, Drawing, Distress, Digging, Gnawing, Pressing, etc.), stitching (sticking, etc.), Umbilicus, region of, eating, after",1
r2834,597,4,"PAIN, aching, dull pain (See Boring, Drawing, Distress, Digging, Gnawing, Pressing, etc.), stitching (sticking, etc.), Umbilicus, region of, extending to uterus",1
r2835,597,4,"PAIN, aching, dull pain (See Boring, Drawing, Distress, Digging, Gnawing, Pressing, etc.), stitching (sticking, etc.), Umbilicus, region of, sides",9
r2836,597,5,"PAIN, aching, dull pain (See Boring, Drawing, Distress, Digging, Gnawing, Pressing, etc.), stitching (sticking, etc.), Umbilicus, region of, sides, right",5
r2837,597,5,"PAIN, aching, dull pain (See Boring, Drawing, Distress, Digging, Gnawing, Pressing, etc.), stitching (sticking, etc.), Umbilicus, region of, sides, left",3
r2838,597,1,"PAIN, aching, dull pain (See Boring, Drawing, Distress, Digging, Gnawing, Pressing, etc.), tearing",59
r2839,597,2,"PAIN, aching, dull pain (See Boring, Drawing, Distress, Digging, Gnawing, Pressing, etc.), tearing, left to right",1
r2840,597,2,"PAIN, aching, dull pain (See Boring, Drawing, Distress, Digging, Gnawing, Pressing, etc.), tearing, morning",3
r2841,597,2,"PAIN, aching, dull pain (See Boring, Drawing, Distress, Digging, Gnawing, Pressing, etc.), tearing, forenoon",1
r2842,597,2,"PAIN, aching, dull pain (See Boring, Drawing, Distress, Digging, Gnawing, Pressing, etc.), tearing, afternoon",1
r2843,597,2,"PAIN, aching, dull pain (See Boring, Drawing, Distress, Digging, Gnawing, Pressing, etc.), tearing, evening",3
r2844,597,2,"PAIN, aching, dull pain (See Boring, Drawing, Distress, Digging, Gnawing, Pressing, etc.), tearing, night",3
r2845,597,2,"PAIN, aching, dull pain (See Boring, Drawing, Distress, Digging, Gnawing, Pressing, etc.), tearing, eating, while",1
r2846,597,2,"PAIN, aching, dull pain (See Boring, Drawing, Distress, Digging, Gnawing, Pressing, etc.), tearing, heat amel.",1
r2847,597,2,"PAIN, aching, dull pain (See Boring, Drawing, Distress, Digging, Gnawing, Pressing, etc.), tearing, hiccough, on",1
r2848,597,2,"PAIN, aching, dull pain (See Boring, Drawing, Distress, Digging, Gnawing, Pressing, etc.), tearing, hunger, during",1
r2849,597,2,"PAIN, aching, dull pain (See Boring, Drawing, Distress, Digging, Gnawing, Pressing, etc.), tearing, inspiration, on",1
r2850,597,2,"PAIN, aching, dull pain (See Boring, Drawing, Distress, Digging, Gnawing, Pressing, etc.), tearing, menses, before",3
r2851,597,3,"PAIN, aching, dull pain (See Boring, Drawing, Distress, Digging, Gnawing, Pressing, etc.), tearing, menses, before, during",11
r2852,597,2,"PAIN, aching, dull pain (See Boring, Drawing, Distress, Digging, Gnawing, Pressing, etc.), tearing, motion, during",2
h130,597,2,"PAIN, aching, dull pain (See Boring, Drawing, Distress, Digging, Gnawing, Pressing, etc.), tearing, pressure",1
o2728,597,3,"PAIN, aching, dull pain (See Boring, Drawing, Distress, Digging, Gnawing, Pressing, etc.), tearing, pressure, amel.",1
r2855,597,2,"PAIN, aching, dull pain (See Boring, Drawing, Distress, Digging, Gnawing, Pressing, etc.), tearing, rising from a seat",1
r2856,597,2,"PAIN, aching, dull pain (See Boring, Drawing, Distress, Digging, Gnawing, Pressing, etc.), tearing, sleep amel.",1
r2857,597,2,"PAIN, aching, dull pain (See Boring, Drawing, Distress, Digging, Gnawing, Pressing, etc.), tearing, step, at every",1
r2858,597,2,"PAIN, aching, dull pain (See Boring, Drawing, Distress, Digging, Gnawing, Pressing, etc.), tearing, stool, before",2
r2859,597,3,"PAIN, aching, dull pain (See Boring, Drawing, Distress, Digging, Gnawing, Pressing, etc.), tearing, stool, before, during",2
r2860,597,3,"PAIN, aching, dull pain (See Boring, Drawing, Distress, Digging, Gnawing, Pressing, etc.), tearing, stool, before, after",1
r2861,597,3,"PAIN, aching, dull pain (See Boring, Drawing, Distress, Digging, Gnawing, Pressing, etc.), tearing, stool, before, driving to",1
r2862,597,2,"PAIN, aching, dull pain (See Boring, Drawing, Distress, Digging, Gnawing, Pressing, etc.), tearing, extending downward",2
o2682,597,3,"PAIN, aching, dull pain (See Boring, Drawing, Distress, Digging, Gnawing, Pressing, etc.), tearing, extending downward, genitals, to",1
o2683,597,3,"PAIN, aching, dull pain (See Boring, Drawing, Distress, Digging, Gnawing, Pressing, etc.), tearing, extending downward, left to right",1
o2684,597,3,"PAIN, aching, dull pain (See Boring, Drawing, Distress, Digging, Gnawing, Pressing, etc.), tearing, extending downward, loins",1
o2685,597,3,"PAIN, aching, dull pain (See Boring, Drawing, Distress, Digging, Gnawing, Pressing, etc.), tearing, extending downward, right mamma",1
o2686,597,3,"PAIN, aching, dull pain (See Boring, Drawing, Distress, Digging, Gnawing, Pressing, etc.), tearing, extending downward, upward",1
r2868,597,2,"PAIN, aching, dull pain (See Boring, Drawing, Distress, Digging, Gnawing, Pressing, etc.), tearing, Hypochondria",14
r2869,597,3,"PAIN, aching, dull pain (See Boring, Drawing, Distress, Digging, Gnawing, Pressing, etc.), tearing, Hypochondria, right",4
r2870,598,3,"PAIN, aching, dull pain (See Boring, Drawing, Distress, Digging, Gnawing, Pressing, etc.), tearing, Hypochondria, left",4
r2871,598,3,"PAIN, aching, dull pain (See Boring, Drawing, Distress, Digging, Gnawing, Pressing, etc.), tearing, Hypochondria, forenoon",1
r2872,598,3,"PAIN, aching, dull pain (See Boring, Drawing, Distress, Digging, Gnawing, Pressing, etc.), tearing, Hypochondria, evening",1
r2873,598,3,"PAIN, aching, dull pain (See Boring, Drawing, Distress, Digging, Gnawing, Pressing, etc.), tearing, Hypochondria, coughing, on",1
r2874,598,3,"PAIN, aching, dull pain (See Boring, Drawing, Distress, Digging, Gnawing, Pressing, etc.), tearing, Hypochondria, inspiration, on",1
r2875,598,3,"PAIN, aching, dull pain (See Boring, Drawing, Distress, Digging, Gnawing, Pressing, etc.), tearing, Hypochondria, extending to hip",1
r2876,598,2,"PAIN, aching, dull pain (See Boring, Drawing, Distress, Digging, Gnawing, Pressing, etc.), tearing, Hypogastrium",7
r2877,598,3,"PAIN, aching, dull pain (See Boring, Drawing, Distress, Digging, Gnawing, Pressing, etc.), tearing, Hypogastrium, menses, during",4
r2878,598,2,"PAIN, aching, dull pain (See Boring, Drawing, Distress, Digging, Gnawing, Pressing, etc.), tearing, Iliac region",1
r2879,598,2,"PAIN, aching, dull pain (See Boring, Drawing, Distress, Digging, Gnawing, Pressing, etc.), tearing, Ilium, crest of",2
r2880,598,3,"PAIN, aching, dull pain (See Boring, Drawing, Distress, Digging, Gnawing, Pressing, etc.), tearing, Ilium, crest of, sitting, while",1
r2881,598,3,"PAIN, aching, dull pain (See Boring, Drawing, Distress, Digging, Gnawing, Pressing, etc.), tearing, Ilium, crest of, extending into gluteal muscles",1
o2704,598,4,"PAIN, aching, dull pain (See Boring, Drawing, Distress, Digging, Gnawing, Pressing, etc.), tearing, Ilium, crest of, extending into gluteal muscles, upward",1
r2883,598,2,"PAIN, aching, dull pain (See Boring, Drawing, Distress, Digging, Gnawing, Pressing, etc.), tearing, Inguinal region",18
r2884,598,3,"PAIN, aching, dull pain (See Boring, Drawing, Distress, Digging, Gnawing, Pressing, etc.), tearing, Inguinal region, evening",1
r2885,598,3,"PAIN, aching, dull pain (See Boring, Drawing, Distress, Digging, Gnawing, Pressing, etc.), tearing, Inguinal region, bending back amel.",1
r2886,598,3,"PAIN, aching, dull pain (See Boring, Drawing, Distress, Digging, Gnawing, Pressing, etc.), tearing, Inguinal region, coughing agg.",1
r2887,598,3,"PAIN, aching, dull pain (See Boring, Drawing, Distress, Digging, Gnawing, Pressing, etc.), tearing, Inguinal region, inspiration agg.",1
r2888,598,3,"PAIN, aching, dull pain (See Boring, Drawing, Distress, Digging, Gnawing, Pressing, etc.), tearing, Inguinal region, rising from seat",1
r2889,598,3,"PAIN, aching, dull pain (See Boring, Drawing, Distress, Digging, Gnawing, Pressing, etc.), tearing, Inguinal region, sitting, while",2
r2890,598,3,"PAIN, aching, dull pain (See Boring, Drawing, Distress, Digging, Gnawing, Pressing, etc.), tearing, Inguinal region, standing, while",1
r2891,598,3,"PAIN, aching, dull pain (See Boring, Drawing, Distress, Digging, Gnawing, Pressing, etc.), tearing, Inguinal region, walking, while",2
r2892,598,3,"PAIN, aching, dull pain (See Boring, Drawing, Distress, Digging, Gnawing, Pressing, etc.), tearing, Inguinal region, extending to right nipple",1
o2711,598,4,"PAIN, aching, dull pain (See Boring, Drawing, Distress, Digging, Gnawing, Pressing, etc.), tearing, Inguinal region, extending to right nipple, thighs",3
r2894,598,2,"PAIN, aching, dull pain (See Boring, Drawing, Distress, Digging, Gnawing, Pressing, etc.), tearing, Liver",7
r2895,598,3,"PAIN, aching, dull pain (See Boring, Drawing, Distress, Digging, Gnawing, Pressing, etc.), tearing, Liver, evening",1
r2896,598,3,"PAIN, aching, dull pain (See Boring, Drawing, Distress, Digging, Gnawing, Pressing, etc.), tearing, Liver, supper, after",1
r2897,598,2,"PAIN, aching, dull pain (See Boring, Drawing, Distress, Digging, Gnawing, Pressing, etc.), tearing, Sides",10
r2898,598,3,"PAIN, aching, dull pain (See Boring, Drawing, Distress, Digging, Gnawing, Pressing, etc.), tearing, Sides, right",2
r2899,598,3,"PAIN, aching, dull pain (See Boring, Drawing, Distress, Digging, Gnawing, Pressing, etc.), tearing, Sides, left",2
r2900,598,3,"PAIN, aching, dull pain (See Boring, Drawing, Distress, Digging, Gnawing, Pressing, etc.), tearing, Sides, evening",1
r2901,598,3,"PAIN, aching, dull pain (See Boring, Drawing, Distress, Digging, Gnawing, Pressing, etc.), tearing, Sides, exertion, on",1
r2902,598,3,"PAIN, aching, dull pain (See Boring, Drawing, Distress, Digging, Gnawing, Pressing, etc.), tearing, Sides, walking, while",1
r2903,598,3,"PAIN, aching, dull pain (See Boring, Drawing, Distress, Digging, Gnawing, Pressing, etc.), tearing, Sides, extending to bladder",1
r2904,598,3,"PAIN, aching, dull pain (See Boring, Drawing, Distress, Digging, Gnawing, Pressing, etc.), tearing, Sides, flank, in",2
r2905,598,2,"PAIN, aching, dull pain (See Boring, Drawing, Distress, Digging, Gnawing, Pressing, etc.), tearing, Spleen",2
r2906,598,2,"PAIN, aching, dull pain (See Boring, Drawing, Distress, Digging, Gnawing, Pressing, etc.), tearing, Umbilicus",7
r2907,598,3,"PAIN, aching, dull pain (See Boring, Drawing, Distress, Digging, Gnawing, Pressing, etc.), tearing, Umbilicus, 2 p.m.",1
r2908,598,3,"PAIN, aching, dull pain (See Boring, Drawing, Distress, Digging, Gnawing, Pressing, etc.), tearing, Umbilicus, region of",14
r2909,598,4,"PAIN, aching, dull pain (See Boring, Drawing, Distress, Digging, Gnawing, Pressing, etc.), tearing, Umbilicus, region of, morning",1
r2910,598,4,"PAIN, aching, dull pain (See Boring, Drawing, Distress, Digging, Gnawing, Pressing, etc.), tearing, Umbilicus, region of, breakfast, before",1
r2911,598,4,"PAIN, aching, dull pain (See Boring, Drawing, Distress, Digging, Gnawing, Pressing, etc.), tearing, Umbilicus, region of, dinner, after",1
r2912,598,4,"PAIN, aching, dull pain (See Boring, Drawing, Distress, Digging, Gnawing, Pressing, etc.), tearing, Umbilicus, region of, paroxysmal",1
r2913,598,4,"PAIN, aching, dull pain (See Boring, Drawing, Distress, Digging, Gnawing, Pressing, etc.), tearing, Umbilicus, region of, pressure",1
r2914,598,1,"PAIN, aching, dull pain (See Boring, Drawing, Distress, Digging, Gnawing, Pressing, etc.), twinging",11
r2915,598,2,"PAIN, aching, dull pain (See Boring, Drawing, Distress, Digging, Gnawing, Pressing, etc.), twinging, Hypochondria",2
r2916,598,3,"PAIN, aching, dull pain (See Boring, Drawing, Distress, Digging, Gnawing, Pressing, etc.), twinging, Hypochondria, right",1
r2917,598,3,"PAIN, aching, dull pain (See Boring, Drawing, Distress, Digging, Gnawing, Pressing, etc.), twinging, Hypochondria, left",1
r2918,598,2,"PAIN, aching, dull pain (See Boring, Drawing, Distress, Digging, Gnawing, Pressing, etc.), twinging, Inguinal region",3
r2919,598,3,"PAIN, aching, dull pain (See Boring, Drawing, Distress, Digging, Gnawing, Pressing, etc.), twinging, Inguinal region, extending to chest",1
r2920,598,1,"PAIN, aching, dull pain (See Boring, Drawing, Distress, Digging, Gnawing, Pressing, etc.), twisting",36
r2921,598,2,"PAIN, aching, dull pain (See Boring, Drawing, Distress, Digging, Gnawing, Pressing, etc.), twisting, evening",1
r2922,598,2,"PAIN, aching, dull pain (See Boring, Drawing, Distress, Digging, Gnawing, Pressing, etc.), twisting, Hypochondria",3
r2923,598,3,"PAIN, aching, dull pain (See Boring, Drawing, Distress, Digging, Gnawing, Pressing, etc.), twisting, Hypochondria, right",1
r2924,598,3,"PAIN, aching, dull pain (See Boring, Drawing, Distress, Digging, Gnawing, Pressing, etc.), twisting, Hypochondria, left",1
r2925,598,3,"PAIN, aching, dull pain (See Boring, Drawing, Distress, Digging, Gnawing, Pressing, etc.), twisting, Hypochondria, evening",1
r2926,598,3,"PAIN, aching, dull pain (See Boring, Drawing, Distress, Digging, Gnawing, Pressing, etc.), twisting, Hypochondria, stool, during",1
r2927,598,2,"PAIN, aching, dull pain (See Boring, Drawing, Distress, Digging, Gnawing, Pressing, etc.), twisting, Umbilical region",20
r2928,598,3,"PAIN, aching, dull pain (See Boring, Drawing, Distress, Digging, Gnawing, Pressing, etc.), twisting, Umbilical region, morning",1
r2929,598,3,"PAIN, aching, dull pain (See Boring, Drawing, Distress, Digging, Gnawing, Pressing, etc.), twisting, Umbilical region, night",1
r2930,598,3,"PAIN, aching, dull pain (See Boring, Drawing, Distress, Digging, Gnawing, Pressing, etc.), twisting, Umbilical region, extending downward",1
r2931,599,0,PANCREAS,5
r2932,599,0,PARALYSIS of intestines,4
r2933,599,0,PENDULOUS abdomen,6
r2934,599,1,"PENDULOUS abdomen, of mothers",3
r2935,599,0,"PERFORATION, region of navel, sensation of",1
r2936,599,0,PERISTALSIS reversed,2
r2937,599,0,PERSPIRATION,13
r2938,599,1,"PERSPIRATION, forenoon",1
r2939,599,1,"PERSPIRATION, night",2
r2940,599,1,"PERSPIRATION, coition, after",1
r2941,599,1,"PERSPIRATION, cold",1
r2942,599,1,"PERSPIRATION, exercise, during",1
r2943,599,1,"PERSPIRATION, walking, after",1
r2944,599,1,"PERSPIRATION, Hypochondria",1
r2945,599,1,"PERSPIRATION, Hypogastrium, sitting, while",1
r2946,599,1,"PERSPIRATION, Inguinal region",6
r2947,599,1,"PERSPIRATION, Umbilicus, spreading from",1
r2948,599,0,"PLUG, sensation of, behind navel",1
r2949,599,1,"PLUG, sensation of, behind navel, pressed in intestines",1
r2950,599,0,PROTRUSION here and there as if a hernia would form,3
o2919,599,1,"PROTRUSION here and there as if a hernia would form, Umbilicus",6
r2952,599,0,PROUD flesh umbilicus,1
r2953,599,0,PULSATION,46
r2954,599,1,"PULSATION, morning, 5 a.m.",1
r2955,599,1,"PULSATION, evening",2
r2956,599,1,"PULSATION, night",1
r2957,599,2,"PULSATION, night, lying, while",1
r2958,599,1,"PULSATION, eating, after",2
r2959,599,1,"PULSATION, heat, during",1
r2960,599,1,"PULSATION, lying, while",3
r2961,599,1,"PULSATION, menses, during",2
r2962,599,1,"PULSATION, stool, after",2
r2963,599,1,"PULSATION, supper, after",1
r2964,599,1,"PULSATION, Hypochondria",23
r2965,599,2,"PULSATION, Hypochondria, right",16
r2966,599,2,"PULSATION, Hypochondria, left",6
r2967,599,2,"PULSATION, Hypochondria, morning",1
r2968,599,2,"PULSATION, Hypochondria, evening",2
r2969,599,2,"PULSATION, Hypochondria, eructations amel.",1
r2970,599,2,"PULSATION, Hypochondria, walking, while",1
r2971,599,1,"PULSATION, Hypogastrium",2
r2972,599,2,"PULSATION, Hypogastrium, female",2
r2973,599,1,"PULSATION, Inguinal region",6
r2974,599,2,"PULSATION, Inguinal region, morning",1
r2975,599,2,"PULSATION, Inguinal region, evening",1
r2976,599,2,"PULSATION, Inguinal region, deep in",1
r2977,599,1,"PULSATION, Sides",4
r2978,599,2,"PULSATION, Sides, night on waking",1
r2979,599,2,"PULSATION, Sides, walking, while",2
r2980,599,2,"PULSATION, Sides, in the flank on inspiration",1
r2981,599,1,"PULSATION, spleen",6
r2982,599,1,"PULSATION, Umbilicus",5
r2983,599,0,RATTLING (See Rumbling),0
r2984,599,0,RELAXED feeling,20
r2985,599,1,"RELAXED feeling, lying on back amel.",1
r2986,599,1,"RELAXED feeling, stool, after",4
r2987,599,1,"RELAXED feeling, walking, while",3
r2988,600,0,"RESTLESSNESS, uneasiness, etc.",52
r2989,600,1,"RESTLESSNESS, uneasiness, etc., morning",3
h131,600,1,"RESTLESSNESS, uneasiness, etc., waking, on",1
r2991,600,1,"RESTLESSNESS, uneasiness, etc., forenoon",1
r2992,600,1,"RESTLESSNESS, uneasiness, etc., afternoon",1
r2993,600,1,"RESTLESSNESS, uneasiness, etc., evening",1
r2994,600,1,"RESTLESSNESS, uneasiness, etc., night",2
r2995,600,1,"RESTLESSNESS, uneasiness, etc., breakfast, during",1
o2956,600,2,"RESTLESSNESS, uneasiness, etc., breakfast, during, after",1
r2997,600,1,"RESTLESSNESS, uneasiness, etc., drinking, after",2
r2998,600,1,"RESTLESSNESS, uneasiness, etc., eating, after",2
r2999,600,1,"RESTLESSNESS, uneasiness, etc., rest, during",1
r3000,600,1,"RESTLESSNESS, uneasiness, etc., sleep, after",1
r3001,600,1,"RESTLESSNESS, uneasiness, etc., stool, before",1
o2972,600,2,"RESTLESSNESS, uneasiness, etc., stool, before, during",2
o2970,600,2,"RESTLESSNESS, uneasiness, etc., stool, before, after",2
r3004,600,1,"RESTLESSNESS, uneasiness, etc., Hypochondria",4
r3005,600,2,"RESTLESSNESS, uneasiness, etc., Hypochondria, stool, before",1
r3006,600,0,RETRACTION,49
r3007,600,1,"RETRACTION, sensation of",5
r3008,600,1,"RETRACTION, Umbilicus",16
r3009,600,2,"RETRACTION, Umbilicus, morning",1
r3010,600,2,"RETRACTION, Umbilicus, lying, while",1
r3011,600,2,"RETRACTION, Umbilicus, sitting",1
r3012,600,2,"RETRACTION, Umbilicus, stool, before",1
r3013,600,2,"RETRACTION, Umbilicus, stooping, on",1
r3014,600,0,ROLLING (See Rumbling),0
r3015,600,0,RUMBLING,216
r3016,600,1,"RUMBLING, daytime",2
r3017,600,1,"RUMBLING, morning",21
r3018,600,2,"RUMBLING, morning, coffee, after",2
r3019,600,2,"RUMBLING, morning, rising, after",1
r3020,600,2,"RUMBLING, morning, stool, before",2
r3021,600,2,"RUMBLING, morning, waking, on",5
r3022,600,2,"RUMBLING, morning, 6 a.m.",2
r3023,600,2,"RUMBLING, morning, 7 a.m.",3
r3024,600,1,"RUMBLING, forenoon",9
r3025,601,2,"RUMBLING, forenoon, 9 a.m.",3
r3026,601,2,"RUMBLING, forenoon, 11 a.m.",3
r3027,601,1,"RUMBLING, noon",3
r3028,601,2,"RUMBLING, noon, eating, while",1
r3029,601,3,"RUMBLING, noon, eating, while, after",1
r3030,601,1,"RUMBLING, afternoon",16
r3031,601,2,"RUMBLING, afternoon, walking, while",1
r3032,601,2,"RUMBLING, afternoon, 1 p.m.",3
r3033,601,2,"RUMBLING, afternoon, 2 p.m.",1
r3034,601,2,"RUMBLING, afternoon, 4 p.m.",3
r3035,601,2,"RUMBLING, afternoon, 5 p.m.",2
r3036,601,1,"RUMBLING, evening",22
r3037,601,2,"RUMBLING, evening, bed, in",2
o3003,601,2,"RUMBLING, evening, eating, after",2
r3039,601,2,"RUMBLING, evening, lying, while",1
r3040,601,2,"RUMBLING, evening, stool, during",1
r3041,601,2,"RUMBLING, evening, 6 p.m.",1
r3042,601,2,"RUMBLING, evening, 7 p.m.",4
r3043,601,1,"RUMBLING, night",11
r3044,601,2,"RUMBLING, night, stool, before",1
r3045,601,2,"RUMBLING, night, midnight",1
r3046,601,3,"RUMBLING, night, midnight, after",1
r3047,601,2,"RUMBLING, night, 1 a.m.",2
r3048,601,2,"RUMBLING, night, 3 a.m.",1
r3049,601,2,"RUMBLING, night, 4 a.m.",1
r3050,601,2,"RUMBLING, night, 5 a.m.",3
r3051,601,1,"RUMBLING, bed, in",3
r3052,601,1,"RUMBLING, breakfast, during",2
r3053,601,2,"RUMBLING, breakfast, during, after",5
o2992,601,1,"RUMBLING, diarrhœa, as if, would come on",16
r3055,601,1,"RUMBLING, dinner, after",11
r3056,601,1,"RUMBLING, drinking, after",4
r3057,601,1,"RUMBLING, eating, before",2
h132,601,2,"RUMBLING, eating, before, while",3
r3038,601,2,"RUMBLING, eating, before, after",26
r3060,601,2,"RUMBLING, eating, before, amel.",3
r3061,601,1,"RUMBLING, fasting, while",1
r3062,601,1,"RUMBLING, flatus, passing, amel.",12
r3063,601,1,"RUMBLING, inspiration, on",3
r3064,601,1,"RUMBLING, lying, on",6
r3065,601,2,"RUMBLING, lying, on, abdomen, on, amel.",1
r3066,601,2,"RUMBLING, lying, on, right side, on, while",1
r3067,601,2,"RUMBLING, lying, on, left side, on, while",1
r3068,601,1,"RUMBLING, menses, before",10
r3069,601,2,"RUMBLING, menses, before, during",6
r3070,601,1,"RUMBLING, motion, on",2
r3071,601,1,"RUMBLING, pressure agg.",1
r3072,601,1,"RUMBLING, rising, on",3
r3073,601,1,"RUMBLING, sitting, while",3
r3074,601,1,"RUMBLING, sleep, during",2
r3075,601,1,"RUMBLING, stool, before",37
o3049,601,2,"RUMBLING, stool, before, diarrhœic, before",10
o3051,601,2,"RUMBLING, stool, before, during",15
o3050,601,2,"RUMBLING, stool, before, diarrhœic, during",5
r3080,602,2,"RUMBLING, stool, before, after",17
o3048,602,2,"RUMBLING, stool, before, diarrhœic, after",2
r3082,602,1,"RUMBLING, stretching, on",1
r3083,602,1,"RUMBLING, supper, after",3
r3084,602,1,"RUMBLING, swallowing, after",1
r3085,602,1,"RUMBLING, waking, on",1
r3086,602,1,"RUMBLING, walking, on",1
r3087,602,2,"RUMBLING, walking, on, open air, in",4
r3088,602,1,"RUMBLING, yawning",1
r3089,602,1,"RUMBLING, Hypogastrium",7
r3090,602,2,"RUMBLING, Hypogastrium, morning",1
r3091,602,2,"RUMBLING, Hypogastrium, night",1
r3092,602,3,"RUMBLING, Hypogastrium, night, 4 a.m.",1
o3015,602,1,"RUMBLING, Ilio-cæcal region",1
r3094,602,0,"SENSITIVE, skin",8
r3095,602,0,SHAKING,5
r3096,602,1,"SHAKING, morning",1
r3097,602,1,"SHAKING, cough, from",3
r3098,602,1,"SHAKING, walking, while",4
r3099,602,0,SHIVERING (See Coldness),0
r3100,602,0,SHOCKS,12
r3101,602,1,"SHOCKS, electric, extending to fingers",1
r3102,602,2,"SHOCKS, electric, extending to fingers, extending to limb",1
r3103,602,1,"SHOCKS, lying on side, while",1
r3104,602,1,"SHOCKS, motion, on",1
r3105,602,1,"SHOCKS, paralysis of lower limbs",1
r3106,602,1,"SHOCKS, tingling",2
r3107,602,1,"SHOCKS, Hypogastrium",1
r3108,602,2,"SHOCKS, Hypogastrium, coughing, when",2
r3109,602,0,SHRIVELLED or wilted appearance,1
r3110,602,0,SHUDDERING in,2
r3111,602,1,"SHUDDERING in, extends over body",1
r3112,602,0,SPASMS muscles,6
r3113,602,1,"SPASMS muscles, in hysterical women",3
r3114,602,0,"SPLEEN, complaints of",70
r3115,602,0,"SPONGE, sensation of, in hypochondria, alternating sides",1
r3116,602,0,SPOTS (See Discoloration),0
r3117,602,0,"SPRING, sensation as if, were unrolled in left hypochondrium",1
r3118,602,0,"STONE in, sensation of",4
r3119,602,1,"STONE in, sensation of, lying on abdomen",1
r3120,602,1,"STONE in, sensation of, seems full of stones",3
r3121,602,2,"STONE in, sensation of, seems full of stones, after long sitting",1
r3122,602,1,"STONE in, sensation of, Umbilicus, about",1
r3123,602,0,STOPPED sensation,17
r3124,602,0,SUNKEN (See Retracted),0
r3125,602,0,"SUPPURATION, inguinal glands",17
r3126,602,0,SWASHING,8
r3127,602,0,"SWELLING, mesenteric glands",15
r3137,602,1,"SWELLING, mesenteric glands, Inguinal region",16
r3129,602,2,"SWELLING, mesenteric glands, Inguinal region, right",5
r3130,602,2,"SWELLING, mesenteric glands, Inguinal region, left",2
r3131,602,2,"SWELLING, mesenteric glands, Inguinal region, 2 p.m.",1
r3132,602,2,"SWELLING, mesenteric glands, Inguinal region, 8 p.m.",1
r3133,602,2,"SWELLING, mesenteric glands, Inguinal region, elastic",1
r3134,602,2,"SWELLING, mesenteric glands, Inguinal region, hard",3
r3135,602,2,"SWELLING, mesenteric glands, Inguinal region, painful",2
r3138,603,2,"SWELLING, mesenteric glands, Inguinal region, glands, of (See Bubo)",69
r3139,603,1,"SWELLING, mesenteric glands, Liver",35
r3140,603,2,"SWELLING, mesenteric glands, Liver, abuse of quinine, after",1
r3141,603,2,"SWELLING, mesenteric glands, Liver, mental exertion, after",1
r3142,603,2,"SWELLING, mesenteric glands, Liver, left lobe",1
r3143,603,1,"SWELLING, mesenteric glands, Spleen",20
r3144,603,2,"SWELLING, mesenteric glands, Spleen, heat, during",2
r3145,603,2,"SWELLING, mesenteric glands, Spleen, quinine, after",1
r3146,603,1,"SWELLING, mesenteric glands, Umbilicus",7
r3147,603,0,TABES mesenterica,24
r3148,603,0,TENSION,106
r3149,603,1,"TENSION, morning",3
r3150,603,1,"TENSION, forenoon",1
r3151,603,1,"TENSION, afternoon",5
r3152,603,2,"TENSION, afternoon, eating, after",1
r3153,603,2,"TENSION, afternoon, 3 p.m., until evening",1
r3154,603,1,"TENSION, evening",4
r3155,603,1,"TENSION, night",2
r3156,603,1,"TENSION, dinner, after",4
r3157,603,1,"TENSION, drinking, after",2
r3158,603,1,"TENSION, eating, on",1
o3114,603,2,"TENSION, eating, on, after",6
r3160,603,2,"TENSION, eating, on, roast lamb, after",1
r3161,603,1,"TENSION, emission, after",1
r3162,603,1,"TENSION, exertion, during",1
r3163,603,1,"TENSION, flatus, passing, amel.",2
r3164,603,1,"TENSION, menses, during",4
r3165,603,1,"TENSION, motion, on",2
r3166,603,1,"TENSION, reaching high, from",1
r3167,603,1,"TENSION, respiration, deep, on",2
r3168,603,1,"TENSION, sitting, while",4
o3183,603,1,"TENSION, stool, during",2
r3170,603,2,"TENSION, stool, during, amel.",2
r3171,603,1,"TENSION, waking, on",1
o3190,603,1,"TENSION, walking, while",2
r3173,603,2,"TENSION, walking, while, amel.",5
r3174,603,1,"TENSION, Hypochondria",41
r3175,603,2,"TENSION, Hypochondria, right",15
r3176,603,3,"TENSION, Hypochondria, right, lying on left side",4
r3177,604,2,"TENSION, Hypochondria, left",3
r3178,604,2,"TENSION, Hypochondria, forenoon",1
r3179,604,2,"TENSION, Hypochondria, afternoon",2
r3180,604,3,"TENSION, Hypochondria, afternoon, 2 p.m.",1
r3181,604,2,"TENSION, Hypochondria, evening",1
r3182,604,2,"TENSION, Hypochondria, breathing, from",1
r3183,604,2,"TENSION, Hypochondria, emission, after",1
r3184,604,2,"TENSION, Hypochondria, fruit, after",1
r3185,604,2,"TENSION, Hypochondria, heat, during",1
r3186,604,2,"TENSION, Hypochondria, lying on back, while",1
r3187,604,2,"TENSION, Hypochondria, sitting, while",1
r3188,604,2,"TENSION, Hypochondria, stool, after",1
r3189,604,2,"TENSION, Hypochondria, stooping, on",2
r3190,604,2,"TENSION, Hypochondria, waking, on",1
r3191,604,2,"TENSION, Hypochondria, walking in open air, while",2
r3192,604,2,"TENSION, Hypochondria, extending to back",1
o3129,604,3,"TENSION, Hypochondria, extending to back, upwards",1
r3194,604,1,"TENSION, Hypogastrium",14
r3195,604,2,"TENSION, Hypogastrium, morning",1
r3196,604,2,"TENSION, Hypogastrium, eating, after",1
r3197,604,2,"TENSION, Hypogastrium, inspiration, deep, agg.",2
r3198,604,2,"TENSION, Hypogastrium, rising, on",1
r3199,604,2,"TENSION, Hypogastrium, stool, before",1
r3200,604,1,"TENSION, Iliac region",3
r3201,604,2,"TENSION, Iliac region, left",2
r3202,604,1,"TENSION, Inguinal region",31
r3203,604,2,"TENSION, Inguinal region, right",3
r3204,604,2,"TENSION, Inguinal region, left",6
r3205,604,2,"TENSION, Inguinal region, morning",1
r3206,604,3,"TENSION, Inguinal region, morning, 5 a.m.",1
r3207,604,2,"TENSION, Inguinal region, afternoon",1
r3208,604,3,"TENSION, Inguinal region, afternoon, sleep, after",1
r3209,604,2,"TENSION, Inguinal region, evening",1
r3210,604,2,"TENSION, Inguinal region, ascending stairs",1
r3211,604,2,"TENSION, Inguinal region, bending over",1
r3212,604,2,"TENSION, Inguinal region, drawing up limb amel.",2
r3213,604,2,"TENSION, Inguinal region, motion, on",1
r3214,604,2,"TENSION, Inguinal region, pressure",1
r3215,604,2,"TENSION, Inguinal region, rising arms",1
r3216,604,2,"TENSION, Inguinal region, rising from a seat",1
r3217,604,2,"TENSION, Inguinal region, sitting, while",2
r3218,604,2,"TENSION, Inguinal region, standing, while",2
r3219,604,2,"TENSION, Inguinal region, stool amel.",1
r3220,604,2,"TENSION, Inguinal region, stretching out limb",2
r3221,604,2,"TENSION, Inguinal region, touched, when",1
o3171,604,2,"TENSION, Inguinal region, walking, while",6
r3223,604,3,"TENSION, Inguinal region, walking, while, amel.",1
r3224,604,1,"TENSION, Sides",10
r3225,604,2,"TENSION, Sides, eructation amel.",1
r3226,604,1,"TENSION, Spleen",3
r3227,604,1,"TENSION, Umbilicus",4
r3228,604,2,"TENSION, Umbilicus, region of",6
r3229,604,3,"TENSION, Umbilicus, region of, midnight",1
r3230,604,3,"TENSION, Umbilicus, region of, lying, while",1
r3231,604,0,TINGLING (See Shocks),0
r3232,604,0,TREMBLING,18
r3233,604,1,"TREMBLING, morning",1
r3234,604,1,"TREMBLING, eating, after",1
r3235,604,2,"TREMBLING, eating, after, lying on the back, while",1
r3236,604,1,"TREMBLING, menses, during",1
r3237,604,1,"TREMBLING, stool, after",1
r3238,604,1,"TREMBLING, Hypogastrium",2
r3239,604,1,"TREMBLING, Inguinal region",5
r3240,604,2,"TREMBLING, Inguinal region, left",1
h133,604,0,TUBERCULOSIS (See Tabes),0
r3241,605,0,TUMORS,1
r3242,605,0,TURNING sensation,6
r3243,605,0,TWITCHING and jerking,30
r3244,605,1,"TWITCHING and jerking, evening in bed",1
r3245,605,1,"TWITCHING and jerking, night",1
r3246,605,1,"TWITCHING and jerking, stool, during",1
r3247,605,2,"TWITCHING and jerking, stool, during, right",5
r3248,605,2,"TWITCHING and jerking, stool, during, left",1
r3249,605,2,"TWITCHING and jerking, stool, during, evening",1
r3250,605,1,"TWITCHING and jerking, Hypochondria",13
r3251,605,1,"TWITCHING and jerking, Hypogastrium",2
r3252,605,1,"TWITCHING and jerking, Ilium crest",1
r3253,605,1,"TWITCHING and jerking, Inguinal region",10
r3254,605,2,"TWITCHING and jerking, Inguinal region, extending to back",1
o3209,605,3,"TWITCHING and jerking, Inguinal region, extending to back, penis",1
r3256,605,1,"TWITCHING and jerking, Sides",7
r3257,605,2,"TWITCHING and jerking, Sides, walking, while",1
r3258,605,0,TYMPANITIC (See Distension),0
r3259,605,0,ULCERS,19
r3260,605,1,"ULCERS, spreading",1
r3261,605,1,"ULCERS, Inguinal region",8
r3262,605,1,"ULCERS, Umbilicus, about",13
r3263,605,0,UNEASINESS (See Restlessness),0
r3264,605,0,VEINS distended,2
r3265,605,1,"VEINS distended, varicose",2
r3266,605,1,"VEINS distended, Inguinal region",1
r3267,605,0,"WATER, as if full of",4
r3268,605,0,"WEAKNESS, sense of",30
r3269,605,1,"WEAKNESS, sense of, morning",2
r3270,605,1,"WEAKNESS, sense of, evening",1
o3226,605,1,"WEAKNESS, sense of, diarrhœa, as if, would come on",1
r3272,605,1,"WEAKNESS, sense of, drop, as if it would",1
r3273,605,1,"WEAKNESS, sense of, eructations amel.",1
r3274,605,1,"WEAKNESS, sense of, menses, before",1
r3275,605,2,"WEAKNESS, sense of, menses, before, as if, would come on",1
r3276,605,1,"WEAKNESS, sense of, stool, during",2
r3277,605,2,"WEAKNESS, sense of, stool, during, after",16
r3278,605,2,"WEAKNESS, sense of, stool, during, hard stool",2
r3279,605,1,"WEAKNESS, sense of, walking, after",1
r3280,605,1,"WEAKNESS, sense of, Inguinal region",6
