شناخت,پرانا راستہ (ایپ),نیا راستہ (مطبوعہ کتاب),اردو جملہ,ادویات پرانی,ادویات ماخذی,فرق
r4,"ADHESION, sensation","ADHESION, sensation",پیٹ — چپکاؤ کا احساس,2,2,یکساں
r5,"ALIVE, sensation of something","ALIVE, sensation of something (See Movements)",پیٹ — زندہ چیز کا احساس، جیسے کوئی چیز ہو,20,20,یکساں
r6,"ALIVE, sensation of something, right iliac region","ALIVE, sensation of something (See Movements), right iliac region",پیٹ — زندہ چیز کا احساس، جیسے کوئی چیز ہو، دائیں کولھے کی طرف,1,1,یکساں
r7,ANEURISM,ANEURISM,پیٹ — شریان کا پھیلاؤ (اینیورزم),2,2,یکساں
r12,"ANXIETY in, evening","ANXIETY in, evening",پیٹ — بے چینی، شام,2,2,یکساں
r17,"ANXIETY in, extending into head","ANXIETY in, extending into head",پیٹ — بے چینی، سر تک پھیلتی ہوئی,1,1,یکساں
r14,"ANXIETY in, flatus amel.","ANXIETY in, flatus amel.",پیٹ — بے چینی، ریاح نکلنے سے آرام,1,1,یکساں
r18,"ANXIETY in, hypochondria","ANXIETY in, Hypochondria",پیٹ — بے چینی، بغل کے نچلے حصے میں,10,10,یکساں
r9,"ANXIETY in, morning","ANXIETY in, morning",پیٹ — بے چینی، صبح,2,1,ماخذی مطابق کیے
r11,"ANXIETY in, morning, breakfast, after","ANXIETY in, morning, breakfast, after",پیٹ — بے چینی، صبح، ناشتے کے بعد,1,1,یکساں
r10,"ANXIETY in, morning, in bed","ANXIETY in, morning, in bed",پیٹ — بے چینی، صبح، بستر میں,1,1,یکساں
r13,"ANXIETY in, night","ANXIETY in, night",پیٹ — بے چینی، رات,1,1,یکساں
r15,"ANXIETY in, stool, before","ANXIETY in, stool, before",پیٹ — بے چینی، پاخانے سے پہلے,2,2,یکساں
r19,"APPREHENSION in, sensation of","APPREHENSION in, sensation of",پیٹ — اندیشے کا احساس، پیٹ میں,3,3,یکساں
r20,"APPREHENSION in, sensation of, lower abdomen","APPREHENSION in, sensation of, lower abdomen",پیٹ — اندیشے کا احساس، پیٹ میں، نچلے پیٹ میں,1,1,یکساں
r21,ASCITES (See Dropsy),ASCITES (See Dropsy),پیٹ — پیٹ میں پانی (استسقاء),0,0,یکساں
r22,ATROPHY of liver,ATROPHY of liver,پیٹ — جگر کا سوکھ جانا (اٹروفی),28,28,یکساں
r23,"BALL, as if, ascending to throat","BALL, as if, ascending to throat",پیٹ — گیند، جیسے گلے تک چڑھتی ہوئی,2,2,یکساں
r27,BAND around,BAND around,پیٹ — پیٹ کے گرد پٹی,1,1,یکساں
r28,"BEARING down sensation (See Pain, Dragging)","BEARING down sensation (See Pain, Dragging)",پیٹ — نیچے کو دبانے کا احساس,0,0,یکساں
r29,BORBORYGMI (See Rumbling),BORBORYGMI (See Rumbling),پیٹ — آنتیوں کی غڑغڑاہٹ,0,0,یکساں
r30,BUBBLING (See Rumbling),BUBBLING (See Rumbling),پیٹ — بلبلوں کی آواز,16,8,ماخذی مطابق کیے
r32,"BUBBLING (See Rumbling), inguinal region","BUBBLING (See Rumbling), Inguinal region",پیٹ — بلبلوں کی آواز، کچھوں کا علاقہ,2,2,یکساں
r33,"BUBBLING (See Rumbling), liver, in","BUBBLING (See Rumbling), Liver, in",پیٹ — بلبلوں کی آواز، جگر میں,2,2,یکساں
r31,"BUBBLING (See Rumbling), lying on the back, while","BUBBLING (See Rumbling), lying on the back, while",پیٹ — بلبلوں کی آواز، چت لیٹے ہوئے,1,1,یکساں
r34,"BUBBLING (See Rumbling), sides","BUBBLING (See Rumbling), Sides",پیٹ — بلبلوں کی آواز، پہلوؤں میں,6,5,ماخذی مطابق کیے
r35,"BUBBLING (See Rumbling), sides, left","BUBBLING (See Rumbling), Sides, left",پیٹ — بلبلوں کی آواز، بائیں پہلو میں,1,1,یکساں
r36,BUBO,BUBO,پیٹ — گلٹی (بُوبو),31,29,ماخذی مطابق کیے
r37,"BUBO, burning, with","BUBO, burning, with",پیٹ — گلٹی (بُوبو)، جلن کے ساتھ,5,5,یکساں
o38,"BUBO, suppressed gonorrhoea, after","BUBO, suppressed gonorrhœa, after",پیٹ — گلٹی (بُوبو)، گونوریا دب جانے کے بعد,8,8,یکساں
r38,"BUBO, suppurating","BUBO, suppurating",پیٹ — گلٹی (بُوبو)، پیپ پڑنے کے ساتھ,15,15,یکساں
r39,"BUBO, suppurating, refuses to heal, old","BUBO, suppurating, refuses to heal, old",پیٹ — گلٹی (بُوبو)، پیپ پڑنے کے ساتھ، پرانی، بھرنے سے انکار کرے,2,2,یکساں
r41,"CIRRHOSIS, liver","CIRRHOSIS, liver",پیٹ — جگر کی سختی، جگر میں,7,7,یکساں
r42,"CLOTHING, sensitive to","CLOTHING, sensitive to",پیٹ — کپڑوں سے حساس,29,28,ماخذی مطابق کیے
r43,"CLOTHING, sensitive to, after eating","CLOTHING, sensitive to, after eating",پیٹ — کپڑوں سے حساس، کھانے کے بعد,1,1,یکساں
r44,"CLOTHING, sensitive to, wants to uncover","CLOTHING, sensitive to, wants to uncover",پیٹ — کپڑوں سے حساس، کپڑے ہٹانا چاہے,1,1,یکساں
r3281,CLUCKING,CLUCKING,پیٹ — کُڑکُڑ کی آواز,3,3,یکساں
r45,COLDNESS,COLDNESS,پیٹ — ٹھنڈک,94,80,ماخذی مطابق کیے
r47,"COLDNESS, afternoon","COLDNESS, afternoon",پیٹ — ٹھنڈک، سہ پہر,3,3,یکساں
r48,"COLDNESS, afternoon, on drinking water","COLDNESS, afternoon, on drinking water",پیٹ — ٹھنڈک، سہ پہر، پانی پینے پر,1,1,یکساں
r53,"COLDNESS, air, as from a draft","COLDNESS, air, as from a draft",پیٹ — ٹھنڈک، جیسے ہوا کے جھونکے سے,1,1,یکساں
r54,"COLDNESS, chill, during","COLDNESS, chill, during",پیٹ — ٹھنڈک، سردی لگنے کے دوران,18,18,یکساں
r55,"COLDNESS, cold drinks, after","COLDNESS, cold drinks, after",پیٹ — ٹھنڈک، ٹھنڈے مشروبات کے بعد,3,3,یکساں
r57,"COLDNESS, dashed with water, as if","COLDNESS, dashed with water, as if",پیٹ — ٹھنڈک، جیسے پانی سے تر کیا گیا ہو,1,1,یکساں
r58,"COLDNESS, drinking, after","COLDNESS, drinking, after",پیٹ — ٹھنڈک، پینے کے بعد,3,3,یکساں
r60,"COLDNESS, eating, after","COLDNESS, eating, after",پیٹ — ٹھنڈک، کھانے کے بعد,4,4,یکساں
r49,"COLDNESS, evening","COLDNESS, evening",پیٹ — ٹھنڈک، شام,2,2,یکساں
o59,"COLDNESS, extending, across","COLDNESS, extending across",پیٹ — ٹھنڈک، پھیلتی ہوئی، آڑی (چوڑائی میں),1,1,یکساں
r61,"COLDNESS, external","COLDNESS, external",پیٹ — ٹھنڈک، باہر سے,3,3,یکساں
r62,"COLDNESS, heat, during","COLDNESS, heat, during",پیٹ — ٹھنڈک، گرمی کے دوران,1,1,یکساں
r77,"COLDNESS, hypochondria","COLDNESS, Hypochondria",پیٹ — ٹھنڈک، بغل کے نچلے حصے میں,2,2,یکساں
r78,"COLDNESS, hypogastrium","COLDNESS, Hypogastrium",پیٹ — ٹھنڈک، ناف کے نیچے کے حصے میں,1,1,یکساں
r79,"COLDNESS, inguinal region","COLDNESS, Inguinal region",پیٹ — ٹھنڈک، کچھوں کا علاقہ,2,1,ماخذی مطابق کیے
r80,"COLDNESS, inguinal region, becoming burning","COLDNESS, Inguinal region, becoming burning",پیٹ — ٹھنڈک، کچھوں کا علاقہ، جلن میں بدلتی ہوئی,1,1,یکساں
r63,"COLDNESS, inspiration, on every","COLDNESS, inspiration, on every",پیٹ — ٹھنڈک، ہر سانس اندر لینے پر,1,1,یکساں
r81,"COLDNESS, liver, region of","COLDNESS, Liver, region of",پیٹ — ٹھنڈک، جگر کا علاقہ,2,2,یکساں
r64,"COLDNESS, menses, during","COLDNESS, menses, during",پیٹ — ٹھنڈک، حیض کے دوران,1,1,یکساں
r46,"COLDNESS, morning","COLDNESS, morning",پیٹ — ٹھنڈک، صبح,2,2,یکساں
r50,"COLDNESS, night","COLDNESS, night",پیٹ — ٹھنڈک، رات,2,1,ماخذی مطابق کیے
r51,"COLDNESS, night, bed, in","COLDNESS, night, bed, in",پیٹ — ٹھنڈک، رات، بستر میں,1,1,یکساں
r52,"COLDNESS, night, midnight","COLDNESS, night, midnight",پیٹ — ٹھنڈک، رات، آدھی رات,1,1,یکساں
r65,"COLDNESS, one side only","COLDNESS, one side only",پیٹ — ٹھنڈک، صرف ایک طرف,1,1,یکساں
r82,"COLDNESS, sides","COLDNESS, Sides",پیٹ — ٹھنڈک، پہلوؤں میں,5,5,ماخذی مطابق کیے
r83,"COLDNESS, sides, left","COLDNESS, Sides, left",پیٹ — ٹھنڈک، بائیں پہلو میں,1,1,یکساں
r66,"COLDNESS, stool, before","COLDNESS, stool, before",پیٹ — ٹھنڈک، پاخانے سے پہلے,1,1,یکساں
r84,"COLDNESS, umbilicus","COLDNESS, Umbilicus",پیٹ — ٹھنڈک، ناف میں,7,4,ماخذی مطابق کیے
r86,"COLDNESS, umbilicus, region of","COLDNESS, Umbilicus, region of",پیٹ — ٹھنڈک، ناف کا علاقہ,5,5,یکساں
r87,"COLDNESS, umbilicus, region of, stool, after","COLDNESS, Umbilicus, region of, stool, after",پیٹ — ٹھنڈک، ناف کا علاقہ، پاخانے کے بعد,1,1,یکساں
r85,"COLDNESS, umbilicus, walking, while","COLDNESS, Umbilicus, walking, while",پیٹ — ٹھنڈک، ناف میں، چلتے ہوئے,1,1,یکساں
r68,"COLDNESS, uncovered, as if","COLDNESS, uncovered, as if",پیٹ — ٹھنڈک، جیسے کھلا (ننگا) ہو,2,2,یکساں
r69,"COLDNESS, walking in open air amel.","COLDNESS, walking in open air amel.",پیٹ — ٹھنڈک، کھلی ہوا میں چلنے سے آرام,1,1,یکساں
r70,"COLDNESS, warmth, of stove amel.","COLDNESS, warmth, of stove amel.",پیٹ — ٹھنڈک، بھٹی (چولہے) کی گرمائش سے آرام,1,1,یکساں
r71,"COLDNESS, water, as if cold, running through","COLDNESS, water, as if cold, running through",پیٹ — ٹھنڈک، جیسے اندر سے ٹھنڈا پانی بہہ رہا ہو,2,2,یکساں
r88,COLIC (See Pain),COLIC (See Pain),پیٹ — مروڑ (پیٹ کا درد),0,0,یکساں
r89,CONSTRICTION,CONSTRICTION,پیٹ — جکڑن,77,52,ماخذی مطابق کیے
r93,"CONSTRICTION, cough, during","CONSTRICTION, cough, during",پیٹ — جکڑن، کھانسی کے دوران,1,1,یکساں
o92,"CONSTRICTION, extending to, bladder","CONSTRICTION, extending to bladder",پیٹ — جکڑن، پھیلتی ہوئی، مثانے تک,1,1,یکساں
r94,"CONSTRICTION, fasting","CONSTRICTION, fasting",پیٹ — جکڑن، فاقے کے دوران,1,1,یکساں
r95,"CONSTRICTION, flatus, passing, amel.","CONSTRICTION, flatus, passing, amel.",پیٹ — جکڑن، ریاح نکلنے سے آرام,1,1,یکساں
r110,"CONSTRICTION, hypochondria","CONSTRICTION, Hypochondria",پیٹ — جکڑن، بغل کے نچلے حصے میں,24,17,ماخذی مطابق کیے
r113,"CONSTRICTION, hypochondria, bandage, as if","CONSTRICTION, Hypochondria, bandage, as if",پیٹ — جکڑن، بغل کے نچلے حصے میں، جیسے پٹی بندھی ہو,10,9,ماخذی مطابق کیے
r114,"CONSTRICTION, hypochondria, bandage, as if, supper, after","CONSTRICTION, Hypochondria, bandage, as if, supper, after",پیٹ — جکڑن، بغل کے نچلے حصے میں، جیسے پٹی بندھی ہو، رات کے کھانے کے بعد,1,1,یکساں
r115,"CONSTRICTION, hypochondria, cough, during","CONSTRICTION, Hypochondria, cough, during",پیٹ — جکڑن، بغل کے نچلے حصے میں، کھانسی کے دوران,1,1,یکساں
r117,"CONSTRICTION, hypochondria, extending to umbilicus","CONSTRICTION, Hypochondria, extending to umbilicus",پیٹ — جکڑن، بغل کے نچلے حصے میں، ناف تک پھیلتی ہوئی,1,1,یکساں
r116,"CONSTRICTION, hypochondria, laced, as if","CONSTRICTION, Hypochondria, laced, as if",پیٹ — جکڑن، بغل کے نچلے حصے میں، جیسے تسمے سے کسا ہو,1,1,یکساں
r112,"CONSTRICTION, hypochondria, morning","CONSTRICTION, Hypochondria, morning",پیٹ — جکڑن، بغل کے نچلے حصے میں، صبح,1,1,یکساں
r111,"CONSTRICTION, hypochondria, right","CONSTRICTION, Hypochondria, right",پیٹ — جکڑن، بغل کے نچلے حصے میں، دائیں طرف,1,1,یکساں
r118,"CONSTRICTION, hypogastrium","CONSTRICTION, Hypogastrium",پیٹ — جکڑن، ناف کے نیچے کے حصے میں,10,10,یکساں
r120,"CONSTRICTION, hypogastrium, evening","CONSTRICTION, Hypogastrium, evening",پیٹ — جکڑن، ناف کے نیچے کے حصے میں، شام,1,1,یکساں
r119,"CONSTRICTION, hypogastrium, forenoon","CONSTRICTION, Hypogastrium, forenoon",پیٹ — جکڑن، ناف کے نیچے کے حصے میں، دوپہر سے پہلے,1,1,یکساں
r121,"CONSTRICTION, inguinal region","CONSTRICTION, Inguinal region",پیٹ — جکڑن، کچھوں کا علاقہ,6,6,ماخذی مطابق کیے
r123,"CONSTRICTION, inguinal region, extending around pelvis","CONSTRICTION, Inguinal region, extending around pelvis",پیٹ — جکڑن، کچھوں کا علاقہ، کولھے کے گرد پھیلتی ہوئی,1,1,یکساں
r122,"CONSTRICTION, inguinal region, stretching out amel.","CONSTRICTION, Inguinal region, stretching out amel.",پیٹ — جکڑن، کچھوں کا علاقہ، تانی لینے سے آرام,1,1,یکساں
r96,"CONSTRICTION, lying, while","CONSTRICTION, lying, while",پیٹ — جکڑن، لیٹے ہوئے,1,1,یکساں
r97,"CONSTRICTION, menses, during","CONSTRICTION, menses, during",پیٹ — جکڑن، حیض کے دوران,4,4,یکساں
r90,"CONSTRICTION, morning","CONSTRICTION, morning",پیٹ — جکڑن، صبح,1,1,یکساں
r91,"CONSTRICTION, night","CONSTRICTION, night",پیٹ — جکڑن، رات,3,2,ماخذی مطابق کیے
r92,"CONSTRICTION, night, 4 a.m.","CONSTRICTION, night, 4 a.m.",پیٹ — جکڑن، رات 4 بجے,1,1,یکساں
r98,"CONSTRICTION, rhythmical","CONSTRICTION, rhythmical",پیٹ — جکڑن، باقاعدہ وقفوں سے,1,1,یکساں
r99,"CONSTRICTION, rising agg.","CONSTRICTION, rising agg.",پیٹ — جکڑن، اٹھنے سے بگاڑ,1,1,یکساں
r124,"CONSTRICTION, sides, below short ribs, extending to abdomen","CONSTRICTION, Sides, below short ribs, extending to abdomen",پیٹ — جکڑن، چھوٹی پسلیوں کے نیچے، پیٹ تک پھیلتی ہوئی,1,1,یکساں
r100,"CONSTRICTION, stool, during","CONSTRICTION, stool, during",پیٹ — جکڑن، پاخانے کے دوران,1,1,یکساں
r103,"CONSTRICTION, string, as by a","CONSTRICTION, string, as by a",پیٹ — جکڑن، جیسے کسی تار سے,4,2,ماخذی مطابق کیے
r104,"CONSTRICTION, string, as by a, as if intestines","CONSTRICTION, string, as by a, as if intestines",پیٹ — جکڑن، جیسے آنتیں تار سے بندھی ہوں,2,2,یکساں
r125,"CONSTRICTION, umbilicus","CONSTRICTION, Umbilicus",پیٹ — جکڑن، ناف میں,12,6,ماخذی مطابق کیے
r126,"CONSTRICTION, umbilicus, region of","CONSTRICTION, Umbilicus, region of",پیٹ — جکڑن، ناف کا علاقہ,9,9,یکساں
r105,"CONSTRICTION, walking","CONSTRICTION, walking",پیٹ — جکڑن، چلنے سے,2,1,ماخذی مطابق کیے
r106,"CONSTRICTION, walking, in open air, while","CONSTRICTION, walking, in open air, while",پیٹ — جکڑن، کھلی ہوا میں چلتے ہوئے,1,1,یکساں
r127,CONTRACTION,CONTRACTION,پیٹ — سکڑاؤ,59,43,ماخذی مطابق کیے
r133,"CONTRACTION, bed, on going to","CONTRACTION, bed, on going to",پیٹ — سکڑاؤ، بستر میں جاتے وقت,1,1,یکساں
r134,"CONTRACTION, coughing, on","CONTRACTION, coughing, on",پیٹ — سکڑاؤ، کھانسنے پر,3,3,یکساں
r130,"CONTRACTION, forenoon","CONTRACTION, forenoon",پیٹ — سکڑاؤ، دوپہر سے پہلے,1,1,یکساں
r131,"CONTRACTION, forenoon, walking in open air","CONTRACTION, forenoon, walking in open air",پیٹ — سکڑاؤ، دوپہر سے پہلے، کھلی ہوا میں چلتے ہوئے,1,1,یکساں
r143,"CONTRACTION, hypochondria, during menses","CONTRACTION, Hypochondria, during menses",پیٹ — سکڑاؤ، بغل کے نچلے حصے میں، حیض کے دوران,1,1,یکساں
r144,"CONTRACTION, inguinal region","CONTRACTION, Inguinal region",پیٹ — سکڑاؤ، کچھوں کا علاقہ,7,5,ماخذی مطابق کیے
r145,"CONTRACTION, inguinal region, dinner, after","CONTRACTION, Inguinal region, dinner, after",پیٹ — سکڑاؤ، کچھوں کا علاقہ، دوپہر کے کھانے کے بعد,1,1,یکساں
r150,"CONTRACTION, inguinal region, extending downward","CONTRACTION, Inguinal region, extending downward",پیٹ — سکڑاؤ، کچھوں کا علاقہ، نیچے کی طرف پھیلتا ہوا,1,1,یکساں
r146,"CONTRACTION, inguinal region, menses, during","CONTRACTION, Inguinal region, menses, during",پیٹ — سکڑاؤ، کچھوں کا علاقہ، حیض کے دوران,1,1,یکساں
r147,"CONTRACTION, inguinal region, stretching out leg, on","CONTRACTION, Inguinal region, stretching out leg, on",پیٹ — سکڑاؤ، کچھوں کا علاقہ، ٹانگ تانی لینے پر,1,1,یکساں
r148,"CONTRACTION, inguinal region, urination, during","CONTRACTION, Inguinal region, urination, during",پیٹ — سکڑاؤ، کچھوں کا علاقہ، پیشاب کے دوران,1,1,یکساں
r149,"CONTRACTION, inguinal region, walking, while","CONTRACTION, Inguinal region, walking, while",پیٹ — سکڑاؤ، کچھوں کا علاقہ، چلتے ہوئے,1,1,یکساں
r135,"CONTRACTION, lying on abdomen amel.","CONTRACTION, lying on abdomen amel.",پیٹ — سکڑاؤ، پیٹ کے بل لیٹنے سے آرام,1,1,یکساں
r136,"CONTRACTION, menses, before","CONTRACTION, menses, before",پیٹ — سکڑاؤ، حیض سے پہلے,3,3,یکساں
r128,"CONTRACTION, morning","CONTRACTION, morning",پیٹ — سکڑاؤ، صبح,2,1,ماخذی مطابق کیے
r129,"CONTRACTION, morning, waking, on","CONTRACTION, morning, waking, on",پیٹ — سکڑاؤ، صبح جاگتے ہی,1,1,یکساں
r151,"CONTRACTION, muscles","CONTRACTION, Muscles",پیٹ — سکڑاؤ، پٹھوں کا,5,5,یکساں
r152,"CONTRACTION, muscles, walking, while","CONTRACTION, Muscles, walking, while",پیٹ — سکڑاؤ، پٹھوں کا، چلتے ہوئے,1,1,یکساں
r132,"CONTRACTION, night","CONTRACTION, night",پیٹ — سکڑاؤ، رات,1,1,یکساں
r138,"CONTRACTION, rhythmic, with palpitation","CONTRACTION, rhythmic, with palpitation",پیٹ — سکڑاؤ، باقاعدہ وقفوں سے، دھڑکن کے ساتھ,1,1,یکساں
r139,"CONTRACTION, stool, during","CONTRACTION, stool, during",پیٹ — سکڑاؤ، پاخانے کے دوران,1,1,یکساں
r153,"CONTRACTION, umbilicus","CONTRACTION, Umbilicus",پیٹ — سکڑاؤ، ناف میں,14,14,یکساں
r154,"CONTRACTION, umbilicus, as of a hard twisted ball","CONTRACTION, Umbilicus, as of a hard twisted ball",پیٹ — سکڑاؤ، ناف میں، جیسے سخت بل کھائی ہوئی گیند ہو,1,1,یکساں
r155,"CONTRACTION, umbilicus, sleep, during","CONTRACTION, Umbilicus, sleep, during",پیٹ — سکڑاؤ، ناف میں، نیند کے دوران,1,1,یکساں
r141,"CONTRACTION, walking, while","CONTRACTION, walking, while",پیٹ — سکڑاؤ، چلتے ہوئے,2,2,یکساں
r156,"CORD connecting anus and navel sensation of, with cutting when straightening up, when bent forward","CORD connecting anus and navel sensation of, with cutting when straightening up, when bent forward",پیٹ — جیسے مقعد اور ناف کے درمیان رسہ بندھا ہو، سیدھے ہوتے وقت کاٹنے کے ساتھ، آگے جھکنے پر,1,1,یکساں
r157,COVERING agg.,COVERING agg.,پیٹ — ڈھانپنے سے بگاڑ,3,3,یکساں
r158,"COVERING agg., amel. (See Coldness)","COVERING agg., amel. (See Coldness)",پیٹ — ڈھانپنے سے بگاڑ، نیز آرام,0,0,یکساں
r159,CRACKS on surface of abdomen,CRACKS on surface of abdomen,پیٹ — پیٹ کی سطح پر دراڑیں,1,1,یکساں
r160,CRAMP (See Pain),CRAMP (See Pain),پیٹ — اینٹھن,0,0,یکساں
r161,CRAWLING (See Formication),CRAWLING (See Formication),پیٹ — چیونٹیاں رینگنے کا احساس,0,0,یکساں
r162,CROAKING (See Rumbling),CROAKING (See Rumbling),پیٹ — ٹرٹرانا (مینڈک جیسی آواز),0,0,یکساں
o166,"DIARRHOEA, sensation as if, would come on","DIARRHŒA, sensation as if, would come on",پیٹ — دست، جیسے آنے ہوں، آنے لگیں ایسا لگے,76,76,یکساں
r167,DISCHARGE from umbilicus,DISCHARGE from umbilicus,پیٹ — ناف سے اخراج,8,8,ماخذی مطابق کیے
r168,"DISCHARGE from umbilicus, bloody fluid","DISCHARGE from umbilicus, bloody fluid",پیٹ — ناف سے اخراج، خون آلود رطوبت,3,3,یکساں
r169,"DISCOLORATION, blackness","DISCOLORATION, blackness",پیٹ — رنگت بدلنا، سیاہی,1,1,یکساں
r170,"DISCOLORATION, blackness, in spots","DISCOLORATION, blackness, in spots",پیٹ — رنگت بدلنا، سیاہی، دھبوں میں,1,1,یکساں
r181,DISTENSION,DISTENSION,پیٹ — پھیلاؤ (اپھارا),215,195,ماخذی مطابق کیے
r209,"DISTENSION, after","DISTENSION, after",پیٹ — پھیلاؤ، بعد میں,66,58,ماخذی مطابق کیے
r189,"DISTENSION, afternoon","DISTENSION, afternoon",پیٹ — پھیلاؤ، سہ پہر,20,18,ماخذی مطابق کیے
r191,"DISTENSION, afternoon, 4 p.m.","DISTENSION, afternoon, 4 p.m.",پیٹ — پھیلاؤ، سہ پہر 4 بجے,1,1,یکساں
r190,"DISTENSION, afternoon, eating, after","DISTENSION, afternoon, eating, after",پیٹ — پھیلاؤ، سہ پہر، کھانے کے بعد,1,1,یکساں
r199,"DISTENSION, beer, after","DISTENSION, beer, after",پیٹ — پھیلاؤ، بیئر کے بعد,1,1,یکساں
r201,"DISTENSION, breakfast, after","DISTENSION, breakfast, after",پیٹ — پھیلاؤ، ناشتے کے بعد,3,3,یکساں
r200,"DISTENSION, breakfast, during","DISTENSION, breakfast, during",پیٹ — پھیلاؤ، ناشتے کے دوران,1,1,یکساں
r202,"DISTENSION, children, in","DISTENSION, children, in",پیٹ — پھیلاؤ، بچوں میں,8,8,یکساں
r203,"DISTENSION, chill, during","DISTENSION, chill, during",پیٹ — پھیلاؤ، سردی لگنے کے دوران,9,9,یکساں
r204,"DISTENSION, constipation, during","DISTENSION, constipation, during",پیٹ — پھیلاؤ، قبض کے دوران,10,10,یکساں
r205,"DISTENSION, dinner, before","DISTENSION, dinner, before",پیٹ — پھیلاؤ، دوپہر کے کھانے سے پہلے,1,1,یکساں
r207,"DISTENSION, drinking, after","DISTENSION, drinking, after",پیٹ — پھیلاؤ، پینے کے بعد,7,7,یکساں
r208,"DISTENSION, eating, while","DISTENSION, eating, while",پیٹ — پھیلاؤ، کھاتے ہوئے,3,3,یکساں
r210,"DISTENSION, epileptic attack, before","DISTENSION, epileptic attack, before",پیٹ — پھیلاؤ، مرگی کے دورے سے پہلے,2,2,یکساں
r211,"DISTENSION, eructations amel.","DISTENSION, eructations amel.",پیٹ — پھیلاؤ، ڈکار سے آرام,3,3,یکساں
r192,"DISTENSION, evening","DISTENSION, evening",پیٹ — پھیلاؤ، شام,29,28,ماخذی مطابق کیے
r194,"DISTENSION, evening, 6 p.m.","DISTENSION, evening, 6 p.m.",پیٹ — پھیلاؤ، شام 6 بجے,1,1,یکساں
r195,"DISTENSION, evening, 7 p.m.","DISTENSION, evening, 7 p.m.",پیٹ — پھیلاؤ، شام 7 بجے,1,1,یکساں
r193,"DISTENSION, evening, lying, while","DISTENSION, evening, lying, while",پیٹ — پھیلاؤ، شام، لیٹے ہوئے,1,1,یکساں
r212,"DISTENSION, flatus, passing, amel.","DISTENSION, flatus, passing, amel.",پیٹ — پھیلاؤ، ریاح نکلنے سے آرام,14,14,یکساں
r185,"DISTENSION, forenoon","DISTENSION, forenoon",پیٹ — پھیلاؤ، دوپہر سے پہلے,2,2,یکساں
r213,"DISTENSION, heat, during the","DISTENSION, heat, during the",پیٹ — پھیلاؤ، گرمی کے دوران,2,2,یکساں
r238,"DISTENSION, hypochondria","DISTENSION, Hypochondria",پیٹ — پھیلاؤ، بغل کے نچلے حصے میں,18,11,ماخذی مطابق کیے
r240,"DISTENSION, hypochondria, left","DISTENSION, Hypochondria, left",پیٹ — پھیلاؤ، بائیں بغل کے نچلے حصے میں,4,4,یکساں
r239,"DISTENSION, hypochondria, right","DISTENSION, Hypochondria, right",پیٹ — پھیلاؤ، دائیں بغل کے نچلے حصے میں,6,6,یکساں
r241,"DISTENSION, hypogastrium","DISTENSION, Hypogastrium",پیٹ — پھیلاؤ، ناف کے نیچے کے حصے میں,27,26,ماخذی مطابق کیے
r242,"DISTENSION, hypogastrium, morning","DISTENSION, Hypogastrium, morning",پیٹ — پھیلاؤ، ناف کے نیچے کا حصہ، صبح,1,1,یکساں
r243,"DISTENSION, hypogastrium, stool, before","DISTENSION, Hypogastrium, stool, before",پیٹ — پھیلاؤ، ناف کے نیچے کا حصہ، پاخانے سے پہلے,1,1,یکساں
r245,"DISTENSION, inguinal region","DISTENSION, Inguinal region",پیٹ — پھیلاؤ، کچھوں کا علاقہ,4,4,یکساں
r246,"DISTENSION, inguinal region, sitting","DISTENSION, Inguinal region, sitting",پیٹ — پھیلاؤ، کچھوں کا علاقہ، بیٹھنے سے,2,2,یکساں
r214,"DISTENSION, labor, during","DISTENSION, labor, during",پیٹ — پھیلاؤ، زچگی کے درد کے دوران,1,1,یکساں
r216,"DISTENSION, menses, before","DISTENSION, menses, before",پیٹ — پھیلاؤ، حیض سے پہلے,14,14,یکساں
r220,"DISTENSION, mental exertion, from","DISTENSION, mental exertion, from",پیٹ — پھیلاؤ، ذہنی محنت سے,2,2,یکساں
r221,"DISTENSION, milk, after","DISTENSION, milk, after",پیٹ — پھیلاؤ، دودھ کے بعد,1,1,یکساں
r182,"DISTENSION, morning","DISTENSION, morning",پیٹ — پھیلاؤ، صبح,18,13,ماخذی مطابق کیے
r183,"DISTENSION, morning, fasting, while","DISTENSION, morning, fasting, while",پیٹ — پھیلاؤ، صبح، فاقے کے دوران,1,1,یکساں
r184,"DISTENSION, morning, waking, on","DISTENSION, morning, waking, on",پیٹ — پھیلاؤ، صبح جاگتے ہی,5,5,یکساں
r222,"DISTENSION, mortification, after","DISTENSION, mortification, after",پیٹ — پھیلاؤ، بے عزتی کے بعد,1,1,یکساں
r223,"DISTENSION, mothers, in","DISTENSION, mothers, in",پیٹ — پھیلاؤ، دودھ پلانے والی ماؤں میں,3,3,یکساں
r196,"DISTENSION, night","DISTENSION, night",پیٹ — پھیلاؤ، رات,12,8,ماخذی مطابق کیے
r197,"DISTENSION, night, midnight","DISTENSION, night, midnight",پیٹ — پھیلاؤ، رات، آدھی رات,4,2,ماخذی مطابق کیے
r198,"DISTENSION, night, midnight, after","DISTENSION, night, midnight, after",پیٹ — پھیلاؤ، رات، آدھی رات کے بعد,2,2,یکساں
r187,"DISTENSION, noon, sleep, after","DISTENSION, noon, sleep, after",پیٹ — پھیلاؤ، دوپہر، نیند کے بعد,1,1,یکساں
r188,"DISTENSION, noon, walking, while","DISTENSION, noon, walking, while",پیٹ — پھیلاؤ، دوپہر، چلتے ہوئے,1,1,یکساں
r224,"DISTENSION, painful","DISTENSION, painful",پیٹ — پھیلاؤ، دردناک,23,23,یکساں
r225,"DISTENSION, rising, on","DISTENSION, rising, on",پیٹ — پھیلاؤ، اٹھنے پر,1,1,یکساں
r247,"DISTENSION, sides","DISTENSION, Sides",پیٹ — پھیلاؤ، پہلوؤں میں,3,3,یکساں
r226,"DISTENSION, sitting, while","DISTENSION, sitting, while",پیٹ — پھیلاؤ، بیٹھے ہوئے,1,1,یکساں
r227,"DISTENSION, soup, after","DISTENSION, soup, after",پیٹ — پھیلاؤ، شوربے کے بعد,2,2,یکساں
r228,"DISTENSION, spots, in","DISTENSION, spots, in",پیٹ — پھیلاؤ، دھبوں میں,2,2,یکساں
r229,"DISTENSION, stool, before","DISTENSION, stool, before",پیٹ — پھیلاؤ، پاخانے سے پہلے,4,4,یکساں
r233,"DISTENSION, sudden","DISTENSION, sudden",پیٹ — پھیلاؤ، اچانک,2,2,یکساں
r234,"DISTENSION, supper, after","DISTENSION, supper, after",پیٹ — پھیلاؤ، رات کے کھانے کے بعد,6,6,یکساں
r235,"DISTENSION, tympanitic","DISTENSION, tympanitic",پیٹ — پھیلاؤ، ڈھول جیسا (ٹمپینک),62,62,یکساں
r248,"DISTENSION, umbilical region","DISTENSION, Umbilical region",پیٹ — پھیلاؤ، ناف کا علاقہ,8,8,یکساں
r236,"DISTENSION, urination, before","DISTENSION, urination, before",پیٹ — پھیلاؤ، پیشاب سے پہلے,1,1,یکساں
r237,"DISTENSION, walking in open air","DISTENSION, walking in open air",پیٹ — پھیلاؤ، کھلی ہوا میں چلتے ہوئے,1,1,یکساں
r249,DROPSY ascites,DROPSY ascites,پیٹ — پیٹ میں پانی (استسقاء)، جگر کی سختی کے ساتھ,62,61,ماخذی مطابق کیے
r251,"DROPSY ascites, induration of liver","DROPSY ascites, induration of liver",پیٹ — پیٹ میں پانی (استسقاء)، جگر کی سختی کے ساتھ,2,2,یکساں
r252,"DROPSY ascites, quinine, after the abuse of","DROPSY ascites, quinine, after the abuse of",پیٹ — پیٹ میں پانی، زیادہ کوئینین استعمال کرنے کے بعد,1,1,یکساں
r253,"DROPSY ascites, suffocation lying on left side","DROPSY ascites, suffocation lying on left side",پیٹ — پیٹ میں پانی، بائیں کروٹ لیٹنے پر گھٹن,1,1,یکساں
o258,"DROPSY ascites, with chronic diarrhoea","DROPSY ascites, with chronic diarrhœa",پیٹ — پیٹ میں پانی، پرانے دست کے ساتھ,2,2,یکساں
r255,EMACIATION of muscles of abdomen,EMACIATION of muscles of abdomen,پیٹ — پیٹ کے عضلات کا سوکھ جانا,1,1,یکساں
r256,EMPTINESS,EMPTINESS,پیٹ — خالی پن,63,55,ماخذی مطابق کیے
r263,"EMPTINESS, breakfast, after","EMPTINESS, breakfast, after",پیٹ — خالی پن، ناشتے کے بعد,2,2,یکساں
r264,"EMPTINESS, burning between shoulders","EMPTINESS, burning between shoulders",پیٹ — خالی پن، کندھوں کے بیچ جلن,1,1,یکساں
r267,"EMPTINESS, dinner, amel.","EMPTINESS, dinner, amel.",پیٹ — خالی پن، دوپہر کے کھانے سے آرام,1,1,یکساں
r265,"EMPTINESS, dinner, before","EMPTINESS, dinner, before",پیٹ — خالی پن، دوپہر کے کھانے سے پہلے,1,1,یکساں
r268,"EMPTINESS, eating, after","EMPTINESS, eating, after",پیٹ — خالی پن، کھانے کے بعد,5,5,یکساں
r270,"EMPTINESS, eructations amel.","EMPTINESS, eructations amel.",پیٹ — خالی پن، ڈکار سے آرام,2,2,یکساں
r280,"EMPTINESS, extending to vulva","EMPTINESS, extending to vulva",پیٹ — خالی پن، شرمگاہ تک پھیلتا ہوا,1,1,یکساں
r271,"EMPTINESS, flatus, passing, amel.","EMPTINESS, flatus, passing, amel.",پیٹ — خالی پن، ریاح نکلنے سے آرام,1,1,یکساں
r272,"EMPTINESS, lying on abdomen amel.","EMPTINESS, lying on abdomen amel.",پیٹ — خالی پن، پیٹ کے بل لیٹنے سے آرام,1,1,یکساں
r273,"EMPTINESS, menses, during","EMPTINESS, menses, during",پیٹ — خالی پن، حیض کے دوران,2,2,یکساں
r257,"EMPTINESS, morning","EMPTINESS, morning",پیٹ — خالی پن، صبح,5,3,ماخذی مطابق کیے
r258,"EMPTINESS, morning, rising, after","EMPTINESS, morning, rising, after",پیٹ — خالی پن، صبح، اٹھنے کے بعد,1,1,یکساں
r259,"EMPTINESS, morning, stool, after","EMPTINESS, morning, stool, after",پیٹ — خالی پن، صبح، پاخانے کے بعد,1,1,یکساں
r262,"EMPTINESS, night","EMPTINESS, night",پیٹ — خالی پن، رات,1,1,یکساں
r261,"EMPTINESS, noon, eating, after","EMPTINESS, noon, eating, after",پیٹ — خالی پن، دوپہر، کھانے کے بعد,3,3,یکساں
r274,"EMPTINESS, pressure amel.","EMPTINESS, pressure amel.",پیٹ — خالی پن، دباؤ سے آرام,3,3,یکساں
r275,"EMPTINESS, stool, after","EMPTINESS, stool, after",پیٹ — خالی پن، پاخانے کے بعد,26,26,یکساں
r277,"EMPTINESS, tightening clothing amel.","EMPTINESS, tightening clothing amel.",پیٹ — خالی پن، کپڑے کس کر باندھنے سے آرام,1,1,یکساں
r281,"EMPTINESS, umbilicus, region of","EMPTINESS, Umbilicus, region of",پیٹ — خالی پن، ناف کا علاقہ,1,1,یکساں
r278,"EMPTINESS, walking agg.","EMPTINESS, walking agg.",پیٹ — خالی پن، چلنے سے بگاڑ,2,2,یکساں
r279,"EMPTINESS, wrapping up the abdomen amel.","EMPTINESS, wrapping up the abdomen amel.",پیٹ — خالی پن، پیٹ کو لپیٹنے سے آرام,1,1,یکساں
r283,"ENLARGED, children","ENLARGED, children",پیٹ — بڑھا ہوا، بچوں میں,9,9,یکساں
r284,"ENLARGED, children, marasmus","ENLARGED, children, marasmus",پیٹ — بڑھا ہوا، بچوں میں، دودھ کی کمی کے مرض (مراسمس) میں,3,3,یکساں
r285,"ENLARGED, fat","ENLARGED, fat",پیٹ — بڑھا ہوا، چربی,2,2,یکساں
r287,"ENLARGED, liver","ENLARGED, Liver",پیٹ — بڑھا ہوا، جگر,54,54,یکساں
r289,"ENLARGED, liver, anger, after","ENLARGED, Liver, anger, after",پیٹ — بڑھا ہوا، جگر، غصے کے بعد,1,1,یکساں
r290,"ENLARGED, liver, children, in","ENLARGED, Liver, children, in",پیٹ — بڑھا ہوا، جگر، بچوں میں,2,2,یکساں
r288,"ENLARGED, liver, left lobe","ENLARGED, Liver, left lobe",پیٹ — بڑھا ہوا، جگر، بایاں حصہ,1,1,یکساں
r291,"ENLARGED, mesenterics","ENLARGED, Mesenterics",پیٹ — بڑھا ہوا، آنتوں کے پردے کے غدود,15,15,یکساں
r286,"ENLARGED, mothers","ENLARGED, mothers",پیٹ — بڑھا ہوا، دودھ پلانے والی ماؤں میں,3,3,یکساں
r292,"ENLARGED, spleen","ENLARGED, Spleen",پیٹ — بڑھا ہوا، تلی,43,43,یکساں
r293,"EPILEPSY, begins in","EPILEPSY, begins in",پیٹ — مرگی، پیٹ سے شروع ہوتی ہو,1,1,یکساں
r296,"ERUPTIONS, blotches","ERUPTIONS, blotches",پیٹ — دانے، چکتے,3,3,یکساں
r297,"ERUPTIONS, boils","ERUPTIONS, boils",پیٹ — دانے، پھوڑے,8,4,ماخذی مطابق کیے
r298,"ERUPTIONS, boils, inguinal region","ERUPTIONS, boils, inguinal region",پیٹ — دانے، پھوڑے، کچھوں کا علاقہ,6,6,یکساں
r299,"ERUPTIONS, crusts","ERUPTIONS, crusts",پیٹ — دانے، کھرنڈ,3,3,یکساں
r300,"ERUPTIONS, desquamating","ERUPTIONS, desquamating",پیٹ — دانے، چھلکے چھوٹنا,2,2,یکساں
r306,"ERUPTIONS, herpes, iliac region","ERUPTIONS, herpes, iliac region",پیٹ — دانے، ہرپیز، کولھے کی طرف,1,1,یکساں
r307,"ERUPTIONS, herpes, inguinal region","ERUPTIONS, herpes, inguinal region",پیٹ — دانے، ہرپیز، کچھوں کا علاقہ,1,1,یکساں
r302,"ERUPTIONS, herpes, ringworm","ERUPTIONS, herpes, ringworm",پیٹ — دانے، ہرپیز، داد (رِنگ ورم),2,2,یکساں
r303,"ERUPTIONS, herpes, zona","ERUPTIONS, herpes, zona",پیٹ — دانے، ہرپیز، زونا (چھچھک),7,6,ماخذی مطابق کیے
r304,"ERUPTIONS, herpes, zona, right side","ERUPTIONS, herpes, zona, right side",پیٹ — دانے، زونا، دائیں طرف,1,1,یکساں
r305,"ERUPTIONS, herpes, zona, warmth of bed agg.","ERUPTIONS, herpes, zona, warmth of bed agg.",پیٹ — دانے، زونا، بستر کی گرمائش سے بگاڑ,1,1,یکساں
r295,"ERUPTIONS, inguinal region","ERUPTIONS, Inguinal region",پیٹ — دانے، کچھوں کا علاقہ,5,5,یکساں
r308,"ERUPTIONS, itch-like","ERUPTIONS, itch-like",پیٹ — دانے، خارش جیسے,2,2,یکساں
r309,"ERUPTIONS, itching","ERUPTIONS, itching",پیٹ — دانے، خارش کے ساتھ,5,5,یکساں
r310,"ERUPTIONS, moist","ERUPTIONS, moist",پیٹ — دانے، گیلا,1,1,یکساں
r311,"ERUPTIONS, pimples","ERUPTIONS, pimples",پیٹ — دانے، پھنسیاں,15,15,ماخذی مطابق کیے
r312,"ERUPTIONS, pimples, itching","ERUPTIONS, pimples, itching",پیٹ — دانے، پھنسیاں، خارش کے ساتھ,5,5,یکساں
r313,"ERUPTIONS, pustular","ERUPTIONS, pustular",پیٹ — دانے، پیپ والے دانے,7,6,ماخذی مطابق کیے
r314,"ERUPTIONS, pustular, inguinal region","ERUPTIONS, pustular, inguinal region",پیٹ — دانے، پیپ والے دانے، کچھوں کا علاقہ,2,2,یکساں
r315,"ERUPTIONS, rash before menses","ERUPTIONS, rash before menses",پیٹ — دانے، حیض سے پہلے ریش (دانے),2,2,یکساں
r318,"ERUPTIONS, scales","ERUPTIONS, scales",پیٹ — دانے، پپڑیاں,3,2,ماخذی مطابق کیے
r320,"ERUPTIONS, scales, inguinal region","ERUPTIONS, scales, inguinal region",پیٹ — دانے، پپڑیاں، کچھوں کا علاقہ,1,1,یکساں
r319,"ERUPTIONS, scales, yellow spots","ERUPTIONS, scales, yellow spots",پیٹ — دانے، پپڑیاں، زرد دھبے,1,1,یکساں
r321,"ERUPTIONS, urticaria","ERUPTIONS, urticaria",پیٹ — دانے، پِتّی,2,2,یکساں
r322,"ERUPTIONS, vesicles","ERUPTIONS, vesicles",پیٹ — دانے، آبلے,8,7,ماخذی مطابق کیے
r323,"ERUPTIONS, vesicles, inguinal region","ERUPTIONS, vesicles, inguinal region",پیٹ — دانے، آبلے، کچھوں کا علاقہ,1,1,یکساں
r324,ERYSIPELAS,ERYSIPELAS,پیٹ — سرخ بادہ (ایریسیپلس),1,1,یکساں
r325,"EXCORIATIONS, inguinal region","EXCORIATIONS, inguinal region",پیٹ — چھل جانا، کچھوں کا علاقہ,4,4,یکساں
r326,"EXCORIATIONS, inguinal region, menses, during","EXCORIATIONS, inguinal region, menses, during",پیٹ — چھل جانا، کچھوں کا علاقہ، حیض کے دوران,1,1,یکساں
r327,"EXCRESCENCE, moist umbilicus","EXCRESCENCE, moist umbilicus",پیٹ — بڑھوتری، گیلی ناف,1,1,یکساں
r328,FAINT feeling in (See Emptiness),FAINT feeling in (See Emptiness),پیٹ — غشی جیسا احساس,0,0,یکساں
o333,"FALLING, down, sensation of","FALLING down, sensation of",پیٹ — گرنے کا احساس، نیچے کو,3,3,یکساں
r336,"FASTING sensation (See Stomach, Emptiness)","FASTING sensation (See Stomach, Emptiness)",پیٹ — فاقے کا احساس (خالی پن),0,0,یکساں
r338,FATTY degeneration of liver,FATTY degeneration of liver,پیٹ — جگر کی چربی آلودگی,5,5,یکساں
r339,FERMENTATION (See Rumbling),FERMENTATION (See Rumbling),پیٹ — خمیر اٹھنے کا احساس,28,27,ماخذی مطابق کیے
r340,"FERMENTATION (See Rumbling), fruit, after","FERMENTATION (See Rumbling), fruit, after",پیٹ — خمیر اٹھنے کا احساس، پھل کے بعد,1,1,یکساں
r341,"FERMENTATION (See Rumbling), menses, during","FERMENTATION (See Rumbling), menses, during",پیٹ — خمیر اٹھنے کا احساس، حیض کے دوران,3,3,یکساں
r342,FISTULAE inguinal glands,FISTULÆ inguinal glands,پیٹ — کچھوں کے غدود کی نالیاں (فِسچولا),5,5,یکساں
r389,FLATTENED (See Retraction),FLATTENED (See Retraction),پیٹ — دبا ہوا (چپٹا),0,0,یکساں
r343,FLATULENCE,FLATULENCE (See Rumbling),پیٹ — ریاح (گیس),188,166,ماخذی مطابق کیے
r356,"FLATULENCE, acids, after","FLATULENCE (See Rumbling), acids, after",پیٹ — ریاح، تیزابی چیزوں کے بعد,1,1,یکساں
r349,"FLATULENCE, afternoon","FLATULENCE (See Rumbling), afternoon",پیٹ — ریاح، سہ پہر,7,5,ماخذی مطابق کیے
r352,"FLATULENCE, afternoon, 4 p.m.","FLATULENCE (See Rumbling), afternoon, 4 p.m.",پیٹ — ریاح، سہ پہر 4 بجے,1,1,یکساں
r350,"FLATULENCE, afternoon, eating, after","FLATULENCE (See Rumbling), afternoon, eating, after",پیٹ — ریاح، سہ پہر، کھانے کے بعد,1,1,یکساں
r351,"FLATULENCE, afternoon, stool, during","FLATULENCE (See Rumbling), afternoon, stool, during",پیٹ — ریاح، سہ پہر، پاخانے کے دوران,1,1,یکساں
r357,"FLATULENCE, aged people","FLATULENCE (See Rumbling), aged people",پیٹ — ریاح، بوڑھے لوگوں میں,2,2,یکساں
r358,"FLATULENCE, bath, after","FLATULENCE (See Rumbling), bath, after",پیٹ — ریاح، غسل کے بعد,1,1,یکساں
r359,"FLATULENCE, bed, rising from","FLATULENCE (See Rumbling), bed, rising from",پیٹ — ریاح، بستر سے اٹھنے پر,1,1,یکساں
r360,"FLATULENCE, breakfast, before","FLATULENCE (See Rumbling), breakfast, before",پیٹ — ریاح، ناشتے سے پہلے,1,1,یکساں
r387,"FLATULENCE, caecal region","FLATULENCE (See Rumbling), Cæcal region",پیٹ — ریاح، دائیں نچلے پیٹ کا علاقہ (سیکم),2,2,یکساں
r362,"FLATULENCE, dinner, after","FLATULENCE (See Rumbling), dinner, after",پیٹ — ریاح، دوپہر کے کھانے کے بعد,6,6,یکساں
r363,"FLATULENCE, eating, after","FLATULENCE (See Rumbling), eating, after",پیٹ — ریاح، کھانے کے بعد,21,21,یکساں
r353,"FLATULENCE, evening","FLATULENCE (See Rumbling), evening",پیٹ — ریاح، شام,22,22,یکساں
r347,"FLATULENCE, forenoon","FLATULENCE (See Rumbling), forenoon",پیٹ — ریاح، دوپہر سے پہلے,5,5,یکساں
r365,"FLATULENCE, fruit, from","FLATULENCE (See Rumbling), fruit, from",پیٹ — ریاح، پھل سے,1,1,یکساں
r366,"FLATULENCE, here and there","FLATULENCE (See Rumbling), here and there",پیٹ — ریاح، جگہ جگہ,2,2,یکساں
r388,"FLATULENCE, hypochondria","FLATULENCE (See Rumbling), Hypochondria",پیٹ — ریاح، بغل کے نچلے حصے میں,15,15,یکساں
r367,"FLATULENCE, menses, before","FLATULENCE (See Rumbling), menses, before",پیٹ — ریاح، حیض سے پہلے,1,1,یکساں
r369,"FLATULENCE, milk, after","FLATULENCE (See Rumbling), milk, after",پیٹ — ریاح، دودھ کے بعد,5,5,یکساں
r344,"FLATULENCE, morning","FLATULENCE (See Rumbling), morning",پیٹ — ریاح، صبح,14,11,ماخذی مطابق کیے
r345,"FLATULENCE, morning, bed, in","FLATULENCE (See Rumbling), morning, bed, in",پیٹ — ریاح، صبح، بستر میں,1,1,یکساں
r346,"FLATULENCE, morning, waking, on","FLATULENCE (See Rumbling), morning, waking, on",پیٹ — ریاح، صبح جاگتے ہی,4,4,یکساں
r354,"FLATULENCE, night","FLATULENCE (See Rumbling), night",پیٹ — ریاح، رات,25,25,ماخذی مطابق کیے
r355,"FLATULENCE, night, midnight","FLATULENCE (See Rumbling), night, midnight",پیٹ — ریاح، رات، آدھی رات,1,1,یکساں
r348,"FLATULENCE, noon","FLATULENCE (See Rumbling), noon",پیٹ — ریاح، دوپہر,1,1,یکساں
r370,"FLATULENCE, obstructed","FLATULENCE (See Rumbling), obstructed",پیٹ — ریاح، رُکی ہوئی,68,68,یکساں
r372,"FLATULENCE, obstructed, descending colon, with constipation","FLATULENCE (See Rumbling), obstructed, descending colon, with constipation",پیٹ — ریاح، رُکی ہوئی، بڑی آنت کے نچلے حصے میں، قبض کے ساتھ,5,5,یکساں
r371,"FLATULENCE, obstructed, with hard stool","FLATULENCE (See Rumbling), obstructed, with hard stool",پیٹ — ریاح، رُکی ہوئی، سخت پاخانے کے ساتھ,1,1,یکساں
r373,"FLATULENCE, riding in a carriage, while","FLATULENCE (See Rumbling), riding in a carriage, while",پیٹ — ریاح، بگھی میں سفر کرتے ہوئے,2,2,یکساں
r375,"FLATULENCE, siesta, after a","FLATULENCE (See Rumbling), siesta, after a",پیٹ — ریاح، دوپہر کی نیند کے بعد,1,1,یکساں
r376,"FLATULENCE, sitting, while","FLATULENCE (See Rumbling), sitting, while",پیٹ — ریاح، بیٹھے ہوئے,1,1,یکساں
r377,"FLATULENCE, sleep, during","FLATULENCE (See Rumbling), sleep, during",پیٹ — ریاح، نیند کے دوران,1,1,یکساں
r378,"FLATULENCE, sour food, from","FLATULENCE (See Rumbling), sour food, from",پیٹ — ریاح، کھٹے کھانے سے,1,1,یکساں
r379,"FLATULENCE, stool, before","FLATULENCE (See Rumbling), stool, before",پیٹ — ریاح، پاخانے سے پہلے,10,10,یکساں
r382,"FLATULENCE, supper, after","FLATULENCE (See Rumbling), supper, after",پیٹ — ریاح، رات کے کھانے کے بعد,4,4,یکساں
r383,"FLATULENCE, tea drinking","FLATULENCE (See Rumbling), tea drinking",پیٹ — ریاح، چائے پینے سے,1,1,یکساں
r384,"FLATULENCE, urination, during","FLATULENCE (See Rumbling), urination, during",پیٹ — ریاح، پیشاب کے دوران,1,1,یکساں
r385,"FLATULENCE, walking, while","FLATULENCE (See Rumbling), walking, while",پیٹ — ریاح، چلتے ہوئے,1,1,یکساں
r364,"FLATULENCE, eructations amel. (See Eructations Under Stomach)","FLATULENCE (See Rumbling), eructations amel. (See Eructations Under Stomach)",پیٹ — ریاح، ڈکار سے آرام,0,0,یکساں
r374,"FLATULENCE, rumbling (See Rumbling)","FLATULENCE (See Rumbling), rumbling (See Rumbling)",پیٹ — ریاح، آنتیوں کی غڑغڑاہٹ,0,0,یکساں
r390,FLUTTERING (See Trembling),FLUTTERING (See Trembling),پیٹ — پھڑپھڑاہٹ (لرزنا),0,0,یکساں
r391,FORMICATION,FORMICATION,پیٹ — چیونٹیاں رینگنے کا احساس,19,19,یکساں
r392,"FORMICATION, voluptuous","FORMICATION, voluptuous",پیٹ — چیونٹیاں رینگنے کا احساس، شہوانی,1,1,یکساں
r393,"FULLNESS, sensation of","FULLNESS, sensation of",پیٹ — بھراؤ، احساس,133,133,یکساں
r436,GALL stone colic (See Pain in Liver),GALL stone colic (See Pain in Liver),پیٹ — پتے کی پتھری کا درد,0,0,یکساں
r437,GANGRENE,GANGRENE,پیٹ — گلنا (گینگرین),5,5,یکساں
r438,"GANGRENE, liver","GANGRENE, Liver",پیٹ — گلنا (گینگرین)، جگر,1,1,یکساں
r439,GONENESS (See Emptiness),GONENESS (See Emptiness),پیٹ — دھنستے جانے کا احساس (خالی پن),0,0,یکساں
r440,GOOSESKIN (See Horripilation),GOOSESKIN (See Horripilation),پیٹ — رونگٹے کھڑے ہونا,0,0,یکساں
r441,GOUTY metastasis,GOUTY metastasis,پیٹ — گٹھیا کا دوسری جگہ منتقل ہونا (میٹاسٹیسس),1,1,یکساں
r442,GRIPING (See Pain),GRIPING (See Pain),پیٹ — مروڑ,0,0,یکساں
r443,GURGLING,GURGLING,پیٹ — غڑغڑاہٹ,81,68,ماخذی مطابق کیے
r447,"GURGLING, afternoon","GURGLING, afternoon",پیٹ — غڑغڑاہٹ، سہ پہر,3,2,ماخذی مطابق کیے
r448,"GURGLING, afternoon, 3 p.m.","GURGLING, afternoon, 3 p.m.",پیٹ — غڑغڑاہٹ، سہ پہر 3 بجے,1,1,یکساں
r451,"GURGLING, breakfast, after","GURGLING, breakfast, after",پیٹ — غڑغڑاہٹ، ناشتے کے بعد,1,1,یکساں
r452,"GURGLING, dinner, after","GURGLING, dinner, after",پیٹ — غڑغڑاہٹ، دوپہر کے کھانے کے بعد,2,2,یکساں
r453,"GURGLING, drinking, after","GURGLING, drinking, after",پیٹ — غڑغڑاہٹ، پینے کے بعد,1,1,یکساں
r449,"GURGLING, evening","GURGLING, evening",پیٹ — غڑغڑاہٹ، شام,1,1,یکساں
r445,"GURGLING, forenoon","GURGLING, forenoon",پیٹ — غڑغڑاہٹ، دوپہر سے پہلے,2,2,یکساں
r464,"GURGLING, hip, near the","GURGLING, Hip, near the",پیٹ — غڑغڑاہٹ، کولھے کے قریب,1,1,یکساں
r466,"GURGLING, hypochondria","GURGLING, Hypochondria",پیٹ — غڑغڑاہٹ، بغل کے نچلے حصے میں,3,3,ماخذی مطابق کیے
r467,"GURGLING, hypochondria, left","GURGLING, Hypochondria, left",پیٹ — غڑغڑاہٹ، بائیں بغل کے نچلے حصے میں,1,1,یکساں
r456,"GURGLING, inspiration, on","GURGLING, inspiration, on",پیٹ — غڑغڑاہٹ، سانس اندر لینے پر,3,3,یکساں
r444,"GURGLING, morning","GURGLING, morning",پیٹ — غڑغڑاہٹ، صبح,3,3,یکساں
r450,"GURGLING, night","GURGLING, night",پیٹ — غڑغڑاہٹ، رات,2,2,یکساں
r446,"GURGLING, noon","GURGLING, noon",پیٹ — غڑغڑاہٹ، دوپہر,1,1,یکساں
r459,"GURGLING, pressure, on","GURGLING, pressure, on",پیٹ — غڑغڑاہٹ، دبانے پر,1,1,یکساں
r468,"GURGLING, sides","GURGLING, Sides",پیٹ — غڑغڑاہٹ، پہلوؤں میں,8,8,یکساں
r469,"GURGLING, sides, left","GURGLING, Sides, left",پیٹ — غڑغڑاہٹ، بائیں پہلو میں,2,2,یکساں
r470,"GURGLING, sides, pressure, on","GURGLING, Sides, pressure, on",پیٹ — غڑغڑاہٹ، پہلوؤں میں، دبانے پر,1,1,یکساں
r471,"GURGLING, spleen","GURGLING, Spleen",پیٹ — غڑغڑاہٹ، تلی میں,1,1,یکساں
r460,"GURGLING, stool, before","GURGLING, stool, before",پیٹ — غڑغڑاہٹ، پاخانے سے پہلے,7,7,یکساں
r463,"GURGLING, walking, while","GURGLING, walking, while",پیٹ — غڑغڑاہٹ، چلتے ہوئے,1,1,یکساں
r473,HAMMERING (See Pulsating),HAMMERING (See Pulsating),پیٹ — ہتھوڑے جیسی دھڑکن,0,0,یکساں
r474,"HANGING down, as if intestines were","HANGING down, as if intestines were",پیٹ — لٹکنا، جیسے آنتیں لٹک رہی ہوں,5,5,یکساں
r475,HARD,HARD,پیٹ — سخت,106,75,ماخذی مطابق کیے
r478,"HARD, children","HARD, children",پیٹ — سخت، بچوں میں,2,2,یکساں
r479,"HARD, eating, after","HARD, eating, after",پیٹ — سخت، کھانے کے بعد,2,2,یکساں
r476,"HARD, evening","HARD, evening",پیٹ — سخت، شام,6,6,یکساں
r482,"HARD, hypochondria","HARD, Hypochondria",پیٹ — سخت، بغل کے نچلے حصے میں,9,7,ماخذی مطابق کیے
r485,"HARD, hypochondria, in intermittents","HARD, Hypochondria, in intermittents",پیٹ — سخت، بغل کے نچلے حصے میں، وقفے وقفے کے بخار میں,2,2,یکساں
r484,"HARD, hypochondria, left","HARD, Hypochondria, left",پیٹ — سخت، بائیں بغل کے نچلے حصے میں,1,1,یکساں
r483,"HARD, hypochondria, right","HARD, Hypochondria, right",پیٹ — سخت، دائیں بغل کے نچلے حصے میں,1,1,یکساں
r486,"HARD, hypogastrium","HARD, Hypogastrium",پیٹ — سخت، ناف کے نیچے کے حصے میں,3,3,یکساں
r487,"HARD, inguinal region","HARD, Inguinal region",پیٹ — سخت، کچھوں کا علاقہ,3,3,یکساں
r488,"HARD, liver","HARD, Liver",پیٹ — سخت، جگر,30,30,یکساں
r489,"HARD, liver, left lobe","HARD, Liver, left lobe",پیٹ — سخت، جگر، بایاں حصہ,1,1,یکساں
r480,"HARD, menses, before","HARD, menses, before",پیٹ — سخت، حیض سے پہلے,1,1,یکساں
r477,"HARD, night","HARD, night",پیٹ — سخت، رات,2,2,یکساں
r490,"HARD, pancreas","HARD, Pancreas",پیٹ — سخت، لبلبہ (پینکریاس),2,2,یکساں
r491,"HARD, side, right","HARD, Side, right",پیٹ — سخت، دائیں طرف,1,1,یکساں
r492,"HARD, spleen","HARD, Spleen",پیٹ — سخت، تلی,12,12,یکساں
r493,"HARD, umbilicus","HARD, Umbilicus",پیٹ — سخت، ناف میں,3,3,یکساں
r494,"HARD body, sensation of, moving in","HARD body, sensation of, moving in",پیٹ — سخت جسمانی حصے کا احساس، اندر حرکت کرتا ہوا,2,2,یکساں
r496,HARDNESS (induration) mesenteric glands,HARDNESS (induration) mesenteric glands,پیٹ — سختی، آنتوں کے پردے کے غدود,8,8,یکساں
r497,HEAT,HEAT,پیٹ — گرمی,117,93,ماخذی مطابق کیے
r500,"HEAT, afternoon","HEAT, afternoon",پیٹ — گرمی، سہ پہر,1,1,یکساں
r502,"HEAT, alternating with coldness","HEAT, alternating with coldness",پیٹ — گرمی، سردی کے ساتھ باری باری,1,1,یکساں
r503,"HEAT, constipation, during","HEAT, constipation, during",پیٹ — گرمی، قبض کے دوران,1,1,یکساں
r504,"HEAT, dinner, during","HEAT, dinner, during",پیٹ — گرمی، دوپہر کے کھانے کے دوران,1,1,یکساں
r506,"HEAT, eating, after","HEAT, eating, after",پیٹ — گرمی، کھانے کے بعد,1,1,یکساں
r516,"HEAT, extending to chest","HEAT, extending to chest",پیٹ — گرمی، سینے تک پھیلتی ہوئی,7,7,یکساں
r507,"HEAT, fever, during","HEAT, fever, during",پیٹ — گرمی، بخار کے دوران,11,11,یکساں
r508,"HEAT, flashes of","HEAT, flashes of",پیٹ — گرمی کی لہریں (فلش),6,5,ماخذی مطابق کیے
o501,"HEAT, flashes of, as if hot water pouring into abdomen from chest followed by diarrhoea","HEAT, flashes of, as if hot water pouring into abdomen from chest followed by diarrhœa",پیٹ — گرمی کی لہریں، جیسے سینے سے گرم پانی پیٹ میں ڈالا جا رہا ہو، پھر دست,1,1,یکساں
r509,"HEAT, flashes of, as of hot water flowing in","HEAT, flashes of, as of hot water flowing in",پیٹ — گرمی کی لہریں، جیسے گرم پانی اندر بہہ رہا ہو,1,1,یکساں
r499,"HEAT, forenoon","HEAT, forenoon",پیٹ — گرمی، دوپہر سے پہلے,3,3,یکساں
r519,"HEAT, hypochondria","HEAT, Hypochondria",پیٹ — گرمی، بغل کے نچلے حصے میں,9,8,ماخذی مطابق کیے
r522,"HEAT, hypochondria, flushes rise from","HEAT, Hypochondria, flushes rise from",پیٹ — گرمی، بغل کے نچلے حصے سے لپٹیں اٹھتی ہیں,1,1,یکساں
r521,"HEAT, hypochondria, left","HEAT, Hypochondria, left",پیٹ — گرمی، بائیں بغل کے نچلے حصے میں,1,1,یکساں
r520,"HEAT, hypochondria, right","HEAT, Hypochondria, right",پیٹ — گرمی، دائیں بغل کے نچلے حصے میں,2,2,یکساں
r523,"HEAT, hypogastrium","HEAT, Hypogastrium",پیٹ — گرمی، ناف کے نیچے کے حصے میں,6,6,یکساں
r524,"HEAT, hypogastrium, menses, during, must have it uncovered","HEAT, Hypogastrium, menses, during, must have it uncovered",پیٹ — گرمی، ناف کے نیچے کا حصہ، حیض کے دوران، کھلا رکھنا پڑے,1,1,یکساں
r525,"HEAT, inguinal region","HEAT, Inguinal region",پیٹ — گرمی، کچھوں کا علاقہ,4,4,یکساں
r526,"HEAT, liver, in, sensation of","HEAT, Liver, in, sensation of",پیٹ — گرمی، جگر میں گرمی کا احساس,3,3,یکساں
r511,"HEAT, menses, before","HEAT, menses, before",پیٹ — گرمی، حیض سے پہلے,2,2,یکساں
r498,"HEAT, morning","HEAT, morning",پیٹ — گرمی، صبح,2,2,یکساں
r501,"HEAT, night","HEAT, night",پیٹ — گرمی، رات,2,2,یکساں
r513,"HEAT, smoking, while","HEAT, smoking, while",پیٹ — گرمی، سگریٹ پیتے ہوئے,1,1,یکساں
r514,"HEAT, soup, after","HEAT, soup, after",پیٹ — گرمی، شوربے کے بعد,1,1,یکساں
r527,"HEAT, spleen","HEAT, Spleen",پیٹ — گرمی، تلی,1,1,یکساں
r528,"HEAT, umbilicus","HEAT, Umbilicus",پیٹ — گرمی، ناف میں,5,5,یکساں
r529,"HEAT, umbilicus, extending to chest","HEAT, Umbilicus, extending to chest",پیٹ — گرمی، ناف میں، سینے تک پھیلتی ہوئی,1,1,یکساں
r515,"HEAT, uncovering amel.","HEAT, uncovering amel.",پیٹ — گرمی، کھولنے (ننگا کرنے) سے آرام,3,3,یکساں
r3283,"HEAVINESS, as from a load, etc.","HEAVINESS, as from a load, etc.",پیٹ — بھاری پن، جیسے بوجھ سے,74,74,یکساں
r564,"HEAVY, as if something lying on left side of","HEAVY, as if something lying on left side of",پیٹ — وزنی، جیسے بائیں طرف کوئی چیز رکھی ہو,1,1,یکساں
r565,"HERNIA, femoral","HERNIA, femoral",پیٹ — ہرنیا، ران کی طرف (فیمورل),2,2,یکساں
r472,HÆMORRHAGE (See Stool),HÆMORRHAGE (See Stool),پیٹ — خون کا بہاؤ (پیٹ سے),0,0,یکساں
r576,HOLLOW (See Emptiness),HOLLOW (See Emptiness),پیٹ — خالی پن,0,0,یکساں
r577,HORRIPILATION,HORRIPILATION,پیٹ — رونگٹے کھڑے ہونا,1,1,یکساں
r578,IMPACTION,IMPACTION,پیٹ — پاخانے کا رک جانا (جمع ہونا),6,6,یکساں
r579,INDURATION (See Hard),INDURATION (See Hard),پیٹ — سختی,0,0,یکساں
r592,INTUSSUSCEPTION,INTUSSUSCEPTION,پیٹ — آنت کا دھنس جانا (اِنٹوسسیپشن),25,25,یکساں
r593,ITCHING,ITCHING,پیٹ — خارش,79,43,ماخذی مطابق کیے
r594,"ITCHING, daytime","ITCHING, daytime",پیٹ — خارش، دن کے وقت,1,1,یکساں
r601,"ITCHING, dinner, after","ITCHING, dinner, after",پیٹ — خارش، دوپہر کے کھانے کے بعد,1,1,یکساں
r597,"ITCHING, evening","ITCHING, evening",پیٹ — خارش، شام,5,4,ماخذی مطابق کیے
r598,"ITCHING, evening, undressing, while","ITCHING, evening, undressing, while",پیٹ — خارش، شام، کپڑے اتارتے وقت,2,2,یکساں
r603,"ITCHING, hip, region of","ITCHING, Hip, region of",پیٹ — خارش، کولھے کا علاقہ,1,1,یکساں
r604,"ITCHING, hypochondria","ITCHING, Hypochondria",پیٹ — خارش، بغل کے نچلے حصے میں,2,2,یکساں
r605,"ITCHING, hypochondria, night","ITCHING, Hypochondria, night",پیٹ — خارش، بغل کے نچلے حصے میں، رات,1,1,یکساں
r606,"ITCHING, hypogastrium","ITCHING, Hypogastrium",پیٹ — خارش، ناف کے نیچے کے حصے میں,13,13,یکساں
r607,"ITCHING, hypogastrium, scratching amel.","ITCHING, Hypogastrium, scratching amel.",پیٹ — خارش، ناف کے نیچے کا حصہ، کھرچنے سے آرام,1,1,یکساں
r608,"ITCHING, hypogastrium, walking agg.","ITCHING, Hypogastrium, walking agg.",پیٹ — خارش، ناف کے نیچے کا حصہ، چلنے سے بگاڑ,1,1,یکساں
r609,"ITCHING, iliac region","ITCHING, Iliac region",پیٹ — خارش، کولھے کی طرف,4,3,ماخذی مطابق کیے
r610,"ITCHING, iliac region, right","ITCHING, Iliac region, right",پیٹ — خارش، دائیں کولھے کی طرف,1,1,یکساں
r611,"ITCHING, inguinal region","ITCHING, Inguinal region",پیٹ — خارش، کچھوں کا علاقہ,20,15,ماخذی مطابق کیے
r615,"ITCHING, inguinal region, bed, in","ITCHING, Inguinal region, bed, in",پیٹ — خارش، کچھوں کا علاقہ، بستر میں,2,2,یکساں
r614,"ITCHING, inguinal region, evening","ITCHING, Inguinal region, evening",پیٹ — خارش، کچھوں کا علاقہ، شام,2,2,یکساں
r618,"ITCHING, inguinal region, extending to knee","ITCHING, Inguinal region, extending to knee",پیٹ — خارش، کچھوں کا علاقہ، گھٹنے تک پھیلتی ہوئی,1,1,یکساں
r613,"ITCHING, inguinal region, left","ITCHING, Inguinal region, left",پیٹ — خارش، بائیں کچھوں کا علاقہ,3,3,یکساں
r612,"ITCHING, inguinal region, right","ITCHING, Inguinal region, right",پیٹ — خارش، دائیں کچھوں کا علاقہ,5,5,یکساں
r616,"ITCHING, inguinal region, scratching amel.","ITCHING, Inguinal region, scratching amel.",پیٹ — خارش، کچھوں کا علاقہ، کھرچنے سے آرام,3,3,یکساں
r595,"ITCHING, morning","ITCHING, morning",پیٹ — خارش، صبح,2,1,ماخذی مطابق کیے
r596,"ITCHING, morning, dressing, while","ITCHING, morning, dressing, while",پیٹ — خارش، صبح، کپڑے پہنتے وقت,1,1,یکساں
r599,"ITCHING, night","ITCHING, night",پیٹ — خارش، رات,6,6,یکساں
r600,"ITCHING, night, on going to bed","ITCHING, night, on going to bed",پیٹ — خارش، رات، بستر میں جاتے وقت,1,1,یکساں
r602,"ITCHING, scratching amel.","ITCHING, scratching amel.",پیٹ — خارش، کھرچنے سے آرام,4,4,یکساں
r619,"ITCHING, sides","ITCHING, Sides",پیٹ — خارش، پہلوؤں میں,9,8,ماخذی مطابق کیے
r620,"ITCHING, sides, scratching, after","ITCHING, Sides, scratching, after",پیٹ — خارش، پہلوؤں میں، کھرچنے کے بعد,1,1,یکساں
r622,"ITCHING, umbilicus","ITCHING, Umbilicus",پیٹ — خارش، ناف میں,9,9,یکساں
r623,"ITCHING, umbilicus, evening","ITCHING, Umbilicus, evening",پیٹ — خارش، ناف میں، شام,1,1,یکساں
r624,"ITCHING, umbilicus, scratching, after","ITCHING, Umbilicus, scratching, after",پیٹ — خارش، ناف میں، کھرچنے کے بعد,1,1,یکساں
r625,JAUNDICE (See Skin),JAUNDICE (See Skin),پیٹ — یرقان,0,0,یکساں
r626,JERKING (See Twitching),JERKING (See Twitching),پیٹ — جھٹکے,0,0,یکساں
r3284,LIVER and region of,LIVER and region of,پیٹ — جگر اور اُس کا علاقہ,102,102,یکساں
r627,"LOOSE, as if intestines were","LOOSE, as if intestines were",پیٹ — ڈھیلا، جیسے آنتیں ڈھیلی ہوں,5,5,یکساں
r628,"LUMP in abdomen, sensation of","LUMP in abdomen, sensation of",پیٹ — پیٹ میں گلٹی کا احساس,9,7,ماخذی مطابق کیے
r629,"LUMP in abdomen, sensation of, liver","LUMP in abdomen, sensation of, Liver",پیٹ — پیٹ میں گلٹی کا احساس، جگر میں,1,1,یکساں
r630,"LUMP in abdomen, sensation of, spleen","LUMP in abdomen, sensation of, Spleen",پیٹ — پیٹ میں گلٹی کا احساس، تلی میں,1,1,یکساں
r631,"LUMP in abdomen, sensation of, umbilicus","LUMP in abdomen, sensation of, Umbilicus",پیٹ — پیٹ میں گلٹی کا احساس، ناف میں,1,1,یکساں
r632,"MENSES would appear, sensation as if (See Pain as if, etc.)","MENSES would appear, sensation as if (See Pain as if, etc.)",پیٹ — جیسے حیض آنے والا ہو,0,0,یکساں
r633,METEORISM (See Distension),METEORISM (See Distension),پیٹ — پیٹ میں گیس کا بھراؤ (میٹیورزم),0,0,یکساں
o620,"MOVEMENTS, in",MOVEMENTS in,پیٹ — حرکت، اندر,84,84,یکساں
r672,NUMBNESS,NUMBNESS,پیٹ — سن ہونا,7,6,ماخذی مطابق کیے
r673,"NUMBNESS, iliac fossa, right, amel. lying on it","NUMBNESS, iliac fossa, right, amel. lying on it",پیٹ — سن ہونا، دائیں کولھے کی طرف، اُس پر لیٹنے سے آرام,1,1,یکساں
r674,"NUMBNESS, sacrum and lower limb","NUMBNESS, sacrum and lower limb",پیٹ — سن ہونا، کمر کی ہڈی اور نچلے عضو میں,1,1,یکساں
r3285,"PAIN, aching, dull pain","PAIN, aching, dull pain (See Boring, Drawing, Distress, Digging, Gnawing, Pressing, etc.)",پیٹ — درد، مسلسل درد، ہلکا درد,223,223,یکساں
r2931,PANCREAS,PANCREAS,پیٹ — لبلبہ (پینکریاس),5,5,یکساں
r2932,PARALYSIS of intestines,PARALYSIS of intestines,پیٹ — آنتوں کا فالج,4,4,یکساں
r2933,PENDULOUS abdomen,PENDULOUS abdomen,پیٹ — لٹکتا ہوا پیٹ,8,6,ماخذی مطابق کیے
r2934,"PENDULOUS abdomen, of mothers","PENDULOUS abdomen, of mothers",پیٹ — لٹکتا ہوا پیٹ، ماؤں کا,3,3,یکساں
r2935,"PERFORATION, region of navel, sensation of","PERFORATION, region of navel, sensation of",پیٹ — سوراخ (پرفوریشن)، ناف کے علاقے میں، احساس,1,1,یکساں
r2936,PERISTALSIS reversed,PERISTALSIS reversed,پیٹ — آنتوں کی اُلٹی حرکت,2,2,یکساں
r2937,PERSPIRATION,PERSPIRATION,پیٹ — پسینہ,19,13,ماخذی مطابق کیے
r2940,"PERSPIRATION, coition, after","PERSPIRATION, coition, after",پیٹ — پسینہ، جماع کے بعد,1,1,یکساں
r2941,"PERSPIRATION, cold","PERSPIRATION, cold",پیٹ — پسینہ، ٹھنڈا,1,1,یکساں
r2942,"PERSPIRATION, exercise, during","PERSPIRATION, exercise, during",پیٹ — پسینہ، ورزش کے دوران,1,1,یکساں
r2938,"PERSPIRATION, forenoon","PERSPIRATION, forenoon",پیٹ — پسینہ، دوپہر سے پہلے,1,1,یکساں
r2944,"PERSPIRATION, hypochondria","PERSPIRATION, Hypochondria",پیٹ — پسینہ، بغل کے نچلے حصے میں,1,1,یکساں
r2945,"PERSPIRATION, hypogastrium, sitting, while","PERSPIRATION, Hypogastrium, sitting, while",پیٹ — پسینہ، ناف کے نیچے کے حصے میں، بیٹھے ہوئے,1,1,یکساں
r2946,"PERSPIRATION, inguinal region","PERSPIRATION, Inguinal region",پیٹ — پسینہ، کچھوں کا علاقہ,6,6,یکساں
r2939,"PERSPIRATION, night","PERSPIRATION, night",پیٹ — پسینہ، رات,2,2,یکساں
r2947,"PERSPIRATION, umbilicus, spreading from","PERSPIRATION, Umbilicus, spreading from",پیٹ — پسینہ، ناف سے پھیلتا ہوا,1,1,یکساں
r2943,"PERSPIRATION, walking, after","PERSPIRATION, walking, after",پیٹ — پسینہ، چلنے کے بعد,1,1,یکساں
r2948,"PLUG, sensation of, behind navel","PLUG, sensation of, behind navel",پیٹ — ڈاٹ کا احساس (پلگ)، ناف کے پیچھے,1,1,یکساں
r2950,PROTRUSION here and there as if a hernia would form,PROTRUSION here and there as if a hernia would form,پیٹ — ابھار، جگہ جگہ، جیسے ہرنیا بننے والا ہو,3,3,یکساں
r2952,PROUD flesh umbilicus,PROUD flesh umbilicus,پیٹ — ناف کا ابھرا ہوا گوشت,1,1,یکساں
r2953,PULSATION,PULSATION,پیٹ — دھڑکن,80,46,ماخذی مطابق کیے
r2958,"PULSATION, eating, after","PULSATION, eating, after",پیٹ — دھڑکن، کھانے کے بعد,2,2,یکساں
r2955,"PULSATION, evening","PULSATION, evening",پیٹ — دھڑکن، شام,2,2,یکساں
r2959,"PULSATION, heat, during","PULSATION, heat, during",پیٹ — دھڑکن، گرمی کے دوران,1,1,یکساں
r2964,"PULSATION, hypochondria","PULSATION, Hypochondria",پیٹ — دھڑکن، بغل کے نچلے حصے میں,31,23,ماخذی مطابق کیے
r2969,"PULSATION, hypochondria, eructations amel.","PULSATION, Hypochondria, eructations amel.",پیٹ — دھڑکن، بغل کے نچلے حصے میں، ڈکار سے آرام,1,1,یکساں
r2968,"PULSATION, hypochondria, evening","PULSATION, Hypochondria, evening",پیٹ — دھڑکن، بغل کے نچلے حصے میں، شام,2,2,یکساں
r2966,"PULSATION, hypochondria, left","PULSATION, Hypochondria, left",پیٹ — دھڑکن، بائیں بغل کے نچلے حصے میں,6,6,یکساں
r2967,"PULSATION, hypochondria, morning","PULSATION, Hypochondria, morning",پیٹ — دھڑکن، بغل کے نچلے حصے میں، صبح,1,1,یکساں
r2965,"PULSATION, hypochondria, right","PULSATION, Hypochondria, right",پیٹ — دھڑکن، دائیں بغل کے نچلے حصے میں,16,16,یکساں
r2970,"PULSATION, hypochondria, walking, while","PULSATION, Hypochondria, walking, while",پیٹ — دھڑکن، بغل کے نچلے حصے میں، چلتے ہوئے,1,1,یکساں
r2971,"PULSATION, hypogastrium","PULSATION, Hypogastrium",پیٹ — دھڑکن، ناف کے نیچے کے حصے میں,4,2,ماخذی مطابق کیے
r2972,"PULSATION, hypogastrium, female","PULSATION, Hypogastrium, female",پیٹ — دھڑکن، ناف کے نیچے کے حصے میں، عورتوں میں,2,2,یکساں
r2973,"PULSATION, inguinal region","PULSATION, Inguinal region",پیٹ — دھڑکن، کچھوں کا علاقہ,6,6,یکساں
r2976,"PULSATION, inguinal region, deep in","PULSATION, Inguinal region, deep in",پیٹ — دھڑکن، کچھوں کا علاقہ، گہرائی میں,1,1,یکساں
r2975,"PULSATION, inguinal region, evening","PULSATION, Inguinal region, evening",پیٹ — دھڑکن، کچھوں کا علاقہ، شام,1,1,یکساں
r2974,"PULSATION, inguinal region, morning","PULSATION, Inguinal region, morning",پیٹ — دھڑکن، کچھوں کا علاقہ، صبح,1,1,یکساں
r2960,"PULSATION, lying, while","PULSATION, lying, while",پیٹ — دھڑکن، لیٹے ہوئے,3,3,یکساں
r2961,"PULSATION, menses, during","PULSATION, menses, during",پیٹ — دھڑکن، حیض کے دوران,2,2,یکساں
r2954,"PULSATION, morning, 5 a.m.","PULSATION, morning, 5 a.m.",پیٹ — دھڑکن، صبح 5 بجے,1,1,یکساں
r2956,"PULSATION, night","PULSATION, night",پیٹ — دھڑکن، رات,1,1,یکساں
r2957,"PULSATION, night, lying, while","PULSATION, night, lying, while",پیٹ — دھڑکن، رات، لیٹے ہوئے,1,1,یکساں
r2977,"PULSATION, sides","PULSATION, Sides",پیٹ — دھڑکن، پہلوؤں میں,6,4,ماخذی مطابق کیے
r2980,"PULSATION, sides, in the flank on inspiration","PULSATION, Sides, in the flank on inspiration",پیٹ — دھڑکن، پہلوؤں میں، سانس اندر لیتے وقت کمر کے پہلو میں,1,1,یکساں
r2978,"PULSATION, sides, night on waking","PULSATION, Sides, night on waking",پیٹ — دھڑکن، پہلوؤں میں، رات کو جاگنے پر,1,1,یکساں
r2979,"PULSATION, sides, walking, while","PULSATION, Sides, walking, while",پیٹ — دھڑکن، پہلوؤں میں، چلتے ہوئے,2,2,یکساں
r2981,"PULSATION, spleen","PULSATION, spleen",پیٹ — دھڑکن، تلی میں,6,6,یکساں
r2962,"PULSATION, stool, after","PULSATION, stool, after",پیٹ — دھڑکن، پاخانے کے بعد,2,2,یکساں
r2963,"PULSATION, supper, after","PULSATION, supper, after",پیٹ — دھڑکن، رات کے کھانے کے بعد,1,1,یکساں
r2982,"PULSATION, umbilicus","PULSATION, Umbilicus",پیٹ — دھڑکن، ناف میں,5,5,یکساں
r2983,RATTLING (See Rumbling),RATTLING (See Rumbling),پیٹ — کھڑکھڑاہٹ,0,0,یکساں
r2984,RELAXED feeling,RELAXED feeling,پیٹ — ڈھیلا پن کا احساس,22,20,ماخذی مطابق کیے
r2985,"RELAXED feeling, lying on back amel.","RELAXED feeling, lying on back amel.",پیٹ — ڈھیلا پن کا احساس، چت لیٹنے سے آرام,1,1,یکساں
r2986,"RELAXED feeling, stool, after","RELAXED feeling, stool, after",پیٹ — ڈھیلا پن کا احساس، پاخانے کے بعد,4,4,یکساں
r2987,"RELAXED feeling, walking, while","RELAXED feeling, walking, while",پیٹ — ڈھیلا پن کا احساس، چلتے ہوئے,3,3,یکساں
r2988,"RESTLESSNESS, uneasiness, etc.","RESTLESSNESS, uneasiness, etc.",پیٹ — بے قراری، بے چینی، وغیرہ,52,52,یکساں
r3006,RETRACTION,RETRACTION,پیٹ — سکڑ کر اندر کھنچنا,63,49,ماخذی مطابق کیے
r3007,"RETRACTION, sensation of","RETRACTION, sensation of",پیٹ — سکڑ کر اندر کھنچنے کا احساس,5,5,یکساں
r3008,"RETRACTION, umbilicus","RETRACTION, Umbilicus",پیٹ — سکڑ کر اندر کھنچنا، ناف,17,16,ماخذی مطابق کیے
r3010,"RETRACTION, umbilicus, lying, while","RETRACTION, Umbilicus, lying, while",پیٹ — سکڑ کر اندر کھنچنا، ناف، لیٹے ہوئے,1,1,یکساں
r3009,"RETRACTION, umbilicus, morning","RETRACTION, Umbilicus, morning",پیٹ — سکڑ کر اندر کھنچنا، ناف، صبح,1,1,یکساں
r3011,"RETRACTION, umbilicus, sitting","RETRACTION, Umbilicus, sitting",پیٹ — سکڑ کر اندر کھنچنا، ناف، بیٹھنے سے,1,1,یکساں
r3012,"RETRACTION, umbilicus, stool, before","RETRACTION, Umbilicus, stool, before",پیٹ — سکڑ کر اندر کھنچنا، ناف، پاخانے سے پہلے,1,1,یکساں
r3013,"RETRACTION, umbilicus, stooping, on","RETRACTION, Umbilicus, stooping, on",پیٹ — سکڑ کر اندر کھنچنا، ناف، جھکنے پر,1,1,یکساں
r3014,ROLLING (See Rumbling),ROLLING (See Rumbling),پیٹ — لڑھکنا,0,0,یکساں
r3015,RUMBLING,RUMBLING,پیٹ — گڑگڑاہٹ,240,216,ماخذی مطابق کیے
r3030,"RUMBLING, afternoon","RUMBLING, afternoon",پیٹ — گڑگڑاہٹ، سہ پہر,23,16,ماخذی مطابق کیے
r3032,"RUMBLING, afternoon, 1 p.m.","RUMBLING, afternoon, 1 p.m.",پیٹ — گڑگڑاہٹ، سہ پہر 1 بجے,3,3,یکساں
r3033,"RUMBLING, afternoon, 2 p.m.","RUMBLING, afternoon, 2 p.m.",پیٹ — گڑگڑاہٹ، سہ پہر 2 بجے,1,1,یکساں
r3034,"RUMBLING, afternoon, 4 p.m.","RUMBLING, afternoon, 4 p.m.",پیٹ — گڑگڑاہٹ، سہ پہر 4 بجے,3,3,یکساں
r3035,"RUMBLING, afternoon, 5 p.m.","RUMBLING, afternoon, 5 p.m.",پیٹ — گڑگڑاہٹ، سہ پہر 5 بجے,2,2,یکساں
r3031,"RUMBLING, afternoon, walking, while","RUMBLING, afternoon, walking, while",پیٹ — گڑگڑاہٹ، سہ پہر، چلتے ہوئے,1,1,یکساں
r3051,"RUMBLING, bed, in","RUMBLING, bed, in",پیٹ — گڑگڑاہٹ، بستر میں,3,3,یکساں
r3052,"RUMBLING, breakfast, during","RUMBLING, breakfast, during",پیٹ — گڑگڑاہٹ، ناشتے کے دوران,2,2,یکساں
r3016,"RUMBLING, daytime","RUMBLING, daytime",پیٹ — گڑگڑاہٹ، دن کے وقت,2,2,یکساں
o2992,"RUMBLING, diarrhoea, as if, would come on","RUMBLING, diarrhœa, as if, would come on",پیٹ — گڑگڑاہٹ، دست، جیسے آنے والے ہوں,16,16,یکساں
r3055,"RUMBLING, dinner, after","RUMBLING, dinner, after",پیٹ — گڑگڑاہٹ، دوپہر کے کھانے کے بعد,11,11,یکساں
r3056,"RUMBLING, drinking, after","RUMBLING, drinking, after",پیٹ — گڑگڑاہٹ، پینے کے بعد,4,4,یکساں
r3057,"RUMBLING, eating, before","RUMBLING, eating, before",پیٹ — گڑگڑاہٹ، کھانے سے پہلے,2,2,یکساں
r3036,"RUMBLING, evening","RUMBLING, evening",پیٹ — گڑگڑاہٹ، شام,32,22,ماخذی مطابق کیے
r3041,"RUMBLING, evening, 6 p.m.","RUMBLING, evening, 6 p.m.",پیٹ — گڑگڑاہٹ، شام 6 بجے,1,1,یکساں
r3042,"RUMBLING, evening, 7 p.m.","RUMBLING, evening, 7 p.m.",پیٹ — گڑگڑاہٹ، شام 7 بجے,4,4,یکساں
r3037,"RUMBLING, evening, bed, in","RUMBLING, evening, bed, in",پیٹ — گڑگڑاہٹ، شام، بستر میں,2,2,یکساں
o3003,"RUMBLING, evening, eating, after","RUMBLING, evening, eating, after",پیٹ — گڑگڑاہٹ، شام، کھانے کے بعد,2,2,یکساں
r3039,"RUMBLING, evening, lying, while","RUMBLING, evening, lying, while",پیٹ — گڑگڑاہٹ، شام، لیٹے ہوئے,1,1,یکساں
r3040,"RUMBLING, evening, stool, during","RUMBLING, evening, stool, during",پیٹ — گڑگڑاہٹ، شام، پاخانے کے دوران,1,1,یکساں
r3061,"RUMBLING, fasting, while","RUMBLING, fasting, while",پیٹ — گڑگڑاہٹ، فاقے کے دوران,1,1,یکساں
r3062,"RUMBLING, flatus, passing, amel.","RUMBLING, flatus, passing, amel.",پیٹ — گڑگڑاہٹ، ریاح نکلنے سے آرام,12,12,یکساں
r3024,"RUMBLING, forenoon","RUMBLING, forenoon",پیٹ — گڑگڑاہٹ، دوپہر سے پہلے,13,9,ماخذی مطابق کیے
r3026,"RUMBLING, forenoon, 11 a.m.","RUMBLING, forenoon, 11 a.m.",پیٹ — گڑگڑاہٹ، دوپہر سے پہلے 11 بجے,3,3,یکساں
r3025,"RUMBLING, forenoon, 9 a.m.","RUMBLING, forenoon, 9 a.m.",پیٹ — گڑگڑاہٹ، دوپہر سے پہلے 9 بجے,3,3,یکساں
r3089,"RUMBLING, hypogastrium","RUMBLING, Hypogastrium",پیٹ — گڑگڑاہٹ، ناف کے نیچے کے حصے میں,9,7,ماخذی مطابق کیے
r3090,"RUMBLING, hypogastrium, morning","RUMBLING, Hypogastrium, morning",پیٹ — گڑگڑاہٹ، ناف کے نیچے کے حصے میں، صبح,1,1,یکساں
r3091,"RUMBLING, hypogastrium, night","RUMBLING, Hypogastrium, night",پیٹ — گڑگڑاہٹ، ناف کے نیچے کے حصے میں، رات,2,1,ماخذی مطابق کیے
r3092,"RUMBLING, hypogastrium, night, 4 a.m.","RUMBLING, Hypogastrium, night, 4 a.m.",پیٹ — گڑگڑاہٹ، ناف کے نیچے کے حصے میں، رات 4 بجے,1,1,یکساں
r3063,"RUMBLING, inspiration, on","RUMBLING, inspiration, on",پیٹ — گڑگڑاہٹ، سانس اندر لینے پر,3,3,یکساں
r3064,"RUMBLING, lying, on","RUMBLING, lying, on",پیٹ — گڑگڑاہٹ، لیٹنے پر,6,6,یکساں
r3068,"RUMBLING, menses, before","RUMBLING, menses, before",پیٹ — گڑگڑاہٹ، حیض سے پہلے,10,10,یکساں
r3017,"RUMBLING, morning","RUMBLING, morning",پیٹ — گڑگڑاہٹ، صبح,27,21,ماخذی مطابق کیے
r3022,"RUMBLING, morning, 6 a.m.","RUMBLING, morning, 6 a.m.",پیٹ — گڑگڑاہٹ، صبح 6 بجے,2,2,یکساں
r3023,"RUMBLING, morning, 7 a.m.","RUMBLING, morning, 7 a.m.",پیٹ — گڑگڑاہٹ، صبح 7 بجے,3,3,یکساں
r3018,"RUMBLING, morning, coffee, after","RUMBLING, morning, coffee, after",پیٹ — گڑگڑاہٹ، صبح، کافی کے بعد,2,2,یکساں
r3019,"RUMBLING, morning, rising, after","RUMBLING, morning, rising, after",پیٹ — گڑگڑاہٹ، صبح، اٹھنے کے بعد,1,1,یکساں
r3020,"RUMBLING, morning, stool, before","RUMBLING, morning, stool, before",پیٹ — گڑگڑاہٹ، صبح، پاخانے سے پہلے,2,2,یکساں
r3021,"RUMBLING, morning, waking, on","RUMBLING, morning, waking, on",پیٹ — گڑگڑاہٹ، صبح جاگتے ہی,5,5,یکساں
r3070,"RUMBLING, motion, on","RUMBLING, motion, on",پیٹ — گڑگڑاہٹ، حرکت پر,2,2,یکساں
r3043,"RUMBLING, night","RUMBLING, night",پیٹ — گڑگڑاہٹ، رات,18,11,ماخذی مطابق کیے
r3047,"RUMBLING, night, 1 a.m.","RUMBLING, night, 1 a.m.",پیٹ — گڑگڑاہٹ، رات 1 بجے,2,2,یکساں
r3048,"RUMBLING, night, 3 a.m.","RUMBLING, night, 3 a.m.",پیٹ — گڑگڑاہٹ، رات 3 بجے,1,1,یکساں
r3049,"RUMBLING, night, 4 a.m.","RUMBLING, night, 4 a.m.",پیٹ — گڑگڑاہٹ، رات 4 بجے,1,1,یکساں
r3050,"RUMBLING, night, 5 a.m.","RUMBLING, night, 5 a.m.",پیٹ — گڑگڑاہٹ، رات 5 بجے,3,3,یکساں
r3045,"RUMBLING, night, midnight","RUMBLING, night, midnight",پیٹ — گڑگڑاہٹ، رات، آدھی رات,2,1,ماخذی مطابق کیے
r3046,"RUMBLING, night, midnight, after","RUMBLING, night, midnight, after",پیٹ — گڑگڑاہٹ، رات، آدھی رات کے بعد,1,1,یکساں
r3044,"RUMBLING, night, stool, before","RUMBLING, night, stool, before",پیٹ — گڑگڑاہٹ، رات، پاخانے سے پہلے,1,1,یکساں
r3027,"RUMBLING, noon","RUMBLING, noon",پیٹ — گڑگڑاہٹ، دوپہر,3,3,یکساں
r3028,"RUMBLING, noon, eating, while","RUMBLING, noon, eating, while",پیٹ — گڑگڑاہٹ، دوپہر، کھاتے ہوئے,1,1,یکساں
r3071,"RUMBLING, pressure agg.","RUMBLING, pressure agg.",پیٹ — گڑگڑاہٹ، دباؤ سے بگاڑ,1,1,یکساں
r3072,"RUMBLING, rising, on","RUMBLING, rising, on",پیٹ — گڑگڑاہٹ، اٹھنے پر,3,3,یکساں
r3073,"RUMBLING, sitting, while","RUMBLING, sitting, while",پیٹ — گڑگڑاہٹ، بیٹھے ہوئے,3,3,یکساں
r3074,"RUMBLING, sleep, during","RUMBLING, sleep, during",پیٹ — گڑگڑاہٹ، نیند کے دوران,2,2,یکساں
r3075,"RUMBLING, stool, before","RUMBLING, stool, before",پیٹ — گڑگڑاہٹ، پاخانے سے پہلے,37,37,یکساں
r3082,"RUMBLING, stretching, on","RUMBLING, stretching, on",پیٹ — گڑگڑاہٹ، تانی لینے پر,1,1,یکساں
r3083,"RUMBLING, supper, after","RUMBLING, supper, after",پیٹ — گڑگڑاہٹ، رات کے کھانے کے بعد,3,3,یکساں
r3084,"RUMBLING, swallowing, after","RUMBLING, swallowing, after",پیٹ — گڑگڑاہٹ، نگلنے کے بعد,1,1,یکساں
r3085,"RUMBLING, waking, on","RUMBLING, waking, on",پیٹ — گڑگڑاہٹ، جاگنے پر,1,1,یکساں
r3086,"RUMBLING, walking, on","RUMBLING, walking, on",پیٹ — گڑگڑاہٹ، چلنے پر,1,1,یکساں
r3088,"RUMBLING, yawning","RUMBLING, yawning",پیٹ — گڑگڑاہٹ، جمائی لینے سے,1,1,یکساں
r3094,"SENSITIVE, skin","SENSITIVE, skin",پیٹ — حساس، جلد,8,8,یکساں
r3095,SHAKING,SHAKING,پیٹ — ہلنا (کپکپی),10,5,ماخذی مطابق کیے
r3097,"SHAKING, cough, from","SHAKING, cough, from",پیٹ — ہلنا (کپکپی)، کھانسی سے,3,3,یکساں
r3096,"SHAKING, morning","SHAKING, morning",پیٹ — ہلنا (کپکپی)، صبح,1,1,یکساں
r3098,"SHAKING, walking, while","SHAKING, walking, while",پیٹ — ہلنا (کپکپی)، چلتے ہوئے,4,4,یکساں
r3099,SHIVERING (See Coldness),SHIVERING (See Coldness),پیٹ — کپکپی,0,0,یکساں
r3100,SHOCKS,SHOCKS,پیٹ — جھٹکے,15,12,ماخذی مطابق کیے
r3101,"SHOCKS, electric, extending to fingers","SHOCKS, electric, extending to fingers",پیٹ — جھٹکے، بجلی جیسے، انگلیوں تک پھیلتے ہوئے,1,1,یکساں
r3108,"SHOCKS, hypogastrium, coughing, when","SHOCKS, Hypogastrium, coughing, when",پیٹ — جھٹکے، ناف کے نیچے کے حصے میں، کھانستے وقت,2,2,یکساں
r3103,"SHOCKS, lying on side, while","SHOCKS, lying on side, while",پیٹ — جھٹکے، کروٹ لیٹے ہوئے,1,1,یکساں
r3104,"SHOCKS, motion, on","SHOCKS, motion, on",پیٹ — جھٹکے، حرکت پر,1,1,یکساں
r3105,"SHOCKS, paralysis of lower limbs","SHOCKS, paralysis of lower limbs",پیٹ — جھٹکے، نچلے اعضاء کے فالج کے ساتھ,1,1,یکساں
r3106,"SHOCKS, tingling","SHOCKS, tingling",پیٹ — جھٹکے، جھنجھناہٹ کے ساتھ,2,2,یکساں
r3109,SHRIVELLED or wilted appearance,SHRIVELLED or wilted appearance,پیٹ — سکڑا یا مرجھایا ہوا دکھائی دینا,1,1,یکساں
r3110,SHUDDERING in,SHUDDERING in,پیٹ — کانپ اٹھنا، اندر,2,2,یکساں
r3111,"SHUDDERING in, extends over body","SHUDDERING in, extends over body",پیٹ — کانپ اٹھنا، اندر، پورے جسم میں پھیل جائے,1,1,یکساں
r3112,SPASMS muscles,SPASMS muscles,پیٹ — پٹھوں کی اینٹھن,9,6,ماخذی مطابق کیے
r3113,"SPASMS muscles, in hysterical women","SPASMS muscles, in hysterical women",پیٹ — پٹھوں کی اینٹھن، ہسٹیریا والی عورتوں میں,3,3,یکساں
r3114,"SPLEEN, complaints of","SPLEEN, complaints of",پیٹ — تلی، شکایات,70,70,یکساں
r3115,"SPONGE, sensation of, in hypochondria, alternating sides","SPONGE, sensation of, in hypochondria, alternating sides",پیٹ — اسفنج کا احساس، بغل کے نچلے حصے میں، باری باری دونوں طرف,1,1,یکساں
r3116,SPOTS (See Discoloration),SPOTS (See Discoloration),پیٹ — دھبے,0,0,یکساں
r3117,"SPRING, sensation as if, were unrolled in left hypochondrium","SPRING, sensation as if, were unrolled in left hypochondrium",پیٹ — جیسے کوئی سپرنگ بائیں بغل کے نچلے حصے میں کھل رہی ہو,1,1,یکساں
r3118,"STONE in, sensation of","STONE in, sensation of",پیٹ — پتھر کا احساس,5,4,ماخذی مطابق کیے
r3119,"STONE in, sensation of, lying on abdomen","STONE in, sensation of, lying on abdomen",پیٹ — پتھر کا احساس، پیٹ کے بل لیٹنے سے,1,1,یکساں
r3120,"STONE in, sensation of, seems full of stones","STONE in, sensation of, seems full of stones",پیٹ — پتھر کا احساس، جیسے پتھروں سے بھرا ہو,3,3,یکساں
r3121,"STONE in, sensation of, seems full of stones, after long sitting","STONE in, sensation of, seems full of stones, after long sitting",پیٹ — پتھر کا احساس، جیسے پتھروں سے بھرا ہو، دیر تک بیٹھنے کے بعد,1,1,یکساں
r3122,"STONE in, sensation of, umbilicus, about","STONE in, sensation of, Umbilicus, about",پیٹ — پتھر کا احساس، ناف کے گرد,1,1,یکساں
r3123,STOPPED sensation,STOPPED sensation,پیٹ — جیسے کچھ رک گیا ہو,17,17,یکساں
r3124,SUNKEN (See Retracted),SUNKEN (See Retracted),پیٹ — دھنسا ہوا,0,0,یکساں
r3125,"SUPPURATION, inguinal glands","SUPPURATION, inguinal glands",پیٹ — پیپ پڑنا، کچھوں کے غدود,17,17,یکساں
r3126,SWASHING,SWASHING,پیٹ — پانی کے ہلنے کی آواز (غرارہ),8,8,یکساں
r3127,"SWELLING, mesenteric glands","SWELLING, mesenteric glands",پیٹ — سوجن، آنتوں کے پردے کے غدود,15,15,یکساں
r3147,TABES mesenterica,TABES mesenterica,پیٹ — آنتوں کے پردے کی ٹیبیز (مراسمس),24,24,یکساں
r3148,TENSION,TENSION,پیٹ — تناؤ,143,106,ماخذی مطابق کیے
r3151,"TENSION, afternoon","TENSION, afternoon",پیٹ — تناؤ، سہ پہر,6,5,ماخذی مطابق کیے
r3153,"TENSION, afternoon, 3 p.m., until evening","TENSION, afternoon, 3 p.m., until evening",پیٹ — تناؤ، سہ پہر 3 بجے سے شام تک,1,1,یکساں
r3152,"TENSION, afternoon, eating, after","TENSION, afternoon, eating, after",پیٹ — تناؤ، سہ پہر، کھانے کے بعد,1,1,یکساں
r3156,"TENSION, dinner, after","TENSION, dinner, after",پیٹ — تناؤ، دوپہر کے کھانے کے بعد,4,4,یکساں
r3157,"TENSION, drinking, after","TENSION, drinking, after",پیٹ — تناؤ، پینے کے بعد,2,2,یکساں
r3158,"TENSION, eating, on","TENSION, eating, on",پیٹ — تناؤ، کھانے پر,1,1,یکساں
r3161,"TENSION, emission, after","TENSION, emission, after",پیٹ — تناؤ، منی کے اخراج کے بعد,1,1,یکساں
r3154,"TENSION, evening","TENSION, evening",پیٹ — تناؤ، شام,4,4,یکساں
r3162,"TENSION, exertion, during","TENSION, exertion, during",پیٹ — تناؤ، ورزش کے دوران,1,1,یکساں
r3163,"TENSION, flatus, passing, amel.","TENSION, flatus, passing, amel.",پیٹ — تناؤ، ریاح نکلنے سے آرام,2,2,یکساں
r3150,"TENSION, forenoon","TENSION, forenoon",پیٹ — تناؤ، دوپہر سے پہلے,1,1,یکساں
r3174,"TENSION, hypochondria","TENSION, Hypochondria",پیٹ — تناؤ، بغل کے نچلے حصے میں,49,41,ماخذی مطابق کیے
r3179,"TENSION, hypochondria, afternoon","TENSION, Hypochondria, afternoon",پیٹ — تناؤ، بغل کے نچلے حصے میں، سہ پہر,2,2,یکساں
r3180,"TENSION, hypochondria, afternoon, 2 p.m.","TENSION, Hypochondria, afternoon, 2 p.m.",پیٹ — تناؤ، بغل کے نچلے حصے میں، سہ پہر 2 بجے,1,1,یکساں
r3182,"TENSION, hypochondria, breathing, from","TENSION, Hypochondria, breathing, from",پیٹ — تناؤ، بغل کے نچلے حصے میں، سانس لینے سے,1,1,یکساں
r3183,"TENSION, hypochondria, emission, after","TENSION, Hypochondria, emission, after",پیٹ — تناؤ، بغل کے نچلے حصے میں، منی کے اخراج کے بعد,1,1,یکساں
r3181,"TENSION, hypochondria, evening","TENSION, Hypochondria, evening",پیٹ — تناؤ، بغل کے نچلے حصے میں، شام,1,1,یکساں
r3192,"TENSION, hypochondria, extending to back","TENSION, Hypochondria, extending to back",پیٹ — تناؤ، بغل کے نچلے حصے میں، پیٹھ تک پھیلتا ہوا,1,1,یکساں
r3178,"TENSION, hypochondria, forenoon","TENSION, Hypochondria, forenoon",پیٹ — تناؤ، بغل کے نچلے حصے میں، دوپہر سے پہلے,1,1,یکساں
r3184,"TENSION, hypochondria, fruit, after","TENSION, Hypochondria, fruit, after",پیٹ — تناؤ، بغل کے نچلے حصے میں، پھل کے بعد,1,1,یکساں
r3185,"TENSION, hypochondria, heat, during","TENSION, Hypochondria, heat, during",پیٹ — تناؤ، بغل کے نچلے حصے میں، گرمی کے دوران,1,1,یکساں
r3177,"TENSION, hypochondria, left","TENSION, Hypochondria, left",پیٹ — تناؤ، بائیں بغل کے نچلے حصے میں,3,3,یکساں
r3186,"TENSION, hypochondria, lying on back, while","TENSION, Hypochondria, lying on back, while",پیٹ — تناؤ، بغل کے نچلے حصے میں، چت لیٹے ہوئے,1,1,یکساں
r3175,"TENSION, hypochondria, right","TENSION, Hypochondria, right",پیٹ — تناؤ، دائیں بغل کے نچلے حصے میں,17,15,ماخذی مطابق کیے
r3176,"TENSION, hypochondria, right, lying on left side","TENSION, Hypochondria, right, lying on left side",پیٹ — تناؤ، دائیں بغل کے نچلے حصے میں، بائیں کروٹ لیٹنے سے,4,4,یکساں
r3187,"TENSION, hypochondria, sitting, while","TENSION, Hypochondria, sitting, while",پیٹ — تناؤ، بغل کے نچلے حصے میں، بیٹھے ہوئے,1,1,یکساں
r3188,"TENSION, hypochondria, stool, after","TENSION, Hypochondria, stool, after",پیٹ — تناؤ، بغل کے نچلے حصے میں، پاخانے کے بعد,1,1,یکساں
r3189,"TENSION, hypochondria, stooping, on","TENSION, Hypochondria, stooping, on",پیٹ — تناؤ، بغل کے نچلے حصے میں، جھکنے پر,2,2,یکساں
r3190,"TENSION, hypochondria, waking, on","TENSION, Hypochondria, waking, on",پیٹ — تناؤ، بغل کے نچلے حصے میں، جاگنے پر,1,1,یکساں
r3191,"TENSION, hypochondria, walking in open air, while","TENSION, Hypochondria, walking in open air, while",پیٹ — تناؤ، بغل کے نچلے حصے میں، کھلی ہوا میں چلتے ہوئے,2,2,یکساں
r3194,"TENSION, hypogastrium","TENSION, Hypogastrium",پیٹ — تناؤ، ناف کے نیچے کے حصے میں,18,14,ماخذی مطابق کیے
r3196,"TENSION, hypogastrium, eating, after","TENSION, Hypogastrium, eating, after",پیٹ — تناؤ، ناف کے نیچے کے حصے میں، کھانے کے بعد,1,1,یکساں
r3197,"TENSION, hypogastrium, inspiration, deep, agg.","TENSION, Hypogastrium, inspiration, deep, agg.",پیٹ — تناؤ، ناف کے نیچے کے حصے میں، گہری سانس اندر لینے سے بگاڑ,2,2,یکساں
r3195,"TENSION, hypogastrium, morning","TENSION, Hypogastrium, morning",پیٹ — تناؤ، ناف کے نیچے کے حصے میں، صبح,1,1,یکساں
r3198,"TENSION, hypogastrium, rising, on","TENSION, Hypogastrium, rising, on",پیٹ — تناؤ، ناف کے نیچے کے حصے میں، اٹھنے پر,1,1,یکساں
r3199,"TENSION, hypogastrium, stool, before","TENSION, Hypogastrium, stool, before",پیٹ — تناؤ، ناف کے نیچے کے حصے میں، پاخانے سے پہلے,1,1,یکساں
r3200,"TENSION, iliac region","TENSION, Iliac region",پیٹ — تناؤ، کولھے کی طرف,3,3,یکساں
r3201,"TENSION, iliac region, left","TENSION, Iliac region, left",پیٹ — تناؤ، بائیں کولھے کی طرف,2,2,یکساں
r3202,"TENSION, inguinal region","TENSION, Inguinal region",پیٹ — تناؤ، کچھوں کا علاقہ,32,31,ماخذی مطابق کیے
r3207,"TENSION, inguinal region, afternoon","TENSION, Inguinal region, afternoon",پیٹ — تناؤ، کچھوں کا علاقہ، سہ پہر,1,1,یکساں
r3208,"TENSION, inguinal region, afternoon, sleep, after","TENSION, Inguinal region, afternoon, sleep, after",پیٹ — تناؤ، کچھوں کا علاقہ، سہ پہر، نیند کے بعد,1,1,یکساں
r3210,"TENSION, inguinal region, ascending stairs","TENSION, Inguinal region, ascending stairs",پیٹ — تناؤ، کچھوں کا علاقہ، سیڑھیاں چڑھنے سے,1,1,یکساں
r3211,"TENSION, inguinal region, bending over","TENSION, Inguinal region, bending over",پیٹ — تناؤ، کچھوں کا علاقہ، جھکنے سے,1,1,یکساں
r3212,"TENSION, inguinal region, drawing up limb amel.","TENSION, Inguinal region, drawing up limb amel.",پیٹ — تناؤ، کچھوں کا علاقہ، عضو سمیٹنے سے آرام,2,2,یکساں
r3209,"TENSION, inguinal region, evening","TENSION, Inguinal region, evening",پیٹ — تناؤ، کچھوں کا علاقہ، شام,1,1,یکساں
r3204,"TENSION, inguinal region, left","TENSION, Inguinal region, left",پیٹ — تناؤ، بائیں کچھوں کا علاقہ,6,6,یکساں
r3205,"TENSION, inguinal region, morning","TENSION, Inguinal region, morning",پیٹ — تناؤ، کچھوں کا علاقہ، صبح,2,1,ماخذی مطابق کیے
r3206,"TENSION, inguinal region, morning, 5 a.m.","TENSION, Inguinal region, morning, 5 a.m.",پیٹ — تناؤ، کچھوں کا علاقہ، صبح 5 بجے,1,1,یکساں
r3213,"TENSION, inguinal region, motion, on","TENSION, Inguinal region, motion, on",پیٹ — تناؤ، کچھوں کا علاقہ، حرکت پر,1,1,یکساں
r3214,"TENSION, inguinal region, pressure","TENSION, Inguinal region, pressure",پیٹ — تناؤ، کچھوں کا علاقہ، دباؤ سے,1,1,یکساں
r3203,"TENSION, inguinal region, right","TENSION, Inguinal region, right",پیٹ — تناؤ، دائیں کچھوں کا علاقہ,3,3,یکساں
r3215,"TENSION, inguinal region, rising arms","TENSION, Inguinal region, rising arms",پیٹ — تناؤ، کچھوں کا علاقہ، بازو اٹھانے سے,1,1,یکساں
r3216,"TENSION, inguinal region, rising from a seat","TENSION, Inguinal region, rising from a seat",پیٹ — تناؤ، کچھوں کا علاقہ، نشست سے اٹھنے سے,1,1,یکساں
r3217,"TENSION, inguinal region, sitting, while","TENSION, Inguinal region, sitting, while",پیٹ — تناؤ، کچھوں کا علاقہ، بیٹھے ہوئے,2,2,یکساں
r3218,"TENSION, inguinal region, standing, while","TENSION, Inguinal region, standing, while",پیٹ — تناؤ، کچھوں کا علاقہ، کھڑے ہوئے,2,2,یکساں
r3219,"TENSION, inguinal region, stool amel.","TENSION, Inguinal region, stool amel.",پیٹ — تناؤ، کچھوں کا علاقہ، پاخانے سے آرام,1,1,یکساں
r3220,"TENSION, inguinal region, stretching out limb","TENSION, Inguinal region, stretching out limb",پیٹ — تناؤ، کچھوں کا علاقہ، عضو تاننے سے,2,2,یکساں
r3221,"TENSION, inguinal region, touched, when","TENSION, Inguinal region, touched, when",پیٹ — تناؤ، کچھوں کا علاقہ، چھونے پر,1,1,یکساں
r3164,"TENSION, menses, during","TENSION, menses, during",پیٹ — تناؤ، حیض کے دوران,4,4,یکساں
r3149,"TENSION, morning","TENSION, morning",پیٹ — تناؤ، صبح,3,3,یکساں
r3165,"TENSION, motion, on","TENSION, motion, on",پیٹ — تناؤ، حرکت پر,2,2,یکساں
r3155,"TENSION, night","TENSION, night",پیٹ — تناؤ، رات,2,2,یکساں
r3166,"TENSION, reaching high, from","TENSION, reaching high, from",پیٹ — تناؤ، اونچی چیز تک پہنچنے سے,1,1,یکساں
r3167,"TENSION, respiration, deep, on","TENSION, respiration, deep, on",پیٹ — تناؤ، گہری سانس لینے پر,2,2,یکساں
r3224,"TENSION, sides","TENSION, Sides",پیٹ — تناؤ، پہلوؤں میں,10,10,یکساں
r3225,"TENSION, sides, eructation amel.","TENSION, Sides, eructation amel.",پیٹ — تناؤ، پہلوؤں میں، ڈکار سے آرام,1,1,یکساں
r3168,"TENSION, sitting, while","TENSION, sitting, while",پیٹ — تناؤ، بیٹھے ہوئے,4,4,یکساں
r3226,"TENSION, spleen","TENSION, Spleen",پیٹ — تناؤ، تلی میں,3,3,یکساں
r3228,"TENSION, umbilicus, region of","TENSION, Umbilicus, region of",پیٹ — تناؤ، ناف کا علاقہ,6,6,یکساں
r3230,"TENSION, umbilicus, region of, lying, while","TENSION, Umbilicus, region of, lying, while",پیٹ — تناؤ، ناف کا علاقہ، لیٹے ہوئے,1,1,یکساں
r3229,"TENSION, umbilicus, region of, midnight","TENSION, Umbilicus, region of, midnight",پیٹ — تناؤ، ناف کا علاقہ، آدھی رات,1,1,یکساں
r3171,"TENSION, waking, on","TENSION, waking, on",پیٹ — تناؤ، جاگنے پر,1,1,یکساں
r3231,TINGLING (See Shocks),TINGLING (See Shocks),پیٹ — جھنجھناہٹ (سنسناہٹ),0,0,یکساں
r3232,TREMBLING,TREMBLING,پیٹ — لرزنا,24,18,ماخذی مطابق کیے
r3234,"TREMBLING, eating, after","TREMBLING, eating, after",پیٹ — لرزنا، کھانے کے بعد,2,1,ماخذی مطابق کیے
r3235,"TREMBLING, eating, after, lying on the back, while","TREMBLING, eating, after, lying on the back, while",پیٹ — لرزنا، کھانے کے بعد، چت لیٹے ہوئے,1,1,یکساں
r3238,"TREMBLING, hypogastrium","TREMBLING, Hypogastrium",پیٹ — لرزنا، ناف کے نیچے کے حصے میں,2,2,یکساں
r3239,"TREMBLING, inguinal region","TREMBLING, Inguinal region",پیٹ — لرزنا، کچھوں کا علاقہ,5,5,یکساں
r3240,"TREMBLING, inguinal region, left","TREMBLING, Inguinal region, left",پیٹ — لرزنا، بائیں کچھوں کا علاقہ,1,1,یکساں
r3236,"TREMBLING, menses, during","TREMBLING, menses, during",پیٹ — لرزنا، حیض کے دوران,1,1,یکساں
r3233,"TREMBLING, morning","TREMBLING, morning",پیٹ — لرزنا، صبح,1,1,یکساں
r3237,"TREMBLING, stool, after","TREMBLING, stool, after",پیٹ — لرزنا، پاخانے کے بعد,1,1,یکساں
r3241,TUMORS,TUMORS,پیٹ — رسولیاں,1,1,یکساں
r3242,TURNING sensation,TURNING sensation,پیٹ — پلٹنے کا احساس,6,6,یکساں
r3243,TWITCHING and jerking,TWITCHING and jerking,پیٹ — پھڑکن اور جھٹکے,55,30,ماخذی مطابق کیے
r3244,"TWITCHING and jerking, evening in bed","TWITCHING and jerking, evening in bed",پیٹ — پھڑکن اور جھٹکے، شام کو بستر میں,1,1,یکساں
r3250,"TWITCHING and jerking, hypochondria","TWITCHING and jerking, Hypochondria",پیٹ — پھڑکن اور جھٹکے، بغل کے نچلے حصے میں,13,13,یکساں
r3251,"TWITCHING and jerking, hypogastrium","TWITCHING and jerking, Hypogastrium",پیٹ — پھڑکن اور جھٹکے، ناف کے نیچے کے حصے میں,2,2,یکساں
r3252,"TWITCHING and jerking, ilium crest","TWITCHING and jerking, Ilium crest",پیٹ — پھڑکن اور جھٹکے، کولھے کی ہڈی کا کنارہ,1,1,یکساں
r3253,"TWITCHING and jerking, inguinal region","TWITCHING and jerking, Inguinal region",پیٹ — پھڑکن اور جھٹکے، کچھوں کا علاقہ,10,10,یکساں
r3254,"TWITCHING and jerking, inguinal region, extending to back","TWITCHING and jerking, Inguinal region, extending to back",پیٹ — پھڑکن اور جھٹکے، کچھوں کا علاقہ، پیٹھ تک پھیلتے ہوئے,1,1,یکساں
r3245,"TWITCHING and jerking, night","TWITCHING and jerking, night",پیٹ — پھڑکن اور جھٹکے، رات,1,1,یکساں
r3256,"TWITCHING and jerking, sides","TWITCHING and jerking, Sides",پیٹ — پھڑکن اور جھٹکے، پہلوؤں میں,7,7,یکساں
r3257,"TWITCHING and jerking, sides, walking, while","TWITCHING and jerking, Sides, walking, while",پیٹ — پھڑکن اور جھٹکے، پہلوؤں میں، چلتے ہوئے,1,1,یکساں
r3249,"TWITCHING and jerking, stool, during, evening","TWITCHING and jerking, stool, during, evening",پیٹ — پھڑکن اور جھٹکے، پاخانے کے دوران، شام,1,1,یکساں
r3248,"TWITCHING and jerking, stool, during, left","TWITCHING and jerking, stool, during, left",پیٹ — پھڑکن اور جھٹکے، پاخانے کے دوران، بائیں طرف,1,1,یکساں
r3247,"TWITCHING and jerking, stool, during, right","TWITCHING and jerking, stool, during, right",پیٹ — پھڑکن اور جھٹکے، پاخانے کے دوران، دائیں طرف,5,5,یکساں
r3258,TYMPANITIC (See Distension),TYMPANITIC (See Distension),پیٹ — ڈھول جیسا (ٹمپینک),0,0,یکساں
r3259,ULCERS,ULCERS,پیٹ — ناسور (زخم),31,19,ماخذی مطابق کیے
r3261,"ULCERS, inguinal region","ULCERS, Inguinal region",پیٹ — ناسور (زخم)، کچھوں کا علاقہ,8,8,یکساں
r3260,"ULCERS, spreading","ULCERS, spreading",پیٹ — ناسور (زخم)، پھیلتے ہوئے,1,1,یکساں
r3262,"ULCERS, umbilicus, about","ULCERS, Umbilicus, about",پیٹ — ناسور (زخم)، ناف کے گرد,13,13,یکساں
r3263,UNEASINESS (See Restlessness),UNEASINESS (See Restlessness),پیٹ — بے چینی,0,0,یکساں
r3264,VEINS distended,VEINS distended,پیٹ — رگیں، پھولی ہوئی,4,2,ماخذی مطابق کیے
r3266,"VEINS distended, inguinal region","VEINS distended, Inguinal region",پیٹ — رگیں، پھولی ہوئی، کچھوں کا علاقہ,1,1,یکساں
r3265,"VEINS distended, varicose","VEINS distended, varicose",پیٹ — رگیں، پھولی ہوئی، ویریکوز,2,2,یکساں
r3267,"WATER, as if full of","WATER, as if full of",پیٹ — پانی، جیسے بھرا ہوا,4,4,یکساں
r3268,"WEAKNESS, sense of","WEAKNESS, sense of",پیٹ — کمزوری کا احساس,48,30,ماخذی مطابق کیے
o3226,"WEAKNESS, sense of, diarrhoea, as if, would come on","WEAKNESS, sense of, diarrhœa, as if, would come on",پیٹ — کمزوری کا احساس، دست، جیسے آنے والے ہوں,1,1,یکساں
r3272,"WEAKNESS, sense of, drop, as if it would","WEAKNESS, sense of, drop, as if it would",پیٹ — کمزوری کا احساس، جیسے گر جائے گا,1,1,یکساں
r3273,"WEAKNESS, sense of, eructations amel.","WEAKNESS, sense of, eructations amel.",پیٹ — کمزوری کا احساس، ڈکار سے آرام,1,1,یکساں
r3270,"WEAKNESS, sense of, evening","WEAKNESS, sense of, evening",پیٹ — کمزوری کا احساس، شام,1,1,یکساں
r3280,"WEAKNESS, sense of, inguinal region","WEAKNESS, sense of, Inguinal region",پیٹ — کمزوری کا احساس، کچھوں کا علاقہ,6,6,یکساں
r3274,"WEAKNESS, sense of, menses, before","WEAKNESS, sense of, menses, before",پیٹ — کمزوری کا احساس، حیض سے پہلے,1,1,یکساں
r3269,"WEAKNESS, sense of, morning","WEAKNESS, sense of, morning",پیٹ — کمزوری کا احساس، صبح,2,2,یکساں
r3276,"WEAKNESS, sense of, stool, during","WEAKNESS, sense of, stool, during",پیٹ — کمزوری کا احساس، پاخانے کے دوران,2,2,یکساں
r3279,"WEAKNESS, sense of, walking, after","WEAKNESS, sense of, walking, after",پیٹ — کمزوری کا احساس، چلنے کے بعد,1,1,یکساں
o2,"ABSCESS, inguinal region","ABSCESS in walls, Inguinal region",پیٹ — پھوڑا، کچھوں کا علاقہ,4,4,یکساں
o259,"DROPSY, oedema","DROPSY ascites, œdema",پیٹ — استسقاء، پانی جمع ہونا (ایڈیما),6,6,یکساں
o2919,"PROTRUSION, umbilicus","PROTRUSION here and there as if a hernia would form, Umbilicus",پیٹ — ابھار، ناف,6,6,یکساں
o3129,"TENSION, hypochondria, extending, upwards","TENSION, Hypochondria, extending to back, upwards",پیٹ — تناؤ، بغل کے نچلے حصے میں، پھیلتا ہوا، اوپر کی طرف,1,1,یکساں
o3209,"TWITCHING and jerking, inguinal region, extending, penis","TWITCHING and jerking, Inguinal region, extending to back, penis",پیٹ — پھڑکن اور جھٹکے، کچھوں کا علاقہ، پھیلتے ہوئے، عضو تناسل تک,1,1,یکساں
o321,"ERUPTIONS, rash, itching violently","ERUPTIONS, rash before menses, itching violently",پیٹ — دانے، ریش، شدید خارش کے ساتھ,1,1,یکساں
o322,"ERUPTIONS, rash, red itching rash over the region of liver","ERUPTIONS, rash before menses, red itching rash over the region of liver",پیٹ — دانے، ریش، جگر کے علاقے پر سرخ خارش والے دانے,1,1,یکساں
o4,"ABSCESS, spleen","ABSCESS in walls, Spleen",پیٹ — پھوڑا، تلی میں,1,1,یکساں
o497,"HEAT, extending, head","HEAT, extending to chest, head",پیٹ — گرمی، پھیلتی ہوئی، سر تک,9,9,یکساں
o498,"HEAT, extending, shoulders","HEAT, extending to chest, shoulders",پیٹ — گرمی، پھیلتی ہوئی، کندھوں تک,1,1,یکساں
o60,"COLDNESS, extending, chest","COLDNESS, extending across, chest",پیٹ — ٹھنڈک، پھیلتی ہوئی، سینے تک,1,1,یکساں
o602,"ITCHING, inguinal region, scratching, does not amel.","ITCHING, Inguinal region, scratching amel., does not amel.",پیٹ — خارش، کچھوں کا علاقہ، کھرچنے سے آرام نہ ہو,1,1,یکساں
o61,"COLDNESS, extending, feet","COLDNESS, extending across, feet",پیٹ — ٹھنڈک، پھیلتی ہوئی، پاؤں تک,1,1,یکساں
o62,"COLDNESS, extending, rising up into mouth","COLDNESS, extending across, rising up into mouth",پیٹ — ٹھنڈک، پھیلتی ہوئی، منہ تک چڑھتی ہوئی,1,1,یکساں
o628,"MOVEMENTS, afternoon","MOVEMENTS in, afternoon",پیٹ — حرکت، سہ پہر,5,5,یکساں
o629,"MOVEMENTS, afternoon, 1 p.m.","MOVEMENTS in, afternoon, 1 p.m.",پیٹ — حرکت، سہ پہر 1 بجے,2,2,یکساں
o63,"COLDNESS, extending, to back","COLDNESS, extending across, to back",پیٹ — ٹھنڈک، پھیلتی ہوئی، پیٹھ تک,1,1,یکساں
o630,"MOVEMENTS, breakfast, after","MOVEMENTS in, breakfast, after",پیٹ — حرکت، ناشتے کے بعد,1,1,یکساں
o631,"MOVEMENTS, dinner, after","MOVEMENTS in, dinner, after",پیٹ — حرکت، دوپہر کے کھانے کے بعد,1,1,یکساں
o633,"MOVEMENTS, eating, while","MOVEMENTS in, eating, while",پیٹ — حرکت، کھاتے ہوئے,1,1,یکساں
o634,"MOVEMENTS, evening","MOVEMENTS in, evening",پیٹ — حرکت، شام,4,4,یکساں
o635,"MOVEMENTS, evening, while lying","MOVEMENTS in, evening, while lying",پیٹ — حرکت، شام، لیٹے ہوئے,2,2,یکساں
o636,"MOVEMENTS, fist of a foetus, like","MOVEMENTS in, fist of a fœtus, like",پیٹ — حرکت، جیسے بچے کی مٹھی,3,3,یکساں
o638,"MOVEMENTS, forenoon, stool, before","MOVEMENTS in, forenoon, stool, before",پیٹ — حرکت، دوپہر سے پہلے، پاخانے سے پہلے,1,1,یکساں
o639,"MOVEMENTS, herring, after","MOVEMENTS in, herring, after",پیٹ — حرکت، ہیرنگ مچھلی کے بعد,1,1,یکساں
o640,"MOVEMENTS, hypochondria","MOVEMENTS in, Hypochondria",پیٹ — حرکت، بغل کے نچلے حصے میں,1,1,یکساں
o641,"MOVEMENTS, hypogastrium","MOVEMENTS in, Hypogastrium",پیٹ — حرکت، ناف کے نیچے کے حصے میں,3,3,یکساں
o642,"MOVEMENTS, hypogastrium, after dinner, after stool","MOVEMENTS in, Hypogastrium, after dinner, after stool",پیٹ — حرکت، ناف کے نیچے کا حصہ، دوپہر کے کھانے کے بعد، پاخانے کے بعد,1,1,یکساں
o643,"MOVEMENTS, inguinal region","MOVEMENTS in, Inguinal region",پیٹ — حرکت، کچھوں کا علاقہ,1,1,یکساں
o644,"MOVEMENTS, jumping","MOVEMENTS in, jumping",پیٹ — حرکت، اچھلتی ہوئی,2,2,یکساں
o645,"MOVEMENTS, menses, before","MOVEMENTS in, menses, before",پیٹ — حرکت، حیض سے پہلے,5,5,یکساں
o647,"MOVEMENTS, morning","MOVEMENTS in, morning",پیٹ — حرکت، صبح,4,4,یکساں
o648,"MOVEMENTS, morning, in bed","MOVEMENTS in, morning, in bed",پیٹ — حرکت، صبح، بستر میں,1,1,یکساں
o649,"MOVEMENTS, morning, on waking","MOVEMENTS in, morning, on waking",پیٹ — حرکت، صبح جاگتے ہی,1,1,یکساں
o650,"MOVEMENTS, night","MOVEMENTS in, night",پیٹ — حرکت، رات,1,1,یکساں
o651,"MOVEMENTS, sides","MOVEMENTS in, Sides",پیٹ — حرکت، پہلوؤں میں,1,1,یکساں
o653,"MOVEMENTS, stool, before","MOVEMENTS in, stool, before",پیٹ — حرکت، پاخانے سے پہلے,13,13,یکساں
o654,"MOVEMENTS, umbilical region","MOVEMENTS in, Umbilical region",پیٹ — حرکت، ناف کا علاقہ,7,7,یکساں
o655,"MOVEMENTS, up and down, of something","MOVEMENTS in, up and down, of something",پیٹ — حرکت، کسی چیز کا اوپر نیچے ہونا,1,1,یکساں
o656,"MOVEMENTS, walking, while","MOVEMENTS in, walking, while",پیٹ — حرکت، چلتے ہوئے,1,1,یکساں
o657,"MOVEMENTS, water, as from","MOVEMENTS in, water, as from",پیٹ — حرکت، جیسے پانی کی,2,2,یکساں
o94,"CONSTRICTION, extending to, chest, before stool","CONSTRICTION, extending to bladder, chest, before stool",پیٹ — جکڑن، پھیلتی ہوئی، سینے تک، پاخانے سے پہلے,1,1,یکساں
o164,"DIARRHOEA, sensation as if, flatus, passing, amel.","DIARRHŒA, sensation as if, would come on, flatus, passing, amel.",پیٹ — دست، جیسے آنے ہوں، ریاح نکلنے سے آرام,2,2,یکساں
o336,"FALLING, out, sensation of, dinner, after","FALLING down, sensation of, out, sensation of, dinner, after",پیٹ — گرنے کا احساس، باہر نکلنے کا، دوپہر کے کھانے کے بعد,1,1,یکساں
o337,"FALLING, out, sensation of, stool, during","FALLING down, sensation of, out, sensation of, stool, during",پیٹ — گرنے کا احساس، باہر نکلنے کا، پاخانے کے دوران,1,1,یکساں
o338,"FALLING, out, sensation of, walk carefully, obliging him to","FALLING down, sensation of, out, sensation of, walk carefully, obliging him to",پیٹ — گرنے کا احساس، باہر نکلنے کا، مجبور ہو کہ احتیاط سے چلے,1,1,یکساں
o339,"FALLING, out, sensation of, walking, while","FALLING down, sensation of, out, sensation of, walking, while",پیٹ — گرنے کا احساس، باہر نکلنے کا، چلتے ہوئے,1,1,یکساں
r3005,"RESTLESSNESS, uneasiness, hypochondria, stool, before","RESTLESSNESS, uneasiness, etc., Hypochondria, stool, before",پیٹ — بے قراری، بے چینی، بغل کے نچلے حصے میں، پاخانے سے پہلے,1,1,یکساں
r3065,"RUMBLING, lying, abdomen, on, amel.","RUMBLING, lying, on, abdomen, on, amel.",پیٹ — گڑگڑاہٹ، پیٹ کے بل لیٹنے سے آرام,1,1,یکساں
r3066,"RUMBLING, lying, right side, on, while","RUMBLING, lying, on, right side, on, while",پیٹ — گڑگڑاہٹ، دائیں کروٹ لیٹے ہوئے,1,1,یکساں
r3067,"RUMBLING, lying, left side, on, while","RUMBLING, lying, on, left side, on, while",پیٹ — گڑگڑاہٹ، بائیں کروٹ لیٹے ہوئے,1,1,یکساں
r3275,"WEAKNESS, sense of, menses, as if, would come on","WEAKNESS, sense of, menses, before, as if, would come on",پیٹ — کمزوری کا احساس، حیض، جیسے آنے والا ہو,1,1,یکساں
r570,"HERNIA, inguinal, children, in, right","HERNIA, femoral, Inguinal, children, in, right",پیٹ — ہرنیا، کچھوں میں، بچوں میں، دائیں طرف,2,2,یکساں
r571,"HERNIA, inguinal, children, in, left","HERNIA, femoral, Inguinal, children, in, left",پیٹ — ہرنیا، کچھوں میں، بچوں میں، بائیں طرف,1,1,یکساں
o1012,"PAIN, cramping, griping, umbilicus, region of, evening, bed, in","PAIN, aching, dull pain (See Boring, Drawing, Distress, Digging, Gnawing, Pressing, etc.), cramping, griping, Umbilicus, region of, evening, bed, in",پیٹ — درد، اینٹھن والا، مروڑتے ہوئے، ناف کا علاقہ، شام، بستر میں,1,1,یکساں
o1013,"PAIN, cramping, griping, umbilicus, region of, evening, stool, during","PAIN, aching, dull pain (See Boring, Drawing, Distress, Digging, Gnawing, Pressing, etc.), cramping, griping, Umbilicus, region of, evening, stool, during",پیٹ — درد، اینٹھن والا، مروڑتے ہوئے، ناف کا علاقہ، شام، پاخانے کے دوران,1,1,یکساں
o1024,"PAIN, cramping, griping, umbilicus, region of, morning, bed, in","PAIN, aching, dull pain (See Boring, Drawing, Distress, Digging, Gnawing, Pressing, etc.), cramping, griping, Umbilicus, region of, morning, bed, in",پیٹ — درد، اینٹھن والا، مروڑتے ہوئے، ناف کا علاقہ، صبح، بستر میں,1,1,یکساں
o1025,"PAIN, cramping, griping, umbilicus, region of, morning, rising, after","PAIN, aching, dull pain (See Boring, Drawing, Distress, Digging, Gnawing, Pressing, etc.), cramping, griping, Umbilicus, region of, morning, rising, after",پیٹ — درد، اینٹھن والا، مروڑتے ہوئے، ناف کا علاقہ، صبح، اٹھنے کے بعد,1,1,یکساں
o1026,"PAIN, cramping, griping, umbilicus, region of, morning, waking, on","PAIN, aching, dull pain (See Boring, Drawing, Distress, Digging, Gnawing, Pressing, etc.), cramping, griping, Umbilicus, region of, morning, waking, on",پیٹ — درد، اینٹھن والا، مروڑتے ہوئے، ناف کا علاقہ، صبح جاگتے ہی,1,1,یکساں
o1029,"PAIN, cramping, griping, umbilicus, region of, night, bed, in","PAIN, aching, dull pain (See Boring, Drawing, Distress, Digging, Gnawing, Pressing, etc.), cramping, griping, Umbilicus, region of, night, bed, in",پیٹ — درد، اینٹھن والا، مروڑتے ہوئے، ناف کا علاقہ، رات، بستر میں,1,1,یکساں
o1030,"PAIN, cramping, griping, umbilicus, region of, night, waking, on","PAIN, aching, dull pain (See Boring, Drawing, Distress, Digging, Gnawing, Pressing, etc.), cramping, griping, Umbilicus, region of, night, waking, on",پیٹ — درد، اینٹھن والا، مروڑتے ہوئے، ناف کا علاقہ، رات، جاگنے پر,1,1,یکساں
o121,"CONSTRICTION, stool, diarrhoea, before","CONSTRICTION, stool, during, diarrhœa, before",پیٹ — جکڑن، دست سے پہلے,1,1,یکساں
o165,"DIARRHOEA, sensation as if, stool, after a normal","DIARRHŒA, sensation as if, would come on, stool, after a normal",پیٹ — دست، جیسے آنے ہوں، عام پاخانے کے بعد,5,5,یکساں
o3048,"RUMBLING, stool, diarrhoeic, after","RUMBLING, stool, before, diarrhœic, after",پیٹ — گڑگڑاہٹ، پاخانہ، دست والا، بعد,2,2,یکساں
o3049,"RUMBLING, stool, diarrhoeic, before","RUMBLING, stool, before, diarrhœic, before",پیٹ — گڑگڑاہٹ، پاخانہ، دست والا، پہلے,10,10,یکساں
o3050,"RUMBLING, stool, diarrhoeic, during","RUMBLING, stool, before, diarrhœic, during",پیٹ — گڑگڑاہٹ، پاخانہ، دست والا، دوران,5,5,یکساں
o334,"FALLING, from side to side, sensation as if intestines were, on turning in bed","FALLING down, sensation of, from side to side, sensation as if intestines were, on turning in bed",پیٹ — گرنے کا احساس، جیسے آنتیں بستر میں کروٹ لینے پر اِدھر اُدھر گر رہی ہوں,3,3,یکساں
o52,"COLDNESS, cold, wind, in","COLDNESS, cold drinks, after, wind, in",پیٹ — ٹھنڈک، ٹھنڈی ہوا میں,1,1,یکساں
r101,"CONSTRICTION, stool, desire for, during","CONSTRICTION, stool, during, desire for, during",پیٹ — جکڑن، پاخانے کی خواہش کے دوران,3,3,یکساں
r219,"DISTENSION, menses, suppressed, during","DISTENSION, menses, before, suppressed, during",پیٹ — پھیلاؤ، حیض رک جانے کے دوران,1,1,یکساں
r25,"BALL, as if, hypochondrium, left","BALL, as if, ascending to throat, Hypochondrium, left",پیٹ — گیند، جیسے بائیں بغل کے نچلے حصے میں,2,2,یکساں
r26,"BALL, as if, liver, as if a ball in","BALL, as if, ascending to throat, Liver, as if a ball in",پیٹ — گیند، جیسے جگر میں گیند ہو,1,1,یکساں
r2995,"RESTLESSNESS, uneasiness, breakfast, during","RESTLESSNESS, uneasiness, etc., breakfast, during",پیٹ — بے قراری، بے چینی، ناشتے کے دوران,1,1,یکساں
r2997,"RESTLESSNESS, uneasiness, drinking, after","RESTLESSNESS, uneasiness, etc., drinking, after",پیٹ — بے قراری، بے چینی، پینے کے بعد,2,2,یکساں
r2998,"RESTLESSNESS, uneasiness, eating, after","RESTLESSNESS, uneasiness, etc., eating, after",پیٹ — بے قراری، بے چینی، کھانے کے بعد,2,2,یکساں
r2999,"RESTLESSNESS, uneasiness, rest, during","RESTLESSNESS, uneasiness, etc., rest, during",پیٹ — بے قراری، بے چینی، آرام کے دوران,1,1,یکساں
r3000,"RESTLESSNESS, uneasiness, sleep, after","RESTLESSNESS, uneasiness, etc., sleep, after",پیٹ — بے قراری، بے چینی، نیند کے بعد,1,1,یکساں
r3001,"RESTLESSNESS, uneasiness, stool, before","RESTLESSNESS, uneasiness, etc., stool, before",پیٹ — بے قراری، بے چینی، پاخانے سے پہلے,1,1,یکساں
r3029,"RUMBLING, noon, eating, after","RUMBLING, noon, eating, while, after",پیٹ — گڑگڑاہٹ، دوپہر، کھانے کے بعد,1,1,یکساں
r3087,"RUMBLING, walking, open air, in","RUMBLING, walking, on, open air, in",پیٹ — گڑگڑاہٹ، کھلی ہوا میں چلنے سے,4,4,یکساں
r3138,"SWELLING, inguinal region, glands, of","SWELLING, mesenteric glands, Inguinal region, glands, of (See Bubo)",پیٹ — سوجن، کچھوں کا علاقہ، غدود کی,69,69,یکساں
r3140,"SWELLING, liver, abuse of quinine, after","SWELLING, mesenteric glands, Liver, abuse of quinine, after",پیٹ — سوجن، جگر، کوئینین کے زیادہ استعمال کے بعد,1,1,یکساں
r3141,"SWELLING, liver, mental exertion, after","SWELLING, mesenteric glands, Liver, mental exertion, after",پیٹ — سوجن، جگر، ذہنی محنت کے بعد,1,1,یکساں
r3144,"SWELLING, spleen, heat, during","SWELLING, mesenteric glands, Spleen, heat, during",پیٹ — سوجن، تلی، گرمی کے دوران,2,2,یکساں
r3145,"SWELLING, spleen, quinine, after","SWELLING, mesenteric glands, Spleen, quinine, after",پیٹ — سوجن، تلی، کوئینین کے بعد,1,1,یکساں
r3160,"TENSION, eating, roast lamb, after","TENSION, eating, on, roast lamb, after",پیٹ — تناؤ، بھنے میمنے کے بعد,1,1,یکساں
r3223,"TENSION, inguinal region, walking, amel.","TENSION, Inguinal region, walking, while, amel.",پیٹ — تناؤ، کچھوں کا علاقہ، چلنے سے آرام,1,1,یکساں
r3277,"WEAKNESS, sense of, stool, after","WEAKNESS, sense of, stool, during, after",پیٹ — کمزوری کا احساس، پاخانے کے بعد,16,16,یکساں
r3278,"WEAKNESS, sense of, stool, hard stool","WEAKNESS, sense of, stool, during, hard stool",پیٹ — کمزوری کا احساس، پاخانہ، سخت پاخانے کے ساتھ,2,2,یکساں
r398,"FULLNESS, forenoon, 11 a.m., after stool","FULLNESS, sensation of, forenoon, 11 a.m., after stool",پیٹ — بھراؤ، دوپہر سے پہلے، صبح 11 بجے، پاخانے کے بعد,1,1,یکساں
r413,"FULLNESS, flatus, passing, amel.","FULLNESS, sensation of, flatus, passing, amel.",پیٹ — بھراؤ، ریاح نکلنے سے آرام,4,4,یکساں
r426,"FULLNESS, hypochondria, eating, after","FULLNESS, sensation of, Hypochondria, eating, after",پیٹ — بھراؤ، بغل کے نچلے حصے میں، کھانے کے بعد,1,1,یکساں
r569,"HERNIA, inguinal, children, in","HERNIA, femoral, Inguinal, children, in",پیٹ — ہرنیا، کچھوں میں، بچوں میں,4,4,یکساں
r573,"HERNIA, inguinal, inflammation, with vomiting","HERNIA, femoral, Inguinal, inflammation, with vomiting",پیٹ — ہرنیا، کچھوں میں، سوزش کے ساتھ، قے کے ساتھ,6,6,یکساں
r59,"COLDNESS, drinking, spirituous drinks, after","COLDNESS, drinking, after, spirituous drinks, after",پیٹ — ٹھنڈک، پینے کے بعد، شرابی مشروبات کے بعد,1,1,یکساں
r621,"ITCHING, sides, scratching, amel.","ITCHING, Sides, scratching, after, amel.",پیٹ — خارش، پہلوؤں میں، کھرچنے سے آرام,2,2,یکساں
o1002,"PAIN, cramping, griping, umbilicus, region of, afternoon, 4 p.m.","PAIN, aching, dull pain (See Boring, Drawing, Distress, Digging, Gnawing, Pressing, etc.), cramping, griping, Umbilicus, region of, afternoon, 4 p.m.",پیٹ — درد، اینٹھن والا، مروڑتے ہوئے، ناف کا علاقہ، سہ پہر 4 بجے,1,1,یکساں
o1003,"PAIN, cramping, griping, umbilicus, region of, afternoon, 5 p.m.","PAIN, aching, dull pain (See Boring, Drawing, Distress, Digging, Gnawing, Pressing, etc.), cramping, griping, Umbilicus, region of, afternoon, 5 p.m.",پیٹ — درد، اینٹھن والا، مروڑتے ہوئے، ناف کا علاقہ، سہ پہر 5 بجے,2,2,یکساں
o1005,"PAIN, cramping, griping, umbilicus, region of, bending, forward amel.","PAIN, aching, dull pain (See Boring, Drawing, Distress, Digging, Gnawing, Pressing, etc.), cramping, griping, Umbilicus, region of, bending body, forward amel.",پیٹ — درد، اینٹھن والا، مروڑتے ہوئے، ناف کا علاقہ، آگے جھکنے سے آرام,3,3,یکساں
o1006,"PAIN, cramping, griping, umbilicus, region of, breakfast, after","PAIN, aching, dull pain (See Boring, Drawing, Distress, Digging, Gnawing, Pressing, etc.), cramping, griping, Umbilicus, region of, breakfast, after",پیٹ — درد، اینٹھن والا، مروڑتے ہوئے، ناف کا علاقہ، ناشتے کے بعد,2,2,یکساں
o1007,"PAIN, cramping, griping, umbilicus, region of, cold, after taking","PAIN, aching, dull pain (See Boring, Drawing, Distress, Digging, Gnawing, Pressing, etc.), cramping, griping, Umbilicus, region of, cold, after taking",پیٹ — درد، اینٹھن والا، مروڑتے ہوئے، ناف کا علاقہ، ٹھنڈ لگنے کے بعد,1,1,یکساں
o1008,"PAIN, cramping, griping, umbilicus, region of, diarrhoea, before","PAIN, aching, dull pain (See Boring, Drawing, Distress, Digging, Gnawing, Pressing, etc.), cramping, griping, Umbilicus, region of, diarrhœa, before",پیٹ — درد، اینٹھن والا، مروڑتے ہوئے، ناف کا علاقہ، دست سے پہلے,2,2,یکساں
o1009,"PAIN, cramping, griping, umbilicus, region of, dinner, after","PAIN, aching, dull pain (See Boring, Drawing, Distress, Digging, Gnawing, Pressing, etc.), cramping, griping, Umbilicus, region of, dinner, after",پیٹ — درد، اینٹھن والا، مروڑتے ہوئے، ناف کا علاقہ، دوپہر کے کھانے کے بعد,5,5,یکساں
o1010,"PAIN, cramping, griping, umbilicus, region of, eating, after","PAIN, aching, dull pain (See Boring, Drawing, Distress, Digging, Gnawing, Pressing, etc.), cramping, griping, Umbilicus, region of, eating, after",پیٹ — درد، اینٹھن والا، مروڑتے ہوئے، ناف کا علاقہ، کھانے کے بعد,7,7,یکساں
o1015,"PAIN, cramping, griping, umbilicus, region of, extending, anus","PAIN, aching, dull pain (See Boring, Drawing, Distress, Digging, Gnawing, Pressing, etc.), cramping, griping, Umbilicus, region of, extending to abdomen, anus",پیٹ — درد، اینٹھن والا، مروڑتے ہوئے، ناف کا علاقہ، پھیلتا ہوا، مقعد تک,1,1,یکساں
o1016,"PAIN, cramping, griping, umbilicus, region of, extending, downward","PAIN, aching, dull pain (See Boring, Drawing, Distress, Digging, Gnawing, Pressing, etc.), cramping, griping, Umbilicus, region of, extending to abdomen, downward",پیٹ — درد، اینٹھن والا، مروڑتے ہوئے، ناف کا علاقہ، پھیلتا ہوا، نیچے کی طرف,1,1,یکساں
o1017,"PAIN, cramping, griping, umbilicus, region of, extending, groin","PAIN, aching, dull pain (See Boring, Drawing, Distress, Digging, Gnawing, Pressing, etc.), cramping, griping, Umbilicus, region of, extending to abdomen, groin",پیٹ — درد، اینٹھن والا، مروڑتے ہوئے، ناف کا علاقہ، پھیلتا ہوا، کچھوں تک,1,1,یکساں
o1018,"PAIN, cramping, griping, umbilicus, region of, extending, stomach","PAIN, aching, dull pain (See Boring, Drawing, Distress, Digging, Gnawing, Pressing, etc.), cramping, griping, Umbilicus, region of, extending to abdomen, stomach",پیٹ — درد، اینٹھن والا، مروڑتے ہوئے، ناف کا علاقہ، پھیلتا ہوا، معدے تک,2,2,یکساں
o1019,"PAIN, cramping, griping, umbilicus, region of, extending, throat","PAIN, aching, dull pain (See Boring, Drawing, Distress, Digging, Gnawing, Pressing, etc.), cramping, griping, Umbilicus, region of, extending to abdomen, throat",پیٹ — درد، اینٹھن والا، مروڑتے ہوئے، ناف کا علاقہ، پھیلتا ہوا، گلے تک,1,1,یکساں
o1021,"PAIN, cramping, griping, umbilicus, region of, fruit, after","PAIN, aching, dull pain (See Boring, Drawing, Distress, Digging, Gnawing, Pressing, etc.), cramping, griping, Umbilicus, region of, fruit, after",پیٹ — درد، اینٹھن والا، مروڑتے ہوئے، ناف کا علاقہ، پھل کے بعد,1,1,یکساں
o1022,"PAIN, cramping, griping, umbilicus, region of, menses, before","PAIN, aching, dull pain (See Boring, Drawing, Distress, Digging, Gnawing, Pressing, etc.), cramping, griping, Umbilicus, region of, menses, before",پیٹ — درد، اینٹھن والا، مروڑتے ہوئے، ناف کا علاقہ، حیض سے پہلے,1,1,یکساں
o1033,"PAIN, cramping, griping, umbilicus, region of, sitting, while","PAIN, aching, dull pain (See Boring, Drawing, Distress, Digging, Gnawing, Pressing, etc.), cramping, griping, Umbilicus, region of, sitting, while",پیٹ — درد، اینٹھن والا، مروڑتے ہوئے، ناف کا علاقہ، بیٹھے ہوئے,2,2,یکساں
o1034,"PAIN, cramping, griping, umbilicus, region of, soup, after","PAIN, aching, dull pain (See Boring, Drawing, Distress, Digging, Gnawing, Pressing, etc.), cramping, griping, Umbilicus, region of, soup, after",پیٹ — درد، اینٹھن والا، مروڑتے ہوئے، ناف کا علاقہ، شوربے کے بعد,1,1,یکساں
o1035,"PAIN, cramping, griping, umbilicus, region of, sour food, after","PAIN, aching, dull pain (See Boring, Drawing, Distress, Digging, Gnawing, Pressing, etc.), cramping, griping, Umbilicus, region of, sour food, after",پیٹ — درد، اینٹھن والا، مروڑتے ہوئے، ناف کا علاقہ، کھٹے کھانے کے بعد,1,1,یکساں
o1037,"PAIN, cramping, griping, umbilicus, region of, stool, before","PAIN, aching, dull pain (See Boring, Drawing, Distress, Digging, Gnawing, Pressing, etc.), cramping, griping, Umbilicus, region of, stool, before",پیٹ — درد، اینٹھن والا، مروڑتے ہوئے، ناف کا علاقہ، پاخانے سے پہلے,7,7,یکساں
o1040,"PAIN, cramping, griping, umbilicus, region of, supper, after","PAIN, aching, dull pain (See Boring, Drawing, Distress, Digging, Gnawing, Pressing, etc.), cramping, griping, Umbilicus, region of, supper, after",پیٹ — درد، اینٹھن والا، مروڑتے ہوئے، ناف کا علاقہ، رات کے کھانے کے بعد,1,1,یکساں
o1041,"PAIN, cramping, griping, umbilicus, region of, walking, while","PAIN, aching, dull pain (See Boring, Drawing, Distress, Digging, Gnawing, Pressing, etc.), cramping, griping, Umbilicus, region of, walking, while",پیٹ — درد، اینٹھن والا، مروڑتے ہوئے، ناف کا علاقہ، چلتے ہوئے,2,2,یکساں
o2134,"PAIN, pressing, umbilicus, region of, afternoon, standing, while","PAIN, aching, dull pain (See Boring, Drawing, Distress, Digging, Gnawing, Pressing, etc.), pressing, Umbilicus, region of, afternoon, standing, while",پیٹ — درد، دبانے والا، ناف کا علاقہ، سہ پہر، کھڑے ہوئے,1,1,یکساں
o2139,"PAIN, pressing, umbilicus, region of, evening, bed, in","PAIN, aching, dull pain (See Boring, Drawing, Distress, Digging, Gnawing, Pressing, etc.), pressing, Umbilicus, region of, evening, bed, in",پیٹ — درد، دبانے والا، ناف کا علاقہ، شام، بستر میں,2,2,یکساں
o2141,"PAIN, pressing, umbilicus, region of, extending, chest, left","PAIN, aching, dull pain (See Boring, Drawing, Distress, Digging, Gnawing, Pressing, etc.), pressing, Umbilicus, region of, extending to anus, chest, left",پیٹ — درد، دبانے والا، ناف کا علاقہ، پھیلتا ہوا، بائیں سینے تک,1,1,یکساں
o2143,"PAIN, pressing, umbilicus, region of, hernia, as if, would protrude","PAIN, aching, dull pain (See Boring, Drawing, Distress, Digging, Gnawing, Pressing, etc.), pressing, Umbilicus, region of, hernia, as if, would protrude",پیٹ — درد، دبانے والا، ناف کا علاقہ، جیسے ہرنیا باہر نکلنے والا ہو,1,1,یکساں
o899,"PAIN, cramping, griping, hypogastrium, night, menses, before","PAIN, aching, dull pain (See Boring, Drawing, Distress, Digging, Gnawing, Pressing, etc.), cramping, griping, Hypogastrium, night, menses, before",پیٹ — درد، اینٹھن والا، مروڑتے ہوئے، ناف کے نیچے کے حصے میں، رات، حیض سے پہلے,1,1,یکساں
r1470,"PAIN, umbilicus, region of, night, midnight, stool, during","PAIN, aching, dull pain (See Boring, Drawing, Distress, Digging, Gnawing, Pressing, etc.), Umbilicus, region of, night, midnight, stool, during",پیٹ — درد، ناف کا علاقہ، رات، آدھی رات، پاخانے کے دوران,1,1,یکساں
r2020,"PAIN, cutting, umbilicus, region of, forenoon, menses, during","PAIN, aching, dull pain (See Boring, Drawing, Distress, Digging, Gnawing, Pressing, etc.), cutting, Umbilicus, region of, forenoon, menses, during",پیٹ — درد، کاٹتا ہوا، ناف کا علاقہ، دوپہر سے پہلے، حیض کے دوران,1,1,یکساں
r2033,"PAIN, cutting, umbilicus, region of, flatus, passing, amel.","PAIN, aching, dull pain (See Boring, Drawing, Distress, Digging, Gnawing, Pressing, etc.), cutting, Umbilicus, region of, flatus, passing, amel.",پیٹ — درد، کاٹتا ہوا، ناف کا علاقہ، ریاح نکلنے سے آرام,1,1,یکساں
o1004,"PAIN, cramping, griping, umbilicus, region of, bending body","PAIN, aching, dull pain (See Boring, Drawing, Distress, Digging, Gnawing, Pressing, etc.), cramping, griping, Umbilicus, region of, bending body",پیٹ — درد، اینٹھن والا، مروڑتے ہوئے، ناف کا علاقہ، جسم جھکانے سے,1,1,یکساں
o1014,"PAIN, cramping, griping, umbilicus, region of, extending to abdomen","PAIN, aching, dull pain (See Boring, Drawing, Distress, Digging, Gnawing, Pressing, etc.), cramping, griping, Umbilicus, region of, extending to abdomen",پیٹ — درد، اینٹھن والا، مروڑتے ہوئے، ناف کا علاقہ، پیٹ تک پھیلتا ہوا,1,1,یکساں
o1020,"PAIN, cramping, griping, umbilicus, region of, forenoon","PAIN, aching, dull pain (See Boring, Drawing, Distress, Digging, Gnawing, Pressing, etc.), cramping, griping, Umbilicus, region of, forenoon",پیٹ — درد، اینٹھن والا، مروڑتے ہوئے، ناف کا علاقہ، دوپہر سے پہلے,3,3,یکساں
o1023,"PAIN, cramping, griping, umbilicus, region of, morning","PAIN, aching, dull pain (See Boring, Drawing, Distress, Digging, Gnawing, Pressing, etc.), cramping, griping, Umbilicus, region of, morning",پیٹ — درد، اینٹھن والا، مروڑتے ہوئے، ناف کا علاقہ، صبح,5,5,یکساں
o1027,"PAIN, cramping, griping, umbilicus, region of, motion","PAIN, aching, dull pain (See Boring, Drawing, Distress, Digging, Gnawing, Pressing, etc.), cramping, griping, Umbilicus, region of, motion",پیٹ — درد، اینٹھن والا، مروڑتے ہوئے، ناف کا علاقہ، حرکت,1,1,یکساں
o1028,"PAIN, cramping, griping, umbilicus, region of, night","PAIN, aching, dull pain (See Boring, Drawing, Distress, Digging, Gnawing, Pressing, etc.), cramping, griping, Umbilicus, region of, night",پیٹ — درد، اینٹھن والا، مروڑتے ہوئے، ناف کا علاقہ، رات,4,4,یکساں
o1031,"PAIN, cramping, griping, umbilicus, region of, noon","PAIN, aching, dull pain (See Boring, Drawing, Distress, Digging, Gnawing, Pressing, etc.), cramping, griping, Umbilicus, region of, noon",پیٹ — درد، اینٹھن والا، مروڑتے ہوئے، ناف کا علاقہ، دوپہر,1,1,یکساں
o1036,"PAIN, cramping, griping, umbilicus, region of, standing","PAIN, aching, dull pain (See Boring, Drawing, Distress, Digging, Gnawing, Pressing, etc.), cramping, griping, Umbilicus, region of, standing",پیٹ — درد، اینٹھن والا، مروڑتے ہوئے، ناف کا علاقہ، کھڑے ہونے سے,2,2,یکساں
o1039,"PAIN, cramping, griping, umbilicus, region of, stooping","PAIN, aching, dull pain (See Boring, Drawing, Distress, Digging, Gnawing, Pressing, etc.), cramping, griping, Umbilicus, region of, stooping",پیٹ — درد، اینٹھن والا، مروڑتے ہوئے، ناف کا علاقہ، جھکنے سے,1,1,یکساں
o1232,"PAIN, cutting, umbilicus, region of, diarrhoea, after","PAIN, aching, dull pain (See Boring, Drawing, Distress, Digging, Gnawing, Pressing, etc.), cutting, Umbilicus, region of, diarrhœa, after",پیٹ — درد، کاٹتا ہوا، ناف کا علاقہ، دست کے بعد,2,2,یکساں
o1251,"PAIN, cutting, umbilicus, region of, pressure, amel.","PAIN, aching, dull pain (See Boring, Drawing, Distress, Digging, Gnawing, Pressing, etc.), cutting, Umbilicus, region of, pressure agg., amel.",پیٹ — درد، کاٹتا ہوا، ناف کا علاقہ، دباؤ سے آرام,2,2,یکساں
o1347,"PAIN, drawing, hypochondria, extending, to, legs","PAIN, aching, dull pain (See Boring, Drawing, Distress, Digging, Gnawing, Pressing, etc.), drawing, Hypochondria, extending downward, to hip, legs",پیٹ — درد، کھینچتا ہوا، بغل کے نچلے حصے میں، پھیلتا ہوا، ٹانگوں تک,1,1,یکساں
o1348,"PAIN, drawing, hypochondria, extending, to, small of back","PAIN, aching, dull pain (See Boring, Drawing, Distress, Digging, Gnawing, Pressing, etc.), drawing, Hypochondria, extending downward, to hip, small of back",پیٹ — درد، کھینچتا ہوا، بغل کے نچلے حصے میں، پھیلتا ہوا، کمر کے نچلے حصے تک,2,2,یکساں
o1349,"PAIN, drawing, hypochondria, extending, to, spine","PAIN, aching, dull pain (See Boring, Drawing, Distress, Digging, Gnawing, Pressing, etc.), drawing, Hypochondria, extending downward, to hip, spine",پیٹ — درد، کھینچتا ہوا، بغل کے نچلے حصے میں، پھیلتا ہوا، ریڑھ کی ہڈی تک,1,1,یکساں
o1350,"PAIN, drawing, hypochondria, extending, to, thighs","PAIN, aching, dull pain (See Boring, Drawing, Distress, Digging, Gnawing, Pressing, etc.), drawing, Hypochondria, extending downward, to hip, thighs",پیٹ — درد، کھینچتا ہوا، بغل کے نچلے حصے میں، پھیلتا ہوا، رانوں تک,1,1,یکساں
o1369,"PAIN, drawing, inguinal region, extending, to, testicles","PAIN, aching, dull pain (See Boring, Drawing, Distress, Digging, Gnawing, Pressing, etc.), drawing, Inguinal region, extending around pelvis, to pubis, testicles",پیٹ — درد، کھینچتا ہوا، کچھوں کا علاقہ، پھیلتا ہوا، خصیوں تک,3,3,یکساں
o163,"DIARRHOEA, sensation as if, eructations amel.","DIARRHŒA, sensation as if, would come on, eructations amel.",پیٹ — دست، جیسے آنے ہوں، ڈکار سے آرام,2,2,یکساں
o1669,"PAIN, hypogastrium, menses, before, extending, umbilicus","PAIN, aching, dull pain (See Boring, Drawing, Distress, Digging, Gnawing, Pressing, etc.), Hypogastrium, menses, before, extending to back, umbilicus",پیٹ — درد، ناف کے نیچے کے حصے میں، حیض سے پہلے، پھیلتا ہوا، ناف تک,4,4,یکساں
o1771,"PAIN, inguinal region, hernia, as from a, walking, amel.","PAIN, aching, dull pain (See Boring, Drawing, Distress, Digging, Gnawing, Pressing, etc.), Inguinal region, hernia, as from a, walking agg., amel.",پیٹ — درد، کچھوں کا علاقہ، ہرنیا، جیسے ہرنیا ہو، چلنے سے آرام,1,1,یکساں
o1882,"PAIN, liver, lying, painless side, on, amel.","PAIN, aching, dull pain (See Boring, Drawing, Distress, Digging, Gnawing, Pressing, etc.), Liver, lying on back, painless side, on, amel.",پیٹ — درد، جگر، بے درد طرف لیٹنے سے آرام,1,1,یکساں
o2005,"PAIN, pressing, hypochondria, extending, outward, when lying on that (right) side","PAIN, aching, dull pain (See Boring, Drawing, Distress, Digging, Gnawing, Pressing, etc.), pressing, Hypochondria, extending to abdomen, outward, when lying on that (right) side",پیٹ — درد، دبانے والا، بغل کے نچلے حصے میں، پھیلتا ہوا، باہر کی طرف، اُس (دائیں) کروٹ لیٹنے پر,1,1,یکساں
o2007,"PAIN, pressing, hypochondria, extending, to, spleen","PAIN, aching, dull pain (See Boring, Drawing, Distress, Digging, Gnawing, Pressing, etc.), pressing, Hypochondria, extending to abdomen, to scapula, spleen",پیٹ — درد، دبانے والا، بغل کے نچلے حصے میں، پھیلتا ہوا، تلی تک,1,1,یکساں
o2133,"PAIN, pressing, umbilicus, region of, afternoon, 4 p.m.","PAIN, aching, dull pain (See Boring, Drawing, Distress, Digging, Gnawing, Pressing, etc.), pressing, Umbilicus, region of, afternoon, 4 p.m.",پیٹ — درد، دبانے والا، ناف کا علاقہ، سہ پہر 4 بجے,1,1,یکساں
o2135,"PAIN, pressing, umbilicus, region of, button, as from","PAIN, aching, dull pain (See Boring, Drawing, Distress, Digging, Gnawing, Pressing, etc.), pressing, Umbilicus, region of, button, as from",پیٹ — درد، دبانے والا، ناف کا علاقہ، جیسے بٹن سے دباؤ,2,2,یکساں
o2136,"PAIN, pressing, umbilicus, region of, coughing, on","PAIN, aching, dull pain (See Boring, Drawing, Distress, Digging, Gnawing, Pressing, etc.), pressing, Umbilicus, region of, coughing, on",پیٹ — درد، دبانے والا، ناف کا علاقہ، کھانسنے پر,1,1,یکساں
o2137,"PAIN, pressing, umbilicus, region of, eating, after","PAIN, aching, dull pain (See Boring, Drawing, Distress, Digging, Gnawing, Pressing, etc.), pressing, Umbilicus, region of, eating, after",پیٹ — درد، دبانے والا، ناف کا علاقہ، کھانے کے بعد,1,1,یکساں
o2142,"PAIN, pressing, umbilicus, region of, extending, epigastrium","PAIN, aching, dull pain (See Boring, Drawing, Distress, Digging, Gnawing, Pressing, etc.), pressing, Umbilicus, region of, extending to anus, epigastrium",پیٹ — درد، دبانے والا، ناف کا علاقہ، پھیلتا ہوا، معدے کے اوپری حصے تک,1,1,یکساں
o2146,"PAIN, pressing, umbilicus, region of, plug, like a","PAIN, aching, dull pain (See Boring, Drawing, Distress, Digging, Gnawing, Pressing, etc.), pressing, Umbilicus, region of, plug, like a",پیٹ — درد، دبانے والا، ناف کا علاقہ، جیسے کوئی ڈاٹ لگا ہو,2,2,یکساں
o2148,"PAIN, pressing, umbilicus, region of, stooping, on","PAIN, aching, dull pain (See Boring, Drawing, Distress, Digging, Gnawing, Pressing, etc.), pressing, Umbilicus, region of, stooping, on",پیٹ — درد، دبانے والا، ناف کا علاقہ، جھکنے پر,1,1,یکساں
o2149,"PAIN, pressing, umbilicus, region of, walking in open air, while","PAIN, aching, dull pain (See Boring, Drawing, Distress, Digging, Gnawing, Pressing, etc.), pressing, Umbilicus, region of, walking in open air, while",پیٹ — درد، دبانے والا، ناف کا علاقہ، کھلی ہوا میں چلتے ہوئے,1,1,یکساں
o2704,"PAIN, tearing, ilium, crest of, extending, upward","PAIN, aching, dull pain (See Boring, Drawing, Distress, Digging, Gnawing, Pressing, etc.), tearing, Ilium, crest of, extending into gluteal muscles, upward",پیٹ — درد، چیرتا ہوا، کولھے کی ہڈی کا کنارہ، پھیلتا ہوا، اوپر کی طرف,1,1,یکساں
o2795,"PAIN, umbilicus, extending, pudendum, coughing, when","PAIN, aching, dull pain (See Boring, Drawing, Distress, Digging, Gnawing, Pressing, etc.), Umbilicus, extending to anus, pudendum, coughing, when",پیٹ — درد، ناف، پھیلتا ہوا، شرمگاہ تک، کھانستے وقت,1,1,یکساں
o3051,"RUMBLING, stool, during","RUMBLING, stool, before, during",پیٹ — گڑگڑاہٹ، پاخانے کے دوران,15,15,یکساں
o3114,"TENSION, eating, after","TENSION, eating, on, after",پیٹ — تناؤ، کھانے کے بعد,6,6,یکساں
o335,"FALLING, out, sensation of","FALLING down, sensation of, out, sensation of",پیٹ — گرنے کا احساس، باہر نکلنے کا,7,7,یکساں
o384,"FLATULENCE, stool, during","FLATULENCE (See Rumbling), stool, before, during",پیٹ — ریاح، پاخانے کے دوران,8,8,یکساں
o398,"FULLNESS, diarrhoea, during","FULLNESS, sensation of, diarrhœa, during",پیٹ — بھراؤ، دست کے دوران,1,1,یکساں
o632,"MOVEMENTS, eating, after","MOVEMENTS in, eating, while, after",پیٹ — حرکت، کھانے کے بعد,2,2,یکساں
o646,"MOVEMENTS, menses, during","MOVEMENTS in, menses, before, during",پیٹ — حرکت، حیض کے دوران,2,2,یکساں
o652,"MOVEMENTS, stool, after","MOVEMENTS in, stool, before, after",پیٹ — حرکت، پاخانے کے بعد,3,3,یکساں
o836,"PAIN, cramping, griping, air, cold, in","PAIN, aching, dull pain (See Boring, Drawing, Distress, Digging, Gnawing, Pressing, etc.), cramping, griping, air, cold, in",پیٹ — درد، اینٹھن والا، مروڑتے ہوئے، ٹھنڈی ہوا میں,2,2,یکساں
o875,"PAIN, cramping, griping, hypochondria, coughing, on","PAIN, aching, dull pain (See Boring, Drawing, Distress, Digging, Gnawing, Pressing, etc.), cramping, griping, Hypochondria, coughing, on",پیٹ — درد، اینٹھن والا، مروڑتے ہوئے، بغل کے نچلے حصے میں، کھانسنے پر,1,1,یکساں
o879,"PAIN, cramping, griping, hypochondria, extending, downward","PAIN, aching, dull pain (See Boring, Drawing, Distress, Digging, Gnawing, Pressing, etc.), cramping, griping, Hypochondria, extending cross back, downward",پیٹ — درد، اینٹھن والا، مروڑتے ہوئے، بغل کے نچلے حصے میں، نیچے کی طرف پھیلتا ہوا,1,1,یکساں
o880,"PAIN, cramping, griping, hypochondria, menses, before","PAIN, aching, dull pain (See Boring, Drawing, Distress, Digging, Gnawing, Pressing, etc.), cramping, griping, Hypochondria, menses, before",پیٹ — درد، اینٹھن والا، مروڑتے ہوئے، بغل کے نچلے حصے میں، حیض سے پہلے,1,1,یکساں
o883,"PAIN, cramping, griping, hypochondria, respiration, deep","PAIN, aching, dull pain (See Boring, Drawing, Distress, Digging, Gnawing, Pressing, etc.), cramping, griping, Hypochondria, respiration, deep",پیٹ — درد، اینٹھن والا، مروڑتے ہوئے، بغل کے نچلے حصے میں، گہری سانس,1,1,یکساں
o885,"PAIN, cramping, griping, hypochondria, stooping, on","PAIN, aching, dull pain (See Boring, Drawing, Distress, Digging, Gnawing, Pressing, etc.), cramping, griping, Hypochondria, stooping, on",پیٹ — درد، اینٹھن والا، مروڑتے ہوئے، بغل کے نچلے حصے میں، جھکنے پر,1,1,یکساں
o887,"PAIN, cramping, griping, hypochondria, walking, while","PAIN, aching, dull pain (See Boring, Drawing, Distress, Digging, Gnawing, Pressing, etc.), cramping, griping, Hypochondria, walking, while",پیٹ — درد، اینٹھن والا، مروڑتے ہوئے، بغل کے نچلے حصے میں، چلتے ہوئے,1,1,یکساں
o889,"PAIN, cramping, griping, hypogastrium, bending double, compelling","PAIN, aching, dull pain (See Boring, Drawing, Distress, Digging, Gnawing, Pressing, etc.), cramping, griping, Hypogastrium, bending double, compelling",پیٹ — درد، اینٹھن والا، مروڑتے ہوئے، ناف کے نیچے کے حصے میں، دہرا ہونے پر مجبور کرے,1,1,یکساں
o891,"PAIN, cramping, griping, hypogastrium, eating, after","PAIN, aching, dull pain (See Boring, Drawing, Distress, Digging, Gnawing, Pressing, etc.), cramping, griping, Hypogastrium, eating, after",پیٹ — درد، اینٹھن والا، مروڑتے ہوئے، ناف کے نیچے کے حصے میں، کھانے کے بعد,1,1,یکساں
o895,"PAIN, cramping, griping, hypogastrium, menses, before","PAIN, aching, dull pain (See Boring, Drawing, Distress, Digging, Gnawing, Pressing, etc.), cramping, griping, Hypogastrium, menses, before",پیٹ — درد، اینٹھن والا، مروڑتے ہوئے، ناف کے نیچے کے حصے میں، حیض سے پہلے,11,11,یکساں
o902,"PAIN, cramping, griping, hypogastrium, stool, before","PAIN, aching, dull pain (See Boring, Drawing, Distress, Digging, Gnawing, Pressing, etc.), cramping, griping, Hypogastrium, stool, before",پیٹ — درد، اینٹھن والا، مروڑتے ہوئے، ناف کے نیچے کے حصے میں، پاخانے سے پہلے,4,4,یکساں
o904,"PAIN, cramping, griping, hypogastrium, stooping, on","PAIN, aching, dull pain (See Boring, Drawing, Distress, Digging, Gnawing, Pressing, etc.), cramping, griping, Hypogastrium, stooping, on",پیٹ — درد، اینٹھن والا، مروڑتے ہوئے، ناف کے نیچے کے حصے میں، جھکنے پر,1,1,یکساں
o905,"PAIN, cramping, griping, hypogastrium, supper, after","PAIN, aching, dull pain (See Boring, Drawing, Distress, Digging, Gnawing, Pressing, etc.), cramping, griping, Hypogastrium, supper, after",پیٹ — درد، اینٹھن والا، مروڑتے ہوئے، ناف کے نیچے کے حصے میں، رات کے کھانے کے بعد,1,1,یکساں
o906,"PAIN, cramping, griping, hypogastrium, urination, before","PAIN, aching, dull pain (See Boring, Drawing, Distress, Digging, Gnawing, Pressing, etc.), cramping, griping, Hypogastrium, urination, before",پیٹ — درد، اینٹھن والا، مروڑتے ہوئے، ناف کے نیچے کے حصے میں، پیشاب سے پہلے,1,1,یکساں
o908,"PAIN, cramping, griping, hypogastrium, walking, in open air","PAIN, aching, dull pain (See Boring, Drawing, Distress, Digging, Gnawing, Pressing, etc.), cramping, griping, Hypogastrium, walking, in open air",پیٹ — درد، اینٹھن والا، مروڑتے ہوئے، ناف کے نیچے کے حصے میں، کھلی ہوا میں چلنے سے,2,2,یکساں
o914,"PAIN, cramping, griping, inguinal region, afternoon, 3 p.m.","PAIN, aching, dull pain (See Boring, Drawing, Distress, Digging, Gnawing, Pressing, etc.), cramping, griping, Inguinal region, afternoon, 3 p.m.",پیٹ — درد، اینٹھن والا، مروڑتے ہوئے، کچھوں کا علاقہ، سہ پہر 3 بجے,1,1,یکساں
o918,"PAIN, cramping, griping, inguinal region, forenoon, 11 a.m.","PAIN, aching, dull pain (See Boring, Drawing, Distress, Digging, Gnawing, Pressing, etc.), cramping, griping, Inguinal region, forenoon, 11 a.m.",پیٹ — درد، اینٹھن والا، مروڑتے ہوئے، کچھوں کا علاقہ، دوپہر سے پہلے، صبح 11 بجے,1,1,یکساں
o921,"PAIN, cramping, griping, inguinal region, menses, during","PAIN, aching, dull pain (See Boring, Drawing, Distress, Digging, Gnawing, Pressing, etc.), cramping, griping, Inguinal region, menses, during",پیٹ — درد، اینٹھن والا، مروڑتے ہوئے، کچھوں کا علاقہ، حیض کے دوران,1,1,یکساں
o927,"PAIN, cramping, griping, inguinal region, sitting, while","PAIN, aching, dull pain (See Boring, Drawing, Distress, Digging, Gnawing, Pressing, etc.), cramping, griping, Inguinal region, sitting, while",پیٹ — درد، اینٹھن والا، مروڑتے ہوئے، کچھوں کا علاقہ، بیٹھے ہوئے,2,2,یکساں
o928,"PAIN, cramping, griping, inguinal region, stool, during","PAIN, aching, dull pain (See Boring, Drawing, Distress, Digging, Gnawing, Pressing, etc.), cramping, griping, Inguinal region, stool, during",پیٹ — درد، اینٹھن والا، مروڑتے ہوئے، کچھوں کا علاقہ، پاخانے کے دوران,1,1,یکساں
o929,"PAIN, cramping, griping, inguinal region, stretching, on","PAIN, aching, dull pain (See Boring, Drawing, Distress, Digging, Gnawing, Pressing, etc.), cramping, griping, Inguinal region, stretching, on",پیٹ — درد، اینٹھن والا، مروڑتے ہوئے، کچھوں کا علاقہ، تانی لینے پر,1,1,یکساں
o930,"PAIN, cramping, griping, inguinal region, walking, while","PAIN, aching, dull pain (See Boring, Drawing, Distress, Digging, Gnawing, Pressing, etc.), cramping, griping, Inguinal region, walking, while",پیٹ — درد، اینٹھن والا، مروڑتے ہوئے، کچھوں کا علاقہ، چلتے ہوئے,3,3,یکساں
o948,"PAIN, cramping, griping, morning, bed, in","PAIN, aching, dull pain (See Boring, Drawing, Distress, Digging, Gnawing, Pressing, etc.), cramping, griping, morning, bed, in",پیٹ — درد، اینٹھن والا، مروڑتے ہوئے، صبح، بستر میں,7,7,یکساں
o949,"PAIN, cramping, griping, morning, fasting, from","PAIN, aching, dull pain (See Boring, Drawing, Distress, Digging, Gnawing, Pressing, etc.), cramping, griping, morning, fasting, from",پیٹ — درد، اینٹھن والا، مروڑتے ہوئے، صبح، فاقے سے,1,1,یکساں
o950,"PAIN, cramping, griping, morning, rising, on","PAIN, aching, dull pain (See Boring, Drawing, Distress, Digging, Gnawing, Pressing, etc.), cramping, griping, morning, rising, on",پیٹ — درد، اینٹھن والا، مروڑتے ہوئے، صبح، اٹھنے پر,2,2,یکساں
o962,"PAIN, cramping, griping, night, midnight, after","PAIN, aching, dull pain (See Boring, Drawing, Distress, Digging, Gnawing, Pressing, etc.), cramping, griping, night, midnight, after",پیٹ — درد، اینٹھن والا، مروڑتے ہوئے، رات، آدھی رات کے بعد,1,1,یکساں
o963,"PAIN, cramping, griping, night, uncovering, on","PAIN, aching, dull pain (See Boring, Drawing, Distress, Digging, Gnawing, Pressing, etc.), cramping, griping, night, uncovering, on",پیٹ — درد، اینٹھن والا، مروڑتے ہوئے، رات، کھولنے پر,1,1,یکساں
o974,"PAIN, cramping, griping, sides, left, to right","PAIN, aching, dull pain (See Boring, Drawing, Distress, Digging, Gnawing, Pressing, etc.), cramping, griping, Sides, left, to right",پیٹ — درد، اینٹھن والا، مروڑتے ہوئے، بائیں پہلو سے دائیں تک,2,2,یکساں
o976,"PAIN, cramping, griping, sides, right, lying on left","PAIN, aching, dull pain (See Boring, Drawing, Distress, Digging, Gnawing, Pressing, etc.), cramping, griping, Sides, right, lying on left",پیٹ — درد، اینٹھن والا، مروڑتے ہوئے، دائیں پہلو میں، بائیں کروٹ لیٹنے پر,1,1,یکساں
o978,"PAIN, cramping, griping, sides, sitting, while","PAIN, aching, dull pain (See Boring, Drawing, Distress, Digging, Gnawing, Pressing, etc.), cramping, griping, Sides, sitting, while",پیٹ — درد، اینٹھن والا، مروڑتے ہوئے، پہلوؤں میں، بیٹھے ہوئے,1,1,یکساں
o980,"PAIN, cramping, griping, sides, stool, before","PAIN, aching, dull pain (See Boring, Drawing, Distress, Digging, Gnawing, Pressing, etc.), cramping, griping, Sides, stool, before",پیٹ — درد، اینٹھن والا، مروڑتے ہوئے، پہلوؤں میں، پاخانے سے پہلے,1,1,یکساں
r137,"CONTRACTION, menses, after","CONTRACTION, menses, before, after",پیٹ — سکڑاؤ، حیض کے بعد,2,2,یکساں
r140,"CONTRACTION, stool, after","CONTRACTION, stool, during, after",پیٹ — سکڑاؤ، پاخانے کے بعد,2,2,یکساں
r142,"CONTRACTION, walking, in open air must","CONTRACTION, walking, while, in open air must",پیٹ — سکڑاؤ، کھلی ہوا میں چلنا پڑے,1,1,یکساں
r1456,"PAIN, umbilicus, region of, morning, waking, on","PAIN, aching, dull pain (See Boring, Drawing, Distress, Digging, Gnawing, Pressing, etc.), Umbilicus, region of, morning, waking, on",پیٹ — درد، ناف کا علاقہ، صبح جاگتے ہی,1,1,یکساں
r1471,"PAIN, umbilicus, region of, night, midnight, after","PAIN, aching, dull pain (See Boring, Drawing, Distress, Digging, Gnawing, Pressing, etc.), Umbilicus, region of, night, midnight, after",پیٹ — درد، ناف کا علاقہ، رات، آدھی رات کے بعد,1,1,یکساں
r1483,"PAIN, umbilicus, region of, menses, as if, would appear","PAIN, aching, dull pain (See Boring, Drawing, Distress, Digging, Gnawing, Pressing, etc.), Umbilicus, region of, menses, as if, would appear",پیٹ — درد، ناف کا علاقہ، جیسے حیض آنے والا ہو,1,1,یکساں
r1534,"PAIN, burning, hypochondria, left, deep breathing, on","PAIN, aching, dull pain (See Boring, Drawing, Distress, Digging, Gnawing, Pressing, etc.), burning, Hypochondria, left, deep breathing, on",پیٹ — درد، جلتا ہوا، بائیں بغل کے نچلے حصے میں، گہری سانس لینے پر,1,1,یکساں
r1586,"PAIN, burning, umbilicus, region of, dinner, after","PAIN, aching, dull pain (See Boring, Drawing, Distress, Digging, Gnawing, Pressing, etc.), burning, Umbilicus, region of, dinner, after",پیٹ — درد، جلتا ہوا، ناف کا علاقہ، دوپہر کے کھانے کے بعد,1,1,یکساں
r1587,"PAIN, burning, umbilicus, region of, stool, before","PAIN, aching, dull pain (See Boring, Drawing, Distress, Digging, Gnawing, Pressing, etc.), burning, Umbilicus, region of, stool, before",پیٹ — درد، جلتا ہوا، ناف کا علاقہ، پاخانے سے پہلے,1,1,یکساں
r1588,"PAIN, burning, umbilicus, region of, urination, during","PAIN, aching, dull pain (See Boring, Drawing, Distress, Digging, Gnawing, Pressing, etc.), burning, Umbilicus, region of, urination, during",پیٹ — درد، جلتا ہوا، ناف کا علاقہ، پیشاب کے دوران,1,1,یکساں
r1589,"PAIN, burning, umbilicus, region of, walking, while","PAIN, aching, dull pain (See Boring, Drawing, Distress, Digging, Gnawing, Pressing, etc.), burning, Umbilicus, region of, walking, while",پیٹ — درد، جلتا ہوا، ناف کا علاقہ، چلتے ہوئے,1,1,یکساں
r16,"ANXIETY in, stool, after","ANXIETY in, stool, before, after",پیٹ — بے چینی، پاخانے کے بعد,18,18,یکساں
r177,"DISCOLORATION, redness, spots","DISCOLORATION, blackness, redness, spots",پیٹ — رنگت بدلنا، سرخی، دھبے,10,10,یکساں
r179,"DISCOLORATION, yellow, brown spots","DISCOLORATION, blackness, yellow, brown spots",پیٹ — رنگت بدلنا، زردی، بھورے دھبے,2,2,یکساں
r180,"DISCOLORATION, yellow, spots","DISCOLORATION, blackness, yellow, spots",پیٹ — رنگت بدلنا، زردی، دھبے,10,10,یکساں
r1804,"PAIN, cramping, griping, morning, waking, on","PAIN, aching, dull pain (See Boring, Drawing, Distress, Digging, Gnawing, Pressing, etc.), cramping, griping, morning, waking, on",پیٹ — درد، اینٹھن والا، مروڑتے ہوئے، صبح جاگنے پر,6,6,یکساں
r1810,"PAIN, cramping, griping, evening, bed, in","PAIN, aching, dull pain (See Boring, Drawing, Distress, Digging, Gnawing, Pressing, etc.), cramping, griping, evening, bed, in",پیٹ — درد، اینٹھن والا، مروڑتے ہوئے، شام، بستر میں,2,2,یکساں
r1812,"PAIN, cramping, griping, night, bed, in","PAIN, aching, dull pain (See Boring, Drawing, Distress, Digging, Gnawing, Pressing, etc.), cramping, griping, night, bed, in",پیٹ — درد، اینٹھن والا، مروڑتے ہوئے، رات، بستر میں,2,2,یکساں
r1939,"PAIN, cutting, hypochondria, right, breakfast, after","PAIN, aching, dull pain (See Boring, Drawing, Distress, Digging, Gnawing, Pressing, etc.), cutting, Hypochondria, right, breakfast, after",پیٹ — درد، کاٹتا ہوا، دائیں بغل کے نچلے حصے میں، ناشتے کے بعد,1,1,یکساں
r1965,"PAIN, cutting, hypogastrium, stool, after, amel.","PAIN, aching, dull pain (See Boring, Drawing, Distress, Digging, Gnawing, Pressing, etc.), cutting, Hypogastrium, stool, after, amel.",پیٹ — درد، کاٹتا ہوا، ناف کے نیچے کے حصے میں، پاخانے کے بعد آرام,1,1,یکساں
r2021,"PAIN, cutting, umbilicus, region of, forenoon, 10 a.m.","PAIN, aching, dull pain (See Boring, Drawing, Distress, Digging, Gnawing, Pressing, etc.), cutting, Umbilicus, region of, forenoon, 10 a.m.",پیٹ — درد، کاٹتا ہوا، ناف کا علاقہ، دوپہر سے پہلے، صبح 10 بجے,1,1,یکساں
r2023,"PAIN, cutting, umbilicus, region of, afternoon, 4 p.m.","PAIN, aching, dull pain (See Boring, Drawing, Distress, Digging, Gnawing, Pressing, etc.), cutting, Umbilicus, region of, afternoon, 4 p.m.",پیٹ — درد، کاٹتا ہوا، ناف کا علاقہ، سہ پہر 4 بجے,1,1,یکساں
r2026,"PAIN, cutting, umbilicus, region of, bed, when going to","PAIN, aching, dull pain (See Boring, Drawing, Distress, Digging, Gnawing, Pressing, etc.), cutting, Umbilicus, region of, bed, when going to",پیٹ — درد، کاٹتا ہوا، ناف کا علاقہ، بستر میں جاتے وقت,1,1,یکساں
r2027,"PAIN, cutting, umbilicus, region of, cold drinks, after","PAIN, aching, dull pain (See Boring, Drawing, Distress, Digging, Gnawing, Pressing, etc.), cutting, Umbilicus, region of, cold drinks, after",پیٹ — درد، کاٹتا ہوا، ناف کا علاقہ، ٹھنڈے مشروبات کے بعد,1,1,یکساں
r2030,"PAIN, cutting, umbilicus, region of, dinner, after","PAIN, aching, dull pain (See Boring, Drawing, Distress, Digging, Gnawing, Pressing, etc.), cutting, Umbilicus, region of, dinner, after",پیٹ — درد، کاٹتا ہوا، ناف کا علاقہ، دوپہر کے کھانے کے بعد,1,1,یکساں
r2031,"PAIN, cutting, umbilicus, region of, eating, after","PAIN, aching, dull pain (See Boring, Drawing, Distress, Digging, Gnawing, Pressing, etc.), cutting, Umbilicus, region of, eating, after",پیٹ — درد، کاٹتا ہوا، ناف کا علاقہ، کھانے کے بعد,1,1,یکساں
r2032,"PAIN, cutting, umbilicus, region of, expiration, during","PAIN, aching, dull pain (See Boring, Drawing, Distress, Digging, Gnawing, Pressing, etc.), cutting, Umbilicus, region of, expiration, during",پیٹ — درد، کاٹتا ہوا، ناف کا علاقہ، سانس باہر نکالتے وقت,1,1,یکساں
r2034,"PAIN, cutting, umbilicus, region of, ice cream, after","PAIN, aching, dull pain (See Boring, Drawing, Distress, Digging, Gnawing, Pressing, etc.), cutting, Umbilicus, region of, ice cream, after",پیٹ — درد، کاٹتا ہوا، ناف کا علاقہ، آئس کریم کے بعد,1,1,یکساں
r2035,"PAIN, cutting, umbilicus, region of, inspiration, during","PAIN, aching, dull pain (See Boring, Drawing, Distress, Digging, Gnawing, Pressing, etc.), cutting, Umbilicus, region of, inspiration, during",پیٹ — درد، کاٹتا ہوا، ناف کا علاقہ، سانس اندر لینے کے دوران,2,2,یکساں
r2036,"PAIN, cutting, umbilicus, region of, labor, during","PAIN, aching, dull pain (See Boring, Drawing, Distress, Digging, Gnawing, Pressing, etc.), cutting, Umbilicus, region of, labor, during",پیٹ — درد، کاٹتا ہوا، ناف کا علاقہ، زچگی کے دوران,2,2,یکساں
r2038,"PAIN, cutting, umbilicus, region of, menses, during","PAIN, aching, dull pain (See Boring, Drawing, Distress, Digging, Gnawing, Pressing, etc.), cutting, Umbilicus, region of, menses, during",پیٹ — درد، کاٹتا ہوا، ناف کا علاقہ، حیض کے دوران,1,1,یکساں
r2040,"PAIN, cutting, umbilicus, region of, motion, during","PAIN, aching, dull pain (See Boring, Drawing, Distress, Digging, Gnawing, Pressing, etc.), cutting, Umbilicus, region of, motion, during",پیٹ — درد، کاٹتا ہوا، ناف کا علاقہ، حرکت کے دوران,1,1,یکساں
r2043,"PAIN, cutting, umbilicus, region of, rising, after","PAIN, aching, dull pain (See Boring, Drawing, Distress, Digging, Gnawing, Pressing, etc.), cutting, Umbilicus, region of, rising, after",پیٹ — درد، کاٹتا ہوا، ناف کا علاقہ، اٹھنے کے بعد,1,1,یکساں
r2044,"PAIN, cutting, umbilicus, region of, sitting, while","PAIN, aching, dull pain (See Boring, Drawing, Distress, Digging, Gnawing, Pressing, etc.), cutting, Umbilicus, region of, sitting, while",پیٹ — درد، کاٹتا ہوا، ناف کا علاقہ، بیٹھے ہوئے,1,1,یکساں
r2045,"PAIN, cutting, umbilicus, region of, step, at every","PAIN, aching, dull pain (See Boring, Drawing, Distress, Digging, Gnawing, Pressing, etc.), cutting, Umbilicus, region of, step, at every",پیٹ — درد، کاٹتا ہوا، ناف کا علاقہ، ہر قدم پر,1,1,یکساں
r2046,"PAIN, cutting, umbilicus, region of, stool, before","PAIN, aching, dull pain (See Boring, Drawing, Distress, Digging, Gnawing, Pressing, etc.), cutting, Umbilicus, region of, stool, before",پیٹ — درد، کاٹتا ہوا، ناف کا علاقہ، پاخانے سے پہلے,3,3,یکساں
r2049,"PAIN, cutting, umbilicus, region of, waking, on","PAIN, aching, dull pain (See Boring, Drawing, Distress, Digging, Gnawing, Pressing, etc.), cutting, Umbilicus, region of, waking, on",پیٹ — درد، کاٹتا ہوا، ناف کا علاقہ، جاگنے پر,1,1,یکساں
r2050,"PAIN, cutting, umbilicus, region of, walking, while","PAIN, aching, dull pain (See Boring, Drawing, Distress, Digging, Gnawing, Pressing, etc.), cutting, Umbilicus, region of, walking, while",پیٹ — درد، کاٹتا ہوا، ناف کا علاقہ، چلتے ہوئے,3,3,یکساں
r2051,"PAIN, cutting, umbilicus, region of, yawning, on","PAIN, aching, dull pain (See Boring, Drawing, Distress, Digging, Gnawing, Pressing, etc.), cutting, Umbilicus, region of, yawning, on",پیٹ — درد، کاٹتا ہوا، ناف کا علاقہ، جمائی لینے پر,1,1,یکساں
r206,"DISTENSION, dinner, after","DISTENSION, dinner, before, after",پیٹ — پھیلاؤ، دوپہر کے کھانے کے بعد,18,18,یکساں
r215,"DISTENSION, labor, after","DISTENSION, labor, during, after",پیٹ — پھیلاؤ، زچگی کے درد کے بعد,2,2,یکساں
r2158,"PAIN, drawing, inguinal region, left, micturition, during","PAIN, aching, dull pain (See Boring, Drawing, Distress, Digging, Gnawing, Pressing, etc.), drawing, Inguinal region, left, micturition, during",پیٹ — درد، کھینچتا ہوا، بائیں کچھوں کا علاقہ، پیشاب کے دوران,1,1,یکساں
r217,"DISTENSION, menses, during","DISTENSION, menses, before, during",پیٹ — پھیلاؤ، حیض کے دوران,28,28,یکساں
r2178,"PAIN, drawing, inguinal region, extending, to, thighs","PAIN, aching, dull pain (See Boring, Drawing, Distress, Digging, Gnawing, Pressing, etc.), drawing, Inguinal region, extending around pelvis, to pubis, thighs",پیٹ — درد، کھینچتا ہوا، کچھوں کا علاقہ، پھیلتا ہوا، رانوں تک,2,2,یکساں
r218,"DISTENSION, menses, after","DISTENSION, menses, before, after",پیٹ — پھیلاؤ، حیض کے بعد,4,4,یکساں
r2306,"PAIN, pressing, hypochondria, stool, after, amel.","PAIN, aching, dull pain (See Boring, Drawing, Distress, Digging, Gnawing, Pressing, etc.), pressing, Hypochondria, stool, after, amel.",پیٹ — درد، دبانے والا، بغل کے نچلے حصے میں، پاخانے کے بعد آرام,1,1,یکساں
r231,"DISTENSION, stool, after","DISTENSION, stool, before, after",پیٹ — پھیلاؤ، پاخانے کے بعد,10,10,یکساں
r232,"DISTENSION, stool, amel.","DISTENSION, stool, before, amel.",پیٹ — پھیلاؤ، پاخانے سے آرام,7,7,یکساں
r2336,"PAIN, pressing, hypogastrium, menses, would come on, as if","PAIN, aching, dull pain (See Boring, Drawing, Distress, Digging, Gnawing, Pressing, etc.), pressing, Hypogastrium, menses, would come on, as if",پیٹ — درد، دبانے والا، ناف کے نیچے کے حصے میں، جیسے حیض آنے والا ہو,20,20,یکساں
r2360,"PAIN, pressing, inguinal region, afternoon, coffee, after","PAIN, aching, dull pain (See Boring, Drawing, Distress, Digging, Gnawing, Pressing, etc.), pressing, Inguinal region, afternoon, coffee, after",پیٹ — درد، دبانے والا، کچھوں کا علاقہ، سہ پہر، کافی کے بعد,1,1,یکساں
r2385,"PAIN, pressing, sides, drawing, in the abdominal muscles, on","PAIN, aching, dull pain (See Boring, Drawing, Distress, Digging, Gnawing, Pressing, etc.), pressing, Sides, drawing, in the abdominal muscles, on",پیٹ — درد، دبانے والا، پہلوؤں میں، کھینچنے سے، پیٹ کے عضلات کھینچنے پر,1,1,یکساں
r24,"BALL, as if, rolling in","BALL, as if, ascending to throat, rolling in",پیٹ — گیند، جیسے اندر لڑھکتی ہوئی,5,5,یکساں
r266,"EMPTINESS, dinner, after","EMPTINESS, dinner, before, after",پیٹ — خالی پن، دوپہر کے کھانے کے بعد,2,2,یکساں
r269,"EMPTINESS, eating, amel.","EMPTINESS, eating, after, amel.",پیٹ — خالی پن، کھانے سے آرام,1,1,یکساں
r276,"EMPTINESS, stool, amel.","EMPTINESS, stool, after, amel.",پیٹ — خالی پن، پاخانے سے آرام,1,1,یکساں
r2880,"PAIN, tearing, ilium, crest of, sitting, while","PAIN, aching, dull pain (See Boring, Drawing, Distress, Digging, Gnawing, Pressing, etc.), tearing, Ilium, crest of, sitting, while",پیٹ — درد، چیرتا ہوا، کولھے کی ہڈی کا کنارہ، بیٹھے ہوئے,1,1,یکساں
r2910,"PAIN, tearing, umbilicus, region of, breakfast, before","PAIN, aching, dull pain (See Boring, Drawing, Distress, Digging, Gnawing, Pressing, etc.), tearing, Umbilicus, region of, breakfast, before",پیٹ — درد، چیرتا ہوا، ناف کا علاقہ، ناشتے سے پہلے,1,1,یکساں
r2911,"PAIN, tearing, umbilicus, region of, dinner, after","PAIN, aching, dull pain (See Boring, Drawing, Distress, Digging, Gnawing, Pressing, etc.), tearing, Umbilicus, region of, dinner, after",پیٹ — درد، چیرتا ہوا، ناف کا علاقہ، دوپہر کے کھانے کے بعد,1,1,یکساں
r2949,"PLUG, sensation of, pressed in intestines","PLUG, sensation of, behind navel, pressed in intestines",پیٹ — ڈاٹ کا احساس (پلگ)، آنتوں میں دبایا ہوا,1,1,یکساں
r2989,"RESTLESSNESS, uneasiness, morning","RESTLESSNESS, uneasiness, etc., morning",پیٹ — بے قراری، بے چینی، صبح,3,3,یکساں
r2991,"RESTLESSNESS, uneasiness, forenoon","RESTLESSNESS, uneasiness, etc., forenoon",پیٹ — بے قراری، بے چینی، دوپہر سے پہلے,1,1,یکساں
r2992,"RESTLESSNESS, uneasiness, afternoon","RESTLESSNESS, uneasiness, etc., afternoon",پیٹ — بے قراری، بے چینی، سہ پہر,1,1,یکساں
r2993,"RESTLESSNESS, uneasiness, evening","RESTLESSNESS, uneasiness, etc., evening",پیٹ — بے قراری، بے چینی، شام,1,1,یکساں
r2994,"RESTLESSNESS, uneasiness, night","RESTLESSNESS, uneasiness, etc., night",پیٹ — بے قراری، بے چینی، رات,2,2,یکساں
r3004,"RESTLESSNESS, uneasiness, hypochondria","RESTLESSNESS, uneasiness, etc., Hypochondria",پیٹ — بے قراری، بے چینی، بغل کے نچلے حصے میں,4,4,یکساں
r3038,"RUMBLING, eating, after","RUMBLING, eating, before, after",پیٹ — گڑگڑاہٹ، کھانے کے بعد,26,26,یکساں
r3053,"RUMBLING, breakfast, after","RUMBLING, breakfast, during, after",پیٹ — گڑگڑاہٹ، ناشتے کے بعد,5,5,یکساں
r3060,"RUMBLING, eating, amel.","RUMBLING, eating, before, amel.",پیٹ — گڑگڑاہٹ، کھانے سے آرام,3,3,یکساں
r3069,"RUMBLING, menses, during","RUMBLING, menses, before, during",پیٹ — گڑگڑاہٹ، حیض کے دوران,6,6,یکساں
r3080,"RUMBLING, stool, after","RUMBLING, stool, before, after",پیٹ — گڑگڑاہٹ، پاخانے کے بعد,17,17,یکساں
r3102,"SHOCKS, electric, extending to limb","SHOCKS, electric, extending to fingers, extending to limb",پیٹ — جھٹکے، بجلی جیسے، عضو تک پھیلتے ہوئے,1,1,یکساں
r3129,"SWELLING, inguinal region, right","SWELLING, mesenteric glands, Inguinal region, right",پیٹ — سوجن، دائیں کچھوں کا علاقہ,5,5,یکساں
r3130,"SWELLING, inguinal region, left","SWELLING, mesenteric glands, Inguinal region, left",پیٹ — سوجن، بائیں کچھوں کا علاقہ,2,2,یکساں
r3131,"SWELLING, inguinal region, 2 p.m.","SWELLING, mesenteric glands, Inguinal region, 2 p.m.",پیٹ — سوجن، کچھوں کا علاقہ، سہ پہر 2 بجے,1,1,یکساں
r3132,"SWELLING, inguinal region, 8 p.m.","SWELLING, mesenteric glands, Inguinal region, 8 p.m.",پیٹ — سوجن، کچھوں کا علاقہ، رات 8 بجے,1,1,یکساں
r3133,"SWELLING, inguinal region, elastic","SWELLING, mesenteric glands, Inguinal region, elastic",پیٹ — سوجن، کچھوں کا علاقہ، لچکدار,1,1,یکساں
r3134,"SWELLING, inguinal region, hard","SWELLING, mesenteric glands, Inguinal region, hard",پیٹ — سوجن، کچھوں کا علاقہ، سخت,3,3,یکساں
r3135,"SWELLING, inguinal region, painful","SWELLING, mesenteric glands, Inguinal region, painful",پیٹ — سوجن، کچھوں کا علاقہ، دردناک,2,2,یکساں
r3142,"SWELLING, liver, left lobe","SWELLING, mesenteric glands, Liver, left lobe",پیٹ — سوجن، جگر، بایاں حصہ,1,1,یکساں
r3170,"TENSION, stool, amel.","TENSION, stool, during, amel.",پیٹ — تناؤ، پاخانے سے آرام,2,2,یکساں
r3173,"TENSION, walking, amel.","TENSION, walking, while, amel.",پیٹ — تناؤ، چلنے سے آرام,5,5,یکساں
r361,"FLATULENCE, breakfast, after","FLATULENCE (See Rumbling), breakfast, before, after",پیٹ — ریاح، ناشتے کے بعد,3,3,یکساں
r368,"FLATULENCE, menses, during","FLATULENCE (See Rumbling), menses, before, during",پیٹ — ریاح، حیض کے دوران,2,2,یکساں
r381,"FLATULENCE, stool, after","FLATULENCE (See Rumbling), stool, before, after",پیٹ — ریاح، پاخانے کے بعد,4,4,یکساں
r386,"FLATULENCE, walking, in open air","FLATULENCE (See Rumbling), walking, while, in open air",پیٹ — ریاح، کھلی ہوا میں چلتے ہوئے,1,1,یکساں
r396,"FULLNESS, morning, on waking","FULLNESS, sensation of, morning, on waking",پیٹ — بھراؤ، صبح جاگتے ہی,1,1,یکساں
r400,"FULLNESS, afternoon, while walking in open air","FULLNESS, sensation of, afternoon, while walking in open air",پیٹ — بھراؤ، سہ پہر، کھلی ہوا میں چلتے ہوئے,1,1,یکساں
r402,"FULLNESS, evening, after soup","FULLNESS, sensation of, evening, after soup",پیٹ — بھراؤ، شام، شوربے کے بعد,1,1,یکساں
r404,"FULLNESS, breakfast, after","FULLNESS, sensation of, breakfast, after",پیٹ — بھراؤ، ناشتے کے بعد,3,3,یکساں
r405,"FULLNESS, coffee, after","FULLNESS, sensation of, coffee, after",پیٹ — بھراؤ، کافی کے بعد,1,1,یکساں
r406,"FULLNESS, constipation, during","FULLNESS, sensation of, constipation, during",پیٹ — بھراؤ، قبض کے دوران,11,11,یکساں
r408,"FULLNESS, dinner, after","FULLNESS, sensation of, dinner, after",پیٹ — بھراؤ، دوپہر کے کھانے کے بعد,3,3,یکساں
r409,"FULLNESS, drinking, after","FULLNESS, sensation of, drinking, after",پیٹ — بھراؤ، پینے کے بعد,4,4,یکساں
r414,"FULLNESS, food, at sight of","FULLNESS, sensation of, food, at sight of",پیٹ — بھراؤ، کھانا دیکھتے ہی,1,1,یکساں
r415,"FULLNESS, hunger, during","FULLNESS, sensation of, hunger, during",پیٹ — بھراؤ، بھوک کے دوران,1,1,یکساں
r416,"FULLNESS, lying, while","FULLNESS, sensation of, lying, while",پیٹ — بھراؤ، لیٹے ہوئے,2,2,یکساں
r418,"FULLNESS, smoking, from","FULLNESS, sensation of, smoking, from",پیٹ — بھراؤ، سگریٹ پینے سے,1,1,یکساں
r419,"FULLNESS, supper, after","FULLNESS, sensation of, supper, after",پیٹ — بھراؤ، رات کے کھانے کے بعد,6,6,یکساں
r420,"FULLNESS, waking, on","FULLNESS, sensation of, waking, on",پیٹ — بھراؤ، جاگنے پر,3,3,یکساں
r423,"FULLNESS, hypochondria, right","FULLNESS, sensation of, Hypochondria, right",پیٹ — بھراؤ، دائیں بغل کے نچلے حصے میں,9,9,یکساں
r424,"FULLNESS, hypochondria, left","FULLNESS, sensation of, Hypochondria, left",پیٹ — بھراؤ، بائیں بغل کے نچلے حصے میں,1,1,یکساں
r425,"FULLNESS, hypochondria, morning","FULLNESS, sensation of, Hypochondria, morning",پیٹ — بھراؤ، بغل کے نچلے حصے میں، صبح,1,1,یکساں
r427,"FULLNESS, hypochondria, stool amel.","FULLNESS, sensation of, Hypochondria, stool amel.",پیٹ — بھراؤ، بغل کے نچلے حصے میں، پاخانے سے آرام,1,1,یکساں
r430,"FULLNESS, hypogastrium, 10 a.m. until evening","FULLNESS, sensation of, Hypogastrium, 10 a.m. until evening",پیٹ — بھراؤ، ناف کے نیچے کا حصہ، صبح 10 بجے سے شام تک,1,1,یکساں
r431,"FULLNESS, hypogastrium, evening","FULLNESS, sensation of, Hypogastrium, evening",پیٹ — بھراؤ، ناف کے نیچے کا حصہ، شام,1,1,یکساں
r455,"GURGLING, eating, amel.","GURGLING, eating, while, amel.",پیٹ — غڑغڑاہٹ، کھانے سے آرام,1,1,یکساں
r458,"GURGLING, motion, amel.","GURGLING, motion, on, amel.",پیٹ — غڑغڑاہٹ، حرکت سے آرام,1,1,یکساں
r461,"GURGLING, stool, during","GURGLING, stool, before, during",پیٹ — غڑغڑاہٹ، پاخانے کے دوران,1,1,یکساں
r462,"GURGLING, stool, after","GURGLING, stool, before, after",پیٹ — غڑغڑاہٹ، پاخانے کے بعد,1,1,یکساں
r465,"GURGLING, hip, left","GURGLING, Hip, near the, left",پیٹ — غڑغڑاہٹ، بائیں کولھے میں,1,1,یکساں
r495,"HARD body, sensation of, when turning to right side","HARD body, sensation of, moving in, when turning to right side",پیٹ — سخت جسمانی حصے کا احساس، دائیں کروٹ ہونے پر,1,1,یکساں
r505,"HEAT, dinner, after","HEAT, dinner, during, after",پیٹ — گرمی، دوپہر کے کھانے کے بعد,1,1,یکساں
r512,"HEAT, menses, during","HEAT, menses, before, during",پیٹ — گرمی، حیض کے دوران,1,1,یکساں
r567,"HERNIA, inguinal, strangulated","HERNIA, femoral, Inguinal, strangulated",پیٹ — ہرنیا، کچھوں میں، پھنس جانے والا (اسٹرینگولیٹڈ),20,20,یکساں
r568,"HERNIA, inguinal, painful","HERNIA, femoral, Inguinal, painful",پیٹ — ہرنیا، کچھوں میں، دردناک,4,4,یکساں
r574,"HERNIA, inguinal, sensitive","HERNIA, femoral, Inguinal, sensitive",پیٹ — ہرنیا، کچھوں میں، حساس,4,4,یکساں
r67,"COLDNESS, stool, after","COLDNESS, stool, before, after",پیٹ — ٹھنڈک، پاخانے کے بعد,2,2,یکساں
r953,"PAIN, extending, chest, to, menses, during","PAIN, aching, dull pain (See Boring, Drawing, Distress, Digging, Gnawing, Pressing, etc.), extending across, chest, to, menses, during",پیٹ — درد، پھیلتا ہوا، سینے تک، حیض کے دوران,3,3,یکساں
r954,"PAIN, extending, chest, to, stool, during","PAIN, aching, dull pain (See Boring, Drawing, Distress, Digging, Gnawing, Pressing, etc.), extending across, chest, to, stool, during",پیٹ — درد، پھیلتا ہوا، سینے تک، پاخانے کے دوران,1,1,یکساں
o1044,"PAIN, cramping, griping, vexation, after","PAIN, aching, dull pain (See Boring, Drawing, Distress, Digging, Gnawing, Pressing, etc.), cramping, griping, vexation, after",پیٹ — درد، اینٹھن والا، مروڑتے ہوئے، کوفت کے بعد,2,2,یکساں
o1045,"PAIN, cramping, griping, waking, on","PAIN, aching, dull pain (See Boring, Drawing, Distress, Digging, Gnawing, Pressing, etc.), cramping, griping, waking, on",پیٹ — درد، اینٹھن والا، مروڑتے ہوئے، جاگنے پر,12,12,یکساں
o1050,"PAIN, cramping, griping, warm, room amel.","PAIN, aching, dull pain (See Boring, Drawing, Distress, Digging, Gnawing, Pressing, etc.), cramping, griping, warm milk amel., room amel.",پیٹ — درد، اینٹھن والا، مروڑتے ہوئے، گرم کمرے سے آرام,1,1,یکساں
o1052,"PAIN, cramping, griping, wet, getting feet","PAIN, aching, dull pain (See Boring, Drawing, Distress, Digging, Gnawing, Pressing, etc.), cramping, griping, wet, getting feet",پیٹ — درد، اینٹھن والا، مروڑتے ہوئے، پاؤں تر ہونے سے,1,1,یکساں
o1053,"PAIN, cramping, griping, wine, after","PAIN, aching, dull pain (See Boring, Drawing, Distress, Digging, Gnawing, Pressing, etc.), cramping, griping, wine, after",پیٹ — درد، اینٹھن والا، مروڑتے ہوئے، شراب کے بعد,1,1,یکساں
o1091,"PAIN, cutting, extending, left to right, from","PAIN, aching, dull pain (See Boring, Drawing, Distress, Digging, Gnawing, Pressing, etc.), cutting, extending to anus, left to right, from",پیٹ — درد، کاٹتا ہوا، پھیلتا ہوا، بائیں سے دائیں کی طرف,1,1,یکساں
o1092,"PAIN, cutting, extending, right to left, from","PAIN, aching, dull pain (See Boring, Drawing, Distress, Digging, Gnawing, Pressing, etc.), cutting, extending to anus, right to left, from",پیٹ — درد، کاٹتا ہوا، پھیلتا ہوا، دائیں سے بائیں کی طرف,1,1,یکساں
o1104,"PAIN, cutting, hypochondria, extending, downward","PAIN, aching, dull pain (See Boring, Drawing, Distress, Digging, Gnawing, Pressing, etc.), cutting, Hypochondria, extending to back, downward",پیٹ — درد، کاٹتا ہوا، بغل کے نچلے حصے میں، پھیلتا ہوا، نیچے کی طرف,1,1,یکساں
o1105,"PAIN, cutting, hypochondria, extending, umbilicus","PAIN, aching, dull pain (See Boring, Drawing, Distress, Digging, Gnawing, Pressing, etc.), cutting, Hypochondria, extending to back, umbilicus",پیٹ — درد، کاٹتا ہوا، بغل کے نچلے حصے میں، پھیلتا ہوا، ناف تک,1,1,یکساں
o1120,"PAIN, cutting, hypogastrium, extending, to spermatic cord","PAIN, aching, dull pain (See Boring, Drawing, Distress, Digging, Gnawing, Pressing, etc.), cutting, Hypogastrium, extending to back, to spermatic cord",پیٹ — درد، کاٹتا ہوا، ناف کے نیچے کے حصے میں، پھیلتا ہوا، نالی (سپرمیٹک کورڈ) تک,1,1,یکساں
o1222,"PAIN, cutting, umbilicus, extending, stomach","PAIN, aching, dull pain (See Boring, Drawing, Distress, Digging, Gnawing, Pressing, etc.), cutting, Umbilicus, extending to back, stomach",پیٹ — درد، کاٹتا ہوا، ناف میں، پھیلتا ہوا، معدے تک,1,1,یکساں
o1346,"PAIN, drawing, hypochondria, extending, to hip","PAIN, aching, dull pain (See Boring, Drawing, Distress, Digging, Gnawing, Pressing, etc.), drawing, Hypochondria, extending downward, to hip",پیٹ — درد، کھینچتا ہوا، بغل کے نچلے حصے میں، پھیلتا ہوا، کولھے تک,1,1,یکساں
o1351,"PAIN, drawing, hypochondria, extending, upward","PAIN, aching, dull pain (See Boring, Drawing, Distress, Digging, Gnawing, Pressing, etc.), drawing, Hypochondria, extending downward, upward",پیٹ — درد، کھینچتا ہوا، بغل کے نچلے حصے میں، پھیلتا ہوا، اوپر کی طرف,1,1,یکساں
o1368,"PAIN, drawing, inguinal region, extending, to pubis","PAIN, aching, dull pain (See Boring, Drawing, Distress, Digging, Gnawing, Pressing, etc.), drawing, Inguinal region, extending around pelvis, to pubis",پیٹ — درد، کھینچتا ہوا، کچھوں کا علاقہ، پھیلتا ہوا، ناف کے نیچے کی ہڈی تک,1,1,یکساں
o1552,"PAIN, hypochondria, extending, back, across the","PAIN, aching, dull pain (See Boring, Drawing, Distress, Digging, Gnawing, Pressing, etc.), Hypochondria, extending to abdomen, back, across the",پیٹ — درد، بغل کے نچلے حصے میں، پھیلتا ہوا، پیٹھ کے پار,1,1,یکساں
o1558,"PAIN, hypochondria, extending, ilium, to","PAIN, aching, dull pain (See Boring, Drawing, Distress, Digging, Gnawing, Pressing, etc.), Hypochondria, extending to abdomen, ilium, to",پیٹ — درد، بغل کے نچلے حصے میں، پھیلتا ہوا، کولھے کی ہڈی تک,2,2,یکساں
o1578,"PAIN, hypochondria, left, extending, to back","PAIN, aching, dull pain (See Boring, Drawing, Distress, Digging, Gnawing, Pressing, etc.), Hypochondria, left, extending to right, to back",پیٹ — درد، بائیں بغل کے نچلے حصے میں، پھیلتا ہوا، پیٹھ تک,2,2,یکساں
o1581,"PAIN, hypochondria, left, lying, on right side","PAIN, aching, dull pain (See Boring, Drawing, Distress, Digging, Gnawing, Pressing, etc.), Hypochondria, left, lying on left side agg., on right side",پیٹ — درد، بائیں بغل کے نچلے حصے میں، دائیں کروٹ لیٹنے سے,1,1,یکساں
o1587,"PAIN, hypochondria, lying, left side, amel.","PAIN, aching, dull pain (See Boring, Drawing, Distress, Digging, Gnawing, Pressing, etc.), Hypochondria, lying on painful side agg., left side agg., amel.",پیٹ — درد، بغل کے نچلے حصے میں، بائیں کروٹ لیٹنے سے آرام,1,1,یکساں
o1614,"PAIN, hypochondria, right, lying on painful side, amel.","PAIN, aching, dull pain (See Boring, Drawing, Distress, Digging, Gnawing, Pressing, etc.), Hypochondria, right, lying on painful side agg., amel.",پیٹ — درد، دائیں بغل کے نچلے حصے میں، درد والی طرف لیٹنے سے آرام,3,3,یکساں
o1615,"PAIN, hypochondria, right, lying, can lie only on abdomen","PAIN, aching, dull pain (See Boring, Drawing, Distress, Digging, Gnawing, Pressing, etc.), Hypochondria, right, lying on painful side agg., can lie only on abdomen",پیٹ — درد، دائیں بغل کے نچلے حصے میں، لیٹنے سے، صرف پیٹ کے بل لیٹ سکے,1,1,یکساں
o1616,"PAIN, hypochondria, right, lying, on painless side amel.","PAIN, aching, dull pain (See Boring, Drawing, Distress, Digging, Gnawing, Pressing, etc.), Hypochondria, right, lying on painful side agg., on painless side amel.",پیٹ — درد، دائیں بغل کے نچلے حصے میں، لیٹنے سے، بے درد طرف لیٹنے سے آرام,1,1,یکساں
o1704,"PAIN, iliac region, extending, thighs, down","PAIN, aching, dull pain (See Boring, Drawing, Distress, Digging, Gnawing, Pressing, etc.), Iliac region, extending ilium to ilium, thighs, down",پیٹ — درد، کولھے کی طرف، پھیلتا ہوا، رانوں سے نیچے,1,1,یکساں
o1728,"PAIN, ilium, crest of, extending, to knee","PAIN, aching, dull pain (See Boring, Drawing, Distress, Digging, Gnawing, Pressing, etc.), Ilium, crest of, extending to thigh, to knee",پیٹ — درد، کولھے کی ہڈی کا کنارہ، پھیلتا ہوا، گھٹنے تک,1,1,یکساں
o1758,"PAIN, inguinal region, extending, hypogastrium, across","PAIN, aching, dull pain (See Boring, Drawing, Distress, Digging, Gnawing, Pressing, etc.), Inguinal region, extending to axilla (left), hypogastrium, across",پیٹ — درد، کچھوں کا علاقہ، پھیلتا ہوا، آڑا، ناف کے نیچے کے حصے تک,1,1,یکساں
o1760,"PAIN, inguinal region, extending, nipple, right","PAIN, aching, dull pain (See Boring, Drawing, Distress, Digging, Gnawing, Pressing, etc.), Inguinal region, extending to axilla (left), nipple, right",پیٹ — درد، کچھوں کا علاقہ، پھیلتا ہوا، دائیں نپل تک,1,1,یکساں
o1762,"PAIN, inguinal region, extending, pelvis, around","PAIN, aching, dull pain (See Boring, Drawing, Distress, Digging, Gnawing, Pressing, etc.), Inguinal region, extending to axilla (left), pelvis, around",پیٹ — درد، کچھوں کا علاقہ، پھیلتا ہوا، کولھے کے جوڑ کے گرد,1,1,یکساں
o1827,"PAIN, lancinating, hypochondria, extending, right side","PAIN, aching, dull pain (See Boring, Drawing, Distress, Digging, Gnawing, Pressing, etc.), lancinating, Hypochondria, extending to ilium, right side",پیٹ — درد، نشتر جیسا، بغل کے نچلے حصے میں، پھیلتا ہوا، دائیں طرف,1,1,یکساں
o1830,"PAIN, lancinating, hypochondria, lying, on painless side amel.","PAIN, aching, dull pain (See Boring, Drawing, Distress, Digging, Gnawing, Pressing, etc.), lancinating, Hypochondria, lying on painful side agg., on painless side amel.",پیٹ — درد، نشتر جیسا، بغل کے نچلے حصے میں، لیٹنے سے، بے درد طرف آرام,1,1,یکساں
o1879,"PAIN, liver, lying, left side, on","PAIN, aching, dull pain (See Boring, Drawing, Distress, Digging, Gnawing, Pressing, etc.), Liver, lying on back, left side, on",پیٹ — درد، جگر، بائیں کروٹ لیٹنے سے,5,5,یکساں
o1994,"PAIN, pressing, hypochondria, bending body forward, amel.","PAIN, aching, dull pain (See Boring, Drawing, Distress, Digging, Gnawing, Pressing, etc.), pressing, Hypochondria, bending body forward agg., amel.",پیٹ — درد، دبانے والا، بغل کے نچلے حصے میں، آگے جھکنے سے آرام,1,1,یکساں
o1995,"PAIN, pressing, hypochondria, bending body, to left","PAIN, aching, dull pain (See Boring, Drawing, Distress, Digging, Gnawing, Pressing, etc.), pressing, Hypochondria, bending body forward agg., to left",پیٹ — درد، دبانے والا، بغل کے نچلے حصے میں، جسم جھکانے سے، بائیں طرف,1,1,یکساں
o1998,"PAIN, pressing, hypochondria, dinner, after","PAIN, aching, dull pain (See Boring, Drawing, Distress, Digging, Gnawing, Pressing, etc.), pressing, Hypochondria, dinner, after",پیٹ — درد، دبانے والا، بغل کے نچلے حصے میں، دوپہر کے کھانے کے بعد,1,1,یکساں
o2006,"PAIN, pressing, hypochondria, extending, to scapula","PAIN, aching, dull pain (See Boring, Drawing, Distress, Digging, Gnawing, Pressing, etc.), pressing, Hypochondria, extending to abdomen, to scapula",پیٹ — درد، دبانے والا، بغل کے نچلے حصے میں، پھیلتا ہوا، کندھے کی ہڈی تک,1,1,یکساں
o2008,"PAIN, pressing, hypochondria, extending, upwards","PAIN, aching, dull pain (See Boring, Drawing, Distress, Digging, Gnawing, Pressing, etc.), pressing, Hypochondria, extending to abdomen, upwards",پیٹ — درد، دبانے والا، بغل کے نچلے حصے میں، پھیلتا ہوا، اوپر کی طرف,1,1,یکساں
o2138,"PAIN, pressing, umbilicus, region of, eructations amel.","PAIN, aching, dull pain (See Boring, Drawing, Distress, Digging, Gnawing, Pressing, etc.), pressing, Umbilicus, region of, eructations amel.",پیٹ — درد، دبانے والا، ناف کا علاقہ، ڈکار سے آرام,1,1,یکساں
o2140,"PAIN, pressing, umbilicus, region of, extending to anus","PAIN, aching, dull pain (See Boring, Drawing, Distress, Digging, Gnawing, Pressing, etc.), pressing, Umbilicus, region of, extending to anus",پیٹ — درد، دبانے والا، ناف کا علاقہ، مقعد تک پھیلتا ہوا,1,1,یکساں
o2144,"PAIN, pressing, umbilicus, region of, paroxysmal","PAIN, aching, dull pain (See Boring, Drawing, Distress, Digging, Gnawing, Pressing, etc.), pressing, Umbilicus, region of, paroxysmal",پیٹ — درد، دبانے والا، ناف کا علاقہ، دوروں کی شکل میں,1,1,یکساں
o2145,"PAIN, pressing, umbilicus, region of, periodical","PAIN, aching, dull pain (See Boring, Drawing, Distress, Digging, Gnawing, Pressing, etc.), pressing, Umbilicus, region of, periodical",پیٹ — درد، دبانے والا، ناف کا علاقہ، وقفے وقفے سے,1,1,یکساں
o2147,"PAIN, pressing, umbilicus, region of, standing","PAIN, aching, dull pain (See Boring, Drawing, Distress, Digging, Gnawing, Pressing, etc.), pressing, Umbilicus, region of, standing",پیٹ — درد، دبانے والا، ناف کا علاقہ، کھڑے ہونے سے,1,1,یکساں
o2682,"PAIN, tearing, extending, genitals, to","PAIN, aching, dull pain (See Boring, Drawing, Distress, Digging, Gnawing, Pressing, etc.), tearing, extending downward, genitals, to",پیٹ — درد، چیرتا ہوا، پھیلتا ہوا، شرمگاہ تک,1,1,یکساں
o2711,"PAIN, tearing, inguinal region, extending, thighs","PAIN, aching, dull pain (See Boring, Drawing, Distress, Digging, Gnawing, Pressing, etc.), tearing, Inguinal region, extending to right nipple, thighs",پیٹ — درد، چیرتا ہوا، کچھوں کا علاقہ، پھیلتا ہوا، رانوں تک,3,3,یکساں
o2790,"PAIN, umbilicus, extending, ilium, to","PAIN, aching, dull pain (See Boring, Drawing, Distress, Digging, Gnawing, Pressing, etc.), Umbilicus, extending to anus, ilium, to",پیٹ — درد، ناف، پھیلتا ہوا، کولھے کی ہڈی تک,1,1,یکساں
o2799,"PAIN, umbilicus, extending, stomach, pit of","PAIN, aching, dull pain (See Boring, Drawing, Distress, Digging, Gnawing, Pressing, etc.), Umbilicus, extending to anus, stomach, pit of",پیٹ — درد، ناف، پھیلتا ہوا، معدے کے گڑھے تک,5,5,یکساں
o2827,"PAIN, umbilicus, region of, diarrhoea, before","PAIN, aching, dull pain (See Boring, Drawing, Distress, Digging, Gnawing, Pressing, etc.), Umbilicus, region of, diarrhœa, before",پیٹ — درد، ناف کا علاقہ، دست سے پہلے,2,2,یکساں
o2834,"PAIN, umbilicus, region of, extending, into thighs","PAIN, aching, dull pain (See Boring, Drawing, Distress, Digging, Gnawing, Pressing, etc.), Umbilicus, region of, extending downward, into thighs",پیٹ — درد، ناف کا علاقہ، پھیلتا ہوا، رانوں میں,1,1,یکساں
o2835,"PAIN, umbilicus, region of, extending, rectum","PAIN, aching, dull pain (See Boring, Drawing, Distress, Digging, Gnawing, Pressing, etc.), Umbilicus, region of, extending downward, rectum",پیٹ — درد، ناف کا علاقہ، پھیلتا ہوا، مقعد تک,1,1,یکساں
o2836,"PAIN, umbilicus, region of, extending, to uterus","PAIN, aching, dull pain (See Boring, Drawing, Distress, Digging, Gnawing, Pressing, etc.), Umbilicus, region of, extending downward, to uterus",پیٹ — درد، ناف کا علاقہ، پھیلتا ہوا، رحم تک,4,4,یکساں
o2854,"PAIN, umbilicus, region of, pressure, amel.","PAIN, aching, dull pain (See Boring, Drawing, Distress, Digging, Gnawing, Pressing, etc.), Umbilicus, region of, pressure agg., amel.",پیٹ — درد، ناف کا علاقہ، دباؤ سے آرام,1,1,یکساں
o832,"PAIN, cramping, griping, afternoon, 1 p.m.","PAIN, aching, dull pain (See Boring, Drawing, Distress, Digging, Gnawing, Pressing, etc.), cramping, griping, afternoon, 1 p.m.",پیٹ — درد، اینٹھن والا، مروڑتے ہوئے، سہ پہر 1 بجے,1,1,یکساں
o840,"PAIN, cramping, griping, alternating, with vertigo","PAIN, aching, dull pain (See Boring, Drawing, Distress, Digging, Gnawing, Pressing, etc.), cramping, griping, alternating with pain in chest, with vertigo",پیٹ — درد، اینٹھن والا، مروڑتے ہوئے، چکر کے ساتھ باری باری,1,1,یکساں
o846,"PAIN, cramping, griping, chill, before","PAIN, aching, dull pain (See Boring, Drawing, Distress, Digging, Gnawing, Pressing, etc.), cramping, griping, chill, before",پیٹ — درد، اینٹھن والا، مروڑتے ہوئے، سردی لگنے سے پہلے,1,1,یکساں
o848,"PAIN, cramping, griping, chilliness, during","PAIN, aching, dull pain (See Boring, Drawing, Distress, Digging, Gnawing, Pressing, etc.), cramping, griping, chilliness, during",پیٹ — درد، اینٹھن والا، مروڑتے ہوئے، سردی کے احساس کے دوران,1,1,یکساں
o849,"PAIN, cramping, griping, coffee, from","PAIN, aching, dull pain (See Boring, Drawing, Distress, Digging, Gnawing, Pressing, etc.), cramping, griping, coffee, from",پیٹ — درد، اینٹھن والا، مروڑتے ہوئے، کافی سے,4,4,یکساں
o850,"PAIN, cramping, griping, coition, during","PAIN, aching, dull pain (See Boring, Drawing, Distress, Digging, Gnawing, Pressing, etc.), cramping, griping, coition, during",پیٹ — درد، اینٹھن والا، مروڑتے ہوئے، جماع کے دوران,1,1,یکساں
o852,"PAIN, cramping, griping, constipation, during","PAIN, aching, dull pain (See Boring, Drawing, Distress, Digging, Gnawing, Pressing, etc.), cramping, griping, constipation, during",پیٹ — درد، اینٹھن والا، مروڑتے ہوئے، قبض کے دوران,4,4,یکساں
o853,"PAIN, cramping, griping, convulsions, with","PAIN, aching, dull pain (See Boring, Drawing, Distress, Digging, Gnawing, Pressing, etc.), cramping, griping, convulsions, with",پیٹ — درد، اینٹھن والا، مروڑتے ہوئے، تشنج کے ساتھ,1,1,یکساں
o854,"PAIN, cramping, griping, coughing, when","PAIN, aching, dull pain (See Boring, Drawing, Distress, Digging, Gnawing, Pressing, etc.), cramping, griping, coughing, when",پیٹ — درد، اینٹھن والا، مروڑتے ہوئے، کھانسنے پر,3,3,یکساں
o856,"PAIN, cramping, griping, dinner, during","PAIN, aching, dull pain (See Boring, Drawing, Distress, Digging, Gnawing, Pressing, etc.), cramping, griping, dinner, during",پیٹ — درد، اینٹھن والا، مروڑتے ہوئے، دوپہر کے کھانے کے دوران,2,2,یکساں
o857,"PAIN, cramping, griping, drinking water, after","PAIN, aching, dull pain (See Boring, Drawing, Distress, Digging, Gnawing, Pressing, etc.), cramping, griping, drinking water, after",پیٹ — درد، اینٹھن والا، مروڑتے ہوئے، پانی پینے کے بعد,10,10,یکساں
o860,"PAIN, cramping, griping, eating, while","PAIN, aching, dull pain (See Boring, Drawing, Distress, Digging, Gnawing, Pressing, etc.), cramping, griping, eating, while",پیٹ — درد، اینٹھن والا، مروڑتے ہوئے، کھاتے ہوئے,4,4,یکساں
o864,"PAIN, cramping, griping, fever, during","PAIN, aching, dull pain (See Boring, Drawing, Distress, Digging, Gnawing, Pressing, etc.), cramping, griping, fever, during",پیٹ — درد، اینٹھن والا، مروڑتے ہوئے، بخار کے دوران,5,5,یکساں
o868,"PAIN, cramping, griping, forenoon, 10 a.m.","PAIN, aching, dull pain (See Boring, Drawing, Distress, Digging, Gnawing, Pressing, etc.), cramping, griping, forenoon, 10 a.m.",پیٹ — درد، اینٹھن والا، مروڑتے ہوئے، دوپہر سے پہلے، صبح 10 بجے,1,1,یکساں
o869,"PAIN, cramping, griping, forenoon, 11 a.m.","PAIN, aching, dull pain (See Boring, Drawing, Distress, Digging, Gnawing, Pressing, etc.), cramping, griping, forenoon, 11 a.m.",پیٹ — درد، اینٹھن والا، مروڑتے ہوئے، دوپہر سے پہلے، صبح 11 بجے,1,1,یکساں
o870,"PAIN, cramping, griping, forenoon, 9 a.m.","PAIN, aching, dull pain (See Boring, Drawing, Distress, Digging, Gnawing, Pressing, etc.), cramping, griping, forenoon, 9 a.m.",پیٹ — درد، اینٹھن والا، مروڑتے ہوئے، دوپہر سے پہلے، صبح 9 بجے,1,1,یکساں
o874,"PAIN, cramping, griping, hypochondria, alternating with oppression of chest","PAIN, aching, dull pain (See Boring, Drawing, Distress, Digging, Gnawing, Pressing, etc.), cramping, griping, Hypochondria, alternating with oppression of chest",پیٹ — درد، اینٹھن والا، مروڑتے ہوئے، بغل کے نچلے حصے میں، سینے کے دباؤ کے ساتھ باری باری,1,1,یکساں
o876,"PAIN, cramping, griping, hypochondria, eructation amel.","PAIN, aching, dull pain (See Boring, Drawing, Distress, Digging, Gnawing, Pressing, etc.), cramping, griping, Hypochondria, eructation amel.",پیٹ — درد، اینٹھن والا، مروڑتے ہوئے، بغل کے نچلے حصے میں، ڈکار سے آرام,1,1,یکساں
o877,"PAIN, cramping, griping, hypochondria, evening","PAIN, aching, dull pain (See Boring, Drawing, Distress, Digging, Gnawing, Pressing, etc.), cramping, griping, Hypochondria, evening",پیٹ — درد، اینٹھن والا، مروڑتے ہوئے، بغل کے نچلے حصے میں، شام,2,2,یکساں
o878,"PAIN, cramping, griping, hypochondria, extending cross back","PAIN, aching, dull pain (See Boring, Drawing, Distress, Digging, Gnawing, Pressing, etc.), cramping, griping, Hypochondria, extending cross back",پیٹ — درد، اینٹھن والا، مروڑتے ہوئے، بغل کے نچلے حصے میں، پیٹھ کے پار پھیلتا ہوا,1,1,یکساں
o881,"PAIN, cramping, griping, hypochondria, morning","PAIN, aching, dull pain (See Boring, Drawing, Distress, Digging, Gnawing, Pressing, etc.), cramping, griping, Hypochondria, morning",پیٹ — درد، اینٹھن والا، مروڑتے ہوئے، بغل کے نچلے حصے میں، صبح,1,1,یکساں
o882,"PAIN, cramping, griping, hypochondria, night","PAIN, aching, dull pain (See Boring, Drawing, Distress, Digging, Gnawing, Pressing, etc.), cramping, griping, Hypochondria, night",پیٹ — درد، اینٹھن والا، مروڑتے ہوئے، بغل کے نچلے حصے میں، رات,1,1,یکساں
o884,"PAIN, cramping, griping, hypochondria, rubbing amel.","PAIN, aching, dull pain (See Boring, Drawing, Distress, Digging, Gnawing, Pressing, etc.), cramping, griping, Hypochondria, rubbing amel.",پیٹ — درد، اینٹھن والا، مروڑتے ہوئے، بغل کے نچلے حصے میں، ملنے سے آرام,1,1,یکساں
o886,"PAIN, cramping, griping, hypochondria, turning the body","PAIN, aching, dull pain (See Boring, Drawing, Distress, Digging, Gnawing, Pressing, etc.), cramping, griping, Hypochondria, turning the body",پیٹ — درد، اینٹھن والا، مروڑتے ہوئے، بغل کے نچلے حصے میں، جسم کرید بدلنے سے,1,1,یکساں
o890,"PAIN, cramping, griping, hypogastrium, daytime","PAIN, aching, dull pain (See Boring, Drawing, Distress, Digging, Gnawing, Pressing, etc.), cramping, griping, Hypogastrium, daytime",پیٹ — درد، اینٹھن والا، مروڑتے ہوئے، ناف کے نیچے کے حصے میں، دن کے وقت,1,1,یکساں
o892,"PAIN, cramping, griping, hypogastrium, forenoon","PAIN, aching, dull pain (See Boring, Drawing, Distress, Digging, Gnawing, Pressing, etc.), cramping, griping, Hypogastrium, forenoon",پیٹ — درد، اینٹھن والا، مروڑتے ہوئے، ناف کے نیچے کے حصے میں، دوپہر سے پہلے,1,1,یکساں
o893,"PAIN, cramping, griping, hypogastrium, lying on back","PAIN, aching, dull pain (See Boring, Drawing, Distress, Digging, Gnawing, Pressing, etc.), cramping, griping, Hypogastrium, lying on back",پیٹ — درد، اینٹھن والا، مروڑتے ہوئے، ناف کے نیچے کے حصے میں، چت لیٹنے پر,1,1,یکساں
o897,"PAIN, cramping, griping, hypogastrium, morning","PAIN, aching, dull pain (See Boring, Drawing, Distress, Digging, Gnawing, Pressing, etc.), cramping, griping, Hypogastrium, morning",پیٹ — درد، اینٹھن والا، مروڑتے ہوئے، ناف کے نیچے کے حصے میں، صبح,3,3,یکساں
o900,"PAIN, cramping, griping, hypogastrium, pressure amel.","PAIN, aching, dull pain (See Boring, Drawing, Distress, Digging, Gnawing, Pressing, etc.), cramping, griping, Hypogastrium, pressure amel.",پیٹ — درد، اینٹھن والا، مروڑتے ہوئے، ناف کے نیچے کے حصے میں، دباؤ سے آرام,1,1,یکساں
o909,"PAIN, cramping, griping, hypogastrium, warmth amel.","PAIN, aching, dull pain (See Boring, Drawing, Distress, Digging, Gnawing, Pressing, etc.), cramping, griping, Hypogastrium, warmth amel.",پیٹ — درد، اینٹھن والا، مروڑتے ہوئے، ناف کے نیچے کے حصے میں، گرمائش سے آرام,1,1,یکساں
o911,"PAIN, cramping, griping, ice cream, after","PAIN, aching, dull pain (See Boring, Drawing, Distress, Digging, Gnawing, Pressing, etc.), cramping, griping, ice cream, after",پیٹ — درد، اینٹھن والا، مروڑتے ہوئے، آئس کریم کے بعد,4,4,یکساں
o912,"PAIN, cramping, griping, indignation, after","PAIN, aching, dull pain (See Boring, Drawing, Distress, Digging, Gnawing, Pressing, etc.), cramping, griping, indignation, after",پیٹ — درد، اینٹھن والا، مروڑتے ہوئے، غصے کے بعد,1,1,یکساں
o916,"PAIN, cramping, griping, inguinal region, ascending stairs","PAIN, aching, dull pain (See Boring, Drawing, Distress, Digging, Gnawing, Pressing, etc.), cramping, griping, Inguinal region, ascending stairs",پیٹ — درد، اینٹھن والا، مروڑتے ہوئے، کچھوں کا علاقہ، سیڑھیاں چڑھنے سے,1,1,یکساں
o917,"PAIN, cramping, griping, inguinal region, extending to knee","PAIN, aching, dull pain (See Boring, Drawing, Distress, Digging, Gnawing, Pressing, etc.), cramping, griping, Inguinal region, extending to knee",پیٹ — درد، اینٹھن والا، مروڑتے ہوئے، کچھوں کا علاقہ، گھٹنے تک پھیلتا ہوا,1,1,یکساں
o919,"PAIN, cramping, griping, inguinal region, left","PAIN, aching, dull pain (See Boring, Drawing, Distress, Digging, Gnawing, Pressing, etc.), cramping, griping, Inguinal region, left",پیٹ — درد، اینٹھن والا، مروڑتے ہوئے، بائیں کچھوں کا علاقہ,4,4,یکساں
o922,"PAIN, cramping, griping, inguinal region, morning","PAIN, aching, dull pain (See Boring, Drawing, Distress, Digging, Gnawing, Pressing, etc.), cramping, griping, Inguinal region, morning",پیٹ — درد، اینٹھن والا، مروڑتے ہوئے، کچھوں کا علاقہ، صبح,1,1,یکساں
o923,"PAIN, cramping, griping, inguinal region, paroxysmal","PAIN, aching, dull pain (See Boring, Drawing, Distress, Digging, Gnawing, Pressing, etc.), cramping, griping, Inguinal region, paroxysmal",پیٹ — درد، اینٹھن والا، مروڑتے ہوئے، کچھوں کا علاقہ، دوروں کی شکل میں,1,1,یکساں
o924,"PAIN, cramping, griping, inguinal region, right","PAIN, aching, dull pain (See Boring, Drawing, Distress, Digging, Gnawing, Pressing, etc.), cramping, griping, Inguinal region, right",پیٹ — درد، اینٹھن والا، مروڑتے ہوئے، دائیں کچھوں کا علاقہ,8,8,یکساں
o931,"PAIN, cramping, griping, inspiration, on","PAIN, aching, dull pain (See Boring, Drawing, Distress, Digging, Gnawing, Pressing, etc.), cramping, griping, inspiration, on",پیٹ — درد، اینٹھن والا، مروڑتے ہوئے، سانس اندر لینے پر,4,4,یکساں
o941,"PAIN, cramping, griping, melons, from","PAIN, aching, dull pain (See Boring, Drawing, Distress, Digging, Gnawing, Pressing, etc.), cramping, griping, melons, from",پیٹ — درد، اینٹھن والا، مروڑتے ہوئے، تربوز سے,1,1,یکساں
o946,"PAIN, cramping, griping, milk, after","PAIN, aching, dull pain (See Boring, Drawing, Distress, Digging, Gnawing, Pressing, etc.), cramping, griping, milk, after",پیٹ — درد، اینٹھن والا، مروڑتے ہوئے، دودھ کے بعد,4,4,یکساں
o954,"PAIN, cramping, griping, mortification, from","PAIN, aching, dull pain (See Boring, Drawing, Distress, Digging, Gnawing, Pressing, etc.), cramping, griping, mortification, from",پیٹ — درد، اینٹھن والا، مروڑتے ہوئے، بے عزتی سے,1,1,یکساں
o958,"PAIN, cramping, griping, night, 1 a.m.","PAIN, aching, dull pain (See Boring, Drawing, Distress, Digging, Gnawing, Pressing, etc.), cramping, griping, night, 1 a.m.",پیٹ — درد، اینٹھن والا، مروڑتے ہوئے، رات 1 بجے,1,1,یکساں
o959,"PAIN, cramping, griping, night, 2 a.m.","PAIN, aching, dull pain (See Boring, Drawing, Distress, Digging, Gnawing, Pressing, etc.), cramping, griping, night, 2 a.m.",پیٹ — درد، اینٹھن والا، مروڑتے ہوئے، رات 2 بجے,1,1,یکساں
o966,"PAIN, cramping, griping, riding, while","PAIN, aching, dull pain (See Boring, Drawing, Distress, Digging, Gnawing, Pressing, etc.), cramping, griping, riding, while",پیٹ — درد، اینٹھن والا، مروڑتے ہوئے، سفر کرتے ہوئے,1,1,یکساں
o968,"PAIN, cramping, griping, rising from a seat, amel.","PAIN, aching, dull pain (See Boring, Drawing, Distress, Digging, Gnawing, Pressing, etc.), cramping, griping, rising from a seat, amel.",پیٹ — درد، اینٹھن والا، مروڑتے ہوئے، نشست سے اٹھنے سے آرام,2,2,یکساں
o970,"PAIN, cramping, griping, sides, evening","PAIN, aching, dull pain (See Boring, Drawing, Distress, Digging, Gnawing, Pressing, etc.), cramping, griping, Sides, evening",پیٹ — درد، اینٹھن والا، مروڑتے ہوئے، پہلوؤں میں، شام,1,1,یکساں
o971,"PAIN, cramping, griping, sides, flank","PAIN, aching, dull pain (See Boring, Drawing, Distress, Digging, Gnawing, Pressing, etc.), cramping, griping, Sides, flank",پیٹ — درد، اینٹھن والا، مروڑتے ہوئے، پہلوؤں میں، پہلو,11,11,یکساں
o972,"PAIN, cramping, griping, sides, inspiration agg.","PAIN, aching, dull pain (See Boring, Drawing, Distress, Digging, Gnawing, Pressing, etc.), cramping, griping, Sides, inspiration agg.",پیٹ — درد، اینٹھن والا، مروڑتے ہوئے، پہلوؤں میں، سانس اندر لینے سے بگاڑ,1,1,یکساں
o975,"PAIN, cramping, griping, sides, right","PAIN, aching, dull pain (See Boring, Drawing, Distress, Digging, Gnawing, Pressing, etc.), cramping, griping, Sides, right",پیٹ — درد، اینٹھن والا، مروڑتے ہوئے، دائیں پہلو میں,11,11,یکساں
o979,"PAIN, cramping, griping, sides, standing agg.","PAIN, aching, dull pain (See Boring, Drawing, Distress, Digging, Gnawing, Pressing, etc.), cramping, griping, Sides, standing agg.",پیٹ — درد، اینٹھن والا، مروڑتے ہوئے، پہلوؤں میں، کھڑے ہونے سے بگاڑ,1,1,یکساں
o982,"PAIN, cramping, griping, sides, stooping","PAIN, aching, dull pain (See Boring, Drawing, Distress, Digging, Gnawing, Pressing, etc.), cramping, griping, Sides, stooping",پیٹ — درد، اینٹھن والا، مروڑتے ہوئے، پہلوؤں میں، جھکنے سے,1,1,یکساں
o988,"PAIN, cramping, griping, smoking, after","PAIN, aching, dull pain (See Boring, Drawing, Distress, Digging, Gnawing, Pressing, etc.), cramping, griping, smoking, after",پیٹ — درد، اینٹھن والا، مروڑتے ہوئے، سگریٹ پینے کے بعد,1,1,یکساں
o990,"PAIN, cramping, griping, standing, while","PAIN, aching, dull pain (See Boring, Drawing, Distress, Digging, Gnawing, Pressing, etc.), cramping, griping, standing, while",پیٹ — درد، اینٹھن والا، مروڑتے ہوئے، کھڑے ہوئے,3,3,یکساں
o999,"PAIN, cramping, griping, tea, after","PAIN, aching, dull pain (See Boring, Drawing, Distress, Digging, Gnawing, Pressing, etc.), cramping, griping, tea, after",پیٹ — درد، اینٹھن والا، مروڑتے ہوئے، چائے کے بعد,1,1,یکساں
r1002,"PAIN, hypochondria, right, coughing, on","PAIN, aching, dull pain (See Boring, Drawing, Distress, Digging, Gnawing, Pressing, etc.), Hypochondria, right, coughing, on",پیٹ — درد، دائیں بغل کے نچلے حصے میں، کھانسنے پر,8,8,یکساں
r1003,"PAIN, hypochondria, right, eating to satiety, after","PAIN, aching, dull pain (See Boring, Drawing, Distress, Digging, Gnawing, Pressing, etc.), Hypochondria, right, eating to satiety, after",پیٹ — درد، دائیں بغل کے نچلے حصے میں، پیٹ بھر کھانے کے بعد,1,1,یکساں
r1012,"PAIN, hypochondria, left, chill, during","PAIN, aching, dull pain (See Boring, Drawing, Distress, Digging, Gnawing, Pressing, etc.), Hypochondria, left, chill, during",پیٹ — درد، بائیں بغل کے نچلے حصے میں، سردی لگنے کے دوران,1,1,یکساں
r1013,"PAIN, hypochondria, left, coughing, on","PAIN, aching, dull pain (See Boring, Drawing, Distress, Digging, Gnawing, Pressing, etc.), Hypochondria, left, coughing, on",پیٹ — درد، بائیں بغل کے نچلے حصے میں، کھانسنے پر,6,6,یکساں
r1028,"PAIN, hypochondria, night, bed, in","PAIN, aching, dull pain (See Boring, Drawing, Distress, Digging, Gnawing, Pressing, etc.), Hypochondria, night, bed, in",پیٹ — درد، بغل کے نچلے حصے میں، رات، بستر میں,5,5,یکساں
r1029,"PAIN, hypochondria, night, waking, on","PAIN, aching, dull pain (See Boring, Drawing, Distress, Digging, Gnawing, Pressing, etc.), Hypochondria, night, waking, on",پیٹ — درد، بغل کے نچلے حصے میں، رات، جاگنے پر,1,1,یکساں
r1031,"PAIN, hypochondria, night, midnight, while lying on side","PAIN, aching, dull pain (See Boring, Drawing, Distress, Digging, Gnawing, Pressing, etc.), Hypochondria, night, midnight, while lying on side",پیٹ — درد، بغل کے نچلے حصے میں، رات، آدھی رات، کروٹ لیٹے ہوئے,1,1,یکساں
r1119,"PAIN, hypogastrium, eating, after, amel.","PAIN, aching, dull pain (See Boring, Drawing, Distress, Digging, Gnawing, Pressing, etc.), Hypogastrium, eating, after, amel.",پیٹ — درد، ناف کے نیچے کے حصے میں، کھانے کے بعد آرام,3,3,یکساں
r1128,"PAIN, hypogastrium, menses, before, extending to back","PAIN, aching, dull pain (See Boring, Drawing, Distress, Digging, Gnawing, Pressing, etc.), Hypogastrium, menses, before, extending to back",پیٹ — درد، ناف کے نیچے کے حصے میں، حیض سے پہلے، پیٹھ تک پھیلتا ہوا,2,2,یکساں
r1142,"PAIN, hypogastrium, supper, after, amel.","PAIN, aching, dull pain (See Boring, Drawing, Distress, Digging, Gnawing, Pressing, etc.), Hypogastrium, supper, after, amel.",پیٹ — درد، ناف کے نیچے کے حصے میں، رات کے کھانے کے بعد آرام,1,1,یکساں
r1167,"PAIN, iliac region, morning, stool, before","PAIN, aching, dull pain (See Boring, Drawing, Distress, Digging, Gnawing, Pressing, etc.), Iliac region, morning, stool, before",پیٹ — درد، کولھے کی طرف، صبح، پاخانے سے پہلے,1,1,یکساں
r1170,"PAIN, iliac region, evening, supper, after","PAIN, aching, dull pain (See Boring, Drawing, Distress, Digging, Gnawing, Pressing, etc.), Iliac region, evening, supper, after",پیٹ — درد، کولھے کی طرف، شام، رات کے کھانے کے بعد,1,1,یکساں
r1201,"PAIN, ilium, crest of, sitting, while","PAIN, aching, dull pain (See Boring, Drawing, Distress, Digging, Gnawing, Pressing, etc.), Ilium, crest of, sitting, while",پیٹ — درد، کولھے کی ہڈی کا کنارہ، بیٹھے ہوئے,2,2,یکساں
r1203,"PAIN, ilium, crest of, walking, amel.","PAIN, aching, dull pain (See Boring, Drawing, Distress, Digging, Gnawing, Pressing, etc.), Ilium, crest of, walking, amel.",پیٹ — درد، کولھے کی ہڈی کا کنارہ، چلنے سے آرام,2,2,یکساں
r1214,"PAIN, inguinal region, left, desire to urinate be postponed, if","PAIN, aching, dull pain (See Boring, Drawing, Distress, Digging, Gnawing, Pressing, etc.), Inguinal region, left, desire to urinate be postponed, if",پیٹ — درد، بائیں کچھوں کا علاقہ، پیشاب کی خواہش روکی جائے تو,1,1,یکساں
r1215,"PAIN, inguinal region, left, urination, during","PAIN, aching, dull pain (See Boring, Drawing, Distress, Digging, Gnawing, Pressing, etc.), Inguinal region, left, urination, during",پیٹ — درد، بائیں کچھوں کا علاقہ، پیشاب کے دوران,1,1,یکساں
r1218,"PAIN, inguinal region, left, extending, to axilla","PAIN, aching, dull pain (See Boring, Drawing, Distress, Digging, Gnawing, Pressing, etc.), Inguinal region, left, extending to testicles, to axilla",پیٹ — درد، بائیں کچھوں کا علاقہ، پھیلتا ہوا، بغل تک,2,2,یکساں
r1230,"PAIN, inguinal region, hernia, as from a, walking agg.","PAIN, aching, dull pain (See Boring, Drawing, Distress, Digging, Gnawing, Pressing, etc.), Inguinal region, hernia, as from a, walking agg.",پیٹ — درد، کچھوں کا علاقہ، ہرنیا، جیسے ہرنیا ہو، چلنے سے بگاڑ,1,1,یکساں
r1280,"PAIN, inguinal region, extending, shoulder blade, right","PAIN, aching, dull pain (See Boring, Drawing, Distress, Digging, Gnawing, Pressing, etc.), Inguinal region, extending to axilla (left), shoulder blade, right",پیٹ — درد، کچھوں کا علاقہ، پھیلتا ہوا، دائیں کندھے کی ہڈی تک,1,1,یکساں
r1281,"PAIN, inguinal region, extending, spermatic cord, along","PAIN, aching, dull pain (See Boring, Drawing, Distress, Digging, Gnawing, Pressing, etc.), Inguinal region, extending to axilla (left), spermatic cord, along",پیٹ — درد، کچھوں کا علاقہ، پھیلتا ہوا، نالی (سپرمیٹک کورڈ) کے ساتھ,2,2,یکساں
r1285,"PAIN, inguinal region, ring, coughing, on","PAIN, aching, dull pain (See Boring, Drawing, Distress, Digging, Gnawing, Pressing, etc.), Inguinal region, ring, coughing, on",پیٹ — درد، کچھوں کا علاقہ، ہرنیا کا حلقہ، کھانسنے پر,8,8,یکساں
r1338,"PAIN, liver, extending, back, to","PAIN, aching, dull pain (See Boring, Drawing, Distress, Digging, Gnawing, Pressing, etc.), Liver, extending, back, to",پیٹ — درد، جگر، پھیلتا ہوا، پیٹھ تک,10,10,یکساں
r1348,"PAIN, sides, left, coughing, on","PAIN, aching, dull pain (See Boring, Drawing, Distress, Digging, Gnawing, Pressing, etc.), Sides, left, coughing, on",پیٹ — درد، بائیں پہلو میں، کھانسنے پر,1,1,یکساں
r1352,"PAIN, sides, morning, waking, on","PAIN, aching, dull pain (See Boring, Drawing, Distress, Digging, Gnawing, Pressing, etc.), Sides, morning, waking, on",پیٹ — درد، پہلوؤں میں، صبح جاگتے ہی,1,1,یکساں
r1415,"PAIN, umbilicus, flatus, passing, amel.","PAIN, aching, dull pain (See Boring, Drawing, Distress, Digging, Gnawing, Pressing, etc.), Umbilicus, flatus, passing, amel.",پیٹ — درد، ناف، ریاح نکلنے سے آرام,3,3,یکساں
r1416,"PAIN, umbilicus, inspiration, deep, on","PAIN, aching, dull pain (See Boring, Drawing, Distress, Digging, Gnawing, Pressing, etc.), Umbilicus, inspiration, deep, on",پیٹ — درد، ناف، گہری سانس اندر لینے پر,3,3,یکساں
r1457,"PAIN, umbilicus, region of, morning, 6 a.m.","PAIN, aching, dull pain (See Boring, Drawing, Distress, Digging, Gnawing, Pressing, etc.), Umbilicus, region of, morning, 6 a.m.",پیٹ — درد، ناف کا علاقہ، صبح 6 بجے,1,1,یکساں
r1459,"PAIN, umbilicus, region of, forenoon, 10 a.m.","PAIN, aching, dull pain (See Boring, Drawing, Distress, Digging, Gnawing, Pressing, etc.), Umbilicus, region of, forenoon, 10 a.m.",پیٹ — درد، ناف کا علاقہ، دوپہر سے پہلے 10 بجے,1,1,یکساں
r1462,"PAIN, umbilicus, region of, afternoon, 2 p.m.","PAIN, aching, dull pain (See Boring, Drawing, Distress, Digging, Gnawing, Pressing, etc.), Umbilicus, region of, afternoon, 2 p.m.",پیٹ — درد، ناف کا علاقہ، سہ پہر 2 بجے,2,2,یکساں
r1463,"PAIN, umbilicus, region of, afternoon, 3-4 p.m.","PAIN, aching, dull pain (See Boring, Drawing, Distress, Digging, Gnawing, Pressing, etc.), Umbilicus, region of, afternoon, 3-4 p.m.",پیٹ — درد، ناف کا علاقہ، سہ پہر 3 سے 4 بجے,1,1,یکساں
r1464,"PAIN, umbilicus, region of, afternoon, 4 p.m.","PAIN, aching, dull pain (See Boring, Drawing, Distress, Digging, Gnawing, Pressing, etc.), Umbilicus, region of, afternoon, 4 p.m.",پیٹ — درد، ناف کا علاقہ، سہ پہر 4 بجے,1,1,یکساں
r1465,"PAIN, umbilicus, region of, afternoon, 5 p.m.","PAIN, aching, dull pain (See Boring, Drawing, Distress, Digging, Gnawing, Pressing, etc.), Umbilicus, region of, afternoon, 5 p.m.",پیٹ — درد، ناف کا علاقہ، سہ پہر 5 بجے,3,3,یکساں
r1467,"PAIN, umbilicus, region of, evening, 5-6 p.m.","PAIN, aching, dull pain (See Boring, Drawing, Distress, Digging, Gnawing, Pressing, etc.), Umbilicus, region of, evening, 5-6 p.m.",پیٹ — درد، ناف کا علاقہ، شام 5 سے 6 بجے,1,1,یکساں
r1473,"PAIN, umbilicus, region of, bending backward, amel.","PAIN, aching, dull pain (See Boring, Drawing, Distress, Digging, Gnawing, Pressing, etc.), Umbilicus, region of, bending backward, amel.",پیٹ — درد، ناف کا علاقہ، پیچھے جھکنے سے آرام,1,1,یکساں
r1474,"PAIN, umbilicus, region of, cold drinks, from","PAIN, aching, dull pain (See Boring, Drawing, Distress, Digging, Gnawing, Pressing, etc.), Umbilicus, region of, cold drinks, from",پیٹ — درد، ناف کا علاقہ، ٹھنڈے مشروبات سے,1,1,یکساں
r1476,"PAIN, umbilicus, region of, coughing, on","PAIN, aching, dull pain (See Boring, Drawing, Distress, Digging, Gnawing, Pressing, etc.), Umbilicus, region of, coughing, on",پیٹ — درد، ناف کا علاقہ، کھانسنے پر,3,3,یکساں
r1479,"PAIN, umbilicus, region of, dinner, after","PAIN, aching, dull pain (See Boring, Drawing, Distress, Digging, Gnawing, Pressing, etc.), Umbilicus, region of, dinner, after",پیٹ — درد، ناف کا علاقہ، دوپہر کے کھانے کے بعد,5,5,یکساں
r1481,"PAIN, umbilicus, region of, ice cream, after","PAIN, aching, dull pain (See Boring, Drawing, Distress, Digging, Gnawing, Pressing, etc.), Umbilicus, region of, ice cream, after",پیٹ — درد، ناف کا علاقہ، آئس کریم کے بعد,1,1,یکساں
r1482,"PAIN, umbilicus, region of, inspiration, deep","PAIN, aching, dull pain (See Boring, Drawing, Distress, Digging, Gnawing, Pressing, etc.), Umbilicus, region of, inspiration, deep",پیٹ — درد، ناف کا علاقہ، گہری سانس اندر لینے سے,1,1,یکساں
r1489,"PAIN, umbilicus, region of, rising, after","PAIN, aching, dull pain (See Boring, Drawing, Distress, Digging, Gnawing, Pressing, etc.), Umbilicus, region of, rising, after",پیٹ — درد، ناف کا علاقہ، اٹھنے کے بعد,1,1,یکساں
r1490,"PAIN, umbilicus, region of, sitting, while","PAIN, aching, dull pain (See Boring, Drawing, Distress, Digging, Gnawing, Pressing, etc.), Umbilicus, region of, sitting, while",پیٹ — درد، ناف کا علاقہ، بیٹھے ہوئے,3,3,یکساں
r1492,"PAIN, umbilicus, region of, stool, before","PAIN, aching, dull pain (See Boring, Drawing, Distress, Digging, Gnawing, Pressing, etc.), Umbilicus, region of, stool, before",پیٹ — درد، ناف کا علاقہ، پاخانے سے پہلے,12,12,یکساں
r1497,"PAIN, umbilicus, region of, walking, while","PAIN, aching, dull pain (See Boring, Drawing, Distress, Digging, Gnawing, Pressing, etc.), Umbilicus, region of, walking, while",پیٹ — درد، ناف کا علاقہ، چلتے ہوئے,3,3,یکساں
r1532,"PAIN, burning, hypochondria, right, extending to right scapula","PAIN, aching, dull pain (See Boring, Drawing, Distress, Digging, Gnawing, Pressing, etc.), burning, Hypochondria, right, extending to right scapula",پیٹ — درد، جلتا ہوا، دائیں بغل کے نچلے حصے میں، دائیں کندھے کی ہڈی تک پھیلتا ہوا,1,1,یکساں
r1535,"PAIN, burning, hypochondria, left, lying on painful side agg.","PAIN, aching, dull pain (See Boring, Drawing, Distress, Digging, Gnawing, Pressing, etc.), burning, Hypochondria, left, lying on painful side agg.",پیٹ — درد، جلتا ہوا، بائیں بغل کے نچلے حصے میں، درد والی طرف لیٹنے سے بگاڑ,2,2,یکساں
r1539,"PAIN, burning, hypochondria, afternoon, 1 p.m.","PAIN, aching, dull pain (See Boring, Drawing, Distress, Digging, Gnawing, Pressing, etc.), burning, Hypochondria, afternoon, 1 p.m.",پیٹ — درد، جلتا ہوا، بغل کے نچلے حصے میں، سہ پہر 1 بجے,1,1,یکساں
r1541,"PAIN, burning, hypochondria, eating, after","PAIN, aching, dull pain (See Boring, Drawing, Distress, Digging, Gnawing, Pressing, etc.), burning, Hypochondria, eating, after",پیٹ — درد، جلتا ہوا، بغل کے نچلے حصے میں، کھانے کے بعد,1,1,یکساں
r1544,"PAIN, burning, hypochondria, sitting, while","PAIN, aching, dull pain (See Boring, Drawing, Distress, Digging, Gnawing, Pressing, etc.), burning, Hypochondria, sitting, while",پیٹ — درد، جلتا ہوا، بغل کے نچلے حصے میں، بیٹھے ہوئے,3,3,یکساں
r1545,"PAIN, burning, hypochondria, standing, when","PAIN, aching, dull pain (See Boring, Drawing, Distress, Digging, Gnawing, Pressing, etc.), burning, Hypochondria, standing, when",پیٹ — درد، جلتا ہوا، بغل کے نچلے حصے میں، کھڑے ہونے پر,1,1,یکساں
r1554,"PAIN, burning, hypogastrium, cough, after","PAIN, aching, dull pain (See Boring, Drawing, Distress, Digging, Gnawing, Pressing, etc.), burning, Hypogastrium, cough, after",پیٹ — درد، جلتا ہوا، ناف کے نیچے کے حصے میں، کھانسی کے بعد,1,1,یکساں
r1555,"PAIN, burning, hypogastrium, menses, during","PAIN, aching, dull pain (See Boring, Drawing, Distress, Digging, Gnawing, Pressing, etc.), burning, Hypogastrium, menses, during",پیٹ — درد، جلتا ہوا، ناف کے نیچے کے حصے میں، حیض کے دوران,1,1,یکساں
r1562,"PAIN, burning, inguinal region, menses, during","PAIN, aching, dull pain (See Boring, Drawing, Distress, Digging, Gnawing, Pressing, etc.), burning, Inguinal region, menses, during",پیٹ — درد، جلتا ہوا، کچھوں کا علاقہ، حیض کے دوران,2,2,یکساں
r1563,"PAIN, burning, inguinal region, sitting, while","PAIN, aching, dull pain (See Boring, Drawing, Distress, Digging, Gnawing, Pressing, etc.), burning, Inguinal region, sitting, while",پیٹ — درد، جلتا ہوا، کچھوں کا علاقہ، بیٹھے ہوئے,1,1,یکساں
r1566,"PAIN, burning, inguinal region, urination, during","PAIN, aching, dull pain (See Boring, Drawing, Distress, Digging, Gnawing, Pressing, etc.), burning, Inguinal region, urination, during",پیٹ — درد، جلتا ہوا، کچھوں کا علاقہ، پیشاب کے دوران,2,2,یکساں
r1569,"PAIN, burning, liver, stool, after","PAIN, aching, dull pain (See Boring, Drawing, Distress, Digging, Gnawing, Pressing, etc.), burning, Liver, stool, after",پیٹ — درد، جلتا ہوا، جگر میں، پاخانے کے بعد,2,2,یکساں
r1574,"PAIN, burning, sides, cough, during","PAIN, aching, dull pain (See Boring, Drawing, Distress, Digging, Gnawing, Pressing, etc.), burning, Sides, cough, during",پیٹ — درد، جلتا ہوا، پہلوؤں میں، کھانسی کے دوران,1,1,یکساں
r1575,"PAIN, burning, sides, dinner, after","PAIN, aching, dull pain (See Boring, Drawing, Distress, Digging, Gnawing, Pressing, etc.), burning, Sides, dinner, after",پیٹ — درد، جلتا ہوا، پہلوؤں میں، دوپہر کے کھانے کے بعد,1,1,یکساں
r1576,"PAIN, burning, sides, sitting, on","PAIN, aching, dull pain (See Boring, Drawing, Distress, Digging, Gnawing, Pressing, etc.), burning, Sides, sitting, on",پیٹ — درد، جلتا ہوا، پہلوؤں میں، بیٹھنے پر,1,1,یکساں
r1577,"PAIN, burning, sides, spots, in","PAIN, aching, dull pain (See Boring, Drawing, Distress, Digging, Gnawing, Pressing, etc.), burning, Sides, spots, in",پیٹ — درد، جلتا ہوا، پہلوؤں میں، دھبوں میں,4,4,یکساں
r1578,"PAIN, burning, sides, walking, while","PAIN, aching, dull pain (See Boring, Drawing, Distress, Digging, Gnawing, Pressing, etc.), burning, Sides, walking, while",پیٹ — درد، جلتا ہوا، پہلوؤں میں، چلتے ہوئے,1,1,یکساں
r1580,"PAIN, burning, sides, flank in, on sneezing","PAIN, aching, dull pain (See Boring, Drawing, Distress, Digging, Gnawing, Pressing, etc.), burning, Sides, flank in, on sneezing",پیٹ — درد، جلتا ہوا، پہلو کے اندر، چھینکنے پر,1,1,یکساں
r1585,"PAIN, burning, umbilicus, region of, evening","PAIN, aching, dull pain (See Boring, Drawing, Distress, Digging, Gnawing, Pressing, etc.), burning, Umbilicus, region of, evening",پیٹ — درد، جلتا ہوا، ناف کا علاقہ، شام,1,1,یکساں
r1612,"PAIN, clawing, umbilical region, menses, before","PAIN, aching, dull pain (See Boring, Drawing, Distress, Digging, Gnawing, Pressing, etc.), clawing, Umbilical region, menses, before",پیٹ — درد، نوچنے والا، ناف کا علاقہ، حیض سے پہلے,1,1,یکساں
r1756,"PAIN, cramping, griping, menses, before","PAIN, aching, dull pain (See Boring, Drawing, Distress, Digging, Gnawing, Pressing, etc.), cramping, griping, menses, before",پیٹ — درد، اینٹھن والا، مروڑتے ہوئے، حیض سے پہلے,30,30,یکساں
r1760,"PAIN, cramping, griping, stool, before","PAIN, aching, dull pain (See Boring, Drawing, Distress, Digging, Gnawing, Pressing, etc.), cramping, griping, stool, before",پیٹ — درد، اینٹھن والا، مروڑتے ہوئے، پاخانے سے پہلے,85,85,یکساں
r1764,"PAIN, cramping, griping, supper, after","PAIN, aching, dull pain (See Boring, Drawing, Distress, Digging, Gnawing, Pressing, etc.), cramping, griping, supper, after",پیٹ — درد، اینٹھن والا، مروڑتے ہوئے، رات کے کھانے کے بعد,7,7,یکساں
r1802,"PAIN, cramping, griping, bed, in","PAIN, aching, dull pain (See Boring, Drawing, Distress, Digging, Gnawing, Pressing, etc.), cramping, griping, bed, in",پیٹ — درد، اینٹھن والا، مروڑتے ہوئے، بستر میں,11,11,یکساں
r1807,"PAIN, cramping, griping, afternoon, 4 p.m.","PAIN, aching, dull pain (See Boring, Drawing, Distress, Digging, Gnawing, Pressing, etc.), cramping, griping, afternoon, 4 p.m.",پیٹ — درد، اینٹھن والا، مروڑتے ہوئے، سہ پہر 4 بجے,4,4,ماخذی مطابق کیے
r1808,"PAIN, cramping, griping, afternoon, 5 p.m.","PAIN, aching, dull pain (See Boring, Drawing, Distress, Digging, Gnawing, Pressing, etc.), cramping, griping, afternoon, 5 p.m.",پیٹ — درد، اینٹھن والا، مروڑتے ہوئے، سہ پہر 5 بجے,2,2,یکساں
r1816,"PAIN, cramping, griping, breakfast, after","PAIN, aching, dull pain (See Boring, Drawing, Distress, Digging, Gnawing, Pressing, etc.), cramping, griping, breakfast, after",پیٹ — درد، اینٹھن والا، مروڑتے ہوئے، ناشتے کے بعد,8,8,یکساں
r1817,"PAIN, cramping, griping, cold, after taking","PAIN, aching, dull pain (See Boring, Drawing, Distress, Digging, Gnawing, Pressing, etc.), cramping, griping, cold, after taking",پیٹ — درد، اینٹھن والا، مروڑتے ہوئے، ٹھنڈ لگنے کے بعد,3,3,یکساں
r1820,"PAIN, cramping, griping, fruit, after","PAIN, aching, dull pain (See Boring, Drawing, Distress, Digging, Gnawing, Pressing, etc.), cramping, griping, fruit, after",پیٹ — درد، اینٹھن والا، مروڑتے ہوئے، پھل کے بعد,4,4,یکساں
r1824,"PAIN, cramping, griping, soup, after","PAIN, aching, dull pain (See Boring, Drawing, Distress, Digging, Gnawing, Pressing, etc.), cramping, griping, soup, after",پیٹ — درد، اینٹھن والا، مروڑتے ہوئے، شوربے کے بعد,1,1,یکساں
r1838,"PAIN, cutting, morning, bed, in","PAIN, aching, dull pain (See Boring, Drawing, Distress, Digging, Gnawing, Pressing, etc.), cutting, morning, bed, in",پیٹ — درد، کاٹتا ہوا، صبح، بستر میں,1,1,یکساں
r1839,"PAIN, cutting, morning, rising, after","PAIN, aching, dull pain (See Boring, Drawing, Distress, Digging, Gnawing, Pressing, etc.), cutting, morning, rising, after",پیٹ — درد، کاٹتا ہوا، صبح، اٹھنے کے بعد,1,1,یکساں
r1840,"PAIN, cutting, morning, stool, during","PAIN, aching, dull pain (See Boring, Drawing, Distress, Digging, Gnawing, Pressing, etc.), cutting, morning, stool, during",پیٹ — درد، کاٹتا ہوا، صبح، پاخانے کے دوران,1,1,یکساں
r1841,"PAIN, cutting, morning, waking, on","PAIN, aching, dull pain (See Boring, Drawing, Distress, Digging, Gnawing, Pressing, etc.), cutting, morning, waking, on",پیٹ — درد، کاٹتا ہوا، صبح جاگتے ہی,1,1,یکساں
r1844,"PAIN, cutting, noon, soup, after","PAIN, aching, dull pain (See Boring, Drawing, Distress, Digging, Gnawing, Pressing, etc.), cutting, noon, soup, after",پیٹ — درد، کاٹتا ہوا، دوپہر، شوربے کے بعد,2,2,یکساں
r1851,"PAIN, cutting, evening, 5 p.m., lasting all night","PAIN, aching, dull pain (See Boring, Drawing, Distress, Digging, Gnawing, Pressing, etc.), cutting, evening, 5 p.m., lasting all night",پیٹ — درد، کاٹتا ہوا، شام 5 بجے، ساری رات رہے,1,1,یکساں
r1854,"PAIN, cutting, night, bed, in","PAIN, aching, dull pain (See Boring, Drawing, Distress, Digging, Gnawing, Pressing, etc.), cutting, night, bed, in",پیٹ — درد، کاٹتا ہوا، رات، بستر میں,2,2,یکساں
r1855,"PAIN, cutting, night, pressing to urinate, when","PAIN, aching, dull pain (See Boring, Drawing, Distress, Digging, Gnawing, Pressing, etc.), cutting, night, pressing to urinate, when",پیٹ — درد، کاٹتا ہوا، رات، پیشاب کی خواہش کے وقت,1,1,یکساں
r1857,"PAIN, cutting, night, midnight, after","PAIN, aching, dull pain (See Boring, Drawing, Distress, Digging, Gnawing, Pressing, etc.), cutting, night, midnight, after",پیٹ — درد، کاٹتا ہوا، رات، آدھی رات کے بعد,2,2,یکساں
r1887,"PAIN, cutting, flatus, passing, amel.","PAIN, aching, dull pain (See Boring, Drawing, Distress, Digging, Gnawing, Pressing, etc.), cutting, flatus, passing, amel.",پیٹ — درد، کاٹتا ہوا، ریاح نکلنے سے آرام,16,16,یکساں
r1946,"PAIN, cutting, hypochondria, sitting, while","PAIN, aching, dull pain (See Boring, Drawing, Distress, Digging, Gnawing, Pressing, etc.), cutting, Hypochondria, sitting, while",پیٹ — درد، کاٹتا ہوا، بغل کے نچلے حصے میں، بیٹھے ہوئے,2,2,یکساں
r1954,"PAIN, cutting, hypogastrium, coughing, on","PAIN, aching, dull pain (See Boring, Drawing, Distress, Digging, Gnawing, Pressing, etc.), cutting, Hypogastrium, coughing, on",پیٹ — درد، کاٹتا ہوا، ناف کے نیچے کے حصے میں، کھانسنے پر,3,3,یکساں
r1955,"PAIN, cutting, hypogastrium, eating, after","PAIN, aching, dull pain (See Boring, Drawing, Distress, Digging, Gnawing, Pressing, etc.), cutting, Hypogastrium, eating, after",پیٹ — درد، کاٹتا ہوا، ناف کے نیچے کے حصے میں، کھانے کے بعد,1,1,یکساں
r1957,"PAIN, cutting, hypogastrium, menses, before","PAIN, aching, dull pain (See Boring, Drawing, Distress, Digging, Gnawing, Pressing, etc.), cutting, Hypogastrium, menses, before",پیٹ — درد، کاٹتا ہوا، ناف کے نیچے کے حصے میں، حیض سے پہلے,2,2,یکساں
r1964,"PAIN, cutting, hypogastrium, step, at every","PAIN, aching, dull pain (See Boring, Drawing, Distress, Digging, Gnawing, Pressing, etc.), cutting, Hypogastrium, step, at every",پیٹ — درد، کاٹتا ہوا، ناف کے نیچے کے حصے میں، ہر قدم پر,2,2,یکساں
r1966,"PAIN, cutting, hypogastrium, walking, while","PAIN, aching, dull pain (See Boring, Drawing, Distress, Digging, Gnawing, Pressing, etc.), cutting, Hypogastrium, walking, while",پیٹ — درد، کاٹتا ہوا، ناف کے نیچے کے حصے میں، چلتے ہوئے,2,2,یکساں
r1971,"PAIN, cutting, iliac region, fossa, right to left","PAIN, aching, dull pain (See Boring, Drawing, Distress, Digging, Gnawing, Pressing, etc.), cutting, Iliac region, fossa, right to left",پیٹ — درد، کاٹتا ہوا، کولھے کی طرف، گڑھا، دائیں سے بائیں,1,1,یکساں
r2017,"PAIN, cutting, umbilicus, region of, daytime","PAIN, aching, dull pain (See Boring, Drawing, Distress, Digging, Gnawing, Pressing, etc.), cutting, Umbilicus, region of, daytime",پیٹ — درد، کاٹتا ہوا، ناف کا علاقہ، دن کے وقت,1,1,یکساں
r2018,"PAIN, cutting, umbilicus, region of, morning","PAIN, aching, dull pain (See Boring, Drawing, Distress, Digging, Gnawing, Pressing, etc.), cutting, Umbilicus, region of, morning",پیٹ — درد، کاٹتا ہوا، ناف کا علاقہ، صبح,4,4,یکساں
r2022,"PAIN, cutting, umbilicus, region of, afternoon","PAIN, aching, dull pain (See Boring, Drawing, Distress, Digging, Gnawing, Pressing, etc.), cutting, Umbilicus, region of, afternoon",پیٹ — درد، کاٹتا ہوا، ناف کا علاقہ، سہ پہر,3,3,یکساں
r2024,"PAIN, cutting, umbilicus, region of, evening","PAIN, aching, dull pain (See Boring, Drawing, Distress, Digging, Gnawing, Pressing, etc.), cutting, Umbilicus, region of, evening",پیٹ — درد، کاٹتا ہوا، ناف کا علاقہ، شام,4,4,یکساں
r2025,"PAIN, cutting, umbilicus, region of, midnight","PAIN, aching, dull pain (See Boring, Drawing, Distress, Digging, Gnawing, Pressing, etc.), cutting, Umbilicus, region of, midnight",پیٹ — درد، کاٹتا ہوا، ناف کا علاقہ، آدھی رات,1,1,یکساں
r2028,"PAIN, cutting, umbilicus, region of, cold weather","PAIN, aching, dull pain (See Boring, Drawing, Distress, Digging, Gnawing, Pressing, etc.), cutting, Umbilicus, region of, cold weather",پیٹ — درد، کاٹتا ہوا، ناف کا علاقہ، ٹھنڈے موسم میں,1,1,یکساں
r2037,"PAIN, cutting, umbilicus, region of, lying bent amel.","PAIN, aching, dull pain (See Boring, Drawing, Distress, Digging, Gnawing, Pressing, etc.), cutting, Umbilicus, region of, lying bent amel.",پیٹ — درد، کاٹتا ہوا، ناف کا علاقہ، جھک کر لیٹنے سے آرام,1,1,یکساں
r2041,"PAIN, cutting, umbilicus, region of, pressure agg.","PAIN, aching, dull pain (See Boring, Drawing, Distress, Digging, Gnawing, Pressing, etc.), cutting, Umbilicus, region of, pressure agg.",پیٹ — درد، کاٹتا ہوا، ناف کا علاقہ، دباؤ سے بگاڑ,1,1,یکساں
r2048,"PAIN, cutting, umbilicus, region of, stooping agg.","PAIN, aching, dull pain (See Boring, Drawing, Distress, Digging, Gnawing, Pressing, etc.), cutting, Umbilicus, region of, stooping agg.",پیٹ — درد، کاٹتا ہوا، ناف کا علاقہ، جھکنے سے بگاڑ,1,1,یکساں
r2138,"PAIN, drawing, hypochondria, left, extending to hip","PAIN, aching, dull pain (See Boring, Drawing, Distress, Digging, Gnawing, Pressing, etc.), drawing, Hypochondria, left, extending to hip",پیٹ — درد، کھینچتا ہوا، بائیں بغل کے نچلے حصے میں، کولھے تک پھیلتا ہوا,1,1,یکساں
r2143,"PAIN, drawing, hypochondria, bed, in","PAIN, aching, dull pain (See Boring, Drawing, Distress, Digging, Gnawing, Pressing, etc.), drawing, Hypochondria, bed, in",پیٹ — درد، کھینچتا ہوا، بغل کے نچلے حصے میں، بستر میں,1,1,یکساں
r2154,"PAIN, drawing, ilium, crest, extending to thigh","PAIN, aching, dull pain (See Boring, Drawing, Distress, Digging, Gnawing, Pressing, etc.), drawing, Ilium, crest, extending to thigh",پیٹ — درد، کھینچتا ہوا، کولھے کی ہڈی کا کنارہ، ران تک پھیلتا ہوا,2,2,یکساں
r2163,"PAIN, drawing, inguinal region, dancing, while","PAIN, aching, dull pain (See Boring, Drawing, Distress, Digging, Gnawing, Pressing, etc.), drawing, Inguinal region, dancing, while",پیٹ — درد، کھینچتا ہوا، کچھوں کا علاقہ، ناچتے ہوئے,1,1,یکساں
r2164,"PAIN, drawing, inguinal region, menses would come on, as if","PAIN, aching, dull pain (See Boring, Drawing, Distress, Digging, Gnawing, Pressing, etc.), drawing, Inguinal region, menses would come on, as if",پیٹ — درد، کھینچتا ہوا، کچھوں کا علاقہ، جیسے حیض آنے والا ہو,3,3,یکساں
r2166,"PAIN, drawing, inguinal region, sitting, while","PAIN, aching, dull pain (See Boring, Drawing, Distress, Digging, Gnawing, Pressing, etc.), drawing, Inguinal region, sitting, while",پیٹ — درد، کھینچتا ہوا، کچھوں کا علاقہ، بیٹھے ہوئے,3,3,یکساں
r2170,"PAIN, drawing, inguinal region, stretching, amel.","PAIN, aching, dull pain (See Boring, Drawing, Distress, Digging, Gnawing, Pressing, etc.), drawing, Inguinal region, stretching, amel.",پیٹ — درد، کھینچتا ہوا، کچھوں کا علاقہ، تانی لینے سے آرام,1,1,یکساں
r2171,"PAIN, drawing, inguinal region, urination, during","PAIN, aching, dull pain (See Boring, Drawing, Distress, Digging, Gnawing, Pressing, etc.), drawing, Inguinal region, urination, during",پیٹ — درد، کھینچتا ہوا، کچھوں کا علاقہ، پیشاب کے دوران,4,4,یکساں
r2184,"PAIN, drawing, sides, flank, in","PAIN, aching, dull pain (See Boring, Drawing, Distress, Digging, Gnawing, Pressing, etc.), drawing, Sides, flank, in",پیٹ — درد، کھینچتا ہوا، پہلوؤں میں، پہلو کے اندر,22,22,یکساں
r2187,"PAIN, drawing, umbilicus, menses, during","PAIN, aching, dull pain (See Boring, Drawing, Distress, Digging, Gnawing, Pressing, etc.), drawing, Umbilicus, menses, during",پیٹ — درد، کھینچتا ہوا، ناف میں، حیض کے دوران,1,1,یکساں
r2189,"PAIN, drawing, umbilicus, stool, before","PAIN, aching, dull pain (See Boring, Drawing, Distress, Digging, Gnawing, Pressing, etc.), drawing, Umbilicus, stool, before",پیٹ — درد، کھینچتا ہوا، ناف میں، پاخانے سے پہلے,1,1,یکساں
r2194,"PAIN, gnawing, dinner, after, agg.","PAIN, aching, dull pain (See Boring, Drawing, Distress, Digging, Gnawing, Pressing, etc.), gnawing, dinner, after, agg.",پیٹ — درد، کترتا ہوا، دوپہر کے کھانے کے بعد بگاڑ,1,1,یکساں
r2223,"PAIN, lancinating, inguinal region, menses, during","PAIN, aching, dull pain (See Boring, Drawing, Distress, Digging, Gnawing, Pressing, etc.), lancinating, Inguinal region, menses, during",پیٹ — درد، نشتر جیسا، کچھوں کا علاقہ، حیض کے دوران,1,1,یکساں
r2239,"PAIN, pressing, evening, eating, after","PAIN, aching, dull pain (See Boring, Drawing, Distress, Digging, Gnawing, Pressing, etc.), pressing, evening, eating, after",پیٹ — درد، دبانے والا، شام، کھانے کے بعد,1,1,یکساں
r2240,"PAIN, pressing, evening, stool, during","PAIN, aching, dull pain (See Boring, Drawing, Distress, Digging, Gnawing, Pressing, etc.), pressing, evening, stool, during",پیٹ — درد، دبانے والا، شام، پاخانے کے دوران,1,1,یکساں
r2281,"PAIN, pressing, hypochondria, right, lying on painful side","PAIN, aching, dull pain (See Boring, Drawing, Distress, Digging, Gnawing, Pressing, etc.), pressing, Hypochondria, right, lying on painful side",پیٹ — درد، دبانے والا، دائیں بغل کے نچلے حصے میں، درد والی طرف لیٹنے سے,1,1,یکساں
r2288,"PAIN, pressing, hypochondria, night, 3 a.m.","PAIN, aching, dull pain (See Boring, Drawing, Distress, Digging, Gnawing, Pressing, etc.), pressing, Hypochondria, night, 3 a.m.",پیٹ — درد، دبانے والا، بغل کے نچلے حصے میں، رات 3 بجے,1,1,یکساں
r2292,"PAIN, pressing, hypochondria, breathing, on","PAIN, aching, dull pain (See Boring, Drawing, Distress, Digging, Gnawing, Pressing, etc.), pressing, Hypochondria, breathing, on",پیٹ — درد، دبانے والا، بغل کے نچلے حصے میں، سانس لینے پر,2,2,یکساں
r2293,"PAIN, pressing, hypochondria, coughing, on","PAIN, aching, dull pain (See Boring, Drawing, Distress, Digging, Gnawing, Pressing, etc.), pressing, Hypochondria, coughing, on",پیٹ — درد، دبانے والا، بغل کے نچلے حصے میں، کھانسنے پر,1,1,یکساں
r2295,"PAIN, pressing, hypochondria, drinking, after","PAIN, aching, dull pain (See Boring, Drawing, Distress, Digging, Gnawing, Pressing, etc.), pressing, Hypochondria, drinking, after",پیٹ — درد، دبانے والا، بغل کے نچلے حصے میں، پینے کے بعد,1,1,یکساں
r2296,"PAIN, pressing, hypochondria, eating, after","PAIN, aching, dull pain (See Boring, Drawing, Distress, Digging, Gnawing, Pressing, etc.), pressing, Hypochondria, eating, after",پیٹ — درد، دبانے والا، بغل کے نچلے حصے میں، کھانے کے بعد,6,6,یکساں
r2297,"PAIN, pressing, hypochondria, expiration, on","PAIN, aching, dull pain (See Boring, Drawing, Distress, Digging, Gnawing, Pressing, etc.), pressing, Hypochondria, expiration, on",پیٹ — درد، دبانے والا، بغل کے نچلے حصے میں، سانس باہر نکالنے پر,1,1,یکساں
r2298,"PAIN, pressing, hypochondria, menses, during","PAIN, aching, dull pain (See Boring, Drawing, Distress, Digging, Gnawing, Pressing, etc.), pressing, Hypochondria, menses, during",پیٹ — درد، دبانے والا، بغل کے نچلے حصے میں، حیض کے دوران,1,1,یکساں
r2300,"PAIN, pressing, hypochondria, motion, from","PAIN, aching, dull pain (See Boring, Drawing, Distress, Digging, Gnawing, Pressing, etc.), pressing, Hypochondria, motion, from",پیٹ — درد، دبانے والا، بغل کے نچلے حصے میں، حرکت سے,2,2,یکساں
r2301,"PAIN, pressing, hypochondria, riding, while","PAIN, aching, dull pain (See Boring, Drawing, Distress, Digging, Gnawing, Pressing, etc.), pressing, Hypochondria, riding, while",پیٹ — درد، دبانے والا، بغل کے نچلے حصے میں، سفر کرتے ہوئے,1,1,یکساں
r2302,"PAIN, pressing, hypochondria, sitting, while","PAIN, aching, dull pain (See Boring, Drawing, Distress, Digging, Gnawing, Pressing, etc.), pressing, Hypochondria, sitting, while",پیٹ — درد، دبانے والا، بغل کے نچلے حصے میں، بیٹھے ہوئے,3,3,یکساں
r2305,"PAIN, pressing, hypochondria, step, on every","PAIN, aching, dull pain (See Boring, Drawing, Distress, Digging, Gnawing, Pressing, etc.), pressing, Hypochondria, step, on every",پیٹ — درد، دبانے والا، بغل کے نچلے حصے میں، ہر قدم پر,1,1,یکساں
r2319,"PAIN, pressing, hypogastrium, morning, lying on the back","PAIN, aching, dull pain (See Boring, Drawing, Distress, Digging, Gnawing, Pressing, etc.), pressing, Hypogastrium, morning, lying on the back",پیٹ — درد، دبانے والا، ناف کے نیچے کے حصے میں، صبح، چت لیٹنے سے,1,1,یکساں
r2320,"PAIN, pressing, hypogastrium, morning, 9 a.m. to 6 p.m.","PAIN, aching, dull pain (See Boring, Drawing, Distress, Digging, Gnawing, Pressing, etc.), pressing, Hypogastrium, morning, 9 a.m. to 6 p.m.",پیٹ — درد، دبانے والا، ناف کے نیچے کے حصے میں، صبح 9 بجے سے شام 6 بجے تک,1,1,یکساں
r2325,"PAIN, pressing, hypogastrium, night, 9 p.m.","PAIN, aching, dull pain (See Boring, Drawing, Distress, Digging, Gnawing, Pressing, etc.), pressing, Hypogastrium, night, 9 p.m.",پیٹ — درد، دبانے والا، ناف کے نیچے کے حصے میں، رات 9 بجے,1,1,یکساں
r2326,"PAIN, pressing, hypogastrium, colic, during","PAIN, aching, dull pain (See Boring, Drawing, Distress, Digging, Gnawing, Pressing, etc.), pressing, Hypogastrium, colic, during",پیٹ — درد، دبانے والا، ناف کے نیچے کے حصے میں، قولنج کے دوران,1,1,یکساں
r2327,"PAIN, pressing, hypogastrium, dinner, during","PAIN, aching, dull pain (See Boring, Drawing, Distress, Digging, Gnawing, Pressing, etc.), pressing, Hypogastrium, dinner, during",پیٹ — درد، دبانے والا، ناف کے نیچے کے حصے میں، دوپہر کے کھانے کے دوران,1,1,یکساں
r2329,"PAIN, pressing, hypogastrium, exertion, on","PAIN, aching, dull pain (See Boring, Drawing, Distress, Digging, Gnawing, Pressing, etc.), pressing, Hypogastrium, exertion, on",پیٹ — درد، دبانے والا، ناف کے نیچے کے حصے میں، مشقت پر,1,1,یکساں
r2330,"PAIN, pressing, hypogastrium, genitals, toward","PAIN, aching, dull pain (See Boring, Drawing, Distress, Digging, Gnawing, Pressing, etc.), pressing, Hypogastrium, genitals, toward",پیٹ — درد، دبانے والا، ناف کے نیچے کے حصے میں، شرمگاہ کی طرف,11,11,یکساں
r2331,"PAIN, pressing, hypogastrium, groin, toward","PAIN, aching, dull pain (See Boring, Drawing, Distress, Digging, Gnawing, Pressing, etc.), pressing, Hypogastrium, groin, toward",پیٹ — درد، دبانے والا، ناف کے نیچے کے حصے میں، کچھوں کی طرف,3,3,یکساں
r2332,"PAIN, pressing, hypogastrium, lying, while","PAIN, aching, dull pain (See Boring, Drawing, Distress, Digging, Gnawing, Pressing, etc.), pressing, Hypogastrium, lying, while",پیٹ — درد، دبانے والا، ناف کے نیچے کے حصے میں، لیٹے ہوئے,1,1,یکساں
r2334,"PAIN, pressing, hypogastrium, menses, before","PAIN, aching, dull pain (See Boring, Drawing, Distress, Digging, Gnawing, Pressing, etc.), pressing, Hypogastrium, menses, before",پیٹ — درد، دبانے والا، ناف کے نیچے کے حصے میں، حیض سے پہلے,2,2,یکساں
r2340,"PAIN, pressing, Hypogastrium, pelvis, into (See Genitalia)","PAIN, aching, dull pain (See Boring, Drawing, Distress, Digging, Gnawing, Pressing, etc.), pressing, Hypogastrium, pelvis, into (See Genitalia)",پیٹ — درد، دبانے والا، ناف کے نیچے کے حصے میں، کولھے کے جوڑ میں,0,0,یکساں
r2341,"PAIN, pressing, hypogastrium, sitting, while","PAIN, aching, dull pain (See Boring, Drawing, Distress, Digging, Gnawing, Pressing, etc.), pressing, Hypogastrium, sitting, while",پیٹ — درد، دبانے والا، ناف کے نیچے کے حصے میں، بیٹھے ہوئے,1,1,یکساں
r2343,"PAIN, pressing, hypogastrium, stool, before","PAIN, aching, dull pain (See Boring, Drawing, Distress, Digging, Gnawing, Pressing, etc.), pressing, Hypogastrium, stool, before",پیٹ — درد، دبانے والا، ناف کے نیچے کے حصے میں، پاخانے سے پہلے,1,1,یکساں
r2346,"PAIN, pressing, hypogastrium, supper, after amel.","PAIN, aching, dull pain (See Boring, Drawing, Distress, Digging, Gnawing, Pressing, etc.), pressing, Hypogastrium, supper, after amel.",پیٹ — درد، دبانے والا، ناف کے نیچے کے حصے میں، رات کے کھانے کے بعد آرام,1,1,یکساں
r2347,"PAIN, pressing, hypogastrium, touched, when","PAIN, aching, dull pain (See Boring, Drawing, Distress, Digging, Gnawing, Pressing, etc.), pressing, Hypogastrium, touched, when",پیٹ — درد، دبانے والا، ناف کے نیچے کے حصے میں، چھونے پر,1,1,یکساں
r2348,"PAIN, pressing, hypogastrium, urination, during","PAIN, aching, dull pain (See Boring, Drawing, Distress, Digging, Gnawing, Pressing, etc.), pressing, Hypogastrium, urination, during",پیٹ — درد، دبانے والا، ناف کے نیچے کے حصے میں، پیشاب کے دوران,2,2,یکساں
r2364,"PAIN, pressing, inguinal region, menses, during","PAIN, aching, dull pain (See Boring, Drawing, Distress, Digging, Gnawing, Pressing, etc.), pressing, Inguinal region, menses, during",پیٹ — درد، دبانے والا، کچھوں کا علاقہ، حیض کے دوران,6,6,یکساں
r2367,"PAIN, pressing, inguinal region, sitting, while","PAIN, aching, dull pain (See Boring, Drawing, Distress, Digging, Gnawing, Pressing, etc.), pressing, Inguinal region, sitting, while",پیٹ — درد، دبانے والا، کچھوں کا علاقہ، بیٹھے ہوئے,1,1,یکساں
r2371,"PAIN, pressing, inguinal region, stool, before","PAIN, aching, dull pain (See Boring, Drawing, Distress, Digging, Gnawing, Pressing, etc.), pressing, Inguinal region, stool, before",پیٹ — درد، دبانے والا، کچھوں کا علاقہ، پاخانے سے پہلے,1,1,یکساں
r2372,"PAIN, pressing, inguinal region, stretching out, on","PAIN, aching, dull pain (See Boring, Drawing, Distress, Digging, Gnawing, Pressing, etc.), pressing, Inguinal region, stretching out, on",پیٹ — درد، دبانے والا، کچھوں کا علاقہ، تانی لینے پر,3,3,یکساں
r2374,"PAIN, pressing, inguinal region, urinating, when","PAIN, aching, dull pain (See Boring, Drawing, Distress, Digging, Gnawing, Pressing, etc.), pressing, Inguinal region, urinating, when",پیٹ — درد، دبانے والا، کچھوں کا علاقہ، پیشاب کرتے وقت,1,1,یکساں
r2383,"PAIN, pressing, sides, coughing, on","PAIN, aching, dull pain (See Boring, Drawing, Distress, Digging, Gnawing, Pressing, etc.), pressing, Sides, coughing, on",پیٹ — درد، دبانے والا، پہلوؤں میں، کھانسنے پر,1,1,یکساں
r2386,"PAIN, pressing, sides, inspiration, deep","PAIN, aching, dull pain (See Boring, Drawing, Distress, Digging, Gnawing, Pressing, etc.), pressing, Sides, inspiration, deep",پیٹ — درد، دبانے والا، پہلوؤں میں، گہری سانس لینے سے,1,1,یکساں
r2388,"PAIN, pressing, sides, menses, during","PAIN, aching, dull pain (See Boring, Drawing, Distress, Digging, Gnawing, Pressing, etc.), pressing, Sides, menses, during",پیٹ — درد، دبانے والا، پہلوؤں میں، حیض کے دوران,1,1,یکساں
r2389,"PAIN, pressing, sides, motion, on","PAIN, aching, dull pain (See Boring, Drawing, Distress, Digging, Gnawing, Pressing, etc.), pressing, Sides, motion, on",پیٹ — درد، دبانے والا، پہلوؤں میں، حرکت پر,1,1,یکساں
r2392,"PAIN, pressing, sides, riding, while","PAIN, aching, dull pain (See Boring, Drawing, Distress, Digging, Gnawing, Pressing, etc.), pressing, Sides, riding, while",پیٹ — درد، دبانے والا، پہلوؤں میں، سفر کرتے ہوئے,2,2,یکساں
r2393,"PAIN, pressing, sides, sitting, while","PAIN, aching, dull pain (See Boring, Drawing, Distress, Digging, Gnawing, Pressing, etc.), pressing, Sides, sitting, while",پیٹ — درد، دبانے والا، پہلوؤں میں، بیٹھے ہوئے,2,2,یکساں
r2395,"PAIN, pressing, sides, walking, while","PAIN, aching, dull pain (See Boring, Drawing, Distress, Digging, Gnawing, Pressing, etc.), pressing, Sides, walking, while",پیٹ — درد، دبانے والا، پہلوؤں میں، چلتے ہوئے,2,2,یکساں
r2397,"PAIN, pressing, sides, flank, in","PAIN, aching, dull pain (See Boring, Drawing, Distress, Digging, Gnawing, Pressing, etc.), pressing, Sides, flank, in",پیٹ — درد، دبانے والا، پہلوؤں میں، پہلو کے اندر,5,5,یکساں
r2422,"PAIN, sore, bruised, tenderness, etc.","PAIN, aching, dull pain (See Boring, Drawing, Distress, Digging, Gnawing, Pressing, etc.), sore, bruised, tenderness, etc.",پیٹ — درد، دکھتا، کچلا ہوا، جیسے پیٹ دیا گیا (نرمی),155,155,یکساں
r2873,"PAIN, tearing, hypochondria, coughing, on","PAIN, aching, dull pain (See Boring, Drawing, Distress, Digging, Gnawing, Pressing, etc.), tearing, Hypochondria, coughing, on",پیٹ — درد، چیرتا ہوا، بغل کے نچلے حصے میں، کھانسنے پر,1,1,یکساں
r2874,"PAIN, tearing, hypochondria, inspiration, on","PAIN, aching, dull pain (See Boring, Drawing, Distress, Digging, Gnawing, Pressing, etc.), tearing, Hypochondria, inspiration, on",پیٹ — درد، چیرتا ہوا، بغل کے نچلے حصے میں، سانس اندر لینے پر,1,1,یکساں
r2877,"PAIN, tearing, hypogastrium, menses, during","PAIN, aching, dull pain (See Boring, Drawing, Distress, Digging, Gnawing, Pressing, etc.), tearing, Hypogastrium, menses, during",پیٹ — درد، چیرتا ہوا، ناف کے نیچے کے حصے میں، حیض کے دوران,4,4,یکساں
r2881,"PAIN, tearing, ilium, crest of, extending into gluteal muscles","PAIN, aching, dull pain (See Boring, Drawing, Distress, Digging, Gnawing, Pressing, etc.), tearing, Ilium, crest of, extending into gluteal muscles",پیٹ — درد، چیرتا ہوا، کولھے کی ہڈی کا کنارہ، سرین کے پٹھوں میں پھیلتا ہوا,1,1,یکساں
r2889,"PAIN, tearing, inguinal region, sitting, while","PAIN, aching, dull pain (See Boring, Drawing, Distress, Digging, Gnawing, Pressing, etc.), tearing, Inguinal region, sitting, while",پیٹ — درد، چیرتا ہوا، کچھوں کا علاقہ، بیٹھے ہوئے,2,2,یکساں
r2890,"PAIN, tearing, inguinal region, standing, while","PAIN, aching, dull pain (See Boring, Drawing, Distress, Digging, Gnawing, Pressing, etc.), tearing, Inguinal region, standing, while",پیٹ — درد، چیرتا ہوا، کچھوں کا علاقہ، کھڑے ہوئے,1,1,یکساں
r2891,"PAIN, tearing, inguinal region, walking, while","PAIN, aching, dull pain (See Boring, Drawing, Distress, Digging, Gnawing, Pressing, etc.), tearing, Inguinal region, walking, while",پیٹ — درد، چیرتا ہوا، کچھوں کا علاقہ، چلتے ہوئے,2,2,یکساں
r2896,"PAIN, tearing, liver, supper, after","PAIN, aching, dull pain (See Boring, Drawing, Distress, Digging, Gnawing, Pressing, etc.), tearing, Liver, supper, after",پیٹ — درد، چیرتا ہوا، جگر، رات کے کھانے کے بعد,1,1,یکساں
r2901,"PAIN, tearing, sides, exertion, on","PAIN, aching, dull pain (See Boring, Drawing, Distress, Digging, Gnawing, Pressing, etc.), tearing, Sides, exertion, on",پیٹ — درد، چیرتا ہوا، پہلوؤں میں، مشقت پر,1,1,یکساں
r2902,"PAIN, tearing, sides, walking, while","PAIN, aching, dull pain (See Boring, Drawing, Distress, Digging, Gnawing, Pressing, etc.), tearing, Sides, walking, while",پیٹ — درد، چیرتا ہوا، پہلوؤں میں، چلتے ہوئے,1,1,یکساں
r2904,"PAIN, tearing, sides, flank, in","PAIN, aching, dull pain (See Boring, Drawing, Distress, Digging, Gnawing, Pressing, etc.), tearing, Sides, flank, in",پیٹ — درد، چیرتا ہوا، پہلوؤں میں، پہلو کے اندر,2,2,یکساں
r2909,"PAIN, tearing, umbilicus, region of, morning","PAIN, aching, dull pain (See Boring, Drawing, Distress, Digging, Gnawing, Pressing, etc.), tearing, Umbilicus, region of, morning",پیٹ — درد، چیرتا ہوا، ناف کا علاقہ، صبح,1,1,یکساں
r2912,"PAIN, tearing, umbilicus, region of, paroxysmal","PAIN, aching, dull pain (See Boring, Drawing, Distress, Digging, Gnawing, Pressing, etc.), tearing, Umbilicus, region of, paroxysmal",پیٹ — درد، چیرتا ہوا، ناف کا علاقہ، دوروں کی شکل میں,1,1,یکساں
r2913,"PAIN, tearing, umbilicus, region of, pressure","PAIN, aching, dull pain (See Boring, Drawing, Distress, Digging, Gnawing, Pressing, etc.), tearing, Umbilicus, region of, pressure",پیٹ — درد، چیرتا ہوا، ناف کا علاقہ، دباؤ سے,1,1,یکساں
r2926,"PAIN, twisting, hypochondria, stool, during","PAIN, aching, dull pain (See Boring, Drawing, Distress, Digging, Gnawing, Pressing, etc.), twisting, Hypochondria, stool, during",پیٹ — درد، مروڑ کے ساتھ، بغل کے نچلے حصے میں، پاخانے کے دوران,1,1,یکساں
r775,"PAIN, cold, drinks, after (ice water, etc.)","PAIN, aching, dull pain (See Boring, Drawing, Distress, Digging, Gnawing, Pressing, etc.), cold, drinks, after (ice water, etc.)",پیٹ — درد، ٹھنڈے مشروبات کے بعد (برف کا پانی وغیرہ),8,8,یکساں
r979,"PAIN, extending, sides, to, right","PAIN, aching, dull pain (See Boring, Drawing, Distress, Digging, Gnawing, Pressing, etc.), extending across, sides, to, right",پیٹ — درد، پھیلتا ہوا، دائیں پہلو تک,2,2,یکساں
r980,"PAIN, extending, sides, to, left","PAIN, aching, dull pain (See Boring, Drawing, Distress, Digging, Gnawing, Pressing, etc.), extending across, sides, to, left",پیٹ — درد، پھیلتا ہوا، بائیں پہلو تک,3,3,یکساں
r986,"PAIN, extending, testicles, evening, while eating","PAIN, aching, dull pain (See Boring, Drawing, Distress, Digging, Gnawing, Pressing, etc.), extending across, testicles, evening, while eating",پیٹ — درد، پھیلتا ہوا، خصیوں تک، شام، کھاتے ہوئے,1,1,یکساں
r997,"PAIN, hip, region of, walking, while","PAIN, aching, dull pain (See Boring, Drawing, Distress, Digging, Gnawing, Pressing, etc.), Hip, region of, walking, while",پیٹ — درد، کولھے کا علاقہ، چلتے ہوئے,1,1,یکساں
o1032,"PAIN, cramping, griping, umbilicus, region of, sitting, bent","PAIN, aching, dull pain (See Boring, Drawing, Distress, Digging, Gnawing, Pressing, etc.), cramping, griping, Umbilicus, region of, sitting, while, bent",پیٹ — درد، اینٹھن والا، مروڑتے ہوئے، ناف کا علاقہ، جھک کر بیٹھنے سے,1,1,یکساں
o1038,"PAIN, cramping, griping, umbilicus, region of, stool, during","PAIN, aching, dull pain (See Boring, Drawing, Distress, Digging, Gnawing, Pressing, etc.), cramping, griping, Umbilicus, region of, stool, before, during",پیٹ — درد، اینٹھن والا، مروڑتے ہوئے، ناف کا علاقہ، پاخانے کے دوران,5,5,یکساں
o2592,"PAIN, stitching, sides, lying, left side, on, amel.","PAIN, aching, dull pain (See Boring, Drawing, Distress, Digging, Gnawing, Pressing, etc.), stitching (sticking, etc.), Sides, lying on side, left side, on, amel.",پیٹ — درد، چبھتا ہوا، پہلوؤں میں، بائیں کروٹ لیٹنے سے آرام,1,1,یکساں
o935,"PAIN, cramping, griping, lying, back, on, from","PAIN, aching, dull pain (See Boring, Drawing, Distress, Digging, Gnawing, Pressing, etc.), cramping, griping, lying, while, back, on, from",پیٹ — درد، اینٹھن والا، مروڑتے ہوئے، پیٹھ کے بل لیٹنے سے,1,1,یکساں
o937,"PAIN, cramping, griping, lying, right side, on, amel.","PAIN, aching, dull pain (See Boring, Drawing, Distress, Digging, Gnawing, Pressing, etc.), cramping, griping, lying, while, right side, on, amel.",پیٹ — درد، اینٹھن والا، مروڑتے ہوئے، دائیں کروٹ لیٹنے سے آرام,1,1,یکساں
o939,"PAIN, cramping, griping, lying, side, on, amel.","PAIN, aching, dull pain (See Boring, Drawing, Distress, Digging, Gnawing, Pressing, etc.), cramping, griping, lying, while, side, on, amel.",پیٹ — درد، اینٹھن والا، مروڑتے ہوئے، کروٹ لیٹنے سے آرام,1,1,یکساں
o977,"PAIN, cramping, griping, sides, sitting, bent, while","PAIN, aching, dull pain (See Boring, Drawing, Distress, Digging, Gnawing, Pressing, etc.), cramping, griping, Sides, sitting, while, bent, while",پیٹ — درد، اینٹھن والا، مروڑتے ہوئے، پہلوؤں میں، جھک کر بیٹھے ہوئے,1,1,یکساں
r1233,"PAIN, inguinal region, hernia, as if a, would appear, coughing, on","PAIN, aching, dull pain (See Boring, Drawing, Distress, Digging, Gnawing, Pressing, etc.), Inguinal region, hernia, as from a, as if a, would appear, coughing, on",پیٹ — درد، کچھوں کا علاقہ، ہرنیا، جیسے ہونے والا ہو، کھانسنے پر,10,10,یکساں
r1234,"PAIN, inguinal region, hernia, as if a, would appear, sitting, while","PAIN, aching, dull pain (See Boring, Drawing, Distress, Digging, Gnawing, Pressing, etc.), Inguinal region, hernia, as from a, as if a, would appear, sitting, while",پیٹ — درد، کچھوں کا علاقہ، ہرنیا، جیسے ہونے والا ہو، بیٹھے ہوئے,2,2,یکساں
r1872,"PAIN, cutting, cold, water, drinking, after, amel.","PAIN, aching, dull pain (See Boring, Drawing, Distress, Digging, Gnawing, Pressing, etc.), cutting, cold, from a, water, drinking, after, amel.",پیٹ — درد، کاٹتا ہوا، ٹھنڈا پانی پینے کے بعد آرام,1,1,یکساں
r2039,"PAIN, cutting, umbilicus, region of, menses, as if, would appear","PAIN, aching, dull pain (See Boring, Drawing, Distress, Digging, Gnawing, Pressing, etc.), cutting, Umbilicus, region of, menses, during, as if, would appear",پیٹ — درد، کاٹتا ہوا، ناف کا علاقہ، حیض، جیسے آنے والا ہو,1,1,یکساں
r2353,"PAIN, pressing, hypogastrium, walking, open air, in, while","PAIN, aching, dull pain (See Boring, Drawing, Distress, Digging, Gnawing, Pressing, etc.), pressing, Hypogastrium, walking, while, open air, in, while",پیٹ — درد، دبانے والا، ناف کے نیچے کے حصے میں، کھلی ہوا میں چلتے ہوئے,1,1,یکساں
o3,"ABSCESS, liver","ABSCESS in walls, Liver",پیٹ — پھوڑا، جگر میں,10,9,ماخذی مطابق کیے
o1049,"PAIN, cramping, griping, warm milk amel.","PAIN, aching, dull pain (See Boring, Drawing, Distress, Digging, Gnawing, Pressing, etc.), cramping, griping, warm milk amel.",پیٹ — درد، اینٹھن والا، مروڑتے ہوئے، گرم دودھ سے آرام,2,2,یکساں
o1054,"PAIN, cramping, griping, yawning","PAIN, aching, dull pain (See Boring, Drawing, Distress, Digging, Gnawing, Pressing, etc.), cramping, griping, yawning",پیٹ — درد، اینٹھن والا، مروڑتے ہوئے، جمائی لینے سے,1,1,یکساں
o1064,"PAIN, cutting, bending, backward","PAIN, aching, dull pain (See Boring, Drawing, Distress, Digging, Gnawing, Pressing, etc.), cutting, bending double amel., backward",پیٹ — درد، کاٹتا ہوا، پیچھے جھکنے سے,1,1,یکساں
o1088,"PAIN, cutting, extending, backwards and upwards during labor","PAIN, aching, dull pain (See Boring, Drawing, Distress, Digging, Gnawing, Pressing, etc.), cutting, extending to anus, backwards and upwards during labor",پیٹ — درد، کاٹتا ہوا، پھیلتا ہوا، زچگی کے دوران پیچھے اور اوپر کی طرف,1,1,یکساں
o1089,"PAIN, cutting, extending, chest","PAIN, aching, dull pain (See Boring, Drawing, Distress, Digging, Gnawing, Pressing, etc.), cutting, extending to anus, chest",پیٹ — درد، کاٹتا ہوا، پھیلتا ہوا، سینے تک,1,1,یکساں
o1090,"PAIN, cutting, extending, groin","PAIN, aching, dull pain (See Boring, Drawing, Distress, Digging, Gnawing, Pressing, etc.), cutting, extending to anus, groin",پیٹ — درد، کاٹتا ہوا، پھیلتا ہوا، کچھوں تک,1,1,یکساں
o1093,"PAIN, cutting, extending, thigh","PAIN, aching, dull pain (See Boring, Drawing, Distress, Digging, Gnawing, Pressing, etc.), cutting, extending to anus, thigh",پیٹ — درد، کاٹتا ہوا، پھیلتا ہوا، ران تک,2,2,یکساں
o1273,"PAIN, diarrhoea, as if, would come on","PAIN, aching, dull pain (See Boring, Drawing, Distress, Digging, Gnawing, Pressing, etc.), diarrhœa, as if, would come on",پیٹ — درد، دست، جیسے آنے ہوں,75,75,یکساں
o1410,"PAIN, drawing, umbilicus, sitting","PAIN, aching, dull pain (See Boring, Drawing, Distress, Digging, Gnawing, Pressing, etc.), drawing, Umbilicus, sitting",پیٹ — درد، کھینچتا ہوا، ناف میں، بیٹھنے سے,1,1,یکساں
o1452,"PAIN, extending, back, small of","PAIN, aching, dull pain (See Boring, Drawing, Distress, Digging, Gnawing, Pressing, etc.), extending across, back, small of",پیٹ — درد، پھیلتا ہوا، پیٹھ تک، کمر کے نچلے حصے تک,15,15,یکساں
o1505,"PAIN, forenoon, chill, during","PAIN, aching, dull pain (See Boring, Drawing, Distress, Digging, Gnawing, Pressing, etc.), forenoon, chill, during",پیٹ — درد، دوپہر سے پہلے، سردی لگنے کے دوران,1,1,یکساں
o1539,"PAIN, hypochondria, bending body, to that side amel.","PAIN, aching, dull pain (See Boring, Drawing, Distress, Digging, Gnawing, Pressing, etc.), Hypochondria, bending body forward, to that side amel.",پیٹ — درد، بغل کے نچلے حصے میں، اُس طرف جھکنے سے آرام,1,1,یکساں
o1553,"PAIN, hypochondria, extending, backward","PAIN, aching, dull pain (See Boring, Drawing, Distress, Digging, Gnawing, Pressing, etc.), Hypochondria, extending to abdomen, backward",پیٹ — درد، بغل کے نچلے حصے میں، پھیلتا ہوا، پیچھے کی طرف,20,20,یکساں
o1554,"PAIN, hypochondria, extending, chest","PAIN, aching, dull pain (See Boring, Drawing, Distress, Digging, Gnawing, Pressing, etc.), Hypochondria, extending to abdomen, chest",پیٹ — درد، بغل کے نچلے حصے میں، پھیلتا ہوا، سینے تک,2,2,یکساں
o1555,"PAIN, hypochondria, extending, downward","PAIN, aching, dull pain (See Boring, Drawing, Distress, Digging, Gnawing, Pressing, etc.), Hypochondria, extending to abdomen, downward",پیٹ — درد، بغل کے نچلے حصے میں، پھیلتا ہوا، نیچے کی طرف,7,7,یکساں
o1556,"PAIN, hypochondria, extending, forward","PAIN, aching, dull pain (See Boring, Drawing, Distress, Digging, Gnawing, Pressing, etc.), Hypochondria, extending to abdomen, forward",پیٹ — درد، بغل کے نچلے حصے میں، پھیلتا ہوا، آگے کی طرف,1,1,یکساں
o1557,"PAIN, hypochondria, extending, hip","PAIN, aching, dull pain (See Boring, Drawing, Distress, Digging, Gnawing, Pressing, etc.), Hypochondria, extending to abdomen, hip",پیٹ — درد، بغل کے نچلے حصے میں، پھیلتا ہوا، کولھے تک,2,2,یکساں
o1559,"PAIN, hypochondria, extending, lumbar region","PAIN, aching, dull pain (See Boring, Drawing, Distress, Digging, Gnawing, Pressing, etc.), Hypochondria, extending to abdomen, lumbar region",پیٹ — درد، بغل کے نچلے حصے میں، پھیلتا ہوا، کمر کے نچلے حصے تک,2,2,یکساں
o1560,"PAIN, hypochondria, extending, outward","PAIN, aching, dull pain (See Boring, Drawing, Distress, Digging, Gnawing, Pressing, etc.), Hypochondria, extending to abdomen, outward",پیٹ — درد، بغل کے نچلے حصے میں، پھیلتا ہوا، باہر کی طرف,2,2,یکساں
o1561,"PAIN, hypochondria, extending, sacrum","PAIN, aching, dull pain (See Boring, Drawing, Distress, Digging, Gnawing, Pressing, etc.), Hypochondria, extending to abdomen, sacrum",پیٹ — درد، بغل کے نچلے حصے میں، پھیلتا ہوا، کمر کی ہڈی تک,1,1,یکساں
o1562,"PAIN, hypochondria, extending, scapula","PAIN, aching, dull pain (See Boring, Drawing, Distress, Digging, Gnawing, Pressing, etc.), Hypochondria, extending to abdomen, scapula",پیٹ — درد، بغل کے نچلے حصے میں، پھیلتا ہوا، کندھے کی ہڈی تک,5,5,یکساں
o1563,"PAIN, hypochondria, extending, shoulder","PAIN, aching, dull pain (See Boring, Drawing, Distress, Digging, Gnawing, Pressing, etc.), Hypochondria, extending to abdomen, shoulder",پیٹ — درد، بغل کے نچلے حصے میں، پھیلتا ہوا، کندھے تک,3,3,یکساں
o1564,"PAIN, hypochondria, extending, spine","PAIN, aching, dull pain (See Boring, Drawing, Distress, Digging, Gnawing, Pressing, etc.), Hypochondria, extending to abdomen, spine",پیٹ — درد، بغل کے نچلے حصے میں، پھیلتا ہوا، ریڑھ کی ہڈی تک,1,1,یکساں
o1565,"PAIN, hypochondria, extending, stomach","PAIN, aching, dull pain (See Boring, Drawing, Distress, Digging, Gnawing, Pressing, etc.), Hypochondria, extending to abdomen, stomach",پیٹ — درد، بغل کے نچلے حصے میں، پھیلتا ہوا، معدے تک,2,2,یکساں
o1566,"PAIN, hypochondria, extending, thighs","PAIN, aching, dull pain (See Boring, Drawing, Distress, Digging, Gnawing, Pressing, etc.), Hypochondria, extending to abdomen, thighs",پیٹ — درد، بغل کے نچلے حصے میں، پھیلتا ہوا، رانوں تک,1,1,یکساں
o1567,"PAIN, hypochondria, extending, to genitals","PAIN, aching, dull pain (See Boring, Drawing, Distress, Digging, Gnawing, Pressing, etc.), Hypochondria, extending to abdomen, to genitals",پیٹ — درد، بغل کے نچلے حصے میں، پھیلتا ہوا، شرمگاہ تک,1,1,یکساں
o1568,"PAIN, hypochondria, extending, umbilicus","PAIN, aching, dull pain (See Boring, Drawing, Distress, Digging, Gnawing, Pressing, etc.), Hypochondria, extending to abdomen, umbilicus",پیٹ — درد، بغل کے نچلے حصے میں، پھیلتا ہوا، ناف تک,2,2,یکساں
o1569,"PAIN, hypochondria, extending, upward","PAIN, aching, dull pain (See Boring, Drawing, Distress, Digging, Gnawing, Pressing, etc.), Hypochondria, extending to abdomen, upward",پیٹ — درد، بغل کے نچلے حصے میں، پھیلتا ہوا، اوپر کی طرف,4,4,یکساں
o1585,"PAIN, hypochondria, lying on painful side, amel.","PAIN, aching, dull pain (See Boring, Drawing, Distress, Digging, Gnawing, Pressing, etc.), Hypochondria, lying on painful side agg., amel.",پیٹ — درد، بغل کے نچلے حصے میں، درد والی طرف لیٹنے سے آرام,3,3,یکساں
o1586,"PAIN, hypochondria, lying, left side agg.","PAIN, aching, dull pain (See Boring, Drawing, Distress, Digging, Gnawing, Pressing, etc.), Hypochondria, lying on painful side agg., left side agg.",پیٹ — درد، بغل کے نچلے حصے میں، بائیں کروٹ لیٹنے سے بگاڑ,7,7,یکساں
o1588,"PAIN, hypochondria, lying, right side agg.","PAIN, aching, dull pain (See Boring, Drawing, Distress, Digging, Gnawing, Pressing, etc.), Hypochondria, lying on painful side agg., right side agg.",پیٹ — درد، بغل کے نچلے حصے میں، دائیں کروٹ لیٹنے سے بگاڑ,5,5,یکساں
o1622,"PAIN, hypochondria, sitting, while","PAIN, aching, dull pain (See Boring, Drawing, Distress, Digging, Gnawing, Pressing, etc.), Hypochondria, sitting bent forward, while",پیٹ — درد، بغل کے نچلے حصے میں، بیٹھے ہوئے,5,5,یکساں
o1649,"PAIN, hypogastrium, extending, groin","PAIN, aching, dull pain (See Boring, Drawing, Distress, Digging, Gnawing, Pressing, etc.), Hypogastrium, extending to back, groin",پیٹ — درد، ناف کے نیچے کے حصے میں، پھیلتا ہوا، کچھوں تک,2,2,یکساں
o1650,"PAIN, hypogastrium, extending, loins","PAIN, aching, dull pain (See Boring, Drawing, Distress, Digging, Gnawing, Pressing, etc.), Hypogastrium, extending to back, loins",پیٹ — درد، ناف کے نیچے کے حصے میں، پھیلتا ہوا، کمر تک,1,1,یکساں
o1651,"PAIN, hypogastrium, extending, lower limbs with painful tingling","PAIN, aching, dull pain (See Boring, Drawing, Distress, Digging, Gnawing, Pressing, etc.), Hypogastrium, extending to back, lower limbs with painful tingling",پیٹ — درد، ناف کے نیچے کے حصے میں، پھیلتا ہوا، نچلے اعضاء تک، دردناک جھنجھناہٹ کے ساتھ,1,1,یکساں
o1652,"PAIN, hypogastrium, extending, right to left","PAIN, aching, dull pain (See Boring, Drawing, Distress, Digging, Gnawing, Pressing, etc.), Hypogastrium, extending to back, right to left",پیٹ — درد، ناف کے نیچے کے حصے میں، پھیلتا ہوا، دائیں سے بائیں,1,1,یکساں
o1653,"PAIN, hypogastrium, extending, sacrum","PAIN, aching, dull pain (See Boring, Drawing, Distress, Digging, Gnawing, Pressing, etc.), Hypogastrium, extending to back, sacrum",پیٹ — درد، ناف کے نیچے کے حصے میں، پھیلتا ہوا، کمر کی ہڈی تک,1,1,یکساں
o1654,"PAIN, hypogastrium, extending, sides","PAIN, aching, dull pain (See Boring, Drawing, Distress, Digging, Gnawing, Pressing, etc.), Hypogastrium, extending to back, sides",پیٹ — درد، ناف کے نیچے کے حصے میں، پھیلتا ہوا، پہلوؤں تک,1,1,یکساں
o1655,"PAIN, hypogastrium, extending, stomach","PAIN, aching, dull pain (See Boring, Drawing, Distress, Digging, Gnawing, Pressing, etc.), Hypogastrium, extending to back, stomach",پیٹ — درد، ناف کے نیچے کے حصے میں، پھیلتا ہوا، معدے تک,2,2,یکساں
o1656,"PAIN, hypogastrium, extending, thighs","PAIN, aching, dull pain (See Boring, Drawing, Distress, Digging, Gnawing, Pressing, etc.), Hypogastrium, extending to back, thighs",پیٹ — درد، ناف کے نیچے کے حصے میں، پھیلتا ہوا، رانوں تک,3,3,یکساں
o1657,"PAIN, hypogastrium, extending, umbilicus","PAIN, aching, dull pain (See Boring, Drawing, Distress, Digging, Gnawing, Pressing, etc.), Hypogastrium, extending to back, umbilicus",پیٹ — درد، ناف کے نیچے کے حصے میں، پھیلتا ہوا، ناف تک,4,4,یکساں
o1658,"PAIN, hypogastrium, extending, vagina","PAIN, aching, dull pain (See Boring, Drawing, Distress, Digging, Gnawing, Pressing, etc.), Hypogastrium, extending to back, vagina",پیٹ — درد، ناف کے نیچے کے حصے میں، پھیلتا ہوا، شرمگاہ تک,1,1,یکساں
o1705,"PAIN, iliac region, extending, to knee","PAIN, aching, dull pain (See Boring, Drawing, Distress, Digging, Gnawing, Pressing, etc.), Iliac region, extending ilium to ilium, to knee",پیٹ — درد، کولھے کی طرف، پھیلتا ہوا، گھٹنے تک,1,1,یکساں
o1752,"PAIN, inguinal region, extending, back","PAIN, aching, dull pain (See Boring, Drawing, Distress, Digging, Gnawing, Pressing, etc.), Inguinal region, extending to axilla (left), back",پیٹ — درد، کچھوں کا علاقہ، پھیلتا ہوا، پیٹھ تک,3,3,یکساں
o1753,"PAIN, inguinal region, extending, calf","PAIN, aching, dull pain (See Boring, Drawing, Distress, Digging, Gnawing, Pressing, etc.), Inguinal region, extending to axilla (left), calf",پیٹ — درد، کچھوں کا علاقہ، پھیلتا ہوا، پنڈلی تک,1,1,یکساں
o1754,"PAIN, inguinal region, extending, crest of ilium","PAIN, aching, dull pain (See Boring, Drawing, Distress, Digging, Gnawing, Pressing, etc.), Inguinal region, extending to axilla (left), crest of ilium",پیٹ — درد، کچھوں کا علاقہ، پھیلتا ہوا، کولھے کی ہڈی کے کنارے تک,1,1,یکساں
o1755,"PAIN, inguinal region, extending, down leg","PAIN, aching, dull pain (See Boring, Drawing, Distress, Digging, Gnawing, Pressing, etc.), Inguinal region, extending to axilla (left), down leg",پیٹ — درد، کچھوں کا علاقہ، پھیلتا ہوا، ٹانگ سے نیچے,4,4,یکساں
o1756,"PAIN, inguinal region, extending, genitals","PAIN, aching, dull pain (See Boring, Drawing, Distress, Digging, Gnawing, Pressing, etc.), Inguinal region, extending to axilla (left), genitals",پیٹ — درد، کچھوں کا علاقہ، پھیلتا ہوا، شرمگاہ تک,3,3,یکساں
o1757,"PAIN, inguinal region, extending, hip","PAIN, aching, dull pain (See Boring, Drawing, Distress, Digging, Gnawing, Pressing, etc.), Inguinal region, extending to axilla (left), hip",پیٹ — درد، کچھوں کا علاقہ، پھیلتا ہوا، کولھے تک,2,2,یکساں
o1759,"PAIN, inguinal region, extending, knee","PAIN, aching, dull pain (See Boring, Drawing, Distress, Digging, Gnawing, Pressing, etc.), Inguinal region, extending to axilla (left), knee",پیٹ — درد، کچھوں کا علاقہ، پھیلتا ہوا، گھٹنے تک,2,2,یکساں
o1853,"PAIN, liver, air, open","PAIN, aching, dull pain (See Boring, Drawing, Distress, Digging, Gnawing, Pressing, etc.), Liver, air, open",پیٹ — درد، جگر، کھلی ہوا میں,2,2,یکساں
o1878,"PAIN, liver, lying, amel.","PAIN, aching, dull pain (See Boring, Drawing, Distress, Digging, Gnawing, Pressing, etc.), Liver, lying on back, amel.",پیٹ — درد، جگر، لیٹنے سے آرام,2,2,یکساں
o1985,"PAIN, pressing, extending, genitals","PAIN, aching, dull pain (See Boring, Drawing, Distress, Digging, Gnawing, Pressing, etc.), pressing, extending toward anus, genitals",پیٹ — درد، دبانے والا، پھیلتا ہوا، شرمگاہ تک,1,1,یکساں
o1986,"PAIN, pressing, extending, pit of stomach","PAIN, aching, dull pain (See Boring, Drawing, Distress, Digging, Gnawing, Pressing, etc.), pressing, extending toward anus, pit of stomach",پیٹ — درد، دبانے والا، پھیلتا ہوا، معدے کے گڑھے تک,1,1,یکساں
o1987,"PAIN, pressing, extending, rectum","PAIN, aching, dull pain (See Boring, Drawing, Distress, Digging, Gnawing, Pressing, etc.), pressing, extending toward anus, rectum",پیٹ — درد، دبانے والا، پھیلتا ہوا، مقعد تک,2,2,یکساں
o1988,"PAIN, pressing, extending, throat","PAIN, aching, dull pain (See Boring, Drawing, Distress, Digging, Gnawing, Pressing, etc.), pressing, extending toward anus, throat",پیٹ — درد، دبانے والا، پھیلتا ہوا، گلے تک,1,1,یکساں
o1989,"PAIN, pressing, extending, umbilicus","PAIN, aching, dull pain (See Boring, Drawing, Distress, Digging, Gnawing, Pressing, etc.), pressing, extending toward anus, umbilicus",پیٹ — درد، دبانے والا، پھیلتا ہوا، ناف تک,1,1,یکساں
o1993,"PAIN, pressing, hypochondria, bending body forward agg.","PAIN, aching, dull pain (See Boring, Drawing, Distress, Digging, Gnawing, Pressing, etc.), pressing, Hypochondria, bending body forward agg.",پیٹ — درد، دبانے والا، بغل کے نچلے حصے میں، آگے جھکنے سے بگاڑ,1,1,یکساں
o2184,"PAIN, sides, extending, downwards","PAIN, aching, dull pain (See Boring, Drawing, Distress, Digging, Gnawing, Pressing, etc.), Sides, extending to bladder, downwards",پیٹ — درد، پہلوؤں میں، پھیلتا ہوا، نیچے کی طرف,1,1,یکساں
o2352,"PAIN, stitching, extending, body, into, on every step","PAIN, aching, dull pain (See Boring, Drawing, Distress, Digging, Gnawing, Pressing, etc.), stitching (sticking, etc.), extending across, body, into, on every step",پیٹ — درد، چبھتا ہوا، پھیلتا ہوا، جسم میں، ہر قدم پر,1,1,یکساں
o2402,"PAIN, stitching, hypochondria, extending, shoulder, right","PAIN, aching, dull pain (See Boring, Drawing, Distress, Digging, Gnawing, Pressing, etc.), stitching (sticking, etc.), Hypochondria, extending to abdomen, shoulder, right",پیٹ — درد، چبھتا ہوا، بغل کے نچلے حصے میں، پھیلتا ہوا، دائیں کندھے تک,1,1,یکساں
o2429,"PAIN, stitching, hypochondria, right, extending, to thigh","PAIN, aching, dull pain (See Boring, Drawing, Distress, Digging, Gnawing, Pressing, etc.), stitching (sticking, etc.), Hypochondria, right, extending to back, to thigh",پیٹ — درد، چبھتا ہوا، دائیں بغل کے نچلے حصے میں، پھیلتا ہوا، ران تک,1,1,یکساں
o2480,"PAIN, stitching, ilium, crest of, extending, downward","PAIN, aching, dull pain (See Boring, Drawing, Distress, Digging, Gnawing, Pressing, etc.), stitching (sticking, etc.), Ilium, crest of, extending to gluteal muscles, downward",پیٹ — درد، چبھتا ہوا، کولھے کی ہڈی کا کنارہ، پھیلتا ہوا، نیچے کی طرف,1,1,یکساں
o2481,"PAIN, stitching, ilium, crest of, extending, to chest","PAIN, aching, dull pain (See Boring, Drawing, Distress, Digging, Gnawing, Pressing, etc.), stitching (sticking, etc.), Ilium, crest of, extending to gluteal muscles, to chest",پیٹ — درد، چبھتا ہوا، کولھے کی ہڈی کا کنارہ، پھیلتا ہوا، سینے تک,1,1,یکساں
o2482,"PAIN, stitching, ilium, crest of, extending, to small of back","PAIN, aching, dull pain (See Boring, Drawing, Distress, Digging, Gnawing, Pressing, etc.), stitching (sticking, etc.), Ilium, crest of, extending to gluteal muscles, to small of back",پیٹ — درد، چبھتا ہوا، کولھے کی ہڈی کا کنارہ، پھیلتا ہوا، کمر کے نچلے حصے تک,1,1,یکساں
o2497,"PAIN, stitching, inguinal region, extending, axilla, left","PAIN, aching, dull pain (See Boring, Drawing, Distress, Digging, Gnawing, Pressing, etc.), stitching (sticking, etc.), Inguinal region, extending to abdomen, axilla, left",پیٹ — درد، چبھتا ہوا، کچھوں کا علاقہ، پھیلتا ہوا، بائیں بغل تک,1,1,یکساں
o2498,"PAIN, stitching, inguinal region, extending, back, small of","PAIN, aching, dull pain (See Boring, Drawing, Distress, Digging, Gnawing, Pressing, etc.), stitching (sticking, etc.), Inguinal region, extending to abdomen, back, small of",پیٹ — درد، چبھتا ہوا، کچھوں کا علاقہ، پھیلتا ہوا، کمر کے نچلے حصے تک,1,1,یکساں
o2500,"PAIN, stitching, inguinal region, extending, hip, behind","PAIN, aching, dull pain (See Boring, Drawing, Distress, Digging, Gnawing, Pressing, etc.), stitching (sticking, etc.), Inguinal region, extending to abdomen, hip, behind",پیٹ — درد، چبھتا ہوا، کچھوں کا علاقہ، پھیلتا ہوا، کولھے کے پیچھے,1,1,یکساں
o2521,"PAIN, stitching, inguinal region, right, extending, to thigh","PAIN, aching, dull pain (See Boring, Drawing, Distress, Digging, Gnawing, Pressing, etc.), stitching (sticking, etc.), Inguinal region, right, extending to left mamma, to thigh",پیٹ — درد، چبھتا ہوا، دائیں کچھوں کا علاقہ، پھیلتا ہوا، ران تک,1,1,یکساں
o2543,"PAIN, stitching, liver, extending, to, right shoulder","PAIN, aching, dull pain (See Boring, Drawing, Distress, Digging, Gnawing, Pressing, etc.), stitching (sticking, etc.), Liver, extending from right to left, to back, right shoulder",پیٹ — درد، چبھتا ہوا، جگر، پھیلتا ہوا، دائیں کندھے تک,1,1,یکساں
o2544,"PAIN, stitching, liver, extending, to, thigh","PAIN, aching, dull pain (See Boring, Drawing, Distress, Digging, Gnawing, Pressing, etc.), stitching (sticking, etc.), Liver, extending from right to left, to back, thigh",پیٹ — درد، چبھتا ہوا، جگر، پھیلتا ہوا، ران تک,1,1,یکساں
o2683,"PAIN, tearing, extending, left to right","PAIN, aching, dull pain (See Boring, Drawing, Distress, Digging, Gnawing, Pressing, etc.), tearing, extending downward, left to right",پیٹ — درد، چیرتا ہوا، پھیلتا ہوا، بائیں سے دائیں,1,1,یکساں
o2684,"PAIN, tearing, extending, loins","PAIN, aching, dull pain (See Boring, Drawing, Distress, Digging, Gnawing, Pressing, etc.), tearing, extending downward, loins",پیٹ — درد، چیرتا ہوا، پھیلتا ہوا، کمر کے نچلے حصے تک,1,1,یکساں
o2685,"PAIN, tearing, extending, right mamma","PAIN, aching, dull pain (See Boring, Drawing, Distress, Digging, Gnawing, Pressing, etc.), tearing, extending downward, right mamma",پیٹ — درد، چیرتا ہوا، پھیلتا ہوا، دائیں چھاتی تک,1,1,یکساں
o2686,"PAIN, tearing, extending, upward","PAIN, aching, dull pain (See Boring, Drawing, Distress, Digging, Gnawing, Pressing, etc.), tearing, extending downward, upward",پیٹ — درد، چیرتا ہوا، پھیلتا ہوا، اوپر کی طرف,1,1,یکساں
o2728,"PAIN, tearing, pressure, amel.","PAIN, aching, dull pain (See Boring, Drawing, Distress, Digging, Gnawing, Pressing, etc.), tearing, pressure, amel.",پیٹ — درد، چیرتا ہوا، دباؤ سے آرام,1,1,یکساں
o2778,"PAIN, umbilicus, diarrhoea, before","PAIN, aching, dull pain (See Boring, Drawing, Distress, Digging, Gnawing, Pressing, etc.), Umbilicus, diarrhœa, before",پیٹ — درد، ناف، دست سے پہلے,1,1,یکساں
o2785,"PAIN, umbilicus, extending, across abdomen","PAIN, aching, dull pain (See Boring, Drawing, Distress, Digging, Gnawing, Pressing, etc.), Umbilicus, extending to anus, across abdomen",پیٹ — درد، ناف، پھیلتا ہوا، پیٹ میں آڑا,1,1,یکساں
o2786,"PAIN, umbilicus, extending, back","PAIN, aching, dull pain (See Boring, Drawing, Distress, Digging, Gnawing, Pressing, etc.), Umbilicus, extending to anus, back",پیٹ — درد، ناف، پھیلتا ہوا، پیٹھ تک,4,4,یکساں
o2787,"PAIN, umbilicus, extending, bladder","PAIN, aching, dull pain (See Boring, Drawing, Distress, Digging, Gnawing, Pressing, etc.), Umbilicus, extending to anus, bladder",پیٹ — درد، ناف، پھیلتا ہوا، مثانے تک,1,1,یکساں
o2788,"PAIN, umbilicus, extending, chest","PAIN, aching, dull pain (See Boring, Drawing, Distress, Digging, Gnawing, Pressing, etc.), Umbilicus, extending to anus, chest",پیٹ — درد، ناف، پھیلتا ہوا، سینے تک,2,2,یکساں
o2789,"PAIN, umbilicus, extending, downward","PAIN, aching, dull pain (See Boring, Drawing, Distress, Digging, Gnawing, Pressing, etc.), Umbilicus, extending to anus, downward",پیٹ — درد، ناف، پھیلتا ہوا، نیچے کی طرف,8,8,یکساں
o2791,"PAIN, umbilicus, extending, inguinal region","PAIN, aching, dull pain (See Boring, Drawing, Distress, Digging, Gnawing, Pressing, etc.), Umbilicus, extending to anus, inguinal region",پیٹ — درد، ناف، پھیلتا ہوا، کچھوں کے علاقے تک,1,1,یکساں
o2792,"PAIN, umbilicus, extending, lumbar region","PAIN, aching, dull pain (See Boring, Drawing, Distress, Digging, Gnawing, Pressing, etc.), Umbilicus, extending to anus, lumbar region",پیٹ — درد، ناف، پھیلتا ہوا، کمر کے نچلے حصے تک,1,1,یکساں
o2793,"PAIN, umbilicus, extending, mammary region","PAIN, aching, dull pain (See Boring, Drawing, Distress, Digging, Gnawing, Pressing, etc.), Umbilicus, extending to anus, mammary region",پیٹ — درد، ناف، پھیلتا ہوا، چھاتی کے علاقے تک,1,1,یکساں
o2794,"PAIN, umbilicus, extending, pudendum","PAIN, aching, dull pain (See Boring, Drawing, Distress, Digging, Gnawing, Pressing, etc.), Umbilicus, extending to anus, pudendum",پیٹ — درد، ناف، پھیلتا ہوا، شرمگاہ تک,1,1,یکساں
o2796,"PAIN, umbilicus, extending, rectum","PAIN, aching, dull pain (See Boring, Drawing, Distress, Digging, Gnawing, Pressing, etc.), Umbilicus, extending to anus, rectum",پیٹ — درد، ناف، پھیلتا ہوا، مقعد تک,1,1,یکساں
o2797,"PAIN, umbilicus, extending, spine","PAIN, aching, dull pain (See Boring, Drawing, Distress, Digging, Gnawing, Pressing, etc.), Umbilicus, extending to anus, spine",پیٹ — درد، ناف، پھیلتا ہوا، ریڑھ کی ہڈی تک,2,2,یکساں
o2798,"PAIN, umbilicus, extending, sternum","PAIN, aching, dull pain (See Boring, Drawing, Distress, Digging, Gnawing, Pressing, etc.), Umbilicus, extending to anus, sternum",پیٹ — درد، ناف، پھیلتا ہوا، سینے کی ہڈی تک,1,1,یکساں
o2800,"PAIN, umbilicus, extending, throat","PAIN, aching, dull pain (See Boring, Drawing, Distress, Digging, Gnawing, Pressing, etc.), Umbilicus, extending to anus, throat",پیٹ — درد، ناف، پھیلتا ہوا، گلے تک,2,2,یکساں
o2825,"PAIN, umbilicus, region of, cold, wet weather, in","PAIN, aching, dull pain (See Boring, Drawing, Distress, Digging, Gnawing, Pressing, etc.), Umbilicus, region of, cold drinks, from, wet weather, in",پیٹ — درد، ناف کا علاقہ، سرد گیلی آب و ہوا میں,1,1,یکساں
o2830,"PAIN, umbilicus, region of, eating","PAIN, aching, dull pain (See Boring, Drawing, Distress, Digging, Gnawing, Pressing, etc.), Umbilicus, region of, eating",پیٹ — درد، ناف کا علاقہ، کھانے سے,10,10,یکساں
o2891,"PAIN, warm, food, after","PAIN, aching, dull pain (See Boring, Drawing, Distress, Digging, Gnawing, Pressing, etc.), warm drinks amel., food, after",پیٹ — درد، گرم، کھانے کے بعد,2,2,یکساں
o2897,"PAIN, warmth, moist, amel.","PAIN, aching, dull pain (See Boring, Drawing, Distress, Digging, Gnawing, Pressing, etc.), warmth amel., moist, amel.",پیٹ — درد، گرمائش، نم، سے آرام,1,1,یکساں
o2956,"RESTLESSNESS, uneasiness, breakfast, after","RESTLESSNESS, uneasiness, etc., breakfast, during, after",پیٹ — بے قراری، بے چینی، ناشتے کے بعد,1,1,یکساں
o2970,"RESTLESSNESS, uneasiness, stool, after","RESTLESSNESS, uneasiness, etc., stool, before, after",پیٹ — بے قراری، بے چینی، پاخانے کے بعد,2,2,یکساں
o2972,"RESTLESSNESS, uneasiness, stool, during","RESTLESSNESS, uneasiness, etc., stool, before, during",پیٹ — بے قراری، بے چینی، پاخانے کے دوران,2,2,یکساں
o681,"PAIN, alternating with, pain in, limbs","PAIN, aching, dull pain (See Boring, Drawing, Distress, Digging, Gnawing, Pressing, etc.), alternating with pain in chest, pain in joints, limbs",پیٹ — درد، باری باری، اعضاء کے درد کے ساتھ,1,1,یکساں
o839,"PAIN, cramping, griping, alternating with pain in chest","PAIN, aching, dull pain (See Boring, Drawing, Distress, Digging, Gnawing, Pressing, etc.), cramping, griping, alternating with pain in chest",پیٹ — درد، اینٹھن والا، مروڑتے ہوئے، سینے کے درد کے ساتھ باری باری,1,1,یکساں
o841,"PAIN, cramping, griping, ascending steps","PAIN, aching, dull pain (See Boring, Drawing, Distress, Digging, Gnawing, Pressing, etc.), cramping, griping, ascending steps",پیٹ — درد، اینٹھن والا، مروڑتے ہوئے، سیڑھیاں چڑھنے سے,1,1,یکساں
o843,"PAIN, cramping, griping, bending backward amel.","PAIN, aching, dull pain (See Boring, Drawing, Distress, Digging, Gnawing, Pressing, etc.), cramping, griping, bending backward amel.",پیٹ — درد، اینٹھن والا، مروڑتے ہوئے، پیچھے جھکنے سے آرام,4,4,یکساں
o844,"PAIN, cramping, griping, bending forward amel.","PAIN, aching, dull pain (See Boring, Drawing, Distress, Digging, Gnawing, Pressing, etc.), cramping, griping, bending forward amel.",پیٹ — درد، اینٹھن والا، مروڑتے ہوئے، آگے جھکنے سے آرام,18,18,یکساں
o859,"PAIN, cramping, griping, eating, after, amel.","PAIN, aching, dull pain (See Boring, Drawing, Distress, Digging, Gnawing, Pressing, etc.), cramping, griping, eating, while, after, amel.",پیٹ — درد، اینٹھن والا، مروڑتے ہوئے، کھانے کے بعد آرام,2,2,یکساں
o861,"PAIN, cramping, griping, eructations amel.","PAIN, aching, dull pain (See Boring, Drawing, Distress, Digging, Gnawing, Pressing, etc.), cramping, griping, eructations amel.",پیٹ — درد، اینٹھن والا، مروڑتے ہوئے، ڈکار سے آرام,3,3,یکساں
o872,"PAIN, cramping, griping, hot milk amel.","PAIN, aching, dull pain (See Boring, Drawing, Distress, Digging, Gnawing, Pressing, etc.), cramping, griping, hot milk amel.",پیٹ — درد، اینٹھن والا، مروڑتے ہوئے، گرم دودھ سے آرام,1,1,یکساں
o894,"PAIN, cramping, griping, hypogastrium, menses, after","PAIN, aching, dull pain (See Boring, Drawing, Distress, Digging, Gnawing, Pressing, etc.), cramping, griping, Hypogastrium, menses, before, after",پیٹ — درد، اینٹھن والا، مروڑتے ہوئے، ناف کے نیچے کے حصے میں، حیض کے بعد,1,1,یکساں
o896,"PAIN, cramping, griping, hypogastrium, menses, during","PAIN, aching, dull pain (See Boring, Drawing, Distress, Digging, Gnawing, Pressing, etc.), cramping, griping, Hypogastrium, menses, before, during",پیٹ — درد، اینٹھن والا، مروڑتے ہوئے، ناف کے نیچے کے حصے میں، حیض کے دوران,7,7,یکساں
o901,"PAIN, cramping, griping, hypogastrium, stool, after","PAIN, aching, dull pain (See Boring, Drawing, Distress, Digging, Gnawing, Pressing, etc.), cramping, griping, Hypogastrium, stool, before, after",پیٹ — درد، اینٹھن والا، مروڑتے ہوئے، ناف کے نیچے کے حصے میں، پاخانے کے بعد,1,1,یکساں
o903,"PAIN, cramping, griping, hypogastrium, stool, during","PAIN, aching, dull pain (See Boring, Drawing, Distress, Digging, Gnawing, Pressing, etc.), cramping, griping, Hypogastrium, stool, before, during",پیٹ — درد، اینٹھن والا، مروڑتے ہوئے، ناف کے نیچے کے حصے میں، پاخانے کے دوران,1,1,یکساں
o910,"PAIN, cramping, griping, hysterical","PAIN, aching, dull pain (See Boring, Drawing, Distress, Digging, Gnawing, Pressing, etc.), cramping, griping, hysterical",پیٹ — درد، اینٹھن والا، مروڑتے ہوئے، ہسٹیریا کے ساتھ,11,11,یکساں
o915,"PAIN, cramping, griping, inguinal region, afternoon, 4 p.m.","PAIN, aching, dull pain (See Boring, Drawing, Distress, Digging, Gnawing, Pressing, etc.), cramping, griping, Inguinal region, afternoon, 3 p.m., 4 p.m.",پیٹ — درد، اینٹھن والا، مروڑتے ہوئے، کچھوں کا علاقہ، سہ پہر 4 بجے,1,1,یکساں
o920,"PAIN, cramping, griping, inguinal region, menses, after","PAIN, aching, dull pain (See Boring, Drawing, Distress, Digging, Gnawing, Pressing, etc.), cramping, griping, Inguinal region, menses, during, after",پیٹ — درد، اینٹھن والا، مروڑتے ہوئے، کچھوں کا علاقہ، حیض کے بعد,3,3,یکساں
o925,"PAIN, cramping, griping, inguinal region, rubbing, amel.","PAIN, aching, dull pain (See Boring, Drawing, Distress, Digging, Gnawing, Pressing, etc.), cramping, griping, Inguinal region, rubbing, on, amel.",پیٹ — درد، اینٹھن والا، مروڑتے ہوئے، کچھوں کا علاقہ، ملنے سے آرام,1,1,یکساں
o932,"PAIN, cramping, griping, kneading abdomen amel.","PAIN, aching, dull pain (See Boring, Drawing, Distress, Digging, Gnawing, Pressing, etc.), cramping, griping, kneading abdomen amel.",پیٹ — درد، اینٹھن والا، مروڑتے ہوئے، پیٹ کی مالش سے آرام,1,1,یکساں
o951,"PAIN, cramping, griping, morning, waking, 5 a.m.","PAIN, aching, dull pain (See Boring, Drawing, Distress, Digging, Gnawing, Pressing, etc.), cramping, griping, morning, waking, on, 5 a.m.",پیٹ — درد، اینٹھن والا، مروڑتے ہوئے، صبح جاگتے ہی، 5 بجے,1,1,یکساں
o952,"PAIN, cramping, griping, morning, waking, 6 a.m.","PAIN, aching, dull pain (See Boring, Drawing, Distress, Digging, Gnawing, Pressing, etc.), cramping, griping, morning, waking, on, 6 a.m.",پیٹ — درد، اینٹھن والا، مروڑتے ہوئے، صبح جاگتے ہی، 6 بجے,1,1,یکساں
o981,"PAIN, cramping, griping, sides, stool, during","PAIN, aching, dull pain (See Boring, Drawing, Distress, Digging, Gnawing, Pressing, etc.), cramping, griping, Sides, stool, before, during",پیٹ — درد، اینٹھن والا، مروڑتے ہوئے، پہلوؤں میں، پاخانے کے دوران,1,1,یکساں
o984,"PAIN, cramping, griping, sitting, bent, while","PAIN, aching, dull pain (See Boring, Drawing, Distress, Digging, Gnawing, Pressing, etc.), cramping, griping, sitting, while, bent, while",پیٹ — درد، اینٹھن والا، مروڑتے ہوئے، جھک کر بیٹھے ہوئے,2,2,یکساں
o992,"PAIN, cramping, griping, stool, after, amel.","PAIN, aching, dull pain (See Boring, Drawing, Distress, Digging, Gnawing, Pressing, etc.), cramping, griping, stool, before, after, amel.",پیٹ — درد، اینٹھن والا، مروڑتے ہوئے، پاخانے کے بعد آرام,18,18,یکساں
o995,"PAIN, cramping, griping, stool, hard, before","PAIN, aching, dull pain (See Boring, Drawing, Distress, Digging, Gnawing, Pressing, etc.), cramping, griping, stool, before, hard, before",پیٹ — درد، اینٹھن والا، مروڑتے ہوئے، سخت پاخانے سے پہلے,1,1,یکساں
o996,"PAIN, cramping, griping, stooping agg.","PAIN, aching, dull pain (See Boring, Drawing, Distress, Digging, Gnawing, Pressing, etc.), cramping, griping, stooping agg.",پیٹ — درد، اینٹھن والا، مروڑتے ہوئے، جھکنے سے بگاڑ,4,4,یکساں
o998,"PAIN, cramping, griping, suppressed haemorrhoidal flow","PAIN, aching, dull pain (See Boring, Drawing, Distress, Digging, Gnawing, Pressing, etc.), cramping, griping, suppressed hæmorrhoidal flow",پیٹ — درد، اینٹھن والا، مروڑتے ہوئے، بواسیر کا خون بند ہو جانے سے,1,1,یکساں
r1001,"PAIN, hypochondria, right, bending to left agg.","PAIN, aching, dull pain (See Boring, Drawing, Distress, Digging, Gnawing, Pressing, etc.), Hypochondria, right, bending to left agg.",پیٹ — درد، دائیں بغل کے نچلے حصے میں، بائیں طرف جھکنے سے بگاڑ,1,1,یکساں
r1005,"PAIN, hypochondria, right, lying on painful side agg.","PAIN, aching, dull pain (See Boring, Drawing, Distress, Digging, Gnawing, Pressing, etc.), Hypochondria, right, lying on painful side agg.",پیٹ — درد، دائیں بغل کے نچلے حصے میں، درد والی طرف لیٹنے سے بگاڑ,6,6,یکساں
r1009,"PAIN, hypochondria, right, extending to back","PAIN, aching, dull pain (See Boring, Drawing, Distress, Digging, Gnawing, Pressing, etc.), Hypochondria, right, extending to back",پیٹ — درد، دائیں بغل کے نچلے حصے میں، پیٹھ تک پھیلتا ہوا,10,10,یکساں
r1010,"PAIN, hypochondria, right, to left","PAIN, aching, dull pain (See Boring, Drawing, Distress, Digging, Gnawing, Pressing, etc.), Hypochondria, right, to left",پیٹ — درد، دائیں بغل کے نچلے حصے میں، دائیں سے بائیں کی طرف,2,2,یکساں
r1014,"PAIN, hypochondria, left, eating amel.","PAIN, aching, dull pain (See Boring, Drawing, Distress, Digging, Gnawing, Pressing, etc.), Hypochondria, left, eating amel.",پیٹ — درد، بائیں بغل کے نچلے حصے میں، کھانے سے آرام,1,1,یکساں
r1015,"PAIN, hypochondria, left, lying on left side agg.","PAIN, aching, dull pain (See Boring, Drawing, Distress, Digging, Gnawing, Pressing, etc.), Hypochondria, left, lying on left side agg.",پیٹ — درد، بائیں بغل کے نچلے حصے میں، بائیں کروٹ لیٹنے سے بگاڑ,3,3,یکساں
r1018,"PAIN, hypochondria, left, extending to right","PAIN, aching, dull pain (See Boring, Drawing, Distress, Digging, Gnawing, Pressing, etc.), Hypochondria, left, extending to right",پیٹ — درد، بائیں بغل کے نچلے حصے میں، دائیں طرف پھیلتا ہوا,1,1,یکساں
r1024,"PAIN, hypochondria, afternoon, 2 p.m.","PAIN, aching, dull pain (See Boring, Drawing, Distress, Digging, Gnawing, Pressing, etc.), Hypochondria, afternoon, 2 p.m.",پیٹ — درد، بغل کے نچلے حصے میں، سہ پہر 2 بجے,1,1,یکساں
r1025,"PAIN, hypochondria, afternoon, 3 p.m.","PAIN, aching, dull pain (See Boring, Drawing, Distress, Digging, Gnawing, Pressing, etc.), Hypochondria, afternoon, 3 p.m.",پیٹ — درد، بغل کے نچلے حصے میں، سہ پہر 3 بجے,2,2,یکساں
r1030,"PAIN, hypochondria, night, midnight","PAIN, aching, dull pain (See Boring, Drawing, Distress, Digging, Gnawing, Pressing, etc.), Hypochondria, night, midnight",پیٹ — درد، بغل کے نچلے حصے میں، رات، آدھی رات,1,1,یکساں
r1032,"PAIN, hypochondria, night, 3 a.m.","PAIN, aching, dull pain (See Boring, Drawing, Distress, Digging, Gnawing, Pressing, etc.), Hypochondria, night, 3 a.m.",پیٹ — درد، بغل کے نچلے حصے میں، رات 3 بجے,1,1,یکساں
r1034,"PAIN, hypochondria, bed, in","PAIN, aching, dull pain (See Boring, Drawing, Distress, Digging, Gnawing, Pressing, etc.), Hypochondria, bed, in",پیٹ — درد، بغل کے نچلے حصے میں، بستر میں,6,6,یکساں
r1036,"PAIN, hypochondria, bending body forward, amel.","PAIN, aching, dull pain (See Boring, Drawing, Distress, Digging, Gnawing, Pressing, etc.), Hypochondria, bending body forward, amel.",پیٹ — درد، بغل کے نچلے حصے میں، آگے جھکنے سے آرام,2,2,یکساں
r1039,"PAIN, hypochondria, breakfast, after","PAIN, aching, dull pain (See Boring, Drawing, Distress, Digging, Gnawing, Pressing, etc.), Hypochondria, breakfast, after",پیٹ — درد، بغل کے نچلے حصے میں، ناشتے کے بعد,1,1,یکساں
r1041,"PAIN, hypochondria, coughing, from","PAIN, aching, dull pain (See Boring, Drawing, Distress, Digging, Gnawing, Pressing, etc.), Hypochondria, coughing, from",پیٹ — درد، بغل کے نچلے حصے میں، کھانسنے سے,21,21,یکساں
r1042,"PAIN, hypochondria, dancing, after","PAIN, aching, dull pain (See Boring, Drawing, Distress, Digging, Gnawing, Pressing, etc.), Hypochondria, dancing, after",پیٹ — درد، بغل کے نچلے حصے میں، ناچنے کے بعد,7,7,یکساں
r1043,"PAIN, hypochondria, drinking, after","PAIN, aching, dull pain (See Boring, Drawing, Distress, Digging, Gnawing, Pressing, etc.), Hypochondria, drinking, after",پیٹ — درد، بغل کے نچلے حصے میں، پینے کے بعد,1,1,یکساں
r1044,"PAIN, hypochondria, eating, after","PAIN, aching, dull pain (See Boring, Drawing, Distress, Digging, Gnawing, Pressing, etc.), Hypochondria, eating, after",پیٹ — درد، بغل کے نچلے حصے میں، کھانے کے بعد,6,6,یکساں
r1047,"PAIN, hypochondria, exercising, on","PAIN, aching, dull pain (See Boring, Drawing, Distress, Digging, Gnawing, Pressing, etc.), Hypochondria, exercising, on",پیٹ — درد، بغل کے نچلے حصے میں، ورزش پر,2,2,یکساں
r1052,"PAIN, hypochondria, lying on back, amel.","PAIN, aching, dull pain (See Boring, Drawing, Distress, Digging, Gnawing, Pressing, etc.), Hypochondria, lying on back, amel.",پیٹ — درد، بغل کے نچلے حصے میں، چت لیٹنے سے آرام,1,1,یکساں
r1058,"PAIN, hypochondria, menses, before","PAIN, aching, dull pain (See Boring, Drawing, Distress, Digging, Gnawing, Pressing, etc.), Hypochondria, menses, before",پیٹ — درد، بغل کے نچلے حصے میں، حیض سے پہلے,2,2,یکساں
r1061,"PAIN, hypochondria, motion, from","PAIN, aching, dull pain (See Boring, Drawing, Distress, Digging, Gnawing, Pressing, etc.), Hypochondria, motion, from",پیٹ — درد، بغل کے نچلے حصے میں، حرکت سے,9,9,یکساں
r1067,"PAIN, hypochondria, riding, from","PAIN, aching, dull pain (See Boring, Drawing, Distress, Digging, Gnawing, Pressing, etc.), Hypochondria, riding, from",پیٹ — درد، بغل کے نچلے حصے میں، سفر سے,2,2,یکساں
r1068,"PAIN, hypochondria, rising, on","PAIN, aching, dull pain (See Boring, Drawing, Distress, Digging, Gnawing, Pressing, etc.), Hypochondria, rising, on",پیٹ — درد، بغل کے نچلے حصے میں، اٹھنے پر,3,3,یکساں
r1070,"PAIN, hypochondria, running, after","PAIN, aching, dull pain (See Boring, Drawing, Distress, Digging, Gnawing, Pressing, etc.), Hypochondria, running, after",پیٹ — درد، بغل کے نچلے حصے میں، دوڑنے کے بعد,1,1,یکساں
r1075,"PAIN, hypochondria, stool, before","PAIN, aching, dull pain (See Boring, Drawing, Distress, Digging, Gnawing, Pressing, etc.), Hypochondria, stool, before",پیٹ — درد، بغل کے نچلے حصے میں، پاخانے سے پہلے,2,2,یکساں
r1078,"PAIN, hypochondria, stooping, on","PAIN, aching, dull pain (See Boring, Drawing, Distress, Digging, Gnawing, Pressing, etc.), Hypochondria, stooping, on",پیٹ — درد، بغل کے نچلے حصے میں، جھکنے پر,6,6,یکساں
r1080,"PAIN, hypochondria, waking, on","PAIN, aching, dull pain (See Boring, Drawing, Distress, Digging, Gnawing, Pressing, etc.), Hypochondria, waking, on",پیٹ — درد، بغل کے نچلے حصے میں، جاگنے پر,2,2,یکساں
r1083,"PAIN, hypochondria, writing, while","PAIN, aching, dull pain (See Boring, Drawing, Distress, Digging, Gnawing, Pressing, etc.), Hypochondria, writing, while",پیٹ — درد، بغل کے نچلے حصے میں، لکھتے ہوئے,1,1,یکساں
r1108,"PAIN, hypogastrium, afternoon, 2 p.m.","PAIN, aching, dull pain (See Boring, Drawing, Distress, Digging, Gnawing, Pressing, etc.), Hypogastrium, afternoon, 2 p.m.",پیٹ — درد، ناف کے نیچے کے حصے میں، سہ پہر 2 بجے,1,1,یکساں
r1110,"PAIN, hypogastrium, evening, amel.","PAIN, aching, dull pain (See Boring, Drawing, Distress, Digging, Gnawing, Pressing, etc.), Hypogastrium, evening, amel.",پیٹ — درد، ناف کے نیچے کے حصے میں، شام آرام,1,1,یکساں
r1112,"PAIN, hypogastrium, breathing, on","PAIN, aching, dull pain (See Boring, Drawing, Distress, Digging, Gnawing, Pressing, etc.), Hypogastrium, breathing, on",پیٹ — درد، ناف کے نیچے کے حصے میں، سانس لینے پر,3,3,یکساں
r1113,"PAIN, hypogastrium, coition, after","PAIN, aching, dull pain (See Boring, Drawing, Distress, Digging, Gnawing, Pressing, etc.), Hypogastrium, coition, after",پیٹ — درد، ناف کے نیچے کے حصے میں، جماع کے بعد,1,1,یکساں
r1114,"PAIN, hypogastrium, cold drinks, after","PAIN, aching, dull pain (See Boring, Drawing, Distress, Digging, Gnawing, Pressing, etc.), Hypogastrium, cold drinks, after",پیٹ — درد، ناف کے نیچے کے حصے میں، ٹھنڈے مشروبات کے بعد,1,1,یکساں
r1115,"PAIN, hypogastrium, coughing, on","PAIN, aching, dull pain (See Boring, Drawing, Distress, Digging, Gnawing, Pressing, etc.), Hypogastrium, coughing, on",پیٹ — درد، ناف کے نیچے کے حصے میں، کھانسنے پر,11,11,یکساں
r1116,"PAIN, hypogastrium, desire to urinate be delayed, if","PAIN, aching, dull pain (See Boring, Drawing, Distress, Digging, Gnawing, Pressing, etc.), Hypogastrium, desire to urinate be delayed, if",پیٹ — درد، ناف کے نیچے کے حصے میں، پیشاب کی خواہش روکی جائے تو,8,8,یکساں
r1117,"PAIN, hypogastrium, dinner, after","PAIN, aching, dull pain (See Boring, Drawing, Distress, Digging, Gnawing, Pressing, etc.), Hypogastrium, dinner, after",پیٹ — درد، ناف کے نیچے کے حصے میں، دوپہر کے کھانے کے بعد,1,1,یکساں
r1120,"PAIN, hypogastrium, exertion, on","PAIN, aching, dull pain (See Boring, Drawing, Distress, Digging, Gnawing, Pressing, etc.), Hypogastrium, exertion, on",پیٹ — درد، ناف کے نیچے کے حصے میں، مشقت پر,1,1,یکساں
r1121,"PAIN, hypogastrium, inspiration, on","PAIN, aching, dull pain (See Boring, Drawing, Distress, Digging, Gnawing, Pressing, etc.), Hypogastrium, inspiration, on",پیٹ — درد، ناف کے نیچے کے حصے میں، سانس اندر لینے پر,2,2,یکساں
r1123,"PAIN, hypogastrium, lying, while","PAIN, aching, dull pain (See Boring, Drawing, Distress, Digging, Gnawing, Pressing, etc.), Hypogastrium, lying, while",پیٹ — درد، ناف کے نیچے کے حصے میں، لیٹے ہوئے,2,2,یکساں
r1127,"PAIN, hypogastrium, menses, before","PAIN, aching, dull pain (See Boring, Drawing, Distress, Digging, Gnawing, Pressing, etc.), Hypogastrium, menses, before",پیٹ — درد، ناف کے نیچے کے حصے میں، حیض سے پہلے,21,21,یکساں
r1135,"PAIN, hypogastrium, sitting, while","PAIN, aching, dull pain (See Boring, Drawing, Distress, Digging, Gnawing, Pressing, etc.), Hypogastrium, sitting, while",پیٹ — درد، ناف کے نیچے کے حصے میں، بیٹھے ہوئے,3,3,یکساں
r1137,"PAIN, hypogastrium, standing, while","PAIN, aching, dull pain (See Boring, Drawing, Distress, Digging, Gnawing, Pressing, etc.), Hypogastrium, standing, while",پیٹ — درد، ناف کے نیچے کے حصے میں، کھڑے ہوئے,2,2,یکساں
r1138,"PAIN, hypogastrium, stool, before","PAIN, aching, dull pain (See Boring, Drawing, Distress, Digging, Gnawing, Pressing, etc.), Hypogastrium, stool, before",پیٹ — درد، ناف کے نیچے کے حصے میں، پاخانے سے پہلے,6,6,یکساں
r1141,"PAIN, hypogastrium, stooping, on","PAIN, aching, dull pain (See Boring, Drawing, Distress, Digging, Gnawing, Pressing, etc.), Hypogastrium, stooping, on",پیٹ — درد، ناف کے نیچے کے حصے میں، جھکنے پر,2,2,یکساں
r1147,"PAIN, hypogastrium, walking, amel.","PAIN, aching, dull pain (See Boring, Drawing, Distress, Digging, Gnawing, Pressing, etc.), Hypogastrium, walking, amel.",پیٹ — درد، ناف کے نیچے کے حصے میں، چلنے سے آرام,1,1,یکساں
r1148,"PAIN, hypogastrium, walking, in open air","PAIN, aching, dull pain (See Boring, Drawing, Distress, Digging, Gnawing, Pressing, etc.), Hypogastrium, walking, in open air",پیٹ — درد، ناف کے نیچے کے حصے میں، کھلی ہوا میں چلنے سے,2,2,یکساں
r1172,"PAIN, iliac region, night, 11 p.m.","PAIN, aching, dull pain (See Boring, Drawing, Distress, Digging, Gnawing, Pressing, etc.), Iliac region, night, 11 p.m.",پیٹ — درد، کولھے کی طرف، رات 11 بجے,1,1,یکساں
r1173,"PAIN, iliac region, bending, on","PAIN, aching, dull pain (See Boring, Drawing, Distress, Digging, Gnawing, Pressing, etc.), Iliac region, bending, on",پیٹ — درد، کولھے کی طرف، جھکنے پر,1,1,یکساں
r1174,"PAIN, iliac region, breakfast, after","PAIN, aching, dull pain (See Boring, Drawing, Distress, Digging, Gnawing, Pressing, etc.), Iliac region, breakfast, after",پیٹ — درد، کولھے کی طرف، ناشتے کے بعد,1,1,یکساں
r1175,"PAIN, iliac region, coughing, on","PAIN, aching, dull pain (See Boring, Drawing, Distress, Digging, Gnawing, Pressing, etc.), Iliac region, coughing, on",پیٹ — درد، کولھے کی طرف، کھانسنے پر,2,2,یکساں
r1176,"PAIN, iliac region, dinner, after","PAIN, aching, dull pain (See Boring, Drawing, Distress, Digging, Gnawing, Pressing, etc.), Iliac region, dinner, after",پیٹ — درد، کولھے کی طرف، دوپہر کے کھانے کے بعد,1,1,یکساں
r1179,"PAIN, iliac region, motion, on","PAIN, aching, dull pain (See Boring, Drawing, Distress, Digging, Gnawing, Pressing, etc.), Iliac region, motion, on",پیٹ — درد، کولھے کی طرف، حرکت پر,2,2,یکساں
r1183,"PAIN, iliac region, sitting, while","PAIN, aching, dull pain (See Boring, Drawing, Distress, Digging, Gnawing, Pressing, etc.), Iliac region, sitting, while",پیٹ — درد، کولھے کی طرف، بیٹھے ہوئے,1,1,یکساں
r1184,"PAIN, iliac region, stool, before","PAIN, aching, dull pain (See Boring, Drawing, Distress, Digging, Gnawing, Pressing, etc.), Iliac region, stool, before",پیٹ — درد، کولھے کی طرف، پاخانے سے پہلے,1,1,یکساں
r1185,"PAIN, iliac region, supper, after","PAIN, aching, dull pain (See Boring, Drawing, Distress, Digging, Gnawing, Pressing, etc.), Iliac region, supper, after",پیٹ — درد، کولھے کی طرف، رات کے کھانے کے بعد,1,1,یکساں
r1186,"PAIN, iliac region, walking, while","PAIN, aching, dull pain (See Boring, Drawing, Distress, Digging, Gnawing, Pressing, etc.), Iliac region, walking, while",پیٹ — درد، کولھے کی طرف، چلتے ہوئے,1,1,یکساں
r1193,"PAIN, ilium, crest of, left","PAIN, aching, dull pain (See Boring, Drawing, Distress, Digging, Gnawing, Pressing, etc.), Ilium, crest of, left",پیٹ — درد، بائیں کولھے کی ہڈی کا کنارہ,1,1,یکساں
r1194,"PAIN, ilium, crest of, morning","PAIN, aching, dull pain (See Boring, Drawing, Distress, Digging, Gnawing, Pressing, etc.), Ilium, crest of, morning",پیٹ — درد، کولھے کی ہڈی کا کنارہ، صبح,1,1,یکساں
r1195,"PAIN, ilium, crest of, night","PAIN, aching, dull pain (See Boring, Drawing, Distress, Digging, Gnawing, Pressing, etc.), Ilium, crest of, night",پیٹ — درد، کولھے کی ہڈی کا کنارہ، رات,1,1,یکساں
r1196,"PAIN, ilium, crest of, coughing","PAIN, aching, dull pain (See Boring, Drawing, Distress, Digging, Gnawing, Pressing, etc.), Ilium, crest of, coughing",پیٹ — درد، کولھے کی ہڈی کا کنارہ، کھانسنے سے,1,1,یکساں
r1197,"PAIN, ilium, crest of, motion","PAIN, aching, dull pain (See Boring, Drawing, Distress, Digging, Gnawing, Pressing, etc.), Ilium, crest of, motion",پیٹ — درد، کولھے کی ہڈی کا کنارہ، حرکت سے,1,1,یکساں
r1198,"PAIN, ilium, crest of, pressure amel.","PAIN, aching, dull pain (See Boring, Drawing, Distress, Digging, Gnawing, Pressing, etc.), Ilium, crest of, pressure amel.",پیٹ — درد، کولھے کی ہڈی کا کنارہ، دباؤ سے آرام,1,1,یکساں
r1199,"PAIN, ilium, crest of, raising arm","PAIN, aching, dull pain (See Boring, Drawing, Distress, Digging, Gnawing, Pressing, etc.), Ilium, crest of, raising arm",پیٹ — درد، کولھے کی ہڈی کا کنارہ، بازو اٹھانے سے,1,1,یکساں
r1200,"PAIN, ilium, crest of, rising from seat","PAIN, aching, dull pain (See Boring, Drawing, Distress, Digging, Gnawing, Pressing, etc.), Ilium, crest of, rising from seat",پیٹ — درد، کولھے کی ہڈی کا کنارہ، نشست سے اٹھنے سے,1,1,یکساں
r1204,"PAIN, ilium, crest of, warmth amel.","PAIN, aching, dull pain (See Boring, Drawing, Distress, Digging, Gnawing, Pressing, etc.), Ilium, crest of, warmth amel.",پیٹ — درد، کولھے کی ہڈی کا کنارہ، گرمائش سے آرام,1,1,یکساں
r1205,"PAIN, ilium, crest of, extending to thigh","PAIN, aching, dull pain (See Boring, Drawing, Distress, Digging, Gnawing, Pressing, etc.), Ilium, crest of, extending to thigh",پیٹ — درد، کولھے کی ہڈی کا کنارہ، ران تک پھیلتا ہوا,1,1,یکساں
r1209,"PAIN, inguinal region, right, flexing the thigh","PAIN, aching, dull pain (See Boring, Drawing, Distress, Digging, Gnawing, Pressing, etc.), Inguinal region, right, flexing the thigh",پیٹ — درد، دائیں کچھوں کا علاقہ، ران سمیٹنے سے,1,1,یکساں
r1210,"PAIN, inguinal region, right, then left","PAIN, aching, dull pain (See Boring, Drawing, Distress, Digging, Gnawing, Pressing, etc.), Inguinal region, right, then left",پیٹ — درد، دائیں کچھوں کا علاقہ، پھر بائیں,4,4,یکساں
r1212,"PAIN, inguinal region, left, morning","PAIN, aching, dull pain (See Boring, Drawing, Distress, Digging, Gnawing, Pressing, etc.), Inguinal region, left, morning",پیٹ — درد، بائیں کچھوں کا علاقہ، صبح,1,1,یکساں
r1213,"PAIN, inguinal region, left, then right","PAIN, aching, dull pain (See Boring, Drawing, Distress, Digging, Gnawing, Pressing, etc.), Inguinal region, left, then right",پیٹ — درد، بائیں کچھوں کا علاقہ، پھر دائیں,2,2,یکساں
r1216,"PAIN, inguinal region, left, extending to testicles","PAIN, aching, dull pain (See Boring, Drawing, Distress, Digging, Gnawing, Pressing, etc.), Inguinal region, left, extending to testicles",پیٹ — درد، بائیں کچھوں کا علاقہ، خصیوں تک پھیلتا ہوا,1,1,یکساں
r1221,"PAIN, inguinal region, evening, walking","PAIN, aching, dull pain (See Boring, Drawing, Distress, Digging, Gnawing, Pressing, etc.), Inguinal region, evening, walking",پیٹ — درد، کچھوں کا علاقہ، شام، چلتے ہوئے,1,1,یکساں
r1223,"PAIN, inguinal region, ascending, on","PAIN, aching, dull pain (See Boring, Drawing, Distress, Digging, Gnawing, Pressing, etc.), Inguinal region, ascending, on",پیٹ — درد، کچھوں کا علاقہ، اوپر چڑھنے پر,1,1,یکساں
r1224,"PAIN, inguinal region, coition, after","PAIN, aching, dull pain (See Boring, Drawing, Distress, Digging, Gnawing, Pressing, etc.), Inguinal region, coition, after",پیٹ — درد، کچھوں کا علاقہ، جماع کے بعد,1,1,یکساں
r1227,"PAIN, inguinal region, drawing up the leg, when","PAIN, aching, dull pain (See Boring, Drawing, Distress, Digging, Gnawing, Pressing, etc.), Inguinal region, drawing up the leg, when",پیٹ — درد، کچھوں کا علاقہ، ٹانگ سمیٹنے پر,1,1,یکساں
r1229,"PAIN, inguinal region, hernia, as from a","PAIN, aching, dull pain (See Boring, Drawing, Distress, Digging, Gnawing, Pressing, etc.), Inguinal region, hernia, as from a",پیٹ — درد، کچھوں کا علاقہ، ہرنیا، جیسے ہرنیا ہو,5,5,یکساں
r1235,"PAIN, inguinal region, hernia, as if a, would appear, stooping amel.","PAIN, aching, dull pain (See Boring, Drawing, Distress, Digging, Gnawing, Pressing, etc.), Inguinal region, hernia, as from a, as if a, would appear, stooping amel.",پیٹ — درد، کچھوں کا علاقہ، ہرنیا، جیسے ہونے والا ہو، جھکنے سے آرام,1,1,یکساں
r1237,"PAIN, inguinal region, lying, while","PAIN, aching, dull pain (See Boring, Drawing, Distress, Digging, Gnawing, Pressing, etc.), Inguinal region, lying, while",پیٹ — درد، کچھوں کا علاقہ، لیٹے ہوئے,1,1,یکساں
r1239,"PAIN, inguinal region, menses, before","PAIN, aching, dull pain (See Boring, Drawing, Distress, Digging, Gnawing, Pressing, etc.), Inguinal region, menses, before",پیٹ — درد، کچھوں کا علاقہ، حیض سے پہلے,7,7,یکساں
r1243,"PAIN, inguinal region, motion, on","PAIN, aching, dull pain (See Boring, Drawing, Distress, Digging, Gnawing, Pressing, etc.), Inguinal region, motion, on",پیٹ — درد، کچھوں کا علاقہ، حرکت پر,2,2,یکساں
r1244,"PAIN, inguinal region, parturition, during","PAIN, aching, dull pain (See Boring, Drawing, Distress, Digging, Gnawing, Pressing, etc.), Inguinal region, parturition, during",پیٹ — درد، کچھوں کا علاقہ، زچگی کے دوران,1,1,یکساں
r1249,"PAIN, inguinal region, sitting, while","PAIN, aching, dull pain (See Boring, Drawing, Distress, Digging, Gnawing, Pressing, etc.), Inguinal region, sitting, while",پیٹ — درد، کچھوں کا علاقہ، بیٹھے ہوئے,8,8,یکساں
r1250,"PAIN, inguinal region, sprain, as from","PAIN, aching, dull pain (See Boring, Drawing, Distress, Digging, Gnawing, Pressing, etc.), Inguinal region, sprain, as from",پیٹ — درد، کچھوں کا علاقہ، جیسے موچ آ گئی ہو,4,4,یکساں
r1251,"PAIN, inguinal region, standing, as from","PAIN, aching, dull pain (See Boring, Drawing, Distress, Digging, Gnawing, Pressing, etc.), Inguinal region, standing, as from",پیٹ — درد، کچھوں کا علاقہ، جیسے کھڑے ہونے سے ہو,7,7,یکساں
r1252,"PAIN, inguinal region, stepping, on","PAIN, aching, dull pain (See Boring, Drawing, Distress, Digging, Gnawing, Pressing, etc.), Inguinal region, stepping, on",پیٹ — درد، کچھوں کا علاقہ، قدم رکھنے پر,1,1,یکساں
r1253,"PAIN, inguinal region, stool, before","PAIN, aching, dull pain (See Boring, Drawing, Distress, Digging, Gnawing, Pressing, etc.), Inguinal region, stool, before",پیٹ — درد، کچھوں کا علاقہ، پاخانے سے پہلے,3,3,یکساں
r1256,"PAIN, inguinal region, stooping, on","PAIN, aching, dull pain (See Boring, Drawing, Distress, Digging, Gnawing, Pressing, etc.), Inguinal region, stooping, on",پیٹ — درد، کچھوں کا علاقہ، جھکنے پر,2,2,یکساں
r1257,"PAIN, inguinal region, stretching, on","PAIN, aching, dull pain (See Boring, Drawing, Distress, Digging, Gnawing, Pressing, etc.), Inguinal region, stretching, on",پیٹ — درد، کچھوں کا علاقہ، تانی لینے پر,4,4,یکساں
r1260,"PAIN, inguinal region, urinating, while","PAIN, aching, dull pain (See Boring, Drawing, Distress, Digging, Gnawing, Pressing, etc.), Inguinal region, urinating, while",پیٹ — درد، کچھوں کا علاقہ، پیشاب کرتے ہوئے,4,4,یکساں
r1262,"PAIN, inguinal region, walk bent, must","PAIN, aching, dull pain (See Boring, Drawing, Distress, Digging, Gnawing, Pressing, etc.), Inguinal region, walk bent, must",پیٹ — درد، کچھوں کا علاقہ، جھک کر چلنا پڑے,1,1,یکساں
r1265,"PAIN, inguinal region, yawning, when","PAIN, aching, dull pain (See Boring, Drawing, Distress, Digging, Gnawing, Pressing, etc.), Inguinal region, yawning, when",پیٹ — درد، کچھوں کا علاقہ، جمائی لیتے وقت,1,1,یکساں
r1279,"PAIN, inguinal region, extending, pubis","PAIN, aching, dull pain (See Boring, Drawing, Distress, Digging, Gnawing, Pressing, etc.), Inguinal region, extending to axilla (left), pubis",پیٹ — درد، کچھوں کا علاقہ، پھیلتا ہوا، ناف کے نیچے کی ہڈی تک,1,1,یکساں
r1282,"PAIN, inguinal region, extending, testicles","PAIN, aching, dull pain (See Boring, Drawing, Distress, Digging, Gnawing, Pressing, etc.), Inguinal region, extending to axilla (left), testicles",پیٹ — درد، کچھوں کا علاقہ، پھیلتا ہوا، خصیوں تک,7,7,یکساں
r1283,"PAIN, inguinal region, extending, thigh","PAIN, aching, dull pain (See Boring, Drawing, Distress, Digging, Gnawing, Pressing, etc.), Inguinal region, extending to axilla (left), thigh",پیٹ — درد، کچھوں کا علاقہ، پھیلتا ہوا، ران تک,15,15,یکساں
r1293,"PAIN, liver, anger, after","PAIN, aching, dull pain (See Boring, Drawing, Distress, Digging, Gnawing, Pressing, etc.), Liver, anger, after",پیٹ — درد، جگر، غصے کے بعد,1,1,یکساں
r1295,"PAIN, liver, breathing, on","PAIN, aching, dull pain (See Boring, Drawing, Distress, Digging, Gnawing, Pressing, etc.), Liver, breathing, on",پیٹ — درد، جگر، سانس لینے پر,5,5,یکساں
r1296,"PAIN, liver, cheese, after","PAIN, aching, dull pain (See Boring, Drawing, Distress, Digging, Gnawing, Pressing, etc.), Liver, cheese, after",پیٹ — درد، جگر، پنیر کے بعد,1,1,یکساں
r1297,"PAIN, liver, chill, before","PAIN, aching, dull pain (See Boring, Drawing, Distress, Digging, Gnawing, Pressing, etc.), Liver, chill, before",پیٹ — درد، جگر، سردی لگنے سے پہلے,1,1,یکساں
r1299,"PAIN, liver, cold food, after","PAIN, aching, dull pain (See Boring, Drawing, Distress, Digging, Gnawing, Pressing, etc.), Liver, cold food, after",پیٹ — درد، جگر، ٹھنڈے کھانے کے بعد,1,1,یکساں
r1300,"PAIN, liver, colic, gall-stones","PAIN, aching, dull pain (See Boring, Drawing, Distress, Digging, Gnawing, Pressing, etc.), Liver, colic, gall-stones",پیٹ — درد، جگر، قولنج، پتے کی پتھری,35,35,یکساں
r1302,"PAIN, liver, eating, after","PAIN, aching, dull pain (See Boring, Drawing, Distress, Digging, Gnawing, Pressing, etc.), Liver, eating, after",پیٹ — درد، جگر، کھانے کے بعد,4,4,یکساں
r1305,"PAIN, liver, exercising, on","PAIN, aching, dull pain (See Boring, Drawing, Distress, Digging, Gnawing, Pressing, etc.), Liver, exercising, on",پیٹ — درد، جگر، ورزش پر,5,5,یکساں
r1306,"PAIN, liver, heat, during","PAIN, aching, dull pain (See Boring, Drawing, Distress, Digging, Gnawing, Pressing, etc.), Liver, heat, during",پیٹ — درد، جگر، گرمی کے دوران,4,4,یکساں
r1317,"PAIN, liver, menses, before","PAIN, aching, dull pain (See Boring, Drawing, Distress, Digging, Gnawing, Pressing, etc.), Liver, menses, before",پیٹ — درد، جگر، حیض سے پہلے,5,5,یکساں
r1319,"PAIN, liver, mental labor, after","PAIN, aching, dull pain (See Boring, Drawing, Distress, Digging, Gnawing, Pressing, etc.), Liver, mental labor, after",پیٹ — درد، جگر، ذہنی محنت کے بعد,5,5,یکساں
r1320,"PAIN, liver, mortification, after","PAIN, aching, dull pain (See Boring, Drawing, Distress, Digging, Gnawing, Pressing, etc.), Liver, mortification, after",پیٹ — درد، جگر، بے عزتی کے بعد,1,1,یکساں
r1327,"PAIN, liver, sitting, while","PAIN, aching, dull pain (See Boring, Drawing, Distress, Digging, Gnawing, Pressing, etc.), Liver, sitting, while",پیٹ — درد، جگر، بیٹھے ہوئے,1,1,یکساں
r1328,"PAIN, liver, sneezing, on","PAIN, aching, dull pain (See Boring, Drawing, Distress, Digging, Gnawing, Pressing, etc.), Liver, sneezing, on",پیٹ — درد، جگر، چھینکنے پر,1,1,یکساں
r1329,"PAIN, liver, standing, while","PAIN, aching, dull pain (See Boring, Drawing, Distress, Digging, Gnawing, Pressing, etc.), Liver, standing, while",پیٹ — درد، جگر، کھڑے ہوئے,1,1,یکساں
r1330,"PAIN, liver, stooping, on","PAIN, aching, dull pain (See Boring, Drawing, Distress, Digging, Gnawing, Pressing, etc.), Liver, stooping, on",پیٹ — درد، جگر، جھکنے پر,7,7,یکساں
r1331,"PAIN, liver, touched, when","PAIN, aching, dull pain (See Boring, Drawing, Distress, Digging, Gnawing, Pressing, etc.), Liver, touched, when",پیٹ — درد، جگر، چھونے پر,14,14,یکساں
r1333,"PAIN, liver, urging to urinate, on","PAIN, aching, dull pain (See Boring, Drawing, Distress, Digging, Gnawing, Pressing, etc.), Liver, urging to urinate, on",پیٹ — درد، جگر، پیشاب کی خواہش پر,1,1,یکساں
r1334,"PAIN, liver, vexation, after","PAIN, aching, dull pain (See Boring, Drawing, Distress, Digging, Gnawing, Pressing, etc.), Liver, vexation, after",پیٹ — درد، جگر، کوفت کے بعد,3,3,یکساں
r1335,"PAIN, liver, walking, while","PAIN, aching, dull pain (See Boring, Drawing, Distress, Digging, Gnawing, Pressing, etc.), Liver, walking, while",پیٹ — درد، جگر، چلتے ہوئے,10,10,یکساں
r1349,"PAIN, sides, left, above crest of ilium","PAIN, aching, dull pain (See Boring, Drawing, Distress, Digging, Gnawing, Pressing, etc.), Sides, left, above crest of ilium",پیٹ — درد، بائیں پہلو میں، کولھے کی ہڈی کے کنارے کے اوپر,1,1,یکساں
r1350,"PAIN, sides, left, extending to vagina","PAIN, aching, dull pain (See Boring, Drawing, Distress, Digging, Gnawing, Pressing, etc.), Sides, left, extending to vagina",پیٹ — درد، بائیں پہلو میں، شرمگاہ تک پھیلتا ہوا,1,1,یکساں
r1357,"PAIN, sides, night, midnight","PAIN, aching, dull pain (See Boring, Drawing, Distress, Digging, Gnawing, Pressing, etc.), Sides, night, midnight",پیٹ — درد، پہلوؤں میں، رات، آدھی رات,1,1,یکساں
r1358,"PAIN, sides, breathing, on","PAIN, aching, dull pain (See Boring, Drawing, Distress, Digging, Gnawing, Pressing, etc.), Sides, breathing, on",پیٹ — درد، پہلوؤں میں، سانس لینے پر,2,2,یکساں
r1359,"PAIN, sides, coffee, after","PAIN, aching, dull pain (See Boring, Drawing, Distress, Digging, Gnawing, Pressing, etc.), Sides, coffee, after",پیٹ — درد، پہلوؤں میں، کافی کے بعد,1,1,یکساں
r1361,"PAIN, sides, dinner, during","PAIN, aching, dull pain (See Boring, Drawing, Distress, Digging, Gnawing, Pressing, etc.), Sides, dinner, during",پیٹ — درد، پہلوؤں میں، دوپہر کے کھانے کے دوران,1,1,یکساں
r1362,"PAIN, sides, eating, after","PAIN, aching, dull pain (See Boring, Drawing, Distress, Digging, Gnawing, Pressing, etc.), Sides, eating, after",پیٹ — درد، پہلوؤں میں، کھانے کے بعد,2,2,یکساں
r1365,"PAIN, sides, lain on, side not","PAIN, aching, dull pain (See Boring, Drawing, Distress, Digging, Gnawing, Pressing, etc.), Sides, lain on, side not",پیٹ — درد، پہلوؤں میں، جس کروٹ پر لیٹا ہو اُس سے نہیں,1,1,یکساں
r1367,"PAIN, sides, motion, on","PAIN, aching, dull pain (See Boring, Drawing, Distress, Digging, Gnawing, Pressing, etc.), Sides, motion, on",پیٹ — درد، پہلوؤں میں، حرکت پر,3,3,یکساں
r1370,"PAIN, sides, riding, while","PAIN, aching, dull pain (See Boring, Drawing, Distress, Digging, Gnawing, Pressing, etc.), Sides, riding, while",پیٹ — درد، پہلوؤں میں، سفر کرتے ہوئے,3,3,یکساں
r1371,"PAIN, sides, sitting, while","PAIN, aching, dull pain (See Boring, Drawing, Distress, Digging, Gnawing, Pressing, etc.), Sides, sitting, while",پیٹ — درد، پہلوؤں میں، بیٹھے ہوئے,4,4,یکساں
r1376,"PAIN, sides, supper, after","PAIN, aching, dull pain (See Boring, Drawing, Distress, Digging, Gnawing, Pressing, etc.), Sides, supper, after",پیٹ — درد، پہلوؤں میں، رات کے کھانے کے بعد,1,1,یکساں
r1378,"PAIN, sides, yawning, when","PAIN, aching, dull pain (See Boring, Drawing, Distress, Digging, Gnawing, Pressing, etc.), Sides, yawning, when",پیٹ — درد، پہلوؤں میں، جمائی لیتے وقت,1,1,یکساں
r1407,"PAIN, umbilicus, breakfast, after","PAIN, aching, dull pain (See Boring, Drawing, Distress, Digging, Gnawing, Pressing, etc.), Umbilicus, breakfast, after",پیٹ — درد، ناف، ناشتے کے بعد,2,2,یکساں
r1408,"PAIN, umbilicus, cough, during","PAIN, aching, dull pain (See Boring, Drawing, Distress, Digging, Gnawing, Pressing, etc.), Umbilicus, cough, during",پیٹ — درد، ناف، کھانسی کے دوران,3,3,یکساں
r1411,"PAIN, umbilicus, dinner, during","PAIN, aching, dull pain (See Boring, Drawing, Distress, Digging, Gnawing, Pressing, etc.), Umbilicus, dinner, during",پیٹ — درد، ناف، دوپہر کے کھانے کے دوران,1,1,یکساں
r1412,"PAIN, umbilicus, eating, after","PAIN, aching, dull pain (See Boring, Drawing, Distress, Digging, Gnawing, Pressing, etc.), Umbilicus, eating, after",پیٹ — درد، ناف، کھانے کے بعد,3,3,یکساں
r1418,"PAIN, umbilicus, menses, before","PAIN, aching, dull pain (See Boring, Drawing, Distress, Digging, Gnawing, Pressing, etc.), Umbilicus, menses, before",پیٹ — درد، ناف، حیض سے پہلے,3,3,یکساں
r1422,"PAIN, umbilicus, pregnancy, during","PAIN, aching, dull pain (See Boring, Drawing, Distress, Digging, Gnawing, Pressing, etc.), Umbilicus, pregnancy, during",پیٹ — درد، ناف، حمل کے دوران,1,1,یکساں
r1425,"PAIN, umbilicus, rising, after","PAIN, aching, dull pain (See Boring, Drawing, Distress, Digging, Gnawing, Pressing, etc.), Umbilicus, rising, after",پیٹ — درد، ناف، اٹھنے کے بعد,1,1,یکساں
r1426,"PAIN, umbilicus, sitting, while","PAIN, aching, dull pain (See Boring, Drawing, Distress, Digging, Gnawing, Pressing, etc.), Umbilicus, sitting, while",پیٹ — درد، ناف، بیٹھے ہوئے,2,2,یکساں
r1427,"PAIN, umbilicus, stool, before","PAIN, aching, dull pain (See Boring, Drawing, Distress, Digging, Gnawing, Pressing, etc.), Umbilicus, stool, before",پیٹ — درد، ناف، پاخانے سے پہلے,7,7,یکساں
r1430,"PAIN, umbilicus, stooping, on","PAIN, aching, dull pain (See Boring, Drawing, Distress, Digging, Gnawing, Pressing, etc.), Umbilicus, stooping, on",پیٹ — درد، ناف، جھکنے پر,2,2,یکساں
r1431,"PAIN, umbilicus, supper, after","PAIN, aching, dull pain (See Boring, Drawing, Distress, Digging, Gnawing, Pressing, etc.), Umbilicus, supper, after",پیٹ — درد، ناف، رات کے کھانے کے بعد,1,1,یکساں
r1452,"PAIN, umbilicus, extending, uterus","PAIN, aching, dull pain (See Boring, Drawing, Distress, Digging, Gnawing, Pressing, etc.), Umbilicus, extending to anus, uterus",پیٹ — درد، ناف، پھیلتا ہوا، رحم تک,2,2,یکساں
r1453,"PAIN, umbilicus, extending, vagina","PAIN, aching, dull pain (See Boring, Drawing, Distress, Digging, Gnawing, Pressing, etc.), Umbilicus, extending to anus, vagina",پیٹ — درد، ناف، پھیلتا ہوا، شرمگاہ تک,1,1,یکساں
r1455,"PAIN, umbilicus, region of, morning","PAIN, aching, dull pain (See Boring, Drawing, Distress, Digging, Gnawing, Pressing, etc.), Umbilicus, region of, morning",پیٹ — درد، ناف کا علاقہ، صبح,13,13,یکساں
r1458,"PAIN, umbilicus, region of, forenoon","PAIN, aching, dull pain (See Boring, Drawing, Distress, Digging, Gnawing, Pressing, etc.), Umbilicus, region of, forenoon",پیٹ — درد، ناف کا علاقہ، دوپہر سے پہلے,4,4,یکساں
r1460,"PAIN, umbilicus, region of, noon","PAIN, aching, dull pain (See Boring, Drawing, Distress, Digging, Gnawing, Pressing, etc.), Umbilicus, region of, noon",پیٹ — درد، ناف کا علاقہ، دوپہر,3,3,یکساں
r1466,"PAIN, umbilicus, region of, evening","PAIN, aching, dull pain (See Boring, Drawing, Distress, Digging, Gnawing, Pressing, etc.), Umbilicus, region of, evening",پیٹ — درد، ناف کا علاقہ، شام,7,7,یکساں
r1485,"PAIN, umbilicus, region of, motion agg.","PAIN, aching, dull pain (See Boring, Drawing, Distress, Digging, Gnawing, Pressing, etc.), Umbilicus, region of, motion agg.",پیٹ — درد، ناف کا علاقہ، حرکت سے بگاڑ,2,2,یکساں
r1486,"PAIN, umbilicus, region of, paroxysmal","PAIN, aching, dull pain (See Boring, Drawing, Distress, Digging, Gnawing, Pressing, etc.), Umbilicus, region of, paroxysmal",پیٹ — درد، ناف کا علاقہ، دوروں کی شکل میں,2,2,یکساں
r1487,"PAIN, umbilicus, region of, pressure agg.","PAIN, aching, dull pain (See Boring, Drawing, Distress, Digging, Gnawing, Pressing, etc.), Umbilicus, region of, pressure agg.",پیٹ — درد، ناف کا علاقہ، دباؤ سے بگاڑ,1,1,یکساں
r1491,"PAIN, umbilicus, region of, sour food","PAIN, aching, dull pain (See Boring, Drawing, Distress, Digging, Gnawing, Pressing, etc.), Umbilicus, region of, sour food",پیٹ — درد، ناف کا علاقہ، کھٹا کھانا,1,1,یکساں
r1495,"PAIN, umbilicus, region of, transversely across","PAIN, aching, dull pain (See Boring, Drawing, Distress, Digging, Gnawing, Pressing, etc.), Umbilicus, region of, transversely across",پیٹ — درد، ناف کا علاقہ، آڑا (چوڑائی میں),5,5,یکساں
r1496,"PAIN, umbilicus, region of, violent","PAIN, aching, dull pain (See Boring, Drawing, Distress, Digging, Gnawing, Pressing, etc.), Umbilicus, region of, violent",پیٹ — درد، ناف کا علاقہ، شدید,7,7,یکساں
r1498,"PAIN, umbilicus, region of, extending downward","PAIN, aching, dull pain (See Boring, Drawing, Distress, Digging, Gnawing, Pressing, etc.), Umbilicus, region of, extending downward",پیٹ — درد، ناف کا علاقہ، نیچے کی طرف پھیلتا ہوا,3,3,یکساں
r1509,"PAIN, burning, breakfast, after","PAIN, aching, dull pain (See Boring, Drawing, Distress, Digging, Gnawing, Pressing, etc.), burning, breakfast, after",پیٹ — درد، جلتا ہوا، ناشتے کے بعد,1,1,یکساں
r1510,"PAIN, burning, chilliness, during","PAIN, aching, dull pain (See Boring, Drawing, Distress, Digging, Gnawing, Pressing, etc.), burning, chilliness, during",پیٹ — درد، جلتا ہوا، سردی کے احساس کے دوران,1,1,یکساں
r1512,"PAIN, burning, eating, while","PAIN, aching, dull pain (See Boring, Drawing, Distress, Digging, Gnawing, Pressing, etc.), burning, eating, while",پیٹ — درد، جلتا ہوا، کھاتے ہوئے,1,1,یکساں
r1514,"PAIN, burning, ice cream, after","PAIN, aching, dull pain (See Boring, Drawing, Distress, Digging, Gnawing, Pressing, etc.), burning, ice cream, after",پیٹ — درد، جلتا ہوا، آئس کریم کے بعد,1,1,یکساں
r1516,"PAIN, burning, menses, during","PAIN, aching, dull pain (See Boring, Drawing, Distress, Digging, Gnawing, Pressing, etc.), burning, menses, during",پیٹ — درد، جلتا ہوا، حیض کے دوران,13,13,یکساں
r1520,"PAIN, burning, sitting, while","PAIN, aching, dull pain (See Boring, Drawing, Distress, Digging, Gnawing, Pressing, etc.), burning, sitting, while",پیٹ — درد، جلتا ہوا، بیٹھے ہوئے,2,2,یکساں
r1523,"PAIN, burning, standing, while","PAIN, aching, dull pain (See Boring, Drawing, Distress, Digging, Gnawing, Pressing, etc.), burning, standing, while",پیٹ — درد، جلتا ہوا، کھڑے ہوئے,1,1,یکساں
r1524,"PAIN, burning, stool, before","PAIN, aching, dull pain (See Boring, Drawing, Distress, Digging, Gnawing, Pressing, etc.), burning, stool, before",پیٹ — درد، جلتا ہوا، پاخانے سے پہلے,1,1,یکساں
r1527,"PAIN, burning, walking, while","PAIN, aching, dull pain (See Boring, Drawing, Distress, Digging, Gnawing, Pressing, etc.), burning, walking, while",پیٹ — درد، جلتا ہوا، چلتے ہوئے,2,2,یکساں
r1529,"PAIN, burning, extending down, leg","PAIN, aching, dull pain (See Boring, Drawing, Distress, Digging, Gnawing, Pressing, etc.), burning, extending down, leg",پیٹ — درد، جلتا ہوا، ٹانگ تک نیچے پھیلتا ہوا,1,1,یکساں
r1531,"PAIN, burning, hypochondria, right","PAIN, aching, dull pain (See Boring, Drawing, Distress, Digging, Gnawing, Pressing, etc.), burning, Hypochondria, right",پیٹ — درد، جلتا ہوا، بغل کے نچلے حصے میں، دائیں طرف,25,25,یکساں
r1533,"PAIN, burning, hypochondria, left","PAIN, aching, dull pain (See Boring, Drawing, Distress, Digging, Gnawing, Pressing, etc.), burning, Hypochondria, left",پیٹ — درد، جلتا ہوا، بغل کے نچلے حصے میں، بائیں طرف,14,14,یکساں
r1536,"PAIN, burning, hypochondria, morning","PAIN, aching, dull pain (See Boring, Drawing, Distress, Digging, Gnawing, Pressing, etc.), burning, Hypochondria, morning",پیٹ — درد، جلتا ہوا، بغل کے نچلے حصے میں، صبح,2,2,یکساں
r1537,"PAIN, burning, hypochondria, forenoon","PAIN, aching, dull pain (See Boring, Drawing, Distress, Digging, Gnawing, Pressing, etc.), burning, Hypochondria, forenoon",پیٹ — درد، جلتا ہوا، بغل کے نچلے حصے میں، دوپہر سے پہلے,1,1,یکساں
r1540,"PAIN, burning, hypochondria, evening","PAIN, aching, dull pain (See Boring, Drawing, Distress, Digging, Gnawing, Pressing, etc.), burning, Hypochondria, evening",پیٹ — درد، جلتا ہوا، بغل کے نچلے حصے میں، شام,1,1,یکساں
r1542,"PAIN, burning, hypochondria, lying amel.","PAIN, aching, dull pain (See Boring, Drawing, Distress, Digging, Gnawing, Pressing, etc.), burning, Hypochondria, lying amel.",پیٹ — درد، جلتا ہوا، بغل کے نچلے حصے میں، لیٹنے سے آرام,1,1,یکساں
r1543,"PAIN, burning, hypochondria, motion amel.","PAIN, aching, dull pain (See Boring, Drawing, Distress, Digging, Gnawing, Pressing, etc.), burning, Hypochondria, motion amel.",پیٹ — درد، جلتا ہوا، بغل کے نچلے حصے میں، حرکت سے آرام,1,1,یکساں
r1546,"PAIN, burning, hypochondria, touch","PAIN, aching, dull pain (See Boring, Drawing, Distress, Digging, Gnawing, Pressing, etc.), burning, Hypochondria, touch",پیٹ — درد، جلتا ہوا، بغل کے نچلے حصے میں، چھونے سے,1,1,یکساں
r1550,"PAIN, burning, hypogastrium, left side","PAIN, aching, dull pain (See Boring, Drawing, Distress, Digging, Gnawing, Pressing, etc.), burning, Hypogastrium, left side",پیٹ — درد، جلتا ہوا، ناف کے نیچے کے حصے میں، بائیں طرف,6,6,یکساں
r1551,"PAIN, burning, hypogastrium, evening","PAIN, aching, dull pain (See Boring, Drawing, Distress, Digging, Gnawing, Pressing, etc.), burning, Hypogastrium, evening",پیٹ — درد، جلتا ہوا، ناف کے نیچے کے حصے میں، شام,1,1,یکساں
r1552,"PAIN, burning, hypogastrium, night","PAIN, aching, dull pain (See Boring, Drawing, Distress, Digging, Gnawing, Pressing, etc.), burning, Hypogastrium, night",پیٹ — درد، جلتا ہوا، ناف کے نیچے کے حصے میں، رات,1,1,یکساں
r1553,"PAIN, burning, hypogastrium, across","PAIN, aching, dull pain (See Boring, Drawing, Distress, Digging, Gnawing, Pressing, etc.), burning, Hypogastrium, across",پیٹ — درد، جلتا ہوا، ناف کے نیچے کے حصے میں، آڑا,1,1,یکساں
r1556,"PAIN, burning, hypogastrium, motion amel.","PAIN, aching, dull pain (See Boring, Drawing, Distress, Digging, Gnawing, Pressing, etc.), burning, Hypogastrium, motion amel.",پیٹ — درد، جلتا ہوا، ناف کے نیچے کے حصے میں، حرکت سے آرام,2,2,یکساں
r1559,"PAIN, burning, inguinal region, right","PAIN, aching, dull pain (See Boring, Drawing, Distress, Digging, Gnawing, Pressing, etc.), burning, Inguinal region, right",پیٹ — درد، جلتا ہوا، دائیں کچھوں کا علاقہ,7,7,یکساں
r1560,"PAIN, burning, inguinal region, left","PAIN, aching, dull pain (See Boring, Drawing, Distress, Digging, Gnawing, Pressing, etc.), burning, Inguinal region, left",پیٹ — درد، جلتا ہوا، بائیں کچھوں کا علاقہ,1,1,یکساں
r1561,"PAIN, burning, inguinal region, forenoon","PAIN, aching, dull pain (See Boring, Drawing, Distress, Digging, Gnawing, Pressing, etc.), burning, Inguinal region, forenoon",پیٹ — درد، جلتا ہوا، کچھوں کا علاقہ، دوپہر سے پہلے,1,1,یکساں
r1564,"PAIN, burning, inguinal region, sitting, bent over, while","PAIN, aching, dull pain (See Boring, Drawing, Distress, Digging, Gnawing, Pressing, etc.), burning, Inguinal region, sitting, while, bent over, while",پیٹ — درد، جلتا ہوا، کچھوں کا علاقہ، جھک کر بیٹھے ہوئے,1,1,یکساں
r1565,"PAIN, burning, inguinal region, stooping amel.","PAIN, aching, dull pain (See Boring, Drawing, Distress, Digging, Gnawing, Pressing, etc.), burning, Inguinal region, stooping amel.",پیٹ — درد، جلتا ہوا، کچھوں کا علاقہ، جھکنے سے آرام,1,1,یکساں
r1567,"PAIN, burning, inguinal region, glands","PAIN, aching, dull pain (See Boring, Drawing, Distress, Digging, Gnawing, Pressing, etc.), burning, Inguinal region, glands",پیٹ — درد، جلتا ہوا، کچھوں کا علاقہ، غدود میں,5,5,یکساں
r1572,"PAIN, burning, sides, left","PAIN, aching, dull pain (See Boring, Drawing, Distress, Digging, Gnawing, Pressing, etc.), burning, Sides, left",پیٹ — درد، جلتا ہوا، بائیں پہلو میں,1,1,یکساں
r1573,"PAIN, burning, sides, afternoon","PAIN, aching, dull pain (See Boring, Drawing, Distress, Digging, Gnawing, Pressing, etc.), burning, Sides, afternoon",پیٹ — درد، جلتا ہوا، پہلوؤں میں، سہ پہر,1,1,یکساں
r1583,"PAIN, burning, umbilicus, sleep amel.","PAIN, aching, dull pain (See Boring, Drawing, Distress, Digging, Gnawing, Pressing, etc.), burning, Umbilicus, sleep amel.",پیٹ — درد، جلتا ہوا، ناف میں، نیند سے آرام,1,1,یکساں
r1584,"PAIN, burning, umbilicus, region of","PAIN, aching, dull pain (See Boring, Drawing, Distress, Digging, Gnawing, Pressing, etc.), burning, Umbilicus, region of",پیٹ — درد، جلتا ہوا، ناف کا علاقہ,40,40,یکساں
r1598,"PAIN, bursting, coughing, on","PAIN, aching, dull pain (See Boring, Drawing, Distress, Digging, Gnawing, Pressing, etc.), bursting, coughing, on",پیٹ — درد، پھٹنے جیسا، کھانسنے پر,1,1,یکساں
r1599,"PAIN, bursting, drinking, after","PAIN, aching, dull pain (See Boring, Drawing, Distress, Digging, Gnawing, Pressing, etc.), bursting, drinking, after",پیٹ — درد، پھٹنے جیسا، پینے کے بعد,1,1,یکساں
r1600,"PAIN, bursting, eating, after","PAIN, aching, dull pain (See Boring, Drawing, Distress, Digging, Gnawing, Pressing, etc.), bursting, eating, after",پیٹ — درد، پھٹنے جیسا، کھانے کے بعد,2,2,یکساں
r1601,"PAIN, bursting, rigor, during","PAIN, aching, dull pain (See Boring, Drawing, Distress, Digging, Gnawing, Pressing, etc.), bursting, rigor, during",پیٹ — درد، پھٹنے جیسا، کپکپی کے دوران,1,1,یکساں
r1602,"PAIN, bursting, stool, before","PAIN, aching, dull pain (See Boring, Drawing, Distress, Digging, Gnawing, Pressing, etc.), bursting, stool, before",پیٹ — درد، پھٹنے جیسا، پاخانے سے پہلے,1,1,یکساں
r1604,"PAIN, clawing, menses, before","PAIN, aching, dull pain (See Boring, Drawing, Distress, Digging, Gnawing, Pressing, etc.), clawing, menses, before",پیٹ — درد، نوچنے والا، حیض سے پہلے,1,1,یکساں
r1606,"PAIN, clawing, hypochondrium, right","PAIN, aching, dull pain (See Boring, Drawing, Distress, Digging, Gnawing, Pressing, etc.), clawing, Hypochondrium, right",پیٹ — درد، نوچنے والا، دائیں بغل کے نچلے حصے میں,2,2,یکساں
r1607,"PAIN, clawing, hypochondrium, extending to back","PAIN, aching, dull pain (See Boring, Drawing, Distress, Digging, Gnawing, Pressing, etc.), clawing, Hypochondrium, extending to back",پیٹ — درد، نوچنے والا، بغل کے نچلے حصے میں، پیٹھ تک پھیلتا ہوا,1,1,یکساں
r1613,"PAIN, clawing, umbilical region, paroxysmal","PAIN, aching, dull pain (See Boring, Drawing, Distress, Digging, Gnawing, Pressing, etc.), clawing, Umbilical region, paroxysmal",پیٹ — درد، نوچنے والا، ناف کا علاقہ، دوروں کی شکل میں,1,1,یکساں
r171,"DISCOLORATION, blotches","DISCOLORATION, blackness, blotches",پیٹ — رنگت بدلنا، چکتے,2,2,یکساں
r172,"DISCOLORATION, blue spots","DISCOLORATION, blackness, blue spots",پیٹ — رنگت بدلنا، نیلے دھبے,2,2,یکساں
r173,"DISCOLORATION, brown spots","DISCOLORATION, blackness, brown spots",پیٹ — رنگت بدلنا، بھورے دھبے,12,12,یکساں
r174,"DISCOLORATION, greenish","DISCOLORATION, blackness, greenish",پیٹ — رنگت بدلنا، سبزی مائل,1,1,یکساں
r175,"DISCOLORATION, inflamed spots","DISCOLORATION, blackness, inflamed spots",پیٹ — رنگت بدلنا، سوجے ہوئے دھبے,11,11,یکساں
r1759,"PAIN, cramping, griping, pressure amel.","PAIN, aching, dull pain (See Boring, Drawing, Distress, Digging, Gnawing, Pressing, etc.), cramping, griping, pressure amel.",پیٹ — درد، اینٹھن والا، مروڑتے ہوئے، دباؤ سے آرام,7,7,یکساں
r1768,"PAIN, cramping, griping, warmth amel.","PAIN, aching, dull pain (See Boring, Drawing, Distress, Digging, Gnawing, Pressing, etc.), cramping, griping, warmth amel.",پیٹ — درد، اینٹھن والا، مروڑتے ہوئے، گرمائش سے آرام,3,3,یکساں
r1805,"PAIN, cramping, griping, noon","PAIN, aching, dull pain (See Boring, Drawing, Distress, Digging, Gnawing, Pressing, etc.), cramping, griping, noon",پیٹ — درد، اینٹھن والا، مروڑتے ہوئے، دوپہر,3,3,یکساں
r1809,"PAIN, cramping, griping, evening","PAIN, aching, dull pain (See Boring, Drawing, Distress, Digging, Gnawing, Pressing, etc.), cramping, griping, evening",پیٹ — درد، اینٹھن والا، مروڑتے ہوئے، شام,27,27,یکساں
r1846,"PAIN, cutting, afternoon, 1 p.m.","PAIN, aching, dull pain (See Boring, Drawing, Distress, Digging, Gnawing, Pressing, etc.), cutting, afternoon, 1 p.m.",پیٹ — درد، کاٹتا ہوا، سہ پہر 1 بجے,1,1,یکساں
r1848,"PAIN, cutting, afternoon, 5 p.m.","PAIN, aching, dull pain (See Boring, Drawing, Distress, Digging, Gnawing, Pressing, etc.), cutting, afternoon, 5 p.m.",پیٹ — درد، کاٹتا ہوا، سہ پہر 5 بجے,1,1,یکساں
r1850,"PAIN, cutting, evening, sitting still agg.","PAIN, aching, dull pain (See Boring, Drawing, Distress, Digging, Gnawing, Pressing, etc.), cutting, evening, sitting still agg.",پیٹ — درد، کاٹتا ہوا، شام، خاموش بیٹھنے سے بگاڑ,1,1,یکساں
r1852,"PAIN, cutting, evening, 7 p.m.","PAIN, aching, dull pain (See Boring, Drawing, Distress, Digging, Gnawing, Pressing, etc.), cutting, evening, 7 p.m.",پیٹ — درد، کاٹتا ہوا، شام 7 بجے,2,2,یکساں
r1858,"PAIN, cutting, night, 1 a.m.","PAIN, aching, dull pain (See Boring, Drawing, Distress, Digging, Gnawing, Pressing, etc.), cutting, night, 1 a.m.",پیٹ — درد، کاٹتا ہوا، رات 1 بجے,1,1,یکساں
r1859,"PAIN, cutting, night, 2 a.m.","PAIN, aching, dull pain (See Boring, Drawing, Distress, Digging, Gnawing, Pressing, etc.), cutting, night, 2 a.m.",پیٹ — درد، کاٹتا ہوا، رات 2 بجے,2,2,یکساں
r1860,"PAIN, cutting, night, 3 a.m.","PAIN, aching, dull pain (See Boring, Drawing, Distress, Digging, Gnawing, Pressing, etc.), cutting, night, 3 a.m.",پیٹ — درد، کاٹتا ہوا، رات 3 بجے,1,1,یکساں
r1861,"PAIN, cutting, night, 4 a.m.","PAIN, aching, dull pain (See Boring, Drawing, Distress, Digging, Gnawing, Pressing, etc.), cutting, night, 4 a.m.",پیٹ — درد، کاٹتا ہوا، رات 4 بجے,2,2,یکساں
r1862,"PAIN, cutting, night, 5 a.m.","PAIN, aching, dull pain (See Boring, Drawing, Distress, Digging, Gnawing, Pressing, etc.), cutting, night, 5 a.m.",پیٹ — درد، کاٹتا ہوا، رات 5 بجے,2,2,یکساں
r1865,"PAIN, cutting, ascending, on","PAIN, aching, dull pain (See Boring, Drawing, Distress, Digging, Gnawing, Pressing, etc.), cutting, ascending, on",پیٹ — درد، کاٹتا ہوا، اوپر چڑھنے پر,1,1,یکساں
r1868,"PAIN, cutting, breakfast, after","PAIN, aching, dull pain (See Boring, Drawing, Distress, Digging, Gnawing, Pressing, etc.), cutting, breakfast, after",پیٹ — درد، کاٹتا ہوا، ناشتے کے بعد,6,6,یکساں
r1869,"PAIN, cutting, chill, before","PAIN, aching, dull pain (See Boring, Drawing, Distress, Digging, Gnawing, Pressing, etc.), cutting, chill, before",پیٹ — درد، کاٹتا ہوا، سردی لگنے سے پہلے,1,1,یکساں
r1870,"PAIN, cutting, cold, from a","PAIN, aching, dull pain (See Boring, Drawing, Distress, Digging, Gnawing, Pressing, etc.), cutting, cold, from a",پیٹ — درد، کاٹتا ہوا، ٹھنڈ لگنے سے,1,1,یکساں
r1873,"PAIN, cutting, coughing, on","PAIN, aching, dull pain (See Boring, Drawing, Distress, Digging, Gnawing, Pressing, etc.), cutting, coughing, on",پیٹ — درد، کاٹتا ہوا، کھانسنے پر,5,5,یکساں
r1874,"PAIN, cutting, dinner, before","PAIN, aching, dull pain (See Boring, Drawing, Distress, Digging, Gnawing, Pressing, etc.), cutting, dinner, before",پیٹ — درد، کاٹتا ہوا، دوپہر کے کھانے سے پہلے,2,2,یکساں
r1877,"PAIN, cutting, drawing in abdomen, on","PAIN, aching, dull pain (See Boring, Drawing, Distress, Digging, Gnawing, Pressing, etc.), cutting, drawing in abdomen, on",پیٹ — درد، کاٹتا ہوا، پیٹ اندر کھینچنے پر,1,1,یکساں
r1879,"PAIN, cutting, drinking, after","PAIN, aching, dull pain (See Boring, Drawing, Distress, Digging, Gnawing, Pressing, etc.), cutting, drinking, after",پیٹ — درد، کاٹتا ہوا، پینے کے بعد,4,4,یکساں
r1883,"PAIN, cutting, electric shock darting through the anus, like","PAIN, aching, dull pain (See Boring, Drawing, Distress, Digging, Gnawing, Pressing, etc.), cutting, electric shock darting through the anus, like",پیٹ — درد، کاٹتا ہوا، جیسے بجلی کا کرنٹ مقعد سے گزرے,1,1,یکساں
r1885,"PAIN, cutting, false labor pains, like","PAIN, aching, dull pain (See Boring, Drawing, Distress, Digging, Gnawing, Pressing, etc.), cutting, false labor pains, like",پیٹ — درد، کاٹتا ہوا، جیسے زچگی کے جھوٹے درد,1,1,یکساں
r1890,"PAIN, cutting, inspiration, on","PAIN, aching, dull pain (See Boring, Drawing, Distress, Digging, Gnawing, Pressing, etc.), cutting, inspiration, on",پیٹ — درد، کاٹتا ہوا، سانس اندر لینے پر,2,2,یکساں
r1891,"PAIN, cutting, labor, during","PAIN, aching, dull pain (See Boring, Drawing, Distress, Digging, Gnawing, Pressing, etc.), cutting, labor, during",پیٹ — درد، کاٹتا ہوا، زچگی کے دوران,2,2,یکساں
r1894,"PAIN, cutting, menses, before","PAIN, aching, dull pain (See Boring, Drawing, Distress, Digging, Gnawing, Pressing, etc.), cutting, menses, before",پیٹ — درد، کاٹتا ہوا، حیض سے پہلے,8,8,یکساں
r1901,"PAIN, cutting, milk, after","PAIN, aching, dull pain (See Boring, Drawing, Distress, Digging, Gnawing, Pressing, etc.), cutting, milk, after",پیٹ — درد، کاٹتا ہوا، دودھ کے بعد,1,1,یکساں
r1902,"PAIN, cutting, mortification, after","PAIN, aching, dull pain (See Boring, Drawing, Distress, Digging, Gnawing, Pressing, etc.), cutting, mortification, after",پیٹ — درد، کاٹتا ہوا، بے عزتی کے بعد,1,1,یکساں
r1906,"PAIN, cutting, pork, after","PAIN, aching, dull pain (See Boring, Drawing, Distress, Digging, Gnawing, Pressing, etc.), cutting, pork, after",پیٹ — درد، کاٹتا ہوا، سور کے گوشت کے بعد,1,1,یکساں
r1907,"PAIN, cutting, rising, after","PAIN, aching, dull pain (See Boring, Drawing, Distress, Digging, Gnawing, Pressing, etc.), cutting, rising, after",پیٹ — درد، کاٹتا ہوا، اٹھنے کے بعد,1,1,یکساں
r1910,"PAIN, cutting, standing, on","PAIN, aching, dull pain (See Boring, Drawing, Distress, Digging, Gnawing, Pressing, etc.), cutting, standing, on",پیٹ — درد، کاٹتا ہوا، کھڑے ہونے پر,2,2,یکساں
r1911,"PAIN, cutting, step, on every","PAIN, aching, dull pain (See Boring, Drawing, Distress, Digging, Gnawing, Pressing, etc.), cutting, step, on every",پیٹ — درد، کاٹتا ہوا، ہر قدم پر,2,2,یکساں
r1912,"PAIN, cutting, stool, before","PAIN, aching, dull pain (See Boring, Drawing, Distress, Digging, Gnawing, Pressing, etc.), cutting, stool, before",پیٹ — درد، کاٹتا ہوا، پاخانے سے پہلے,69,69,یکساں
r1919,"PAIN, cutting, stretching, on","PAIN, aching, dull pain (See Boring, Drawing, Distress, Digging, Gnawing, Pressing, etc.), cutting, stretching, on",پیٹ — درد، کاٹتا ہوا، تانی لینے پر,1,1,یکساں
r1920,"PAIN, cutting, supper, after","PAIN, aching, dull pain (See Boring, Drawing, Distress, Digging, Gnawing, Pressing, etc.), cutting, supper, after",پیٹ — درد، کاٹتا ہوا، رات کے کھانے کے بعد,3,3,یکساں
r1921,"PAIN, cutting, urination, before","PAIN, aching, dull pain (See Boring, Drawing, Distress, Digging, Gnawing, Pressing, etc.), cutting, urination, before",پیٹ — درد، کاٹتا ہوا، پیشاب سے پہلے,3,3,یکساں
r1924,"PAIN, cutting, vinegar, after","PAIN, aching, dull pain (See Boring, Drawing, Distress, Digging, Gnawing, Pressing, etc.), cutting, vinegar, after",پیٹ — درد، کاٹتا ہوا، سرکے کے بعد,1,1,یکساں
r1925,"PAIN, cutting, walking, while","PAIN, aching, dull pain (See Boring, Drawing, Distress, Digging, Gnawing, Pressing, etc.), cutting, walking, while",پیٹ — درد، کاٹتا ہوا، چلتے ہوئے,9,9,یکساں
r1928,"PAIN, cutting, warm milk, after","PAIN, aching, dull pain (See Boring, Drawing, Distress, Digging, Gnawing, Pressing, etc.), cutting, warm milk, after",پیٹ — درد، کاٹتا ہوا، گرم دودھ کے بعد,1,1,یکساں
r1940,"PAIN, cutting, hypochondria, left","PAIN, aching, dull pain (See Boring, Drawing, Distress, Digging, Gnawing, Pressing, etc.), cutting, Hypochondria, left",پیٹ — درد، کاٹتا ہوا، بائیں بغل کے نچلے حصے میں,5,5,یکساں
r1941,"PAIN, cutting, hypochondria, morning","PAIN, aching, dull pain (See Boring, Drawing, Distress, Digging, Gnawing, Pressing, etc.), cutting, Hypochondria, morning",پیٹ — درد، کاٹتا ہوا، بغل کے نچلے حصے میں، صبح,1,1,یکساں
r1942,"PAIN, cutting, hypochondria, afternoon","PAIN, aching, dull pain (See Boring, Drawing, Distress, Digging, Gnawing, Pressing, etc.), cutting, Hypochondria, afternoon",پیٹ — درد، کاٹتا ہوا، بغل کے نچلے حصے میں، سہ پہر,1,1,یکساں
r1943,"PAIN, cutting, hypochondria, night","PAIN, aching, dull pain (See Boring, Drawing, Distress, Digging, Gnawing, Pressing, etc.), cutting, Hypochondria, night",پیٹ — درد، کاٹتا ہوا، بغل کے نچلے حصے میں، رات,1,1,یکساں
r1944,"PAIN, cutting, hypochondria, coughing","PAIN, aching, dull pain (See Boring, Drawing, Distress, Digging, Gnawing, Pressing, etc.), cutting, Hypochondria, coughing",پیٹ — درد، کاٹتا ہوا، بغل کے نچلے حصے میں، کھانسنے سے,1,1,یکساں
r1945,"PAIN, cutting, hypochondria, motion","PAIN, aching, dull pain (See Boring, Drawing, Distress, Digging, Gnawing, Pressing, etc.), cutting, Hypochondria, motion",پیٹ — درد، کاٹتا ہوا، بغل کے نچلے حصے میں، حرکت سے,1,1,یکساں
r1947,"PAIN, cutting, hypochondria, sitting, bent, while","PAIN, aching, dull pain (See Boring, Drawing, Distress, Digging, Gnawing, Pressing, etc.), cutting, Hypochondria, sitting, while, bent, while",پیٹ — درد، کاٹتا ہوا، بغل کے نچلے حصے میں، جھک کر بیٹھنے سے,1,1,یکساں
r1948,"PAIN, cutting, hypochondria, stretching agg.","PAIN, aching, dull pain (See Boring, Drawing, Distress, Digging, Gnawing, Pressing, etc.), cutting, Hypochondria, stretching agg.",پیٹ — درد، کاٹتا ہوا، بغل کے نچلے حصے میں، تانی لینے سے بگاڑ,1,1,یکساں
r1949,"PAIN, cutting, hypochondria, walking rapidly","PAIN, aching, dull pain (See Boring, Drawing, Distress, Digging, Gnawing, Pressing, etc.), cutting, Hypochondria, walking rapidly",پیٹ — درد، کاٹتا ہوا، بغل کے نچلے حصے میں، تیز چلنے سے,1,1,یکساں
r1950,"PAIN, cutting, hypochondria, extending to back","PAIN, aching, dull pain (See Boring, Drawing, Distress, Digging, Gnawing, Pressing, etc.), cutting, Hypochondria, extending to back",پیٹ — درد، کاٹتا ہوا، بغل کے نچلے حصے میں، پیٹھ تک پھیلتا ہوا,1,1,یکساں
r1956,"PAIN, cutting, hypogastrium, lying amel.","PAIN, aching, dull pain (See Boring, Drawing, Distress, Digging, Gnawing, Pressing, etc.), cutting, Hypogastrium, lying amel.",پیٹ — درد، کاٹتا ہوا، ناف کے نیچے کے حصے میں، لیٹنے سے آرام,1,1,یکساں
r1961,"PAIN, cutting, hypogastrium, motion amel.","PAIN, aching, dull pain (See Boring, Drawing, Distress, Digging, Gnawing, Pressing, etc.), cutting, Hypogastrium, motion amel.",پیٹ — درد، کاٹتا ہوا، ناف کے نیچے کے حصے میں، حرکت سے آرام,1,1,یکساں
r1962,"PAIN, cutting, hypogastrium, sitting","PAIN, aching, dull pain (See Boring, Drawing, Distress, Digging, Gnawing, Pressing, etc.), cutting, Hypogastrium, sitting",پیٹ — درد، کاٹتا ہوا، ناف کے نیچے کے حصے میں، بیٹھنے سے,1,1,یکساں
r1963,"PAIN, cutting, hypogastrium, standing","PAIN, aching, dull pain (See Boring, Drawing, Distress, Digging, Gnawing, Pressing, etc.), cutting, Hypogastrium, standing",پیٹ — درد، کاٹتا ہوا، ناف کے نیچے کے حصے میں، کھڑے ہونے سے,1,1,یکساں
r1967,"PAIN, cutting, hypogastrium, extending to back","PAIN, aching, dull pain (See Boring, Drawing, Distress, Digging, Gnawing, Pressing, etc.), cutting, Hypogastrium, extending to back",پیٹ — درد، کاٹتا ہوا، ناف کے نیچے کے حصے میں، پیٹھ تک پھیلتا ہوا,1,1,یکساں
r1970,"PAIN, cutting, iliac region, extending into testicle","PAIN, aching, dull pain (See Boring, Drawing, Distress, Digging, Gnawing, Pressing, etc.), cutting, Iliac region, extending into testicle",پیٹ — درد، کاٹتا ہوا، کولھے کی طرف، خصیے تک پھیلتا ہوا,1,1,یکساں
r1973,"PAIN, cutting, ilium, morning","PAIN, aching, dull pain (See Boring, Drawing, Distress, Digging, Gnawing, Pressing, etc.), cutting, Ilium, morning",پیٹ — درد، کاٹتا ہوا، کولھے کی ہڈی، صبح,1,1,یکساں
r2009,"PAIN, cutting, umbilicus, forenoon","PAIN, aching, dull pain (See Boring, Drawing, Distress, Digging, Gnawing, Pressing, etc.), cutting, Umbilicus, forenoon",پیٹ — درد، کاٹتا ہوا، ناف میں، دوپہر سے پہلے,2,2,یکساں
r2010,"PAIN, cutting, umbilicus, afternoon","PAIN, aching, dull pain (See Boring, Drawing, Distress, Digging, Gnawing, Pressing, etc.), cutting, Umbilicus, afternoon",پیٹ — درد، کاٹتا ہوا، ناف میں، سہ پہر,1,1,یکساں
r2011,"PAIN, cutting, umbilicus, evening","PAIN, aching, dull pain (See Boring, Drawing, Distress, Digging, Gnawing, Pressing, etc.), cutting, Umbilicus, evening",پیٹ — درد، کاٹتا ہوا، ناف میں، شام,1,1,یکساں
r2012,"PAIN, cutting, umbilicus, night","PAIN, aching, dull pain (See Boring, Drawing, Distress, Digging, Gnawing, Pressing, etc.), cutting, Umbilicus, night",پیٹ — درد، کاٹتا ہوا، ناف میں، رات,1,1,یکساں
r2013,"PAIN, cutting, umbilicus, bending forward amel.","PAIN, aching, dull pain (See Boring, Drawing, Distress, Digging, Gnawing, Pressing, etc.), cutting, Umbilicus, bending forward amel.",پیٹ — درد، کاٹتا ہوا، ناف میں، آگے جھکنے سے آرام,3,3,یکساں
r2014,"PAIN, cutting, umbilicus, extending to back","PAIN, aching, dull pain (See Boring, Drawing, Distress, Digging, Gnawing, Pressing, etc.), cutting, Umbilicus, extending to back",پیٹ — درد، کاٹتا ہوا، ناف میں، پیٹھ تک پھیلتا ہوا,1,1,یکساں
r2047,"PAIN, cutting, umbilicus, region of, stool, after","PAIN, aching, dull pain (See Boring, Drawing, Distress, Digging, Gnawing, Pressing, etc.), cutting, Umbilicus, region of, stool, before, after",پیٹ — درد، کاٹتا ہوا، ناف کا علاقہ، پاخانے کے بعد,3,3,یکساں
r2077,"PAIN, dragging, stool, after, difficult, scanty, amel., after flatus","PAIN, aching, dull pain (See Boring, Drawing, Distress, Digging, Gnawing, Pressing, etc.), dragging, bearing down, stool, before, after, difficult, scanty, amel., after flatus",پیٹ — درد، نیچے کو کھینچنے والا، پاخانے کے بعد، مشکل، تھوڑے، کے بعد آرام، ریاح کے بعد,1,1,یکساں
r2112,"PAIN, drawing, chill, during","PAIN, aching, dull pain (See Boring, Drawing, Distress, Digging, Gnawing, Pressing, etc.), drawing, chill, during",پیٹ — درد، کھینچتا ہوا، سردی لگنے کے دوران,1,1,یکساں
r2113,"PAIN, drawing, dinner, after","PAIN, aching, dull pain (See Boring, Drawing, Distress, Digging, Gnawing, Pressing, etc.), drawing, dinner, after",پیٹ — درد، کھینچتا ہوا، دوپہر کے کھانے کے بعد,1,1,یکساں
r2114,"PAIN, drawing, drinking, after","PAIN, aching, dull pain (See Boring, Drawing, Distress, Digging, Gnawing, Pressing, etc.), drawing, drinking, after",پیٹ — درد، کھینچتا ہوا، پینے کے بعد,2,2,یکساں
r2116,"PAIN, drawing, eating, after","PAIN, aching, dull pain (See Boring, Drawing, Distress, Digging, Gnawing, Pressing, etc.), drawing, eating, after",پیٹ — درد، کھینچتا ہوا، کھانے کے بعد,1,1,یکساں
r2118,"PAIN, drawing, inspiration, during","PAIN, aching, dull pain (See Boring, Drawing, Distress, Digging, Gnawing, Pressing, etc.), drawing, inspiration, during",پیٹ — درد، کھینچتا ہوا، سانس اندر لینے کے دوران,1,1,یکساں
r2120,"PAIN, drawing, menses, before","PAIN, aching, dull pain (See Boring, Drawing, Distress, Digging, Gnawing, Pressing, etc.), drawing, menses, before",پیٹ — درد، کھینچتا ہوا، حیض سے پہلے,2,2,یکساں
r2126,"PAIN, drawing, sitting, while","PAIN, aching, dull pain (See Boring, Drawing, Distress, Digging, Gnawing, Pressing, etc.), drawing, sitting, while",پیٹ — درد، کھینچتا ہوا، بیٹھے ہوئے,2,2,یکساں
r2128,"PAIN, drawing, stool, before","PAIN, aching, dull pain (See Boring, Drawing, Distress, Digging, Gnawing, Pressing, etc.), drawing, stool, before",پیٹ — درد، کھینچتا ہوا، پاخانے سے پہلے,3,3,یکساں
r2131,"PAIN, drawing, supper, after","PAIN, aching, dull pain (See Boring, Drawing, Distress, Digging, Gnawing, Pressing, etc.), drawing, supper, after",پیٹ — درد، کھینچتا ہوا، رات کے کھانے کے بعد,1,1,یکساں
r2136,"PAIN, drawing, hypochondria, right","PAIN, aching, dull pain (See Boring, Drawing, Distress, Digging, Gnawing, Pressing, etc.), drawing, Hypochondria, right",پیٹ — درد، کھینچتا ہوا، دائیں بغل کے نچلے حصے میں,9,9,یکساں
r2137,"PAIN, drawing, hypochondria, left","PAIN, aching, dull pain (See Boring, Drawing, Distress, Digging, Gnawing, Pressing, etc.), drawing, Hypochondria, left",پیٹ — درد، کھینچتا ہوا، بائیں بغل کے نچلے حصے میں,6,6,یکساں
r2139,"PAIN, drawing, hypochondria, morning","PAIN, aching, dull pain (See Boring, Drawing, Distress, Digging, Gnawing, Pressing, etc.), drawing, Hypochondria, morning",پیٹ — درد، کھینچتا ہوا، بغل کے نچلے حصے میں، صبح,1,1,یکساں
r2140,"PAIN, drawing, hypochondria, forenoon","PAIN, aching, dull pain (See Boring, Drawing, Distress, Digging, Gnawing, Pressing, etc.), drawing, Hypochondria, forenoon",پیٹ — درد، کھینچتا ہوا، بغل کے نچلے حصے میں، دوپہر سے پہلے,1,1,یکساں
r2141,"PAIN, drawing, hypochondria, evening","PAIN, aching, dull pain (See Boring, Drawing, Distress, Digging, Gnawing, Pressing, etc.), drawing, Hypochondria, evening",پیٹ — درد، کھینچتا ہوا، بغل کے نچلے حصے میں، شام,1,1,یکساں
r2142,"PAIN, drawing, hypochondria, night","PAIN, aching, dull pain (See Boring, Drawing, Distress, Digging, Gnawing, Pressing, etc.), drawing, Hypochondria, night",پیٹ — درد، کھینچتا ہوا، بغل کے نچلے حصے میں، رات,1,1,یکساں
r2144,"PAIN, drawing, hypochondria, walking","PAIN, aching, dull pain (See Boring, Drawing, Distress, Digging, Gnawing, Pressing, etc.), drawing, Hypochondria, walking",پیٹ — درد، کھینچتا ہوا، بغل کے نچلے حصے میں، چلنے سے,1,1,یکساں
r2145,"PAIN, drawing, hypochondria, extending downward","PAIN, aching, dull pain (See Boring, Drawing, Distress, Digging, Gnawing, Pressing, etc.), drawing, Hypochondria, extending downward",پیٹ — درد، کھینچتا ہوا، بغل کے نچلے حصے میں، نیچے کی طرف پھیلتا ہوا,1,1,یکساں
r2153,"PAIN, drawing, ilium, crest","PAIN, aching, dull pain (See Boring, Drawing, Distress, Digging, Gnawing, Pressing, etc.), drawing, Ilium, crest",پیٹ — درد، کھینچتا ہوا، کولھے کی ہڈی کا کنارہ,3,3,یکساں
r2156,"PAIN, drawing, inguinal region, right","PAIN, aching, dull pain (See Boring, Drawing, Distress, Digging, Gnawing, Pressing, etc.), drawing, Inguinal region, right",پیٹ — درد، کھینچتا ہوا، دائیں کچھوں کا علاقہ,8,8,یکساں
r2159,"PAIN, drawing, inguinal region, noon","PAIN, aching, dull pain (See Boring, Drawing, Distress, Digging, Gnawing, Pressing, etc.), drawing, Inguinal region, noon",پیٹ — درد، کھینچتا ہوا، کچھوں کا علاقہ، دوپہر,1,1,یکساں
r2160,"PAIN, drawing, inguinal region, evening","PAIN, aching, dull pain (See Boring, Drawing, Distress, Digging, Gnawing, Pressing, etc.), drawing, Inguinal region, evening",پیٹ — درد، کھینچتا ہوا، کچھوں کا علاقہ، شام,1,1,یکساں
r2161,"PAIN, drawing, inguinal region, alternating with prickling","PAIN, aching, dull pain (See Boring, Drawing, Distress, Digging, Gnawing, Pressing, etc.), drawing, Inguinal region, alternating with prickling",پیٹ — درد، کھینچتا ہوا، کچھوں کا علاقہ، سوئی جیسی چبھن کے ساتھ باری باری,1,1,یکساں
r2162,"PAIN, drawing, inguinal region, convulsive","PAIN, aching, dull pain (See Boring, Drawing, Distress, Digging, Gnawing, Pressing, etc.), drawing, Inguinal region, convulsive",پیٹ — درد، کھینچتا ہوا، کچھوں کا علاقہ، تشنج کے ساتھ,1,1,یکساں
r2165,"PAIN, drawing, inguinal region, periodical","PAIN, aching, dull pain (See Boring, Drawing, Distress, Digging, Gnawing, Pressing, etc.), drawing, Inguinal region, periodical",پیٹ — درد، کھینچتا ہوا، کچھوں کا علاقہ، وقفے وقفے سے,1,1,یکساں
r2167,"PAIN, drawing, inguinal region, spasmodic","PAIN, aching, dull pain (See Boring, Drawing, Distress, Digging, Gnawing, Pressing, etc.), drawing, Inguinal region, spasmodic",پیٹ — درد، کھینچتا ہوا، کچھوں کا علاقہ، تشنجی,2,2,یکساں
r2168,"PAIN, drawing, inguinal region, standing","PAIN, aching, dull pain (See Boring, Drawing, Distress, Digging, Gnawing, Pressing, etc.), drawing, Inguinal region, standing",پیٹ — درد، کھینچتا ہوا، کچھوں کا علاقہ، کھڑے ہونے سے,1,1,یکساں
r2172,"PAIN, drawing, inguinal region, walking","PAIN, aching, dull pain (See Boring, Drawing, Distress, Digging, Gnawing, Pressing, etc.), drawing, Inguinal region, walking",پیٹ — درد، کھینچتا ہوا، کچھوں کا علاقہ، چلنے سے,3,3,یکساں
r2173,"PAIN, drawing, inguinal region, extending around pelvis","PAIN, aching, dull pain (See Boring, Drawing, Distress, Digging, Gnawing, Pressing, etc.), drawing, Inguinal region, extending around pelvis",پیٹ — درد، کھینچتا ہوا، کچھوں کا علاقہ، کولھے کے گرد پھیلتا ہوا,1,1,یکساں
r2180,"PAIN, drawing, sides, right","PAIN, aching, dull pain (See Boring, Drawing, Distress, Digging, Gnawing, Pressing, etc.), drawing, Sides, right",پیٹ — درد، کھینچتا ہوا، دائیں پہلو میں,1,1,یکساں
r2181,"PAIN, drawing, sides, morning","PAIN, aching, dull pain (See Boring, Drawing, Distress, Digging, Gnawing, Pressing, etc.), drawing, Sides, morning",پیٹ — درد، کھینچتا ہوا، پہلوؤں میں، صبح,1,1,یکساں
r2182,"PAIN, drawing, sides, standing","PAIN, aching, dull pain (See Boring, Drawing, Distress, Digging, Gnawing, Pressing, etc.), drawing, Sides, standing",پیٹ — درد، کھینچتا ہوا، پہلوؤں میں، کھڑے ہونے سے,1,1,یکساں
r2183,"PAIN, drawing, sides, walking","PAIN, aching, dull pain (See Boring, Drawing, Distress, Digging, Gnawing, Pressing, etc.), drawing, Sides, walking",پیٹ — درد، کھینچتا ہوا، پہلوؤں میں، چلنے سے,1,1,یکساں
r2186,"PAIN, drawing, umbilicus, morning","PAIN, aching, dull pain (See Boring, Drawing, Distress, Digging, Gnawing, Pressing, etc.), drawing, Umbilicus, morning",پیٹ — درد، کھینچتا ہوا، ناف میں، صبح,1,1,یکساں
r2190,"PAIN, drawing, umbilicus, walking amel.","PAIN, aching, dull pain (See Boring, Drawing, Distress, Digging, Gnawing, Pressing, etc.), drawing, Umbilicus, walking amel.",پیٹ — درد، کھینچتا ہوا، ناف میں، چلنے سے آرام,1,1,یکساں
r2191,"PAIN, drawing, umbilicus, extending to vagina","PAIN, aching, dull pain (See Boring, Drawing, Distress, Digging, Gnawing, Pressing, etc.), drawing, Umbilicus, extending to vagina",پیٹ — درد، کھینچتا ہوا، ناف میں، شرمگاہ تک پھیلتا ہوا,1,1,یکساں
r2193,"PAIN, gnawing, bend forward, obliging to","PAIN, aching, dull pain (See Boring, Drawing, Distress, Digging, Gnawing, Pressing, etc.), gnawing, bend forward, obliging to",پیٹ — درد، کترتا ہوا، آگے جھکنے پر مجبور کرے,1,1,یکساں
r2195,"PAIN, gnawing, colon, transverse","PAIN, aching, dull pain (See Boring, Drawing, Distress, Digging, Gnawing, Pressing, etc.), gnawing, Colon, transverse",پیٹ — درد، کترتا ہوا، بڑی آنت کے آڑے حصے میں,1,1,یکساں
r2198,"PAIN, gnawing, hypogastrium, right","PAIN, aching, dull pain (See Boring, Drawing, Distress, Digging, Gnawing, Pressing, etc.), gnawing, Hypogastrium, right",پیٹ — درد، کترتا ہوا، ناف کے نیچے کے حصے میں، دائیں طرف,1,1,یکساں
r2200,"PAIN, gnawing, umbilicus, region of","PAIN, aching, dull pain (See Boring, Drawing, Distress, Digging, Gnawing, Pressing, etc.), gnawing, Umbilicus, region of",پیٹ — درد، کترتا ہوا، ناف کا علاقہ,1,1,یکساں
r2211,"PAIN, lancinating, hypochondria, right","PAIN, aching, dull pain (See Boring, Drawing, Distress, Digging, Gnawing, Pressing, etc.), lancinating, Hypochondria, right",پیٹ — درد، نشتر جیسا، دائیں بغل کے نچلے حصے میں,5,5,یکساں
r2212,"PAIN, lancinating, hypochondria, left","PAIN, aching, dull pain (See Boring, Drawing, Distress, Digging, Gnawing, Pressing, etc.), lancinating, Hypochondria, left",پیٹ — درد، نشتر جیسا، بائیں بغل کے نچلے حصے میں,1,1,یکساں
r2213,"PAIN, lancinating, hypochondria, doubling up amel.","PAIN, aching, dull pain (See Boring, Drawing, Distress, Digging, Gnawing, Pressing, etc.), lancinating, Hypochondria, doubling up amel.",پیٹ — درد، نشتر جیسا، بغل کے نچلے حصے میں، دہرا ہونے سے آرام,1,1,یکساں
r2214,"PAIN, lancinating, hypochondria, lying on painful side agg.","PAIN, aching, dull pain (See Boring, Drawing, Distress, Digging, Gnawing, Pressing, etc.), lancinating, Hypochondria, lying on painful side agg.",پیٹ — درد، نشتر جیسا، بغل کے نچلے حصے میں، درد والی طرف لیٹنے سے بگاڑ,1,1,یکساں
r2216,"PAIN, lancinating, hypochondria, motion agg.","PAIN, aching, dull pain (See Boring, Drawing, Distress, Digging, Gnawing, Pressing, etc.), lancinating, Hypochondria, motion agg.",پیٹ — درد، نشتر جیسا، بغل کے نچلے حصے میں، حرکت سے بگاڑ,1,1,یکساں
r2217,"PAIN, lancinating, hypochondria, sitting agg.","PAIN, aching, dull pain (See Boring, Drawing, Distress, Digging, Gnawing, Pressing, etc.), lancinating, Hypochondria, sitting agg.",پیٹ — درد، نشتر جیسا، بغل کے نچلے حصے میں، بیٹھنے سے بگاڑ,1,1,یکساں
r2218,"PAIN, lancinating, hypochondria, walking amel.","PAIN, aching, dull pain (See Boring, Drawing, Distress, Digging, Gnawing, Pressing, etc.), lancinating, Hypochondria, walking amel.",پیٹ — درد، نشتر جیسا، بغل کے نچلے حصے میں، چلنے سے آرام,1,1,یکساں
r2219,"PAIN, lancinating, hypochondria, extending to ilium","PAIN, aching, dull pain (See Boring, Drawing, Distress, Digging, Gnawing, Pressing, etc.), lancinating, Hypochondria, extending to ilium",پیٹ — درد، نشتر جیسا، بغل کے نچلے حصے میں، کولھے کی ہڈی تک پھیلتا ہوا,1,1,یکساں
r2226,"PAIN, lancinating, sides, right","PAIN, aching, dull pain (See Boring, Drawing, Distress, Digging, Gnawing, Pressing, etc.), lancinating, Sides, right",پیٹ — درد، نشتر جیسا، دائیں پہلو میں,1,1,یکساں
r2229,"PAIN, lancinating, umbilicus, extending to uterus","PAIN, aching, dull pain (See Boring, Drawing, Distress, Digging, Gnawing, Pressing, etc.), lancinating, Umbilicus, extending to uterus",پیٹ — درد، نشتر جیسا، ناف میں، رحم تک پھیلتا ہوا,1,1,یکساں
r2234,"PAIN, pressing, morning, 9 a.m.","PAIN, aching, dull pain (See Boring, Drawing, Distress, Digging, Gnawing, Pressing, etc.), pressing, morning, 9 a.m.",پیٹ — درد، دبانے والا، صبح 9 بجے,1,1,یکساں
r2237,"PAIN, pressing, afternoon, 5 p.m.","PAIN, aching, dull pain (See Boring, Drawing, Distress, Digging, Gnawing, Pressing, etc.), pressing, afternoon, 5 p.m.",پیٹ — درد، دبانے والا، سہ پہر 5 بجے,1,1,یکساں
r2243,"PAIN, pressing, breakfast, after","PAIN, aching, dull pain (See Boring, Drawing, Distress, Digging, Gnawing, Pressing, etc.), pressing, breakfast, after",پیٹ — درد، دبانے والا، ناشتے کے بعد,1,1,یکساں
r2244,"PAIN, pressing, dinner, before","PAIN, aching, dull pain (See Boring, Drawing, Distress, Digging, Gnawing, Pressing, etc.), pressing, dinner, before",پیٹ — درد، دبانے والا، دوپہر کے کھانے سے پہلے,1,1,یکساں
r2246,"PAIN, pressing, drinking, after","PAIN, aching, dull pain (See Boring, Drawing, Distress, Digging, Gnawing, Pressing, etc.), pressing, drinking, after",پیٹ — درد، دبانے والا، پینے کے بعد,2,2,یکساں
r2247,"PAIN, pressing, eating, after","PAIN, aching, dull pain (See Boring, Drawing, Distress, Digging, Gnawing, Pressing, etc.), pressing, eating, after",پیٹ — درد، دبانے والا، کھانے کے بعد,13,13,یکساں
r2249,"PAIN, pressing, exertion, on","PAIN, aching, dull pain (See Boring, Drawing, Distress, Digging, Gnawing, Pressing, etc.), pressing, exertion, on",پیٹ — درد، دبانے والا، مشقت پر,2,2,یکساں
r2254,"PAIN, pressing, menses, before","PAIN, aching, dull pain (See Boring, Drawing, Distress, Digging, Gnawing, Pressing, etc.), pressing, menses, before",پیٹ — درد، دبانے والا، حیض سے پہلے,2,2,یکساں
r2257,"PAIN, pressing, motion, on","PAIN, aching, dull pain (See Boring, Drawing, Distress, Digging, Gnawing, Pressing, etc.), pressing, motion, on",پیٹ — درد، دبانے والا، حرکت پر,1,1,یکساں
r2258,"PAIN, pressing, peaches, after","PAIN, aching, dull pain (See Boring, Drawing, Distress, Digging, Gnawing, Pressing, etc.), pressing, peaches, after",پیٹ — درد، دبانے والا، آڑو کے بعد,1,1,یکساں
r2261,"PAIN, pressing, stone, as from","PAIN, aching, dull pain (See Boring, Drawing, Distress, Digging, Gnawing, Pressing, etc.), pressing, stone, as from",پیٹ — درد، دبانے والا، جیسے پتھر سے,4,4,یکساں
r2262,"PAIN, pressing, stool, before","PAIN, aching, dull pain (See Boring, Drawing, Distress, Digging, Gnawing, Pressing, etc.), pressing, stool, before",پیٹ — درد، دبانے والا، پاخانے سے پہلے,2,2,یکساں
r2267,"PAIN, pressing, urination, during","PAIN, aching, dull pain (See Boring, Drawing, Distress, Digging, Gnawing, Pressing, etc.), pressing, urination, during",پیٹ — درد، دبانے والا، پیشاب کے دوران,2,2,یکساں
r2270,"PAIN, pressing, walking, while","PAIN, aching, dull pain (See Boring, Drawing, Distress, Digging, Gnawing, Pressing, etc.), pressing, walking, while",پیٹ — درد، دبانے والا، چلتے ہوئے,1,1,یکساں
r2280,"PAIN, pressing, hypochondria, right","PAIN, aching, dull pain (See Boring, Drawing, Distress, Digging, Gnawing, Pressing, etc.), pressing, Hypochondria, right",پیٹ — درد، دبانے والا، دائیں بغل کے نچلے حصے میں,35,35,یکساں
r2282,"PAIN, pressing, hypochondria, left","PAIN, aching, dull pain (See Boring, Drawing, Distress, Digging, Gnawing, Pressing, etc.), pressing, Hypochondria, left",پیٹ — درد، دبانے والا، بائیں بغل کے نچلے حصے میں,13,13,یکساں
r2283,"PAIN, pressing, hypochondria, morning","PAIN, aching, dull pain (See Boring, Drawing, Distress, Digging, Gnawing, Pressing, etc.), pressing, Hypochondria, morning",پیٹ — درد، دبانے والا، بغل کے نچلے حصے میں، صبح,2,2,یکساں
r2284,"PAIN, pressing, hypochondria, forenoon","PAIN, aching, dull pain (See Boring, Drawing, Distress, Digging, Gnawing, Pressing, etc.), pressing, Hypochondria, forenoon",پیٹ — درد، دبانے والا، بغل کے نچلے حصے میں، دوپہر سے پہلے,1,1,یکساں
r2285,"PAIN, pressing, hypochondria, afternoon","PAIN, aching, dull pain (See Boring, Drawing, Distress, Digging, Gnawing, Pressing, etc.), pressing, Hypochondria, afternoon",پیٹ — درد، دبانے والا، بغل کے نچلے حصے میں، سہ پہر,1,1,یکساں
r2286,"PAIN, pressing, hypochondria, evening","PAIN, aching, dull pain (See Boring, Drawing, Distress, Digging, Gnawing, Pressing, etc.), pressing, Hypochondria, evening",پیٹ — درد، دبانے والا، بغل کے نچلے حصے میں، شام,4,4,یکساں
r2307,"PAIN, pressing, hypochondria, stooping","PAIN, aching, dull pain (See Boring, Drawing, Distress, Digging, Gnawing, Pressing, etc.), pressing, Hypochondria, stooping",پیٹ — درد، دبانے والا، بغل کے نچلے حصے میں، جھکنے سے,1,1,یکساں
r2309,"PAIN, pressing, hypochondria, walking, open air, in","PAIN, aching, dull pain (See Boring, Drawing, Distress, Digging, Gnawing, Pressing, etc.), pressing, Hypochondria, walking, while, open air, in",پیٹ — درد، دبانے والا، بغل کے نچلے حصے میں، کھلی ہوا میں چلنے سے,1,1,یکساں
r2311,"PAIN, pressing, hypochondria, extending to abdomen","PAIN, aching, dull pain (See Boring, Drawing, Distress, Digging, Gnawing, Pressing, etc.), pressing, Hypochondria, extending to abdomen",پیٹ — درد، دبانے والا، بغل کے نچلے حصے میں، پیٹ تک پھیلتا ہوا,1,1,یکساں
r2321,"PAIN, pressing, hypogastrium, forenoon","PAIN, aching, dull pain (See Boring, Drawing, Distress, Digging, Gnawing, Pressing, etc.), pressing, Hypogastrium, forenoon",پیٹ — درد، دبانے والا، ناف کے نیچے کے حصے میں، دوپہر سے پہلے,1,1,یکساں
r2322,"PAIN, pressing, hypogastrium, noon","PAIN, aching, dull pain (See Boring, Drawing, Distress, Digging, Gnawing, Pressing, etc.), pressing, Hypogastrium, noon",پیٹ — درد، دبانے والا، ناف کے نیچے کے حصے میں، دوپہر,1,1,یکساں
r2323,"PAIN, pressing, hypogastrium, evening","PAIN, aching, dull pain (See Boring, Drawing, Distress, Digging, Gnawing, Pressing, etc.), pressing, Hypogastrium, evening",پیٹ — درد، دبانے والا، ناف کے نیچے کے حصے میں، شام,1,1,یکساں
r2328,"PAIN, pressing, hypogastrium, downward","PAIN, aching, dull pain (See Boring, Drawing, Distress, Digging, Gnawing, Pressing, etc.), pressing, Hypogastrium, downward",پیٹ — درد، دبانے والا، ناف کے نیچے کے حصے میں، نیچے کی طرف,9,9,یکساں
r2337,"PAIN, pressing, hypogastrium, motion amel.","PAIN, aching, dull pain (See Boring, Drawing, Distress, Digging, Gnawing, Pressing, etc.), pressing, Hypogastrium, motion amel.",پیٹ — درد، دبانے والا، ناف کے نیچے کے حصے میں، حرکت سے آرام,1,1,یکساں
r2338,"PAIN, pressing, hypogastrium, outwards","PAIN, aching, dull pain (See Boring, Drawing, Distress, Digging, Gnawing, Pressing, etc.), pressing, Hypogastrium, outwards",پیٹ — درد، دبانے والا، ناف کے نیچے کے حصے میں، باہر کی طرف,9,9,یکساں
r2339,"PAIN, pressing, hypogastrium, paroxysmal","PAIN, aching, dull pain (See Boring, Drawing, Distress, Digging, Gnawing, Pressing, etc.), pressing, Hypogastrium, paroxysmal",پیٹ — درد، دبانے والا، ناف کے نیچے کے حصے میں، دوروں کی شکل میں,1,1,یکساں
r2352,"PAIN, pressing, hypogastrium, walking, bent, compelled to","PAIN, aching, dull pain (See Boring, Drawing, Distress, Digging, Gnawing, Pressing, etc.), pressing, Hypogastrium, walking, while, bent, compelled to",پیٹ — درد، دبانے والا، ناف کے نیچے کے حصے میں، جھک کر چلنا پڑے,1,1,یکساں
r2356,"PAIN, pressing, inguinal region, right","PAIN, aching, dull pain (See Boring, Drawing, Distress, Digging, Gnawing, Pressing, etc.), pressing, Inguinal region, right",پیٹ — درد، دبانے والا، دائیں کچھوں کا علاقہ,6,6,یکساں
r2357,"PAIN, pressing, inguinal region, left","PAIN, aching, dull pain (See Boring, Drawing, Distress, Digging, Gnawing, Pressing, etc.), pressing, Inguinal region, left",پیٹ — درد، دبانے والا، بائیں کچھوں کا علاقہ,5,5,یکساں
r2358,"PAIN, pressing, inguinal region, morning","PAIN, aching, dull pain (See Boring, Drawing, Distress, Digging, Gnawing, Pressing, etc.), pressing, Inguinal region, morning",پیٹ — درد، دبانے والا، کچھوں کا علاقہ، صبح,1,1,یکساں
r2359,"PAIN, pressing, inguinal region, afternoon","PAIN, aching, dull pain (See Boring, Drawing, Distress, Digging, Gnawing, Pressing, etc.), pressing, Inguinal region, afternoon",پیٹ — درد، دبانے والا، کچھوں کا علاقہ، سہ پہر,1,1,یکساں
r2361,"PAIN, pressing, inguinal region, evening","PAIN, aching, dull pain (See Boring, Drawing, Distress, Digging, Gnawing, Pressing, etc.), pressing, Inguinal region, evening",پیٹ — درد، دبانے والا، کچھوں کا علاقہ، شام,1,1,یکساں
r2362,"PAIN, pressing, inguinal region, downward","PAIN, aching, dull pain (See Boring, Drawing, Distress, Digging, Gnawing, Pressing, etc.), pressing, Inguinal region, downward",پیٹ — درد، دبانے والا، کچھوں کا علاقہ، نیچے کی طرف,1,1,یکساں
r2363,"PAIN, pressing, inguinal region, drawing up leg amel.","PAIN, aching, dull pain (See Boring, Drawing, Distress, Digging, Gnawing, Pressing, etc.), pressing, Inguinal region, drawing up leg amel.",پیٹ — درد، دبانے والا، کچھوں کا علاقہ، ٹانگ سمیٹنے سے آرام,1,1,یکساں
r2366,"PAIN, pressing, inguinal region, outward","PAIN, aching, dull pain (See Boring, Drawing, Distress, Digging, Gnawing, Pressing, etc.), pressing, Inguinal region, outward",پیٹ — درد، دبانے والا، کچھوں کا علاقہ، باہر کی طرف,16,16,یکساں
r2373,"PAIN, pressing, inguinal region, touch agg.","PAIN, aching, dull pain (See Boring, Drawing, Distress, Digging, Gnawing, Pressing, etc.), pressing, Inguinal region, touch agg.",پیٹ — درد، دبانے والا، کچھوں کا علاقہ، چھونے سے بگاڑ,1,1,یکساں
r2375,"PAIN, pressing, inguinal region, extending to genitals","PAIN, aching, dull pain (See Boring, Drawing, Distress, Digging, Gnawing, Pressing, etc.), pressing, Inguinal region, extending to genitals",پیٹ — درد، دبانے والا، کچھوں کا علاقہ، شرمگاہ تک پھیلتا ہوا,2,2,یکساں
r2378,"PAIN, pressing, sides, right","PAIN, aching, dull pain (See Boring, Drawing, Distress, Digging, Gnawing, Pressing, etc.), pressing, Sides, right",پیٹ — درد، دبانے والا، دائیں پہلو میں,9,9,یکساں
r2379,"PAIN, pressing, sides, lying on right side","PAIN, aching, dull pain (See Boring, Drawing, Distress, Digging, Gnawing, Pressing, etc.), pressing, Sides, lying on right side",پیٹ — درد، دبانے والا، پہلوؤں میں، دائیں کروٹ لیٹنے سے,1,1,یکساں
r2380,"PAIN, pressing, sides, left","PAIN, aching, dull pain (See Boring, Drawing, Distress, Digging, Gnawing, Pressing, etc.), pressing, Sides, left",پیٹ — درد، دبانے والا، بائیں پہلو میں,12,12,یکساں
r2381,"PAIN, pressing, sides, morning","PAIN, aching, dull pain (See Boring, Drawing, Distress, Digging, Gnawing, Pressing, etc.), pressing, Sides, morning",پیٹ — درد، دبانے والا، پہلوؤں میں، صبح,1,1,یکساں
r2382,"PAIN, pressing, sides, evening","PAIN, aching, dull pain (See Boring, Drawing, Distress, Digging, Gnawing, Pressing, etc.), pressing, Sides, evening",پیٹ — درد، دبانے والا، پہلوؤں میں، شام,1,1,یکساں
r2387,"PAIN, pressing, sides, kneading amel.","PAIN, aching, dull pain (See Boring, Drawing, Distress, Digging, Gnawing, Pressing, etc.), pressing, Sides, kneading amel.",پیٹ — درد، دبانے والا، پہلوؤں میں، مالش سے آرام,1,1,یکساں
r2390,"PAIN, pressing, sides, outward","PAIN, aching, dull pain (See Boring, Drawing, Distress, Digging, Gnawing, Pressing, etc.), pressing, Sides, outward",پیٹ — درد، دبانے والا، پہلوؤں میں، باہر کی طرف,3,3,یکساں
r2391,"PAIN, pressing, sides, periodic","PAIN, aching, dull pain (See Boring, Drawing, Distress, Digging, Gnawing, Pressing, etc.), pressing, Sides, periodic",پیٹ — درد، دبانے والا، پہلوؤں میں، وقفے وقفے سے,1,1,یکساں
r2394,"PAIN, pressing, sides, stooping","PAIN, aching, dull pain (See Boring, Drawing, Distress, Digging, Gnawing, Pressing, etc.), pressing, Sides, stooping",پیٹ — درد، دبانے والا، پہلوؤں میں، جھکنے سے,1,1,یکساں
r2396,"PAIN, pressing, sides, extending to navel","PAIN, aching, dull pain (See Boring, Drawing, Distress, Digging, Gnawing, Pressing, etc.), pressing, Sides, extending to navel",پیٹ — درد، دبانے والا، پہلوؤں میں، ناف تک پھیلتا ہوا,1,1,یکساں
r2399,"PAIN, pressing, spleen, lying on left side","PAIN, aching, dull pain (See Boring, Drawing, Distress, Digging, Gnawing, Pressing, etc.), pressing, Spleen, lying on left side",پیٹ — درد، دبانے والا، تلی میں، بائیں کروٹ لیٹنے سے,1,1,یکساں
r2521,"PAIN, stitching, night, midnight, waking, on","PAIN, aching, dull pain (See Boring, Drawing, Distress, Digging, Gnawing, Pressing, etc.), stitching (sticking, etc.), night, midnight, waking, on",پیٹ — درد، چبھتا ہوا، رات، آدھی رات، جاگنے پر,1,1,یکساں
r2591,"PAIN, stitching, hypochondria, morning, bed, in","PAIN, aching, dull pain (See Boring, Drawing, Distress, Digging, Gnawing, Pressing, etc.), stitching (sticking, etc.), Hypochondria, morning, bed, in",پیٹ — درد، چبھتا ہوا، بغل کے نچلے حصے میں، صبح، بستر میں,1,1,یکساں
r2683,"PAIN, stitching, ilium, crest of, inspiration, on","PAIN, aching, dull pain (See Boring, Drawing, Distress, Digging, Gnawing, Pressing, etc.), stitching (sticking, etc.), Ilium, crest of, inspiration, on",پیٹ — درد، چبھتا ہوا، کولھے کی ہڈی کا کنارہ، سانس اندر لینے پر,1,1,یکساں
r2684,"PAIN, stitching, ilium, crest of, walking, while","PAIN, aching, dull pain (See Boring, Drawing, Distress, Digging, Gnawing, Pressing, etc.), stitching (sticking, etc.), Ilium, crest of, walking, while",پیٹ — درد، چبھتا ہوا، کولھے کی ہڈی کا کنارہ، چلتے ہوئے,1,1,یکساں
r2817,"PAIN, stitching, umbilicus, inspiration, deep, on","PAIN, aching, dull pain (See Boring, Drawing, Distress, Digging, Gnawing, Pressing, etc.), stitching (sticking, etc.), Umbilicus, inspiration, deep, on",پیٹ — درد، چبھتا ہوا، ناف میں، گہری سانس اندر لینے پر,3,3,یکساں
r2833,"PAIN, stitching, umbilicus, region of, eating, after","PAIN, aching, dull pain (See Boring, Drawing, Distress, Digging, Gnawing, Pressing, etc.), stitching (sticking, etc.), Umbilicus, region of, eating, after",پیٹ — درد، چبھتا ہوا، ناف کا علاقہ، کھانے کے بعد,1,1,یکساں
r2845,"PAIN, tearing, eating, while","PAIN, aching, dull pain (See Boring, Drawing, Distress, Digging, Gnawing, Pressing, etc.), tearing, eating, while",پیٹ — درد، چیرتا ہوا، کھاتے ہوئے,1,1,یکساں
r2847,"PAIN, tearing, hiccough, on","PAIN, aching, dull pain (See Boring, Drawing, Distress, Digging, Gnawing, Pressing, etc.), tearing, hiccough, on",پیٹ — درد، چیرتا ہوا، ہچکی لگنے پر,1,1,یکساں
r2848,"PAIN, tearing, hunger, during","PAIN, aching, dull pain (See Boring, Drawing, Distress, Digging, Gnawing, Pressing, etc.), tearing, hunger, during",پیٹ — درد، چیرتا ہوا، بھوک کے دوران,1,1,یکساں
r2849,"PAIN, tearing, inspiration, on","PAIN, aching, dull pain (See Boring, Drawing, Distress, Digging, Gnawing, Pressing, etc.), tearing, inspiration, on",پیٹ — درد، چیرتا ہوا، سانس اندر لینے پر,1,1,یکساں
r2850,"PAIN, tearing, menses, before","PAIN, aching, dull pain (See Boring, Drawing, Distress, Digging, Gnawing, Pressing, etc.), tearing, menses, before",پیٹ — درد، چیرتا ہوا، حیض سے پہلے,3,3,یکساں
r2852,"PAIN, tearing, motion, during","PAIN, aching, dull pain (See Boring, Drawing, Distress, Digging, Gnawing, Pressing, etc.), tearing, motion, during",پیٹ — درد، چیرتا ہوا، حرکت کے دوران,2,2,یکساں
r2857,"PAIN, tearing, step, at every","PAIN, aching, dull pain (See Boring, Drawing, Distress, Digging, Gnawing, Pressing, etc.), tearing, step, at every",پیٹ — درد، چیرتا ہوا، ہر قدم پر,1,1,یکساں
r2858,"PAIN, tearing, stool, before","PAIN, aching, dull pain (See Boring, Drawing, Distress, Digging, Gnawing, Pressing, etc.), tearing, stool, before",پیٹ — درد، چیرتا ہوا، پاخانے سے پہلے,2,2,یکساں
r2869,"PAIN, tearing, hypochondria, right","PAIN, aching, dull pain (See Boring, Drawing, Distress, Digging, Gnawing, Pressing, etc.), tearing, Hypochondria, right",پیٹ — درد، چیرتا ہوا، دائیں بغل کے نچلے حصے میں,4,4,یکساں
r2870,"PAIN, tearing, hypochondria, left","PAIN, aching, dull pain (See Boring, Drawing, Distress, Digging, Gnawing, Pressing, etc.), tearing, Hypochondria, left",پیٹ — درد، چیرتا ہوا، بائیں بغل کے نچلے حصے میں,4,4,یکساں
r2871,"PAIN, tearing, hypochondria, forenoon","PAIN, aching, dull pain (See Boring, Drawing, Distress, Digging, Gnawing, Pressing, etc.), tearing, Hypochondria, forenoon",پیٹ — درد، چیرتا ہوا، بغل کے نچلے حصے میں، دوپہر سے پہلے,1,1,یکساں
r2872,"PAIN, tearing, hypochondria, evening","PAIN, aching, dull pain (See Boring, Drawing, Distress, Digging, Gnawing, Pressing, etc.), tearing, Hypochondria, evening",پیٹ — درد، چیرتا ہوا، بغل کے نچلے حصے میں، شام,1,1,یکساں
r2875,"PAIN, tearing, hypochondria, extending to hip","PAIN, aching, dull pain (See Boring, Drawing, Distress, Digging, Gnawing, Pressing, etc.), tearing, Hypochondria, extending to hip",پیٹ — درد، چیرتا ہوا، بغل کے نچلے حصے میں، کولھے تک پھیلتا ہوا,1,1,یکساں
r2879,"PAIN, tearing, ilium, crest of","PAIN, aching, dull pain (See Boring, Drawing, Distress, Digging, Gnawing, Pressing, etc.), tearing, Ilium, crest of",پیٹ — درد، چیرتا ہوا، کولھے کی ہڈی کا کنارہ,2,2,یکساں
r2884,"PAIN, tearing, inguinal region, evening","PAIN, aching, dull pain (See Boring, Drawing, Distress, Digging, Gnawing, Pressing, etc.), tearing, Inguinal region, evening",پیٹ — درد، چیرتا ہوا، کچھوں کا علاقہ، شام,1,1,یکساں
r2885,"PAIN, tearing, inguinal region, bending back amel.","PAIN, aching, dull pain (See Boring, Drawing, Distress, Digging, Gnawing, Pressing, etc.), tearing, Inguinal region, bending back amel.",پیٹ — درد، چیرتا ہوا، کچھوں کا علاقہ، پیچھے جھکنے سے آرام,1,1,یکساں
r2886,"PAIN, tearing, inguinal region, coughing agg.","PAIN, aching, dull pain (See Boring, Drawing, Distress, Digging, Gnawing, Pressing, etc.), tearing, Inguinal region, coughing agg.",پیٹ — درد، چیرتا ہوا، کچھوں کا علاقہ، کھانسنے سے بگاڑ,1,1,یکساں
r2887,"PAIN, tearing, inguinal region, inspiration agg.","PAIN, aching, dull pain (See Boring, Drawing, Distress, Digging, Gnawing, Pressing, etc.), tearing, Inguinal region, inspiration agg.",پیٹ — درد، چیرتا ہوا، کچھوں کا علاقہ، سانس اندر لینے سے بگاڑ,1,1,یکساں
r2888,"PAIN, tearing, inguinal region, rising from seat","PAIN, aching, dull pain (See Boring, Drawing, Distress, Digging, Gnawing, Pressing, etc.), tearing, Inguinal region, rising from seat",پیٹ — درد، چیرتا ہوا، کچھوں کا علاقہ، نشست سے اٹھنے سے,1,1,یکساں
r2892,"PAIN, tearing, inguinal region, extending to right nipple","PAIN, aching, dull pain (See Boring, Drawing, Distress, Digging, Gnawing, Pressing, etc.), tearing, Inguinal region, extending to right nipple",پیٹ — درد، چیرتا ہوا، کچھوں کا علاقہ، دائیں نپل تک پھیلتا ہوا,1,1,یکساں
r2895,"PAIN, tearing, liver, evening","PAIN, aching, dull pain (See Boring, Drawing, Distress, Digging, Gnawing, Pressing, etc.), tearing, Liver, evening",پیٹ — درد، چیرتا ہوا، جگر، شام,1,1,یکساں
r2898,"PAIN, tearing, sides, right","PAIN, aching, dull pain (See Boring, Drawing, Distress, Digging, Gnawing, Pressing, etc.), tearing, Sides, right",پیٹ — درد، چیرتا ہوا، دائیں پہلو میں,2,2,یکساں
r2899,"PAIN, tearing, sides, left","PAIN, aching, dull pain (See Boring, Drawing, Distress, Digging, Gnawing, Pressing, etc.), tearing, Sides, left",پیٹ — درد، چیرتا ہوا، بائیں پہلو میں,2,2,یکساں
r2900,"PAIN, tearing, sides, evening","PAIN, aching, dull pain (See Boring, Drawing, Distress, Digging, Gnawing, Pressing, etc.), tearing, Sides, evening",پیٹ — درد، چیرتا ہوا، پہلوؤں میں، شام,1,1,یکساں
r2903,"PAIN, tearing, sides, extending to bladder","PAIN, aching, dull pain (See Boring, Drawing, Distress, Digging, Gnawing, Pressing, etc.), tearing, Sides, extending to bladder",پیٹ — درد، چیرتا ہوا، پہلوؤں میں، مثانے تک پھیلتا ہوا,1,1,یکساں
r2907,"PAIN, tearing, umbilicus, 2 p.m.","PAIN, aching, dull pain (See Boring, Drawing, Distress, Digging, Gnawing, Pressing, etc.), tearing, Umbilicus, 2 p.m.",پیٹ — درد، چیرتا ہوا، ناف میں، سہ پہر 2 بجے,1,1,یکساں
r2908,"PAIN, tearing, umbilicus, region of","PAIN, aching, dull pain (See Boring, Drawing, Distress, Digging, Gnawing, Pressing, etc.), tearing, Umbilicus, region of",پیٹ — درد، چیرتا ہوا، ناف کا علاقہ,14,14,ماخذی مطابق کیے
r2916,"PAIN, twinging, hypochondria, right","PAIN, aching, dull pain (See Boring, Drawing, Distress, Digging, Gnawing, Pressing, etc.), twinging, Hypochondria, right",پیٹ — درد، ہلکا اینٹھن والا، دائیں بغل کے نچلے حصے میں,1,1,یکساں
r2917,"PAIN, twinging, hypochondria, left","PAIN, aching, dull pain (See Boring, Drawing, Distress, Digging, Gnawing, Pressing, etc.), twinging, Hypochondria, left",پیٹ — درد، ہلکا اینٹھن والا، بائیں بغل کے نچلے حصے میں,1,1,یکساں
r2919,"PAIN, twinging, inguinal region, extending to chest","PAIN, aching, dull pain (See Boring, Drawing, Distress, Digging, Gnawing, Pressing, etc.), twinging, Inguinal region, extending to chest",پیٹ — درد، ہلکا اینٹھن والا، کچھوں کا علاقہ، سینے تک پھیلتا ہوا,1,1,یکساں
r2923,"PAIN, twisting, hypochondria, right","PAIN, aching, dull pain (See Boring, Drawing, Distress, Digging, Gnawing, Pressing, etc.), twisting, Hypochondria, right",پیٹ — درد، مروڑ کے ساتھ، دائیں بغل کے نچلے حصے میں,1,1,یکساں
r2924,"PAIN, twisting, hypochondria, left","PAIN, aching, dull pain (See Boring, Drawing, Distress, Digging, Gnawing, Pressing, etc.), twisting, Hypochondria, left",پیٹ — درد، مروڑ کے ساتھ، بائیں بغل کے نچلے حصے میں,1,1,یکساں
r2925,"PAIN, twisting, hypochondria, evening","PAIN, aching, dull pain (See Boring, Drawing, Distress, Digging, Gnawing, Pressing, etc.), twisting, Hypochondria, evening",پیٹ — درد، مروڑ کے ساتھ، بغل کے نچلے حصے میں، شام,1,1,یکساں
r2928,"PAIN, twisting, umbilical region, morning","PAIN, aching, dull pain (See Boring, Drawing, Distress, Digging, Gnawing, Pressing, etc.), twisting, Umbilical region, morning",پیٹ — درد، مروڑ کے ساتھ، ناف کے علاقے میں، صبح,1,1,یکساں
r2929,"PAIN, twisting, umbilical region, night","PAIN, aching, dull pain (See Boring, Drawing, Distress, Digging, Gnawing, Pressing, etc.), twisting, Umbilical region, night",پیٹ — درد، مروڑ کے ساتھ، ناف کے علاقے میں، رات,1,1,یکساں
r2930,"PAIN, twisting, umbilical region, extending downward","PAIN, aching, dull pain (See Boring, Drawing, Distress, Digging, Gnawing, Pressing, etc.), twisting, Umbilical region, extending downward",پیٹ — درد، مروڑ کے ساتھ، ناف کے علاقے میں، نیچے کی طرف پھیلتا ہوا,1,1,یکساں
r3139,"SWELLING, liver","SWELLING, mesenteric glands, Liver",پیٹ — سوجن، جگر,35,35,یکساں
r3146,"SWELLING, umbilicus","SWELLING, mesenteric glands, Umbilicus",پیٹ — سوجن، ناف,7,7,یکساں
r394,"FULLNESS, daytime","FULLNESS, sensation of, daytime",پیٹ — بھراؤ، دن کے وقت,1,1,یکساں
r395,"FULLNESS, morning","FULLNESS, sensation of, morning",پیٹ — بھراؤ، صبح,4,4,یکساں
r403,"FULLNESS, night","FULLNESS, sensation of, night",پیٹ — بھراؤ، رات,3,3,یکساں
r417,"FULLNESS, sitting amel.","FULLNESS, sensation of, sitting amel.",پیٹ — بھراؤ، بیٹھنے سے آرام,1,1,یکساں
r421,"FULLNESS, walking amel.","FULLNESS, sensation of, walking amel.",پیٹ — بھراؤ، چلنے سے آرام,1,1,یکساں
r429,"FULLNESS, hypogastrium","FULLNESS, sensation of, Hypogastrium",پیٹ — بھراؤ، ناف کے نیچے کے حصے میں,5,5,یکساں
r432,"FULLNESS, inguinal region","FULLNESS, sensation of, Inguinal region",پیٹ — بھراؤ، کچھوں کا علاقہ,3,3,یکساں
r433,"FULLNESS, liver","FULLNESS, sensation of, Liver",پیٹ — بھراؤ، جگر,9,9,یکساں
r434,"FULLNESS, sides","FULLNESS, sensation of, Sides",پیٹ — بھراؤ، پہلوؤں میں,1,1,یکساں
r435,"FULLNESS, spleen","FULLNESS, sensation of, Spleen",پیٹ — بھراؤ، تلی,2,2,یکساں
r552,"HEAVINESS, hypochondria, walking, while","HEAVINESS, as from a load, etc., Hypochondria, walking, while",پیٹ — بھاری پن، بغل کے نچلے حصے میں، چلتے ہوئے,1,1,یکساں
r554,"HEAVINESS, hypogastrium, eating, after","HEAVINESS, as from a load, etc., Hypogastrium, eating, after",پیٹ — بھاری پن، ناف کے نیچے کا حصہ، کھانے کے بعد,1,1,یکساں
r556,"HEAVINESS, hypogastrium, menses, during","HEAVINESS, as from a load, etc., Hypogastrium, menses, during",پیٹ — بھاری پن، ناف کے نیچے کا حصہ، حیض کے دوران,1,1,یکساں
r558,"HEAVINESS, hypogastrium, stool, after","HEAVINESS, as from a load, etc., Hypogastrium, stool, after",پیٹ — بھاری پن، ناف کے نیچے کا حصہ، پاخانے کے بعد,1,1,یکساں
r575,"HERNIA, umbilical","HERNIA, femoral, Umbilical",پیٹ — ہرنیا، ناف میں,5,5,یکساں
r586,"INFLAMMATION, liver, mortification, after","INFLAMMATION (Peritonitis, Enteritis, etc.), Liver, mortification, after",پیٹ — سوزش، جگر، بے عزتی کے بعد,1,1,یکساں
r587,"INFLAMMATION, liver, vexation, after","INFLAMMATION (Peritonitis, Enteritis, etc.), Liver, vexation, after",پیٹ — سوزش، جگر، کوفت کے بعد,1,1,یکساں
r680,"PAIN, morning, bed, in","PAIN, aching, dull pain (See Boring, Drawing, Distress, Digging, Gnawing, Pressing, etc.), morning, bed, in",پیٹ — درد، صبح، بستر میں,17,17,یکساں
r681,"PAIN, morning, breakfast, before","PAIN, aching, dull pain (See Boring, Drawing, Distress, Digging, Gnawing, Pressing, etc.), morning, breakfast, before",پیٹ — درد، صبح، ناشتے سے پہلے,1,1,یکساں
r682,"PAIN, morning, eating, after","PAIN, aching, dull pain (See Boring, Drawing, Distress, Digging, Gnawing, Pressing, etc.), morning, eating, after",پیٹ — درد، صبح، کھانے کے بعد,3,3,یکساں
r684,"PAIN, morning, rising, on","PAIN, aching, dull pain (See Boring, Drawing, Distress, Digging, Gnawing, Pressing, etc.), morning, rising, on",پیٹ — درد، صبح، اٹھنے پر,7,7,یکساں
r687,"PAIN, morning, waking, on","PAIN, aching, dull pain (See Boring, Drawing, Distress, Digging, Gnawing, Pressing, etc.), morning, waking, on",پیٹ — درد، صبح جاگتے ہی,15,15,یکساں
r693,"PAIN, forenoon, menses, during","PAIN, aching, dull pain (See Boring, Drawing, Distress, Digging, Gnawing, Pressing, etc.), forenoon, menses, during",پیٹ — درد، دوپہر سے پہلے، حیض کے دوران,2,2,یکساں
r698,"PAIN, forenoon, eating, before","PAIN, aching, dull pain (See Boring, Drawing, Distress, Digging, Gnawing, Pressing, etc.), forenoon, eating, before",پیٹ — درد، دوپہر سے پہلے، کھانے سے پہلے,1,1,یکساں
r700,"PAIN, forenoon, standing, while","PAIN, aching, dull pain (See Boring, Drawing, Distress, Digging, Gnawing, Pressing, etc.), forenoon, standing, while",پیٹ — درد، دوپہر سے پہلے، کھڑے ہوئے,1,1,یکساں
r701,"PAIN, forenoon, walking, while","PAIN, aching, dull pain (See Boring, Drawing, Distress, Digging, Gnawing, Pressing, etc.), forenoon, walking, while",پیٹ — درد، دوپہر سے پہلے، چلتے ہوئے,4,4,یکساں
r703,"PAIN, afternoon, eating, after","PAIN, aching, dull pain (See Boring, Drawing, Distress, Digging, Gnawing, Pressing, etc.), afternoon, eating, after",پیٹ — درد، سہ پہر، کھانے کے بعد,1,1,یکساں
r704,"PAIN, afternoon, walking, while","PAIN, aching, dull pain (See Boring, Drawing, Distress, Digging, Gnawing, Pressing, etc.), afternoon, walking, while",پیٹ — درد، سہ پہر، چلتے ہوئے,1,1,یکساں
r712,"PAIN, evening, air, in","PAIN, aching, dull pain (See Boring, Drawing, Distress, Digging, Gnawing, Pressing, etc.), evening, air, in",پیٹ — درد، شام، ہوا میں,1,1,یکساں
r713,"PAIN, evening, bed, in","PAIN, aching, dull pain (See Boring, Drawing, Distress, Digging, Gnawing, Pressing, etc.), evening, bed, in",پیٹ — درد، شام، بستر میں,5,5,یکساں
r714,"PAIN, evening, coffee, after","PAIN, aching, dull pain (See Boring, Drawing, Distress, Digging, Gnawing, Pressing, etc.), evening, coffee, after",پیٹ — درد، شام، کافی کے بعد,1,1,یکساں
r715,"PAIN, evening, drinking, after","PAIN, aching, dull pain (See Boring, Drawing, Distress, Digging, Gnawing, Pressing, etc.), evening, drinking, after",پیٹ — درد، شام، پینے کے بعد,1,1,یکساں
r716,"PAIN, evening, eating, after","PAIN, aching, dull pain (See Boring, Drawing, Distress, Digging, Gnawing, Pressing, etc.), evening, eating, after",پیٹ — درد، شام، کھانے کے بعد,5,5,یکساں
r717,"PAIN, evening, ice-cream, after","PAIN, aching, dull pain (See Boring, Drawing, Distress, Digging, Gnawing, Pressing, etc.), evening, ice-cream, after",پیٹ — درد، شام، آئس کریم کے بعد,1,1,یکساں
r720,"PAIN, evening, menses, before","PAIN, aching, dull pain (See Boring, Drawing, Distress, Digging, Gnawing, Pressing, etc.), evening, menses, before",پیٹ — درد، شام، حیض سے پہلے,1,1,یکساں
r721,"PAIN, evening, milk, after","PAIN, aching, dull pain (See Boring, Drawing, Distress, Digging, Gnawing, Pressing, etc.), evening, milk, after",پیٹ — درد، شام، دودھ کے بعد,1,1,یکساں
r722,"PAIN, evening, stool, before","PAIN, aching, dull pain (See Boring, Drawing, Distress, Digging, Gnawing, Pressing, etc.), evening, stool, before",پیٹ — درد، شام، پاخانے سے پہلے,3,3,یکساں
r724,"PAIN, evening, stooping, on","PAIN, aching, dull pain (See Boring, Drawing, Distress, Digging, Gnawing, Pressing, etc.), evening, stooping, on",پیٹ — درد، شام، جھکنے پر,1,1,یکساں
r725,"PAIN, evening, urination, after","PAIN, aching, dull pain (See Boring, Drawing, Distress, Digging, Gnawing, Pressing, etc.), evening, urination, after",پیٹ — درد، شام، پیشاب کے بعد,1,1,یکساں
r728,"PAIN, night, bed, in","PAIN, aching, dull pain (See Boring, Drawing, Distress, Digging, Gnawing, Pressing, etc.), night, bed, in",پیٹ — درد، رات، بستر میں,7,7,یکساں
r730,"PAIN, night, waking, on","PAIN, aching, dull pain (See Boring, Drawing, Distress, Digging, Gnawing, Pressing, etc.), night, waking, on",پیٹ — درد، رات، جاگنے پر,3,3,یکساں
r733,"PAIN, night, 1 a.m., had to lie crooked and uncovered","PAIN, aching, dull pain (See Boring, Drawing, Distress, Digging, Gnawing, Pressing, etc.), night, 1 a.m., had to lie crooked and uncovered",پیٹ — درد، رات 1 بجے، ٹیڑھا اور کھلا لیٹنا پڑے,1,1,یکساں
r740,"PAIN, air, cool, amel.","PAIN, aching, dull pain (See Boring, Drawing, Distress, Digging, Gnawing, Pressing, etc.), air, cool, amel.",پیٹ — درد، ٹھنڈی ہوا سے آرام,1,1,یکساں
r756,"PAIN, bending backward, on, amel.","PAIN, aching, dull pain (See Boring, Drawing, Distress, Digging, Gnawing, Pressing, etc.), bending backward, on, amel.",پیٹ — درد، پیچھے جھکنے پر آرام,5,5,یکساں
r778,"PAIN, cold, becoming, from","PAIN, aching, dull pain (See Boring, Drawing, Distress, Digging, Gnawing, Pressing, etc.), cold, becoming, from",پیٹ — درد، ٹھنڈا ہونے سے,7,7,یکساں
r796,"PAIN, drinking, after, when overheated","PAIN, aching, dull pain (See Boring, Drawing, Distress, Digging, Gnawing, Pressing, etc.), drinking, after, when overheated",پیٹ — درد، پینے کے بعد، جسم گرم ہونے پر,3,3,یکساں
r808,"PAIN, flatus, passing, before","PAIN, aching, dull pain (See Boring, Drawing, Distress, Digging, Gnawing, Pressing, etc.), flatus, passing, before",پیٹ — درد، ریاح نکلنے سے پہلے,3,3,یکساں
r850,"PAIN, menses, appear, as if, would, morning","PAIN, aching, dull pain (See Boring, Drawing, Distress, Digging, Gnawing, Pressing, etc.), menses, before, appear, as if, would, morning",پیٹ — درد، جیسے حیض آنے والا ہو، صبح,1,1,یکساں
r851,"PAIN, menses, appear, as if, would, midnight","PAIN, aching, dull pain (See Boring, Drawing, Distress, Digging, Gnawing, Pressing, etc.), menses, before, appear, as if, would, midnight",پیٹ — درد، جیسے حیض آنے والا ہو، آدھی رات,1,1,یکساں
r868,"PAIN, radiating, back and chest, to","PAIN, aching, dull pain (See Boring, Drawing, Distress, Digging, Gnawing, Pressing, etc.), radiating, back and chest, to",پیٹ — درد، شعاعوں کی طرح پھیلتا ہوا، پیٹھ اور سینے تک,1,1,یکساں
r879,"PAIN, room, in, agg.","PAIN, aching, dull pain (See Boring, Drawing, Distress, Digging, Gnawing, Pressing, etc.), room, in, agg.",پیٹ — درد، کمرے میں بگاڑ,1,1,یکساں
r897,"PAIN, stones, like sharp, rubbing together","PAIN, aching, dull pain (See Boring, Drawing, Distress, Digging, Gnawing, Pressing, etc.), stones, like sharp, rubbing together",پیٹ — درد، جیسے تیز پتھر آپس میں رگڑ کھا رہے ہوں,4,4,یکساں
r951,"PAIN, extending, breast, to","PAIN, aching, dull pain (See Boring, Drawing, Distress, Digging, Gnawing, Pressing, etc.), extending across, breast, to",پیٹ — درد، پھیلتا ہوا، چھاتی تک,1,1,یکساں
r955,"PAIN, extending, clavicle, to","PAIN, aching, dull pain (See Boring, Drawing, Distress, Digging, Gnawing, Pressing, etc.), extending across, clavicle, to",پیٹ — درد، پھیلتا ہوا، ہنسلی تک,1,1,یکساں
r958,"PAIN, extending, feet, to","PAIN, aching, dull pain (See Boring, Drawing, Distress, Digging, Gnawing, Pressing, etc.), extending across, feet, to",پیٹ — درد، پھیلتا ہوا، پاؤں تک,1,1,یکساں
r959,"PAIN, extending, genitals, to","PAIN, aching, dull pain (See Boring, Drawing, Distress, Digging, Gnawing, Pressing, etc.), extending across, genitals, to",پیٹ — درد، پھیلتا ہوا، شرمگاہ تک,12,12,یکساں
r960,"PAIN, extending, head, to","PAIN, aching, dull pain (See Boring, Drawing, Distress, Digging, Gnawing, Pressing, etc.), extending across, head, to",پیٹ — درد، پھیلتا ہوا، سر تک,2,2,یکساں
r961,"PAIN, extending, hips, to","PAIN, aching, dull pain (See Boring, Drawing, Distress, Digging, Gnawing, Pressing, etc.), extending across, hips, to",پیٹ — درد، پھیلتا ہوا، کولھوں تک,2,2,یکساں
r962,"PAIN, extending, inguinal region, to","PAIN, aching, dull pain (See Boring, Drawing, Distress, Digging, Gnawing, Pressing, etc.), extending across, inguinal region, to",پیٹ — درد، پھیلتا ہوا، کچھوں کے علاقے تک,5,5,یکساں
r963,"PAIN, extending, kidney, to","PAIN, aching, dull pain (See Boring, Drawing, Distress, Digging, Gnawing, Pressing, etc.), extending across, kidney, to",پیٹ — درد، پھیلتا ہوا، گردے تک,2,2,یکساں
r964,"PAIN, extending, leg, to","PAIN, aching, dull pain (See Boring, Drawing, Distress, Digging, Gnawing, Pressing, etc.), extending across, leg, to",پیٹ — درد، پھیلتا ہوا، ٹانگ تک,3,3,یکساں
r965,"PAIN, extending, loins, to","PAIN, aching, dull pain (See Boring, Drawing, Distress, Digging, Gnawing, Pressing, etc.), extending across, loins, to",پیٹ — درد، پھیلتا ہوا، کمر تک,2,2,یکساں
r967,"PAIN, extending, lower limbs, left","PAIN, aching, dull pain (See Boring, Drawing, Distress, Digging, Gnawing, Pressing, etc.), extending across, lower limbs, left",پیٹ — درد، پھیلتا ہوا، نچلے اعضاء تک، بائیں,1,1,یکساں
r969,"PAIN, extending, mammae, right","PAIN, aching, dull pain (See Boring, Drawing, Distress, Digging, Gnawing, Pressing, etc.), extending across, mammæ, right",پیٹ — درد، پھیلتا ہوا، دائیں چھاتی تک,1,1,یکساں
r974,"PAIN, extending, pubic region, when coughing","PAIN, aching, dull pain (See Boring, Drawing, Distress, Digging, Gnawing, Pressing, etc.), extending across, pubic region, when coughing",پیٹ — درد، پھیلتا ہوا، ناف کے نیچے کی ہڈی کے علاقے تک، کھانستے وقت,1,1,یکساں
r978,"PAIN, extending, sides, to","PAIN, aching, dull pain (See Boring, Drawing, Distress, Digging, Gnawing, Pressing, etc.), extending across, sides, to",پیٹ — درد، پھیلتا ہوا، پہلوؤں تک,6,6,یکساں
r982,"PAIN, extending, spermatic cord, when coughing","PAIN, aching, dull pain (See Boring, Drawing, Distress, Digging, Gnawing, Pressing, etc.), extending across, spermatic cord, when coughing",پیٹ — درد، پھیلتا ہوا، نالی تک، کھانستے وقت,1,1,یکساں
r987,"PAIN, extending, testicles, when coughing","PAIN, aching, dull pain (See Boring, Drawing, Distress, Digging, Gnawing, Pressing, etc.), extending across, testicles, when coughing",پیٹ — درد، پھیلتا ہوا، خصیوں تک، کھانستے وقت,1,1,یکساں
r998,"PAIN, hip, region of, extending from hip to hip before menses","PAIN, aching, dull pain (See Boring, Drawing, Distress, Digging, Gnawing, Pressing, etc.), Hip, region of, extending from hip to hip before menses",پیٹ — درد، کولھے کا علاقہ، حیض سے پہلے کولھے سے کولھے تک پھیلتا ہوا,2,2,یکساں
o1042,"PAIN, cramping, griping, urination, amel.","PAIN, aching, dull pain (See Boring, Drawing, Distress, Digging, Gnawing, Pressing, etc.), cramping, griping, urination, on, amel.",پیٹ — درد، اینٹھن والا، مروڑتے ہوئے، پیشاب سے آرام,1,1,یکساں
o1046,"PAIN, cramping, griping, walking, amel.","PAIN, aching, dull pain (See Boring, Drawing, Distress, Digging, Gnawing, Pressing, etc.), cramping, griping, walking, while, amel.",پیٹ — درد، اینٹھن والا، مروڑتے ہوئے، چلنے سے آرام,7,7,یکساں
o1138,"PAIN, cutting, ilium, extending, to thigh","PAIN, aching, dull pain (See Boring, Drawing, Distress, Digging, Gnawing, Pressing, etc.), cutting, Ilium, morning, extending to scapula, to thigh",پیٹ — درد، کاٹتا ہوا، کولھے کی ہڈی، پھیلتا ہوا، ران تک,1,1,یکساں
o1212,"PAIN, cutting, stool, diarrhoeic, during","PAIN, aching, dull pain (See Boring, Drawing, Distress, Digging, Gnawing, Pressing, etc.), cutting, stool, before, diarrhœic, during",پیٹ — درد، کاٹتا ہوا، پتلے پاخانے کے دوران,8,8,یکساں
o1611,"PAIN, hypochondria, right, eating, amel.","PAIN, aching, dull pain (See Boring, Drawing, Distress, Digging, Gnawing, Pressing, etc.), Hypochondria, right, eating to satiety, after, amel.",پیٹ — درد، دائیں بغل کے نچلے حصے میں، کھانے سے آرام,1,1,یکساں
o1880,"PAIN, liver, lying, painful side, amel.","PAIN, aching, dull pain (See Boring, Drawing, Distress, Digging, Gnawing, Pressing, etc.), Liver, lying on back, painful side, on, amel.",پیٹ — درد، جگر، درد والی طرف لیٹنے سے آرام,1,1,یکساں
o1883,"PAIN, liver, lying, right side, amel.","PAIN, aching, dull pain (See Boring, Drawing, Distress, Digging, Gnawing, Pressing, etc.), Liver, lying on back, right side, on, amel.",پیٹ — درد، جگر، دائیں کروٹ لیٹنے سے آرام,4,4,یکساں
o1932,"PAIN, menses, extending, hip to hip, from","PAIN, aching, dull pain (See Boring, Drawing, Distress, Digging, Gnawing, Pressing, etc.), menses, before, extending to chest, hip to hip, from",پیٹ — درد، حیض، کولھے سے کولھے تک پھیلتا ہوا,1,1,یکساں
o2350,"PAIN, stitching, extending, anus, to","PAIN, aching, dull pain (See Boring, Drawing, Distress, Digging, Gnawing, Pressing, etc.), stitching (sticking, etc.), extending across, anus, to",پیٹ — درد، چبھتا ہوا، پھیلتا ہوا، مقعد تک,2,2,یکساں
o2354,"PAIN, stitching, extending, clavicle, right","PAIN, aching, dull pain (See Boring, Drawing, Distress, Digging, Gnawing, Pressing, etc.), stitching (sticking, etc.), extending across, clavicle, right",پیٹ — درد، چبھتا ہوا، پھیلتا ہوا، دائیں ہنسلی تک,1,1,یکساں
o2360,"PAIN, stitching, extending, penis, into","PAIN, aching, dull pain (See Boring, Drawing, Distress, Digging, Gnawing, Pressing, etc.), stitching (sticking, etc.), extending across, penis, into",پیٹ — درد، چبھتا ہوا، پھیلتا ہوا، عضو تناسل میں,1,1,یکساں
o2364,"PAIN, stitching, extending, right, toward","PAIN, aching, dull pain (See Boring, Drawing, Distress, Digging, Gnawing, Pressing, etc.), stitching (sticking, etc.), extending across, right to left, toward",پیٹ — درد، چبھتا ہوا، پھیلتا ہوا، دائیں کی طرف,1,1,یکساں
o2367,"PAIN, stitching, extending, spermatic cord, when coughing","PAIN, aching, dull pain (See Boring, Drawing, Distress, Digging, Gnawing, Pressing, etc.), stitching (sticking, etc.), extending across, spermatic cord, when coughing",پیٹ — درد، چبھتا ہوا، پھیلتا ہوا، نالی تک، کھانستے وقت,1,1,یکساں
o2368,"PAIN, stitching, extending, testicle, when coughing","PAIN, aching, dull pain (See Boring, Drawing, Distress, Digging, Gnawing, Pressing, etc.), stitching (sticking, etc.), extending across, testicle, when coughing",پیٹ — درد، چبھتا ہوا، پھیلتا ہوا، خصیے تک، کھانستے وقت,1,1,یکساں
o2384,"PAIN, stitching, hypochondria, bending, to left","PAIN, aching, dull pain (See Boring, Drawing, Distress, Digging, Gnawing, Pressing, etc.), stitching (sticking, etc.), Hypochondria, bending forward, to left",پیٹ — درد، چبھتا ہوا، بغل کے نچلے حصے میں، جھکنے سے، بائیں طرف,1,1,یکساں
o2385,"PAIN, stitching, hypochondria, bending, to right","PAIN, aching, dull pain (See Boring, Drawing, Distress, Digging, Gnawing, Pressing, etc.), stitching (sticking, etc.), Hypochondria, bending forward, to right",پیٹ — درد، چبھتا ہوا، بغل کے نچلے حصے میں، جھکنے سے، دائیں طرف,1,1,یکساں
o2395,"PAIN, stitching, hypochondria, extending, back","PAIN, aching, dull pain (See Boring, Drawing, Distress, Digging, Gnawing, Pressing, etc.), stitching (sticking, etc.), Hypochondria, extending to abdomen, back",پیٹ — درد، چبھتا ہوا، بغل کے نچلے حصے میں، پھیلتا ہوا، پیٹھ تک,11,11,یکساں
o2396,"PAIN, stitching, hypochondria, extending, chest","PAIN, aching, dull pain (See Boring, Drawing, Distress, Digging, Gnawing, Pressing, etc.), stitching (sticking, etc.), Hypochondria, extending to abdomen, chest",پیٹ — درد، چبھتا ہوا، بغل کے نچلے حصے میں، پھیلتا ہوا، سینے تک,2,2,یکساں
o2397,"PAIN, stitching, hypochondria, extending, downward","PAIN, aching, dull pain (See Boring, Drawing, Distress, Digging, Gnawing, Pressing, etc.), stitching (sticking, etc.), Hypochondria, extending to abdomen, downward",پیٹ — درد، چبھتا ہوا، بغل کے نچلے حصے میں، پھیلتا ہوا، نیچے کی طرف,1,1,یکساں
o2398,"PAIN, stitching, hypochondria, extending, forward","PAIN, aching, dull pain (See Boring, Drawing, Distress, Digging, Gnawing, Pressing, etc.), stitching (sticking, etc.), Hypochondria, extending to abdomen, forward",پیٹ — درد، چبھتا ہوا، بغل کے نچلے حصے میں، پھیلتا ہوا، آگے کی طرف,1,1,یکساں
o2399,"PAIN, stitching, hypochondria, extending, front","PAIN, aching, dull pain (See Boring, Drawing, Distress, Digging, Gnawing, Pressing, etc.), stitching (sticking, etc.), Hypochondria, extending to abdomen, front",پیٹ — درد، چبھتا ہوا، بغل کے نچلے حصے میں، پھیلتا ہوا، سامنے کی طرف,1,1,یکساں
o2400,"PAIN, stitching, hypochondria, extending, outward","PAIN, aching, dull pain (See Boring, Drawing, Distress, Digging, Gnawing, Pressing, etc.), stitching (sticking, etc.), Hypochondria, extending to abdomen, outward",پیٹ — درد، چبھتا ہوا، بغل کے نچلے حصے میں، پھیلتا ہوا، باہر کی طرف,1,1,یکساں
o2401,"PAIN, stitching, hypochondria, extending, sacrum","PAIN, aching, dull pain (See Boring, Drawing, Distress, Digging, Gnawing, Pressing, etc.), stitching (sticking, etc.), Hypochondria, extending to abdomen, sacrum",پیٹ — درد، چبھتا ہوا، بغل کے نچلے حصے میں، پھیلتا ہوا، کمر کی ہڈی تک,1,1,یکساں
o2403,"PAIN, stitching, hypochondria, extending, stomach","PAIN, aching, dull pain (See Boring, Drawing, Distress, Digging, Gnawing, Pressing, etc.), stitching (sticking, etc.), Hypochondria, extending to abdomen, stomach",پیٹ — درد، چبھتا ہوا، بغل کے نچلے حصے میں، پھیلتا ہوا، معدے تک,2,2,یکساں
o2424,"PAIN, stitching, hypochondria, pressure, amel.","PAIN, aching, dull pain (See Boring, Drawing, Distress, Digging, Gnawing, Pressing, etc.), stitching (sticking, etc.), Hypochondria, pressure agg., amel.",پیٹ — درد، چبھتا ہوا، بغل کے نچلے حصے میں، دباؤ سے آرام,2,2,یکساں
o2453,"PAIN, stitching, hypogastrium, extending, groin","PAIN, aching, dull pain (See Boring, Drawing, Distress, Digging, Gnawing, Pressing, etc.), stitching (sticking, etc.), Hypogastrium, extending to epigastrium, groin",پیٹ — درد، چبھتا ہوا، ناف کے نیچے کے حصے میں، پھیلتا ہوا، کچھوں تک,1,1,یکساں
o2454,"PAIN, stitching, hypogastrium, extending, hypochondrium","PAIN, aching, dull pain (See Boring, Drawing, Distress, Digging, Gnawing, Pressing, etc.), stitching (sticking, etc.), Hypogastrium, extending to epigastrium, hypochondrium",پیٹ — درد، چبھتا ہوا، ناف کے نیچے کے حصے میں، پھیلتا ہوا، بغل کے نچلے حصے تک,1,1,یکساں
o2455,"PAIN, stitching, hypogastrium, extending, ilium","PAIN, aching, dull pain (See Boring, Drawing, Distress, Digging, Gnawing, Pressing, etc.), stitching (sticking, etc.), Hypogastrium, extending to epigastrium, ilium",پیٹ — درد، چبھتا ہوا، ناف کے نیچے کے حصے میں، پھیلتا ہوا، کولھے کی ہڈی تک,1,1,یکساں
o2456,"PAIN, stitching, hypogastrium, extending, vagina","PAIN, aching, dull pain (See Boring, Drawing, Distress, Digging, Gnawing, Pressing, etc.), stitching (sticking, etc.), Hypogastrium, extending to epigastrium, vagina",پیٹ — درد، چبھتا ہوا، ناف کے نیچے کے حصے میں، پھیلتا ہوا، شرمگاہ تک,1,1,یکساں
o2473,"PAIN, stitching, iliac region, extending, ilium to ilium","PAIN, aching, dull pain (See Boring, Drawing, Distress, Digging, Gnawing, Pressing, etc.), stitching (sticking, etc.), Iliac region, extending down leg, ilium to ilium",پیٹ — درد، چبھتا ہوا، کولھے کی ہڈی سے کولھے کی ہڈی تک پھیلتا ہوا,1,1,یکساں
o2499,"PAIN, stitching, inguinal region, extending, downward","PAIN, aching, dull pain (See Boring, Drawing, Distress, Digging, Gnawing, Pressing, etc.), stitching (sticking, etc.), Inguinal region, extending to abdomen, downward",پیٹ — درد، چبھتا ہوا، کچھوں کا علاقہ، پھیلتا ہوا، نیچے کی طرف,2,2,یکساں
o2501,"PAIN, stitching, inguinal region, extending, outward through ilium","PAIN, aching, dull pain (See Boring, Drawing, Distress, Digging, Gnawing, Pressing, etc.), stitching (sticking, etc.), Inguinal region, extending to abdomen, outward through ilium",پیٹ — درد، چبھتا ہوا، کچھوں کا علاقہ، پھیلتا ہوا، کولھے کی ہڈی سے باہر,1,1,یکساں
o2502,"PAIN, stitching, inguinal region, extending, testicle","PAIN, aching, dull pain (See Boring, Drawing, Distress, Digging, Gnawing, Pressing, etc.), stitching (sticking, etc.), Inguinal region, extending to abdomen, testicle",پیٹ — درد، چبھتا ہوا، کچھوں کا علاقہ، پھیلتا ہوا، خصیے تک,2,2,یکساں
o2503,"PAIN, stitching, inguinal region, extending, thighs","PAIN, aching, dull pain (See Boring, Drawing, Distress, Digging, Gnawing, Pressing, etc.), stitching (sticking, etc.), Inguinal region, extending to abdomen, thighs",پیٹ — درد، چبھتا ہوا، کچھوں کا علاقہ، پھیلتا ہوا، رانوں تک,4,4,یکساں
o2504,"PAIN, stitching, inguinal region, extending, to left mamma","PAIN, aching, dull pain (See Boring, Drawing, Distress, Digging, Gnawing, Pressing, etc.), stitching (sticking, etc.), Inguinal region, extending to abdomen, to left mamma",پیٹ — درد، چبھتا ہوا، کچھوں کا علاقہ، پھیلتا ہوا، بائیں چھاتی تک,1,1,یکساں
o2505,"PAIN, stitching, inguinal region, extending, vagina","PAIN, aching, dull pain (See Boring, Drawing, Distress, Digging, Gnawing, Pressing, etc.), stitching (sticking, etc.), Inguinal region, extending to abdomen, vagina",پیٹ — درد، چبھتا ہوا، کچھوں کا علاقہ، پھیلتا ہوا، شرمگاہ تک,1,1,یکساں
o2542,"PAIN, stitching, liver, extending, to back","PAIN, aching, dull pain (See Boring, Drawing, Distress, Digging, Gnawing, Pressing, etc.), stitching (sticking, etc.), Liver, extending from right to left, to back",پیٹ — درد، چبھتا ہوا، جگر، پھیلتا ہوا، پیٹھ تک,1,1,یکساں
o2545,"PAIN, stitching, liver, extending, upward","PAIN, aching, dull pain (See Boring, Drawing, Distress, Digging, Gnawing, Pressing, etc.), stitching (sticking, etc.), Liver, extending from right to left, upward",پیٹ — درد، چبھتا ہوا، جگر، پھیلتا ہوا، اوپر کی طرف,1,1,یکساں
o2548,"PAIN, stitching, liver, lying, on it amel.","PAIN, aching, dull pain (See Boring, Drawing, Distress, Digging, Gnawing, Pressing, etc.), stitching (sticking, etc.), Liver, lying on left side, on it amel.",پیٹ — درد، چبھتا ہوا، جگر، اُس پر لیٹنے سے آرام,2,2,یکساں
o2579,"PAIN, stitching, sides, extending, downward","PAIN, aching, dull pain (See Boring, Drawing, Distress, Digging, Gnawing, Pressing, etc.), stitching (sticking, etc.), Sides, extending to small of back, downward",پیٹ — درد، چبھتا ہوا، پہلوؤں میں، پھیلتا ہوا، نیچے کی طرف,1,1,یکساں
o2580,"PAIN, stitching, sides, extending, outward","PAIN, aching, dull pain (See Boring, Drawing, Distress, Digging, Gnawing, Pressing, etc.), stitching (sticking, etc.), Sides, extending to small of back, outward",پیٹ — درد، چبھتا ہوا، پہلوؤں میں، پھیلتا ہوا، باہر کی طرف,3,3,یکساں
o2581,"PAIN, stitching, sides, extending, sacrum","PAIN, aching, dull pain (See Boring, Drawing, Distress, Digging, Gnawing, Pressing, etc.), stitching (sticking, etc.), Sides, extending to small of back, sacrum",پیٹ — درد، چبھتا ہوا، پہلوؤں میں، پھیلتا ہوا، کمر کی ہڈی تک,1,1,یکساں
o2582,"PAIN, stitching, sides, extending, spermatic cords","PAIN, aching, dull pain (See Boring, Drawing, Distress, Digging, Gnawing, Pressing, etc.), stitching (sticking, etc.), Sides, extending to small of back, spermatic cords",پیٹ — درد، چبھتا ہوا، پہلوؤں میں، پھیلتا ہوا، نالیوں تک,1,1,یکساں
o2583,"PAIN, stitching, sides, extending, to groin","PAIN, aching, dull pain (See Boring, Drawing, Distress, Digging, Gnawing, Pressing, etc.), stitching (sticking, etc.), Sides, extending to small of back, to groin",پیٹ — درد، چبھتا ہوا، پہلوؤں میں، پھیلتا ہوا، کچھوں تک,1,1,یکساں
o2584,"PAIN, stitching, sides, extending, upward","PAIN, aching, dull pain (See Boring, Drawing, Distress, Digging, Gnawing, Pressing, etc.), stitching (sticking, etc.), Sides, extending to small of back, upward",پیٹ — درد، چبھتا ہوا، پہلوؤں میں، پھیلتا ہوا، اوپر کی طرف,1,1,یکساں
o2593,"PAIN, stitching, sides, lying, right side","PAIN, aching, dull pain (See Boring, Drawing, Distress, Digging, Gnawing, Pressing, etc.), stitching (sticking, etc.), Sides, lying on side, right side",پیٹ — درد، چبھتا ہوا، پہلوؤں میں، دائیں کروٹ لیٹنے سے,1,1,یکساں
o2616,"PAIN, stitching, spleen, coughing, on","PAIN, aching, dull pain (See Boring, Drawing, Distress, Digging, Gnawing, Pressing, etc.), stitching (sticking, etc.), Spleen, coughing, on",پیٹ — درد، چبھتا ہوا، تلی میں، کھانسنے پر,5,5,یکساں
o2638,"PAIN, stitching, umbilicus, extending, bladder","PAIN, aching, dull pain (See Boring, Drawing, Distress, Digging, Gnawing, Pressing, etc.), stitching (sticking, etc.), Umbilicus, extending to back, bladder",پیٹ — درد، چبھتا ہوا، ناف میں، پھیلتا ہوا، مثانے تک,1,1,یکساں
o2639,"PAIN, stitching, umbilicus, extending, mammary region","PAIN, aching, dull pain (See Boring, Drawing, Distress, Digging, Gnawing, Pressing, etc.), stitching (sticking, etc.), Umbilicus, extending to back, mammary region",پیٹ — درد، چبھتا ہوا، ناف میں، پھیلتا ہوا، چھاتی کے علاقے تک,1,1,یکساں
o2640,"PAIN, stitching, umbilicus, extending, pelvis","PAIN, aching, dull pain (See Boring, Drawing, Distress, Digging, Gnawing, Pressing, etc.), stitching (sticking, etc.), Umbilicus, extending to back, pelvis",پیٹ — درد، چبھتا ہوا، ناف میں، پھیلتا ہوا، کولھے کے جوڑ تک,1,1,یکساں
o2641,"PAIN, stitching, umbilicus, extending, pudendum when coughing","PAIN, aching, dull pain (See Boring, Drawing, Distress, Digging, Gnawing, Pressing, etc.), stitching (sticking, etc.), Umbilicus, extending to back, pudendum when coughing",پیٹ — درد، چبھتا ہوا، ناف میں، پھیلتا ہوا، شرمگاہ تک، کھانستے وقت,1,1,یکساں
o2642,"PAIN, stitching, umbilicus, extending, uterus","PAIN, aching, dull pain (See Boring, Drawing, Distress, Digging, Gnawing, Pressing, etc.), stitching (sticking, etc.), Umbilicus, extending to back, uterus",پیٹ — درد، چبھتا ہوا، ناف میں، پھیلتا ہوا، رحم تک,1,1,یکساں
o2828,"PAIN, umbilicus, region of, diarrhoea, during","PAIN, aching, dull pain (See Boring, Drawing, Distress, Digging, Gnawing, Pressing, etc.), Umbilicus, region of, diarrhœa, before, during",پیٹ — درد، ناف کا علاقہ، دست کے دوران,3,3,یکساں
o847,"PAIN, cramping, griping, chill, during","PAIN, aching, dull pain (See Boring, Drawing, Distress, Digging, Gnawing, Pressing, etc.), cramping, griping, chill, before, during",پیٹ — درد، اینٹھن والا، مروڑتے ہوئے، سردی لگنے کے دوران,2,2,یکساں
o865,"PAIN, cramping, griping, flatus, amel.","PAIN, aching, dull pain (See Boring, Drawing, Distress, Digging, Gnawing, Pressing, etc.), cramping, griping, flatus, from passing, amel.",پیٹ — درد، اینٹھن والا، مروڑتے ہوئے، ریاح سے آرام,21,21,یکساں
o933,"PAIN, cramping, griping, lying, amel.","PAIN, aching, dull pain (See Boring, Drawing, Distress, Digging, Gnawing, Pressing, etc.), cramping, griping, lying, while, amel.",پیٹ — درد، اینٹھن والا، مروڑتے ہوئے، لیٹنے سے آرام,2,2,یکساں
o934,"PAIN, cramping, griping, lying, back with limbs drawn up amel.","PAIN, aching, dull pain (See Boring, Drawing, Distress, Digging, Gnawing, Pressing, etc.), cramping, griping, lying, while, back with limbs drawn up amel.",پیٹ — درد، اینٹھن والا، مروڑتے ہوئے، چت لیٹنے، اعضاء سمیٹنے سے آرام,1,1,یکساں
o936,"PAIN, cramping, griping, lying, on abdomen amel.","PAIN, aching, dull pain (See Boring, Drawing, Distress, Digging, Gnawing, Pressing, etc.), cramping, griping, lying, while, on abdomen amel.",پیٹ — درد، اینٹھن والا، مروڑتے ہوئے، پیٹ کے بل لیٹنے سے آرام,4,4,یکساں
o945,"PAIN, cramping, griping, menses, from hip to hip","PAIN, aching, dull pain (See Boring, Drawing, Distress, Digging, Gnawing, Pressing, etc.), cramping, griping, menses, before, from hip to hip",پیٹ — درد، اینٹھن والا، مروڑتے ہوئے، حیض، کولھے سے کولھے تک,1,1,یکساں
o955,"PAIN, cramping, griping, motion, amel.","PAIN, aching, dull pain (See Boring, Drawing, Distress, Digging, Gnawing, Pressing, etc.), cramping, griping, motion, on, amel.",پیٹ — درد، اینٹھن والا، مروڑتے ہوئے، حرکت سے آرام,3,3,یکساں
o983,"PAIN, cramping, griping, sitting, amel.","PAIN, aching, dull pain (See Boring, Drawing, Distress, Digging, Gnawing, Pressing, etc.), cramping, griping, sitting, while, amel.",پیٹ — درد، اینٹھن والا، مروڑتے ہوئے، بیٹھنے سے آرام,1,1,یکساں
o986,"PAIN, cramping, griping, sleep, amel.","PAIN, aching, dull pain (See Boring, Drawing, Distress, Digging, Gnawing, Pressing, etc.), cramping, griping, sleep, during, amel.",پیٹ — درد، اینٹھن والا، مروڑتے ہوئے، نیند سے آرام,1,1,یکساں
r1077,"PAIN, hypochondria, stool, after, amel.","PAIN, aching, dull pain (See Boring, Drawing, Distress, Digging, Gnawing, Pressing, etc.), Hypochondria, stool, before, after, amel.",پیٹ — درد، بغل کے نچلے حصے میں، پاخانے کے بعد آرام,1,1,یکساں
r1255,"PAIN, inguinal region, stool, after, amel.","PAIN, aching, dull pain (See Boring, Drawing, Distress, Digging, Gnawing, Pressing, etc.), Inguinal region, stool, before, after, amel.",پیٹ — درد، کچھوں کا علاقہ، پاخانے کے بعد آرام,1,1,یکساں
r1493,"PAIN, umbilicus, region of, stool, during","PAIN, aching, dull pain (See Boring, Drawing, Distress, Digging, Gnawing, Pressing, etc.), Umbilicus, region of, stool, before, during",پیٹ — درد، ناف کا علاقہ، پاخانے کے دوران,8,8,یکساں
r1494,"PAIN, umbilicus, region of, stool, after","PAIN, aching, dull pain (See Boring, Drawing, Distress, Digging, Gnawing, Pressing, etc.), Umbilicus, region of, stool, before, after",پیٹ — درد، ناف کا علاقہ، پاخانے کے بعد,1,1,یکساں
r1521,"PAIN, burning, sitting, bent, while","PAIN, aching, dull pain (See Boring, Drawing, Distress, Digging, Gnawing, Pressing, etc.), burning, sitting, while, bent, while",پیٹ — درد، جلتا ہوا، بیٹھنے سے، جھک کر,1,1,یکساں
r1548,"PAIN, burning, hypochondria, walking, amel.","PAIN, aching, dull pain (See Boring, Drawing, Distress, Digging, Gnawing, Pressing, etc.), burning, Hypochondria, walking, while, amel.",پیٹ — درد، جلتا ہوا، بغل کے نچلے حصے میں، چلنے سے آرام,1,1,یکساں
r1757,"PAIN, cramping, griping, menses, during","PAIN, aching, dull pain (See Boring, Drawing, Distress, Digging, Gnawing, Pressing, etc.), cramping, griping, menses, before, during",پیٹ — درد، اینٹھن والا، مروڑتے ہوئے، حیض کے دوران,47,47,یکساں
r1758,"PAIN, cramping, griping, menses, after","PAIN, aching, dull pain (See Boring, Drawing, Distress, Digging, Gnawing, Pressing, etc.), cramping, griping, menses, before, after",پیٹ — درد، اینٹھن والا، مروڑتے ہوئے، حیض کے بعد,5,5,یکساں
r1761,"PAIN, cramping, griping, stool, during","PAIN, aching, dull pain (See Boring, Drawing, Distress, Digging, Gnawing, Pressing, etc.), cramping, griping, stool, before, during",پیٹ — درد، اینٹھن والا، مروڑتے ہوئے، پاخانے کے دوران,44,44,یکساں
r1767,"PAIN, cramping, griping, walking, in open air","PAIN, aching, dull pain (See Boring, Drawing, Distress, Digging, Gnawing, Pressing, etc.), cramping, griping, walking, while, in open air",پیٹ — درد، اینٹھن والا، مروڑتے ہوئے، کھلی ہوا میں چلنے سے,6,6,یکساں
r1819,"PAIN, cramping, griping, dinner, after","PAIN, aching, dull pain (See Boring, Drawing, Distress, Digging, Gnawing, Pressing, etc.), cramping, griping, dinner, during, after",پیٹ — درد، اینٹھن والا، مروڑتے ہوئے، دوپہر کے کھانے کے بعد,14,14,یکساں
r1864,"PAIN, cutting, air, open, amel.","PAIN, aching, dull pain (See Boring, Drawing, Distress, Digging, Gnawing, Pressing, etc.), cutting, air, open, in, amel.",پیٹ — درد، کاٹتا ہوا، کھلی ہوا میں آرام,2,2,یکساں
r1900,"PAIN, cutting, menses, as if, would appear","PAIN, aching, dull pain (See Boring, Drawing, Distress, Digging, Gnawing, Pressing, etc.), cutting, menses, before, as if, would appear",پیٹ — درد، کاٹتا ہوا، حیض، جیسے آنے والا ہو,1,1,یکساں
r1916,"PAIN, cutting, stool, after, amel.","PAIN, aching, dull pain (See Boring, Drawing, Distress, Digging, Gnawing, Pressing, etc.), cutting, stool, before, after, amel.",پیٹ — درد، کاٹتا ہوا، پاخانے کے بعد آرام,12,12,یکساں
r1926,"PAIN, cutting, walking, open air, in","PAIN, aching, dull pain (See Boring, Drawing, Distress, Digging, Gnawing, Pressing, etc.), cutting, walking, while, open air, in",پیٹ — درد، کاٹتا ہوا، کھلی ہوا میں چلنے سے,1,1,یکساں
r1958,"PAIN, cutting, hypogastrium, menses, during","PAIN, aching, dull pain (See Boring, Drawing, Distress, Digging, Gnawing, Pressing, etc.), cutting, Hypogastrium, menses, before, during",پیٹ — درد، کاٹتا ہوا، ناف کے نیچے کے حصے میں، حیض کے دوران,6,6,یکساں
r1959,"PAIN, cutting, hypogastrium, menses, after","PAIN, aching, dull pain (See Boring, Drawing, Distress, Digging, Gnawing, Pressing, etc.), cutting, Hypogastrium, menses, before, after",پیٹ — درد، کاٹتا ہوا، ناف کے نیچے کے حصے میں، حیض کے بعد,3,3,یکساں
r1960,"PAIN, cutting, hypogastrium, menses, as though menses would reappear","PAIN, aching, dull pain (See Boring, Drawing, Distress, Digging, Gnawing, Pressing, etc.), cutting, Hypogastrium, menses, before, as though menses would reappear",پیٹ — درد، کاٹتا ہوا، ناف کے نیچے کے حصے میں، حیض، جیسے حیض پھر آنے والا ہو,4,4,یکساں
r1972,"PAIN, cutting, iliac region, fossa, extending to rectum","PAIN, aching, dull pain (See Boring, Drawing, Distress, Digging, Gnawing, Pressing, etc.), cutting, Iliac region, fossa, right to left, extending to rectum",پیٹ — درد، کاٹتا ہوا، کولھے کی طرف، گڑھا، مقعد تک پھیلتا ہوا,1,1,یکساں
r2065,"PAIN, dragging, flatus, after, amel.","PAIN, aching, dull pain (See Boring, Drawing, Distress, Digging, Gnawing, Pressing, etc.), dragging, bearing down, flatus, after, amel.",پیٹ — درد، نیچے کو کھینچنے والا، ریاح کے بعد آرام,1,1,یکساں
r2079,"PAIN, dragging, supper, after, amel.","PAIN, aching, dull pain (See Boring, Drawing, Distress, Digging, Gnawing, Pressing, etc.), dragging, bearing down, supper, after, amel.",پیٹ — درد، نیچے کو کھینچنے والا، رات کے کھانے کے بعد آرام,1,1,یکساں
r2224,"PAIN, lancinating, inguinal region, menses, after","PAIN, aching, dull pain (See Boring, Drawing, Distress, Digging, Gnawing, Pressing, etc.), lancinating, Inguinal region, menses, during, after",پیٹ — درد، نشتر جیسا، کچھوں کا علاقہ، حیض کے بعد,1,1,یکساں
r2265,"PAIN, pressing, stool, after, normal","PAIN, aching, dull pain (See Boring, Drawing, Distress, Digging, Gnawing, Pressing, etc.), pressing, stool, before, after, normal",پیٹ — درد، دبانے والا، پاخانے کے بعد، عام,1,1,یکساں
r2269,"PAIN, pressing, urination, at the close of, pressing toward genitals","PAIN, aching, dull pain (See Boring, Drawing, Distress, Digging, Gnawing, Pressing, etc.), pressing, urination, during, at the close of, pressing toward genitals",پیٹ — درد، دبانے والا، پیشاب کے آخر میں، شرمگاہ کی طرف دباؤ,1,1,یکساں
r2299,"PAIN, pressing, hypochondria, menses, after","PAIN, aching, dull pain (See Boring, Drawing, Distress, Digging, Gnawing, Pressing, etc.), pressing, Hypochondria, menses, during, after",پیٹ — درد، دبانے والا، بغل کے نچلے حصے میں، حیض کے بعد,1,1,یکساں
r2304,"PAIN, pressing, hypochondria, standing, amel.","PAIN, aching, dull pain (See Boring, Drawing, Distress, Digging, Gnawing, Pressing, etc.), pressing, Hypochondria, standing, on, amel.",پیٹ — درد، دبانے والا، بغل کے نچلے حصے میں، کھڑے ہونے سے آرام,1,1,یکساں
r2310,"PAIN, pressing, hypochondria, walking, amel.","PAIN, aching, dull pain (See Boring, Drawing, Distress, Digging, Gnawing, Pressing, etc.), pressing, Hypochondria, walking, while, amel.",پیٹ — درد، دبانے والا، بغل کے نچلے حصے میں، چلنے سے آرام,1,1,یکساں
r2333,"PAIN, pressing, hypogastrium, lying, on the back","PAIN, aching, dull pain (See Boring, Drawing, Distress, Digging, Gnawing, Pressing, etc.), pressing, Hypogastrium, lying, while, on the back",پیٹ — درد، دبانے والا، ناف کے نیچے کے حصے میں، چت لیٹنے سے,1,1,یکساں
r2335,"PAIN, pressing, hypogastrium, menses, during","PAIN, aching, dull pain (See Boring, Drawing, Distress, Digging, Gnawing, Pressing, etc.), pressing, Hypogastrium, menses, before, during",پیٹ — درد، دبانے والا، ناف کے نیچے کے حصے میں، حیض کے دوران,14,14,یکساں
r2342,"PAIN, pressing, hypogastrium, sitting, bent","PAIN, aching, dull pain (See Boring, Drawing, Distress, Digging, Gnawing, Pressing, etc.), pressing, Hypogastrium, sitting, while, bent",پیٹ — درد، دبانے والا، ناف کے نیچے کے حصے میں، جھک کر بیٹھنے سے,1,1,یکساں
r2344,"PAIN, pressing, hypogastrium, stool, during","PAIN, aching, dull pain (See Boring, Drawing, Distress, Digging, Gnawing, Pressing, etc.), pressing, Hypogastrium, stool, before, during",پیٹ — درد، دبانے والا، ناف کے نیچے کے حصے میں، پاخانے کے دوران,5,5,یکساں
r2345,"PAIN, pressing, hypogastrium, stool, after","PAIN, aching, dull pain (See Boring, Drawing, Distress, Digging, Gnawing, Pressing, etc.), pressing, Hypogastrium, stool, before, after",پیٹ — درد، دبانے والا، ناف کے نیچے کے حصے میں، پاخانے کے بعد,2,2,یکساں
r2349,"PAIN, pressing, hypogastrium, urination, after","PAIN, aching, dull pain (See Boring, Drawing, Distress, Digging, Gnawing, Pressing, etc.), pressing, Hypogastrium, urination, during, after",پیٹ — درد، دبانے والا، ناف کے نیچے کے حصے میں، پیشاب کے بعد,1,1,یکساں
r2351,"PAIN, pressing, hypogastrium, walking, amel.","PAIN, aching, dull pain (See Boring, Drawing, Distress, Digging, Gnawing, Pressing, etc.), pressing, Hypogastrium, walking, while, amel.",پیٹ — درد، دبانے والا، ناف کے نیچے کے حصے میں، چلنے سے آرام,1,1,یکساں
r2365,"PAIN, pressing, inguinal region, menses, after","PAIN, aching, dull pain (See Boring, Drawing, Distress, Digging, Gnawing, Pressing, etc.), pressing, Inguinal region, menses, during, after",پیٹ — درد، دبانے والا، کچھوں کا علاقہ، حیض کے بعد,1,1,یکساں
r2368,"PAIN, pressing, inguinal region, sitting, bent","PAIN, aching, dull pain (See Boring, Drawing, Distress, Digging, Gnawing, Pressing, etc.), pressing, Inguinal region, sitting, while, bent",پیٹ — درد، دبانے والا، کچھوں کا علاقہ، جھک کر بیٹھنے سے,1,1,یکساں
r2370,"PAIN, pressing, inguinal region, standing, amel.","PAIN, aching, dull pain (See Boring, Drawing, Distress, Digging, Gnawing, Pressing, etc.), pressing, Inguinal region, standing, while, amel.",پیٹ — درد، دبانے والا، کچھوں کا علاقہ، کھڑے ہونے سے آرام,1,1,یکساں
r2513,"PAIN, stitching, morning, walking, while","PAIN, aching, dull pain (See Boring, Drawing, Distress, Digging, Gnawing, Pressing, etc.), stitching (sticking, etc.), morning, walking, while",پیٹ — درد، چبھتا ہوا، صبح، چلتے ہوئے,1,1,یکساں
r2580,"PAIN, stitching, hip, region of, extending to small of back when coughing","PAIN, aching, dull pain (See Boring, Drawing, Distress, Digging, Gnawing, Pressing, etc.), stitching (sticking, etc.), Hip, region of, extending to small of back when coughing",پیٹ — درد، چبھتا ہوا، کولھے کا علاقہ، کھانستے وقت کمر کے نچلے حصے تک پھیلتا ہوا,1,1,یکساں
r2583,"PAIN, stitching, hypochondria, right, to left","PAIN, aching, dull pain (See Boring, Drawing, Distress, Digging, Gnawing, Pressing, etc.), stitching (sticking, etc.), Hypochondria, right, to left",پیٹ — درد، چبھتا ہوا، دائیں بغل کے نچلے حصے میں، بائیں طرف,1,1,یکساں
r2584,"PAIN, stitching, hypochondria, right, bending to left","PAIN, aching, dull pain (See Boring, Drawing, Distress, Digging, Gnawing, Pressing, etc.), stitching (sticking, etc.), Hypochondria, right, bending to left",پیٹ — درد، چبھتا ہوا، دائیں بغل کے نچلے حصے میں، بائیں طرف جھکنے سے,1,1,یکساں
r2585,"PAIN, stitching, hypochondria, right, extending to back","PAIN, aching, dull pain (See Boring, Drawing, Distress, Digging, Gnawing, Pressing, etc.), stitching (sticking, etc.), Hypochondria, right, extending to back",پیٹ — درد، چبھتا ہوا، دائیں بغل کے نچلے حصے میں، پیٹھ تک پھیلتا ہوا,2,2,یکساں
r2588,"PAIN, stitching, hypochondria, left, to chest when clearing throat","PAIN, aching, dull pain (See Boring, Drawing, Distress, Digging, Gnawing, Pressing, etc.), stitching (sticking, etc.), Hypochondria, left, to chest when clearing throat",پیٹ — درد، چبھتا ہوا، بائیں بغل کے نچلے حصے میں، گلا صاف کرتے وقت سینے تک,1,1,یکساں
r2589,"PAIN, stitching, hypochondria, left, to right","PAIN, aching, dull pain (See Boring, Drawing, Distress, Digging, Gnawing, Pressing, etc.), stitching (sticking, etc.), Hypochondria, left, to right",پیٹ — درد، چبھتا ہوا، بائیں بغل کے نچلے حصے میں، دائیں طرف,1,1,یکساں
r2592,"PAIN, stitching, hypochondria, morning, 8 a.m.","PAIN, aching, dull pain (See Boring, Drawing, Distress, Digging, Gnawing, Pressing, etc.), stitching (sticking, etc.), Hypochondria, morning, 8 a.m.",پیٹ — درد، چبھتا ہوا، بغل کے نچلے حصے میں، صبح 8 بجے,1,1,یکساں
r2595,"PAIN, stitching, hypochondria, afternoon, 2 p.m.","PAIN, aching, dull pain (See Boring, Drawing, Distress, Digging, Gnawing, Pressing, etc.), stitching (sticking, etc.), Hypochondria, afternoon, 2 p.m.",پیٹ — درد، چبھتا ہوا، بغل کے نچلے حصے میں، سہ پہر 2 بجے,2,2,یکساں
r2596,"PAIN, stitching, hypochondria, afternoon, 3 p.m.","PAIN, aching, dull pain (See Boring, Drawing, Distress, Digging, Gnawing, Pressing, etc.), stitching (sticking, etc.), Hypochondria, afternoon, 3 p.m.",پیٹ — درد، چبھتا ہوا، بغل کے نچلے حصے میں، سہ پہر 3 بجے,1,1,یکساں
r2599,"PAIN, stitching, hypochondria, air, open","PAIN, aching, dull pain (See Boring, Drawing, Distress, Digging, Gnawing, Pressing, etc.), stitching (sticking, etc.), Hypochondria, air, open",پیٹ — درد، چبھتا ہوا، بغل کے نچلے حصے میں، کھلی ہوا میں,2,2,یکساں
r2604,"PAIN, stitching, hypochondria, cold drink, after","PAIN, aching, dull pain (See Boring, Drawing, Distress, Digging, Gnawing, Pressing, etc.), stitching (sticking, etc.), Hypochondria, cold drink, after",پیٹ — درد، چبھتا ہوا، بغل کے نچلے حصے میں، ٹھنڈا مشروب پینے کے بعد,1,1,یکساں
r2605,"PAIN, stitching, hypochondria, coughing, during","PAIN, aching, dull pain (See Boring, Drawing, Distress, Digging, Gnawing, Pressing, etc.), stitching (sticking, etc.), Hypochondria, coughing, during",پیٹ — درد، چبھتا ہوا، بغل کے نچلے حصے میں، کھانسی کے دوران,11,11,یکساں
r2606,"PAIN, stitching, hypochondria, dinner, after","PAIN, aching, dull pain (See Boring, Drawing, Distress, Digging, Gnawing, Pressing, etc.), stitching (sticking, etc.), Hypochondria, dinner, after",پیٹ — درد، چبھتا ہوا، بغل کے نچلے حصے میں، دوپہر کے کھانے کے بعد,7,7,یکساں
r2607,"PAIN, stitching, hypochondria, eating, while","PAIN, aching, dull pain (See Boring, Drawing, Distress, Digging, Gnawing, Pressing, etc.), stitching (sticking, etc.), Hypochondria, eating, while",پیٹ — درد، چبھتا ہوا، بغل کے نچلے حصے میں، کھاتے ہوئے,1,1,یکساں
r2609,"PAIN, stitching, hypochondria, exertion, on","PAIN, aching, dull pain (See Boring, Drawing, Distress, Digging, Gnawing, Pressing, etc.), stitching (sticking, etc.), Hypochondria, exertion, on",پیٹ — درد، چبھتا ہوا، بغل کے نچلے حصے میں، مشقت پر,1,1,یکساں
r2610,"PAIN, stitching, hypochondria, expiration, on","PAIN, aching, dull pain (See Boring, Drawing, Distress, Digging, Gnawing, Pressing, etc.), stitching (sticking, etc.), Hypochondria, expiration, on",پیٹ — درد، چبھتا ہوا، بغل کے نچلے حصے میں، سانس باہر نکالنے پر,1,1,یکساں
r2611,"PAIN, stitching, hypochondria, inspiration, on","PAIN, aching, dull pain (See Boring, Drawing, Distress, Digging, Gnawing, Pressing, etc.), stitching (sticking, etc.), Hypochondria, inspiration, on",پیٹ — درد، چبھتا ہوا، بغل کے نچلے حصے میں، سانس اندر لینے پر,16,16,یکساں
r2613,"PAIN, stitching, hypochondria, jumping, on","PAIN, aching, dull pain (See Boring, Drawing, Distress, Digging, Gnawing, Pressing, etc.), stitching (sticking, etc.), Hypochondria, jumping, on",پیٹ — درد، چبھتا ہوا، بغل کے نچلے حصے میں، اچھلنے پر,1,1,یکساں
r2614,"PAIN, stitching, hypochondria, laughing, on","PAIN, aching, dull pain (See Boring, Drawing, Distress, Digging, Gnawing, Pressing, etc.), stitching (sticking, etc.), Hypochondria, laughing, on",پیٹ — درد، چبھتا ہوا، بغل کے نچلے حصے میں، ہنسنے پر,2,2,یکساں
r2616,"PAIN, stitching, hypochondria, lying down, after amel.","PAIN, aching, dull pain (See Boring, Drawing, Distress, Digging, Gnawing, Pressing, etc.), stitching (sticking, etc.), Hypochondria, lying down, after amel.",پیٹ — درد، چبھتا ہوا، بغل کے نچلے حصے میں، لیٹنے کے بعد آرام,1,1,یکساں
r2619,"PAIN, stitching, hypochondria, menses, before","PAIN, aching, dull pain (See Boring, Drawing, Distress, Digging, Gnawing, Pressing, etc.), stitching (sticking, etc.), Hypochondria, menses, before",پیٹ — درد، چبھتا ہوا، بغل کے نچلے حصے میں، حیض سے پہلے,1,1,یکساں
r2621,"PAIN, stitching, hypochondria, motion, on","PAIN, aching, dull pain (See Boring, Drawing, Distress, Digging, Gnawing, Pressing, etc.), stitching (sticking, etc.), Hypochondria, motion, on",پیٹ — درد، چبھتا ہوا، بغل کے نچلے حصے میں، حرکت پر,4,4,یکساں
r2624,"PAIN, stitching, hypochondria, riding in a carriage, while","PAIN, aching, dull pain (See Boring, Drawing, Distress, Digging, Gnawing, Pressing, etc.), stitching (sticking, etc.), Hypochondria, riding in a carriage, while",پیٹ — درد، چبھتا ہوا، بغل کے نچلے حصے میں، بگھی میں سفر کرتے ہوئے,1,1,یکساں
r2629,"PAIN, stitching, hypochondria, sneezing, on","PAIN, aching, dull pain (See Boring, Drawing, Distress, Digging, Gnawing, Pressing, etc.), stitching (sticking, etc.), Hypochondria, sneezing, on",پیٹ — درد، چبھتا ہوا، بغل کے نچلے حصے میں، چھینکنے پر,1,1,یکساں
r2630,"PAIN, stitching, hypochondria, spinning, while","PAIN, aching, dull pain (See Boring, Drawing, Distress, Digging, Gnawing, Pressing, etc.), stitching (sticking, etc.), Hypochondria, spinning, while",پیٹ — درد، چبھتا ہوا، بغل کے نچلے حصے میں، کاتتے ہوئے,1,1,یکساں
r2631,"PAIN, stitching, hypochondria, standing, while","PAIN, aching, dull pain (See Boring, Drawing, Distress, Digging, Gnawing, Pressing, etc.), stitching (sticking, etc.), Hypochondria, standing, while",پیٹ — درد، چبھتا ہوا، بغل کے نچلے حصے میں، کھڑے ہوئے,4,4,یکساں
r2632,"PAIN, stitching, hypochondria, stool, during","PAIN, aching, dull pain (See Boring, Drawing, Distress, Digging, Gnawing, Pressing, etc.), stitching (sticking, etc.), Hypochondria, stool, during",پیٹ — درد، چبھتا ہوا، بغل کے نچلے حصے میں، پاخانے کے دوران,1,1,یکساں
r2633,"PAIN, stitching, hypochondria, stooping, on","PAIN, aching, dull pain (See Boring, Drawing, Distress, Digging, Gnawing, Pressing, etc.), stitching (sticking, etc.), Hypochondria, stooping, on",پیٹ — درد، چبھتا ہوا، بغل کے نچلے حصے میں، جھکنے پر,1,1,یکساں
r2635,"PAIN, stitching, hypochondria, supper, after","PAIN, aching, dull pain (See Boring, Drawing, Distress, Digging, Gnawing, Pressing, etc.), stitching (sticking, etc.), Hypochondria, supper, after",پیٹ — درد، چبھتا ہوا، بغل کے نچلے حصے میں، رات کے کھانے کے بعد,1,1,یکساں
r2654,"PAIN, stitching, hypogastrium, changing position, on","PAIN, aching, dull pain (See Boring, Drawing, Distress, Digging, Gnawing, Pressing, etc.), stitching (sticking, etc.), Hypogastrium, changing position, on",پیٹ — درد، چبھتا ہوا، ناف کے نیچے کے حصے میں، کرید بدلنے پر,1,1,یکساں
r2655,"PAIN, stitching, hypogastrium, coughing, on","PAIN, aching, dull pain (See Boring, Drawing, Distress, Digging, Gnawing, Pressing, etc.), stitching (sticking, etc.), Hypogastrium, coughing, on",پیٹ — درد، چبھتا ہوا، ناف کے نیچے کے حصے میں، کھانسنے پر,3,3,یکساں
r2656,"PAIN, stitching, hypogastrium, dinner, after","PAIN, aching, dull pain (See Boring, Drawing, Distress, Digging, Gnawing, Pressing, etc.), stitching (sticking, etc.), Hypogastrium, dinner, after",پیٹ — درد، چبھتا ہوا، ناف کے نیچے کے حصے میں، دوپہر کے کھانے کے بعد,1,1,یکساں
r2657,"PAIN, stitching, hypogastrium, drawing in abdomen, when","PAIN, aching, dull pain (See Boring, Drawing, Distress, Digging, Gnawing, Pressing, etc.), stitching (sticking, etc.), Hypogastrium, drawing in abdomen, when",پیٹ — درد، چبھتا ہوا، ناف کے نیچے کے حصے میں، پیٹ اندر کھینچتے وقت,1,1,یکساں
r2658,"PAIN, stitching, hypogastrium, menses, during","PAIN, aching, dull pain (See Boring, Drawing, Distress, Digging, Gnawing, Pressing, etc.), stitching (sticking, etc.), Hypogastrium, menses, during",پیٹ — درد، چبھتا ہوا، ناف کے نیچے کے حصے میں، حیض کے دوران,1,1,یکساں
r2660,"PAIN, stitching, hypogastrium, motion, on","PAIN, aching, dull pain (See Boring, Drawing, Distress, Digging, Gnawing, Pressing, etc.), stitching (sticking, etc.), Hypogastrium, motion, on",پیٹ — درد، چبھتا ہوا، ناف کے نیچے کے حصے میں، حرکت پر,4,4,یکساں
r2661,"PAIN, stitching, hypogastrium, pressure, on","PAIN, aching, dull pain (See Boring, Drawing, Distress, Digging, Gnawing, Pressing, etc.), stitching (sticking, etc.), Hypogastrium, pressure, on",پیٹ — درد، چبھتا ہوا، ناف کے نیچے کے حصے میں، دبانے پر,1,1,یکساں
r2663,"PAIN, stitching, hypogastrium, standing, while","PAIN, aching, dull pain (See Boring, Drawing, Distress, Digging, Gnawing, Pressing, etc.), stitching (sticking, etc.), Hypogastrium, standing, while",پیٹ — درد، چبھتا ہوا، ناف کے نیچے کے حصے میں، کھڑے ہوئے,1,1,یکساں
r2675,"PAIN, stitching, iliac region, menses, during","PAIN, aching, dull pain (See Boring, Drawing, Distress, Digging, Gnawing, Pressing, etc.), stitching (sticking, etc.), Iliac region, menses, during",پیٹ — درد، چبھتا ہوا، کولھے کی طرف، حیض کے دوران,1,1,یکساں
r2676,"PAIN, stitching, iliac region, sitting, while","PAIN, aching, dull pain (See Boring, Drawing, Distress, Digging, Gnawing, Pressing, etc.), stitching (sticking, etc.), Iliac region, sitting, while",پیٹ — درد، چبھتا ہوا، کولھے کی طرف، بیٹھے ہوئے,1,1,یکساں
r2680,"PAIN, stitching, ileo-caecal region, stool, after","PAIN, aching, dull pain (See Boring, Drawing, Distress, Digging, Gnawing, Pressing, etc.), stitching (sticking, etc.), Ileo-cæcal region, stool, after",پیٹ — درد، چبھتا ہوا، دائیں نچلے پیٹ کا علاقہ، پاخانے کے بعد,1,1,یکساں
r2685,"PAIN, stitching, ilium, crest of, extending to gluteal muscles","PAIN, aching, dull pain (See Boring, Drawing, Distress, Digging, Gnawing, Pressing, etc.), stitching (sticking, etc.), Ilium, crest of, extending to gluteal muscles",پیٹ — درد، چبھتا ہوا، کولھے کی ہڈی کا کنارہ، سرین کے پٹھوں تک پھیلتا ہوا,1,1,یکساں
r2691,"PAIN, stitching, inguinal region, right, extending to left mamma","PAIN, aching, dull pain (See Boring, Drawing, Distress, Digging, Gnawing, Pressing, etc.), stitching (sticking, etc.), Inguinal region, right, extending to left mamma",پیٹ — درد، چبھتا ہوا، دائیں کچھوں کا علاقہ، بائیں چھاتی تک پھیلتا ہوا,1,1,یکساں
r2694,"PAIN, stitching, inguinal region, left, to axilla","PAIN, aching, dull pain (See Boring, Drawing, Distress, Digging, Gnawing, Pressing, etc.), stitching (sticking, etc.), Inguinal region, left, to axilla",پیٹ — درد، چبھتا ہوا، بائیں کچھوں کا علاقہ، بغل تک,1,1,یکساں
r2703,"PAIN, stitching, inguinal region, cough, during","PAIN, aching, dull pain (See Boring, Drawing, Distress, Digging, Gnawing, Pressing, etc.), stitching (sticking, etc.), Inguinal region, cough, during",پیٹ — درد، چبھتا ہوا، کچھوں کا علاقہ، کھانسی کے دوران,2,2,یکساں
r2704,"PAIN, stitching, inguinal region, dinner, during","PAIN, aching, dull pain (See Boring, Drawing, Distress, Digging, Gnawing, Pressing, etc.), stitching (sticking, etc.), Inguinal region, dinner, during",پیٹ — درد، چبھتا ہوا، کچھوں کا علاقہ، دوپہر کے کھانے کے دوران,1,1,یکساں
r2705,"PAIN, stitching, inguinal region, eating, after","PAIN, aching, dull pain (See Boring, Drawing, Distress, Digging, Gnawing, Pressing, etc.), stitching (sticking, etc.), Inguinal region, eating, after",پیٹ — درد، چبھتا ہوا، کچھوں کا علاقہ، کھانے کے بعد,1,1,یکساں
r2706,"PAIN, stitching, inguinal region, emission, after","PAIN, aching, dull pain (See Boring, Drawing, Distress, Digging, Gnawing, Pressing, etc.), stitching (sticking, etc.), Inguinal region, emission, after",پیٹ — درد، چبھتا ہوا، کچھوں کا علاقہ، منی کے اخراج کے بعد,1,1,یکساں
r2707,"PAIN, stitching, inguinal region, hernia, in","PAIN, aching, dull pain (See Boring, Drawing, Distress, Digging, Gnawing, Pressing, etc.), stitching (sticking, etc.), Inguinal region, hernia, in",پیٹ — درد، چبھتا ہوا، کچھوں کا علاقہ، ہرنیا میں,1,1,یکساں
r2708,"PAIN, stitching, inguinal region, inspiration, on","PAIN, aching, dull pain (See Boring, Drawing, Distress, Digging, Gnawing, Pressing, etc.), stitching (sticking, etc.), Inguinal region, inspiration, on",پیٹ — درد، چبھتا ہوا، کچھوں کا علاقہ، سانس اندر لینے پر,2,2,یکساں
r2709,"PAIN, stitching, inguinal region, menses, during","PAIN, aching, dull pain (See Boring, Drawing, Distress, Digging, Gnawing, Pressing, etc.), stitching (sticking, etc.), Inguinal region, menses, during",پیٹ — درد، چبھتا ہوا، کچھوں کا علاقہ، حیض کے دوران,3,3,یکساں
r2711,"PAIN, stitching, inguinal region, moving, on","PAIN, aching, dull pain (See Boring, Drawing, Distress, Digging, Gnawing, Pressing, etc.), stitching (sticking, etc.), Inguinal region, moving, on",پیٹ — درد، چبھتا ہوا، کچھوں کا علاقہ، حرکت کرنے پر,2,2,یکساں
r2717,"PAIN, stitching, inguinal region, sitting, while","PAIN, aching, dull pain (See Boring, Drawing, Distress, Digging, Gnawing, Pressing, etc.), stitching (sticking, etc.), Inguinal region, sitting, while",پیٹ — درد، چبھتا ہوا، کچھوں کا علاقہ، بیٹھے ہوئے,3,3,یکساں
r2720,"PAIN, stitching, inguinal region, stool, before","PAIN, aching, dull pain (See Boring, Drawing, Distress, Digging, Gnawing, Pressing, etc.), stitching (sticking, etc.), Inguinal region, stool, before",پیٹ — درد، چبھتا ہوا، کچھوں کا علاقہ، پاخانے سے پہلے,1,1,یکساں
r2723,"PAIN, stitching, inguinal region, stooping, on","PAIN, aching, dull pain (See Boring, Drawing, Distress, Digging, Gnawing, Pressing, etc.), stitching (sticking, etc.), Inguinal region, stooping, on",پیٹ — درد، چبھتا ہوا، کچھوں کا علاقہ، جھکنے پر,3,3,یکساں
r2724,"PAIN, stitching, inguinal region, stretching out, on","PAIN, aching, dull pain (See Boring, Drawing, Distress, Digging, Gnawing, Pressing, etc.), stitching (sticking, etc.), Inguinal region, stretching out, on",پیٹ — درد، چبھتا ہوا، کچھوں کا علاقہ، تانی لینے پر,2,2,یکساں
r2727,"PAIN, stitching, inguinal region, walking, amel.","PAIN, aching, dull pain (See Boring, Drawing, Distress, Digging, Gnawing, Pressing, etc.), stitching (sticking, etc.), Inguinal region, walking, amel.",پیٹ — درد، چبھتا ہوا، کچھوں کا علاقہ، چلنے سے آرام,2,2,یکساں
r2741,"PAIN, stitching, liver, breathing, on","PAIN, aching, dull pain (See Boring, Drawing, Distress, Digging, Gnawing, Pressing, etc.), stitching (sticking, etc.), Liver, breathing, on",پیٹ — درد، چبھتا ہوا، جگر، سانس لینے پر,11,11,یکساں
r2742,"PAIN, stitching, liver, coughing, from","PAIN, aching, dull pain (See Boring, Drawing, Distress, Digging, Gnawing, Pressing, etc.), stitching (sticking, etc.), Liver, coughing, from",پیٹ — درد، چبھتا ہوا، جگر، کھانسنے سے,6,6,یکساں
r2747,"PAIN, stitching, liver, menses, before","PAIN, aching, dull pain (See Boring, Drawing, Distress, Digging, Gnawing, Pressing, etc.), stitching (sticking, etc.), Liver, menses, before",پیٹ — درد، چبھتا ہوا، جگر، حیض سے پہلے,1,1,یکساں
r2748,"PAIN, stitching, liver, motion, on","PAIN, aching, dull pain (See Boring, Drawing, Distress, Digging, Gnawing, Pressing, etc.), stitching (sticking, etc.), Liver, motion, on",پیٹ — درد، چبھتا ہوا، جگر، حرکت پر,3,3,یکساں
r2751,"PAIN, stitching, liver, supper, after","PAIN, aching, dull pain (See Boring, Drawing, Distress, Digging, Gnawing, Pressing, etc.), stitching (sticking, etc.), Liver, supper, after",پیٹ — درد، چبھتا ہوا، جگر، رات کے کھانے کے بعد,1,1,یکساں
r2753,"PAIN, stitching, liver, walking, amel.","PAIN, aching, dull pain (See Boring, Drawing, Distress, Digging, Gnawing, Pressing, etc.), stitching (sticking, etc.), Liver, walking, amel.",پیٹ — درد، چبھتا ہوا، جگر، چلنے سے آرام,1,1,یکساں
r2762,"PAIN, stitching, sides, left, to right","PAIN, aching, dull pain (See Boring, Drawing, Distress, Digging, Gnawing, Pressing, etc.), stitching (sticking, etc.), Sides, left, to right",پیٹ — درد، چبھتا ہوا، بائیں پہلو میں، دائیں طرف,1,1,یکساں
r2767,"PAIN, stitching, sides, blowing nose, on","PAIN, aching, dull pain (See Boring, Drawing, Distress, Digging, Gnawing, Pressing, etc.), stitching (sticking, etc.), Sides, blowing nose, on",پیٹ — درد، چبھتا ہوا، پہلوؤں میں، ناک صاف کرنے پر,1,1,یکساں
r2768,"PAIN, stitching, sides, coughing, on","PAIN, aching, dull pain (See Boring, Drawing, Distress, Digging, Gnawing, Pressing, etc.), stitching (sticking, etc.), Sides, coughing, on",پیٹ — درد، چبھتا ہوا، پہلوؤں میں، کھانسنے پر,8,8,یکساں
r2769,"PAIN, stitching, sides, eating, after","PAIN, aching, dull pain (See Boring, Drawing, Distress, Digging, Gnawing, Pressing, etc.), stitching (sticking, etc.), Sides, eating, after",پیٹ — درد، چبھتا ہوا، پہلوؤں میں، کھانے کے بعد,1,1,یکساں
r2770,"PAIN, stitching, sides, hiccoughing, on","PAIN, aching, dull pain (See Boring, Drawing, Distress, Digging, Gnawing, Pressing, etc.), stitching (sticking, etc.), Sides, hiccoughing, on",پیٹ — درد، چبھتا ہوا، پہلوؤں میں، ہچکی لگنے پر,1,1,یکساں
r2771,"PAIN, stitching, sides, inspiration, on","PAIN, aching, dull pain (See Boring, Drawing, Distress, Digging, Gnawing, Pressing, etc.), stitching (sticking, etc.), Sides, inspiration, on",پیٹ — درد، چبھتا ہوا، پہلوؤں میں، سانس اندر لینے پر,6,6,یکساں
r2775,"PAIN, stitching, sides, motion, on","PAIN, aching, dull pain (See Boring, Drawing, Distress, Digging, Gnawing, Pressing, etc.), stitching (sticking, etc.), Sides, motion, on",پیٹ — درد، چبھتا ہوا، پہلوؤں میں، حرکت پر,4,4,یکساں
r2781,"PAIN, stitching, sides, standing, while","PAIN, aching, dull pain (See Boring, Drawing, Distress, Digging, Gnawing, Pressing, etc.), stitching (sticking, etc.), Sides, standing, while",پیٹ — درد، چبھتا ہوا، پہلوؤں میں، کھڑے ہوئے,1,1,یکساں
r2782,"PAIN, stitching, sides, stool, during","PAIN, aching, dull pain (See Boring, Drawing, Distress, Digging, Gnawing, Pressing, etc.), stitching (sticking, etc.), Sides, stool, during",پیٹ — درد، چبھتا ہوا، پہلوؤں میں، پاخانے کے دوران,2,2,یکساں
r2783,"PAIN, stitching, sides, stooping, on","PAIN, aching, dull pain (See Boring, Drawing, Distress, Digging, Gnawing, Pressing, etc.), stitching (sticking, etc.), Sides, stooping, on",پیٹ — درد، چبھتا ہوا، پہلوؤں میں، جھکنے پر,2,2,یکساں
r2784,"PAIN, stitching, sides, stretching, out","PAIN, aching, dull pain (See Boring, Drawing, Distress, Digging, Gnawing, Pressing, etc.), stitching (sticking, etc.), Sides, stretching, out",پیٹ — درد، چبھتا ہوا، پہلوؤں میں، تانی لینے سے,1,1,یکساں
r2785,"PAIN, stitching, sides, supper, after","PAIN, aching, dull pain (See Boring, Drawing, Distress, Digging, Gnawing, Pressing, etc.), stitching (sticking, etc.), Sides, supper, after",پیٹ — درد، چبھتا ہوا، پہلوؤں میں، رات کے کھانے کے بعد,1,1,یکساں
r2799,"PAIN, stitching, sides, flank, in","PAIN, aching, dull pain (See Boring, Drawing, Distress, Digging, Gnawing, Pressing, etc.), stitching (sticking, etc.), Sides, flank, in",پیٹ — درد، چبھتا ہوا، پہلوؤں میں، پہلو کے اندر,20,20,یکساں
r2803,"PAIN, stitching, spleen, breathing deeply, on","PAIN, aching, dull pain (See Boring, Drawing, Distress, Digging, Gnawing, Pressing, etc.), stitching (sticking, etc.), Spleen, breathing deeply, on",پیٹ — درد، چبھتا ہوا، تلی میں، گہری سانس لینے پر,9,9,یکساں
r2805,"PAIN, stitching, spleen, eating, while","PAIN, aching, dull pain (See Boring, Drawing, Distress, Digging, Gnawing, Pressing, etc.), stitching (sticking, etc.), Spleen, eating, while",پیٹ — درد، چبھتا ہوا، تلی میں، کھاتے ہوئے,1,1,یکساں
r2806,"PAIN, stitching, spleen, lying, while","PAIN, aching, dull pain (See Boring, Drawing, Distress, Digging, Gnawing, Pressing, etc.), stitching (sticking, etc.), Spleen, lying, while",پیٹ — درد، چبھتا ہوا، تلی میں، لیٹے ہوئے,1,1,یکساں
r2807,"PAIN, stitching, spleen, menses, during","PAIN, aching, dull pain (See Boring, Drawing, Distress, Digging, Gnawing, Pressing, etc.), stitching (sticking, etc.), Spleen, menses, during",پیٹ — درد، چبھتا ہوا، تلی میں، حیض کے دوران,1,1,یکساں
r2811,"PAIN, stitching, spleen, stooping, on","PAIN, aching, dull pain (See Boring, Drawing, Distress, Digging, Gnawing, Pressing, etc.), stitching (sticking, etc.), Spleen, stooping, on",پیٹ — درد، چبھتا ہوا، تلی میں، جھکنے پر,1,1,یکساں
r2812,"PAIN, stitching, spleen, walking, while","PAIN, aching, dull pain (See Boring, Drawing, Distress, Digging, Gnawing, Pressing, etc.), stitching (sticking, etc.), Spleen, walking, while",پیٹ — درد، چبھتا ہوا، تلی میں، چلتے ہوئے,11,11,یکساں
r2818,"PAIN, stitching, umbilicus, motion, on","PAIN, aching, dull pain (See Boring, Drawing, Distress, Digging, Gnawing, Pressing, etc.), stitching (sticking, etc.), Umbilicus, motion, on",پیٹ — درد، چبھتا ہوا، ناف میں، حرکت پر,1,1,یکساں
r2821,"PAIN, stitching, umbilicus, standing, while","PAIN, aching, dull pain (See Boring, Drawing, Distress, Digging, Gnawing, Pressing, etc.), stitching (sticking, etc.), Umbilicus, standing, while",پیٹ — درد، چبھتا ہوا، ناف میں، کھڑے ہوئے,1,1,یکساں
r2823,"PAIN, stitching, umbilicus, waking, on","PAIN, aching, dull pain (See Boring, Drawing, Distress, Digging, Gnawing, Pressing, etc.), stitching (sticking, etc.), Umbilicus, waking, on",پیٹ — درد، چبھتا ہوا، ناف میں، جاگنے پر,1,1,یکساں
r2834,"PAIN, stitching, umbilicus, region of, extending to uterus","PAIN, aching, dull pain (See Boring, Drawing, Distress, Digging, Gnawing, Pressing, etc.), stitching (sticking, etc.), Umbilicus, region of, extending to uterus",پیٹ — درد، چبھتا ہوا، ناف کا علاقہ، رحم تک پھیلتا ہوا,1,1,یکساں
r2835,"PAIN, stitching, umbilicus, region of, sides","PAIN, aching, dull pain (See Boring, Drawing, Distress, Digging, Gnawing, Pressing, etc.), stitching (sticking, etc.), Umbilicus, region of, sides",پیٹ — درد، چبھتا ہوا، ناف کا علاقہ، پہلوؤں میں,9,9,یکساں
r768,"PAIN, chill, during, with, and suppressed menses","PAIN, aching, dull pain (See Boring, Drawing, Distress, Digging, Gnawing, Pressing, etc.), chill, before, during, with, and suppressed menses",پیٹ — درد، سردی لگنے کے دوران، حیض رک جانے کے ساتھ,1,1,یکساں
r836,"PAIN, lying, on side, right, amel.","PAIN, aching, dull pain (See Boring, Drawing, Distress, Digging, Gnawing, Pressing, etc.), lying, while, on side, right, amel.",پیٹ — درد، دائیں کروٹ لیٹنے سے آرام,3,3,یکساں
r844,"PAIN, menses, during, flow becomes free, amel. when","PAIN, aching, dull pain (See Boring, Drawing, Distress, Digging, Gnawing, Pressing, etc.), menses, before, during, flow becomes free, amel. when",پیٹ — درد، حیض کے دوران، جب خون کھل کر آئے تو آرام,8,8,یکساں
r845,"PAIN, menses, during, hard, steady","PAIN, aching, dull pain (See Boring, Drawing, Distress, Digging, Gnawing, Pressing, etc.), menses, before, during, hard, steady",پیٹ — درد، حیض کے دوران، سخت، مسلسل,1,1,یکساں
o1448,"PAIN, extending, all parts of body","PAIN, aching, dull pain (See Boring, Drawing, Distress, Digging, Gnawing, Pressing, etc.), extending across, all parts of body",پیٹ — درد، پھیلتا ہوا، جسم کے تمام حصوں تک,1,1,یکساں
o1449,"PAIN, extending, anus","PAIN, aching, dull pain (See Boring, Drawing, Distress, Digging, Gnawing, Pressing, etc.), extending across, anus",پیٹ — درد، پھیلتا ہوا، مقعد تک,13,13,یکساں
o1450,"PAIN, extending, axilla","PAIN, aching, dull pain (See Boring, Drawing, Distress, Digging, Gnawing, Pressing, etc.), extending across, axilla",پیٹ — درد، پھیلتا ہوا، بغل تک,1,1,یکساں
o1473,"PAIN, extending, oesophagus","PAIN, aching, dull pain (See Boring, Drawing, Distress, Digging, Gnawing, Pressing, etc.), extending across, œsophagus",پیٹ — درد، پھیلتا ہوا، غذا کی نالی تک,1,1,یکساں
o2415,"PAIN, stitching, hypochondria, lying, side, on","PAIN, aching, dull pain (See Boring, Drawing, Distress, Digging, Gnawing, Pressing, etc.), stitching (sticking, etc.), Hypochondria, lying down, after amel., side, on",پیٹ — درد، چبھتا ہوا، بغل کے نچلے حصے میں، کروٹ لیٹنے سے,1,1,یکساں
o2893,"PAIN, warm, milk amel.","PAIN, aching, dull pain (See Boring, Drawing, Distress, Digging, Gnawing, Pressing, etc.), warm drinks amel., milk amel.",پیٹ — درد، گرم، دودھ سے آرام,3,3,یکساں
o2894,"PAIN, warm, room amel.","PAIN, aching, dull pain (See Boring, Drawing, Distress, Digging, Gnawing, Pressing, etc.), warm drinks amel., room amel.",پیٹ — درد، گرم، کمرے سے آرام,2,2,یکساں
o2895,"PAIN, warm, soup amel.","PAIN, aching, dull pain (See Boring, Drawing, Distress, Digging, Gnawing, Pressing, etc.), warm drinks amel., soup amel.",پیٹ — درد، گرم، شوربے سے آرام,2,2,یکساں
o401,"FULLNESS, eating, after","FULLNESS, sensation of, eating, while, after",پیٹ — بھراؤ، کھانے کے بعد,39,39,یکساں
o402,"FULLNESS, eating, amel.","FULLNESS, sensation of, eating, while, amel.",پیٹ — بھراؤ، کھانے سے آرام,1,1,یکساں
o678,"PAIN, alternating with, affections of eyes","PAIN, aching, dull pain (See Boring, Drawing, Distress, Digging, Gnawing, Pressing, etc.), alternating with pain in chest, affections of eyes",پیٹ — درد، باری باری، آنکھوں کے امراض کے ساتھ,1,1,یکساں
o679,"PAIN, alternating with, headache","PAIN, aching, dull pain (See Boring, Drawing, Distress, Digging, Gnawing, Pressing, etc.), alternating with pain in chest, headache",پیٹ — درد، باری باری، سر درد کے ساتھ,2,2,یکساں
o680,"PAIN, alternating with, pain in joints","PAIN, aching, dull pain (See Boring, Drawing, Distress, Digging, Gnawing, Pressing, etc.), alternating with pain in chest, pain in joints",پیٹ — درد، باری باری، جوڑوں کے درد کے ساتھ,1,1,یکساں
o826,"PAIN, comes, quickly and goes quickly","PAIN, aching, dull pain (See Boring, Drawing, Distress, Digging, Gnawing, Pressing, etc.), comes gradually and goes gradually, quickly and goes quickly",پیٹ — درد، اچانک آئے اور اچانک جائے,2,2,یکساں
r1020,"PAIN, hypochondria, morning","PAIN, aching, dull pain (See Boring, Drawing, Distress, Digging, Gnawing, Pressing, etc.), Hypochondria, morning",پیٹ — درد، بغل کے نچلے حصے میں، صبح,9,9,یکساں
r1021,"PAIN, hypochondria, forenoon","PAIN, aching, dull pain (See Boring, Drawing, Distress, Digging, Gnawing, Pressing, etc.), Hypochondria, forenoon",پیٹ — درد، بغل کے نچلے حصے میں، دوپہر سے پہلے,4,4,یکساں
r1022,"PAIN, hypochondria, noon","PAIN, aching, dull pain (See Boring, Drawing, Distress, Digging, Gnawing, Pressing, etc.), Hypochondria, noon",پیٹ — درد، بغل کے نچلے حصے میں، دوپہر,1,1,یکساں
r1026,"PAIN, hypochondria, evening","PAIN, aching, dull pain (See Boring, Drawing, Distress, Digging, Gnawing, Pressing, etc.), Hypochondria, evening",پیٹ — درد، بغل کے نچلے حصے میں، شام,14,14,یکساں
r1033,"PAIN, hypochondria, alternating with oppression of chest","PAIN, aching, dull pain (See Boring, Drawing, Distress, Digging, Gnawing, Pressing, etc.), Hypochondria, alternating with oppression of chest",پیٹ — درد، بغل کے نچلے حصے میں، سینے کے دباؤ کے ساتھ باری باری,1,1,یکساں
r1040,"PAIN, hypochondria, breathing","PAIN, aching, dull pain (See Boring, Drawing, Distress, Digging, Gnawing, Pressing, etc.), Hypochondria, breathing",پیٹ — درد، بغل کے نچلے حصے میں، سانس لینے سے,7,7,یکساں
r1046,"PAIN, hypochondria, eructation amel.","PAIN, aching, dull pain (See Boring, Drawing, Distress, Digging, Gnawing, Pressing, etc.), Hypochondria, eructation amel.",پیٹ — درد، بغل کے نچلے حصے میں، ڈکار سے آرام,1,1,یکساں
r1048,"PAIN, hypochondria, expiration","PAIN, aching, dull pain (See Boring, Drawing, Distress, Digging, Gnawing, Pressing, etc.), Hypochondria, expiration",پیٹ — درد، بغل کے نچلے حصے میں، سانس باہر نکالنے سے,1,1,یکساں
r1049,"PAIN, hypochondria, inspiration","PAIN, aching, dull pain (See Boring, Drawing, Distress, Digging, Gnawing, Pressing, etc.), Hypochondria, inspiration",پیٹ — درد، بغل کے نچلے حصے میں، سانس اندر لینے سے,9,9,یکساں
r1050,"PAIN, hypochondria, jarring agg.","PAIN, aching, dull pain (See Boring, Drawing, Distress, Digging, Gnawing, Pressing, etc.), Hypochondria, jarring agg.",پیٹ — درد، بغل کے نچلے حصے میں، ہلنے سے بگاڑ,5,5,یکساں
r1053,"PAIN, hypochondria, lying on painful side agg.","PAIN, aching, dull pain (See Boring, Drawing, Distress, Digging, Gnawing, Pressing, etc.), Hypochondria, lying on painful side agg.",پیٹ — درد، بغل کے نچلے حصے میں، درد والی طرف لیٹنے سے بگاڑ,4,4,یکساں
r1063,"PAIN, hypochondria, paroxysmal","PAIN, aching, dull pain (See Boring, Drawing, Distress, Digging, Gnawing, Pressing, etc.), Hypochondria, paroxysmal",پیٹ — درد، بغل کے نچلے حصے میں، دوروں کی شکل میں,9,9,یکساں
r1069,"PAIN, hypochondria, rubbing amel.","PAIN, aching, dull pain (See Boring, Drawing, Distress, Digging, Gnawing, Pressing, etc.), Hypochondria, rubbing amel.",پیٹ — درد، بغل کے نچلے حصے میں، ملنے سے آرام,1,1,یکساں
r1071,"PAIN, hypochondria, sitting bent forward","PAIN, aching, dull pain (See Boring, Drawing, Distress, Digging, Gnawing, Pressing, etc.), Hypochondria, sitting bent forward",پیٹ — درد، بغل کے نچلے حصے میں، آگے جھک کر بیٹھنے سے,1,1,یکساں
r1079,"PAIN, hypochondria, turning the body","PAIN, aching, dull pain (See Boring, Drawing, Distress, Digging, Gnawing, Pressing, etc.), Hypochondria, turning the body",پیٹ — درد، بغل کے نچلے حصے میں، جسم کرید بدلنے سے,1,1,یکساں
r1084,"PAIN, hypochondria, extending to abdomen","PAIN, aching, dull pain (See Boring, Drawing, Distress, Digging, Gnawing, Pressing, etc.), Hypochondria, extending to abdomen",پیٹ — درد، بغل کے نچلے حصے میں، پیٹ تک پھیلتا ہوا,2,2,یکساں
r1104,"PAIN, hypogastrium, right","PAIN, aching, dull pain (See Boring, Drawing, Distress, Digging, Gnawing, Pressing, etc.), Hypogastrium, right",پیٹ — درد، ناف کے نیچے کے حصے میں، دائیں طرف,2,2,یکساں
r1105,"PAIN, hypogastrium, morning","PAIN, aching, dull pain (See Boring, Drawing, Distress, Digging, Gnawing, Pressing, etc.), Hypogastrium, morning",پیٹ — درد، ناف کے نیچے کے حصے میں، صبح,7,7,یکساں
r1106,"PAIN, hypogastrium, forenoon","PAIN, aching, dull pain (See Boring, Drawing, Distress, Digging, Gnawing, Pressing, etc.), Hypogastrium, forenoon",پیٹ — درد، ناف کے نیچے کے حصے میں، دوپہر سے پہلے,4,4,یکساں
r1107,"PAIN, hypogastrium, afternoon","PAIN, aching, dull pain (See Boring, Drawing, Distress, Digging, Gnawing, Pressing, etc.), Hypogastrium, afternoon",پیٹ — درد، ناف کے نیچے کے حصے میں، سہ پہر,2,2,یکساں
r1111,"PAIN, hypogastrium, night","PAIN, aching, dull pain (See Boring, Drawing, Distress, Digging, Gnawing, Pressing, etc.), Hypogastrium, night",پیٹ — درد، ناف کے نیچے کے حصے میں، رات,9,9,یکساں
r1118,"PAIN, hypogastrium, doubling up","PAIN, aching, dull pain (See Boring, Drawing, Distress, Digging, Gnawing, Pressing, etc.), Hypogastrium, doubling up",پیٹ — درد، ناف کے نیچے کے حصے میں، دہرا ہونے سے,1,1,یکساں
r1122,"PAIN, hypogastrium, jarring agg.","PAIN, aching, dull pain (See Boring, Drawing, Distress, Digging, Gnawing, Pressing, etc.), Hypogastrium, jarring agg.",پیٹ — درد، ناف کے نیچے کے حصے میں، ہلنے سے بگاڑ,1,1,یکساں
r1132,"PAIN, hypogastrium, motion","PAIN, aching, dull pain (See Boring, Drawing, Distress, Digging, Gnawing, Pressing, etc.), Hypogastrium, motion",پیٹ — درد، ناف کے نیچے کے حصے میں، حرکت,4,4,یکساں
r1133,"PAIN, hypogastrium, paroxysmal","PAIN, aching, dull pain (See Boring, Drawing, Distress, Digging, Gnawing, Pressing, etc.), Hypogastrium, paroxysmal",پیٹ — درد، ناف کے نیچے کے حصے میں، دوروں کی شکل میں,17,17,یکساں
r1134,"PAIN, hypogastrium, riding in a carriage","PAIN, aching, dull pain (See Boring, Drawing, Distress, Digging, Gnawing, Pressing, etc.), Hypogastrium, riding in a carriage",پیٹ — درد، ناف کے نیچے کے حصے میں، بگھی میں سفر کرتے ہوئے,1,1,یکساں
r1143,"PAIN, hypogastrium, touch of clothing","PAIN, aching, dull pain (See Boring, Drawing, Distress, Digging, Gnawing, Pressing, etc.), Hypogastrium, touch of clothing",پیٹ — درد، ناف کے نیچے کے حصے میں، کپڑوں کے چھونے سے,1,1,یکساں
r1144,"PAIN, hypogastrium, ulcerative","PAIN, aching, dull pain (See Boring, Drawing, Distress, Digging, Gnawing, Pressing, etc.), Hypogastrium, ulcerative",پیٹ — درد، ناف کے نیچے کے حصے میں، ناسور والا,1,1,یکساں
r1145,"PAIN, hypogastrium, urination amel.","PAIN, aching, dull pain (See Boring, Drawing, Distress, Digging, Gnawing, Pressing, etc.), Hypogastrium, urination amel.",پیٹ — درد، ناف کے نیچے کے حصے میں، پیشاب سے آرام,2,2,یکساں
r1149,"PAIN, hypogastrium, warmth amel.","PAIN, aching, dull pain (See Boring, Drawing, Distress, Digging, Gnawing, Pressing, etc.), Hypogastrium, warmth amel.",پیٹ — درد، ناف کے نیچے کے حصے میں، گرمائش سے آرام,3,3,یکساں
r1150,"PAIN, hypogastrium, extending to back","PAIN, aching, dull pain (See Boring, Drawing, Distress, Digging, Gnawing, Pressing, etc.), Hypogastrium, extending to back",پیٹ — درد، ناف کے نیچے کے حصے میں، پیٹھ تک پھیلتا ہوا,4,4,یکساں
r1164,"PAIN, iliac region, right","PAIN, aching, dull pain (See Boring, Drawing, Distress, Digging, Gnawing, Pressing, etc.), Iliac region, right",پیٹ — درد، دائیں کولھے کی طرف,7,7,یکساں
r1165,"PAIN, iliac region, left","PAIN, aching, dull pain (See Boring, Drawing, Distress, Digging, Gnawing, Pressing, etc.), Iliac region, left",پیٹ — درد، بائیں کولھے کی طرف,13,13,یکساں
r1166,"PAIN, iliac region, morning","PAIN, aching, dull pain (See Boring, Drawing, Distress, Digging, Gnawing, Pressing, etc.), Iliac region, morning",پیٹ — درد، کولھے کی طرف، صبح,1,1,یکساں
r1168,"PAIN, iliac region, noon","PAIN, aching, dull pain (See Boring, Drawing, Distress, Digging, Gnawing, Pressing, etc.), Iliac region, noon",پیٹ — درد، کولھے کی طرف، دوپہر,1,1,یکساں
r1169,"PAIN, iliac region, evening","PAIN, aching, dull pain (See Boring, Drawing, Distress, Digging, Gnawing, Pressing, etc.), Iliac region, evening",پیٹ — درد، کولھے کی طرف، شام,5,5,یکساں
r1171,"PAIN, iliac region, night","PAIN, aching, dull pain (See Boring, Drawing, Distress, Digging, Gnawing, Pressing, etc.), Iliac region, night",پیٹ — درد، کولھے کی طرف، رات,2,2,یکساں
r1177,"PAIN, iliac region, eating amel.","PAIN, aching, dull pain (See Boring, Drawing, Distress, Digging, Gnawing, Pressing, etc.), Iliac region, eating amel.",پیٹ — درد، کولھے کی طرف، کھانے سے آرام,1,1,یکساں
r1178,"PAIN, iliac region, lying on left side","PAIN, aching, dull pain (See Boring, Drawing, Distress, Digging, Gnawing, Pressing, etc.), Iliac region, lying on left side",پیٹ — درد، کولھے کی طرف، بائیں کروٹ لیٹنے سے,2,2,یکساں
r1180,"PAIN, iliac region, paroxysmal","PAIN, aching, dull pain (See Boring, Drawing, Distress, Digging, Gnawing, Pressing, etc.), Iliac region, paroxysmal",پیٹ — درد، کولھے کی طرف، دوروں کی شکل میں,1,1,یکساں
r1181,"PAIN, iliac region, pressure amel.","PAIN, aching, dull pain (See Boring, Drawing, Distress, Digging, Gnawing, Pressing, etc.), Iliac region, pressure amel.",پیٹ — درد، کولھے کی طرف، دباؤ سے آرام,1,1,یکساں
r1182,"PAIN, iliac region, raising arm","PAIN, aching, dull pain (See Boring, Drawing, Distress, Digging, Gnawing, Pressing, etc.), Iliac region, raising arm",پیٹ — درد، کولھے کی طرف، بازو اٹھانے سے,1,1,یکساں
r1189,"PAIN, iliac region, extending ilium to ilium","PAIN, aching, dull pain (See Boring, Drawing, Distress, Digging, Gnawing, Pressing, etc.), Iliac region, extending ilium to ilium",پیٹ — درد، کولھے کی ہڈی سے کولھے کی ہڈی تک پھیلتا ہوا,3,3,یکساں
r1192,"PAIN, ilium, crest of","PAIN, aching, dull pain (See Boring, Drawing, Distress, Digging, Gnawing, Pressing, etc.), Ilium, crest of",پیٹ — درد، کولھے کی ہڈی کا کنارہ,21,21,ماخذی مطابق کیے
r1219,"PAIN, inguinal region, noon","PAIN, aching, dull pain (See Boring, Drawing, Distress, Digging, Gnawing, Pressing, etc.), Inguinal region, noon",پیٹ — درد، کچھوں کا علاقہ، دوپہر,1,1,یکساں
r1222,"PAIN, inguinal region, after-pains","PAIN, aching, dull pain (See Boring, Drawing, Distress, Digging, Gnawing, Pressing, etc.), Inguinal region, after-pains",پیٹ — درد، کچھوں کا علاقہ، زچگی کے بعد کے درد سے,1,1,یکساں
r1225,"PAIN, inguinal region, coughing","PAIN, aching, dull pain (See Boring, Drawing, Distress, Digging, Gnawing, Pressing, etc.), Inguinal region, coughing",پیٹ — درد، کچھوں کا علاقہ، کھانسنے سے,7,7,یکساں
r1226,"PAIN, inguinal region, dancing","PAIN, aching, dull pain (See Boring, Drawing, Distress, Digging, Gnawing, Pressing, etc.), Inguinal region, dancing",پیٹ — درد، کچھوں کا علاقہ، ناچنے سے,1,1,یکساں
r1236,"PAIN, inguinal region, inspiration","PAIN, aching, dull pain (See Boring, Drawing, Distress, Digging, Gnawing, Pressing, etc.), Inguinal region, inspiration",پیٹ — درد، کچھوں کا علاقہ، سانس اندر لینے سے,1,1,یکساں
r1245,"PAIN, inguinal region, paroxysmal","PAIN, aching, dull pain (See Boring, Drawing, Distress, Digging, Gnawing, Pressing, etc.), Inguinal region, paroxysmal",پیٹ — درد، کچھوں کا علاقہ، دوروں کی شکل میں,7,7,یکساں
r1246,"PAIN, inguinal region, pressure agg.","PAIN, aching, dull pain (See Boring, Drawing, Distress, Digging, Gnawing, Pressing, etc.), Inguinal region, pressure agg.",پیٹ — درد، کچھوں کا علاقہ، دباؤ سے بگاڑ,2,2,یکساں
r1247,"PAIN, inguinal region, pulsating","PAIN, aching, dull pain (See Boring, Drawing, Distress, Digging, Gnawing, Pressing, etc.), Inguinal region, pulsating",پیٹ — درد، کچھوں کا علاقہ، دھڑکن کے ساتھ,1,1,یکساں
r1248,"PAIN, inguinal region, rising from a seat","PAIN, aching, dull pain (See Boring, Drawing, Distress, Digging, Gnawing, Pressing, etc.), Inguinal region, rising from a seat",پیٹ — درد، کچھوں کا علاقہ، نشست سے اٹھنے سے,4,4,یکساں
r1258,"PAIN, inguinal region, ulcerous","PAIN, aching, dull pain (See Boring, Drawing, Distress, Digging, Gnawing, Pressing, etc.), Inguinal region, ulcerous",پیٹ — درد، کچھوں کا علاقہ، ناسور والا,3,3,یکساں
r1259,"PAIN, inguinal region, urging to urinate","PAIN, aching, dull pain (See Boring, Drawing, Distress, Digging, Gnawing, Pressing, etc.), Inguinal region, urging to urinate",پیٹ — درد، کچھوں کا علاقہ، پیشاب کی خواہش کے ساتھ,4,4,یکساں
r1284,"PAIN, inguinal region, glands","PAIN, aching, dull pain (See Boring, Drawing, Distress, Digging, Gnawing, Pressing, etc.), Inguinal region, glands",پیٹ — درد، کچھوں کا علاقہ، غدود میں,27,27,یکساں
r1290,"PAIN, liver, evening","PAIN, aching, dull pain (See Boring, Drawing, Distress, Digging, Gnawing, Pressing, etc.), Liver, evening",پیٹ — درد، جگر، شام,4,4,یکساں
r1291,"PAIN, liver, night","PAIN, aching, dull pain (See Boring, Drawing, Distress, Digging, Gnawing, Pressing, etc.), Liver, night",پیٹ — درد، جگر، رات,3,3,یکساں
r1294,"PAIN, liver, bending forward amel.","PAIN, aching, dull pain (See Boring, Drawing, Distress, Digging, Gnawing, Pressing, etc.), Liver, bending forward amel.",پیٹ — درد، جگر، آگے جھکنے سے آرام,3,3,یکساں
r1301,"PAIN, liver, coughing","PAIN, aching, dull pain (See Boring, Drawing, Distress, Digging, Gnawing, Pressing, etc.), Liver, coughing",پیٹ — درد، جگر، کھانسنے سے,5,5,یکساں
r1307,"PAIN, liver, jarring agg.","PAIN, aching, dull pain (See Boring, Drawing, Distress, Digging, Gnawing, Pressing, etc.), Liver, jarring agg.",پیٹ — درد، جگر، ہلنے سے بگاڑ,9,9,یکساں
r1308,"PAIN, liver, laughing","PAIN, aching, dull pain (See Boring, Drawing, Distress, Digging, Gnawing, Pressing, etc.), Liver, laughing",پیٹ — درد، جگر، ہنسنے سے,1,1,یکساں
r1309,"PAIN, liver, lying on back","PAIN, aching, dull pain (See Boring, Drawing, Distress, Digging, Gnawing, Pressing, etc.), Liver, lying on back",پیٹ — درد، جگر، چت لیٹنے سے,1,1,یکساں
r1321,"PAIN, liver, motion","PAIN, aching, dull pain (See Boring, Drawing, Distress, Digging, Gnawing, Pressing, etc.), Liver, motion",پیٹ — درد، جگر، حرکت سے,6,6,یکساں
r1322,"PAIN, liver, paroxysmal","PAIN, aching, dull pain (See Boring, Drawing, Distress, Digging, Gnawing, Pressing, etc.), Liver, paroxysmal",پیٹ — درد، جگر، دوروں کی شکل میں,5,5,یکساں
r1323,"PAIN, liver, pressure agg.","PAIN, aching, dull pain (See Boring, Drawing, Distress, Digging, Gnawing, Pressing, etc.), Liver, pressure agg.",پیٹ — درد، جگر، دباؤ سے بگاڑ,9,9,یکساں
r1324,"PAIN, liver, pulsating","PAIN, aching, dull pain (See Boring, Drawing, Distress, Digging, Gnawing, Pressing, etc.), Liver, pulsating",پیٹ — درد، جگر، دھڑکن کے ساتھ,1,1,یکساں
r1325,"PAIN, liver, riding in a carriage","PAIN, aching, dull pain (See Boring, Drawing, Distress, Digging, Gnawing, Pressing, etc.), Liver, riding in a carriage",پیٹ — درد، جگر، بگھی میں سفر کرتے ہوئے,2,2,یکساں
r1326,"PAIN, liver, rubbing amel.","PAIN, aching, dull pain (See Boring, Drawing, Distress, Digging, Gnawing, Pressing, etc.), Liver, rubbing amel.",پیٹ — درد، جگر، ملنے سے آرام,1,1,یکساں
r1332,"PAIN, liver, turning in bed","PAIN, aching, dull pain (See Boring, Drawing, Distress, Digging, Gnawing, Pressing, etc.), Liver, turning in bed",پیٹ — درد، جگر، بستر میں کروٹ لینے سے,1,1,یکساں
r1336,"PAIN, liver, warm drinks amel.","PAIN, aching, dull pain (See Boring, Drawing, Distress, Digging, Gnawing, Pressing, etc.), Liver, warm drinks amel.",پیٹ — درد، جگر، گرم مشروبات سے آرام,1,1,یکساں
r1337,"PAIN, liver, yawning","PAIN, aching, dull pain (See Boring, Drawing, Distress, Digging, Gnawing, Pressing, etc.), Liver, yawning",پیٹ — درد، جگر، جمائی لینے سے,1,1,یکساں
r1343,"PAIN, liver, left lobe","PAIN, aching, dull pain (See Boring, Drawing, Distress, Digging, Gnawing, Pressing, etc.), Liver, left lobe",پیٹ — درد، جگر، بایاں حصہ,1,1,یکساں
r1345,"PAIN, sides, right","PAIN, aching, dull pain (See Boring, Drawing, Distress, Digging, Gnawing, Pressing, etc.), Sides, right",پیٹ — درد، دائیں پہلو میں,11,11,یکساں
r1346,"PAIN, sides, from flatulence","PAIN, aching, dull pain (See Boring, Drawing, Distress, Digging, Gnawing, Pressing, etc.), Sides, from flatulence",پیٹ — درد، پہلوؤں میں، ریاح سے,2,2,یکساں
r1353,"PAIN, sides, noon","PAIN, aching, dull pain (See Boring, Drawing, Distress, Digging, Gnawing, Pressing, etc.), Sides, noon",پیٹ — درد، پہلوؤں میں، دوپہر,1,1,یکساں
r1354,"PAIN, sides, afternoon","PAIN, aching, dull pain (See Boring, Drawing, Distress, Digging, Gnawing, Pressing, etc.), Sides, afternoon",پیٹ — درد، پہلوؤں میں، سہ پہر,2,2,یکساں
r1363,"PAIN, sides, exertion","PAIN, aching, dull pain (See Boring, Drawing, Distress, Digging, Gnawing, Pressing, etc.), Sides, exertion",پیٹ — درد، پہلوؤں میں، مشقت سے,1,1,یکساں
r1368,"PAIN, sides, pressure amel.","PAIN, aching, dull pain (See Boring, Drawing, Distress, Digging, Gnawing, Pressing, etc.), Sides, pressure amel.",پیٹ — درد، پہلوؤں میں، دباؤ سے آرام,2,2,یکساں
r1369,"PAIN, sides, raising arms","PAIN, aching, dull pain (See Boring, Drawing, Distress, Digging, Gnawing, Pressing, etc.), Sides, raising arms",پیٹ — درد، پہلوؤں میں، بازو اٹھانے سے,1,1,یکساں
r1372,"PAIN, sides, standing","PAIN, aching, dull pain (See Boring, Drawing, Distress, Digging, Gnawing, Pressing, etc.), Sides, standing",پیٹ — درد، پہلوؤں میں، کھڑے ہونے سے,1,1,یکساں
r1375,"PAIN, sides, stooping","PAIN, aching, dull pain (See Boring, Drawing, Distress, Digging, Gnawing, Pressing, etc.), Sides, stooping",پیٹ — درد، پہلوؤں میں، جھکنے سے,1,1,یکساں
r1379,"PAIN, sides, extending to bladder","PAIN, aching, dull pain (See Boring, Drawing, Distress, Digging, Gnawing, Pressing, etc.), Sides, extending to bladder",پیٹ — درد، پہلوؤں میں، مثانے تک پھیلتا ہوا,1,1,یکساں
r1402,"PAIN, umbilicus, morning","PAIN, aching, dull pain (See Boring, Drawing, Distress, Digging, Gnawing, Pressing, etc.), Umbilicus, morning",پیٹ — درد، ناف، صبح,7,7,یکساں
r1403,"PAIN, umbilicus, forenoon","PAIN, aching, dull pain (See Boring, Drawing, Distress, Digging, Gnawing, Pressing, etc.), Umbilicus, forenoon",پیٹ — درد، ناف، دوپہر سے پہلے,1,1,یکساں
r1404,"PAIN, umbilicus, afternoon","PAIN, aching, dull pain (See Boring, Drawing, Distress, Digging, Gnawing, Pressing, etc.), Umbilicus, afternoon",پیٹ — درد، ناف، سہ پہر,3,3,یکساں
r1405,"PAIN, umbilicus, evening","PAIN, aching, dull pain (See Boring, Drawing, Distress, Digging, Gnawing, Pressing, etc.), Umbilicus, evening",پیٹ — درد، ناف، شام,2,2,یکساں
r1406,"PAIN, umbilicus, bending double amel.","PAIN, aching, dull pain (See Boring, Drawing, Distress, Digging, Gnawing, Pressing, etc.), Umbilicus, bending double amel.",پیٹ — درد، ناف، دہرا ہونے سے آرام,3,3,یکساں
r1414,"PAIN, umbilicus, fasting","PAIN, aching, dull pain (See Boring, Drawing, Distress, Digging, Gnawing, Pressing, etc.), Umbilicus, fasting",پیٹ — درد، ناف، فاقے کے دوران,1,1,یکساں
r1417,"PAIN, umbilicus, lying on back","PAIN, aching, dull pain (See Boring, Drawing, Distress, Digging, Gnawing, Pressing, etc.), Umbilicus, lying on back",پیٹ — درد، ناف، چت لیٹنے سے,1,1,یکساں
r1420,"PAIN, umbilicus, motion","PAIN, aching, dull pain (See Boring, Drawing, Distress, Digging, Gnawing, Pressing, etc.), Umbilicus, motion",پیٹ — درد، ناف، حرکت,2,2,یکساں
r1421,"PAIN, umbilicus, paroxysmal","PAIN, aching, dull pain (See Boring, Drawing, Distress, Digging, Gnawing, Pressing, etc.), Umbilicus, paroxysmal",پیٹ — درد، ناف، دوروں کی شکل میں,5,5,یکساں
r1423,"PAIN, umbilicus, pressure amel.","PAIN, aching, dull pain (See Boring, Drawing, Distress, Digging, Gnawing, Pressing, etc.), Umbilicus, pressure amel.",پیٹ — درد، ناف، دباؤ سے آرام,3,3,یکساں
r1424,"PAIN, umbilicus, radiating from","PAIN, aching, dull pain (See Boring, Drawing, Distress, Digging, Gnawing, Pressing, etc.), Umbilicus, radiating from",پیٹ — درد، ناف سے شعاعوں کی طرح پھیلتا ہوا,3,3,یکساں
r1434,"PAIN, umbilicus, extending to anus","PAIN, aching, dull pain (See Boring, Drawing, Distress, Digging, Gnawing, Pressing, etc.), Umbilicus, extending to anus",پیٹ — درد، ناف، مقعد تک پھیلتا ہوا,6,6,یکساں
r1504,"PAIN, burning, morning","PAIN, aching, dull pain (See Boring, Drawing, Distress, Digging, Gnawing, Pressing, etc.), burning, morning",پیٹ — درد، جلتا ہوا، صبح,2,2,یکساں
r1505,"PAIN, burning, noon","PAIN, aching, dull pain (See Boring, Drawing, Distress, Digging, Gnawing, Pressing, etc.), burning, noon",پیٹ — درد، جلتا ہوا، دوپہر,1,1,یکساں
r1506,"PAIN, burning, afternoon","PAIN, aching, dull pain (See Boring, Drawing, Distress, Digging, Gnawing, Pressing, etc.), burning, afternoon",پیٹ — درد، جلتا ہوا، سہ پہر,2,2,یکساں
r1507,"PAIN, burning, evening","PAIN, aching, dull pain (See Boring, Drawing, Distress, Digging, Gnawing, Pressing, etc.), burning, evening",پیٹ — درد، جلتا ہوا، شام,2,2,یکساں
r1508,"PAIN, burning, blowing nose","PAIN, aching, dull pain (See Boring, Drawing, Distress, Digging, Gnawing, Pressing, etc.), burning, blowing nose",پیٹ — درد، جلتا ہوا، ناک صاف کرنے سے,1,1,یکساں
r1511,"PAIN, burning, coughing","PAIN, aching, dull pain (See Boring, Drawing, Distress, Digging, Gnawing, Pressing, etc.), burning, coughing",پیٹ — درد، جلتا ہوا، کھانسنے سے,1,1,یکساں
r1515,"PAIN, burning, lying amel.","PAIN, aching, dull pain (See Boring, Drawing, Distress, Digging, Gnawing, Pressing, etc.), burning, lying amel.",پیٹ — درد، جلتا ہوا، لیٹنے سے آرام,1,1,یکساں
r1517,"PAIN, burning, motion agg.","PAIN, aching, dull pain (See Boring, Drawing, Distress, Digging, Gnawing, Pressing, etc.), burning, motion agg.",پیٹ — درد، جلتا ہوا، حرکت سے بگاڑ,1,1,یکساں
r1518,"PAIN, burning, paroxysmal","PAIN, aching, dull pain (See Boring, Drawing, Distress, Digging, Gnawing, Pressing, etc.), burning, paroxysmal",پیٹ — درد، جلتا ہوا، دوروں کی شکل میں,1,1,یکساں
r1519,"PAIN, burning, radiating","PAIN, aching, dull pain (See Boring, Drawing, Distress, Digging, Gnawing, Pressing, etc.), burning, radiating",پیٹ — درد، جلتا ہوا، شعاعوں کی طرح پھیلتا ہوا,1,1,یکساں
r1522,"PAIN, burning, sneezing","PAIN, aching, dull pain (See Boring, Drawing, Distress, Digging, Gnawing, Pressing, etc.), burning, sneezing",پیٹ — درد، جلتا ہوا، چھینکنے سے,2,2,یکساں
r1568,"PAIN, burning, liver","PAIN, aching, dull pain (See Boring, Drawing, Distress, Digging, Gnawing, Pressing, etc.), burning, Liver",پیٹ — درد، جلتا ہوا، جگر میں,17,17,ماخذی مطابق کیے
r1570,"PAIN, burning, pancreas","PAIN, aching, dull pain (See Boring, Drawing, Distress, Digging, Gnawing, Pressing, etc.), burning, Pancreas",پیٹ — درد، جلتا ہوا، لبلبہ (پینکریاس) میں,1,1,یکساں
r1581,"PAIN, burning, spleen","PAIN, aching, dull pain (See Boring, Drawing, Distress, Digging, Gnawing, Pressing, etc.), burning, Spleen",پیٹ — درد، جلتا ہوا، تلی میں,6,6,یکساں
r1591,"PAIN, burrowing, bending forward amel.","PAIN, aching, dull pain (See Boring, Drawing, Distress, Digging, Gnawing, Pressing, etc.), burrowing, bending forward amel.",پیٹ — درد، برما سا، آگے جھکنے سے آرام,1,1,یکساں
r1592,"PAIN, burrowing, rest amel.","PAIN, aching, dull pain (See Boring, Drawing, Distress, Digging, Gnawing, Pressing, etc.), burrowing, rest amel.",پیٹ — درد، برما سا، آرام سے آرام,1,1,یکساں
r1593,"PAIN, burrowing, hypogastrium","PAIN, aching, dull pain (See Boring, Drawing, Distress, Digging, Gnawing, Pressing, etc.), burrowing, Hypogastrium",پیٹ — درد، برما سا، ناف کے نیچے کے حصے میں,1,1,یکساں
r1594,"PAIN, burrowing, iliac region","PAIN, aching, dull pain (See Boring, Drawing, Distress, Digging, Gnawing, Pressing, etc.), burrowing, Iliac region",پیٹ — درد، برما سا، کولھے کی طرف,1,1,یکساں
r1595,"PAIN, burrowing, inguinal region","PAIN, aching, dull pain (See Boring, Drawing, Distress, Digging, Gnawing, Pressing, etc.), burrowing, Inguinal region",پیٹ — درد، برما سا، کچھوں کا علاقہ,1,1,یکساں
r1596,"PAIN, burrowing, umbilical region","PAIN, aching, dull pain (See Boring, Drawing, Distress, Digging, Gnawing, Pressing, etc.), burrowing, Umbilical region",پیٹ — درد، برما سا، ناف کا علاقہ,1,1,یکساں
r1608,"PAIN, clawing, hypogastrium","PAIN, aching, dull pain (See Boring, Drawing, Distress, Digging, Gnawing, Pressing, etc.), clawing, Hypogastrium",پیٹ — درد، نوچنے والا، ناف کے نیچے کے حصے میں,3,3,یکساں
r1609,"PAIN, clawing, inguinal region","PAIN, aching, dull pain (See Boring, Drawing, Distress, Digging, Gnawing, Pressing, etc.), clawing, Inguinal region",پیٹ — درد، نوچنے والا، کچھوں کا علاقہ,1,1,یکساں
r1610,"PAIN, clawing, sides","PAIN, aching, dull pain (See Boring, Drawing, Distress, Digging, Gnawing, Pressing, etc.), clawing, Sides",پیٹ — درد، نوچنے والا، پہلوؤں میں,1,1,یکساں
r1611,"PAIN, clawing, umbilical region","PAIN, aching, dull pain (See Boring, Drawing, Distress, Digging, Gnawing, Pressing, etc.), clawing, Umbilical region",پیٹ — درد، نوچنے والا، ناف کا علاقہ,6,6,یکساں
r1836,"PAIN, cutting, daytime","PAIN, aching, dull pain (See Boring, Drawing, Distress, Digging, Gnawing, Pressing, etc.), cutting, daytime",پیٹ — درد، کاٹتا ہوا، دن کے وقت,1,1,یکساں
r1837,"PAIN, cutting, morning","PAIN, aching, dull pain (See Boring, Drawing, Distress, Digging, Gnawing, Pressing, etc.), cutting, morning",پیٹ — درد، کاٹتا ہوا، صبح,22,22,یکساں
r1842,"PAIN, cutting, forenoon","PAIN, aching, dull pain (See Boring, Drawing, Distress, Digging, Gnawing, Pressing, etc.), cutting, forenoon",پیٹ — درد، کاٹتا ہوا، دوپہر سے پہلے,5,5,یکساں
r1866,"PAIN, cutting, bending double amel.","PAIN, aching, dull pain (See Boring, Drawing, Distress, Digging, Gnawing, Pressing, etc.), cutting, bending double amel.",پیٹ — درد، کاٹتا ہوا، دہرا ہونے سے آرام,4,4,یکساں
r1884,"PAIN, cutting, eructations amel.","PAIN, aching, dull pain (See Boring, Drawing, Distress, Digging, Gnawing, Pressing, etc.), cutting, eructations amel.",پیٹ — درد، کاٹتا ہوا، ڈکار سے آرام,1,1,یکساں
r1886,"PAIN, cutting, fasting","PAIN, aching, dull pain (See Boring, Drawing, Distress, Digging, Gnawing, Pressing, etc.), cutting, fasting",پیٹ — درد، کاٹتا ہوا، فاقے کے دوران,1,1,یکساں
r1892,"PAIN, cutting, lead colic","PAIN, aching, dull pain (See Boring, Drawing, Distress, Digging, Gnawing, Pressing, etc.), cutting, lead colic",پیٹ — درد، کاٹتا ہوا، سیسے کا قولنج (لیڈ کولک),1,1,یکساں
r1893,"PAIN, cutting, lying","PAIN, aching, dull pain (See Boring, Drawing, Distress, Digging, Gnawing, Pressing, etc.), cutting, lying",پیٹ — درد، کاٹتا ہوا، لیٹنے سے,1,1,یکساں
r1905,"PAIN, cutting, paroxysmal","PAIN, aching, dull pain (See Boring, Drawing, Distress, Digging, Gnawing, Pressing, etc.), cutting, paroxysmal",پیٹ — درد، کاٹتا ہوا، دوروں کی شکل میں,6,6,یکساں
r1918,"PAIN, cutting, stooping amel.","PAIN, aching, dull pain (See Boring, Drawing, Distress, Digging, Gnawing, Pressing, etc.), cutting, stooping amel.",پیٹ — درد، کاٹتا ہوا، جھکنے سے آرام,1,1,یکساں
r1927,"PAIN, cutting, wandering","PAIN, aching, dull pain (See Boring, Drawing, Distress, Digging, Gnawing, Pressing, etc.), cutting, wandering",پیٹ — درد، کاٹتا ہوا، جگہ جگہ پھرتا ہوا,5,5,یکساں
r1929,"PAIN, cutting, warmth of bed amel.","PAIN, aching, dull pain (See Boring, Drawing, Distress, Digging, Gnawing, Pressing, etc.), cutting, warmth of bed amel.",پیٹ — درد، کاٹتا ہوا، بستر کی گرمائش سے آرام,4,4,یکساں
r1930,"PAIN, cutting, extending to anus","PAIN, aching, dull pain (See Boring, Drawing, Distress, Digging, Gnawing, Pressing, etc.), cutting, extending to anus",پیٹ — درد، کاٹتا ہوا، مقعد تک پھیلتا ہوا,1,1,یکساں
r1991,"PAIN, cutting, liver","PAIN, aching, dull pain (See Boring, Drawing, Distress, Digging, Gnawing, Pressing, etc.), cutting, liver",پیٹ — درد، کاٹتا ہوا، جگر میں,13,13,یکساں
r2007,"PAIN, cutting, spleen","PAIN, aching, dull pain (See Boring, Drawing, Distress, Digging, Gnawing, Pressing, etc.), cutting, Spleen",پیٹ — درد، کاٹتا ہوا، تلی میں,7,7,یکساں
r2052,"PAIN, dragging, bearing down","PAIN, aching, dull pain (See Boring, Drawing, Distress, Digging, Gnawing, Pressing, etc.), dragging, bearing down",پیٹ — درد، نیچے کو کھینچنے والا، نیچے کو دبانے کا احساس,83,83,یکساں
r2108,"PAIN, drawing, morning","PAIN, aching, dull pain (See Boring, Drawing, Distress, Digging, Gnawing, Pressing, etc.), drawing, morning",پیٹ — درد، کھینچتا ہوا، صبح,1,1,یکساں
r2109,"PAIN, drawing, afternoon","PAIN, aching, dull pain (See Boring, Drawing, Distress, Digging, Gnawing, Pressing, etc.), drawing, afternoon",پیٹ — درد، کھینچتا ہوا، سہ پہر,1,1,یکساں
r2110,"PAIN, drawing, evening","PAIN, aching, dull pain (See Boring, Drawing, Distress, Digging, Gnawing, Pressing, etc.), drawing, evening",پیٹ — درد، کھینچتا ہوا، شام,1,1,یکساں
r2111,"PAIN, drawing, night","PAIN, aching, dull pain (See Boring, Drawing, Distress, Digging, Gnawing, Pressing, etc.), drawing, night",پیٹ — درد، کھینچتا ہوا، رات,3,3,یکساں
r2119,"PAIN, drawing, lying amel.","PAIN, aching, dull pain (See Boring, Drawing, Distress, Digging, Gnawing, Pressing, etc.), drawing, lying amel.",پیٹ — درد، کھینچتا ہوا، لیٹنے سے آرام,1,1,یکساں
r2134,"PAIN, drawing, warmth amel.","PAIN, aching, dull pain (See Boring, Drawing, Distress, Digging, Gnawing, Pressing, etc.), drawing, warmth amel.",پیٹ — درد، کھینچتا ہوا، گرمائش سے آرام,1,1,یکساں
r2152,"PAIN, drawing, hypogastrium","PAIN, aching, dull pain (See Boring, Drawing, Distress, Digging, Gnawing, Pressing, etc.), drawing, Hypogastrium",پیٹ — درد، کھینچتا ہوا، ناف کے نیچے کے حصے میں,12,12,یکساں
r2185,"PAIN, drawing, umbilicus","PAIN, aching, dull pain (See Boring, Drawing, Distress, Digging, Gnawing, Pressing, etc.), drawing, Umbilicus",پیٹ — درد، کھینچتا ہوا، ناف میں,29,29,یکساں
r2196,"PAIN, gnawing, hypochondria","PAIN, aching, dull pain (See Boring, Drawing, Distress, Digging, Gnawing, Pressing, etc.), gnawing, Hypochondria",پیٹ — درد، کترتا ہوا، بغل کے نچلے حصے میں,2,2,یکساں
r2197,"PAIN, gnawing, hypogastrium","PAIN, aching, dull pain (See Boring, Drawing, Distress, Digging, Gnawing, Pressing, etc.), gnawing, Hypogastrium",پیٹ — درد، کترتا ہوا، ناف کے نیچے کے حصے میں,3,3,ماخذی مطابق کیے
r2199,"PAIN, gnawing, liver","PAIN, aching, dull pain (See Boring, Drawing, Distress, Digging, Gnawing, Pressing, etc.), gnawing, Liver",پیٹ — درد، کترتا ہوا، جگر میں,4,4,یکساں
r2207,"PAIN, lancinating, right","PAIN, aching, dull pain (See Boring, Drawing, Distress, Digging, Gnawing, Pressing, etc.), lancinating, right",پیٹ — درد، نشتر جیسا، دائیں طرف,1,1,یکساں
r2208,"PAIN, lancinating, respiration","PAIN, aching, dull pain (See Boring, Drawing, Distress, Digging, Gnawing, Pressing, etc.), lancinating, respiration",پیٹ — درد، نشتر جیسا، سانس لینے سے,1,1,یکساں
r2209,"PAIN, lancinating, urination","PAIN, aching, dull pain (See Boring, Drawing, Distress, Digging, Gnawing, Pressing, etc.), lancinating, urination",پیٹ — درد، نشتر جیسا، پیشاب کے دوران,1,1,یکساں
r2221,"PAIN, lancinating, hypogastrium","PAIN, aching, dull pain (See Boring, Drawing, Distress, Digging, Gnawing, Pressing, etc.), lancinating, Hypogastrium",پیٹ — درد، نشتر جیسا، ناف کے نیچے کے حصے میں,3,3,یکساں
r2227,"PAIN, lancinating, spleen","PAIN, aching, dull pain (See Boring, Drawing, Distress, Digging, Gnawing, Pressing, etc.), lancinating, Spleen",پیٹ — درد، نشتر جیسا، تلی میں,4,4,یکساں
r2228,"PAIN, lancinating, umbilicus","PAIN, aching, dull pain (See Boring, Drawing, Distress, Digging, Gnawing, Pressing, etc.), lancinating, Umbilicus",پیٹ — درد، نشتر جیسا، ناف میں,2,2,یکساں
r2235,"PAIN, pressing, forenoon","PAIN, aching, dull pain (See Boring, Drawing, Distress, Digging, Gnawing, Pressing, etc.), pressing, forenoon",پیٹ — درد، دبانے والا، دوپہر سے پہلے,2,2,یکساں
r2238,"PAIN, pressing, evening","PAIN, aching, dull pain (See Boring, Drawing, Distress, Digging, Gnawing, Pressing, etc.), pressing, evening",پیٹ — درد، دبانے والا، شام,5,5,ماخذی مطابق کیے
r2241,"PAIN, pressing, night","PAIN, aching, dull pain (See Boring, Drawing, Distress, Digging, Gnawing, Pressing, etc.), pressing, night",پیٹ — درد، دبانے والا، رات,5,5,یکساں
r2242,"PAIN, pressing, bending forward","PAIN, aching, dull pain (See Boring, Drawing, Distress, Digging, Gnawing, Pressing, etc.), pressing, bending forward",پیٹ — درد، دبانے والا، آگے جھکنے سے,1,1,یکساں
r2272,"PAIN, pressing, warm drinks agg.","PAIN, aching, dull pain (See Boring, Drawing, Distress, Digging, Gnawing, Pressing, etc.), pressing, warm drinks agg.",پیٹ — درد، دبانے والا، گرم مشروبات سے بگاڑ,1,1,یکساں
r2273,"PAIN, pressing, extending toward anus","PAIN, aching, dull pain (See Boring, Drawing, Distress, Digging, Gnawing, Pressing, etc.), pressing, extending toward anus",پیٹ — درد، دبانے والا، مقعد کی طرف پھیلتا ہوا,2,2,یکساں
r2354,"PAIN, pressing, ilium","PAIN, aching, dull pain (See Boring, Drawing, Distress, Digging, Gnawing, Pressing, etc.), pressing, Ilium",پیٹ — درد، دبانے والا، کولھے کی ہڈی میں,1,1,یکساں
r2376,"PAIN, pressing, liver","PAIN, aching, dull pain (See Boring, Drawing, Distress, Digging, Gnawing, Pressing, etc.), pressing, Liver",پیٹ — درد، دبانے والا، جگر,61,61,یکساں
r2398,"PAIN, pressing, spleen","PAIN, aching, dull pain (See Boring, Drawing, Distress, Digging, Gnawing, Pressing, etc.), pressing, Spleen",پیٹ — درد، دبانے والا، تلی میں,19,19,یکساں
r2627,"PAIN, stitching, hypochondria, sitting, bent, while","PAIN, aching, dull pain (See Boring, Drawing, Distress, Digging, Gnawing, Pressing, etc.), stitching (sticking, etc.), Hypochondria, sitting, while, bent, while",پیٹ — درد، چبھتا ہوا، بغل کے نچلے حصے میں، جھک کر بیٹھے ہوئے,2,2,یکساں
r2789,"PAIN, stitching, sides, walking, open air, in","PAIN, aching, dull pain (See Boring, Drawing, Distress, Digging, Gnawing, Pressing, etc.), stitching (sticking, etc.), Sides, walking, while, open air, in",پیٹ — درد، چبھتا ہوا، پہلوؤں میں، کھلی ہوا میں چلنے سے,3,3,یکساں
r2839,"PAIN, tearing, left to right","PAIN, aching, dull pain (See Boring, Drawing, Distress, Digging, Gnawing, Pressing, etc.), tearing, left to right",پیٹ — درد، چیرتا ہوا، بائیں سے دائیں,1,1,یکساں
r2840,"PAIN, tearing, morning","PAIN, aching, dull pain (See Boring, Drawing, Distress, Digging, Gnawing, Pressing, etc.), tearing, morning",پیٹ — درد، چیرتا ہوا، صبح,3,3,یکساں
r2841,"PAIN, tearing, forenoon","PAIN, aching, dull pain (See Boring, Drawing, Distress, Digging, Gnawing, Pressing, etc.), tearing, forenoon",پیٹ — درد، چیرتا ہوا، دوپہر سے پہلے,1,1,یکساں
r2842,"PAIN, tearing, afternoon","PAIN, aching, dull pain (See Boring, Drawing, Distress, Digging, Gnawing, Pressing, etc.), tearing, afternoon",پیٹ — درد، چیرتا ہوا، سہ پہر,1,1,یکساں
r2843,"PAIN, tearing, evening","PAIN, aching, dull pain (See Boring, Drawing, Distress, Digging, Gnawing, Pressing, etc.), tearing, evening",پیٹ — درد، چیرتا ہوا، شام,3,3,یکساں
r2844,"PAIN, tearing, night","PAIN, aching, dull pain (See Boring, Drawing, Distress, Digging, Gnawing, Pressing, etc.), tearing, night",پیٹ — درد، چیرتا ہوا، رات,3,3,یکساں
r2846,"PAIN, tearing, heat amel.","PAIN, aching, dull pain (See Boring, Drawing, Distress, Digging, Gnawing, Pressing, etc.), tearing, heat amel.",پیٹ — درد، چیرتا ہوا، گرمی سے آرام,1,1,یکساں
r2854,"PAIN, pressure, amel.","PAIN, aching, dull pain (See Boring, Drawing, Distress, Digging, Gnawing, Pressing, etc.), pressure agg., amel.",پیٹ — درد، دباؤ سے آرام,31,31,یکساں
r2855,"PAIN, tearing, rising from a seat","PAIN, aching, dull pain (See Boring, Drawing, Distress, Digging, Gnawing, Pressing, etc.), tearing, rising from a seat",پیٹ — درد، چیرتا ہوا، نشست سے اٹھنے سے,1,1,یکساں
r2856,"PAIN, tearing, sleep amel.","PAIN, aching, dull pain (See Boring, Drawing, Distress, Digging, Gnawing, Pressing, etc.), tearing, sleep amel.",پیٹ — درد، چیرتا ہوا، نیند سے آرام,1,1,یکساں
r2862,"PAIN, tearing, extending downward","PAIN, aching, dull pain (See Boring, Drawing, Distress, Digging, Gnawing, Pressing, etc.), tearing, extending downward",پیٹ — درد، چیرتا ہوا، نیچے کی طرف پھیلتا ہوا,2,2,یکساں
r2878,"PAIN, tearing, iliac region","PAIN, aching, dull pain (See Boring, Drawing, Distress, Digging, Gnawing, Pressing, etc.), tearing, Iliac region",پیٹ — درد، چیرتا ہوا، کولھے کی طرف,1,1,یکساں
r2883,"PAIN, tearing, inguinal region","PAIN, aching, dull pain (See Boring, Drawing, Distress, Digging, Gnawing, Pressing, etc.), tearing, Inguinal region",پیٹ — درد، چیرتا ہوا، کچھوں کا علاقہ,18,18,یکساں
r2894,"PAIN, tearing, liver","PAIN, aching, dull pain (See Boring, Drawing, Distress, Digging, Gnawing, Pressing, etc.), tearing, Liver",پیٹ — درد، چیرتا ہوا، جگر,7,7,یکساں
r2905,"PAIN, tearing, spleen","PAIN, aching, dull pain (See Boring, Drawing, Distress, Digging, Gnawing, Pressing, etc.), tearing, Spleen",پیٹ — درد، چیرتا ہوا، تلی میں,2,2,یکساں
r2915,"PAIN, twinging, hypochondria","PAIN, aching, dull pain (See Boring, Drawing, Distress, Digging, Gnawing, Pressing, etc.), twinging, Hypochondria",پیٹ — درد، ہلکا اینٹھن والا، بغل کے نچلے حصے میں,2,2,یکساں
r2918,"PAIN, twinging, inguinal region","PAIN, aching, dull pain (See Boring, Drawing, Distress, Digging, Gnawing, Pressing, etc.), twinging, Inguinal region",پیٹ — درد، ہلکا اینٹھن والا، کچھوں کا علاقہ,3,3,یکساں
r2921,"PAIN, twisting, evening","PAIN, aching, dull pain (See Boring, Drawing, Distress, Digging, Gnawing, Pressing, etc.), twisting, evening",پیٹ — درد، مروڑ کے ساتھ، شام,1,1,یکساں
r2922,"PAIN, twisting, hypochondria","PAIN, aching, dull pain (See Boring, Drawing, Distress, Digging, Gnawing, Pressing, etc.), twisting, Hypochondria",پیٹ — درد، مروڑ کے ساتھ، بغل کے نچلے حصے میں,3,3,یکساں
r2927,"PAIN, twisting, umbilical region","PAIN, aching, dull pain (See Boring, Drawing, Distress, Digging, Gnawing, Pressing, etc.), twisting, Umbilical region",پیٹ — درد، مروڑ کے ساتھ، ناف کا علاقہ,20,20,یکساں
r536,"HEAVINESS, breakfast, after","HEAVINESS, as from a load, etc., breakfast, after",پیٹ — بھاری پن، ناشتے کے بعد,1,1,یکساں
r537,"HEAVINESS, dinner, after","HEAVINESS, as from a load, etc., dinner, after",پیٹ — بھاری پن، دوپہر کے کھانے کے بعد,1,1,یکساں
r538,"HEAVINESS, drinking, after","HEAVINESS, as from a load, etc., drinking, after",پیٹ — بھاری پن، پینے کے بعد,1,1,یکساں
r539,"HEAVINESS, inspiration, on","HEAVINESS, as from a load, etc., inspiration, on",پیٹ — بھاری پن، سانس اندر لینے پر,1,1,یکساں
r541,"HEAVINESS, menses, before","HEAVINESS, as from a load, etc., menses, before",پیٹ — بھاری پن، حیض سے پہلے,1,1,یکساں
r543,"HEAVINESS, motion, during","HEAVINESS, as from a load, etc., motion, during",پیٹ — بھاری پن، حرکت کے دوران,2,2,یکساں
r544,"HEAVINESS, rising, on","HEAVINESS, as from a load, etc., rising, on",پیٹ — بھاری پن، اٹھنے پر,1,1,یکساں
r545,"HEAVINESS, sitting, while","HEAVINESS, as from a load, etc., sitting, while",پیٹ — بھاری پن، بیٹھے ہوئے,2,2,یکساں
r546,"HEAVINESS, stone, as from a","HEAVINESS, as from a load, etc., stone, as from a",پیٹ — بھاری پن، جیسے پتھر سے,2,2,یکساں
r547,"HEAVINESS, stool, after","HEAVINESS, as from a load, etc., stool, after",پیٹ — بھاری پن، پاخانے کے بعد,3,3,یکساں
r548,"HEAVINESS, supper, after","HEAVINESS, as from a load, etc., supper, after",پیٹ — بھاری پن، رات کے کھانے کے بعد,2,2,یکساں
r549,"HEAVINESS, walking, while","HEAVINESS, as from a load, etc., walking, while",پیٹ — بھاری پن، چلتے ہوئے,5,5,یکساں
r551,"HEAVINESS, hypochondria, night","HEAVINESS, as from a load, etc., Hypochondria, night",پیٹ — بھاری پن، بغل کے نچلے حصے میں، رات,1,1,یکساں
r555,"HEAVINESS, hypogastrium, lying on left side amel.","HEAVINESS, as from a load, etc., Hypogastrium, lying on left side amel.",پیٹ — بھاری پن، ناف کے نیچے کا حصہ، بائیں کروٹ لیٹنے سے آرام,1,1,یکساں
r557,"HEAVINESS, hypogastrium, standing","HEAVINESS, as from a load, etc., Hypogastrium, standing",پیٹ — بھاری پن، ناف کے نیچے کا حصہ، کھڑے ہونے سے,1,1,یکساں
r560,"HEAVINESS, liver, in","HEAVINESS, as from a load, etc., Liver, in",پیٹ — بھاری پن، جگر میں,12,12,یکساں
r562,"HEAVINESS, sides, left","HEAVINESS, as from a load, etc., Sides, left",پیٹ — بھاری پن، بائیں پہلو میں,1,1,یکساں
r585,"INFLAMMATION, liver, chronic","INFLAMMATION (Peritonitis, Enteritis, etc.), Liver, chronic",پیٹ — سوزش، جگر، پرانی,17,17,یکساں
r683,"PAIN, morning, fasting","PAIN, aching, dull pain (See Boring, Drawing, Distress, Digging, Gnawing, Pressing, etc.), morning, fasting",پیٹ — درد، صبح، فاقے کے دوران,3,3,یکساں
r686,"PAIN, morning, sunrise","PAIN, aching, dull pain (See Boring, Drawing, Distress, Digging, Gnawing, Pressing, etc.), morning, sunrise",پیٹ — درد، صبح، سورج نکلنے پر,1,1,یکساں
r688,"PAIN, morning, 6 a.m.","PAIN, aching, dull pain (See Boring, Drawing, Distress, Digging, Gnawing, Pressing, etc.), morning, 6 a.m.",پیٹ — درد، صبح 6 بجے,2,2,یکساں
r689,"PAIN, morning, 7 a.m.","PAIN, aching, dull pain (See Boring, Drawing, Distress, Digging, Gnawing, Pressing, etc.), morning, 7 a.m.",پیٹ — درد، صبح 7 بجے,2,2,یکساں
r690,"PAIN, morning, 8 a.m.","PAIN, aching, dull pain (See Boring, Drawing, Distress, Digging, Gnawing, Pressing, etc.), morning, 8 a.m.",پیٹ — درد، صبح 8 بجے,1,1,یکساں
r694,"PAIN, forenoon, walking in open air","PAIN, aching, dull pain (See Boring, Drawing, Distress, Digging, Gnawing, Pressing, etc.), forenoon, walking in open air",پیٹ — درد، دوپہر سے پہلے، کھلی ہوا میں چلتے ہوئے,3,3,یکساں
r695,"PAIN, forenoon, 9 a.m.","PAIN, aching, dull pain (See Boring, Drawing, Distress, Digging, Gnawing, Pressing, etc.), forenoon, 9 a.m.",پیٹ — درد، دوپہر سے پہلے، صبح 9 بجے,3,3,یکساں
r696,"PAIN, forenoon, 10 a.m.","PAIN, aching, dull pain (See Boring, Drawing, Distress, Digging, Gnawing, Pressing, etc.), forenoon, 10 a.m.",پیٹ — درد، دوپہر سے پہلے، صبح 10 بجے,1,1,یکساں
r697,"PAIN, forenoon, noon","PAIN, aching, dull pain (See Boring, Drawing, Distress, Digging, Gnawing, Pressing, etc.), forenoon, noon",پیٹ — درد، دوپہر سے پہلے، دوپہر,9,9,یکساں
r705,"PAIN, afternoon, 1 p.m.","PAIN, aching, dull pain (See Boring, Drawing, Distress, Digging, Gnawing, Pressing, etc.), afternoon, 1 p.m.",پیٹ — درد، سہ پہر 1 بجے,3,3,یکساں
r706,"PAIN, afternoon, 1-30 p.m.","PAIN, aching, dull pain (See Boring, Drawing, Distress, Digging, Gnawing, Pressing, etc.), afternoon, 1-30 p.m.",پیٹ — درد، سہ پہر 1:30 بجے,1,1,یکساں
r707,"PAIN, afternoon, 2 p.m.","PAIN, aching, dull pain (See Boring, Drawing, Distress, Digging, Gnawing, Pressing, etc.), afternoon, 2 p.m.",پیٹ — درد، سہ پہر 2 بجے,2,2,یکساں
r708,"PAIN, afternoon, 3 p.m.","PAIN, aching, dull pain (See Boring, Drawing, Distress, Digging, Gnawing, Pressing, etc.), afternoon, 3 p.m.",پیٹ — درد، سہ پہر 3 بجے,2,2,یکساں
r709,"PAIN, afternoon, 4 p.m.","PAIN, aching, dull pain (See Boring, Drawing, Distress, Digging, Gnawing, Pressing, etc.), afternoon, 4 p.m.",پیٹ — درد، سہ پہر 4 بجے,6,6,یکساں
r710,"PAIN, afternoon, 5 p.m.","PAIN, aching, dull pain (See Boring, Drawing, Distress, Digging, Gnawing, Pressing, etc.), afternoon, 5 p.m.",پیٹ — درد، سہ پہر 5 بجے,6,6,یکساں
r726,"PAIN, evening, 7 p.m.","PAIN, aching, dull pain (See Boring, Drawing, Distress, Digging, Gnawing, Pressing, etc.), evening, 7 p.m.",پیٹ — درد، شام 7 بجے,1,1,یکساں
r729,"PAIN, night, uncovering","PAIN, aching, dull pain (See Boring, Drawing, Distress, Digging, Gnawing, Pressing, etc.), night, uncovering",پیٹ — درد، رات، کھولنے (ننگا کرنے) سے,1,1,یکساں
r731,"PAIN, night, 10 p.m.","PAIN, aching, dull pain (See Boring, Drawing, Distress, Digging, Gnawing, Pressing, etc.), night, 10 p.m.",پیٹ — درد، رات 10 بجے,2,2,یکساں
r732,"PAIN, night, midnight","PAIN, aching, dull pain (See Boring, Drawing, Distress, Digging, Gnawing, Pressing, etc.), night, midnight",پیٹ — درد، رات، آدھی رات,12,12,یکساں
r736,"PAIN, night, 3 a.m.","PAIN, aching, dull pain (See Boring, Drawing, Distress, Digging, Gnawing, Pressing, etc.), night, 3 a.m.",پیٹ — درد، رات 3 بجے,2,2,یکساں
r737,"PAIN, night, 4 a.m.","PAIN, aching, dull pain (See Boring, Drawing, Distress, Digging, Gnawing, Pressing, etc.), night, 4 a.m.",پیٹ — درد، رات 4 بجے,3,3,یکساں
r738,"PAIN, night, 5 a.m.","PAIN, aching, dull pain (See Boring, Drawing, Distress, Digging, Gnawing, Pressing, etc.), night, 5 a.m.",پیٹ — درد، رات 5 بجے,2,2,یکساں
r739,"PAIN, acids, from","PAIN, aching, dull pain (See Boring, Drawing, Distress, Digging, Gnawing, Pressing, etc.), acids, from",پیٹ — درد، تیزابی چیزوں سے,2,2,یکساں
r750,"PAIN, anger, after","PAIN, aching, dull pain (See Boring, Drawing, Distress, Digging, Gnawing, Pressing, etc.), anger, after",پیٹ — درد، غصے کے بعد,6,6,یکساں
r753,"PAIN, bed, in","PAIN, aching, dull pain (See Boring, Drawing, Distress, Digging, Gnawing, Pressing, etc.), bed, in",پیٹ — درد، بستر میں,12,12,یکساں
r757,"PAIN, bend double, must","PAIN, aching, dull pain (See Boring, Drawing, Distress, Digging, Gnawing, Pressing, etc.), bend double, must",پیٹ — درد، دہرا ہونا پڑے,29,29,یکساں
r759,"PAIN, bending double, amel.","PAIN, aching, dull pain (See Boring, Drawing, Distress, Digging, Gnawing, Pressing, etc.), bending double, amel.",پیٹ — درد، دہرا ہونے سے آرام,36,36,یکساں
r760,"PAIN, bending double, while lying on side amel.","PAIN, aching, dull pain (See Boring, Drawing, Distress, Digging, Gnawing, Pressing, etc.), bending double, while lying on side amel.",پیٹ — درد، دہرا ہونے سے آرام، کروٹ لیٹے ہوئے,1,1,یکساں
r761,"PAIN, blowing nose, on","PAIN, aching, dull pain (See Boring, Drawing, Distress, Digging, Gnawing, Pressing, etc.), blowing nose, on",پیٹ — درد، ناک صاف کرنے پر,3,3,یکساں
r762,"PAIN, brandy, after","PAIN, aching, dull pain (See Boring, Drawing, Distress, Digging, Gnawing, Pressing, etc.), brandy, after",پیٹ — درد، برانڈی کے بعد,1,1,یکساں
r763,"PAIN, breakfast, during","PAIN, aching, dull pain (See Boring, Drawing, Distress, Digging, Gnawing, Pressing, etc.), breakfast, during",پیٹ — درد، ناشتے کے دوران,1,1,یکساں
r765,"PAIN, cherries, after","PAIN, aching, dull pain (See Boring, Drawing, Distress, Digging, Gnawing, Pressing, etc.), cherries, after",پیٹ — درد، چیریوں کے بعد,1,1,یکساں
r766,"PAIN, chill, before","PAIN, aching, dull pain (See Boring, Drawing, Distress, Digging, Gnawing, Pressing, etc.), chill, before",پیٹ — درد، سردی لگنے سے پہلے,4,4,یکساں
r770,"PAIN, clutching with nails, as if","PAIN, aching, dull pain (See Boring, Drawing, Distress, Digging, Gnawing, Pressing, etc.), clutching with nails, as if",پیٹ — درد، جیسے ناخنوں سے نوچا جا رہا ہو,2,2,یکساں
r771,"PAIN, coffee, after","PAIN, aching, dull pain (See Boring, Drawing, Distress, Digging, Gnawing, Pressing, etc.), coffee, after",پیٹ — درد، کافی کے بعد,5,5,یکساں
r773,"PAIN, coition, during","PAIN, aching, dull pain (See Boring, Drawing, Distress, Digging, Gnawing, Pressing, etc.), coition, during",پیٹ — درد، جماع کے دوران,1,1,یکساں
r779,"PAIN, cold, from taking","PAIN, aching, dull pain (See Boring, Drawing, Distress, Digging, Gnawing, Pressing, etc.), cold, from taking",پیٹ — درد، ٹھنڈ لگنے سے,14,14,یکساں
r784,"PAIN, constipation, from","PAIN, aching, dull pain (See Boring, Drawing, Distress, Digging, Gnawing, Pressing, etc.), constipation, from",پیٹ — درد، قبض سے,11,11,یکساں
r785,"PAIN, cough, during","PAIN, aching, dull pain (See Boring, Drawing, Distress, Digging, Gnawing, Pressing, etc.), cough, during",پیٹ — درد، کھانسی کے دوران,61,61,یکساں
r786,"PAIN, damp weather, from","PAIN, aching, dull pain (See Boring, Drawing, Distress, Digging, Gnawing, Pressing, etc.), damp weather, from",پیٹ — درد، نم موسم سے,4,4,یکساں
r787,"PAIN, despair, driving to","PAIN, aching, dull pain (See Boring, Drawing, Distress, Digging, Gnawing, Pressing, etc.), despair, driving to",پیٹ — درد، مایوسی تک پہنچا دے,1,1,یکساں
r790,"PAIN, digestion, during","PAIN, aching, dull pain (See Boring, Drawing, Distress, Digging, Gnawing, Pressing, etc.), digestion, during",پیٹ — درد، ہاضمے کے دوران,2,2,یکساں
r791,"PAIN, dinner, during","PAIN, aching, dull pain (See Boring, Drawing, Distress, Digging, Gnawing, Pressing, etc.), dinner, during",پیٹ — درد، دوپہر کے کھانے کے دوران,5,5,یکساں
r797,"PAIN, eating, while","PAIN, aching, dull pain (See Boring, Drawing, Distress, Digging, Gnawing, Pressing, etc.), eating, while",پیٹ — درد، کھاتے ہوئے,7,7,یکساں
r803,"PAIN, excitement, after","PAIN, aching, dull pain (See Boring, Drawing, Distress, Digging, Gnawing, Pressing, etc.), excitement, after",پیٹ — درد، جوش کے بعد,4,4,یکساں
r806,"PAIN, exertion, after","PAIN, aching, dull pain (See Boring, Drawing, Distress, Digging, Gnawing, Pressing, etc.), exertion, after",پیٹ — درد، مشقت کے بعد,2,2,یکساں
r807,"PAIN, expiration, on","PAIN, aching, dull pain (See Boring, Drawing, Distress, Digging, Gnawing, Pressing, etc.), expiration, on",پیٹ — درد، سانس باہر نکالنے پر,2,2,یکساں
r812,"PAIN, fright, from","PAIN, aching, dull pain (See Boring, Drawing, Distress, Digging, Gnawing, Pressing, etc.), fright, from",پیٹ — درد، ڈر سے,1,1,یکساں
r813,"PAIN, fruit, after","PAIN, aching, dull pain (See Boring, Drawing, Distress, Digging, Gnawing, Pressing, etc.), fruit, after",پیٹ — درد، پھل کے بعد,7,7,یکساں
r814,"PAIN, heat, during the","PAIN, aching, dull pain (See Boring, Drawing, Distress, Digging, Gnawing, Pressing, etc.), heat, during the",پیٹ — درد، گرمی کے دوران,12,12,یکساں
r815,"PAIN, haemorrhoids, from","PAIN, aching, dull pain (See Boring, Drawing, Distress, Digging, Gnawing, Pressing, etc.), hæmorrhoids, from",پیٹ — درد، بواسیر سے,8,8,یکساں
r816,"PAIN, hunger, during","PAIN, aching, dull pain (See Boring, Drawing, Distress, Digging, Gnawing, Pressing, etc.), hunger, during",پیٹ — درد، بھوک کے دوران,2,2,یکساں
r817,"PAIN, ice cream, after","PAIN, aching, dull pain (See Boring, Drawing, Distress, Digging, Gnawing, Pressing, etc.), ice cream, after",پیٹ — درد، آئس کریم کے بعد,4,4,یکساں
r818,"PAIN, indignation, after","PAIN, aching, dull pain (See Boring, Drawing, Distress, Digging, Gnawing, Pressing, etc.), indignation, after",پیٹ — درد، غصے کے بعد,1,1,یکساں
r819,"PAIN, inspiration, during","PAIN, aching, dull pain (See Boring, Drawing, Distress, Digging, Gnawing, Pressing, etc.), inspiration, during",پیٹ — درد، سانس اندر لینے کے دوران,14,14,یکساں
r823,"PAIN, labor pain, during","PAIN, aching, dull pain (See Boring, Drawing, Distress, Digging, Gnawing, Pressing, etc.), labor pain, during",پیٹ — درد، زچگی کے درد کے دوران,1,1,یکساں
r824,"PAIN, laughing, from","PAIN, aching, dull pain (See Boring, Drawing, Distress, Digging, Gnawing, Pressing, etc.), laughing, from",پیٹ — درد، ہنسنے سے,3,3,یکساں
r825,"PAIN, lead, from","PAIN, aching, dull pain (See Boring, Drawing, Distress, Digging, Gnawing, Pressing, etc.), lead, from",پیٹ — درد، سیسے سے,11,11,یکساں
r827,"PAIN, lifting, from","PAIN, aching, dull pain (See Boring, Drawing, Distress, Digging, Gnawing, Pressing, etc.), lifting, from",پیٹ — درد، چیز اٹھانے سے,3,3,یکساں
r838,"PAIN, menses, before","PAIN, aching, dull pain (See Boring, Drawing, Distress, Digging, Gnawing, Pressing, etc.), menses, before",پیٹ — درد، حیض سے پہلے,56,56,یکساں
r853,"PAIN, milk, after","PAIN, aching, dull pain (See Boring, Drawing, Distress, Digging, Gnawing, Pressing, etc.), milk, after",پیٹ — درد، دودھ کے بعد,8,8,یکساں
r854,"PAIN, mortification, after","PAIN, aching, dull pain (See Boring, Drawing, Distress, Digging, Gnawing, Pressing, etc.), mortification, after",پیٹ — درد، بے عزتی کے بعد,1,1,یکساں
r859,"PAIN, peaches, after","PAIN, aching, dull pain (See Boring, Drawing, Distress, Digging, Gnawing, Pressing, etc.), peaches, after",پیٹ — درد، آڑو کے بعد,1,1,یکساں
r861,"PAIN, periodical, every day","PAIN, aching, dull pain (See Boring, Drawing, Distress, Digging, Gnawing, Pressing, etc.), periodical, every day",پیٹ — درد، وقفے وقفے سے، روزانہ,3,3,یکساں
r862,"PAIN, plums, after","PAIN, aching, dull pain (See Boring, Drawing, Distress, Digging, Gnawing, Pressing, etc.), plums, after",پیٹ — درد، آلو بخارے کے بعد,1,1,یکساں
r863,"PAIN, potatoes, after","PAIN, aching, dull pain (See Boring, Drawing, Distress, Digging, Gnawing, Pressing, etc.), potatoes, after",پیٹ — درد، آلو کے بعد,4,4,یکساں
r864,"PAIN, pregnancy, during","PAIN, aching, dull pain (See Boring, Drawing, Distress, Digging, Gnawing, Pressing, etc.), pregnancy, during",پیٹ — درد، حمل کے دوران,16,16,یکساں
r869,"PAIN, radiating, to all parts of body","PAIN, aching, dull pain (See Boring, Drawing, Distress, Digging, Gnawing, Pressing, etc.), radiating, to all parts of body",پیٹ — درد، شعاعوں کی طرح پھیلتا ہوا، جسم کے تمام حصوں تک,1,1,یکساں
r872,"PAIN, respiration, on","PAIN, aching, dull pain (See Boring, Drawing, Distress, Digging, Gnawing, Pressing, etc.), respiration, on",پیٹ — درد، سانس لینے پر,18,18,یکساں
r873,"PAIN, retraction of the umbilicus, with","PAIN, aching, dull pain (See Boring, Drawing, Distress, Digging, Gnawing, Pressing, etc.), retraction of the umbilicus, with",پیٹ — درد، ناف کے اندر کھنچنے کے ساتھ,2,2,یکساں
r875,"PAIN, rising, on","PAIN, aching, dull pain (See Boring, Drawing, Distress, Digging, Gnawing, Pressing, etc.), rising, on",پیٹ — درد، اٹھنے پر,2,2,یکساں
r880,"PAIN, sexual excitement, during","PAIN, aching, dull pain (See Boring, Drawing, Distress, Digging, Gnawing, Pressing, etc.), sexual excitement, during",پیٹ — درد، شہوانی جوش کے دوران,1,1,یکساں
r888,"PAIN, sleep, before going to","PAIN, aching, dull pain (See Boring, Drawing, Distress, Digging, Gnawing, Pressing, etc.), sleep, before going to",پیٹ — درد، سونے سے پہلے,1,1,یکساں
r892,"PAIN, sneezing, on","PAIN, aching, dull pain (See Boring, Drawing, Distress, Digging, Gnawing, Pressing, etc.), sneezing, on",پیٹ — درد، چھینکنے پر,6,6,یکساں
r893,"PAIN, soup, after","PAIN, aching, dull pain (See Boring, Drawing, Distress, Digging, Gnawing, Pressing, etc.), soup, after",پیٹ — درد، شوربے کے بعد,1,1,یکساں
r894,"PAIN, speaking, after","PAIN, aching, dull pain (See Boring, Drawing, Distress, Digging, Gnawing, Pressing, etc.), speaking, after",پیٹ — درد، بولنے کے بعد,1,1,یکساں
r898,"PAIN, stool, before","PAIN, aching, dull pain (See Boring, Drawing, Distress, Digging, Gnawing, Pressing, etc.), stool, before",پیٹ — درد، پاخانے سے پہلے,110,110,یکساں
r909,"PAIN, stretching out, amel.","PAIN, aching, dull pain (See Boring, Drawing, Distress, Digging, Gnawing, Pressing, etc.), stretching out, amel.",پیٹ — درد، تانی لینے سے آرام,3,3,یکساں
r910,"PAIN, sugar, after","PAIN, aching, dull pain (See Boring, Drawing, Distress, Digging, Gnawing, Pressing, etc.), sugar, after",پیٹ — درد، چینی کے بعد,3,3,یکساں
r911,"PAIN, supper, after","PAIN, aching, dull pain (See Boring, Drawing, Distress, Digging, Gnawing, Pressing, etc.), supper, after",پیٹ — درد، رات کے کھانے کے بعد,10,10,یکساں
r913,"PAIN, tobacco, after","PAIN, aching, dull pain (See Boring, Drawing, Distress, Digging, Gnawing, Pressing, etc.), tobacco, after",پیٹ — درد، تمباکو کے بعد,2,2,یکساں
r917,"PAIN, urging to urinate, with","PAIN, aching, dull pain (See Boring, Drawing, Distress, Digging, Gnawing, Pressing, etc.), urging to urinate, with",پیٹ — درد، پیشاب کی خواہش کے ساتھ,3,3,یکساں
r918,"PAIN, urination, before","PAIN, aching, dull pain (See Boring, Drawing, Distress, Digging, Gnawing, Pressing, etc.), urination, before",پیٹ — درد، پیشاب سے پہلے,2,2,یکساں
r923,"PAIN, vexation, after","PAIN, aching, dull pain (See Boring, Drawing, Distress, Digging, Gnawing, Pressing, etc.), vexation, after",پیٹ — درد، کوفت کے بعد,2,2,یکساں
r925,"PAIN, vomiting, after","PAIN, aching, dull pain (See Boring, Drawing, Distress, Digging, Gnawing, Pressing, etc.), vomiting, after",پیٹ — درد، قے کے بعد,2,2,یکساں
r926,"PAIN, waking, on","PAIN, aching, dull pain (See Boring, Drawing, Distress, Digging, Gnawing, Pressing, etc.), waking, on",پیٹ — درد، جاگنے پر,19,19,یکساں
r932,"PAIN, wandering, shift suddenly to distant parts","PAIN, aching, dull pain (See Boring, Drawing, Distress, Digging, Gnawing, Pressing, etc.), wandering, shift suddenly to distant parts",پیٹ — درد، جگہ جگہ پھرتا ہوا، اچانک دور کے حصوں میں منتقل ہو جائے,1,1,یکساں
r941,"PAIN, wine, after","PAIN, aching, dull pain (See Boring, Drawing, Distress, Digging, Gnawing, Pressing, etc.), wine, after",پیٹ — درد، شراب کے بعد,1,1,یکساں
r950,"PAIN, extending, bladder","PAIN, aching, dull pain (See Boring, Drawing, Distress, Digging, Gnawing, Pressing, etc.), extending across, bladder",پیٹ — درد، پھیلتا ہوا، مثانے تک,5,5,یکساں
r956,"PAIN, extending, distant parts","PAIN, aching, dull pain (See Boring, Drawing, Distress, Digging, Gnawing, Pressing, etc.), extending across, distant parts",پیٹ — درد، پھیلتا ہوا، دور دراز حصوں تک,1,1,یکساں
r957,"PAIN, extending, downward","PAIN, aching, dull pain (See Boring, Drawing, Distress, Digging, Gnawing, Pressing, etc.), extending across, downward",پیٹ — درد، پھیلتا ہوا، نیچے کی طرف,23,23,یکساں
r966,"PAIN, extending, lower limbs","PAIN, aching, dull pain (See Boring, Drawing, Distress, Digging, Gnawing, Pressing, etc.), extending across, lower limbs",پیٹ — درد، پھیلتا ہوا، نچلے اعضاء تک,6,6,یکساں
r971,"PAIN, extending, penis","PAIN, aching, dull pain (See Boring, Drawing, Distress, Digging, Gnawing, Pressing, etc.), extending across, penis",پیٹ — درد، پھیلتا ہوا، عضو تناسل تک,2,2,یکساں
r972,"PAIN, extending, perineum","PAIN, aching, dull pain (See Boring, Drawing, Distress, Digging, Gnawing, Pressing, etc.), extending across, perineum",پیٹ — درد، پھیلتا ہوا، پاخانے اور پیشاب کے درمیان کے حصے تک,1,1,یکساں
r973,"PAIN, extending, pubic region","PAIN, aching, dull pain (See Boring, Drawing, Distress, Digging, Gnawing, Pressing, etc.), extending across, pubic region",پیٹ — درد، پھیلتا ہوا، ناف کے نیچے کی ہڈی کے علاقے تک,2,2,یکساں
r975,"PAIN, extending, rectum","PAIN, aching, dull pain (See Boring, Drawing, Distress, Digging, Gnawing, Pressing, etc.), extending across, rectum",پیٹ — درد، پھیلتا ہوا، مقعد تک,7,7,یکساں
r976,"PAIN, extending, scrotum","PAIN, aching, dull pain (See Boring, Drawing, Distress, Digging, Gnawing, Pressing, etc.), extending across, scrotum",پیٹ — درد، پھیلتا ہوا، خصیوں کے تھیلی تک,1,1,یکساں
r977,"PAIN, extending, shoulder","PAIN, aching, dull pain (See Boring, Drawing, Distress, Digging, Gnawing, Pressing, etc.), extending across, shoulder",پیٹ — درد، پھیلتا ہوا، کندھے تک,1,1,یکساں
r981,"PAIN, extending, spermatic cord","PAIN, aching, dull pain (See Boring, Drawing, Distress, Digging, Gnawing, Pressing, etc.), extending across, spermatic cord",پیٹ — درد، پھیلتا ہوا، نالی (سپرمیٹک کورڈ) تک,2,2,یکساں
r983,"PAIN, extending, spine","PAIN, aching, dull pain (See Boring, Drawing, Distress, Digging, Gnawing, Pressing, etc.), extending across, spine",پیٹ — درد، پھیلتا ہوا، ریڑھ کی ہڈی تک,3,3,یکساں
r984,"PAIN, extending, stomach","PAIN, aching, dull pain (See Boring, Drawing, Distress, Digging, Gnawing, Pressing, etc.), extending across, stomach",پیٹ — درد، پھیلتا ہوا، معدے تک,6,6,یکساں
r985,"PAIN, extending, testicles","PAIN, aching, dull pain (See Boring, Drawing, Distress, Digging, Gnawing, Pressing, etc.), extending across, testicles",پیٹ — درد، پھیلتا ہوا، خصیوں تک,6,6,یکساں
r988,"PAIN, extending, thigh","PAIN, aching, dull pain (See Boring, Drawing, Distress, Digging, Gnawing, Pressing, etc.), extending across, thigh",پیٹ — درد، پھیلتا ہوا، ران تک,12,12,یکساں
r989,"PAIN, extending, throat","PAIN, aching, dull pain (See Boring, Drawing, Distress, Digging, Gnawing, Pressing, etc.), extending across, throat",پیٹ — درد، پھیلتا ہوا، گلے تک,4,4,یکساں
r990,"PAIN, extending, transversely","PAIN, aching, dull pain (See Boring, Drawing, Distress, Digging, Gnawing, Pressing, etc.), extending across, transversely",پیٹ — درد، پھیلتا ہوا، آڑا (چوڑائی میں),4,4,یکساں
r991,"PAIN, extending, umbilicus","PAIN, aching, dull pain (See Boring, Drawing, Distress, Digging, Gnawing, Pressing, etc.), extending across, umbilicus",پیٹ — درد، پھیلتا ہوا، ناف تک,1,1,یکساں
r992,"PAIN, extending, upward","PAIN, aching, dull pain (See Boring, Drawing, Distress, Digging, Gnawing, Pressing, etc.), extending across, upward",پیٹ — درد، پھیلتا ہوا، اوپر کی طرف,14,14,یکساں
r993,"PAIN, extending, uterus","PAIN, aching, dull pain (See Boring, Drawing, Distress, Digging, Gnawing, Pressing, etc.), extending across, uterus",پیٹ — درد، پھیلتا ہوا، رحم تک,2,2,یکساں
r994,"PAIN, extending, vagina","PAIN, aching, dull pain (See Boring, Drawing, Distress, Digging, Gnawing, Pressing, etc.), extending across, vagina",پیٹ — درد، پھیلتا ہوا، شرمگاہ تک,5,5,یکساں
r995,"PAIN, colon, the whole length of the","PAIN, aching, dull pain (See Boring, Drawing, Distress, Digging, Gnawing, Pressing, etc.), Colon, the whole length of the",پیٹ — درد، بڑی آنت، پوری لمبائی میں,1,1,یکساں
r1749,"PAIN, cramping, griping, morning","PAIN, aching, dull pain (See Boring, Drawing, Distress, Digging, Gnawing, Pressing, etc.), cramping, griping, morning",پیٹ — درد، اینٹھن والا، مروڑتے ہوئے، صبح,40,39,ماخذی مطابق کیے
o1076,"PAIN, cutting, drawing, up feet amel.","PAIN, aching, dull pain (See Boring, Drawing, Distress, Digging, Gnawing, Pressing, etc.), cutting, drawing in abdomen, on, up feet amel.",پیٹ — درد، کاٹتا ہوا، پاؤں سمیٹنے سے آرام,1,1,یکساں
o1213,"PAIN, cutting, stool, during","PAIN, aching, dull pain (See Boring, Drawing, Distress, Digging, Gnawing, Pressing, etc.), cutting, stool, before, during",پیٹ — درد، کاٹتا ہوا، پاخانے کے دوران,37,37,یکساں
o1285,"PAIN, dragging, extending, to thighs","PAIN, aching, dull pain (See Boring, Drawing, Distress, Digging, Gnawing, Pressing, etc.), dragging, bearing down, extending toward anus, to thighs",پیٹ — درد، نیچے کو کھینچنے والا، پھیلتا ہوا، رانوں تک,3,3,یکساں
o1331,"PAIN, dragging, walking, amel.","PAIN, aching, dull pain (See Boring, Drawing, Distress, Digging, Gnawing, Pressing, etc.), dragging, bearing down, walking agg., amel.",پیٹ — درد، نیچے کو کھینچنے والا، چلنے سے آرام,1,1,یکساں
o1748,"PAIN, inguinal region, drawing, up knee amel.","PAIN, aching, dull pain (See Boring, Drawing, Distress, Digging, Gnawing, Pressing, etc.), Inguinal region, drawing up the leg, when, up knee amel.",پیٹ — درد، کچھوں کا علاقہ، گھٹنا سمیٹنے سے آرام,3,3,یکساں
o2351,"PAIN, stitching, extending, bladder","PAIN, aching, dull pain (See Boring, Drawing, Distress, Digging, Gnawing, Pressing, etc.), stitching (sticking, etc.), extending across, bladder",پیٹ — درد، چبھتا ہوا، پھیلتا ہوا، مثانے تک,2,2,یکساں
o2353,"PAIN, stitching, extending, chest","PAIN, aching, dull pain (See Boring, Drawing, Distress, Digging, Gnawing, Pressing, etc.), stitching (sticking, etc.), extending across, chest",پیٹ — درد، چبھتا ہوا، پھیلتا ہوا، سینے تک,4,4,یکساں
o2356,"PAIN, stitching, extending, hypochondriac region","PAIN, aching, dull pain (See Boring, Drawing, Distress, Digging, Gnawing, Pressing, etc.), stitching (sticking, etc.), extending across, hypochondriac region",پیٹ — درد، چبھتا ہوا، پھیلتا ہوا، بغل کے نچلے حصے تک,1,1,یکساں
o2357,"PAIN, stitching, extending, left to right","PAIN, aching, dull pain (See Boring, Drawing, Distress, Digging, Gnawing, Pressing, etc.), stitching (sticking, etc.), extending across, left to right",پیٹ — درد، چبھتا ہوا، پھیلتا ہوا، بائیں سے دائیں,2,2,یکساں
o2358,"PAIN, stitching, extending, lower limbs","PAIN, aching, dull pain (See Boring, Drawing, Distress, Digging, Gnawing, Pressing, etc.), stitching (sticking, etc.), extending across, lower limbs",پیٹ — درد، چبھتا ہوا، پھیلتا ہوا، نچلے اعضاء تک,2,2,یکساں
o2359,"PAIN, stitching, extending, pelvis","PAIN, aching, dull pain (See Boring, Drawing, Distress, Digging, Gnawing, Pressing, etc.), stitching (sticking, etc.), extending across, pelvis",پیٹ — درد، چبھتا ہوا، پھیلتا ہوا، کولھے کے جوڑ تک,2,2,یکساں
o2361,"PAIN, stitching, extending, perineum","PAIN, aching, dull pain (See Boring, Drawing, Distress, Digging, Gnawing, Pressing, etc.), stitching (sticking, etc.), extending across, perineum",پیٹ — درد، چبھتا ہوا، پھیلتا ہوا، پاخانے اور پیشاب کے درمیان کے حصے تک,1,1,یکساں
o2362,"PAIN, stitching, extending, rectum","PAIN, aching, dull pain (See Boring, Drawing, Distress, Digging, Gnawing, Pressing, etc.), stitching (sticking, etc.), extending across, rectum",پیٹ — درد، چبھتا ہوا، پھیلتا ہوا، مقعد تک,1,1,یکساں
o2363,"PAIN, stitching, extending, right to left","PAIN, aching, dull pain (See Boring, Drawing, Distress, Digging, Gnawing, Pressing, etc.), stitching (sticking, etc.), extending across, right to left",پیٹ — درد، چبھتا ہوا، پھیلتا ہوا، دائیں سے بائیں,1,1,یکساں
o2365,"PAIN, stitching, extending, shoulders","PAIN, aching, dull pain (See Boring, Drawing, Distress, Digging, Gnawing, Pressing, etc.), stitching (sticking, etc.), extending across, shoulders",پیٹ — درد، چبھتا ہوا، پھیلتا ہوا، کندھوں تک,1,1,یکساں
o2369,"PAIN, stitching, extending, to back","PAIN, aching, dull pain (See Boring, Drawing, Distress, Digging, Gnawing, Pressing, etc.), stitching (sticking, etc.), extending across, to back",پیٹ — درد، چبھتا ہوا، پھیلتا ہوا، پیٹھ تک,5,5,یکساں
o2370,"PAIN, stitching, extending, transversely","PAIN, aching, dull pain (See Boring, Drawing, Distress, Digging, Gnawing, Pressing, etc.), stitching (sticking, etc.), extending across, transversely",پیٹ — درد، چبھتا ہوا، پھیلتا ہوا، آڑا (چوڑائی میں),6,6,یکساں
o2371,"PAIN, stitching, extending, upwards","PAIN, aching, dull pain (See Boring, Drawing, Distress, Digging, Gnawing, Pressing, etc.), stitching (sticking, etc.), extending across, upwards",پیٹ — درد، چبھتا ہوا، پھیلتا ہوا، اوپر کی طرف,5,5,یکساں
o2372,"PAIN, stitching, extending, vagina","PAIN, aching, dull pain (See Boring, Drawing, Distress, Digging, Gnawing, Pressing, etc.), stitching (sticking, etc.), extending across, vagina",پیٹ — درد، چبھتا ہوا، پھیلتا ہوا، شرمگاہ تک,2,2,یکساں
o2618,"PAIN, stitching, spleen, evening","PAIN, aching, dull pain (See Boring, Drawing, Distress, Digging, Gnawing, Pressing, etc.), stitching (sticking, etc.), Spleen, evening",پیٹ — درد، چبھتا ہوا، تلی میں، شام,4,4,یکساں
o2621,"PAIN, stitching, spleen, morning","PAIN, aching, dull pain (See Boring, Drawing, Distress, Digging, Gnawing, Pressing, etc.), stitching (sticking, etc.), Spleen, morning",پیٹ — درد، چبھتا ہوا، تلی میں، صبح,1,1,یکساں
o2667,"PAIN, stool, diarrhoea, during","PAIN, aching, dull pain (See Boring, Drawing, Distress, Digging, Gnawing, Pressing, etc.), stool, before, diarrhœa, during",پیٹ — درد، پاخانہ، دست کے دوران,54,54,یکساں
o2779,"PAIN, umbilicus, diarrhoea, during","PAIN, aching, dull pain (See Boring, Drawing, Distress, Digging, Gnawing, Pressing, etc.), Umbilicus, diarrhœa, before, during",پیٹ — درد، ناف، دست کے دوران,2,2,یکساں
o2892,"PAIN, warm, food, amel.","PAIN, aching, dull pain (See Boring, Drawing, Distress, Digging, Gnawing, Pressing, etc.), warm drinks amel., food, after, amel.",پیٹ — درد، گرم، کھانے سے آرام,2,2,یکساں
r1045,"PAIN, hypochondria, eating, amel.","PAIN, aching, dull pain (See Boring, Drawing, Distress, Digging, Gnawing, Pressing, etc.), Hypochondria, eating, after, amel.",پیٹ — درد، بغل کے نچلے حصے میں، کھانے سے آرام,1,1,یکساں
r1060,"PAIN, hypochondria, menses, after","PAIN, aching, dull pain (See Boring, Drawing, Distress, Digging, Gnawing, Pressing, etc.), Hypochondria, menses, before, after",پیٹ — درد، بغل کے نچلے حصے میں، حیض کے بعد,1,1,یکساں
r1062,"PAIN, hypochondria, motion, rapid","PAIN, aching, dull pain (See Boring, Drawing, Distress, Digging, Gnawing, Pressing, etc.), Hypochondria, motion, from, rapid",پیٹ — درد، بغل کے نچلے حصے میں، تیز حرکت سے,1,1,یکساں
r1065,"PAIN, hypochondria, pressure, amel.","PAIN, aching, dull pain (See Boring, Drawing, Distress, Digging, Gnawing, Pressing, etc.), Hypochondria, pressure, from, amel.",پیٹ — درد، بغل کے نچلے حصے میں، دباؤ سے آرام,1,1,یکساں
r1066,"PAIN, hypochondria, pressure, clothing agg.","PAIN, aching, dull pain (See Boring, Drawing, Distress, Digging, Gnawing, Pressing, etc.), Hypochondria, pressure, from, clothing agg.",پیٹ — درد، بغل کے نچلے حصے میں، دباؤ، کپڑوں سے بگاڑ,12,12,یکساں
r1074,"PAIN, hypochondria, standing, amel.","PAIN, aching, dull pain (See Boring, Drawing, Distress, Digging, Gnawing, Pressing, etc.), Hypochondria, standing, on, amel.",پیٹ — درد، بغل کے نچلے حصے میں، کھڑے ہونے سے آرام,1,1,یکساں
r1082,"PAIN, hypochondria, walking, amel.","PAIN, aching, dull pain (See Boring, Drawing, Distress, Digging, Gnawing, Pressing, etc.), Hypochondria, walking, while, amel.",پیٹ — درد، بغل کے نچلے حصے میں، چلنے سے آرام,3,3,یکساں
r1124,"PAIN, hypogastrium, lying, on abdomen amel.","PAIN, aching, dull pain (See Boring, Drawing, Distress, Digging, Gnawing, Pressing, etc.), Hypogastrium, lying, while, on abdomen amel.",پیٹ — درد، ناف کے نیچے کے حصے میں، پیٹ کے بل لیٹنے سے آرام,1,1,یکساں
r1125,"PAIN, hypogastrium, lying, on back agg.","PAIN, aching, dull pain (See Boring, Drawing, Distress, Digging, Gnawing, Pressing, etc.), Hypogastrium, lying, while, on back agg.",پیٹ — درد، ناف کے نیچے کے حصے میں، چت لیٹنے سے بگاڑ,2,2,یکساں
r1126,"PAIN, hypogastrium, lying, on side with limbs drawn up amel.","PAIN, aching, dull pain (See Boring, Drawing, Distress, Digging, Gnawing, Pressing, etc.), Hypogastrium, lying, while, on side with limbs drawn up amel.",پیٹ — درد، ناف کے نیچے کے حصے میں، اعضاء سمیٹ کر کروٹ لیٹنے سے آرام,1,1,یکساں
r1130,"PAIN, hypogastrium, menses, during","PAIN, aching, dull pain (See Boring, Drawing, Distress, Digging, Gnawing, Pressing, etc.), Hypogastrium, menses, before, during",پیٹ — درد، ناف کے نیچے کے حصے میں، حیض کے دوران,44,44,یکساں
r1131,"PAIN, hypogastrium, menses, after","PAIN, aching, dull pain (See Boring, Drawing, Distress, Digging, Gnawing, Pressing, etc.), Hypogastrium, menses, before, after",پیٹ — درد، ناف کے نیچے کے حصے میں، حیض کے بعد,8,8,یکساں
r1136,"PAIN, hypogastrium, sitting, erect","PAIN, aching, dull pain (See Boring, Drawing, Distress, Digging, Gnawing, Pressing, etc.), Hypogastrium, sitting, while, erect",پیٹ — درد، ناف کے نیچے کے حصے میں، سیدھے بیٹھنے سے,1,1,یکساں
r1139,"PAIN, hypogastrium, stool, during","PAIN, aching, dull pain (See Boring, Drawing, Distress, Digging, Gnawing, Pressing, etc.), Hypogastrium, stool, before, during",پیٹ — درد، ناف کے نیچے کے حصے میں، پاخانے کے دوران,2,2,یکساں
r1140,"PAIN, hypogastrium, stool, after","PAIN, aching, dull pain (See Boring, Drawing, Distress, Digging, Gnawing, Pressing, etc.), Hypogastrium, stool, before, after",پیٹ — درد، ناف کے نیچے کے حصے میں، پاخانے کے بعد,5,5,یکساں
r1187,"PAIN, iliac region, walking, in open air amel.","PAIN, aching, dull pain (See Boring, Drawing, Distress, Digging, Gnawing, Pressing, etc.), Iliac region, walking, while, in open air amel.",پیٹ — درد، کولھے کی طرف، کھلی ہوا میں چلنے سے آرام,1,1,یکساں
r1188,"PAIN, iliac region, walking, in room","PAIN, aching, dull pain (See Boring, Drawing, Distress, Digging, Gnawing, Pressing, etc.), Iliac region, walking, while, in room",پیٹ — درد، کولھے کی طرف، کمرے میں چلنے سے,1,1,یکساں
r1238,"PAIN, inguinal region, lying, on back with legs extended","PAIN, aching, dull pain (See Boring, Drawing, Distress, Digging, Gnawing, Pressing, etc.), Inguinal region, lying, while, on back with legs extended",پیٹ — درد، کچھوں کا علاقہ، چت لیٹنے سے، ٹانگیں پھیلا کر,1,1,یکساں
r1240,"PAIN, inguinal region, menses, during","PAIN, aching, dull pain (See Boring, Drawing, Distress, Digging, Gnawing, Pressing, etc.), Inguinal region, menses, before, during",پیٹ — درد، کچھوں کا علاقہ، حیض کے دوران,21,21,یکساں
r1241,"PAIN, inguinal region, menses, after","PAIN, aching, dull pain (See Boring, Drawing, Distress, Digging, Gnawing, Pressing, etc.), Inguinal region, menses, before, after",پیٹ — درد، کچھوں کا علاقہ، حیض کے بعد,2,2,یکساں
r1242,"PAIN, inguinal region, menses, as if would come on","PAIN, aching, dull pain (See Boring, Drawing, Distress, Digging, Gnawing, Pressing, etc.), Inguinal region, menses, before, as if would come on",پیٹ — درد، کچھوں کا علاقہ، حیض، جیسے آنے والا ہو,3,3,یکساں
r1254,"PAIN, inguinal region, stool, during","PAIN, aching, dull pain (See Boring, Drawing, Distress, Digging, Gnawing, Pressing, etc.), Inguinal region, stool, before, during",پیٹ — درد، کچھوں کا علاقہ، پاخانے کے دوران,1,1,یکساں
r1261,"PAIN, inguinal region, urinating, after","PAIN, aching, dull pain (See Boring, Drawing, Distress, Digging, Gnawing, Pressing, etc.), Inguinal region, urinating, while, after",پیٹ — درد، کچھوں کا علاقہ، پیشاب کے بعد,1,1,یکساں
r1264,"PAIN, inguinal region, walking, amel.","PAIN, aching, dull pain (See Boring, Drawing, Distress, Digging, Gnawing, Pressing, etc.), Inguinal region, walking, while, amel.",پیٹ — درد، کچھوں کا علاقہ، چلنے سے آرام,2,2,یکساں
r1298,"PAIN, liver, chill, during","PAIN, aching, dull pain (See Boring, Drawing, Distress, Digging, Gnawing, Pressing, etc.), Liver, chill, before, during",پیٹ — درد، جگر، سردی لگنے کے دوران,7,7,یکساں
r1303,"PAIN, liver, eating, amel.","PAIN, aching, dull pain (See Boring, Drawing, Distress, Digging, Gnawing, Pressing, etc.), Liver, eating, after, amel.",پیٹ — درد، جگر، کھانے سے آرام,1,1,یکساں
r1304,"PAIN, liver, eating, to satiety","PAIN, aching, dull pain (See Boring, Drawing, Distress, Digging, Gnawing, Pressing, etc.), Liver, eating, after, to satiety",پیٹ — درد، جگر، پیٹ بھر کھانے سے,1,1,یکساں
r1318,"PAIN, liver, menses, during","PAIN, aching, dull pain (See Boring, Drawing, Distress, Digging, Gnawing, Pressing, etc.), Liver, menses, before, during",پیٹ — درد، جگر، حیض کے دوران,3,3,یکساں
r1374,"PAIN, sides, stool, after","PAIN, aching, dull pain (See Boring, Drawing, Distress, Digging, Gnawing, Pressing, etc.), Sides, stool, during, after",پیٹ — درد، پہلوؤں میں، پاخانے کے بعد,1,1,یکساں
r1413,"PAIN, umbilicus, eating, 2 hours after eating","PAIN, aching, dull pain (See Boring, Drawing, Distress, Digging, Gnawing, Pressing, etc.), Umbilicus, eating, after, 2 hours after eating",پیٹ — درد، ناف، کھانے سے، کھانے کے 2 گھنٹے بعد,1,1,یکساں
r1428,"PAIN, umbilicus, stool, during","PAIN, aching, dull pain (See Boring, Drawing, Distress, Digging, Gnawing, Pressing, etc.), Umbilicus, stool, before, during",پیٹ — درد، ناف، پاخانے کے دوران,2,2,یکساں
r1429,"PAIN, umbilicus, stool, after","PAIN, aching, dull pain (See Boring, Drawing, Distress, Digging, Gnawing, Pressing, etc.), Umbilicus, stool, before, after",پیٹ — درد، ناف، پاخانے کے بعد,1,1,یکساں
r1433,"PAIN, umbilicus, walking, amel.","PAIN, aching, dull pain (See Boring, Drawing, Distress, Digging, Gnawing, Pressing, etc.), Umbilicus, walking, while, amel.",پیٹ — درد، ناف، چلنے سے آرام,1,1,یکساں
r1513,"PAIN, burning, eating, after","PAIN, aching, dull pain (See Boring, Drawing, Distress, Digging, Gnawing, Pressing, etc.), burning, eating, while, after",پیٹ — درد، جلتا ہوا، کھانے کے بعد,1,1,یکساں
r1525,"PAIN, burning, stool, during","PAIN, aching, dull pain (See Boring, Drawing, Distress, Digging, Gnawing, Pressing, etc.), burning, stool, before, during",پیٹ — درد، جلتا ہوا، پاخانے کے دوران,2,2,یکساں
r1526,"PAIN, burning, stool, after","PAIN, aching, dull pain (See Boring, Drawing, Distress, Digging, Gnawing, Pressing, etc.), burning, stool, before, after",پیٹ — درد، جلتا ہوا، پاخانے کے بعد,5,5,یکساں
r1528,"PAIN, burning, walking, in open air","PAIN, aching, dull pain (See Boring, Drawing, Distress, Digging, Gnawing, Pressing, etc.), burning, walking, while, in open air",پیٹ — درد، جلتا ہوا، کھلی ہوا میں چلنے سے,2,2,یکساں
r1875,"PAIN, cutting, dinner, during","PAIN, aching, dull pain (See Boring, Drawing, Distress, Digging, Gnawing, Pressing, etc.), cutting, dinner, before, during",پیٹ — درد، کاٹتا ہوا، دوپہر کے کھانے کے دوران,2,2,یکساں
r1876,"PAIN, cutting, dinner, after","PAIN, aching, dull pain (See Boring, Drawing, Distress, Digging, Gnawing, Pressing, etc.), cutting, dinner, before, after",پیٹ — درد، کاٹتا ہوا، دوپہر کے کھانے کے بعد,13,13,یکساں
r1881,"PAIN, cutting, eating, after","PAIN, aching, dull pain (See Boring, Drawing, Distress, Digging, Gnawing, Pressing, etc.), cutting, eating, while, after",پیٹ — درد، کاٹتا ہوا، کھانے کے بعد,14,14,یکساں
r1882,"PAIN, cutting, eating, amel.","PAIN, aching, dull pain (See Boring, Drawing, Distress, Digging, Gnawing, Pressing, etc.), cutting, eating, while, amel.",پیٹ — درد، کاٹتا ہوا، کھانے سے آرام,1,1,یکساں
r1889,"PAIN, cutting, heat, amel.","PAIN, aching, dull pain (See Boring, Drawing, Distress, Digging, Gnawing, Pressing, etc.), cutting, heat, during, amel.",پیٹ — درد، کاٹتا ہوا، گرمی سے آرام,1,1,یکساں
r1895,"PAIN, cutting, menses, from hip to hip","PAIN, aching, dull pain (See Boring, Drawing, Distress, Digging, Gnawing, Pressing, etc.), cutting, menses, before, from hip to hip",پیٹ — درد، کاٹتا ہوا، حیض، کولھے سے کولھے تک,2,2,یکساں
r1896,"PAIN, cutting, menses, on appearance of","PAIN, aching, dull pain (See Boring, Drawing, Distress, Digging, Gnawing, Pressing, etc.), cutting, menses, before, on appearance of",پیٹ — درد، کاٹتا ہوا، حیض شروع ہونے پر,5,5,یکساں
r1898,"PAIN, cutting, menses, during","PAIN, aching, dull pain (See Boring, Drawing, Distress, Digging, Gnawing, Pressing, etc.), cutting, menses, before, during",پیٹ — درد، کاٹتا ہوا، حیض کے دوران,22,22,یکساں
r1899,"PAIN, cutting, menses, after","PAIN, aching, dull pain (See Boring, Drawing, Distress, Digging, Gnawing, Pressing, etc.), cutting, menses, before, after",پیٹ — درد، کاٹتا ہوا، حیض کے بعد,2,2,یکساں
r1904,"PAIN, cutting, motion, amel.","PAIN, aching, dull pain (See Boring, Drawing, Distress, Digging, Gnawing, Pressing, etc.), cutting, motion, on, amel.",پیٹ — درد، کاٹتا ہوا، حرکت سے آرام,2,2,یکساں
r1909,"PAIN, cutting, sitting, amel.","PAIN, aching, dull pain (See Boring, Drawing, Distress, Digging, Gnawing, Pressing, etc.), cutting, sitting, while, amel.",پیٹ — درد، کاٹتا ہوا، بیٹھنے سے آرام,1,1,یکساں
r1917,"PAIN, cutting, stool, causing urging to","PAIN, aching, dull pain (See Boring, Drawing, Distress, Digging, Gnawing, Pressing, etc.), cutting, stool, before, causing urging to",پیٹ — درد، کاٹتا ہوا، پاخانے کی خواہش پیدا کرے,5,5,یکساں
r1922,"PAIN, cutting, urination, during","PAIN, aching, dull pain (See Boring, Drawing, Distress, Digging, Gnawing, Pressing, etc.), cutting, urination, before, during",پیٹ — درد، کاٹتا ہوا، پیشاب کے دوران,4,4,یکساں
r1923,"PAIN, cutting, urination, after","PAIN, aching, dull pain (See Boring, Drawing, Distress, Digging, Gnawing, Pressing, etc.), cutting, urination, before, after",پیٹ — درد، کاٹتا ہوا، پیشاب کے بعد,2,2,یکساں
r1974,"PAIN, cutting, ilium, anterior superior spinous process","PAIN, aching, dull pain (See Boring, Drawing, Distress, Digging, Gnawing, Pressing, etc.), cutting, Ilium, morning, anterior superior spinous process",پیٹ — درد، کاٹتا ہوا، کولھے کی ہڈی، سامنے کا اوپر والا ابھرا ہوا حصہ,1,1,یکساں
r1975,"PAIN, cutting, ilium, extending to scapula","PAIN, aching, dull pain (See Boring, Drawing, Distress, Digging, Gnawing, Pressing, etc.), cutting, Ilium, morning, extending to scapula",پیٹ — درد، کاٹتا ہوا، کولھے کی ہڈی، کندھے کی ہڈی تک پھیلتا ہوا,1,1,یکساں
r2054,"PAIN, dragging, morning, 9 a.m. to 6 p.m.","PAIN, aching, dull pain (See Boring, Drawing, Distress, Digging, Gnawing, Pressing, etc.), dragging, bearing down, morning, 9 a.m. to 6 p.m.",پیٹ — درد، نیچے کو کھینچنے والا، صبح 9 بجے سے شام 6 بجے تک,1,1,یکساں
r2057,"PAIN, dragging, night, in bed","PAIN, aching, dull pain (See Boring, Drawing, Distress, Digging, Gnawing, Pressing, etc.), dragging, bearing down, night, in bed",پیٹ — درد، نیچے کو کھینچنے والا، رات، بستر میں,2,2,یکساں
r2061,"PAIN, dragging, dinner, after","PAIN, aching, dull pain (See Boring, Drawing, Distress, Digging, Gnawing, Pressing, etc.), dragging, bearing down, dinner, after",پیٹ — درد، نیچے کو کھینچنے والا، دوپہر کے کھانے کے بعد,1,1,یکساں
r2062,"PAIN, dragging, eating, after","PAIN, aching, dull pain (See Boring, Drawing, Distress, Digging, Gnawing, Pressing, etc.), dragging, bearing down, eating, after",پیٹ — درد، نیچے کو کھینچنے والا، کھانے کے بعد,1,1,یکساں
r2064,"PAIN, dragging, fever, in low","PAIN, aching, dull pain (See Boring, Drawing, Distress, Digging, Gnawing, Pressing, etc.), dragging, bearing down, fever, in low",پیٹ — درد، نیچے کو کھینچنے والا، کمزور بخار میں,1,1,یکساں
r2066,"PAIN, dragging, menses, before","PAIN, aching, dull pain (See Boring, Drawing, Distress, Digging, Gnawing, Pressing, etc.), dragging, bearing down, menses, before",پیٹ — درد، نیچے کو کھینچنے والا، حیض سے پہلے,21,21,یکساں
r2070,"PAIN, dragging, pregnancy, during","PAIN, aching, dull pain (See Boring, Drawing, Distress, Digging, Gnawing, Pressing, etc.), dragging, bearing down, pregnancy, during",پیٹ — درد، نیچے کو کھینچنے والا، حمل کے دوران,1,1,یکساں
r2072,"PAIN, dragging, spermatic cords, through","PAIN, aching, dull pain (See Boring, Drawing, Distress, Digging, Gnawing, Pressing, etc.), dragging, bearing down, spermatic cords, through",پیٹ — درد، نیچے کو کھینچنے والا، نالیوں (سپرمیٹک کورڈز) میں سے,1,1,یکساں
r2074,"PAIN, dragging, stool, before","PAIN, aching, dull pain (See Boring, Drawing, Distress, Digging, Gnawing, Pressing, etc.), dragging, bearing down, stool, before",پیٹ — درد، نیچے کو کھینچنے والا، پاخانے سے پہلے,2,2,یکساں
r2080,"PAIN, dragging, thighs, into","PAIN, aching, dull pain (See Boring, Drawing, Distress, Digging, Gnawing, Pressing, etc.), dragging, bearing down, thighs, into",پیٹ — درد، نیچے کو کھینچنے والا، رانوں میں,2,2,یکساں
r2081,"PAIN, dragging, urinate, with urging to","PAIN, aching, dull pain (See Boring, Drawing, Distress, Digging, Gnawing, Pressing, etc.), dragging, bearing down, urinate, with urging to",پیٹ — درد، نیچے کو کھینچنے والا، پیشاب کی خواہش کے ساتھ,2,2,یکساں
r2115,"PAIN, drawing, drinking, amel.","PAIN, aching, dull pain (See Boring, Drawing, Distress, Digging, Gnawing, Pressing, etc.), drawing, drinking, after, amel.",پیٹ — درد، کھینچتا ہوا، پینے سے آرام,1,1,یکساں
r2117,"PAIN, drawing, eating, amel.","PAIN, aching, dull pain (See Boring, Drawing, Distress, Digging, Gnawing, Pressing, etc.), drawing, eating, after, amel.",پیٹ — درد، کھینچتا ہوا، کھانے سے آرام,1,1,یکساں
r2121,"PAIN, drawing, menses, at beginning of","PAIN, aching, dull pain (See Boring, Drawing, Distress, Digging, Gnawing, Pressing, etc.), drawing, menses, before, at beginning of",پیٹ — درد، کھینچتا ہوا، حیض کے شروع میں,1,1,یکساں
r2122,"PAIN, drawing, menses, during","PAIN, aching, dull pain (See Boring, Drawing, Distress, Digging, Gnawing, Pressing, etc.), drawing, menses, before, during",پیٹ — درد، کھینچتا ہوا، حیض کے دوران,10,10,یکساں
r2123,"PAIN, drawing, menses, after","PAIN, aching, dull pain (See Boring, Drawing, Distress, Digging, Gnawing, Pressing, etc.), drawing, menses, before, after",پیٹ — درد، کھینچتا ہوا، حیض کے بعد,1,1,یکساں
r2125,"PAIN, drawing, motion, amel.","PAIN, aching, dull pain (See Boring, Drawing, Distress, Digging, Gnawing, Pressing, etc.), drawing, motion, on, amel.",پیٹ — درد، کھینچتا ہوا، حرکت سے آرام,1,1,یکساں
r2127,"PAIN, drawing, sitting, after","PAIN, aching, dull pain (See Boring, Drawing, Distress, Digging, Gnawing, Pressing, etc.), drawing, sitting, while, after",پیٹ — درد، کھینچتا ہوا، بیٹھنے کے بعد,1,1,یکساں
r2130,"PAIN, drawing, stool, amel.","PAIN, aching, dull pain (See Boring, Drawing, Distress, Digging, Gnawing, Pressing, etc.), drawing, stool, before, amel.",پیٹ — درد، کھینچتا ہوا، پاخانے سے آرام,1,1,یکساں
r2133,"PAIN, drawing, walking, amel.","PAIN, aching, dull pain (See Boring, Drawing, Distress, Digging, Gnawing, Pressing, etc.), drawing, walking, while, amel.",پیٹ — درد، کھینچتا ہوا، چلنے سے آرام,1,1,یکساں
r2248,"PAIN, pressing, eating, anything cold","PAIN, aching, dull pain (See Boring, Drawing, Distress, Digging, Gnawing, Pressing, etc.), pressing, eating, after, anything cold",پیٹ — درد، دبانے والا، کچھ ٹھنڈا کھانے پر,1,1,یکساں
r2251,"PAIN, pressing, lying, amel.","PAIN, aching, dull pain (See Boring, Drawing, Distress, Digging, Gnawing, Pressing, etc.), pressing, lying, while, amel.",پیٹ — درد، دبانے والا، لیٹنے سے آرام,1,1,یکساں
r2252,"PAIN, pressing, lying, on back amel.","PAIN, aching, dull pain (See Boring, Drawing, Distress, Digging, Gnawing, Pressing, etc.), pressing, lying, while, on back amel.",پیٹ — درد، دبانے والا، چت لیٹنے سے آرام,1,1,یکساں
r2253,"PAIN, pressing, lying, on left side amel.","PAIN, aching, dull pain (See Boring, Drawing, Distress, Digging, Gnawing, Pressing, etc.), pressing, lying, while, on left side amel.",پیٹ — درد، دبانے والا، بائیں کروٹ لیٹنے سے آرام,1,1,یکساں
r2255,"PAIN, pressing, menses, during","PAIN, aching, dull pain (See Boring, Drawing, Distress, Digging, Gnawing, Pressing, etc.), pressing, menses, before, during (See Bearing down, genitalia)",پیٹ — درد، دبانے والا، حیض کے دوران,6,6,یکساں
r2256,"PAIN, pressing, menses, after","PAIN, aching, dull pain (See Boring, Drawing, Distress, Digging, Gnawing, Pressing, etc.), pressing, menses, before, after",پیٹ — درد، دبانے والا، حیض کے بعد,1,1,یکساں
r2260,"PAIN, pressing, sitting, amel.","PAIN, aching, dull pain (See Boring, Drawing, Distress, Digging, Gnawing, Pressing, etc.), pressing, sitting, on, amel.",پیٹ — درد، دبانے والا، بیٹھنے سے آرام,1,1,یکساں
r2264,"PAIN, pressing, stool, after","PAIN, aching, dull pain (See Boring, Drawing, Distress, Digging, Gnawing, Pressing, etc.), pressing, stool, before, after",پیٹ — درد، دبانے والا، پاخانے کے بعد,6,6,یکساں
r2266,"PAIN, pressing, stool, amel.","PAIN, aching, dull pain (See Boring, Drawing, Distress, Digging, Gnawing, Pressing, etc.), pressing, stool, before, amel.",پیٹ — درد، دبانے والا، پاخانے سے آرام,1,1,یکساں
r2268,"PAIN, pressing, urination, after","PAIN, aching, dull pain (See Boring, Drawing, Distress, Digging, Gnawing, Pressing, etc.), pressing, urination, during, after",پیٹ — درد، دبانے والا، پیشاب کے بعد,2,2,یکساں
r2271,"PAIN, pressing, walking, after","PAIN, aching, dull pain (See Boring, Drawing, Distress, Digging, Gnawing, Pressing, etc.), pressing, walking, while, after",پیٹ — درد، دبانے والا، چلنے کے بعد,1,1,یکساں
r2518,"PAIN, stitching, evening, 6 p.m.","PAIN, aching, dull pain (See Boring, Drawing, Distress, Digging, Gnawing, Pressing, etc.), stitching (sticking, etc.), evening, 6 p.m.",پیٹ — درد، چبھتا ہوا، شام 6 بجے,1,1,یکساں
r2520,"PAIN, stitching, night, midnight","PAIN, aching, dull pain (See Boring, Drawing, Distress, Digging, Gnawing, Pressing, etc.), stitching (sticking, etc.), night, midnight",پیٹ — درد، چبھتا ہوا، رات، آدھی رات,1,1,یکساں
r2522,"PAIN, stitching, bed, in","PAIN, aching, dull pain (See Boring, Drawing, Distress, Digging, Gnawing, Pressing, etc.), stitching (sticking, etc.), bed, in",پیٹ — درد، چبھتا ہوا، بستر میں,1,1,یکساں
r2525,"PAIN, stitching, coughing, on","PAIN, aching, dull pain (See Boring, Drawing, Distress, Digging, Gnawing, Pressing, etc.), stitching (sticking, etc.), coughing, on",پیٹ — درد، چبھتا ہوا، کھانسنے پر,16,16,یکساں
r2526,"PAIN, stitching, dinner, after","PAIN, aching, dull pain (See Boring, Drawing, Distress, Digging, Gnawing, Pressing, etc.), stitching (sticking, etc.), dinner, after",پیٹ — درد، چبھتا ہوا، دوپہر کے کھانے کے بعد,1,1,یکساں
r2527,"PAIN, stitching, eating, after","PAIN, aching, dull pain (See Boring, Drawing, Distress, Digging, Gnawing, Pressing, etc.), stitching (sticking, etc.), eating, after",پیٹ — درد، چبھتا ہوا، کھانے کے بعد,2,2,یکساں
r2528,"PAIN, stitching, electric shocks, like","PAIN, aching, dull pain (See Boring, Drawing, Distress, Digging, Gnawing, Pressing, etc.), stitching (sticking, etc.), electric shocks, like",پیٹ — درد، چبھتا ہوا، جیسے بجلی کے جھٹکے,1,1,یکساں
r2529,"PAIN, stitching, expiration, on","PAIN, aching, dull pain (See Boring, Drawing, Distress, Digging, Gnawing, Pressing, etc.), stitching (sticking, etc.), expiration, on",پیٹ — درد، چبھتا ہوا، سانس باہر نکالنے پر,1,1,یکساں
r2531,"PAIN, stitching, inspiration, on","PAIN, aching, dull pain (See Boring, Drawing, Distress, Digging, Gnawing, Pressing, etc.), stitching (sticking, etc.), inspiration, on",پیٹ — درد، چبھتا ہوا، سانس اندر لینے پر,4,4,یکساں
r2532,"PAIN, stitching, lying, while","PAIN, aching, dull pain (See Boring, Drawing, Distress, Digging, Gnawing, Pressing, etc.), stitching (sticking, etc.), lying, while",پیٹ — درد، چبھتا ہوا، لیٹے ہوئے,1,1,یکساں
r2534,"PAIN, stitching, menses, before","PAIN, aching, dull pain (See Boring, Drawing, Distress, Digging, Gnawing, Pressing, etc.), stitching (sticking, etc.), menses, before",پیٹ — درد، چبھتا ہوا، حیض سے پہلے,3,3,یکساں
r2536,"PAIN, stitching, motion, on","PAIN, aching, dull pain (See Boring, Drawing, Distress, Digging, Gnawing, Pressing, etc.), stitching (sticking, etc.), motion, on",پیٹ — درد، چبھتا ہوا، حرکت پر,1,1,یکساں
r2539,"PAIN, stitching, potatoes, after","PAIN, aching, dull pain (See Boring, Drawing, Distress, Digging, Gnawing, Pressing, etc.), stitching (sticking, etc.), potatoes, after",پیٹ — درد، چبھتا ہوا، آلو کے بعد,1,1,یکساں
r2543,"PAIN, stitching, sitting, while","PAIN, aching, dull pain (See Boring, Drawing, Distress, Digging, Gnawing, Pressing, etc.), stitching (sticking, etc.), sitting, while",پیٹ — درد، چبھتا ہوا، بیٹھے ہوئے,8,8,یکساں
r2544,"PAIN, stitching, step, every","PAIN, aching, dull pain (See Boring, Drawing, Distress, Digging, Gnawing, Pressing, etc.), stitching (sticking, etc.), step, every",پیٹ — درد، چبھتا ہوا، ہر قدم پر,1,1,یکساں
r2546,"PAIN, stitching, stool, before","PAIN, aching, dull pain (See Boring, Drawing, Distress, Digging, Gnawing, Pressing, etc.), stitching (sticking, etc.), stool, before",پیٹ — درد، چبھتا ہوا، پاخانے سے پہلے,4,4,یکساں
r2550,"PAIN, stitching, urination, during","PAIN, aching, dull pain (See Boring, Drawing, Distress, Digging, Gnawing, Pressing, etc.), stitching (sticking, etc.), urination, during",پیٹ — درد، چبھتا ہوا، پیشاب کے دوران,2,2,یکساں
r2551,"PAIN, stitching, waking, on","PAIN, aching, dull pain (See Boring, Drawing, Distress, Digging, Gnawing, Pressing, etc.), stitching (sticking, etc.), waking, on",پیٹ — درد، چبھتا ہوا، جاگنے پر,3,3,یکساں
r2552,"PAIN, stitching, walking, while","PAIN, aching, dull pain (See Boring, Drawing, Distress, Digging, Gnawing, Pressing, etc.), stitching (sticking, etc.), walking, while",پیٹ — درد، چبھتا ہوا، چلتے ہوئے,8,8,یکساں
r2554,"PAIN, stitching, warm milk, after","PAIN, aching, dull pain (See Boring, Drawing, Distress, Digging, Gnawing, Pressing, etc.), stitching (sticking, etc.), warm milk, after",پیٹ — درد، چبھتا ہوا، گرم دودھ کے بعد,1,1,یکساں
r2579,"PAIN, stitching, hip, region of","PAIN, aching, dull pain (See Boring, Drawing, Distress, Digging, Gnawing, Pressing, etc.), stitching (sticking, etc.), Hip, region of",پیٹ — درد، چبھتا ہوا، کولھے کا علاقہ,12,12,یکساں
r2582,"PAIN, stitching, hypochondria, right","PAIN, aching, dull pain (See Boring, Drawing, Distress, Digging, Gnawing, Pressing, etc.), stitching (sticking, etc.), Hypochondria, right",پیٹ — درد، چبھتا ہوا، دائیں بغل کے نچلے حصے میں,54,54,یکساں
r2587,"PAIN, stitching, hypochondria, left","PAIN, aching, dull pain (See Boring, Drawing, Distress, Digging, Gnawing, Pressing, etc.), stitching (sticking, etc.), Hypochondria, left",پیٹ — درد، چبھتا ہوا، بائیں بغل کے نچلے حصے میں,31,31,یکساں
r2593,"PAIN, stitching, hypochondria, forenoon","PAIN, aching, dull pain (See Boring, Drawing, Distress, Digging, Gnawing, Pressing, etc.), stitching (sticking, etc.), Hypochondria, forenoon",پیٹ — درد، چبھتا ہوا، بغل کے نچلے حصے میں، دوپہر سے پہلے,4,4,یکساں
r2597,"PAIN, stitching, hypochondria, evening","PAIN, aching, dull pain (See Boring, Drawing, Distress, Digging, Gnawing, Pressing, etc.), stitching (sticking, etc.), Hypochondria, evening",پیٹ — درد، چبھتا ہوا، بغل کے نچلے حصے میں، شام,11,11,یکساں
r2598,"PAIN, stitching, hypochondria, night","PAIN, aching, dull pain (See Boring, Drawing, Distress, Digging, Gnawing, Pressing, etc.), stitching (sticking, etc.), Hypochondria, night",پیٹ — درد، چبھتا ہوا، بغل کے نچلے حصے میں، رات,4,4,یکساں
r2600,"PAIN, stitching, hypochondria, alternating sides","PAIN, aching, dull pain (See Boring, Drawing, Distress, Digging, Gnawing, Pressing, etc.), stitching (sticking, etc.), Hypochondria, alternating sides",پیٹ — درد، چبھتا ہوا، بغل کے نچلے حصے میں، باری باری دونوں طرف,1,1,یکساں
r2601,"PAIN, stitching, hypochondria, bending forward","PAIN, aching, dull pain (See Boring, Drawing, Distress, Digging, Gnawing, Pressing, etc.), stitching (sticking, etc.), Hypochondria, bending forward",پیٹ — درد، چبھتا ہوا، بغل کے نچلے حصے میں، آگے جھکنے سے,1,1,یکساں
r2615,"PAIN, stitching, hypochondria, leaning to right","PAIN, aching, dull pain (See Boring, Drawing, Distress, Digging, Gnawing, Pressing, etc.), stitching (sticking, etc.), Hypochondria, leaning to right",پیٹ — درد، چبھتا ہوا، بغل کے نچلے حصے میں، دائیں طرف ٹیک لگانے سے,1,1,یکساں
r2622,"PAIN, stitching, hypochondria, pressure agg.","PAIN, aching, dull pain (See Boring, Drawing, Distress, Digging, Gnawing, Pressing, etc.), stitching (sticking, etc.), Hypochondria, pressure agg.",پیٹ — درد، چبھتا ہوا، بغل کے نچلے حصے میں، دباؤ سے بگاڑ,3,3,یکساں
r2625,"PAIN, stitching, hypochondria, rising from stooping","PAIN, aching, dull pain (See Boring, Drawing, Distress, Digging, Gnawing, Pressing, etc.), stitching (sticking, etc.), Hypochondria, rising from stooping",پیٹ — درد، چبھتا ہوا، بغل کے نچلے حصے میں، جھکے ہوئے سیدھا ہونے سے,1,1,یکساں
r2638,"PAIN, stitching, hypochondria, extending to abdomen","PAIN, aching, dull pain (See Boring, Drawing, Distress, Digging, Gnawing, Pressing, etc.), stitching (sticking, etc.), Hypochondria, extending to abdomen",پیٹ — درد، چبھتا ہوا، بغل کے نچلے حصے میں، پیٹ تک پھیلتا ہوا,1,1,یکساں
r2649,"PAIN, stitching, hypogastrium, morning","PAIN, aching, dull pain (See Boring, Drawing, Distress, Digging, Gnawing, Pressing, etc.), stitching (sticking, etc.), Hypogastrium, morning",پیٹ — درد، چبھتا ہوا، ناف کے نیچے کے حصے میں، صبح,2,2,یکساں
r2650,"PAIN, stitching, hypogastrium, forenoon","PAIN, aching, dull pain (See Boring, Drawing, Distress, Digging, Gnawing, Pressing, etc.), stitching (sticking, etc.), Hypogastrium, forenoon",پیٹ — درد، چبھتا ہوا، ناف کے نیچے کے حصے میں، دوپہر سے پہلے,1,1,یکساں
r2651,"PAIN, stitching, hypogastrium, afternoon","PAIN, aching, dull pain (See Boring, Drawing, Distress, Digging, Gnawing, Pressing, etc.), stitching (sticking, etc.), Hypogastrium, afternoon",پیٹ — درد، چبھتا ہوا، ناف کے نیچے کے حصے میں، سہ پہر,2,2,یکساں
r2652,"PAIN, stitching, hypogastrium, evening","PAIN, aching, dull pain (See Boring, Drawing, Distress, Digging, Gnawing, Pressing, etc.), stitching (sticking, etc.), Hypogastrium, evening",پیٹ — درد، چبھتا ہوا، ناف کے نیچے کے حصے میں، شام,1,1,یکساں
r2653,"PAIN, stitching, hypogastrium, across","PAIN, aching, dull pain (See Boring, Drawing, Distress, Digging, Gnawing, Pressing, etc.), stitching (sticking, etc.), Hypogastrium, across",پیٹ — درد، چبھتا ہوا، ناف کے نیچے کے حصے میں، آڑا,1,1,یکساں
r2662,"PAIN, stitching, hypogastrium, sitting","PAIN, aching, dull pain (See Boring, Drawing, Distress, Digging, Gnawing, Pressing, etc.), stitching (sticking, etc.), Hypogastrium, sitting",پیٹ — درد، چبھتا ہوا، ناف کے نیچے کے حصے میں، بیٹھنے سے,1,1,یکساں
r2664,"PAIN, stitching, hypogastrium, transverse","PAIN, aching, dull pain (See Boring, Drawing, Distress, Digging, Gnawing, Pressing, etc.), stitching (sticking, etc.), Hypogastrium, transverse",پیٹ — درد، چبھتا ہوا، ناف کے نیچے کے حصے میں، آڑا,1,1,یکساں
r2667,"PAIN, stitching, hypogastrium, extending to epigastrium","PAIN, aching, dull pain (See Boring, Drawing, Distress, Digging, Gnawing, Pressing, etc.), stitching (sticking, etc.), Hypogastrium, extending to epigastrium",پیٹ — درد، چبھتا ہوا، ناف کے نیچے کے حصے میں، معدے کے اوپری حصے تک پھیلتا ہوا,1,1,یکساں
r2673,"PAIN, stitching, iliac region, left","PAIN, aching, dull pain (See Boring, Drawing, Distress, Digging, Gnawing, Pressing, etc.), stitching (sticking, etc.), Iliac region, left",پیٹ — درد، چبھتا ہوا، بائیں کولھے کی طرف,1,1,یکساں
r2674,"PAIN, stitching, iliac region, morning","PAIN, aching, dull pain (See Boring, Drawing, Distress, Digging, Gnawing, Pressing, etc.), stitching (sticking, etc.), Iliac region, morning",پیٹ — درد، چبھتا ہوا، کولھے کی طرف، صبح,1,1,یکساں
r2677,"PAIN, stitching, iliac region, extending down leg","PAIN, aching, dull pain (See Boring, Drawing, Distress, Digging, Gnawing, Pressing, etc.), stitching (sticking, etc.), Iliac region, extending down leg",پیٹ — درد، چبھتا ہوا، کولھے کی طرف، ٹانگ سے نیچے پھیلتا ہوا,1,1,یکساں
r2681,"PAIN, stitching, ileo-caecal region, walking","PAIN, aching, dull pain (See Boring, Drawing, Distress, Digging, Gnawing, Pressing, etc.), stitching (sticking, etc.), Ileo-cæcal region, walking",پیٹ — درد، چبھتا ہوا، دائیں نچلے پیٹ کا علاقہ، چلنے سے,1,1,یکساں
r2693,"PAIN, stitching, inguinal region, left","PAIN, aching, dull pain (See Boring, Drawing, Distress, Digging, Gnawing, Pressing, etc.), stitching (sticking, etc.), Inguinal region, left",پیٹ — درد، چبھتا ہوا، بائیں کچھوں کا علاقہ,14,14,یکساں
r2695,"PAIN, stitching, inguinal region, forenoon","PAIN, aching, dull pain (See Boring, Drawing, Distress, Digging, Gnawing, Pressing, etc.), stitching (sticking, etc.), Inguinal region, forenoon",پیٹ — درد، چبھتا ہوا، کچھوں کا علاقہ، دوپہر سے پہلے,2,2,یکساں
r2699,"PAIN, stitching, inguinal region, evening","PAIN, aching, dull pain (See Boring, Drawing, Distress, Digging, Gnawing, Pressing, etc.), stitching (sticking, etc.), Inguinal region, evening",پیٹ — درد، چبھتا ہوا، کچھوں کا علاقہ، شام,1,1,یکساں
r2700,"PAIN, stitching, inguinal region, night","PAIN, aching, dull pain (See Boring, Drawing, Distress, Digging, Gnawing, Pressing, etc.), stitching (sticking, etc.), Inguinal region, night",پیٹ — درد، چبھتا ہوا، کچھوں کا علاقہ، رات,1,1,یکساں
r2701,"PAIN, stitching, inguinal region, ascending steps","PAIN, aching, dull pain (See Boring, Drawing, Distress, Digging, Gnawing, Pressing, etc.), stitching (sticking, etc.), Inguinal region, ascending steps",پیٹ — درد، چبھتا ہوا، کچھوں کا علاقہ، سیڑھیاں چڑھنے سے,1,1,یکساں
r2702,"PAIN, stitching, inguinal region, bending toward painful side","PAIN, aching, dull pain (See Boring, Drawing, Distress, Digging, Gnawing, Pressing, etc.), stitching (sticking, etc.), Inguinal region, bending toward painful side",پیٹ — درد، چبھتا ہوا، کچھوں کا علاقہ، درد والی طرف جھکنے سے,1,1,یکساں
r2712,"PAIN, stitching, inguinal region, paroxysmal","PAIN, aching, dull pain (See Boring, Drawing, Distress, Digging, Gnawing, Pressing, etc.), stitching (sticking, etc.), Inguinal region, paroxysmal",پیٹ — درد، چبھتا ہوا، کچھوں کا علاقہ، دوروں کی شکل میں,2,2,یکساں
r2713,"PAIN, stitching, inguinal region, pressure amel.","PAIN, aching, dull pain (See Boring, Drawing, Distress, Digging, Gnawing, Pressing, etc.), stitching (sticking, etc.), Inguinal region, pressure amel.",پیٹ — درد، چبھتا ہوا، کچھوں کا علاقہ، دباؤ سے آرام,2,2,یکساں
r2714,"PAIN, stitching, inguinal region, pulsating","PAIN, aching, dull pain (See Boring, Drawing, Distress, Digging, Gnawing, Pressing, etc.), stitching (sticking, etc.), Inguinal region, pulsating",پیٹ — درد، چبھتا ہوا، کچھوں کا علاقہ، دھڑکن کے ساتھ,2,2,یکساں
r2719,"PAIN, stitching, inguinal region, standing amel.","PAIN, aching, dull pain (See Boring, Drawing, Distress, Digging, Gnawing, Pressing, etc.), stitching (sticking, etc.), Inguinal region, standing amel.",پیٹ — درد، چبھتا ہوا، کچھوں کا علاقہ، کھڑے ہونے سے آرام,1,1,یکساں
r2728,"PAIN, stitching, inguinal region, extending to abdomen","PAIN, aching, dull pain (See Boring, Drawing, Distress, Digging, Gnawing, Pressing, etc.), stitching (sticking, etc.), Inguinal region, extending to abdomen",پیٹ — درد، چبھتا ہوا، کچھوں کا علاقہ، پیٹ تک پھیلتا ہوا,1,1,یکساں
r2738,"PAIN, stitching, inguinal region, glands","PAIN, aching, dull pain (See Boring, Drawing, Distress, Digging, Gnawing, Pressing, etc.), stitching (sticking, etc.), Inguinal region, glands",پیٹ — درد، چبھتا ہوا، کچھوں کا علاقہ، غدود میں,2,2,یکساں
r2740,"PAIN, stitching, liver, 8 a.m.","PAIN, aching, dull pain (See Boring, Drawing, Distress, Digging, Gnawing, Pressing, etc.), stitching (sticking, etc.), Liver, 8 a.m.",پیٹ — درد، چبھتا ہوا، جگر، صبح 8 بجے,1,1,یکساں
r2743,"PAIN, stitching, liver, eructation","PAIN, aching, dull pain (See Boring, Drawing, Distress, Digging, Gnawing, Pressing, etc.), stitching (sticking, etc.), Liver, eructation",پیٹ — درد، چبھتا ہوا، جگر، ڈکار سے,1,1,یکساں
r2744,"PAIN, stitching, liver, lying on right side","PAIN, aching, dull pain (See Boring, Drawing, Distress, Digging, Gnawing, Pressing, etc.), stitching (sticking, etc.), Liver, lying on right side",پیٹ — درد، چبھتا ہوا، جگر، دائیں کروٹ لیٹنے سے,1,1,یکساں
r2745,"PAIN, stitching, liver, lying on left side","PAIN, aching, dull pain (See Boring, Drawing, Distress, Digging, Gnawing, Pressing, etc.), stitching (sticking, etc.), Liver, lying on left side",پیٹ — درد، چبھتا ہوا، جگر، بائیں کروٹ لیٹنے سے,1,1,یکساں
r2749,"PAIN, stitching, liver, rising from stooping","PAIN, aching, dull pain (See Boring, Drawing, Distress, Digging, Gnawing, Pressing, etc.), stitching (sticking, etc.), Liver, rising from stooping",پیٹ — درد، چبھتا ہوا، جگر، جھکے ہوئے سیدھا ہونے سے,1,1,یکساں
r2750,"PAIN, stitching, liver, sitting","PAIN, aching, dull pain (See Boring, Drawing, Distress, Digging, Gnawing, Pressing, etc.), stitching (sticking, etc.), Liver, sitting",پیٹ — درد، چبھتا ہوا، جگر، بیٹھنے سے,1,1,یکساں
r2754,"PAIN, stitching, liver, extending from right to left","PAIN, aching, dull pain (See Boring, Drawing, Distress, Digging, Gnawing, Pressing, etc.), stitching (sticking, etc.), Liver, extending from right to left",پیٹ — درد، چبھتا ہوا، جگر، دائیں سے بائیں پھیلتا ہوا,1,1,یکساں
r2760,"PAIN, stitching, sides, right","PAIN, aching, dull pain (See Boring, Drawing, Distress, Digging, Gnawing, Pressing, etc.), stitching (sticking, etc.), Sides, right",پیٹ — درد، چبھتا ہوا، دائیں پہلو میں,14,14,یکساں
r2763,"PAIN, stitching, sides, daytime","PAIN, aching, dull pain (See Boring, Drawing, Distress, Digging, Gnawing, Pressing, etc.), stitching (sticking, etc.), Sides, daytime",پیٹ — درد، چبھتا ہوا، پہلوؤں میں، دن کے وقت,1,1,یکساں
r2764,"PAIN, stitching, sides, morning","PAIN, aching, dull pain (See Boring, Drawing, Distress, Digging, Gnawing, Pressing, etc.), stitching (sticking, etc.), Sides, morning",پیٹ — درد، چبھتا ہوا، پہلوؤں میں، صبح,1,1,یکساں
r2765,"PAIN, stitching, sides, forenoon","PAIN, aching, dull pain (See Boring, Drawing, Distress, Digging, Gnawing, Pressing, etc.), stitching (sticking, etc.), Sides, forenoon",پیٹ — درد، چبھتا ہوا، پہلوؤں میں، دوپہر سے پہلے,2,2,یکساں
r2766,"PAIN, stitching, sides, evening","PAIN, aching, dull pain (See Boring, Drawing, Distress, Digging, Gnawing, Pressing, etc.), stitching (sticking, etc.), Sides, evening",پیٹ — درد، چبھتا ہوا، پہلوؤں میں، شام,3,3,یکساں
r2772,"PAIN, stitching, sides, lying on side","PAIN, aching, dull pain (See Boring, Drawing, Distress, Digging, Gnawing, Pressing, etc.), stitching (sticking, etc.), Sides, lying on side",پیٹ — درد، چبھتا ہوا، پہلوؤں میں، کروٹ لیٹنے سے,1,1,یکساں
r2776,"PAIN, stitching, sides, pressure amel.","PAIN, aching, dull pain (See Boring, Drawing, Distress, Digging, Gnawing, Pressing, etc.), stitching (sticking, etc.), Sides, pressure amel.",پیٹ — درد، چبھتا ہوا، پہلوؤں میں، دباؤ سے آرام,2,2,یکساں
r2777,"PAIN, stitching, sides, raising arms","PAIN, aching, dull pain (See Boring, Drawing, Distress, Digging, Gnawing, Pressing, etc.), stitching (sticking, etc.), Sides, raising arms",پیٹ — درد، چبھتا ہوا، پہلوؤں میں، بازو اٹھانے سے,1,1,یکساں
r2778,"PAIN, stitching, sides, respiration","PAIN, aching, dull pain (See Boring, Drawing, Distress, Digging, Gnawing, Pressing, etc.), stitching (sticking, etc.), Sides, respiration",پیٹ — درد، چبھتا ہوا، پہلوؤں میں، سانس لینے سے,6,6,یکساں
r2786,"PAIN, stitching, sides, turning body","PAIN, aching, dull pain (See Boring, Drawing, Distress, Digging, Gnawing, Pressing, etc.), stitching (sticking, etc.), Sides, turning body",پیٹ — درد، چبھتا ہوا، پہلوؤں میں، جسم کرید بدلنے سے,2,2,یکساں
r2790,"PAIN, stitching, sides, wine agg.","PAIN, aching, dull pain (See Boring, Drawing, Distress, Digging, Gnawing, Pressing, etc.), stitching (sticking, etc.), Sides, wine agg.",پیٹ — درد، چبھتا ہوا، پہلوؤں میں، شراب سے بگاڑ,1,1,یکساں
r2791,"PAIN, stitching, sides, yawning","PAIN, aching, dull pain (See Boring, Drawing, Distress, Digging, Gnawing, Pressing, etc.), stitching (sticking, etc.), Sides, yawning",پیٹ — درد، چبھتا ہوا، پہلوؤں میں، جمائی لینے سے,1,1,یکساں
r2792,"PAIN, stitching, sides, extending to small of back","PAIN, aching, dull pain (See Boring, Drawing, Distress, Digging, Gnawing, Pressing, etc.), stitching (sticking, etc.), Sides, extending to small of back",پیٹ — درد، چبھتا ہوا، پہلوؤں میں، کمر کے نچلے حصے تک پھیلتا ہوا,1,1,یکساں
r2808,"PAIN, stitching, spleen, motion","PAIN, aching, dull pain (See Boring, Drawing, Distress, Digging, Gnawing, Pressing, etc.), stitching (sticking, etc.), Spleen, motion",پیٹ — درد، چبھتا ہوا، تلی میں، حرکت سے,3,3,یکساں
r2809,"PAIN, stitching, spleen, pressure agg.","PAIN, aching, dull pain (See Boring, Drawing, Distress, Digging, Gnawing, Pressing, etc.), stitching (sticking, etc.), Spleen, pressure agg.",پیٹ — درد، چبھتا ہوا، تلی میں، دباؤ سے بگاڑ,1,1,یکساں
r2810,"PAIN, stitching, spleen, sitting","PAIN, aching, dull pain (See Boring, Drawing, Distress, Digging, Gnawing, Pressing, etc.), stitching (sticking, etc.), Spleen, sitting",پیٹ — درد، چبھتا ہوا، تلی میں، بیٹھنے سے,1,1,یکساں
r2814,"PAIN, stitching, umbilicus, left side of","PAIN, aching, dull pain (See Boring, Drawing, Distress, Digging, Gnawing, Pressing, etc.), stitching (sticking, etc.), Umbilicus, left side of",پیٹ — درد، چبھتا ہوا، ناف کے بائیں طرف,1,1,یکساں
r2815,"PAIN, stitching, umbilicus, morning","PAIN, aching, dull pain (See Boring, Drawing, Distress, Digging, Gnawing, Pressing, etc.), stitching (sticking, etc.), Umbilicus, morning",پیٹ — درد، چبھتا ہوا، ناف میں، صبح,1,1,یکساں
r2816,"PAIN, stitching, umbilicus, afternoon","PAIN, aching, dull pain (See Boring, Drawing, Distress, Digging, Gnawing, Pressing, etc.), stitching (sticking, etc.), Umbilicus, afternoon",پیٹ — درد، چبھتا ہوا، ناف میں، سہ پہر,1,1,یکساں
r2819,"PAIN, stitching, umbilicus, radiating from","PAIN, aching, dull pain (See Boring, Drawing, Distress, Digging, Gnawing, Pressing, etc.), stitching (sticking, etc.), Umbilicus, radiating from",پیٹ — درد، چبھتا ہوا، ناف سے شعاعوں کی طرح پھیلتا ہوا,1,1,یکساں
r2820,"PAIN, stitching, umbilicus, sneezing","PAIN, aching, dull pain (See Boring, Drawing, Distress, Digging, Gnawing, Pressing, etc.), stitching (sticking, etc.), Umbilicus, sneezing",پیٹ — درد، چبھتا ہوا، ناف میں، چھینکنے سے,1,1,یکساں
r2822,"PAIN, stitching, umbilicus, stooping","PAIN, aching, dull pain (See Boring, Drawing, Distress, Digging, Gnawing, Pressing, etc.), stitching (sticking, etc.), Umbilicus, stooping",پیٹ — درد، چبھتا ہوا، ناف میں، جھکنے سے,1,1,یکساں
r2824,"PAIN, stitching, umbilicus, extending to back","PAIN, aching, dull pain (See Boring, Drawing, Distress, Digging, Gnawing, Pressing, etc.), stitching (sticking, etc.), Umbilicus, extending to back",پیٹ — درد، چبھتا ہوا، ناف میں، پیٹھ تک پھیلتا ہوا,1,1,یکساں
r2830,"PAIN, stitching, umbilicus, above","PAIN, aching, dull pain (See Boring, Drawing, Distress, Digging, Gnawing, Pressing, etc.), stitching (sticking, etc.), Umbilicus, above",پیٹ — درد، چبھتا ہوا، ناف میں، اوپر,6,6,یکساں
r2831,"PAIN, stitching, umbilicus, below","PAIN, aching, dull pain (See Boring, Drawing, Distress, Digging, Gnawing, Pressing, etc.), stitching (sticking, etc.), Umbilicus, below",پیٹ — درد، چبھتا ہوا، ناف میں، نیچے,7,7,یکساں
r2851,"PAIN, tearing, menses, during","PAIN, aching, dull pain (See Boring, Drawing, Distress, Digging, Gnawing, Pressing, etc.), tearing, menses, before, during",پیٹ — درد، چیرتا ہوا، حیض کے دوران,11,11,یکساں
r2859,"PAIN, tearing, stool, during","PAIN, aching, dull pain (See Boring, Drawing, Distress, Digging, Gnawing, Pressing, etc.), tearing, stool, before, during",پیٹ — درد، چیرتا ہوا، پاخانے کے دوران,2,2,یکساں
r2860,"PAIN, tearing, stool, after","PAIN, aching, dull pain (See Boring, Drawing, Distress, Digging, Gnawing, Pressing, etc.), tearing, stool, before, after",پیٹ — درد، چیرتا ہوا، پاخانے کے بعد,1,1,یکساں
r2861,"PAIN, tearing, stool, driving to","PAIN, aching, dull pain (See Boring, Drawing, Distress, Digging, Gnawing, Pressing, etc.), tearing, stool, before, driving to",پیٹ — درد، چیرتا ہوا، پاخانے کے لیے مجبور کرے,1,1,یکساں
r685,"PAIN, morning, rising, after","PAIN, aching, dull pain (See Boring, Drawing, Distress, Digging, Gnawing, Pressing, etc.), morning, rising, on, after",پیٹ — درد، صبح، اٹھنے کے بعد,7,7,یکساں
r699,"PAIN, forenoon, eating, after","PAIN, aching, dull pain (See Boring, Drawing, Distress, Digging, Gnawing, Pressing, etc.), forenoon, eating, before, after",پیٹ — درد، دوپہر سے پہلے، کھانے کے بعد,2,2,یکساں
r719,"PAIN, evening, lying, amel.","PAIN, aching, dull pain (See Boring, Drawing, Distress, Digging, Gnawing, Pressing, etc.), evening, lying, while, amel.",پیٹ — درد، شام، لیٹنے سے آرام,1,1,یکساں
r723,"PAIN, evening, stool, during","PAIN, aching, dull pain (See Boring, Drawing, Distress, Digging, Gnawing, Pressing, etc.), evening, stool, before, during",پیٹ — درد، شام، پاخانے کے دوران,4,4,یکساں
r800,"PAIN, eating, after, amel.","PAIN, aching, dull pain (See Boring, Drawing, Distress, Digging, Gnawing, Pressing, etc.), eating, while, after, amel.",پیٹ — درد، کھانے کے بعد آرام,9,9,یکساں
r809,"PAIN, flatus, passing, agg.","PAIN, aching, dull pain (See Boring, Drawing, Distress, Digging, Gnawing, Pressing, etc.), flatus, passing, before, agg.",پیٹ — درد، ریاح نکلنے سے بگاڑ,5,5,یکساں
r810,"PAIN, flatus, passing, amel.","PAIN, aching, dull pain (See Boring, Drawing, Distress, Digging, Gnawing, Pressing, etc.), flatus, passing, before, amel.",پیٹ — درد، ریاح نکلنے سے آرام,36,36,یکساں
r830,"PAIN, lying, on abdomen, amel.","PAIN, aching, dull pain (See Boring, Drawing, Distress, Digging, Gnawing, Pressing, etc.), lying, while, on abdomen, amel.",پیٹ — درد، پیٹ کے بل لیٹنے سے آرام,13,13,یکساں
r832,"PAIN, lying, on back, amel.","PAIN, aching, dull pain (See Boring, Drawing, Distress, Digging, Gnawing, Pressing, etc.), lying, while, on back, amel.",پیٹ — درد، چت لیٹنے سے آرام,4,4,یکساں
r834,"PAIN, lying, on side, amel.","PAIN, aching, dull pain (See Boring, Drawing, Distress, Digging, Gnawing, Pressing, etc.), lying, while, on side, amel.",پیٹ — درد، کروٹ لیٹنے سے آرام,1,1,یکساں
r837,"PAIN, lying, on side, left amel.","PAIN, aching, dull pain (See Boring, Drawing, Distress, Digging, Gnawing, Pressing, etc.), lying, while, on side, left amel.",پیٹ — درد، بائیں کروٹ لیٹنے سے آرام,2,2,یکساں
r843,"PAIN, menses, during, exercise amel.","PAIN, aching, dull pain (See Boring, Drawing, Distress, Digging, Gnawing, Pressing, etc.), menses, before, during, exercise amel.",پیٹ — درد، حیض کے دوران، ورزش سے آرام,1,1,یکساں
r846,"PAIN, menses, during, heat amel.","PAIN, aching, dull pain (See Boring, Drawing, Distress, Digging, Gnawing, Pressing, etc.), menses, before, during, heat amel.",پیٹ — درد، حیض کے دوران، گرمی سے آرام,8,8,یکساں
r847,"PAIN, menses, during, rubbing back amel.","PAIN, aching, dull pain (See Boring, Drawing, Distress, Digging, Gnawing, Pressing, etc.), menses, before, during, rubbing back amel.",پیٹ — درد، حیض کے دوران، کمر کی مالش سے آرام,1,1,یکساں
r852,"PAIN, menses, suppression of, from","PAIN, aching, dull pain (See Boring, Drawing, Distress, Digging, Gnawing, Pressing, etc.), menses, before, suppression of, from",پیٹ — درد، حیض رک جانے سے,8,8,یکساں
r886,"PAIN, sitting, bent, amel.","PAIN, aching, dull pain (See Boring, Drawing, Distress, Digging, Gnawing, Pressing, etc.), sitting, while, bent, amel.",پیٹ — درد، جھک کر بیٹھنے سے آرام,5,5,یکساں
r904,"PAIN, stool, after, amel.","PAIN, aching, dull pain (See Boring, Drawing, Distress, Digging, Gnawing, Pressing, etc.), stool, before, after, amel.",پیٹ — درد، پاخانے کے بعد آرام,33,33,یکساں
r905,"PAIN, stool, straining, while","PAIN, aching, dull pain (See Boring, Drawing, Distress, Digging, Gnawing, Pressing, etc.), stool, before, straining, while",پیٹ — درد، پاخانہ، زور لگاتے ہوئے,5,5,یکساں
r906,"PAIN, stool, urging, during","PAIN, aching, dull pain (See Boring, Drawing, Distress, Digging, Gnawing, Pressing, etc.), stool, before, urging, during",پیٹ — درد، پاخانہ، پیشاب کی خواہش کے دوران,7,7,یکساں
r929,"PAIN, walking, bent, compels","PAIN, aching, dull pain (See Boring, Drawing, Distress, Digging, Gnawing, Pressing, etc.), walking, while, bent, compels",پیٹ — درد، جھک کر چلنا پڑے,3,3,یکساں
o1870,"PAIN, liver, extending, epigastrium, to","PAIN, aching, dull pain (See Boring, Drawing, Distress, Digging, Gnawing, Pressing, etc.), Liver, extending, back, to, epigastrium, to",پیٹ — درد، جگر، پھیلتا ہوا، معدے کے اوپری حصے تک,3,3,یکساں
o1872,"PAIN, liver, extending, right to left, from","PAIN, aching, dull pain (See Boring, Drawing, Distress, Digging, Gnawing, Pressing, etc.), Liver, extending, back, to, right to left, from",پیٹ — درد، جگر، پھیلتا ہوا، دائیں سے بائیں کی طرف,1,1,یکساں
o2366,"PAIN, stitching, extending, spermatic cord, along","PAIN, aching, dull pain (See Boring, Drawing, Distress, Digging, Gnawing, Pressing, etc.), stitching (sticking, etc.), extending across, spermatic cord, when coughing, along",پیٹ — درد، چبھتا ہوا، پھیلتا ہوا، نالی کے ساتھ,1,1,یکساں
o2414,"PAIN, stitching, hypochondria, lying, on back amel.","PAIN, aching, dull pain (See Boring, Drawing, Distress, Digging, Gnawing, Pressing, etc.), stitching (sticking, etc.), Hypochondria, lying down, after amel., on back amel.",پیٹ — درد، چبھتا ہوا، بغل کے نچلے حصے میں، چت لیٹنے سے آرام,1,1,یکساں
o2842,"PAIN, umbilicus, region of, menses, before","PAIN, aching, dull pain (See Boring, Drawing, Distress, Digging, Gnawing, Pressing, etc.), Umbilicus, region of, menses, as if, would appear, before",پیٹ — درد، ناف کا علاقہ، حیض سے پہلے,2,2,یکساں
r2078,"PAIN, dragging, stool, urging to, with","PAIN, aching, dull pain (See Boring, Drawing, Distress, Digging, Gnawing, Pressing, etc.), dragging, bearing down, stool, before, urging to, with",پیٹ — درد، نیچے کو کھینچنے والا، پاخانے کی خواہش کے ساتھ,4,4,یکساں
r2088,"PAIN, dragging, hypochondrium, right, pressure amel.","PAIN, aching, dull pain (See Boring, Drawing, Distress, Digging, Gnawing, Pressing, etc.), dragging, bearing down, Hypochondrium, right, right when lying on left side, pressure amel.",پیٹ — درد، نیچے کو کھینچنے والا، دائیں بغل کے نچلے حصے میں، دباؤ سے آرام,1,1,یکساں
r2608,"PAIN, stitching, hypochondria, eating, after","PAIN, aching, dull pain (See Boring, Drawing, Distress, Digging, Gnawing, Pressing, etc.), stitching (sticking, etc.), Hypochondria, eating, while, after",پیٹ — درد، چبھتا ہوا، بغل کے نچلے حصے میں، کھانے کے بعد,2,2,یکساں
r2612,"PAIN, stitching, hypochondria, inspiration, deep","PAIN, aching, dull pain (See Boring, Drawing, Distress, Digging, Gnawing, Pressing, etc.), stitching (sticking, etc.), Hypochondria, inspiration, on, deep",پیٹ — درد، چبھتا ہوا، بغل کے نچلے حصے میں، سانس اندر لینے سے، گہری سانس سے,4,4,یکساں
r2620,"PAIN, stitching, hypochondria, menses, during","PAIN, aching, dull pain (See Boring, Drawing, Distress, Digging, Gnawing, Pressing, etc.), stitching (sticking, etc.), Hypochondria, menses, before, during",پیٹ — درد، چبھتا ہوا، بغل کے نچلے حصے میں، حیض کے دوران,1,1,یکساں
r2628,"PAIN, stitching, hypochondria, sitting, amel.","PAIN, aching, dull pain (See Boring, Drawing, Distress, Digging, Gnawing, Pressing, etc.), stitching (sticking, etc.), Hypochondria, sitting, while, amel.",پیٹ — درد، چبھتا ہوا، بغل کے نچلے حصے میں، بیٹھنے سے آرام,2,2,یکساں
r2634,"PAIN, stitching, hypochondria, stooping, after","PAIN, aching, dull pain (See Boring, Drawing, Distress, Digging, Gnawing, Pressing, etc.), stitching (sticking, etc.), Hypochondria, stooping, on, after",پیٹ — درد، چبھتا ہوا، بغل کے نچلے حصے میں، جھکنے کے بعد,1,1,یکساں
r2637,"PAIN, stitching, hypochondria, walking, amel.","PAIN, aching, dull pain (See Boring, Drawing, Distress, Digging, Gnawing, Pressing, etc.), stitching (sticking, etc.), Hypochondria, walking, while, amel.",پیٹ — درد، چبھتا ہوا، بغل کے نچلے حصے میں، چلنے سے آرام,2,2,یکساں
r2659,"PAIN, stitching, hypogastrium, menses, after","PAIN, aching, dull pain (See Boring, Drawing, Distress, Digging, Gnawing, Pressing, etc.), stitching (sticking, etc.), Hypogastrium, menses, during, after",پیٹ — درد، چبھتا ہوا، ناف کے نیچے کے حصے میں، حیض کے بعد,1,1,یکساں
r2666,"PAIN, stitching, hypogastrium, urination, amel.","PAIN, aching, dull pain (See Boring, Drawing, Distress, Digging, Gnawing, Pressing, etc.), stitching (sticking, etc.), Hypogastrium, urination, during, amel.",پیٹ — درد، چبھتا ہوا، ناف کے نیچے کے حصے میں، پیشاب سے آرام,1,1,یکساں
r2710,"PAIN, stitching, inguinal region, menses, after","PAIN, aching, dull pain (See Boring, Drawing, Distress, Digging, Gnawing, Pressing, etc.), stitching (sticking, etc.), Inguinal region, menses, during, after",پیٹ — درد، چبھتا ہوا، کچھوں کا علاقہ، حیض کے بعد,3,3,یکساں
r2716,"PAIN, stitching, inguinal region, rising, amel.","PAIN, aching, dull pain (See Boring, Drawing, Distress, Digging, Gnawing, Pressing, etc.), stitching (sticking, etc.), Inguinal region, rising, on, amel.",پیٹ — درد، چبھتا ہوا، کچھوں کا علاقہ، اٹھنے سے آرام,1,1,یکساں
r2718,"PAIN, stitching, inguinal region, sitting, bent","PAIN, aching, dull pain (See Boring, Drawing, Distress, Digging, Gnawing, Pressing, etc.), stitching (sticking, etc.), Inguinal region, sitting, while, bent",پیٹ — درد، چبھتا ہوا، کچھوں کا علاقہ، جھک کر بیٹھنے سے,1,1,یکساں
r2721,"PAIN, stitching, inguinal region, stool, during","PAIN, aching, dull pain (See Boring, Drawing, Distress, Digging, Gnawing, Pressing, etc.), stitching (sticking, etc.), Inguinal region, stool, before, during",پیٹ — درد، چبھتا ہوا، کچھوں کا علاقہ، پاخانے کے دوران,3,3,یکساں
r2722,"PAIN, stitching, inguinal region, stool, after","PAIN, aching, dull pain (See Boring, Drawing, Distress, Digging, Gnawing, Pressing, etc.), stitching (sticking, etc.), Inguinal region, stool, before, after",پیٹ — درد، چبھتا ہوا، کچھوں کا علاقہ، پاخانے کے بعد,1,1,یکساں
r2780,"PAIN, stitching, sides, sitting, amel.","PAIN, aching, dull pain (See Boring, Drawing, Distress, Digging, Gnawing, Pressing, etc.), stitching (sticking, etc.), Sides, sitting, while, amel.",پیٹ — درد، چبھتا ہوا، پہلوؤں میں، بیٹھنے سے آرام,1,1,یکساں
r2788,"PAIN, stitching, sides, walking, amel.","PAIN, aching, dull pain (See Boring, Drawing, Distress, Digging, Gnawing, Pressing, etc.), stitching (sticking, etc.), Sides, walking, while, amel.",پیٹ — درد، چبھتا ہوا، پہلوؤں میں، چلنے سے آرام,1,1,یکساں
r2836,"PAIN, stitching, umbilicus, region of, right","PAIN, aching, dull pain (See Boring, Drawing, Distress, Digging, Gnawing, Pressing, etc.), stitching (sticking, etc.), Umbilicus, region of, sides, right",پیٹ — درد، چبھتا ہوا، ناف کا علاقہ، دائیں طرف,5,5,یکساں
r2837,"PAIN, stitching, umbilicus, region of, left","PAIN, aching, dull pain (See Boring, Drawing, Distress, Digging, Gnawing, Pressing, etc.), stitching (sticking, etc.), Umbilicus, region of, sides, left",پیٹ — درد، چبھتا ہوا، ناف کا علاقہ، بائیں طرف,3,3,یکساں
o837,"PAIN, cramping, griping, air, open, amel.","PAIN, aching, dull pain (See Boring, Drawing, Distress, Digging, Gnawing, Pressing, etc.), cramping, griping, air, cold, in, open, in, amel.",پیٹ — درد، اینٹھن والا، مروڑتے ہوئے، کھلی ہوا میں آرام,1,1,یکساں
r2456,"PAIN, sore, hypochondria, right, exertion, after","PAIN, aching, dull pain (See Boring, Drawing, Distress, Digging, Gnawing, Pressing, etc.), sore, bruised, tenderness, etc., Hypochondria, right, exertion, after",پیٹ — درد، دکھتا، کچلا ہوا، دائیں بغل کے نچلے حصے میں، مشقت کے بعد,1,1,یکساں
r2459,"PAIN, sore, hypochondria, left, mortification, after","PAIN, aching, dull pain (See Boring, Drawing, Distress, Digging, Gnawing, Pressing, etc.), sore, bruised, tenderness, etc., Hypochondria, left, mortification, after",پیٹ — درد، دکھتا، کچلا ہوا، بائیں بغل کے نچلے حصے میں، بے عزتی کے بعد,1,1,یکساں
r849,"PAIN, menses, appear, as if, would","PAIN, aching, dull pain (See Boring, Drawing, Distress, Digging, Gnawing, Pressing, etc.), menses, before, appear, as if, would",پیٹ — درد، جیسے حیض آنے والا ہو,36,35,ماخذی مطابق کیے
r2400,"PAIN, pressing, umbilicus, region of","PAIN, aching, dull pain (See Boring, Drawing, Distress, Digging, Gnawing, Pressing, etc.), pressing, Umbilicus, region of",پیٹ — درد، دبانے والا، ناف کا علاقہ,45,43,ماخذی مطابق کیے
o637,"MOVEMENTS, forenoon","MOVEMENTS in, forenoon",پیٹ — حرکت، دوپہر سے پہلے,6,5,ماخذی مطابق کیے
o1315,"PAIN, dragging, night, 9 p.m.","PAIN, aching, dull pain (See Boring, Drawing, Distress, Digging, Gnawing, Pressing, etc.), dragging, bearing down, night, in bed, 9 p.m.",پیٹ — درد، نیچے کو کھینچنے والا، رات 9 بجے,1,1,یکساں
o1800,"PAIN, inguinal region, ring, extending into testes","PAIN, aching, dull pain (See Boring, Drawing, Distress, Digging, Gnawing, Pressing, etc.), Inguinal region, ring, coughing, on, extending into testes",پیٹ — درد، کچھوں کا علاقہ، ہرنیا کا حلقہ، خصیوں تک پھیلتا ہوا,1,1,یکساں
o1869,"PAIN, liver, extending, downward","PAIN, aching, dull pain (See Boring, Drawing, Distress, Digging, Gnawing, Pressing, etc.), Liver, extending, back, to, downward",پیٹ — درد، جگر، پھیلتا ہوا، نیچے کی طرف,1,1,یکساں
o1871,"PAIN, liver, extending, right shoulder","PAIN, aching, dull pain (See Boring, Drawing, Distress, Digging, Gnawing, Pressing, etc.), Liver, extending, back, to, right shoulder",پیٹ — درد، جگر، پھیلتا ہوا، دائیں کندھے تک,4,4,یکساں
o2229,"PAIN, sore, evening, menses, during","PAIN, aching, dull pain (See Boring, Drawing, Distress, Digging, Gnawing, Pressing, etc.), sore, bruised, tenderness, etc., evening, menses, during",پیٹ — درد، دکھتا، کچلا ہوا، شام، حیض کے دوران,1,1,یکساں
o2231,"PAIN, sore, forenoon, every step, on","PAIN, aching, dull pain (See Boring, Drawing, Distress, Digging, Gnawing, Pressing, etc.), sore, bruised, tenderness, etc., forenoon, every step, on",پیٹ — درد، دکھتا، کچلا ہوا، دوپہر سے پہلے، ہر قدم پر,1,1,یکساں
o2236,"PAIN, sore, hypochondria, diarrhoea, during","PAIN, aching, dull pain (See Boring, Drawing, Distress, Digging, Gnawing, Pressing, etc.), sore, bruised, tenderness, etc., Hypochondria, diarrhœa, during",پیٹ — درد، دکھتا، کچلا ہوا، بغل کے نچلے حصے میں، دست کے دوران,1,1,یکساں
o2237,"PAIN, sore, hypochondria, eating, after","PAIN, aching, dull pain (See Boring, Drawing, Distress, Digging, Gnawing, Pressing, etc.), sore, bruised, tenderness, etc., Hypochondria, eating, after",پیٹ — درد، دکھتا، کچلا ہوا، بغل کے نچلے حصے میں، کھانے کے بعد,1,1,یکساں
o2240,"PAIN, sore, hypochondria, extending, to shoulder","PAIN, aching, dull pain (See Boring, Drawing, Distress, Digging, Gnawing, Pressing, etc.), sore, bruised, tenderness, etc., Hypochondria, extending into stomach, to shoulder",پیٹ — درد، دکھتا، کچلا ہوا، بغل کے نچلے حصے میں، پھیلتا ہوا، کندھے تک,2,2,یکساں
o2245,"PAIN, sore, hypochondria, lying, on left side","PAIN, aching, dull pain (See Boring, Drawing, Distress, Digging, Gnawing, Pressing, etc.), sore, bruised, tenderness, etc., Hypochondria, lying on painful side agg., on left side",پیٹ — درد، دکھتا، کچلا ہوا، بغل کے نچلے حصے میں، بائیں کروٹ لیٹنے سے,1,1,یکساں
o2249,"PAIN, sore, hypochondria, motion, amel.","PAIN, aching, dull pain (See Boring, Drawing, Distress, Digging, Gnawing, Pressing, etc.), sore, bruised, tenderness, etc., Hypochondria, motion agg., amel.",پیٹ — درد، دکھتا، کچلا ہوا، بغل کے نچلے حصے میں، حرکت سے آرام,1,1,یکساں
o2468,"PAIN, stitching, ileo-caecal region","PAIN, aching, dull pain (See Boring, Drawing, Distress, Digging, Gnawing, Pressing, etc.), stitching (sticking, etc.), Ileo-cæcal region",پیٹ — درد، چبھتا ہوا، دائیں نچلے پیٹ کا علاقہ (اِلیو سییکل),5,5,یکساں
o2875,"PAIN, urination, after","PAIN, aching, dull pain (See Boring, Drawing, Distress, Digging, Gnawing, Pressing, etc.), urination, before, after",پیٹ — درد، پیشاب کے بعد,5,5,یکساں
o674,"PAIN, air, open, agg.","PAIN, aching, dull pain (See Boring, Drawing, Distress, Digging, Gnawing, Pressing, etc.), air, cool, amel., open, agg.",پیٹ — درد، کھلی ہوا میں بگاڑ,2,2,یکساں
o676,"PAIN, air, touches abdomen, if","PAIN, aching, dull pain (See Boring, Drawing, Distress, Digging, Gnawing, Pressing, etc.), air, cool, amel., touches abdomen, if",پیٹ — درد، ہوا پیٹ کو چھو جائے تو,2,2,یکساں
r1502,"PAIN, bruised (See Sore)","PAIN, aching, dull pain (See Boring, Drawing, Distress, Digging, Gnawing, Pressing, etc.), bruised (See Sore)",پیٹ — درد، کچلا ہوا,0,0,یکساں
r1614,"PAIN, constricting pain below short ribs extending to abdomen","PAIN, aching, dull pain (See Boring, Drawing, Distress, Digging, Gnawing, Pressing, etc.), constricting pain below short ribs extending to abdomen",پیٹ — درد، چھوٹی پسلیوں کے نیچے جکڑنے والا درد، پیٹ تک پھیلتا ہوا,1,1,یکساں
r1664,"PAIN, cramping, doubling (See Bending)","PAIN, aching, dull pain (See Boring, Drawing, Distress, Digging, Gnawing, Pressing, etc.), cramping, griping, doubling (See Bending)",پیٹ — درد، اینٹھن والا، دہرا ہونا,0,0,یکساں
r1697,"PAIN, cramping, periodical (See Pain in General)","PAIN, aching, dull pain (See Boring, Drawing, Distress, Digging, Gnawing, Pressing, etc.), cramping, griping, periodical (See Pain in General)",پیٹ — درد، اینٹھن والا، وقفے وقفے سے,0,0,یکساں
r2055,"PAIN, dragging, forenoon","PAIN, aching, dull pain (See Boring, Drawing, Distress, Digging, Gnawing, Pressing, etc.), dragging, bearing down, forenoon",پیٹ — درد، نیچے کو کھینچنے والا، دوپہر سے پہلے,1,1,یکساں
r2056,"PAIN, dragging, afternoon","PAIN, aching, dull pain (See Boring, Drawing, Distress, Digging, Gnawing, Pressing, etc.), dragging, bearing down, afternoon",پیٹ — درد، نیچے کو کھینچنے والا، سہ پہر,2,2,یکساں
r2059,"PAIN, dragging, crossing limbs amel.","PAIN, aching, dull pain (See Boring, Drawing, Distress, Digging, Gnawing, Pressing, etc.), dragging, bearing down, crossing limbs amel.",پیٹ — درد، نیچے کو کھینچنے والا، اعضاء مروڑنے سے آرام,4,4,یکساں
r2063,"PAIN, dragging, eating, amel.","PAIN, aching, dull pain (See Boring, Drawing, Distress, Digging, Gnawing, Pressing, etc.), dragging, bearing down, eating, after, amel.",پیٹ — درد، نیچے کو کھینچنے والا، کھانے سے آرام,1,1,یکساں
r2067,"PAIN, dragging, menses, during","PAIN, aching, dull pain (See Boring, Drawing, Distress, Digging, Gnawing, Pressing, etc.), dragging, bearing down, menses, before, during",پیٹ — درد، نیچے کو کھینچنے والا، حیض کے دوران,29,29,یکساں
r2068,"PAIN, dragging, menses, after","PAIN, aching, dull pain (See Boring, Drawing, Distress, Digging, Gnawing, Pressing, etc.), dragging, bearing down, menses, before, after",پیٹ — درد، نیچے کو کھینچنے والا، حیض کے بعد,1,1,یکساں
r2069,"PAIN, dragging, motion agg.","PAIN, aching, dull pain (See Boring, Drawing, Distress, Digging, Gnawing, Pressing, etc.), dragging, bearing down, motion agg.",پیٹ — درد، نیچے کو کھینچنے والا، حرکت سے بگاڑ,2,2,یکساں
r2071,"PAIN, dragging, riding in a carriage","PAIN, aching, dull pain (See Boring, Drawing, Distress, Digging, Gnawing, Pressing, etc.), dragging, bearing down, riding in a carriage",پیٹ — درد، نیچے کو کھینچنے والا، بگھی میں سفر کرتے ہوئے,1,1,یکساں
r2073,"PAIN, dragging, standing","PAIN, aching, dull pain (See Boring, Drawing, Distress, Digging, Gnawing, Pressing, etc.), dragging, bearing down, standing",پیٹ — درد، نیچے کو کھینچنے والا، کھڑے ہونے سے,7,7,یکساں
r2075,"PAIN, dragging, stool, during","PAIN, aching, dull pain (See Boring, Drawing, Distress, Digging, Gnawing, Pressing, etc.), dragging, bearing down, stool, before, during",پیٹ — درد، نیچے کو کھینچنے والا، پاخانے کے دوران,6,6,یکساں
r2082,"PAIN, dragging, walking agg.","PAIN, aching, dull pain (See Boring, Drawing, Distress, Digging, Gnawing, Pressing, etc.), dragging, bearing down, walking agg.",پیٹ — درد، نیچے کو کھینچنے والا، چلنے سے بگاڑ,8,8,یکساں
r2084,"PAIN, dragging, extending toward anus","PAIN, aching, dull pain (See Boring, Drawing, Distress, Digging, Gnawing, Pressing, etc.), dragging, bearing down, extending toward anus",پیٹ — درد، نیچے کو کھینچنے والا، مقعد کی طرف پھیلتا ہوا,2,2,یکساں
r2087,"PAIN, dragging, hypochondrium, right when lying on left side","PAIN, aching, dull pain (See Boring, Drawing, Distress, Digging, Gnawing, Pressing, etc.), dragging, bearing down, Hypochondrium, right, right when lying on left side",پیٹ — درد، نیچے کو کھینچنے والا، دائیں بغل کے نچلے حصے میں، بائیں کروٹ لیٹنے پر,4,4,یکساں
r2106,"PAIN, dragging, sides","PAIN, aching, dull pain (See Boring, Drawing, Distress, Digging, Gnawing, Pressing, etc.), dragging, bearing down, Sides",پیٹ — درد، نیچے کو کھینچنے والا، پہلوؤں میں,1,1,یکساں
r2201,"PAIN, grasping (See Clawing)","PAIN, aching, dull pain (See Boring, Drawing, Distress, Digging, Gnawing, Pressing, etc.), grasping (See Clawing)",پیٹ — درد، پکڑنے والا,0,0,یکساں
r2202,"PAIN, griping (See Cramping)","PAIN, aching, dull pain (See Boring, Drawing, Distress, Digging, Gnawing, Pressing, etc.), griping (See Cramping)",پیٹ — درد، مروڑتے ہوئے,0,0,یکساں
r2203,"PAIN, jerking","PAIN, aching, dull pain (See Boring, Drawing, Distress, Digging, Gnawing, Pressing, etc.), jerking",پیٹ — درد، جھٹکوں کے ساتھ,1,1,یکساں
r2204,"PAIN, labor-like (See Uterus, Genitalia)","PAIN, aching, dull pain (See Boring, Drawing, Distress, Digging, Gnawing, Pressing, etc.), labor-like (See Uterus, Genitalia)",پیٹ — درد، زچگی جیسا,0,0,یکساں
r2205,"PAIN, lacerating (See Tearing)","PAIN, aching, dull pain (See Boring, Drawing, Distress, Digging, Gnawing, Pressing, etc.), lacerating (See Tearing)",پیٹ — درد، پھاڑتا ہوا,0,0,یکساں
r2230,"PAIN, piercing (See Stitching)","PAIN, aching, dull pain (See Boring, Drawing, Distress, Digging, Gnawing, Pressing, etc.), piercing (See Stitching)",پیٹ — درد، آر پار کرتا ہوا,0,0,یکساں
r2231,"PAIN, pinching (See Cramping)","PAIN, aching, dull pain (See Boring, Drawing, Distress, Digging, Gnawing, Pressing, etc.), pinching (See Cramping)",پیٹ — درد، چٹکی لینے والا,0,0,یکساں
r2420,"PAIN, shooting (See Stitching)","PAIN, aching, dull pain (See Boring, Drawing, Distress, Digging, Gnawing, Pressing, etc.), shooting (See Stitching)",پیٹ — درد، دوڑتا ہوا,0,0,یکساں
r2421,"PAIN, sickening pain about the umbilicus after stool","PAIN, aching, dull pain (See Boring, Drawing, Distress, Digging, Gnawing, Pressing, etc.), sickening pain about the umbilicus after stool",پیٹ — درد، پاخانے کے بعد ناف کے گرد بیزار کرنے والا درد,1,1,یکساں
r2457,"PAIN, sore, hypochondria, right, lying on right side","PAIN, aching, dull pain (See Boring, Drawing, Distress, Digging, Gnawing, Pressing, etc.), sore, bruised, tenderness, etc., Hypochondria, right, lying on right side",پیٹ — درد، دکھتا، کچلا ہوا، دائیں بغل کے نچلے حصے میں، دائیں کروٹ لیٹنے سے,3,3,یکساں
r2461,"PAIN, sore, hypochondria, morning, 10 a.m.","PAIN, aching, dull pain (See Boring, Drawing, Distress, Digging, Gnawing, Pressing, etc.), sore, bruised, tenderness, etc., Hypochondria, morning, 10 a.m.",پیٹ — درد، دکھتا، کچلا ہوا، بغل کے نچلے حصے میں، صبح 10 بجے,1,1,یکساں
r2464,"PAIN, sore, hypochondria, night, lying on painful side","PAIN, aching, dull pain (See Boring, Drawing, Distress, Digging, Gnawing, Pressing, etc.), sore, bruised, tenderness, etc., Hypochondria, night, lying on painful side",پیٹ — درد، دکھتا، کچلا ہوا، بغل کے نچلے حصے میں، رات، درد والی طرف لیٹنے سے,1,1,یکساں
r2465,"PAIN, sore, hypochondria, chill, during","PAIN, aching, dull pain (See Boring, Drawing, Distress, Digging, Gnawing, Pressing, etc.), sore, bruised, tenderness, etc., Hypochondria, chill, during",پیٹ — درد، دکھتا، کچلا ہوا، بغل کے نچلے حصے میں، سردی لگنے کے دوران,1,1,یکساں
r2466,"PAIN, sore, hypochondria, coughing, on","PAIN, aching, dull pain (See Boring, Drawing, Distress, Digging, Gnawing, Pressing, etc.), sore, bruised, tenderness, etc., Hypochondria, coughing, on",پیٹ — درد، دکھتا، کچلا ہوا، بغل کے نچلے حصے میں، کھانسنے پر,5,5,یکساں
r2469,"PAIN, sore, hypochondria, jarring, on","PAIN, aching, dull pain (See Boring, Drawing, Distress, Digging, Gnawing, Pressing, etc.), sore, bruised, tenderness, etc., Hypochondria, jarring, on",پیٹ — درد، دکھتا، کچلا ہوا، بغل کے نچلے حصے میں، ہلنے پر,8,8,یکساں
r2476,"PAIN, sore, hypochondria, spots, in","PAIN, aching, dull pain (See Boring, Drawing, Distress, Digging, Gnawing, Pressing, etc.), sore, bruised, tenderness, etc., Hypochondria, spots, in",پیٹ — درد، دکھتا، کچلا ہوا، بغل کے نچلے حصے میں، دھبوں میں,1,1,یکساں
r2477,"PAIN, sore, hypochondria, step, on every","PAIN, aching, dull pain (See Boring, Drawing, Distress, Digging, Gnawing, Pressing, etc.), sore, bruised, tenderness, etc., Hypochondria, step, on every",پیٹ — درد، دکھتا، کچلا ہوا، بغل کے نچلے حصے میں، ہر قدم پر,2,2,یکساں
r2478,"PAIN, sore, hypochondria, stooping, on","PAIN, aching, dull pain (See Boring, Drawing, Distress, Digging, Gnawing, Pressing, etc.), sore, bruised, tenderness, etc., Hypochondria, stooping, on",پیٹ — درد، دکھتا، کچلا ہوا، بغل کے نچلے حصے میں، جھکنے پر,1,1,یکساں
r2479,"PAIN, sore, hypochondria, walking, while","PAIN, aching, dull pain (See Boring, Drawing, Distress, Digging, Gnawing, Pressing, etc.), sore, bruised, tenderness, etc., Hypochondria, walking, while",پیٹ — درد، دکھتا، کچلا ہوا، بغل کے نچلے حصے میں، چلتے ہوئے,2,2,یکساں
r2483,"PAIN, sore, hypogastrium, walking, while","PAIN, aching, dull pain (See Boring, Drawing, Distress, Digging, Gnawing, Pressing, etc.), sore, bruised, tenderness, etc., Hypogastrium, walking, while",پیٹ — درد، دکھتا، کچلا ہوا، ناف کے نیچے کے حصے میں، چلتے ہوئے,1,1,یکساں
r2487,"PAIN, sore, iliac region, sitting, while","PAIN, aching, dull pain (See Boring, Drawing, Distress, Digging, Gnawing, Pressing, etc.), sore, bruised, tenderness, etc., Iliac region, sitting, while",پیٹ — درد، دکھتا، کچلا ہوا، کولھے کی طرف، بیٹھے ہوئے,1,1,یکساں
r2495,"PAIN, sore, inguinal region, bed, in","PAIN, aching, dull pain (See Boring, Drawing, Distress, Digging, Gnawing, Pressing, etc.), sore, bruised, tenderness, etc., Inguinal region, bed, in",پیٹ — درد، دکھتا، کچلا ہوا، کچھوں کا علاقہ، بستر میں,1,1,یکساں
r2496,"PAIN, sore, inguinal region, menses, during","PAIN, aching, dull pain (See Boring, Drawing, Distress, Digging, Gnawing, Pressing, etc.), sore, bruised, tenderness, etc., Inguinal region, menses, during",پیٹ — درد، دکھتا، کچلا ہوا، کچھوں کا علاقہ، حیض کے دوران,2,2,یکساں
r2497,"PAIN, sore, inguinal region, walk bent, must","PAIN, aching, dull pain (See Boring, Drawing, Distress, Digging, Gnawing, Pressing, etc.), sore, bruised, tenderness, etc., Inguinal region, walk bent, must",پیٹ — درد، دکھتا، کچلا ہوا، کچھوں کا علاقہ، جھک کر چلنا پڑے,1,1,یکساں
r2498,"PAIN, sore, inguinal region, walking, while","PAIN, aching, dull pain (See Boring, Drawing, Distress, Digging, Gnawing, Pressing, etc.), sore, bruised, tenderness, etc., Inguinal region, walking, while",پیٹ — درد، دکھتا، کچلا ہوا، کچھوں کا علاقہ، چلتے ہوئے,4,4,یکساں
r2501,"PAIN, sore, liver, in, left lobe","PAIN, aching, dull pain (See Boring, Drawing, Distress, Digging, Gnawing, Pressing, etc.), sore, bruised, tenderness, etc., Liver, in, left lobe",پیٹ — درد، دکھتا، کچلا ہوا، جگر میں، بایاں حصہ,1,1,یکساں
r2506,"PAIN, sore, sides, flank, in","PAIN, aching, dull pain (See Boring, Drawing, Distress, Digging, Gnawing, Pressing, etc.), sore, bruised, tenderness, etc., Sides, flank, in",پیٹ — درد، دکھتا، کچلا ہوا، پہلوؤں میں، پہلو کے اندر,3,3,یکساں
r2510,"PAIN, stinging","PAIN, aching, dull pain (See Boring, Drawing, Distress, Digging, Gnawing, Pressing, etc.), stinging",پیٹ — درد، ڈنک جیسا,14,14,یکساں
r2512,"PAIN, stitching, morning","PAIN, aching, dull pain (See Boring, Drawing, Distress, Digging, Gnawing, Pressing, etc.), stitching (sticking, etc.), morning",پیٹ — درد، چبھتا ہوا، صبح,5,5,یکساں
r2514,"PAIN, stitching, forenoon","PAIN, aching, dull pain (See Boring, Drawing, Distress, Digging, Gnawing, Pressing, etc.), stitching (sticking, etc.), forenoon",پیٹ — درد، چبھتا ہوا، دوپہر سے پہلے,1,1,یکساں
r2515,"PAIN, stitching, noon","PAIN, aching, dull pain (See Boring, Drawing, Distress, Digging, Gnawing, Pressing, etc.), stitching (sticking, etc.), noon",پیٹ — درد، چبھتا ہوا، دوپہر,3,3,یکساں
r2516,"PAIN, stitching, afternoon","PAIN, aching, dull pain (See Boring, Drawing, Distress, Digging, Gnawing, Pressing, etc.), stitching (sticking, etc.), afternoon",پیٹ — درد، چبھتا ہوا، سہ پہر,1,1,یکساں
r2519,"PAIN, stitching, night","PAIN, aching, dull pain (See Boring, Drawing, Distress, Digging, Gnawing, Pressing, etc.), stitching (sticking, etc.), night",پیٹ — درد، چبھتا ہوا، رات,1,1,یکساں
r2523,"PAIN, stitching, bending forward","PAIN, aching, dull pain (See Boring, Drawing, Distress, Digging, Gnawing, Pressing, etc.), stitching (sticking, etc.), bending forward",پیٹ — درد، چبھتا ہوا، آگے جھکنے سے,1,1,یکساں
r2524,"PAIN, stitching, burning","PAIN, aching, dull pain (See Boring, Drawing, Distress, Digging, Gnawing, Pressing, etc.), stitching (sticking, etc.), burning",پیٹ — درد، چبھتا ہوا، جلن کے ساتھ,2,2,یکساں
r2530,"PAIN, stitching, flexing thighs amel.","PAIN, aching, dull pain (See Boring, Drawing, Distress, Digging, Gnawing, Pressing, etc.), stitching (sticking, etc.), flexing thighs amel.",پیٹ — درد، چبھتا ہوا، رانیں سمیٹنے سے آرام,1,1,یکساں
r2533,"PAIN, stitching, lying, crooked amel.","PAIN, aching, dull pain (See Boring, Drawing, Distress, Digging, Gnawing, Pressing, etc.), stitching (sticking, etc.), lying, while, crooked amel.",پیٹ — درد، چبھتا ہوا، ٹیڑھا لیٹنے سے آرام,1,1,یکساں
r2535,"PAIN, stitching, menses, during","PAIN, aching, dull pain (See Boring, Drawing, Distress, Digging, Gnawing, Pressing, etc.), stitching (sticking, etc.), menses, before, during",پیٹ — درد، چبھتا ہوا، حیض کے دوران,7,7,یکساں
r2537,"PAIN, stitching, paroxysmal","PAIN, aching, dull pain (See Boring, Drawing, Distress, Digging, Gnawing, Pressing, etc.), stitching (sticking, etc.), paroxysmal",پیٹ — درد، چبھتا ہوا، دوروں کی شکل میں,1,1,یکساں
r2538,"PAIN, stitching, periodic","PAIN, aching, dull pain (See Boring, Drawing, Distress, Digging, Gnawing, Pressing, etc.), stitching (sticking, etc.), periodic",پیٹ — درد، چبھتا ہوا، وقفے وقفے سے,1,1,یکساں
r2541,"PAIN, stitching, pressure, amel.","PAIN, aching, dull pain (See Boring, Drawing, Distress, Digging, Gnawing, Pressing, etc.), stitching (sticking, etc.), pressure, on, amel.",پیٹ — درد، چبھتا ہوا، دباؤ سے آرام,1,1,یکساں
r2545,"PAIN, stitching, stinging","PAIN, aching, dull pain (See Boring, Drawing, Distress, Digging, Gnawing, Pressing, etc.), stitching (sticking, etc.), stinging",پیٹ — درد، چبھتا ہوا، ڈنک کے ساتھ,5,5,یکساں
r2547,"PAIN, stitching, stool, after","PAIN, aching, dull pain (See Boring, Drawing, Distress, Digging, Gnawing, Pressing, etc.), stitching (sticking, etc.), stool, before, after",پیٹ — درد، چبھتا ہوا، پاخانے کے بعد,1,1,یکساں
r2548,"PAIN, stitching, stool, driving to","PAIN, aching, dull pain (See Boring, Drawing, Distress, Digging, Gnawing, Pressing, etc.), stitching (sticking, etc.), stool, before, driving to",پیٹ — درد، چبھتا ہوا، پاخانے کے لیے مجبور کرے,1,1,یکساں
r2549,"PAIN, stitching, stooping","PAIN, aching, dull pain (See Boring, Drawing, Distress, Digging, Gnawing, Pressing, etc.), stitching (sticking, etc.), stooping",پیٹ — درد، چبھتا ہوا، جھکنے سے,4,4,یکساں
r2553,"PAIN, stitching, walking, after eating","PAIN, aching, dull pain (See Boring, Drawing, Distress, Digging, Gnawing, Pressing, etc.), stitching (sticking, etc.), walking, while, after eating",پیٹ — درد، چبھتا ہوا، کھانے کے بعد چلنے سے,1,1,یکساں
r2555,"PAIN, stitching, extending across","PAIN, aching, dull pain (See Boring, Drawing, Distress, Digging, Gnawing, Pressing, etc.), stitching (sticking, etc.), extending across",پیٹ — درد، چبھتا ہوا، آڑا پھیلتا ہوا,1,1,یکساں
r531,"HEAVINESS, morning","HEAVINESS, as from a load, etc., morning",پیٹ — بھاری پن، صبح,3,3,یکساں
r532,"HEAVINESS, forenoon","HEAVINESS, as from a load, etc., forenoon",پیٹ — بھاری پن، دوپہر سے پہلے,1,1,یکساں
r533,"HEAVINESS, afternoon","HEAVINESS, as from a load, etc., afternoon",پیٹ — بھاری پن، سہ پہر,3,3,یکساں
r534,"HEAVINESS, evening","HEAVINESS, as from a load, etc., evening",پیٹ — بھاری پن، شام,1,1,یکساں
r535,"HEAVINESS, night","HEAVINESS, as from a load, etc., night",پیٹ — بھاری پن، رات,3,3,یکساں
r540,"HEAVINESS, lying on left side amel.","HEAVINESS, as from a load, etc., lying on left side amel.",پیٹ — بھاری پن، بائیں کروٹ لیٹنے سے آرام,1,1,یکساں
r542,"HEAVINESS, menses, during","HEAVINESS, as from a load, etc., menses, before, during",پیٹ — بھاری پن، حیض کے دوران,4,4,یکساں
r550,"HEAVINESS, hypochondria","HEAVINESS, as from a load, etc., Hypochondria",پیٹ — بھاری پن، بغل کے نچلے حصے میں,12,12,ماخذی مطابق کیے
r553,"HEAVINESS, hypogastrium","HEAVINESS, as from a load, etc., Hypogastrium",پیٹ — بھاری پن، ناف کے نیچے کے حصے میں,16,16,یکساں
r559,"HEAVINESS, inguinal region","HEAVINESS, as from a load, etc., Inguinal region",پیٹ — بھاری پن، کچھوں کا علاقہ,5,5,یکساں
r561,"HEAVINESS, sides","HEAVINESS, as from a load, etc., Sides",پیٹ — بھاری پن، پہلوؤں میں,5,5,یکساں
r563,"HEAVINESS, spleen","HEAVINESS, as from a load, etc., Spleen",پیٹ — بھاری پن، تلی,2,2,یکساں
r581,"INFLAMMATION, appendicitis","INFLAMMATION (Peritonitis, Enteritis, etc.), appendicitis",پیٹ — سوزش، اپینڈکس کی سوزش (اپینڈیسائٹس),22,22,یکساں
r583,"INFLAMMATION, inguinal glands","INFLAMMATION (Peritonitis, Enteritis, etc.), Inguinal glands",پیٹ — سوزش، کچھوں کے غدود,11,11,یکساں
r588,"INFLAMMATION, pancreas","INFLAMMATION (Peritonitis, Enteritis, etc.), Pancreas",پیٹ — سوزش، لبلبہ (پینکریاس),4,4,یکساں
r589,"INFLAMMATION, spleen","INFLAMMATION (Peritonitis, Enteritis, etc.), Spleen",پیٹ — سوزش، تلی,22,22,یکساں
r590,"INFLAMMATION, typhlitis","INFLAMMATION (Peritonitis, Enteritis, etc.), Typhlitis",پیٹ — سوزش، اندھی آنت کی سوزش (ٹائفلیٹس),24,24,یکساں
r591,"INFLAMMATION, umbilicus","INFLAMMATION (Peritonitis, Enteritis, etc.), Umbilicus",پیٹ — سوزش، ناف,1,1,یکساں
r677,"PAIN, left to right","PAIN, aching, dull pain (See Boring, Drawing, Distress, Digging, Gnawing, Pressing, etc.), left to right",پیٹ — درد، بائیں سے دائیں,1,1,یکساں
r678,"PAIN, daytime","PAIN, aching, dull pain (See Boring, Drawing, Distress, Digging, Gnawing, Pressing, etc.), daytime",پیٹ — درد، دن کے وقت,2,2,یکساں
r692,"PAIN, chill, during","PAIN, aching, dull pain (See Boring, Drawing, Distress, Digging, Gnawing, Pressing, etc.), chill, before, during",پیٹ — درد، سردی لگنے کے دوران,28,28,ماخذی مطابق کیے
r745,"PAIN, alternating with pain in chest","PAIN, aching, dull pain (See Boring, Drawing, Distress, Digging, Gnawing, Pressing, etc.), alternating with pain in chest",پیٹ — درد، سینے کے درد کے ساتھ باری باری,2,2,یکساں
r751,"PAIN, ascending stairs","PAIN, aching, dull pain (See Boring, Drawing, Distress, Digging, Gnawing, Pressing, etc.), ascending stairs",پیٹ — درد، سیڑھیاں چڑھنے سے,2,2,یکساں
r752,"PAIN, as if squeezed between two stones","PAIN, aching, dull pain (See Boring, Drawing, Distress, Digging, Gnawing, Pressing, etc.), as if squeezed between two stones",پیٹ — درد، جیسے دو پتھروں کے بیچ کچلا جا رہا ہو,1,1,یکساں
r754,"PAIN, bed, on going to","PAIN, aching, dull pain (See Boring, Drawing, Distress, Digging, Gnawing, Pressing, etc.), bed, in, on going to",پیٹ — درد، بستر میں جاتے وقت,2,2,یکساں
r764,"PAIN, breakfast, after","PAIN, aching, dull pain (See Boring, Drawing, Distress, Digging, Gnawing, Pressing, etc.), breakfast, during, after",پیٹ — درد، ناشتے کے بعد,9,9,یکساں
r769,"PAIN, clothing agg.","PAIN, aching, dull pain (See Boring, Drawing, Distress, Digging, Gnawing, Pressing, etc.), clothing agg.",پیٹ — درد، کپڑوں سے بگاڑ,3,3,یکساں
r772,"PAIN, coffee, amel.","PAIN, aching, dull pain (See Boring, Drawing, Distress, Digging, Gnawing, Pressing, etc.), coffee, after, amel.",پیٹ — درد، کافی سے آرام,1,1,یکساں
r774,"PAIN, coition, after","PAIN, aching, dull pain (See Boring, Drawing, Distress, Digging, Gnawing, Pressing, etc.), coition, during, after",پیٹ — درد، جماع کے بعد,1,1,یکساں
r776,"PAIN, cold, drinks, amel.","PAIN, aching, dull pain (See Boring, Drawing, Distress, Digging, Gnawing, Pressing, etc.), cold, drinks, after (ice water, etc.), amel.",پیٹ — درد، ٹھنڈے مشروبات سے آرام,1,1,یکساں
r780,"PAIN, cold, taking hold of cold things","PAIN, aching, dull pain (See Boring, Drawing, Distress, Digging, Gnawing, Pressing, etc.), cold, from taking, taking hold of cold things",پیٹ — درد، ٹھنڈی چیزیں چھونے سے,1,1,یکساں
r781,"PAIN, colic (See Pain, cramping)","PAIN, aching, dull pain (See Boring, Drawing, Distress, Digging, Gnawing, Pressing, etc.), colic (See Pain, cramping)",پیٹ — درد، مروڑ (پیٹ کا درد),0,0,یکساں
r782,"PAIN, comes gradually and goes gradually","PAIN, aching, dull pain (See Boring, Drawing, Distress, Digging, Gnawing, Pressing, etc.), comes gradually and goes gradually",پیٹ — درد، آہستہ آہستہ شروع ہو اور آہستہ آہستہ جائے,2,2,یکساں
r792,"PAIN, dinner, after","PAIN, aching, dull pain (See Boring, Drawing, Distress, Digging, Gnawing, Pressing, etc.), dinner, during, after",پیٹ — درد، دوپہر کے کھانے کے بعد,25,25,یکساں
r793,"PAIN, doubling up (See Bending)","PAIN, aching, dull pain (See Boring, Drawing, Distress, Digging, Gnawing, Pressing, etc.), doubling up (See Bending)",پیٹ — درد، دہرا ہونا,0,0,یکساں
r794,"PAIN, drawing in abdomen","PAIN, aching, dull pain (See Boring, Drawing, Distress, Digging, Gnawing, Pressing, etc.), drawing in abdomen",پیٹ — درد، پیٹ اندر کھینچنے سے,2,2,یکساں
r798,"PAIN, eating, on every attempt to","PAIN, aching, dull pain (See Boring, Drawing, Distress, Digging, Gnawing, Pressing, etc.), eating, while, on every attempt to",پیٹ — درد، کھانے کی ہر کوشش پر,1,1,یکساں
r801,"PAIN, eating, 2 hours after eating","PAIN, aching, dull pain (See Boring, Drawing, Distress, Digging, Gnawing, Pressing, etc.), eating, while, 2 hours after eating",پیٹ — درد، کھانے سے، کھانے کے 2 گھنٹے بعد,1,1,یکساں
r802,"PAIN, eructations amel.","PAIN, aching, dull pain (See Boring, Drawing, Distress, Digging, Gnawing, Pressing, etc.), eructations amel.",پیٹ — درد، ڈکار سے آرام,7,7,یکساں
r805,"PAIN, exercise, amel.","PAIN, aching, dull pain (See Boring, Drawing, Distress, Digging, Gnawing, Pressing, etc.), exercise, from, amel.",پیٹ — درد، ورزش سے آرام,1,1,یکساں
r811,"PAIN, flexing limbs amel.","PAIN, aching, dull pain (See Boring, Drawing, Distress, Digging, Gnawing, Pressing, etc.), flexing limbs amel.",پیٹ — درد، اعضاء سمیٹنے سے آرام,12,12,یکساں
r820,"PAIN, inspiration, deep amel.","PAIN, aching, dull pain (See Boring, Drawing, Distress, Digging, Gnawing, Pressing, etc.), inspiration, during, deep amel.",پیٹ — درد، گہری سانس لینے سے آرام,1,1,یکساں
r821,"PAIN, intermittent (See Paroxysmal)","PAIN, aching, dull pain (See Boring, Drawing, Distress, Digging, Gnawing, Pressing, etc.), intermittent (See Paroxysmal)",پیٹ — درد، رک رک کر,0,0,یکساں
r822,"PAIN, jarring (See Soreness)","PAIN, aching, dull pain (See Boring, Drawing, Distress, Digging, Gnawing, Pressing, etc.), jarring (See Soreness)",پیٹ — درد، ہلنے سے,0,0,یکساں
r826,"PAIN, leaning on the side","PAIN, aching, dull pain (See Boring, Drawing, Distress, Digging, Gnawing, Pressing, etc.), leaning on the side",پیٹ — درد، کروٹ پر ٹیک لگانے سے,1,1,یکساں
r829,"PAIN, lying, amel.","PAIN, aching, dull pain (See Boring, Drawing, Distress, Digging, Gnawing, Pressing, etc.), lying, while, amel.",پیٹ — درد، لیٹنے سے آرام,9,9,یکساں
r839,"PAIN, menses, at beginning of","PAIN, aching, dull pain (See Boring, Drawing, Distress, Digging, Gnawing, Pressing, etc.), menses, before, at beginning of",پیٹ — درد، حیض کے شروع میں,7,7,یکساں
r840,"PAIN, menses, extending to chest","PAIN, aching, dull pain (See Boring, Drawing, Distress, Digging, Gnawing, Pressing, etc.), menses, before, extending to chest",پیٹ — درد، حیض، سینے تک پھیلتا ہوا,2,2,یکساں
r848,"PAIN, menses, after","PAIN, aching, dull pain (See Boring, Drawing, Distress, Digging, Gnawing, Pressing, etc.), menses, before, after",پیٹ — درد، حیض کے بعد,18,18,یکساں
r856,"PAIN, motion, amel.","PAIN, aching, dull pain (See Boring, Drawing, Distress, Digging, Gnawing, Pressing, etc.), motion, on, amel.",پیٹ — درد، حرکت سے آرام,9,9,یکساں
r857,"PAIN, motion, continued amel.","PAIN, aching, dull pain (See Boring, Drawing, Distress, Digging, Gnawing, Pressing, etc.), motion, on, continued amel.",پیٹ — درد، مسلسل حرکت سے آرام,1,1,یکساں
r858,"PAIN, paroxysmal","PAIN, aching, dull pain (See Boring, Drawing, Distress, Digging, Gnawing, Pressing, etc.), paroxysmal",پیٹ — درد، دوروں کی شکل میں,59,59,یکساں
r865,"PAIN, pressure agg.","PAIN, aching, dull pain (See Boring, Drawing, Distress, Digging, Gnawing, Pressing, etc.), pressure agg.",پیٹ — درد، دباؤ سے بگاڑ,27,27,یکساں
r870,"PAIN, raising arm","PAIN, aching, dull pain (See Boring, Drawing, Distress, Digging, Gnawing, Pressing, etc.), raising arm",پیٹ — درد، بازو اٹھانے سے,1,1,یکساں
r871,"PAIN, reaching high","PAIN, aching, dull pain (See Boring, Drawing, Distress, Digging, Gnawing, Pressing, etc.), reaching high",پیٹ — درد، اونچی چیز تک پہنچنے سے,2,2,یکساں
r874,"PAIN, riding in a carriage","PAIN, aching, dull pain (See Boring, Drawing, Distress, Digging, Gnawing, Pressing, etc.), riding in a carriage",پیٹ — درد، بگھی میں سفر کرتے ہوئے,6,6,یکساں
r876,"PAIN, rising, after","PAIN, aching, dull pain (See Boring, Drawing, Distress, Digging, Gnawing, Pressing, etc.), rising, on, after",پیٹ — درد، اٹھنے کے بعد,3,3,یکساں
r877,"PAIN, rising, from lying amel.","PAIN, aching, dull pain (See Boring, Drawing, Distress, Digging, Gnawing, Pressing, etc.), rising, on, from lying amel.",پیٹ — درد، لیٹنے سے اٹھنے سے آرام,2,2,یکساں
r878,"PAIN, rising, from a seat amel.","PAIN, aching, dull pain (See Boring, Drawing, Distress, Digging, Gnawing, Pressing, etc.), rising, on, from a seat amel.",پیٹ — درد، نشست سے اٹھنے سے آرام,2,2,یکساں
r881,"PAIN, shattered sensation","PAIN, aching, dull pain (See Boring, Drawing, Distress, Digging, Gnawing, Pressing, etc.), shattered sensation",پیٹ — درد، جیسے ٹوٹ پھوٹ گیا ہو,3,3,یکساں
r882,"PAIN, singing agg.","PAIN, aching, dull pain (See Boring, Drawing, Distress, Digging, Gnawing, Pressing, etc.), singing agg.",پیٹ — درد، گانے سے بگاڑ,1,1,یکساں
r884,"PAIN, sitting, amel.","PAIN, aching, dull pain (See Boring, Drawing, Distress, Digging, Gnawing, Pressing, etc.), sitting, while, amel.",پیٹ — درد، بیٹھنے سے آرام,6,6,یکساں
r887,"PAIN, sitting, erect amel.","PAIN, aching, dull pain (See Boring, Drawing, Distress, Digging, Gnawing, Pressing, etc.), sitting, while, erect amel.",پیٹ — درد، سیدھے بیٹھنے سے آرام,1,1,یکساں
r890,"PAIN, sleep, amel.","PAIN, aching, dull pain (See Boring, Drawing, Distress, Digging, Gnawing, Pressing, etc.), sleep, before going to, amel.",پیٹ — درد، نیند سے آرام,3,3,یکساں
r891,"PAIN, sleep, interrupting sleep","PAIN, aching, dull pain (See Boring, Drawing, Distress, Digging, Gnawing, Pressing, etc.), sleep, before going to, interrupting sleep",پیٹ — درد، نیند خراب کرے,2,2,یکساں
r896,"PAIN, standing, amel.","PAIN, aching, dull pain (See Boring, Drawing, Distress, Digging, Gnawing, Pressing, etc.), standing, while, amel.",پیٹ — درد، کھڑے ہونے سے آرام,1,1,یکساں
r899,"PAIN, stool, during","PAIN, aching, dull pain (See Boring, Drawing, Distress, Digging, Gnawing, Pressing, etc.), stool, before, during",پیٹ — درد، پاخانے کے دوران,60,60,یکساں
r907,"PAIN, stooping agg.","PAIN, aching, dull pain (See Boring, Drawing, Distress, Digging, Gnawing, Pressing, etc.), stooping agg.",پیٹ — درد، جھکنے سے بگاڑ,6,6,یکساں
r912,"PAIN, suppressed haemorrhoidal flow","PAIN, aching, dull pain (See Boring, Drawing, Distress, Digging, Gnawing, Pressing, etc.), suppressed hæmorrhoidal flow",پیٹ — درد، بواسیر کا خون بند ہو جانے سے,1,1,یکساں
r914,"PAIN, tobacco, amel.","PAIN, aching, dull pain (See Boring, Drawing, Distress, Digging, Gnawing, Pressing, etc.), tobacco, after, amel.",پیٹ — درد، تمباکو سے آرام,1,1,یکساں
r915,"PAIN, turning the body","PAIN, aching, dull pain (See Boring, Drawing, Distress, Digging, Gnawing, Pressing, etc.), turning the body",پیٹ — درد، جسم کرید بدلنے سے,1,1,یکساں
r916,"PAIN, uncovering from","PAIN, aching, dull pain (See Boring, Drawing, Distress, Digging, Gnawing, Pressing, etc.), uncovering from",پیٹ — درد، بے پردہ ہونے سے,1,1,یکساں
r921,"PAIN, urination, amel.","PAIN, aching, dull pain (See Boring, Drawing, Distress, Digging, Gnawing, Pressing, etc.), urination, before, amel.",پیٹ — درد، پیشاب سے آرام,1,1,یکساں
r922,"PAIN, urination, prevents","PAIN, aching, dull pain (See Boring, Drawing, Distress, Digging, Gnawing, Pressing, etc.), urination, before, prevents",پیٹ — درد، پیشاب روک دیتا ہے,1,1,یکساں
r924,"PAIN, violent","PAIN, aching, dull pain (See Boring, Drawing, Distress, Digging, Gnawing, Pressing, etc.), violent",پیٹ — درد، شدید,25,25,یکساں
r928,"PAIN, walking, amel.","PAIN, aching, dull pain (See Boring, Drawing, Distress, Digging, Gnawing, Pressing, etc.), walking, while, amel.",پیٹ — درد، چلنے سے آرام,10,10,یکساں
r930,"PAIN, walking, rapidly","PAIN, aching, dull pain (See Boring, Drawing, Distress, Digging, Gnawing, Pressing, etc.), walking, while, rapidly",پیٹ — درد، تیز چلنے سے,1,1,یکساں
r933,"PAIN, warm drinks amel.","PAIN, aching, dull pain (See Boring, Drawing, Distress, Digging, Gnawing, Pressing, etc.), warm drinks amel.",پیٹ — درد، گرم مشروبات سے آرام,4,4,یکساں
r939,"PAIN, warmth amel.","PAIN, aching, dull pain (See Boring, Drawing, Distress, Digging, Gnawing, Pressing, etc.), warmth amel.",پیٹ — درد، گرمائش سے آرام,29,29,یکساں
r952,"PAIN, extending, chest, to","PAIN, aching, dull pain (See Boring, Drawing, Distress, Digging, Gnawing, Pressing, etc.), extending across, chest, to",پیٹ — درد، پھیلتا ہوا، سینے تک,16,15,ماخذی مطابق کیے
r2761,"PAIN, stitching, sides, left","PAIN, aching, dull pain (See Boring, Drawing, Distress, Digging, Gnawing, Pressing, etc.), stitching (sticking, etc.), Sides, left",پیٹ — درد، چبھتا ہوا، بائیں پہلو میں,28,27,ماخذی مطابق کیے
r795,"PAIN, drinking, after","PAIN, aching, dull pain (See Boring, Drawing, Distress, Digging, Gnawing, Pressing, etc.), drinking, after",پیٹ — درد، پینے کے بعد,21,20,ماخذی مطابق کیے
o2287,"PAIN, sore, menses, during, pressing amel.","PAIN, aching, dull pain (See Boring, Drawing, Distress, Digging, Gnawing, Pressing, etc.), sore, bruised, tenderness, etc., menses, before, during, pressing amel.",پیٹ — درد، دکھتا، کچلا ہوا، حیض کے دوران، دبانے سے آرام,1,1,یکساں
r2452,"PAIN, sore, stool, straining at, from","PAIN, aching, dull pain (See Boring, Drawing, Distress, Digging, Gnawing, Pressing, etc.), sore, bruised, tenderness, etc., stool, before, straining at, from",پیٹ — درد، دکھتا، کچلا ہوا، پاخانے پر زور لگانے سے,1,1,یکساں
r2690,"PAIN, stitching, inguinal region, right","PAIN, aching, dull pain (See Boring, Drawing, Distress, Digging, Gnawing, Pressing, etc.), stitching (sticking, etc.), Inguinal region, right",پیٹ — درد، چبھتا ہوا، دائیں کچھوں کا علاقہ,25,24,ماخذی مطابق کیے
o2222,"PAIN, sore, afternoon, 1 p.m.","PAIN, aching, dull pain (See Boring, Drawing, Distress, Digging, Gnawing, Pressing, etc.), sore, bruised, tenderness, etc., afternoon, 1 p.m.",پیٹ — درد، دکھتا، کچلا ہوا، سہ پہر 1 بجے,1,1,یکساں
o2226,"PAIN, sore, coughing, from","PAIN, aching, dull pain (See Boring, Drawing, Distress, Digging, Gnawing, Pressing, etc.), sore, bruised, tenderness, etc., coughing, from",پیٹ — درد، دکھتا، کچلا ہوا، کھانسی سے,12,12,یکساں
o2233,"PAIN, sore, hypochondria, afternoon","PAIN, aching, dull pain (See Boring, Drawing, Distress, Digging, Gnawing, Pressing, etc.), sore, bruised, tenderness, etc., Hypochondria, afternoon",پیٹ — درد، دکھتا، کچلا ہوا، بغل کے نچلے حصے میں، سہ پہر,1,1,یکساں
o2238,"PAIN, sore, hypochondria, evening","PAIN, aching, dull pain (See Boring, Drawing, Distress, Digging, Gnawing, Pressing, etc.), sore, bruised, tenderness, etc., Hypochondria, evening",پیٹ — درد، دکھتا، کچلا ہوا، بغل کے نچلے حصے میں، شام,1,1,یکساں
o2279,"PAIN, sore, jarring, on","PAIN, aching, dull pain (See Boring, Drawing, Distress, Digging, Gnawing, Pressing, etc.), sore, bruised, tenderness, etc., jarring, on",پیٹ — درد، دکھتا، کچلا ہوا، ہلنے پر,12,12,یکساں
o2283,"PAIN, sore, lying, on the right side agg.","PAIN, aching, dull pain (See Boring, Drawing, Distress, Digging, Gnawing, Pressing, etc.), sore, bruised, tenderness, etc., lying on abdomen amel., on the right side agg.",پیٹ — درد، دکھتا، کچلا ہوا، دائیں کروٹ لیٹنے سے بگاڑ,1,1,یکساں
o2285,"PAIN, sore, menses, before","PAIN, aching, dull pain (See Boring, Drawing, Distress, Digging, Gnawing, Pressing, etc.), sore, bruised, tenderness, etc., menses, before",پیٹ — درد، دکھتا، کچلا ہوا، حیض سے پہلے,6,6,یکساں
o2289,"PAIN, sore, morning, in bed","PAIN, aching, dull pain (See Boring, Drawing, Distress, Digging, Gnawing, Pressing, etc.), sore, bruised, tenderness, etc., morning, in bed",پیٹ — درد، دکھتا، کچلا ہوا، صبح، بستر میں,2,2,یکساں
o2290,"PAIN, sore, motion, on","PAIN, aching, dull pain (See Boring, Drawing, Distress, Digging, Gnawing, Pressing, etc.), sore, bruised, tenderness, etc., motion, on",پیٹ — درد، دکھتا، کچلا ہوا، حرکت پر,7,7,یکساں
o2292,"PAIN, sore, pregnancy, during","PAIN, aching, dull pain (See Boring, Drawing, Distress, Digging, Gnawing, Pressing, etc.), sore, bruised, tenderness, etc., pregnancy, during",پیٹ — درد، دکھتا، کچلا ہوا، حمل کے دوران,2,2,یکساں
o2294,"PAIN, sore, riding, horseback","PAIN, aching, dull pain (See Boring, Drawing, Distress, Digging, Gnawing, Pressing, etc.), sore, bruised, tenderness, etc., riding in a carriage agg., horseback",پیٹ — درد، دکھتا، کچلا ہوا، گھوڑے کی سواری سے,1,1,یکساں
o675,"PAIN, air, open, amel.","PAIN, aching, dull pain (See Boring, Drawing, Distress, Digging, Gnawing, Pressing, etc.), air, cool, amel., open, agg., amel.",پیٹ — درد، کھلی ہوا میں آرام,1,1,یکساں
r2448,"PAIN, sore, stool, before","PAIN, aching, dull pain (See Boring, Drawing, Distress, Digging, Gnawing, Pressing, etc.), sore, bruised, tenderness, etc., stool, before",پیٹ — درد، دکھتا، کچلا ہوا، پاخانے سے پہلے,3,3,یکساں
r2453,"PAIN, sore, walking, while","PAIN, aching, dull pain (See Boring, Drawing, Distress, Digging, Gnawing, Pressing, etc.), sore, bruised, tenderness, etc., walking, while",پیٹ — درد، دکھتا، کچلا ہوا، چلتے ہوئے,11,11,یکساں
r2468,"PAIN, sore, eating, after","PAIN, aching, dull pain (See Boring, Drawing, Distress, Digging, Gnawing, Pressing, etc.), sore, bruised, tenderness, etc., eating, after",پیٹ — درد، دکھتا، کچلا ہوا، کھانے کے بعد,1,1,یکساں
r2470,"PAIN, sore, hypochondria, lying on painful side agg.","PAIN, aching, dull pain (See Boring, Drawing, Distress, Digging, Gnawing, Pressing, etc.), sore, bruised, tenderness, etc., Hypochondria, lying on painful side agg.",پیٹ — درد، دکھتا، کچلا ہوا، بغل کے نچلے حصے میں، درد والی طرف لیٹنے سے بگاڑ,2,2,یکساں
r2472,"PAIN, sore, hypochondria, motion agg.","PAIN, aching, dull pain (See Boring, Drawing, Distress, Digging, Gnawing, Pressing, etc.), sore, bruised, tenderness, etc., Hypochondria, motion agg.",پیٹ — درد، دکھتا، کچلا ہوا، بغل کے نچلے حصے میں، حرکت سے بگاڑ,4,4,یکساں
r2474,"PAIN, sore, hypochondria, pressure amel.","PAIN, aching, dull pain (See Boring, Drawing, Distress, Digging, Gnawing, Pressing, etc.), sore, bruised, tenderness, etc., Hypochondria, pressure amel.",پیٹ — درد، دکھتا، کچلا ہوا، بغل کے نچلے حصے میں، دباؤ سے آرام,1,1,یکساں
r2475,"PAIN, sore, hypochondria, side lain on agg.","PAIN, aching, dull pain (See Boring, Drawing, Distress, Digging, Gnawing, Pressing, etc.), sore, bruised, tenderness, etc., Hypochondria, side lain on agg.",پیٹ — درد، دکھتا، کچلا ہوا، بغل کے نچلے حصے میں، جس کروٹ پر لیٹا ہو اُس سے بگاڑ,1,1,یکساں
r2480,"PAIN, sore, hypochondria, extending into stomach","PAIN, aching, dull pain (See Boring, Drawing, Distress, Digging, Gnawing, Pressing, etc.), sore, bruised, tenderness, etc., Hypochondria, extending into stomach",پیٹ — درد، دکھتا، کچلا ہوا، بغل کے نچلے حصے میں، معدے تک پھیلتا ہوا,1,1,یکساں
r2486,"PAIN, sore, iliac region, drawing up thigh amel.","PAIN, aching, dull pain (See Boring, Drawing, Distress, Digging, Gnawing, Pressing, etc.), sore, bruised, tenderness, etc., Iliac region, drawing up thigh amel.",پیٹ — درد، دکھتا، کچلا ہوا، کولھے کی طرف، ران سمیٹنے سے آرام,1,1,یکساں
r2488,"PAIN, sore, iliac region, standing amel.","PAIN, aching, dull pain (See Boring, Drawing, Distress, Digging, Gnawing, Pressing, etc.), sore, bruised, tenderness, etc., Iliac region, standing amel.",پیٹ — درد، دکھتا، کچلا ہوا، کولھے کی طرف، کھڑے ہونے سے آرام,1,1,یکساں
r2491,"PAIN, sore, inguinal region, right","PAIN, aching, dull pain (See Boring, Drawing, Distress, Digging, Gnawing, Pressing, etc.), sore, bruised, tenderness, etc., Inguinal region, right",پیٹ — درد، دکھتا، کچلا ہوا، دائیں کچھوں کا علاقہ,5,5,یکساں
r2492,"PAIN, sore, inguinal region, left","PAIN, aching, dull pain (See Boring, Drawing, Distress, Digging, Gnawing, Pressing, etc.), sore, bruised, tenderness, etc., Inguinal region, left",پیٹ — درد، دکھتا، کچلا ہوا، بائیں کچھوں کا علاقہ,3,3,یکساں
r2493,"PAIN, sore, inguinal region, afternoon","PAIN, aching, dull pain (See Boring, Drawing, Distress, Digging, Gnawing, Pressing, etc.), sore, bruised, tenderness, etc., Inguinal region, afternoon",پیٹ — درد، دکھتا، کچلا ہوا، کچھوں کا علاقہ، سہ پہر,1,1,یکساں
r2494,"PAIN, sore, inguinal region, evening","PAIN, aching, dull pain (See Boring, Drawing, Distress, Digging, Gnawing, Pressing, etc.), sore, bruised, tenderness, etc., Inguinal region, evening",پیٹ — درد، دکھتا، کچلا ہوا، کچھوں کا علاقہ، شام,1,1,یکساں
r2499,"PAIN, sore, inguinal region, glands","PAIN, aching, dull pain (See Boring, Drawing, Distress, Digging, Gnawing, Pressing, etc.), sore, bruised, tenderness, etc., Inguinal region, glands",پیٹ — درد، دکھتا، کچلا ہوا، کچھوں کا علاقہ، غدود میں,8,8,یکساں
r2500,"PAIN, sore, liver, in","PAIN, aching, dull pain (See Boring, Drawing, Distress, Digging, Gnawing, Pressing, etc.), sore, bruised, tenderness, etc., Liver, in",پیٹ — درد، دکھتا، کچلا ہوا، جگر میں,50,50,یکساں
r2503,"PAIN, sore, sides, right","PAIN, aching, dull pain (See Boring, Drawing, Distress, Digging, Gnawing, Pressing, etc.), sore, bruised, tenderness, etc., Sides, right",پیٹ — درد، دکھتا، کچلا ہوا، دائیں پہلو میں,2,2,یکساں
r2504,"PAIN, sore, sides, left","PAIN, aching, dull pain (See Boring, Drawing, Distress, Digging, Gnawing, Pressing, etc.), sore, bruised, tenderness, etc., Sides, left",پیٹ — درد، دکھتا، کچلا ہوا، بائیں پہلو میں,2,2,یکساں
r2505,"PAIN, sore, sides, below the floating ribs","PAIN, aching, dull pain (See Boring, Drawing, Distress, Digging, Gnawing, Pressing, etc.), sore, bruised, tenderness, etc., Sides, below the floating ribs",پیٹ — درد، دکھتا، کچلا ہوا، پہلوؤں میں، نچلی پسلیوں کے نیچے,1,1,یکساں
r2509,"PAIN, sore, umbilicus, region of","PAIN, aching, dull pain (See Boring, Drawing, Distress, Digging, Gnawing, Pressing, etc.), sore, bruised, tenderness, etc., Umbilicus, region of",پیٹ — درد، دکھتا، کچلا ہوا، ناف کا علاقہ,20,20,یکساں
r1468,"PAIN, umbilicus, region of, night","PAIN, aching, dull pain (See Boring, Drawing, Distress, Digging, Gnawing, Pressing, etc.), Umbilicus, region of, night",پیٹ — درد، ناف کا علاقہ، رات,26,24,ماخذی مطابق کیے
r2739,"PAIN, stitching, liver","PAIN, aching, dull pain (See Boring, Drawing, Distress, Digging, Gnawing, Pressing, etc.), stitching (sticking, etc.), Liver",پیٹ — درد، چبھتا ہوا، جگر,87,85,ماخذی مطابق کیے
o1274,"PAIN, diarrhoea, during (colic)","PAIN, aching, dull pain (See Boring, Drawing, Distress, Digging, Gnawing, Pressing, etc.), diarrhœa, as if, would come on, during (colic)",پیٹ — درد، دست کے دوران (قولنج),81,81,یکساں
o673,"PAIN, air, every draft","PAIN, aching, dull pain (See Boring, Drawing, Distress, Digging, Gnawing, Pressing, etc.), air, cool, amel., every draft",پیٹ — درد، ہوا کا ہر جھونکا,1,1,یکساں
o1925,"PAIN, menses, during","PAIN, aching, dull pain (See Boring, Drawing, Distress, Digging, Gnawing, Pressing, etc.), menses, before, during",پیٹ — درد، حیض کے دوران,107,104,ماخذی مطابق کیے
r1849,"PAIN, cutting, evening","PAIN, aching, dull pain (See Boring, Drawing, Distress, Digging, Gnawing, Pressing, etc.), cutting, evening",پیٹ — درد، کاٹتا ہوا، شام,32,30,ماخذی مطابق کیے
r2016,"PAIN, cutting, umbilicus, region of","PAIN, aching, dull pain (See Boring, Drawing, Distress, Digging, Gnawing, Pressing, etc.), cutting, Umbilicus, region of",پیٹ — درد، کاٹتا ہوا، ناف کا علاقہ,82,75,ماخذی مطابق کیے
o2284,"PAIN, sore, menses, after","PAIN, aching, dull pain (See Boring, Drawing, Distress, Digging, Gnawing, Pressing, etc.), sore, bruised, tenderness, etc., menses, before, after",پیٹ — درد، دکھتا، کچلا ہوا، حیض کے بعد,4,4,یکساں
o2286,"PAIN, sore, menses, during","PAIN, aching, dull pain (See Boring, Drawing, Distress, Digging, Gnawing, Pressing, etc.), sore, bruised, tenderness, etc., menses, before, during",پیٹ — درد، دکھتا، کچلا ہوا، حیض کے دوران,12,12,یکساں
r2450,"PAIN, sore, stool, after","PAIN, aching, dull pain (See Boring, Drawing, Distress, Digging, Gnawing, Pressing, etc.), sore, bruised, tenderness, etc., stool, before, after",پیٹ — درد، دکھتا، کچلا ہوا، پاخانے کے بعد,6,6,یکساں
r2451,"PAIN, sore, stool, amel.","PAIN, aching, dull pain (See Boring, Drawing, Distress, Digging, Gnawing, Pressing, etc.), sore, bruised, tenderness, etc., stool, before, amel.",پیٹ — درد، دکھتا، کچلا ہوا، پاخانے سے آرام,1,1,یکساں
o1000,"PAIN, cramping, griping, umbilicus, region of","PAIN, aching, dull pain (See Boring, Drawing, Distress, Digging, Gnawing, Pressing, etc.), cramping, griping, Umbilicus, region of",پیٹ — درد، اینٹھن والا، مروڑتے ہوئے، ناف کا علاقہ,99,88,ماخذی مطابق کیے
o873,"PAIN, cramping, griping, hypochondria","PAIN, aching, dull pain (See Boring, Drawing, Distress, Digging, Gnawing, Pressing, etc.), cramping, griping, Hypochondria",پیٹ — درد، اینٹھن والا، مروڑتے ہوئے، بغل کے نچلے حصے میں,31,28,ماخذی مطابق کیے
o2223,"PAIN, sore, bending double amel.","PAIN, aching, dull pain (See Boring, Drawing, Distress, Digging, Gnawing, Pressing, etc.), sore, bruised, tenderness, etc., bending double amel.",پیٹ — درد، دکھتا، کچلا ہوا، دہرا ہونے سے آرام,1,1,یکساں
o2225,"PAIN, sore, clothing agg.","PAIN, aching, dull pain (See Boring, Drawing, Distress, Digging, Gnawing, Pressing, etc.), sore, bruised, tenderness, etc., clothing agg.",پیٹ — درد، دکھتا، کچلا ہوا، کپڑوں سے بگاڑ,17,17,یکساں
o2230,"PAIN, sore, forenoon","PAIN, aching, dull pain (See Boring, Drawing, Distress, Digging, Gnawing, Pressing, etc.), sore, bruised, tenderness, etc., forenoon",پیٹ — درد، دکھتا، کچلا ہوا، دوپہر سے پہلے,2,2,ماخذی مطابق کیے
o2282,"PAIN, sore, lying on abdomen amel.","PAIN, aching, dull pain (See Boring, Drawing, Distress, Digging, Gnawing, Pressing, etc.), sore, bruised, tenderness, etc., lying on abdomen amel.",پیٹ — درد، دکھتا، کچلا ہوا، پیٹ کے بل لیٹنے سے آرام,1,1,یکساں
o2291,"PAIN, sore, night","PAIN, aching, dull pain (See Boring, Drawing, Distress, Digging, Gnawing, Pressing, etc.), sore, bruised, tenderness, etc., night",پیٹ — درد، دکھتا، کچلا ہوا، رات,4,4,یکساں
o2293,"PAIN, sore, riding in a carriage agg.","PAIN, aching, dull pain (See Boring, Drawing, Distress, Digging, Gnawing, Pressing, etc.), sore, bruised, tenderness, etc., riding in a carriage agg.",پیٹ — درد، دکھتا، کچلا ہوا، بگھی میں سفر کرنے سے بگاڑ,1,1,یکساں
o821,"PAIN, cold, food","PAIN, aching, dull pain (See Boring, Drawing, Distress, Digging, Gnawing, Pressing, etc.), cold, drinks, after (ice water, etc.), food",پیٹ — درد، ٹھنڈا کھانا,2,2,یکساں
r2463,"PAIN, sore, evening","PAIN, aching, dull pain (See Boring, Drawing, Distress, Digging, Gnawing, Pressing, etc.), sore, bruised, tenderness, etc., evening",پیٹ — درد، دکھتا، کچلا ہوا، شام,6,6,یکساں
r2482,"PAIN, sore, hypogastrium","PAIN, aching, dull pain (See Boring, Drawing, Distress, Digging, Gnawing, Pressing, etc.), sore, bruised, tenderness, etc., Hypogastrium",پیٹ — درد، دکھتا، کچلا ہوا، ناف کے نیچے کے حصے میں,41,41,ماخذی مطابق کیے
r2485,"PAIN, sore, iliac region","PAIN, aching, dull pain (See Boring, Drawing, Distress, Digging, Gnawing, Pressing, etc.), sore, bruised, tenderness, etc., Iliac region",پیٹ — درد، دکھتا، کچلا ہوا، کولھے کی طرف,4,4,یکساں
r2489,"PAIN, sore, ilium","PAIN, aching, dull pain (See Boring, Drawing, Distress, Digging, Gnawing, Pressing, etc.), sore, bruised, tenderness, etc., Ilium",پیٹ — درد، دکھتا، کچلا ہوا، کولھے کی ہڈی میں,2,2,یکساں
r2507,"PAIN, sore, spleen","PAIN, aching, dull pain (See Boring, Drawing, Distress, Digging, Gnawing, Pressing, etc.), sore, bruised, tenderness, etc., Spleen",پیٹ — درد، دکھتا، کچلا ہوا، تلی میں,17,17,یکساں
r931,"PAIN, wandering","PAIN, aching, dull pain (See Boring, Drawing, Distress, Digging, Gnawing, Pressing, etc.), wandering",پیٹ — درد، جگہ جگہ پھرتا ہوا,23,22,ماخذی مطابق کیے
r1347,"PAIN, sides, left","PAIN, aching, dull pain (See Boring, Drawing, Distress, Digging, Gnawing, Pressing, etc.), Sides, left",پیٹ — درد، بائیں پہلو میں,13,12,ماخذی مطابق کیے
r1845,"PAIN, cutting, afternoon","PAIN, aching, dull pain (See Boring, Drawing, Distress, Digging, Gnawing, Pressing, etc.), cutting, afternoon",پیٹ — درد، کاٹتا ہوا، سہ پہر,13,12,ماخذی مطابق کیے
r2455,"PAIN, sore, hypochondria, right","PAIN, aching, dull pain (See Boring, Drawing, Distress, Digging, Gnawing, Pressing, etc.), sore, bruised, tenderness, etc., Hypochondria, right",پیٹ — درد، دکھتا، کچلا ہوا، دائیں بغل کے نچلے حصے میں,39,38,ماخذی مطابق کیے
r1938,"PAIN, cutting, hypochondria, right","PAIN, aching, dull pain (See Boring, Drawing, Distress, Digging, Gnawing, Pressing, etc.), cutting, Hypochondria, right",پیٹ — درد، کاٹتا ہوا، دائیں بغل کے نچلے حصے میں,10,9,ماخذی مطابق کیے
r2897,"PAIN, tearing, sides","PAIN, aching, dull pain (See Boring, Drawing, Distress, Digging, Gnawing, Pressing, etc.), tearing, Sides",پیٹ — درد، چیرتا ہوا، پہلوؤں میں,11,10,ماخذی مطابق کیے
r2648,"PAIN, stitching, hypogastrium","PAIN, aching, dull pain (See Boring, Drawing, Distress, Digging, Gnawing, Pressing, etc.), stitching (sticking, etc.), Hypogastrium",پیٹ — درد، چبھتا ہوا، ناف کے نیچے کے حصے میں,52,49,ماخذی مطابق کیے
r2594,"PAIN, stitching, hypochondria, afternoon","PAIN, aching, dull pain (See Boring, Drawing, Distress, Digging, Gnawing, Pressing, etc.), stitching (sticking, etc.), Hypochondria, afternoon",پیٹ — درد، چبھتا ہوا، بغل کے نچلے حصے میں، سہ پہر,12,11,ماخذی مطابق کیے
o973,"PAIN, cramping, griping, sides, left","PAIN, aching, dull pain (See Boring, Drawing, Distress, Digging, Gnawing, Pressing, etc.), cramping, griping, Sides, left",پیٹ — درد، اینٹھن والا، مروڑتے ہوئے، بائیں پہلو میں,15,13,ماخذی مطابق کیے
r1750,"PAIN, cramping, griping, forenoon","PAIN, aching, dull pain (See Boring, Drawing, Distress, Digging, Gnawing, Pressing, etc.), cramping, griping, forenoon",پیٹ — درد، اینٹھن والا، مروڑتے ہوئے، دوپہر سے پہلے,16,14,ماخذی مطابق کیے
r711,"PAIN, evening","PAIN, aching, dull pain (See Boring, Drawing, Distress, Digging, Gnawing, Pressing, etc.), evening",پیٹ — درد، شام,94,87,ماخذی مطابق کیے
r3143,"SWELLING, spleen","SWELLING, mesenteric glands, Spleen",پیٹ — سوجن، تلی,23,20,ماخذی مطابق کیے
r2590,"PAIN, stitching, hypochondria, morning","PAIN, aching, dull pain (See Boring, Drawing, Distress, Digging, Gnawing, Pressing, etc.), stitching (sticking, etc.), Hypochondria, morning",پیٹ — درد، چبھتا ہوا، بغل کے نچلے حصے میں، صبح,10,9,ماخذی مطابق کیے
r1232,"PAIN, inguinal region, hernia, as if a, would appear","PAIN, aching, dull pain (See Boring, Drawing, Distress, Digging, Gnawing, Pressing, etc.), Inguinal region, hernia, as from a, as if a, would appear",پیٹ — درد، کچھوں کا علاقہ، ہرنیا، جیسے ہرنیا ہونے والا ہو,42,37,ماخذی مطابق کیے
r566,"HERNIA, inguinal","HERNIA, femoral, Inguinal",پیٹ — ہرنیا، کچھوں میں (اِنگوئنل),45,39,ماخذی مطابق کیے
r2800,"PAIN, stitching, spleen","PAIN, aching, dull pain (See Boring, Drawing, Distress, Digging, Gnawing, Pressing, etc.), stitching (sticking, etc.), Spleen",پیٹ — درد، چبھتا ہوا، تلی میں,72,66,ماخذی مطابق کیے
r1856,"PAIN, cutting, night, midnight","PAIN, aching, dull pain (See Boring, Drawing, Distress, Digging, Gnawing, Pressing, etc.), cutting, night, midnight",پیٹ — درد، کاٹتا ہوا، رات، آدھی رات,7,6,ماخذی مطابق کیے
r2157,"PAIN, drawing, inguinal region, left","PAIN, aching, dull pain (See Boring, Drawing, Distress, Digging, Gnawing, Pressing, etc.), drawing, Inguinal region, left",پیٹ — درد، کھینچتا ہوا، بائیں کچھوں کا علاقہ,7,6,ماخذی مطابق کیے
r401,"FULLNESS, evening","FULLNESS, sensation of, evening",پیٹ — بھراؤ، شام,7,6,ماخذی مطابق کیے
r1615,"PAIN, cramping, griping","PAIN, aching, dull pain (See Boring, Drawing, Distress, Digging, Gnawing, Pressing, etc.), cramping, griping",پیٹ — درد، اینٹھن والا، مروڑتے ہوئے,262,230,ماخذی مطابق کیے
o961,"PAIN, cramping, griping, night, midnight","PAIN, aching, dull pain (See Boring, Drawing, Distress, Digging, Gnawing, Pressing, etc.), cramping, griping, night, midnight",پیٹ — درد، اینٹھن والا، مروڑتے ہوئے، رات، آدھی رات,6,5,ماخذی مطابق کیے
r2317,"PAIN, pressing, hypogastrium","PAIN, aching, dull pain (See Boring, Drawing, Distress, Digging, Gnawing, Pressing, etc.), pressing, Hypogastrium",پیٹ — درد، دبانے والا، ناف کے نیچے کے حصے میں,83,72,ماخذی مطابق کیے
r1751,"PAIN, cramping, griping, night","PAIN, aching, dull pain (See Boring, Drawing, Distress, Digging, Gnawing, Pressing, etc.), cramping, griping, night",پیٹ — درد، اینٹھن والا، مروڑتے ہوئے، رات,32,27,ماخذی مطابق کیے
r1937,"PAIN, cutting, hypochondria","PAIN, aching, dull pain (See Boring, Drawing, Distress, Digging, Gnawing, Pressing, etc.), cutting, Hypochondria",پیٹ — درد، کاٹتا ہوا، بغل کے نچلے حصے میں,44,38,ماخذی مطابق کیے
r1360,"PAIN, sides, coughing, on","PAIN, aching, dull pain (See Boring, Drawing, Distress, Digging, Gnawing, Pressing, etc.), Sides, coughing, on",پیٹ — درد، پہلوؤں میں، کھانسنے پر,6,8,ماخذی مطابق کیے
r1208,"PAIN, inguinal region, right","PAIN, aching, dull pain (See Boring, Drawing, Distress, Digging, Gnawing, Pressing, etc.), Inguinal region, right",پیٹ — درد، دائیں کچھوں کا علاقہ,27,23,ماخذی مطابق کیے
o2355,"PAIN, stitching, extending, downward","PAIN, aching, dull pain (See Boring, Drawing, Distress, Digging, Gnawing, Pressing, etc.), stitching (sticking, etc.), extending across, downward",پیٹ — درد، چبھتا ہوا، پھیلتا ہوا، نیچے کی طرف,11,11,ماخذی مطابق کیے
r2458,"PAIN, sore, hypochondria, left","PAIN, aching, dull pain (See Boring, Drawing, Distress, Digging, Gnawing, Pressing, etc.), sore, bruised, tenderness, etc., Hypochondria, left",پیٹ — درد، دکھتا، کچلا ہوا، بائیں بغل کے نچلے حصے میں,10,9,ماخذی مطابق کیے
r702,"PAIN, afternoon","PAIN, aching, dull pain (See Boring, Drawing, Distress, Digging, Gnawing, Pressing, etc.), afternoon",پیٹ — درد، سہ پہر,50,44,ماخذی مطابق کیے
r1806,"PAIN, cramping, griping, afternoon","PAIN, aching, dull pain (See Boring, Drawing, Distress, Digging, Gnawing, Pressing, etc.), cramping, griping, afternoon",پیٹ — درد، اینٹھن والا، مروڑتے ہوئے، سہ پہر,28,23,ماخذی مطابق کیے
r727,"PAIN, night","PAIN, aching, dull pain (See Boring, Drawing, Distress, Digging, Gnawing, Pressing, etc.), night",پیٹ — درد، رات,88,77,ماخذی مطابق کیے
r1000,"PAIN, hypochondria, right","PAIN, aching, dull pain (See Boring, Drawing, Distress, Digging, Gnawing, Pressing, etc.), Hypochondria, right",پیٹ — درد، دائیں بغل کے نچلے حصے میں,73,63,ماخذی مطابق کیے
r584,"INFLAMMATION, liver","INFLAMMATION (Peritonitis, Enteritis, etc.), Liver",پیٹ — سوزش، جگر,47,41,ماخذی مطابق کیے
o2288,"PAIN, sore, morning","PAIN, aching, dull pain (See Boring, Drawing, Distress, Digging, Gnawing, Pressing, etc.), sore, bruised, tenderness, etc., morning",پیٹ — درد، دکھتا، کچلا ہوا، صبح,11,10,ماخذی مطابق کیے
r2222,"PAIN, lancinating, inguinal region","PAIN, aching, dull pain (See Boring, Drawing, Distress, Digging, Gnawing, Pressing, etc.), lancinating, Inguinal region",پیٹ — درد، نشتر جیسا، کچھوں کا علاقہ,6,5,ماخذی مطابق کیے
r422,"FULLNESS, hypochondria","FULLNESS, sensation of, Hypochondria",پیٹ — بھراؤ، بغل کے نچلے حصے میں,31,25,ماخذی مطابق کیے
r2868,"PAIN, tearing, hypochondria","PAIN, aching, dull pain (See Boring, Drawing, Distress, Digging, Gnawing, Pressing, etc.), tearing, Hypochondria",پیٹ — درد، چیرتا ہوا، بغل کے نچلے حصے میں,17,14,ماخذی مطابق کیے
o1292,"PAIN, dragging, inguinal region","PAIN, aching, dull pain (See Boring, Drawing, Distress, Digging, Gnawing, Pressing, etc.), dragging, bearing down, Hypochondrium, right, Inguinal region",پیٹ — درد، نیچے کو کھینچنے والا، کچھوں کا علاقہ,39,35,ماخذی مطابق کیے
r399,"FULLNESS, afternoon","FULLNESS, sensation of, afternoon",پیٹ — بھراؤ، سہ پہر,5,4,ماخذی مطابق کیے
o1140,"PAIN, cutting, inguinal region","PAIN, aching, dull pain (See Boring, Drawing, Distress, Digging, Gnawing, Pressing, etc.), cutting, Ilium, morning, Inguinal region",پیٹ — درد، کاٹتا ہوا، کچھوں کا علاقہ,33,29,ماخذی مطابق کیے
r2155,"PAIN, drawing, inguinal region","PAIN, aching, dull pain (See Boring, Drawing, Distress, Digging, Gnawing, Pressing, etc.), drawing, Inguinal region",پیٹ — درد، کھینچتا ہوا، کچھوں کا علاقہ,44,36,ماخذی مطابق کیے
r2581,"PAIN, stitching, hypochondria","PAIN, aching, dull pain (See Boring, Drawing, Distress, Digging, Gnawing, Pressing, etc.), stitching (sticking, etc.), Hypochondria",پیٹ — درد، چبھتا ہوا، بغل کے نچلے حصے میں,133,113,ماخذی مطابق کیے
r2135,"PAIN, drawing, hypochondria","PAIN, aching, dull pain (See Boring, Drawing, Distress, Digging, Gnawing, Pressing, etc.), drawing, Hypochondria",پیٹ — درد، کھینچتا ہوا، بغل کے نچلے حصے میں,32,26,ماخذی مطابق کیے
r2672,"PAIN, stitching, iliac region","PAIN, aching, dull pain (See Boring, Drawing, Distress, Digging, Gnawing, Pressing, etc.), stitching (sticking, etc.), Iliac region",پیٹ — درد، چبھتا ہوا، کولھے کی طرف,19,16,ماخذی مطابق کیے
r860,"PAIN, periodical","PAIN, aching, dull pain (See Boring, Drawing, Distress, Digging, Gnawing, Pressing, etc.), periodical",پیٹ — درد، وقفے وقفے سے,19,16,ماخذی مطابق کیے
r2005,"PAIN, cutting, sides","PAIN, aching, dull pain (See Boring, Drawing, Distress, Digging, Gnawing, Pressing, etc.), cutting, liver, sides",پیٹ — درد، کاٹتا ہوا، پہلوؤں میں,25,21,ماخذی مطابق کیے
o969,"PAIN, cramping, griping, sides","PAIN, aching, dull pain (See Boring, Drawing, Distress, Digging, Gnawing, Pressing, etc.), cramping, griping, Sides",پیٹ — درد، اینٹھن والا، مروڑتے ہوئے، پہلوؤں میں,45,35,ماخذی مطابق کیے
r2502,"PAIN, sore, sides","PAIN, aching, dull pain (See Boring, Drawing, Distress, Digging, Gnawing, Pressing, etc.), sore, bruised, tenderness, etc., Sides",پیٹ — درد، دکھتا، کچلا ہوا، پہلوؤں میں,16,14,ماخذی مطابق کیے
r2689,"PAIN, stitching, inguinal region","PAIN, aching, dull pain (See Boring, Drawing, Distress, Digging, Gnawing, Pressing, etc.), stitching (sticking, etc.), Inguinal region",پیٹ — درد، چبھتا ہوا، کچھوں کا علاقہ,88,73,ماخذی مطابق کیے
r2279,"PAIN, pressing, hypochondria","PAIN, aching, dull pain (See Boring, Drawing, Distress, Digging, Gnawing, Pressing, etc.), pressing, Hypochondria",پیٹ — درد، دبانے والا، بغل کے نچلے حصے میں,77,61,ماخذی مطابق کیے
r1011,"PAIN, hypochondria, left","PAIN, aching, dull pain (See Boring, Drawing, Distress, Digging, Gnawing, Pressing, etc.), Hypochondria, left",پیٹ — درد، بائیں بغل کے نچلے حصے میں,24,19,ماخذی مطابق کیے
r1211,"PAIN, inguinal region, left","PAIN, aching, dull pain (See Boring, Drawing, Distress, Digging, Gnawing, Pressing, etc.), Inguinal region, left",پیٹ — درد، بائیں کچھوں کا علاقہ,24,19,ماخذی مطابق کیے
r1454,"PAIN, umbilicus, region of","PAIN, aching, dull pain (See Boring, Drawing, Distress, Digging, Gnawing, Pressing, etc.), Umbilicus, region of",پیٹ — درد، ناف کا علاقہ,134,105,ماخذی مطابق کیے
r1953,"PAIN, cutting, hypogastrium","PAIN, aching, dull pain (See Boring, Drawing, Distress, Digging, Gnawing, Pressing, etc.), cutting, Hypogastrium",پیٹ — درد، کاٹتا ہوا، ناف کے نیچے کے حصے میں,50,39,ماخذی مطابق کیے
r1351,"PAIN, sides, morning","PAIN, aching, dull pain (See Boring, Drawing, Distress, Digging, Gnawing, Pressing, etc.), Sides, morning",پیٹ — درد، پہلوؤں میں، صبح,4,6,ماخذی مطابق کیے
r1355,"PAIN, sides, evening","PAIN, aching, dull pain (See Boring, Drawing, Distress, Digging, Gnawing, Pressing, etc.), Sides, evening",پیٹ — درد، پہلوؤں میں، شام,4,6,ماخذی مطابق کیے
r679,"PAIN, morning","PAIN, aching, dull pain (See Boring, Drawing, Distress, Digging, Gnawing, Pressing, etc.), morning",پیٹ — درد، صبح,83,67,ماخذی مطابق کیے
r1287,"PAIN, liver","PAIN, aching, dull pain (See Boring, Drawing, Distress, Digging, Gnawing, Pressing, etc.), Liver",پیٹ — درد، جگر,129,104,ماخذی مطابق کیے
r1579,"PAIN, burning, sides, flank in","PAIN, aching, dull pain (See Boring, Drawing, Distress, Digging, Gnawing, Pressing, etc.), burning, Sides, flank in",پیٹ — درد، جلتا ہوا، پہلوؤں میں، پہلو کے اندر,4,3,ماخذی مطابق کیے
r2318,"PAIN, pressing, hypogastrium, morning","PAIN, aching, dull pain (See Boring, Drawing, Distress, Digging, Gnawing, Pressing, etc.), pressing, Hypogastrium, morning",پیٹ — درد، دبانے والا، ناف کے نیچے کے حصے میں، صبح,4,3,ماخذی مطابق کیے
r2384,"PAIN, pressing, sides, drawing","PAIN, aching, dull pain (See Boring, Drawing, Distress, Digging, Gnawing, Pressing, etc.), pressing, Sides, drawing",پیٹ — درد، دبانے والا، پہلوؤں میں، کھینچنے سے,4,3,ماخذی مطابق کیے
r2832,"PAIN, stitching, umbilicus, region of","PAIN, aching, dull pain (See Boring, Drawing, Distress, Digging, Gnawing, Pressing, etc.), stitching (sticking, etc.), Umbilicus, region of",پیٹ — درد، چبھتا ہوا، ناف کا علاقہ,32,25,ماخذی مطابق کیے
r1549,"PAIN, burning, hypogastrium","PAIN, aching, dull pain (See Boring, Drawing, Distress, Digging, Gnawing, Pressing, etc.), burning, Hypogastrium",پیٹ — درد، جلتا ہوا، ناف کے نیچے کے حصے میں,26,20,ماخذی مطابق کیے
r2682,"PAIN, stitching, ilium, crest of","PAIN, aching, dull pain (See Boring, Drawing, Distress, Digging, Gnawing, Pressing, etc.), stitching (sticking, etc.), Ilium, crest of",پیٹ — درد، چبھتا ہوا، کولھے کی ہڈی کا کنارہ,18,14,ماخذی مطابق کیے
r1590,"PAIN, burrowing","PAIN, aching, dull pain (See Boring, Drawing, Distress, Digging, Gnawing, Pressing, etc.), burrowing",پیٹ — درد، برما سا,10,8,ماخذی مطابق کیے
r867,"PAIN, radiating","PAIN, aching, dull pain (See Boring, Drawing, Distress, Digging, Gnawing, Pressing, etc.), radiating",پیٹ — درد، شعاعوں کی طرح پھیلتا ہوا,5,4,ماخذی مطابق کیے
r2210,"PAIN, lancinating, hypochondria","PAIN, aching, dull pain (See Boring, Drawing, Distress, Digging, Gnawing, Pressing, etc.), lancinating, Hypochondria",پیٹ — درد، نشتر جیسا، بغل کے نچلے حصے میں,17,13,ماخذی مطابق کیے
r1835,"PAIN, cutting","PAIN, aching, dull pain (See Boring, Drawing, Distress, Digging, Gnawing, Pressing, etc.), cutting",پیٹ — درد، کاٹتا ہوا,221,176,ماخذی مطابق کیے
o888,"PAIN, cramping, griping, hypogastrium","PAIN, aching, dull pain (See Boring, Drawing, Distress, Digging, Gnawing, Pressing, etc.), cramping, griping, Hypogastrium",پیٹ — درد، اینٹھن والا، مروڑتے ہوئے، ناف کے نیچے کے حصے میں,46,34,ماخذی مطابق کیے
r1853,"PAIN, cutting, night","PAIN, aching, dull pain (See Boring, Drawing, Distress, Digging, Gnawing, Pressing, etc.), cutting, night",پیٹ — درد، کاٹتا ہوا، رات,25,19,ماخذی مطابق کیے
r2192,"PAIN, gnawing","PAIN, aching, dull pain (See Boring, Drawing, Distress, Digging, Gnawing, Pressing, etc.), gnawing",پیٹ — درد، کترتا ہوا,24,19,ماخذی مطابق کیے
o913,"PAIN, cramping, griping, inguinal region","PAIN, aching, dull pain (See Boring, Drawing, Distress, Digging, Gnawing, Pressing, etc.), cramping, griping, Inguinal region",پیٹ — درد، اینٹھن والا، مروڑتے ہوئے، کچھوں کا علاقہ,30,22,ماخذی مطابق کیے
r1220,"PAIN, inguinal region, evening","PAIN, aching, dull pain (See Boring, Drawing, Distress, Digging, Gnawing, Pressing, etc.), Inguinal region, evening",پیٹ — درد، کچھوں کا علاقہ، شام,4,3,ماخذی مطابق کیے
r1605,"PAIN, clawing, hypochondrium","PAIN, aching, dull pain (See Boring, Drawing, Distress, Digging, Gnawing, Pressing, etc.), clawing, Hypochondrium",پیٹ — درد، نوچنے والا، بغل کے نچلے حصے میں,4,3,ماخذی مطابق کیے
r2233,"PAIN, pressing, morning","PAIN, aching, dull pain (See Boring, Drawing, Distress, Digging, Gnawing, Pressing, etc.), pressing, morning",پیٹ — درد، دبانے والا، صبح,4,3,ماخذی مطابق کیے
r734,"PAIN, night, 2 a.m.","PAIN, aching, dull pain (See Boring, Drawing, Distress, Digging, Gnawing, Pressing, etc.), night, 2 a.m.",پیٹ — درد، رات 2 بجے,4,3,ماخذی مطابق کیے
r996,"PAIN, hip, region of","PAIN, aching, dull pain (See Boring, Drawing, Distress, Digging, Gnawing, Pressing, etc.), Hip, region of",پیٹ — درد، کولھے کا علاقہ,8,6,ماخذی مطابق کیے
r2460,"PAIN, sore, hypochondria, morning","PAIN, aching, dull pain (See Boring, Drawing, Distress, Digging, Gnawing, Pressing, etc.), sore, bruised, tenderness, etc., Hypochondria, morning",پیٹ — درد، دکھتا، کچلا ہوا، بغل کے نچلے حصے میں، صبح,5,4,ماخذی مطابق کیے
r1558,"PAIN, burning, inguinal region","PAIN, aching, dull pain (See Boring, Drawing, Distress, Digging, Gnawing, Pressing, etc.), burning, Inguinal region",پیٹ — درد، جلتا ہوا، کچھوں کا علاقہ,31,23,ماخذی مطابق کیے
r2759,"PAIN, stitching, sides","PAIN, aching, dull pain (See Boring, Drawing, Distress, Digging, Gnawing, Pressing, etc.), stitching (sticking, etc.), Sides",پیٹ — درد، چبھتا ہوا، پہلوؤں میں,93,71,ماخذی مطابق کیے
r1027,"PAIN, hypochondria, night","PAIN, aching, dull pain (See Boring, Drawing, Distress, Digging, Gnawing, Pressing, etc.), Hypochondria, night",پیٹ — درد، بغل کے نچلے حصے میں، رات,11,8,ماخذی مطابق کیے
r2462,"PAIN, sore, afternoon","PAIN, aching, dull pain (See Boring, Drawing, Distress, Digging, Gnawing, Pressing, etc.), sore, bruised, tenderness, etc., afternoon",پیٹ — درد، دکھتا، کچلا ہوا، سہ پہر,5,4,ماخذی مطابق کیے
r1387,"PAIN, spleen","PAIN, aching, dull pain (See Boring, Drawing, Distress, Digging, Gnawing, Pressing, etc.), Sides, Spleen",پیٹ — درد، تلی,71,56,ماخذی مطابق کیے
r1503,"PAIN, burning","PAIN, aching, dull pain (See Boring, Drawing, Distress, Digging, Gnawing, Pressing, etc.), burning",پیٹ — درد، جلتا ہوا,166,125,ماخذی مطابق کیے
r2517,"PAIN, stitching, evening","PAIN, aching, dull pain (See Boring, Drawing, Distress, Digging, Gnawing, Pressing, etc.), stitching (sticking, etc.), evening",پیٹ — درد، چبھتا ہوا، شام,4,3,ماخذی مطابق کیے
r691,"PAIN, forenoon","PAIN, aching, dull pain (See Boring, Drawing, Distress, Digging, Gnawing, Pressing, etc.), forenoon",پیٹ — درد، دوپہر سے پہلے,32,24,ماخذی مطابق کیے
o1001,"PAIN, cramping, griping, umbilicus, region of, afternoon","PAIN, aching, dull pain (See Boring, Drawing, Distress, Digging, Gnawing, Pressing, etc.), cramping, griping, Umbilicus, region of, afternoon",پیٹ — درد، اینٹھن والا، مروڑتے ہوئے، ناف کا علاقہ، سہ پہر,6,4,ماخذی مطابق کیے
r1377,"PAIN, sides, walking, while","PAIN, aching, dull pain (See Boring, Drawing, Distress, Digging, Gnawing, Pressing, etc.), Sides, walking, while",پیٹ — درد، پہلوؤں میں، چلتے ہوئے,7,13,ماخذی مطابق کیے
o2004,"PAIN, pressing, hypochondria, extending, outward","PAIN, aching, dull pain (See Boring, Drawing, Distress, Digging, Gnawing, Pressing, etc.), pressing, Hypochondria, extending to abdomen, outward",پیٹ — درد، دبانے والا، بغل کے نچلے حصے میں، پھیلتا ہوا، باہر کی طرف,3,2,ماخذی مطابق کیے
r1469,"PAIN, umbilicus, region of, night, midnight","PAIN, aching, dull pain (See Boring, Drawing, Distress, Digging, Gnawing, Pressing, etc.), Umbilicus, region of, night, midnight",پیٹ — درد، ناف کا علاقہ، رات، آدھی رات,3,2,ماخذی مطابق کیے
r2876,"PAIN, tearing, hypogastrium","PAIN, aching, dull pain (See Boring, Drawing, Distress, Digging, Gnawing, Pressing, etc.), tearing, Hypogastrium",پیٹ — درد، چیرتا ہوا، ناف کے نیچے کے حصے میں,10,7,ماخذی مطابق کیے
r2914,"PAIN, twinging","PAIN, aching, dull pain (See Boring, Drawing, Distress, Digging, Gnawing, Pressing, etc.), twinging",پیٹ — درد، ہلکا اینٹھن والا,15,11,ماخذی مطابق کیے
r1344,"PAIN, sides","PAIN, aching, dull pain (See Boring, Drawing, Distress, Digging, Gnawing, Pressing, etc.), Sides",پیٹ — درد، پہلو,87,63,ماخذی مطابق کیے
r1538,"PAIN, burning, hypochondria, afternoon","PAIN, aching, dull pain (See Boring, Drawing, Distress, Digging, Gnawing, Pressing, etc.), burning, Hypochondria, afternoon",پیٹ — درد، جلتا ہوا، بغل کے نچلے حصے میں، سہ پہر,3,2,ماخذی مطابق کیے
r999,"PAIN, hypochondria","PAIN, aching, dull pain (See Boring, Drawing, Distress, Digging, Gnawing, Pressing, etc.), Hypochondria",پیٹ — درد، بغل کے نچلے حصے میں,169,122,ماخذی مطابق کیے
r2490,"PAIN, sore, inguinal region","PAIN, aching, dull pain (See Boring, Drawing, Distress, Digging, Gnawing, Pressing, etc.), sore, bruised, tenderness, etc., Inguinal region",پیٹ — درد، دکھتا، کچلا ہوا، کچھوں کا علاقہ,46,35,ماخذی مطابق کیے
r1146,"PAIN, hypogastrium, walking","PAIN, aching, dull pain (See Boring, Drawing, Distress, Digging, Gnawing, Pressing, etc.), Hypogastrium, walking",پیٹ — درد، ناف کے نیچے کے حصے میں، چلنے سے,6,4,ماخذی مطابق کیے
r1288,"PAIN, liver, morning","PAIN, aching, dull pain (See Boring, Drawing, Distress, Digging, Gnawing, Pressing, etc.), Liver, morning",پیٹ — درد، جگر، صبح,3,2,ماخذی مطابق کیے
r1843,"PAIN, cutting, noon","PAIN, aching, dull pain (See Boring, Drawing, Distress, Digging, Gnawing, Pressing, etc.), cutting, noon",پیٹ — درد، کاٹتا ہوا، دوپہر,3,2,ماخذی مطابق کیے
r2236,"PAIN, pressing, afternoon","PAIN, aching, dull pain (See Boring, Drawing, Distress, Digging, Gnawing, Pressing, etc.), pressing, afternoon",پیٹ — درد، دبانے والا، سہ پہر,3,2,ماخذی مطابق کیے
r2454,"PAIN, sore, hypochondria","PAIN, aching, dull pain (See Boring, Drawing, Distress, Digging, Gnawing, Pressing, etc.), sore, bruised, tenderness, etc., Hypochondria",پیٹ — درد، دکھتا، کچلا ہوا، بغل کے نچلے حصے میں,85,63,ماخذی مطابق کیے
r1103,"PAIN, hypogastrium","PAIN, aching, dull pain (See Boring, Drawing, Distress, Digging, Gnawing, Pressing, etc.), Hypogastrium",پیٹ — درد، ناف کے نیچے کے حصے میں,143,100,ماخذی مطابق کیے
o1011,"PAIN, cramping, griping, umbilicus, region of, evening","PAIN, aching, dull pain (See Boring, Drawing, Distress, Digging, Gnawing, Pressing, etc.), cramping, griping, Umbilicus, region of, evening",پیٹ — درد، اینٹھن والا، مروڑتے ہوئے، ناف کا علاقہ، شام,5,3,ماخذی مطابق کیے
r2920,"PAIN, twisting","PAIN, aching, dull pain (See Boring, Drawing, Distress, Digging, Gnawing, Pressing, etc.), twisting",پیٹ — درد، مروڑ کے ساتھ,53,36,ماخذی مطابق کیے
r1207,"PAIN, inguinal region","PAIN, aching, dull pain (See Boring, Drawing, Distress, Digging, Gnawing, Pressing, etc.), Inguinal region",پیٹ — درد، کچھوں کا علاقہ,146,99,ماخذی مطابق کیے
r2355,"PAIN, pressing, inguinal region","PAIN, aching, dull pain (See Boring, Drawing, Distress, Digging, Gnawing, Pressing, etc.), pressing, Inguinal region",پیٹ — درد، دبانے والا، کچھوں کا علاقہ,42,27,ماخذی مطابق کیے
r1163,"PAIN, iliac region","PAIN, aching, dull pain (See Boring, Drawing, Distress, Digging, Gnawing, Pressing, etc.), Iliac region",پیٹ — درد، کولھے کی طرف,46,31,ماخذی مطابق کیے
r1530,"PAIN, burning, hypochondria","PAIN, aching, dull pain (See Boring, Drawing, Distress, Digging, Gnawing, Pressing, etc.), burning, Hypochondria",پیٹ — درد، جلتا ہوا، بغل کے نچلے حصے میں,61,39,ماخذی مطابق کیے
o93,"CONSTRICTION, extending to, chest","CONSTRICTION, extending to bladder, chest",پیٹ — جکڑن، پھیلتی ہوئی، سینے تک,2,1,ماخذی مطابق کیے
r1597,"PAIN, bursting","PAIN, aching, dull pain (See Boring, Drawing, Distress, Digging, Gnawing, Pressing, etc.), bursting",پیٹ — درد، پھٹنے جیسا,12,8,ماخذی مطابق کیے
r2053,"PAIN, dragging, morning","PAIN, aching, dull pain (See Boring, Drawing, Distress, Digging, Gnawing, Pressing, etc.), dragging, bearing down, morning",پیٹ — درد، نیچے کو کھینچنے والا، صبح,3,2,ماخذی مطابق کیے
r2076,"PAIN, dragging, stool, after","PAIN, aching, dull pain (See Boring, Drawing, Distress, Digging, Gnawing, Pressing, etc.), dragging, bearing down, stool, before, after",پیٹ — درد، نیچے کو کھینچنے والا، پاخانے کے بعد,3,2,ماخذی مطابق کیے
r2107,"PAIN, drawing","PAIN, aching, dull pain (See Boring, Drawing, Distress, Digging, Gnawing, Pressing, etc.), drawing",پیٹ — درد، کھینچتا ہوا,144,96,ماخذی مطابق کیے
r8,ANXIETY in,ANXIETY in,پیٹ — بے چینی,42,20,ماخذی مطابق کیے
r1969,"PAIN, cutting, iliac region","PAIN, aching, dull pain (See Boring, Drawing, Distress, Digging, Gnawing, Pressing, etc.), cutting, Iliac region",پیٹ — درد، کاٹتا ہوا، کولھے کی طرف,5,3,ماخذی مطابق کیے
r2838,"PAIN, tearing","PAIN, aching, dull pain (See Boring, Drawing, Distress, Digging, Gnawing, Pressing, etc.), tearing",پیٹ — درد، چیرتا ہوا,94,59,ماخذی مطابق کیے
r2696,"PAIN, stitching, inguinal region, afternoon","PAIN, aching, dull pain (See Boring, Drawing, Distress, Digging, Gnawing, Pressing, etc.), stitching (sticking, etc.), Inguinal region, afternoon",پیٹ — درد، چبھتا ہوا، کچھوں کا علاقہ، سہ پہر,5,3,ماخذی مطابق کیے
r2377,"PAIN, pressing, sides","PAIN, aching, dull pain (See Boring, Drawing, Distress, Digging, Gnawing, Pressing, etc.), pressing, Sides",پیٹ — درد، دبانے والا، پہلوؤں میں,51,30,ماخذی مطابق کیے
r3227,"TENSION, umbilicus","TENSION, Umbilicus",پیٹ — تناؤ، ناف میں,9,4,ماخذی مطابق کیے
r294,ERUPTIONS,ERUPTIONS,پیٹ — دانے,42,18,ماخذی مطابق کیے
r337,FAT,FAT,پیٹ — چربی,7,3,ماخذی مطابق کیے
r1356,"PAIN, sides, night","PAIN, aching, dull pain (See Boring, Drawing, Distress, Digging, Gnawing, Pressing, etc.), Sides, night",پیٹ — درد، پہلوؤں میں، رات,3,3,ماخذی مطابق کیے
r1571,"PAIN, burning, sides","PAIN, aching, dull pain (See Boring, Drawing, Distress, Digging, Gnawing, Pressing, etc.), burning, Sides",پیٹ — درد، جلتا ہوا، پہلوؤں میں,20,11,ماخذی مطابق کیے
r2086,"PAIN, dragging, hypochondrium, right","PAIN, aching, dull pain (See Boring, Drawing, Distress, Digging, Gnawing, Pressing, etc.), dragging, bearing down, Hypochondrium, right",پیٹ — درد، نیچے کو کھینچنے والا، دائیں بغل کے نچلے حصے میں,9,5,ماخذی مطابق کیے
o2132,"PAIN, pressing, umbilicus, region of, afternoon","PAIN, aching, dull pain (See Boring, Drawing, Distress, Digging, Gnawing, Pressing, etc.), pressing, Umbilicus, region of, afternoon",پیٹ — درد، دبانے والا، ناف کا علاقہ، سہ پہر,2,1,ماخذی مطابق کیے
o898,"PAIN, cramping, griping, hypogastrium, night","PAIN, aching, dull pain (See Boring, Drawing, Distress, Digging, Gnawing, Pressing, etc.), cramping, griping, Hypogastrium, night",پیٹ — درد، اینٹھن والا، مروڑتے ہوئے، ناف کے نیچے کے حصے میں، رات,2,1,ماخذی مطابق کیے
r2813,"PAIN, stitching, umbilicus","PAIN, aching, dull pain (See Boring, Drawing, Distress, Digging, Gnawing, Pressing, etc.), stitching (sticking, etc.), Umbilicus",پیٹ — درد، چبھتا ہوا، ناف میں,63,35,ماخذی مطابق کیے
o1761,"PAIN, inguinal region, extending, pelvis","PAIN, aching, dull pain (See Boring, Drawing, Distress, Digging, Gnawing, Pressing, etc.), Inguinal region, extending to axilla (left), pelvis",پیٹ — درد، کچھوں کا علاقہ، پھیلتا ہوا، کولھے کے جوڑ تک,2,1,ماخذی مطابق کیے
r1461,"PAIN, umbilicus, region of, afternoon","PAIN, aching, dull pain (See Boring, Drawing, Distress, Digging, Gnawing, Pressing, etc.), Umbilicus, region of, afternoon",پیٹ — درد، ناف کا علاقہ، سہ پہر,12,6,ماخذی مطابق کیے
r2287,"PAIN, pressing, hypochondria, night","PAIN, aching, dull pain (See Boring, Drawing, Distress, Digging, Gnawing, Pressing, etc.), pressing, Hypochondria, night",پیٹ — درد، دبانے والا، بغل کے نچلے حصے میں، رات,2,1,ماخذی مطابق کیے
r2324,"PAIN, pressing, hypogastrium, night","PAIN, aching, dull pain (See Boring, Drawing, Distress, Digging, Gnawing, Pressing, etc.), pressing, Hypogastrium, night",پیٹ — درد، دبانے والا، ناف کے نیچے کے حصے میں، رات,2,1,ماخذی مطابق کیے
r397,"FULLNESS, forenoon","FULLNESS, sensation of, forenoon",پیٹ — بھراؤ، دوپہر سے پہلے,2,1,ماخذی مطابق کیے
r1603,"PAIN, clawing","PAIN, aching, dull pain (See Boring, Drawing, Distress, Digging, Gnawing, Pressing, etc.), clawing",پیٹ — درد، نوچنے والا (پنجے جیسا),20,11,ماخذی مطابق کیے
r1023,"PAIN, hypochondria, afternoon","PAIN, aching, dull pain (See Boring, Drawing, Distress, Digging, Gnawing, Pressing, etc.), Hypochondria, afternoon",پیٹ — درد، بغل کے نچلے حصے میں، سہ پہر,6,3,ماخذی مطابق کیے
r2225,"PAIN, lancinating, sides","PAIN, aching, dull pain (See Boring, Drawing, Distress, Digging, Gnawing, Pressing, etc.), lancinating, Sides",پیٹ — درد، نشتر جیسا، پہلوؤں میں,2,1,ماخذی مطابق کیے
r968,"PAIN, extending, mammae","PAIN, aching, dull pain (See Boring, Drawing, Distress, Digging, Gnawing, Pressing, etc.), extending across, mammæ",پیٹ — درد، پھیلتا ہوا، چھاتیوں تک,2,1,ماخذی مطابق کیے
r572,"HERNIA, inguinal, inflammation","HERNIA, femoral, Inguinal, inflammation",پیٹ — ہرنیا، کچھوں میں، سوزش کے ساتھ,9,4,ماخذی مطابق کیے
r2508,"PAIN, sore, umbilicus","PAIN, aching, dull pain (See Boring, Drawing, Distress, Digging, Gnawing, Pressing, etc.), sore, bruised, tenderness, etc., Umbilicus",پیٹ — درد، دکھتا، کچلا ہوا، ناف میں,39,22,ماخذی مطابق کیے
r2232,"PAIN, pressing","PAIN, aching, dull pain (See Boring, Drawing, Distress, Digging, Gnawing, Pressing, etc.), pressing",پیٹ — درد، دبانے والا,179,92,ماخذی مطابق کیے
r186,"DISTENSION, noon","DISTENSION, noon",پیٹ — پھیلاؤ، دوپہر,3,1,ماخذی مطابق کیے
r3107,"SHOCKS, hypogastrium","SHOCKS, Hypogastrium",پیٹ — جھٹکے، ناف کے نیچے کے حصے میں,3,1,ماخذی مطابق کیے
r2206,"PAIN, lancinating","PAIN, aching, dull pain (See Boring, Drawing, Distress, Digging, Gnawing, Pressing, etc.), lancinating",پیٹ — درد، نشتر جیسا,40,19,ماخذی مطابق کیے
r2725,"PAIN, stitching, inguinal region, walking","PAIN, aching, dull pain (See Boring, Drawing, Distress, Digging, Gnawing, Pressing, etc.), stitching (sticking, etc.), Inguinal region, walking",پیٹ — درد، چبھتا ہوا، کچھوں کا علاقہ، چلنے سے,7,3,ماخذی مطابق کیے
r1401,"PAIN, umbilicus","PAIN, aching, dull pain (See Boring, Drawing, Distress, Digging, Gnawing, Pressing, etc.), Umbilicus",پیٹ — درد، ناف,162,72,ماخذی مطابق کیے
o1,ABSCESS,ABSCESS in walls,پیٹ — پھوڑا,15,4,ماخذی مطابق کیے
r2906,"PAIN, tearing, umbilicus","PAIN, aching, dull pain (See Boring, Drawing, Distress, Digging, Gnawing, Pressing, etc.), tearing, Umbilicus",پیٹ — درد، چیرتا ہوا، ناف میں,18,7,ماخذی مطابق کیے
r260,"EMPTINESS, noon","EMPTINESS, noon",پیٹ — خالی پن، دوپہر,4,1,ماخذی مطابق کیے
o907,"PAIN, cramping, griping, hypogastrium, walking","PAIN, aching, dull pain (See Boring, Drawing, Distress, Digging, Gnawing, Pressing, etc.), cramping, griping, Hypogastrium, walking",پیٹ — درد، اینٹھن والا، مروڑتے ہوئے، ناف کے نیچے کے حصے میں، چلنے سے,3,1,ماخذی مطابق کیے
r2019,"PAIN, cutting, umbilicus, region of, forenoon","PAIN, aching, dull pain (See Boring, Drawing, Distress, Digging, Gnawing, Pressing, etc.), cutting, Umbilicus, region of, forenoon",پیٹ — درد، کاٹتا ہوا، ناف کا علاقہ، دوپہر سے پہلے,3,1,ماخذی مطابق کیے
r282,ENLARGED,ENLARGED,پیٹ — بڑھا ہوا,85,17,ماخذی مطابق کیے
r1161,"PAIN, ilio-caecal region","PAIN, aching, dull pain (See Boring, Drawing, Distress, Digging, Gnawing, Pressing, etc.), Ilio-cæcal region",پیٹ — درد، کولھے اور اندھی آنت کا علاقہ,1,22,ماخذی مطابق کیے
r833,"PAIN, lying, on side","PAIN, aching, dull pain (See Boring, Drawing, Distress, Digging, Gnawing, Pressing, etc.), lying, while, on side",پیٹ — درد، کروٹ لیٹنے سے,14,5,ماخذی مطابق کیے
r2484,"PAIN, sore, ilio-caecal region","PAIN, aching, dull pain (See Boring, Drawing, Distress, Digging, Gnawing, Pressing, etc.), sore, bruised, tenderness, etc., Ilio-cæcal region",پیٹ — درد، دکھتا، کچلا ہوا، کولھے اور اندھی آنت کا علاقہ,1,21,ماخذی مطابق کیے
o1451,"PAIN, extending, back","PAIN, aching, dull pain (See Boring, Drawing, Distress, Digging, Gnawing, Pressing, etc.), extending across, back",پیٹ — درد، پھیلتا ہوا، پیٹھ تک,21,6,ماخذی مطابق کیے
r2179,"PAIN, drawing, sides","PAIN, aching, dull pain (See Boring, Drawing, Distress, Digging, Gnawing, Pressing, etc.), drawing, Sides",پیٹ — درد، کھینچتا ہوا، پہلوؤں میں,32,9,ماخذی مطابق کیے
r3246,"TWITCHING and jerking, stool, during","TWITCHING and jerking, stool, during",پیٹ — پھڑکن اور جھٹکے، پاخانے کے دوران,7,1,ماخذی مطابق کیے
r176,"DISCOLORATION, redness","DISCOLORATION, blackness, redness",پیٹ — رنگت بدلنا، سرخی,12,3,ماخذی مطابق کیے
o64389,"PAIN, dragging, night","PAIN, aching, dull pain (See Boring, Drawing, Distress, Digging, Gnawing, Pressing, etc.), dragging, bearing down, Hypochondrium, right, night",پیٹ — درد، نیچے کو کھینچنے والا، رات,3,1,ماخذی مطابق کیے
r3137,"SWELLING, inguinal region","SWELLING, mesenteric glands, Inguinal region",پیٹ — سوجن، کچھوں کا علاقہ,74,16,ماخذی مطابق کیے
r301,"ERUPTIONS, herpes","ERUPTIONS, herpes",پیٹ — دانے، ہرپیز,10,1,ماخذی مطابق کیے
r2008,"PAIN, cutting, umbilicus","PAIN, aching, dull pain (See Boring, Drawing, Distress, Digging, Gnawing, Pressing, etc.), cutting, Umbilicus",پیٹ — درد، کاٹتا ہوا، ناف میں,92,21,ماخذی مطابق کیے
o64408,"PAIN, hypochondria, bending body","PAIN, aching, dull pain (See Boring, Drawing, Distress, Digging, Gnawing, Pressing, etc.), Hypochondria, bending body forward",پیٹ — درد، بغل کے نچلے حصے میں، جسم جھکانے سے,5,1,ماخذی مطابق کیے
r949,"PAIN, extending","PAIN, aching, dull pain (See Boring, Drawing, Distress, Digging, Gnawing, Pressing, etc.), extending across",پیٹ — درد، پھیلتا ہوا,108,24,ماخذی مطابق کیے
r758,"PAIN, bending double","PAIN, aching, dull pain (See Boring, Drawing, Distress, Digging, Gnawing, Pressing, etc.), bending double",پیٹ — درد، دہرا ہونا,41,8,ماخذی مطابق کیے
r1582,"PAIN, burning, umbilicus","PAIN, aching, dull pain (See Boring, Drawing, Distress, Digging, Gnawing, Pressing, etc.), burning, Umbilicus",پیٹ — درد، جلتا ہوا، ناف میں,42,5,ماخذی مطابق کیے
r178,"DISCOLORATION, yellow","DISCOLORATION, blackness, yellow",پیٹ — رنگت بدلنا، زردی,12,1,ماخذی مطابق کیے
r1278,"PAIN, inguinal region, extending","PAIN, aching, dull pain (See Boring, Drawing, Distress, Digging, Gnawing, Pressing, etc.), Inguinal region, extending to axilla (left)",پیٹ — درد، کچھوں کا علاقہ، پھیلتا ہوا,34,1,ماخذی مطابق کیے
o64375,"PAIN, cutting, stool","PAIN, aching, dull pain (See Boring, Drawing, Distress, Digging, Gnawing, Pressing, etc.), cutting, liver, stool amel.",پیٹ — درد، کاٹتا ہوا، پاخانہ,88,1,ماخذی مطابق کیے
o858,"PAIN, cramping, griping, eating, after agg.","PAIN, aching, dull pain (See Boring, Drawing, Distress, Digging, Gnawing, Pressing, etc.), cramping, griping, eating, while, after",پیٹ — درد، اینٹھن والا، مروڑتے ہوئے، کھانے کے بعد بگاڑ,25,25,یکساں
o956,"PAIN, cramping, griping, motion, on agg.","PAIN, aching, dull pain (See Boring, Drawing, Distress, Digging, Gnawing, Pressing, etc.), cramping, griping, motion, on",پیٹ — درد، اینٹھن والا، مروڑتے ہوئے، حرکت پر بگاڑ,13,13,یکساں
o991,"PAIN, cramping, griping, stool, after agg.","PAIN, aching, dull pain (See Boring, Drawing, Distress, Digging, Gnawing, Pressing, etc.), cramping, griping, stool, before, after",پیٹ — درد، اینٹھن والا، مروڑتے ہوئے، پاخانے کے بعد بگاڑ,25,25,یکساں
o1048,"PAIN, cramping, griping, walking, while agg.","PAIN, aching, dull pain (See Boring, Drawing, Distress, Digging, Gnawing, Pressing, etc.), cramping, griping, walking, while",پیٹ — درد، اینٹھن والا، مروڑتے ہوئے، چلتے ہوئے بگاڑ,11,11,یکساں
o1173,"PAIN, cutting, motion, on agg.","PAIN, aching, dull pain (See Boring, Drawing, Distress, Digging, Gnawing, Pressing, etc.), cutting, motion, on",پیٹ — درد، کاٹتا ہوا، حرکت پر بگاڑ,8,8,یکساں
o1208,"PAIN, cutting, stool, after agg.","PAIN, aching, dull pain (See Boring, Drawing, Distress, Digging, Gnawing, Pressing, etc.), cutting, stool, before, after",پیٹ — درد، کاٹتا ہوا، پاخانے کے بعد بگاڑ,14,14,یکساں
o1419,"PAIN, eating, after agg.","PAIN, aching, dull pain (See Boring, Drawing, Distress, Digging, Gnawing, Pressing, etc.), eating, while, after",پیٹ — درد، کھانے کے بعد بگاڑ,83,83,یکساں
o1442,"PAIN, exercise, from agg.","PAIN, aching, dull pain (See Boring, Drawing, Distress, Digging, Gnawing, Pressing, etc.), exercise, from",پیٹ — درد، ورزش سے بگاڑ,16,16,یکساں
o1632,"PAIN, hypochondria, walking, while agg.","PAIN, aching, dull pain (See Boring, Drawing, Distress, Digging, Gnawing, Pressing, etc.), Hypochondria, walking, while",پیٹ — درد، بغل کے نچلے حصے میں، چلتے ہوئے بگاڑ,15,15,یکساں
o1817,"PAIN, inguinal region, walking, while agg.","PAIN, aching, dull pain (See Boring, Drawing, Distress, Digging, Gnawing, Pressing, etc.), Inguinal region, walking, while",پیٹ — درد، کچھوں کا علاقہ، چلتے ہوئے بگاڑ,21,21,یکساں
o1884,"PAIN, liver, lying, right side, on agg.","PAIN, aching, dull pain (See Boring, Drawing, Distress, Digging, Gnawing, Pressing, etc.), Liver, lying on back, right side, on",پیٹ — درد، جگر، دائیں کروٹ لیٹنے پر بگاڑ,10,10,یکساں
o1918,"PAIN, lying, while agg.","PAIN, aching, dull pain (See Boring, Drawing, Distress, Digging, Gnawing, Pressing, etc.), lying, while",پیٹ — درد، لیٹے ہوئے بگاڑ,8,8,یکساں
o1950,"PAIN, motion, on agg.","PAIN, aching, dull pain (See Boring, Drawing, Distress, Digging, Gnawing, Pressing, etc.), motion, on",پیٹ — درد، حرکت پر بگاڑ,39,39,یکساں
o2215,"PAIN, sitting, while agg.","PAIN, aching, dull pain (See Boring, Drawing, Distress, Digging, Gnawing, Pressing, etc.), sitting, while",پیٹ — درد، بیٹھے ہوئے بگاڑ,19,19,یکساں
o2314,"PAIN, spleen, chill, during","PAIN, aching, dull pain (See Boring, Drawing, Distress, Digging, Gnawing, Pressing, etc.), Sides, chill, during",پیٹ — درد، تلی، سردی لگنے کے دوران,9,9,یکساں
o2443,"PAIN, stitching, hypochondria, walking, while agg.","PAIN, aching, dull pain (See Boring, Drawing, Distress, Digging, Gnawing, Pressing, etc.), stitching (sticking, etc.), Hypochondria, walking, while",پیٹ — درد، چبھتا ہوا، بغل کے نچلے حصے میں، چلتے ہوئے بگاڑ,11,11,یکساں
o64510,"PAIN, stitching, sides, sitting","PAIN, aching, dull pain (See Boring, Drawing, Distress, Digging, Gnawing, Pressing, etc.), stitching (sticking, etc.), Sides, sitting, while",پیٹ — درد، چبھتا ہوا، پہلوؤں میں، بیٹھنے سے,11,10,ماخذی مطابق کیے
o2610,"PAIN, stitching, sides, walking, while agg.","PAIN, aching, dull pain (See Boring, Drawing, Distress, Digging, Gnawing, Pressing, etc.), stitching (sticking, etc.), Sides, walking, while",پیٹ — درد، چبھتا ہوا، پہلوؤں میں، چلتے ہوئے بگاڑ,8,8,یکساں
o2664,"PAIN, stool, after agg.","PAIN, aching, dull pain (See Boring, Drawing, Distress, Digging, Gnawing, Pressing, etc.), stool, before, after",پیٹ — درد، پاخانے کے بعد بگاڑ,51,51,یکساں
o2887,"PAIN, walking, while agg.","PAIN, aching, dull pain (See Boring, Drawing, Distress, Digging, Gnawing, Pressing, etc.), walking, while",پیٹ — درد، چلتے ہوئے بگاڑ,39,39,یکساں
o1694,"PAIN, ileo-caecal region, turning on right side agg.","PAIN, aching, dull pain (See Boring, Drawing, Distress, Digging, Gnawing, Pressing, etc.), Ilio-cæcal region, turning on right side agg.",پیٹ — درد، دائیں نچلے پیٹ کا علاقہ، دائیں کروٹ ہونے سے بگاڑ,1,1,یکساں
o1911,"PAIN, lying, on back agg.","PAIN, aching, dull pain (See Boring, Drawing, Distress, Digging, Gnawing, Pressing, etc.), lying, while, on back",پیٹ — درد، چت لیٹنے سے بگاڑ,6,6,یکساں
o213,"DISTENSION, ileo-caecal region","DISTENSION, Ilio-cæcal region",پیٹ — پھیلاؤ، دائیں نچلے پیٹ کا علاقہ (اِلیو سییکل),3,3,یکساں
o3015,"RUMBLING, ileo-caecal region","RUMBLING, Ilio-cæcal region",پیٹ — گڑگڑاہٹ، دائیں نچلے پیٹ کا علاقہ (اِلیو سییکل),1,1,یکساں
o3171,"TENSION, inguinal region, walking, while agg.","TENSION, Inguinal region, walking, while",پیٹ — تناؤ، کچھوں کا علاقہ، چلتے ہوئے بگاڑ,6,6,یکساں
o3183,"TENSION, stool, during agg.","TENSION, stool, during",پیٹ — تناؤ، پاخانے کے دوران بگاڑ,2,2,یکساں
o3190,"TENSION, walking, while agg.","TENSION, walking, while",پیٹ — تناؤ، چلتے ہوئے بگاڑ,2,2,یکساں
o64374,"PAIN, cutting, sitting","PAIN, aching, dull pain (See Boring, Drawing, Distress, Digging, Gnawing, Pressing, etc.), cutting, sitting, while",پیٹ — درد، کاٹتا ہوا، بیٹھنے سے,7,7,یکساں
o735,"PAIN, burning, ileo-caecal region","PAIN, aching, dull pain (See Boring, Drawing, Distress, Digging, Gnawing, Pressing, etc.), burning, Ilio-cæcal region",پیٹ — درد، جلتا ہوا، دائیں نچلے پیٹ کا علاقہ (اِلیو سییکل),1,1,یکساں
r1059,"PAIN, hypochondria, menses, during","PAIN, aching, dull pain (See Boring, Drawing, Distress, Digging, Gnawing, Pressing, etc.), Hypochondria, menses, before, during",پیٹ — درد، بغل کے نچلے حصے میں، حیض کے دوران,1,1,یکساں
r1373,"PAIN, sides, stool, during","PAIN, aching, dull pain (See Boring, Drawing, Distress, Digging, Gnawing, Pressing, etc.), cutting, liver, evening",پیٹ — درد، پہلوؤں میں، پاخانے کے دوران,1,1,یکساں
r1393,"PAIN, spleen, motion","PAIN, aching, dull pain (See Boring, Drawing, Distress, Digging, Gnawing, Pressing, etc.), Sides, motion",پیٹ — درد، تلی، حرکت سے,2,2,یکساں
r1419,"PAIN, umbilicus, menses, during","PAIN, aching, dull pain (See Boring, Drawing, Distress, Digging, Gnawing, Pressing, etc.), Umbilicus, menses, before, during",پیٹ — درد، ناف، حیض کے دوران,1,1,یکساں
r2294,"PAIN, pressing, dinner, after","PAIN, aching, dull pain (See Boring, Drawing, Distress, Digging, Gnawing, Pressing, etc.), pressing, after",پیٹ — درد، دبانے والا، دوپہر کے کھانے کے بعد,3,3,یکساں
