صفحہ,گہرائی,مکمل راستہ (مطبوعہ کتاب),ادویات (گریڈ)
884,0,BACK,
884,0,ABSCESS,"asaf(1), hep(2), iod(1), lach(1), mez(1), ph-ac(2), sil(2), staph(1), sulph(2), tarent-c(2)"
884,1,"ABSCESS, Cervical region","lach(2), lyc(2), petr(2), ph-ac(1), psor(1), sec(1), sil(1), tarent-c(2)"
884,2,"ABSCESS, Cervical region, old cicatrices",sil(1)
884,1,"ABSCESS, Lumbar region",calc-p(2)
884,1,"ABSCESS, psoas","ars(1), cupr(2), ph-ac(2), sil(2), staph(1), symph(1), syph(1)"
884,0,"AIR, cannot bear a draft of, on nape","hep(2), merc(2), sil(2)"
884,1,"AIR, cannot bear a draft of, on nape, Spine",sumb(2)
884,0,"ASLEEP, sensation, scapula",anac(1)
884,0,"BAR, feeling as though a, in the back","ars(1), lach(1)"
884,0,BIFIDA,"arn(1), ars(1), asaf(1), bar-c(1), calc(2), calc-p(1), calc-s(2), carb-v(1), dulc(1), graph(1), hep(1), lach(1), lyc(1), merc(1), mez(1), nit-ac(1), phos(1), psor(2), ruta(1), sil(3), staph(1), sulph(1)"
884,0,"BLOOD, extravasation of, in lumbar region",crot-h(1)
884,0,"BLUISH, nape","ars(1), lach(2), rhus-t(2)"
884,1,"BLUISH, nape, right side of back",vip(1)
884,0,BOILS (See Eruptions),
884,0,BROWN spots on,sep(1)
884,1,"BROWN spots on, skin of neck brown and greasy","apis(1), lyc(2), petr(2), sep(1), thuj(1)"
884,1,"BROWN spots on, spots on shoulders",ant-c(1)
884,0,BRUISES on spine (See Injuries),
884,0,BUBBLING sensation in,"petros(1), tarax(1)"
884,1,"BUBBLING sensation in, Dorsal region, scapula","berb(1), tarax(2)"
884,2,"BUBBLING sensation in, Dorsal region, scapula, right",tarax(2)
884,2,"BUBBLING sensation in, Dorsal region, scapula, left",spig(1)
884,2,"BUBBLING sensation in, Dorsal region, scapula, beneath","lyc(1), squil(1)"
884,1,"BUBBLING sensation in, Lumbar region, agg., when lying and rising from a seat",berb(1)
884,0,CARBUNCLES (See Eruptions),
884,0,CARIES of spine (See Curvature),
884,1,"CARIES of spine (See Curvature), lumbar vertebræ",sil(2)
884,0,COLDNESS (including Chill),"acon(1), aesc(1), agar(1), alum(1), am-br(1), am-c(1), am-m(2), anac(1), anag(1), aphis(1), apis(1), arg-m(2), arn(1), ars(2), asaf(2), aur(1), aur-m-n(1), bapt(1), bell(2), benz-ac(1), berb(1), bol(3), brom(1), bry(2), cact(3), calad(1), calc(2), calc-s(1), camph(2), canth(2), caps(3), carb-an(1), carb-s(1), carb-v(1), cedr(1), cham(2), chel(1), chin(1), chin-a(1), chlf(1), cic(1), coc-c(1), cocc(1), coff(1), colch(1), com(1), con(2), croc(1), crot-t(2), dig(2), dios(1), dulc(2), elaps(1), eup-per(3), eup-pur(3), ferr(1), ferr-ar(1), ferr-p(1), gels(2), gins(1), grat(1), ham(2), hell(1), hep(1), hipp(1), hydr(1), hyos(2), hyper(1), ign(1), ip(1), jatr(1), kali-ar(1), kali-bi(1), kali-c(1), kali-i(1), kali-n(1), kali-p(1), kali-s(1), kalm(1), lac-d(2), lach(3), lachn(1), lact(1), laur(1), led(2), lil-t(2), lob(2), lyc(1), mag-c(1), meny(2), merc(1), merc-c(1), merc-i-r(1), mez(2), mur-ac(1), nat-a(1), nat-m(3), nat-s(3), nit-ac(2), nit-s-d(1), nux-v(2), op(1), ox-ac(1), phos(2), phys(1), plat(1), puls(3), raph(2), rhus-t(2), rhus-v(1), ruta(1), sabad(1), sanic(1), sarr(1), sec(2), seneg(1), sep(1), sil(3), spig(1), spong(2), stann(2), staph(1), stram(2), stry(2), sulph(3), sumb(1), tarent(1), thuj(1), valer(1), verat(3)"
884,1,"COLDNESS (including Chill), morning","arn(1), bry(1), con(1), ferr(1), mez(1), nit-s-d(1), nux-v(3), sumb(1)"
884,2,"COLDNESS (including Chill), morning, menses, after",kali-c(1)
884,2,"COLDNESS (including Chill), morning, waking, on",con(1)
884,2,"COLDNESS (including Chill), morning, 7 a.m.",ferr(1)
884,1,"COLDNESS (including Chill), forenoon","ang(1), asaf(1), berb(1), cham(1), con(1), hydr(1), lyc(1)"
884,2,"COLDNESS (including Chill), forenoon, walking in the room, while",ang(1)
884,3,"COLDNESS (including Chill), forenoon, walking in the room, while, in open air",hydr(1)
884,2,"COLDNESS (including Chill), forenoon, 8-30 to 9 a.m.",asaf(1)
884,2,"COLDNESS (including Chill), forenoon, 10 a.m.",con(1)
884,2,"COLDNESS (including Chill), forenoon, 11 a.m.",cham(1)
884,1,"COLDNESS (including Chill), noon","arg-n(1), rhus-t(1)"
885,1,"COLDNESS (including Chill), afternoon","alum(1), apis(1), asaf(1), cast(1), cic(1), cimic(1), cocc(2), fago(1), guai(1), hyos(1), lyc(1), nat-a(1), rumx(1), stram(1), thuj(1)"
885,2,"COLDNESS (including Chill), afternoon, after stool",fago(1)
885,2,"COLDNESS (including Chill), afternoon, 2 p.m.","cic(1), nat-s(1)"
885,2,"COLDNESS (including Chill), afternoon, 3 p.m.","apis(2), lyc(1)"
885,2,"COLDNESS (including Chill), afternoon, 4 p.m.",mag-c(1)
885,1,"COLDNESS (including Chill), evening","ars(2), bapt(1), berb(1), caps(1), cast(1), cimic(1), cocc(2), coff(1), dulc(2), kreos(1), lyc(2), mur-ac(2), nat-m(1), nux-v(1), puls(3), rhus-t(2), sang(1), sep(1), stann(2), sulph(3), tab(1), thuj(1)"
885,2,"COLDNESS (including Chill), evening, after lying down","coff(2), lyc(2), nux-v(2), sang(1)"
885,2,"COLDNESS (including Chill), evening, 6 p.m., in a warm room",lyc(1)
885,2,"COLDNESS (including Chill), evening, 7 p.m.","cast(1), lyc(1)"
885,2,"COLDNESS (including Chill), evening, 9 p.m.","cast(1), kreos(1)"
885,1,"COLDNESS (including Chill), night","ars(2), arum-t(1), chin(1), chin-a(1), chin-s(1), coc-c(1), lil-t(1), lyc(1), nat-a(1), nat-m(1), puls(2), stront(1), thuj(1)"
885,2,"COLDNESS (including Chill), night, on going to bed","coc-c(1), lil-t(1)"
885,1,"COLDNESS (including Chill), air, open","acon(1), dulc(1)"
885,2,"COLDNESS (including Chill), air, open, as from cold","benz-ac(1), camph(1), caust(1), coff(1)"
885,3,"COLDNESS (including Chill), air, open, as from cold, spreading from spine over body, like an aura epileptica",agar(1)
885,2,"COLDNESS (including Chill), air, open, cold, when in",stront(2)
885,1,"COLDNESS (including Chill), cold, water spurted on, as if","caust(1), lyc(1), puls(3)"
885,1,"COLDNESS (including Chill), dinner, after","cedr(1), cycl(1)"
885,1,"COLDNESS (including Chill), dressing, when",anth(1)
885,1,"COLDNESS (including Chill), eating, during",raph(1)
885,2,"COLDNESS (including Chill), eating, during, after","crot-c(1), sil(1)"
885,1,"COLDNESS (including Chill), external","coc-c(1), lyc(1)"
885,1,"COLDNESS (including Chill), ice, as from","am-m(2), cocc(1)"
885,1,"COLDNESS (including Chill), icy coldness running down back before epilepsy",ars(2)
885,1,"COLDNESS (including Chill), itching, ending in",am-m(2)
885,1,"COLDNESS (including Chill), lying down amel.","cast(1), kali-n(1), sil(1)"
885,1,"COLDNESS (including Chill), menses, during","bell(1), kreos(1)"
885,2,"COLDNESS (including Chill), menses, during, after",kali-c(1)
885,1,"COLDNESS (including Chill), motion","asaf(1), eup-pur(2), phys(1), sulph(1), thuj(1)"
885,1,"COLDNESS (including Chill), siesta, after",cycl(1)
885,1,"COLDNESS (including Chill), sitting, while",brom(1)
885,1,"COLDNESS (including Chill), stool, before",ars(1)
885,2,"COLDNESS (including Chill), stool, before, during","colch(1), trom(2)"
885,2,"COLDNESS (including Chill), stool, before, after","fago(1), puls(2), sumb(1)"
885,1,"COLDNESS (including Chill), urinating, after",sars(2)
885,1,"COLDNESS (including Chill), waking, on",dig(1)
885,1,"COLDNESS (including Chill), walking, while","asaf(1), hyos(1), nit-s-d(1)"
885,2,"COLDNESS (including Chill), walking, while, in open air",chin(1)
885,1,"COLDNESS (including Chill), warm stove, near",jug-c(1)
885,1,"COLDNESS (including Chill), warmth agg.",apis(1)
885,1,"COLDNESS (including Chill), extending to abdomen","crot-t(1), phos(2), sec(2), spig(2)"
885,2,"COLDNESS (including Chill), extending to abdomen, into arms","gins(1), verat(1)"
885,2,"COLDNESS (including Chill), extending to abdomen, body, over whole","amyg(1), bell(1), lyc(2)"
885,3,"COLDNESS (including Chill), extending to abdomen, body, over whole, 6-30 p.m.",lyc(1)
885,2,"COLDNESS (including Chill), extending to abdomen, down back","abies-c(1), acon(1), agar(3), all-c(2), alum(1), arg-n(1), ars(1), asaf(1), bar-c(1), bell(1), brom(1), bry(1), carl(1), cedr(1), chel(1), cocc(2), coff(1), colch(2), crot-t(1), eup-per(2), eup-pur(2), glon(1), hyper(2), iris(1), lil-t(1), lob(2), lyc(1), mag-c(1), ol-an(1), pic-ac(1), puls(3), pyrus(1), ruta(1), sabad(1), samb(2), sep(1), sil(2), staph(1), stram(3), stry(1), zinc(2)"
885,3,"COLDNESS (including Chill), extending to abdomen, down back, motion, on",rumx(1)
885,3,"COLDNESS (including Chill), extending to abdomen, down back, as if cold water poured down the","agar(1), alumn(1), anac(1), ars(1), lil-t(1), lyc(2), puls(3), sabad(1), stram(1), vario(1), zinc(1)"
885,3,"COLDNESS (including Chill), extending to abdomen, down back, trickling down","ars(1), caps(1), caust(1)"
885,3,"COLDNESS (including Chill), extending to abdomen, down back, 9 p.m.",all-c(1)
885,3,"COLDNESS (including Chill), extending to abdomen, down back, 10 p.m.",sep(1)
885,2,"COLDNESS (including Chill), extending to abdomen, to feet",croc(1)
885,3,"COLDNESS (including Chill), extending to abdomen, to feet, limbs",gins(1)
885,3,"COLDNESS (including Chill), extending to abdomen, to feet, lower limbs","acon(1), ferr(1), ham(1)"
885,2,"COLDNESS (including Chill), extending to abdomen, up the back","aesc(1), am-m(1), arg-n(1), ars(1), bar-c(1), bol(1), calc-p(2), cina(2), colch(2), con(1), eup-per(2), gels(2), hyos(1), ip(1), kali-bi(1), kali-i(1), kali-p(1), lach(3), mag-c(1), merc-sul(1), nat-s(2), ol-an(1), phos(1), phys(1), puls(2), rhus-v(1), ruta(1), sulph(3)"
885,3,"COLDNESS (including Chill), extending to abdomen, up the back, evening",kali-p(1)
885,3,"COLDNESS (including Chill), extending to abdomen, up the back, eating, after",arg-n(1)
885,3,"COLDNESS (including Chill), extending to abdomen, up the back, menses, during",kreos(1)
885,3,"COLDNESS (including Chill), extending to abdomen, up the back, motion, from",sulph(1)
885,3,"COLDNESS (including Chill), extending to abdomen, up the back, open air, agg. on coming from",arg-n(1)
885,3,"COLDNESS (including Chill), extending to abdomen, up the back, shivering, after urinating, with",sars(2)
886,3,"COLDNESS (including Chill), extending to abdomen, up the back, 2 p.m.",nat-s(1)
886,3,"COLDNESS (including Chill), extending to abdomen, up the back, 4 p.m.",mag-c(1)
886,2,"COLDNESS (including Chill), extending to abdomen, up and down the back","aesc(1), all-c(1), aphis(1), bapt(1), eup-pur(3), gels(3), hell(1), ip(2), lach(1), med(1), ruta(1), sulph(2)"
886,3,"COLDNESS (including Chill), extending to abdomen, up and down the back, afternoon",rumx(1)
886,1,"COLDNESS (including Chill), Cervical region","calc(2), cann-i(1), carb-s(1), chel(1), chr-ac(1), dulc(2), fl-ac(1), ir-foe(1), kali-chl(1), laur(1), lyc(1), nat-s(1), op(1), ran-s(1), sil(3), spong(2), zinc(1)"
886,2,"COLDNESS (including Chill), Cervical region, morning",ran-s(1)
886,2,"COLDNESS (including Chill), Cervical region, evening","dulc(1), spong(2)"
886,2,"COLDNESS (including Chill), Cervical region, creeping",sil(1)
886,2,"COLDNESS (including Chill), Cervical region, sensitive to a draft","hep(2), merc(2), sil(2)"
886,2,"COLDNESS (including Chill), Cervical region, extending to occiput",chel(1)
886,3,"COLDNESS (including Chill), Cervical region, extending to occiput, to sacrum on lying down",thuj(1)
886,1,"COLDNESS (including Chill), Dorsal region","agar(1), croc(1), sil(2), spong(1), thuj(1)"
886,2,"COLDNESS (including Chill), Dorsal region, scapulæ","camph(1), chin-s(1), croc(1), dios(1), phos(1), rhus-t(1)"
886,3,"COLDNESS (including Chill), Dorsal region, scapulæ, beneath",agar(1)
886,3,"COLDNESS (including Chill), Dorsal region, scapulæ, between","abies-c(1), agar(1), am-c(2), am-m(2), arg-m(2), aur(1), bol(3), cann-i(1), caps(3), carl(1), caust(1), chel(1), eup-per(2), lac-d(1), lachn(2), led(1), nat-c(1), petr(1), puls(2), rhus-t(2), sarr(1), sep(2), sil(2), sulph(1), tab(1), viol-t(1)"
886,4,"COLDNESS (including Chill), Dorsal region, scapulæ, between, cold water, as from",abies-c(1)
886,4,"COLDNESS (including Chill), Dorsal region, scapulæ, between, cough, with",am-m(2)
886,4,"COLDNESS (including Chill), Dorsal region, scapulæ, between, ice, like","agar(1), am-m(1), arg-m(1), lachn(2)"
886,4,"COLDNESS (including Chill), Dorsal region, scapulæ, between, wind, as from","caust(1), hep(1), sulph(1)"
886,2,"COLDNESS (including Chill), Dorsal region, spine","am-m(1), cham(1), haem(1), ir-foe(1), meny(2)"
886,1,"COLDNESS (including Chill), Lumbar region","asaf(1), camph(2), cann-i(1), canth(1), carb-an(2), carb-s(1), carb-v(1), cham(1), chin(1), cupr(1), dulc(2), eup-pur(3), hell(1), lach(3), led(1), med(1), nat-m(1), nux-m(1), ox-ac(1), podo(1), puls(2), spong(1), sulph(2), sumb(2), tarent(1)"
886,2,"COLDNESS (including Chill), Lumbar region, right side",med(2)
886,2,"COLDNESS (including Chill), Lumbar region, morning","cham(1), sumb(2)"
886,2,"COLDNESS (including Chill), Lumbar region, evening, while sitting agg.",canth(1)
886,2,"COLDNESS (including Chill), Lumbar region, night","nat-m(1), podo(1)"
886,3,"COLDNESS (including Chill), Lumbar region, night, dinner, during",hell(1)
886,2,"COLDNESS (including Chill), Lumbar region, air, as if cool, passed over it","sulph(2), sumb(2)"
886,3,"COLDNESS (including Chill), Lumbar region, air, as if cool, passed over it, draft of cold, agg.",tarent(1)
886,2,"COLDNESS (including Chill), Lumbar region, cough, with",carb-an(2)
886,2,"COLDNESS (including Chill), Lumbar region, motion agg.",podo(1)
886,2,"COLDNESS (including Chill), Lumbar region, sitting, while",chin(1)
886,2,"COLDNESS (including Chill), Lumbar region, stool, before",nux-m(1)
886,3,"COLDNESS (including Chill), Lumbar region, stool, before, after",puls(2)
886,2,"COLDNESS (including Chill), Lumbar region, walking agg.",camph(2)
886,2,"COLDNESS (including Chill), Lumbar region, warmth of stove amel.",hell(1)
886,2,"COLDNESS (including Chill), Lumbar region, extending to abdomen after urinating",sulph(1)
886,1,"COLDNESS (including Chill), Sacral region","arg-m(1), benz-ac(1), dulc(2), hyos(1), laur(1), lyc(1), ox-ac(1), puls(2), sanic(2), stront(1), sulph(1)"
886,2,"COLDNESS (including Chill), Sacral region, chilliness","lyc(1), puls(3), sulph(1)"
886,2,"COLDNESS (including Chill), Sacral region, chill, during","aesc(1), asaf(1), eup-pur(1), puls(2), sulph(1)"
886,2,"COLDNESS (including Chill), Sacral region, menses, during",puls(2)
886,2,"COLDNESS (including Chill), Sacral region, stool, during",ptel(1)
886,2,"COLDNESS (including Chill), Sacral region, extending upwards",sulph(3)
886,1,"COLDNESS (including Chill), Spine","acon(1), aesc(2), agar(1), atro(1), bol(1), bry(1), canth(1), chlf(1), coc-c(1), crot-c(2), gels(2), gins(1), hyos(2), jug-c(1), kali-n(1), lept(1), meny(1), merc(1), mez(2), mosch(1), op(1), ruta(1), sanic(2), stry(1), sumb(2), tab(1), thuj(1), trom(1)"
886,2,"COLDNESS (including Chill), Spine, stool, during",trom(1)
886,2,"COLDNESS (including Chill), Spine, walking",gins(1)
886,2,"COLDNESS (including Chill), Spine, extending down","canth(1), ruta(2), stry(1)"
886,0,CONCUSSION of spine,hyper(3)
886,1,"CONCUSSION of spine, Cervical region",mez(1)
886,0,"CONGESTION, cervical region","bell(1), carb-h(1), gels(3), glon(1), kali-c(2)"
886,0,CONSTRICTION or band,"alum(1), anac(1), arg-n(1), cham(2), cocc(2), dulc(2), graph(1), guar(1), kali-c(1), mez(1), nit-ac(1), rhus-t(1)"
886,1,"CONSTRICTION or band, Cervical region","agar(1), apis(1), asar(1), bell(2), chel(1), glon(2), lach(2), nux-m(2), sep(1)"
886,1,"CONSTRICTION or band, Scapula",mag-m(1)
886,1,"CONSTRICTION or band, Lumbar region, as from a tight band","cina(1), puls(3)"
886,0,"CONTRACTIONS (See Spasm, Drawing Pains, Tension, Spasmodic Drawings)",
886,0,CRACKING cervical region,"agar(2), agn(1), aloe(1), anac(1), aur-m-n(1), chel(2), chin(1), cocc(2), nat-c(2), nicc(2), nit-ac(1), nux-v(1), ol-an(1), petr(2), puls(1), raph(1), spong(1), stann(1), sulph(2), thuj(1)"
887,1,"CRACKING cervical region, rising from stooping, on",nicc(1)
887,1,"CRACKING cervical region, stooping, on",spong(1)
887,1,"CRACKING cervical region, Scapula on lifting arm",anac(1)
887,1,"CRACKING cervical region, Lumbar region, stooping, when","agar(1), rhus-t(1)"
887,2,"CRACKING cervical region, Lumbar region, stooping, when, walking, while",zinc(3)
887,2,"CRACKING cervical region, Lumbar region, stooping, when, extending to anus",sulph(1)
887,1,"CRACKING cervical region, Spine, on moving","agar(2), cocc(1), kali-bi(1)"
887,0,"CRAMP (See Spasmodic Drawing, Cramp-like Pains)","bell(1), calc-p(1), iod(1), kali-bi(1), lyc(1), naja(1), nux-v(1), plb(1)"
887,0,"CRAWLING, as from insects (See Formication)",
887,0,"CREEPING, crawling (See Formication)",
887,0,CURVATURE of spine,"bar-m(2), calc(3), calc-f(3), calc-p(2), calc-s(3), carb-s(1), carb-v(2), con(2), lyc(2), merc(2), merc-c(3), op(1), ph-ac(3), phos(2), psor(1), puls(2), sil(3), sulph(3), tarent(1), thuj(1)"
887,1,"CURVATURE of spine, lies on back with knees drawn up",merc-c(3)
887,1,"CURVATURE of spine, pain in","aesc(2), lyc(3), sil(3)"
887,1,"CURVATURE of spine, Cervical","calc(2), phos(1), syph(2)"
887,1,"CURVATURE of spine, Dorsal","bar-c(1), bufo(1), calc(2), calc-s(2), con(2), lyc(2), plb(1), puls(2), rhus-t(2), sil(2), sulph(2), syph(2), thuj(1)"
887,0,"DISLOCATION in last lumbar vertebra, sensation of",sanic(1)
887,0,DRAWING backward of muscles of neck (See Tension and Spasmodic Drawings),
887,0,"ECCHYMOSES, lumbar region","merc-c(1), vip(1)"
887,0,EMACIATION,tab(1)
887,1,"EMACIATION, Cervical region","calc(2), iod(1), lyc(2), nat-m(3), sanic(2), sars(2)"
887,1,"EMACIATION, Dorsal region, scapular muscles",plb(1)
887,1,"EMACIATION, Lumbar region","plb(1), sel(1)"
887,0,EMPROSTHOTONOS,"canth(2), ip(2), lach(1), nux-m(1)"
887,0,EPILEPTIC aura creeping down spine,lach(2)
887,0,ERUPTIONS,"alum(1), am-m(1), ant-c(1), ant-t(1), arg-n(1), arn(1), ars(2), bar-c(1), bell(1), berb(1), bry(1), calc(1), calc-s(1), cann-s(1), carb-s(1), carb-v(2), caust(2), chin(1), chin-a(1), cina(1), cist(1), clem(1), cocc(1), con(1), dulc(1), euon(1), fago(1), hep(1), jug-r(2), kali-p(1), lach(1), led(1), lyc(2), merc(2), mez(3), nat-m(1), nit-ac(2), petr(2), ph-ac(1), phos(1), psor(3), puls-n(1), rhus-t(2), rhus-v(1), rumx(1), sep(2), sil(2), squil(1), staph(1), stram(1), sulph(3), sumb(1), tab(1), til(1), zinc(1)"
887,1,"ERUPTIONS, Cervical region","agar(2), ant-c(1), ant-s(1), ars(1), bar-m(1), bell(1), berb(1), bry(1), caust(1), cham(1), chel(1), clem(2), graph(2), hep(2), kali-bi(2), lyc(1), mang(1), nat-a(1), nat-m(1), petr(2), psor(1), rhus-t(1), sec(1), sep(1), sil(3), staph(1), stram(1), sulph(1), thuj(1)"
887,2,"ERUPTIONS, Cervical region, margins of hair","nat-m(1), petr(1)"
887,2,"ERUPTIONS, Cervical region, moist","caust(1), clem(2)"
887,1,"ERUPTIONS, Lumbar region","arund(1), rhus-t(1)"
887,1,"ERUPTIONS, Coccyx","bor(1), graph(1), merc(1)"
887,1,"ERUPTIONS, acne",carb-v(1)
887,2,"ERUPTIONS, acne, Cervical region","amph(1), jug-r(1)"
887,1,"ERUPTIONS, biting",bry(1)
887,1,"ERUPTIONS, blotches","lach(1), mez(1), phos(1), zinc(1)"
887,1,"ERUPTIONS, boils","caust(1), coloc(1), crot-h(2), graph(1), kali-bi(1), kali-i(3), lach(2), mur-ac(1), ph-ac(1), phyt(2), sanic(1), sul-ac(1), sulph(1), tarent-c(1), thuj(2), zinc(1)"
887,2,"ERUPTIONS, boils, blood boils","carb-an(2), caust(2), graph(2), hep(1), iris(1), kali-bi(1), sul-ac(1), thuj(1)"
887,2,"ERUPTIONS, boils, groups, in",berb(1)
887,2,"ERUPTIONS, boils, Cervical region","calc(2), carb-an(1), coloc(1), crot-h(1), cypr(1), dig(1), graph(2), hep(2), indg(1), kali-i(3), lach(2), nat-m(1), nit-ac(2), petr(2), phos(2), psor(2), rhus-v(1), sec(1), sil(3), sulph(3), thuj(1), ust(1)"
887,2,"ERUPTIONS, boils, Scapular region","am-c(1), bell(1), led(1), lyc(1), nit-ac(2), zinc(1)"
887,2,"ERUPTIONS, boils, Shoulders between","iod(1), tarent-c(1), zinc(1)"
887,2,"ERUPTIONS, boils, Lumbar region","hep(2), psor(1), rhus-t(1), thuj(1)"
887,2,"ERUPTIONS, boils, Sacrum","aeth(1), thuj(1)"
887,1,"ERUPTIONS, burning","am-m(1), cist(1), rhus-t(1)"
887,2,"ERUPTIONS, burning, after scratching",til(1)
887,1,"ERUPTIONS, carbuncle","anthr(3), ars(1), crot-h(2), lach(2), sil(2)"
887,2,"ERUPTIONS, carbuncle, Cervical region","anthr(2), caust(2), crot-h(1), hep(2), lach(3), rhus-t(1), sil(3), sulph(1)"
887,2,"ERUPTIONS, carbuncle, Dorsal region","hep(2), lach(2), tarent(1)"
887,1,"ERUPTIONS, crusts","arn(1), graph(1), nat-m(1)"
887,1,"ERUPTIONS, dry on cervical region, peeling off in fine mealy scales",graph(1)
887,1,"ERUPTIONS, eczema","arn(1), merc(1), sil(2)"
887,1,"ERUPTIONS, Cervical region","anac(1), lyc(2), psor(1), sil(2)"
887,1,"ERUPTIONS, erythema, cervical region","chlol(1), gels(1), hyos(1)"
887,1,"ERUPTIONS, fine","con(1), rhus-v(1)"
887,1,"ERUPTIONS, fish scales, like","ars-i(1), mez(2)"
888,1,"ERUPTIONS, flea bites, like",phys(1)
888,1,"ERUPTIONS, fungus growth on neck",thuj(1)
888,1,"ERUPTIONS, herpes","all-s(1), ars(1), lach(1), nat-c(1), sep(1), zinc(1)"
888,2,"ERUPTIONS, herpes, zoster","cist(2), lach(2), merc(2), rhus-t(1)"
888,2,"ERUPTIONS, herpes, Cervical region","ars(1), carb-an(1), caust(1), clem(1), con(2), graph(2), hyos(1), kali-n(1), lac-d(1), lyc(2), nat-m(1), petr(2), psor(1), sep(2), sulph(1)"
888,3,"ERUPTIONS, herpes, Cervical region, itching",caust(1)
888,3,"ERUPTIONS, herpes, Cervical region, moist","carb-an(1), caust(1), nat-m(1), sep(1)"
888,1,"ERUPTIONS, impetigo","nat-m(2), petr(2)"
888,1,"ERUPTIONS, itching","bar-c(1), bar-m(1), bry(2), calc(1), cann-s(1), carb-v(1), caust(2), cham(1), lyc(1), mez(2), puls(1), rat(1), rhus-t(1), sep(1), squil(1), staph(1), tab(1), thuj(1), til(1), zinc(1)"
888,2,"ERUPTIONS, itching, in evening",fago(1)
888,3,"ERUPTIONS, itching, in evening, and night",sep(2)
888,3,"ERUPTIONS, itching, in evening, on going to bed",rumx(1)
888,2,"ERUPTIONS, itching, scratching, after",mez(1)
888,2,"ERUPTIONS, itching, spots",zinc(1)
888,2,"ERUPTIONS, itching, warm, when",cocc(1)
888,2,"ERUPTIONS, itching, Lumbar region","arund(1), lyc(1)"
888,2,"ERUPTIONS, itching, Coccyx",graph(2)
888,1,"ERUPTIONS, itch-like","arg-n(1), bar-c(1), psor(1)"
888,1,"ERUPTIONS, maculæ (syphilitic)",syph(1)
888,1,"ERUPTIONS, measly spots, cervical region","ars(1), cop(1), morph(1)"
888,1,"ERUPTIONS, miliary","ant-c(1), ant-t(1), bry(1), caust(1), chel(3), cocc(1), hydrc(1), nat-a(1), ph-ac(1), prun-s(1), psor(1), sec(1), sumb(1), valer(1)"
888,1,"ERUPTIONS, moist","clem(2), nat-m(1), psor(1)"
888,2,"ERUPTIONS, moist, on sacrum","graph(1), led(1)"
888,2,"ERUPTIONS, moist, on coccyx","arum-t(2), graph(1), led(1), nit-ac(1)"
888,1,"ERUPTIONS, nodules, painless, cervical region","graph(2), psor(1)"
888,2,"ERUPTIONS, nodules, painless, cervical region, red",petr(1)
888,1,"ERUPTIONS, painful","lyc(1), spig(1)"
888,2,"ERUPTIONS, painful, to touch","cist(1), hep(1), ph-ac(1), psor(1), spig(1), squil(1), verb(1)"
888,1,"ERUPTIONS, patches","calc(1), kali-ar(1), mez(1)"
888,1,"ERUPTIONS, pimples","agar(1), alum(1), arg-n(1), arn(1), bell(1), berb(1), calc(1), cann-s(1), carb-v(1), cham(1), chel(1), chlor(1), cocc(1), con(1), crot-h(1), dig(1), fl-ac(1), hura(1), hyper(1), iod(1), jug-r(1), kali-bi(1), kali-c(2), kali-p(1), lach(1), led(1), lyc(1), mag-m(1), mag-s(1), meph(1), nat-m(2), nicc(1), petr(1), ph-ac(1), psor(1), puls(2), rhus-v(1), rumx(1), sars(1), sel(2), sil(1), squil(2), staph(1), tab(1), tep(1), til(1), vesp(1), zinc(1)"
888,2,"ERUPTIONS, pimples, evening","cocc(1), fl-ac(1), ph-ac(1), rumx(1)"
888,2,"ERUPTIONS, pimples, itching","arg-n(1), asc-t(1), calc(1), cann-s(1), carb-an(1), crot-t(1), fl-ac(1), led(1), mag-m(1), mill(1), rat(1), rhus-t(1), sel(1)"
888,2,"ERUPTIONS, pimples, after scratching",psor(1)
888,2,"ERUPTIONS, pimples, sore, pressing pain when touched",zinc(1)
888,2,"ERUPTIONS, pimples, suppurating","chlor(1), kali-bi(1)"
888,2,"ERUPTIONS, pimples, Cervical region","agar(1), alum(1), berb(1), cann-s(1), carb-an(1), carb-v(1), cinnb(1), clem(2), crot-t(1), gels(2), hep(1), hyos(1), jug-r(1), kali-bi(1), kali-c(1), kali-n(1), lyc(1), meph(1), nat-a(1), nat-m(1), nicc(1), pall(1), petr(1), ph-ac(1), psor(1), puls(2), rhus-t(1), sil(2), staph(2), sul-ac(1), sulph(2), thuj(1), trom(1), verb(1), zing(1)"
888,3,"ERUPTIONS, pimples, Cervical region, burning",am-c(1)
888,3,"ERUPTIONS, pimples, Cervical region, confluent",tarent(1)
888,3,"ERUPTIONS, pimples, Cervical region, deep-seated",til(1)
888,3,"ERUPTIONS, pimples, Cervical region, flattened",rhus-t(1)
888,3,"ERUPTIONS, pimples, Cervical region, hard",crot-t(1)
888,3,"ERUPTIONS, pimples, Cervical region, inflamed",sulph(1)
888,3,"ERUPTIONS, pimples, Cervical region, itching","sil(2), staph(2)"
888,3,"ERUPTIONS, pimples, Cervical region, moist",clem(2)
888,3,"ERUPTIONS, pimples, Cervical region, painful to touch","hep(1), sulph(1)"
888,3,"ERUPTIONS, pimples, Cervical region, scratching, on","carb-an(1), nicc(1), puls(2)"
888,3,"ERUPTIONS, pimples, Cervical region, suppurating","calc-p(1), nat-c(1)"
888,3,"ERUPTIONS, pimples, Cervical region, extending to scalp",clem(1)
888,2,"ERUPTIONS, pimples, Dorsal region","am-m(1), berb(1), cic(2), cist(2)"
888,3,"ERUPTIONS, pimples, Dorsal region, scapulæ","ant-c(1), berb(1), com(1), con(1), crot-h(1), mag-m(1), merc(1), puls(2), rat(1), squil(1)"
888,3,"ERUPTIONS, pimples, Dorsal region, shoulders, between","gels(1), lyc(1), mag-m(1), ph-ac(1), rat(1), squil(1)"
888,2,"ERUPTIONS, pimples, Lumbar region","ars-h(1), calc(1), chel(1), chin(1), clem(1), kali-c(1), nat-c(1), nicc(1)"
888,3,"ERUPTIONS, pimples, Lumbar region, burning",lyc(1)
888,3,"ERUPTIONS, pimples, Lumbar region, inflamed",sulph(1)
888,3,"ERUPTIONS, pimples, Lumbar region, itching","lyc(1), tab(1)"
888,3,"ERUPTIONS, pimples, Lumbar region, oozing when scratched",sulph(1)
889,3,"ERUPTIONS, pimples, Lumbar region, red at night on scratching, better morning",apoc(1)
889,3,"ERUPTIONS, pimples, Lumbar region, scratching, after","chin(1), nicc(1)"
889,1,"ERUPTIONS, prickly heat",apis(2)
889,1,"ERUPTIONS, psoriasis, patches","calc(1), kali-ar(1), mez(1)"
889,1,"ERUPTIONS, purpura, cervical region",ars(1)
889,1,"ERUPTIONS, pustules","agar(1), aur-m-n(1), bell(1), berb(1), calc(1), chin(1), chlor(1), clem(1), crot-t(1), dulc(1), kali-bi(1), kali-br(1), lach(2), nat-c(1), nat-m(1), petr(1), rhod(1), sep(2), sil(2), sulph(1)"
889,2,"ERUPTIONS, pustules, black points, with",kali-bi(1)
889,2,"ERUPTIONS, pustules, painful","ant-t(1), sil(3)"
889,2,"ERUPTIONS, pustules, sensitive",nat-c(1)
889,2,"ERUPTIONS, pustules, small-pox, like","ant-t(1), sil(1)"
889,2,"ERUPTIONS, pustules, Cervical region","ant-c(1), aur(1), bell(1), kali-n(1), nat-a(1), nat-c(1), psor(1), sars(1), tab(1), thuj(1), zinc-ac(1)"
889,3,"ERUPTIONS, pustules, Cervical region, like cow-pox",ant-t(1)
889,2,"ERUPTIONS, pustules, Lumbar region","calc(1), chlor(1), clem(1), nat-c(1)"
889,1,"ERUPTIONS, rash","calc(2), con(1), merc(1), mez(1), psor(1), stram(1), tab(1)"
889,2,"ERUPTIONS, rash, Cervical region","ant-c(1), bry(1), caust(1), chel(3), mez(1), nat-a(1), sec(1)"
889,3,"ERUPTIONS, rash, Cervical region, erysipelatous",hydr(1)
889,3,"ERUPTIONS, rash, Cervical region, heat",sulph(3)
889,3,"ERUPTIONS, rash, Cervical region, itching","calc(1), mez(2)"
889,3,"ERUPTIONS, rash, Cervical region, miliary",nat-a(1)
889,3,"ERUPTIONS, rash, Cervical region, purple",hyos(1)
889,3,"ERUPTIONS, rash, Cervical region, red",nat-a(1)
889,2,"ERUPTIONS, rash, Lumbar region",cham(1)
889,1,"ERUPTIONS, red","bell(1), bry(2), calc(1), chel(3), cocc(1), rhus-t(1), spig(1), tab(1), verb(1)"
889,1,"ERUPTIONS, scabs, bloody",rhus-v(1)
889,2,"ERUPTIONS, scabs, bloody, Cervical region",ant-t(1)
889,2,"ERUPTIONS, scabs, bloody, Sacral region",sil(2)
889,2,"ERUPTIONS, scabs, bloody, Coccyx","bor(1), graph(2), sil(2)"
889,1,"ERUPTIONS, scales","am-m(1), ars-i(1), mez(2)"
889,2,"ERUPTIONS, scales, Cervical region, white","graph(1), sil(2)"
889,2,"ERUPTIONS, scales, Scapula, right",am-m(1)
889,1,"ERUPTIONS, smarting","bry(1), spig(1)"
889,1,"ERUPTIONS, tubercles","am-c(1), am-m(1), caust(1), lyc(1), nicc(1), squil(1)"
889,2,"ERUPTIONS, tubercles, Cervical region","ant-c(1), carb-an(1), caust(1), nicc(1), zinc(1)"
889,1,"ERUPTIONS, urticaria","apis(1), lach(1), lact-ac(1), sulph(1)"
889,2,"ERUPTIONS, urticaria, scratching, after",lyc(1)
889,1,"ERUPTIONS, vesicles","arn(1), bry(1), calc-caust(1), cist(1), graph(1), hura(1), kali-c(2), lach(2), nat-c(1), petr(1), rhus-t(1), sep(2), wies(1)"
889,2,"ERUPTIONS, vesicles, evening, itching when undressing","nat-c(1), nat-s(1)"
889,2,"ERUPTIONS, vesicles, on a red elevated base",kali-bi(1)
889,2,"ERUPTIONS, vesicles, Cervical region","calc-caust(1), camph(1), clem(1), mag-c(1), naja(1), nat-h(1), nat-p(1), petr(1), zinc-s(1)"
889,2,"ERUPTIONS, vesicles, Shoulders, between the",sep(1)
889,3,"ERUPTIONS, vesicles, Shoulders, between the, surrounded by red areola",crot-h(1)
889,2,"ERUPTIONS, vesicles, Scapulæ on","am-c(1), am-m(1), ant-c(1), caust(1), cic(1), lach(1), vip(1)"
889,1,"ERUPTIONS, warm, when","cocc(1), stram(1)"
889,0,ERYSIPELAS,"apis(2), graph(1), kali-i(1), merc(2), ph-ac(1), rhus-t(2)"
889,1,"ERYSIPELAS, across the shoulders",apis(2)
889,1,"ERYSIPELAS, Cervical region","graph(1), kali-i(1), ph-ac(1)"
889,2,"ERYSIPELAS, Cervical region, extending to face",rhus-t(1)
889,1,"ERYSIPELAS, Lumbar region",merc(2)
889,0,EXOSTOSES on sacrum,rhus-t(1)
889,0,FISTULÆ,"calc-p(2), hep(2), ph-ac(2), phos(3), sil(3), sulph(3)"
889,0,FLUTTERING between shoulders,cupr(2)
889,1,"FLUTTERING between shoulders, commencing in sacrum and gradually rising to occiput",ol-j(1)
889,1,"FLUTTERING between shoulders, Lumbar region","berb(1), chim(1)"
889,0,FORMICATION,"acon(3), aesc(1), agar(2), agn(1), all-c(2), anac(1), apoc(1), arg-m(1), arn(2), ars(2), ars-m(1), arund(1), asaf(1), atro(1), bar-c(1), bell(1), berb(1), bov(1), carl(1), caust(1), cham(2), cocc(2), con(1), crot-h(1), euon(1), graph(1), lach(2), lact(1), mag-s(1), manc(1), merc-c(1), nat-a(1), nat-c(2), nux-v(2), osm(2), ox-ac(1), pall(1), ph-ac(2), phos(3), ran-s(1), rat(1), rhod(1), sabad(1), sars(1), sec(3), sulph(1)"
889,1,"FORMICATION, morning",ars-m(1)
889,1,"FORMICATION, afternoon","asaf(1), mag-s(1)"
890,1,"FORMICATION, evening","lyc(2), mag-s(1), osm(1)"
890,1,"FORMICATION, night","bar-c(1), bov(1), zinc(1)"
890,1,"FORMICATION, down the back",carl(1)
890,1,"FORMICATION, up and down","crot-h(2), lach(2), manc(1)"
890,1,"FORMICATION, extending to fingers and toes",sec(1)
890,2,"FORMICATION, extending to fingers and toes, to limbs",phos(3)
890,1,"FORMICATION, Cervical region","arund(1), carl(2), dulc(1), lac-c(1), phos(1), sabin(1), sec(2), spong(1)"
890,2,"FORMICATION, Cervical region, on entering a house",phos(1)
890,1,"FORMICATION, Dorsal region, scapulæ","anac(2), sil(1), zinc(1)"
890,2,"FORMICATION, Dorsal region, scapulæ, shoulders, between the","carl(1), laur(1), viol-t(1)"
890,1,"FORMICATION, Lumbar region","acon(1), ars(1), arund(1), bufo-s(1), canth(1), crot-t(1), meny(1), merc-c(1), ph-ac(1), stann(1), tarax(1), thuj(1)"
890,2,"FORMICATION, Lumbar region, paroxysms",thuj(1)
890,2,"FORMICATION, Lumbar region, sitting",canth(1)
890,2,"FORMICATION, Lumbar region, extending to face",arund(1)
890,3,"FORMICATION, Lumbar region, extending to face, shoulders",arund(1)
890,1,"FORMICATION, Sacrum","bor(1), crot-t(1), ph-ac(1), sars(1)"
890,1,"FORMICATION, Spine","acon(3), agar(3), ars(2), arund(1), con(1), kali-p(1), lach(2), nat-c(1), sal-ac(2)"
890,0,HEAT,"aesc(1), agar(2), alum-m(2), alumn(1), apis(2), ars(2), asaf(1), aur(1), bar-c(1), berb(1), calc(1), calc-s(1), camph(1), carb-v(1), carl(1), cham(1), chin(1), coff(2), con(1), dig(1), dulc(2), gels(1), glon(2), hell(1), helon(1), hyos(1), laur(1), led(2), lob-s(1), lyc(2), med(2), meny(1), merc(2), nat-c(1), nat-m(1), ol-an(1), op(1), par(1), ph-ac(1), phos(3), pic-ac(2), plb(1), rhus-v(1), sars(1), sil(2), sol-n(1), spig(1), stann(1), staph(1), sulph(2), sumb(2), verat(1), zinc(2)"
890,1,"HEAT, morning, on waking",con(1)
890,1,"HEAT, forenoon",hell(1)
890,1,"HEAT, evening","cham(1), phys(1)"
890,1,"HEAT, alternating with cold","carl(1), cham(1), verat(1)"
890,2,"HEAT, alternating with cold, shivering",cham(1)
890,1,"HEAT, eating, after",staph(1)
890,1,"HEAT, excitement",pic-ac(1)
890,1,"HEAT, menses, during",phos(2)
890,1,"HEAT, mental exertion","pic-ac(2), sil(2)"
890,1,"HEAT, reading exciting news, while",gels(2)
890,1,"HEAT, sitting, while","meny(1), zinc(2)"
890,1,"HEAT, streams up","ars(2), lyc(2), verat(2)"
890,1,"HEAT, walking, while",verat(1)
890,2,"HEAT, walking, while, in open air","merc(1), ph-ac(1), sil(1), sol-n(1)"
890,1,"HEAT, warmth of bed",pic-ac(1)
890,1,"HEAT, wine, after","gins(1), zinc(2)"
890,1,"HEAT, extending, down back","coff(1), con(1), laur(1), par(1), phys(1), sulph(1)"
890,2,"HEAT, extending, down back, up the back","ars(2), cann-i(1), hyos(1), lyc(2), phos(3), podo(2), sarr(1), verat(1)"
890,3,"HEAT, extending, down back, up the back, menses, during",phos(2)
890,3,"HEAT, extending, down back, up the back, stool, during",podo(1)
890,1,"HEAT, Cervical region","aesc(1), agar(1), aml-n(1), calc(2), coloc(1), com(1), cycl(1), fago(1), fl-ac(2), glon(2), hydr(1), kalm(1), lach(2), merc-i-f(1), nux-v(2), ol-an(1), par(2), phel(1), phos(2), rhus-t(1), sars(1), sumb(2), tarent(1)"
890,2,"HEAT, Cervical region, afternoon",con(1)
890,3,"HEAT, Cervical region, afternoon, with cold hands",sumb(1)
890,3,"HEAT, Cervical region, afternoon, 7 to 8 p.m.",fl-ac(1)
890,2,"HEAT, Cervical region, sitting, while",dig(1)
890,2,"HEAT, Cervical region, extending down back","glon(1), par(2)"
890,3,"HEAT, Cervical region, extending down back, up","calc(1), fl-ac(2), glon(2)"
890,3,"HEAT, Cervical region, extending down back, all directions",rhus-t(1)
890,1,"HEAT, Dorsal region","merc(1), phos(2), pic-ac(3)"
890,2,"HEAT, Dorsal region, scapulæ","chel(2), mur-ac(1)"
890,3,"HEAT, Dorsal region, scapulæ, between","arg-n(1), lyc(3), naja(2), phos(2), pic-ac(2)"
890,3,"HEAT, Dorsal region, scapulæ, spreads to limbs",camph(2)
890,1,"HEAT, Lumbar region","ars-i(1), arund(1), aur(1), aur-s(1), bapt(1), berb(2), colch(1), hura(1), hyos(1), kalm(1), lac-c(1), nat-m(2), nit-ac(1), nux-v(2), phos(2), pic-ac(2), plb(1), raph(1), sarr(1), sel(1), sulph(1), thuj(1)"
890,2,"HEAT, Lumbar region, air, in open",hyos(1)
890,2,"HEAT, Lumbar region, breath, deep, on",sep(1)
890,2,"HEAT, Lumbar region, eating, after",sel(1)
890,2,"HEAT, Lumbar region, externally",clem(1)
890,2,"HEAT, Lumbar region, hot water flowing in",sumb(1)
890,2,"HEAT, Lumbar region, riding in a carriage, after",hura(1)
890,2,"HEAT, Lumbar region, sitting, while","colch(1), hyos(1)"
890,2,"HEAT, Lumbar region, sleep, after mid-day nap",sel(1)
890,2,"HEAT, Lumbar region, walking in a room",hyos(1)
890,2,"HEAT, Lumbar region, extending to face",arund(1)
890,3,"HEAT, Lumbar region, extending to face, rectum",colch(1)
891,1,"HEAT, Sacrum","sars(1), sep(1), sulph(1)"
891,1,"HEAT, Coccyx","agar(1), alum(1), arn(1), ars(1), bor(1), calc(2), carb-an(1), carb-v(1), caust(1), chin(1), colch(1), graph(1), hep(1), ign(1), laur(1), led(1), merc(1), mur-ac(1), ph-ac(1), phos(1), plat(1), rhus-t(1), spig(1), staph(1), sulph(1), zinc(1)"
891,1,"HEAT, Spine in","alum(2), ars(2), bry(1), cann-i(1), carb-v(1), coloc(1), hyos(1), lyc(2), med(2), nat-m(2), op(1), phos(2), pic-ac(2), plb(1), sarr(1), sil(2), sin-n(1), spig(1), sumb(2), verat-v(1), zinc(2)"
891,2,"HEAT, Spine in, hot water flowing in",sumb(2)
891,2,"HEAT, Spine in, spots",phos(2)
891,2,"HEAT, Spine in, extending upward","ars(2), lyc(2), phos(2), podo(2), sarr(1)"
891,1,"HEAT, flushes","acon(2), bapt(1), brom(1), clem(1), dig(1), mang(2), merl(1), sumb(3)"
891,2,"HEAT, flushes, morning",lil-t(1)
891,2,"HEAT, flushes, evening","ph-ac(1), sol-n(1)"
891,3,"HEAT, flushes, evening, stool, after",podo(2)
891,3,"HEAT, flushes, evening, supper, after",spig(1)
891,3,"HEAT, flushes, evening, walking, on continued",glon(1)
891,2,"HEAT, flushes, stool, during",podo(2)
891,3,"HEAT, flushes, stool, during, after",podo(2)
891,2,"HEAT, flushes, extending to body",sumb(3)
891,2,"HEAT, flushes, Cervical region","aesc(1), fl-ac(1), hydr(1), lach(2), med(2), phos(3), podo(1), sarr(1)"
891,2,"HEAT, flushes, Lumbar region","calc-p(1), sumb(1)"
891,2,"HEAT, flushes, Spine, in",bol(3)
891,3,"HEAT, flushes, Spine, in, in waves, up",lyc(2)
891,3,"HEAT, flushes, Spine, in, warm air streaming up spine into head","ars(2), sumb(2)"
891,0,"HEAVINESS, weight","ambr(1), arg-m(1), arg-n(1), arn(1), bar-c(3), bov(2), carb-v(1), cimic(3), colch(1), coloc(1), crot-c(1), equis(1), euphr(1), hydr(2), kali-c(1), kali-chl(1), kali-p(1), lil-t(1), mag-s(1), mang(1), nat-c(1), nat-m(2), nat-p(1), par(2), petr(1), ph-ac(1), phos(2), pic-ac(2), puls(1), rhod(1), rhus-t(2), sep(2), sulph(1)"
891,1,"HEAVINESS, weight, morning, bed, in","ant-t(1), euphr(1), pic-ac(1), sep(2), sulph(1)"
891,2,"HEAVINESS, weight, morning, bed, in, rising on","ant-t(1), euphr(1)"
891,2,"HEAVINESS, weight, morning, bed, in, waking","pic-ac(1), sep(2)"
891,1,"HEAVINESS, weight, forenoon",sulph(1)
891,2,"HEAVINESS, weight, forenoon, sitting, while",nat-c(1)
891,1,"HEAVINESS, weight, night",carb-v(1)
891,1,"HEAVINESS, weight, lying",phos(1)
891,1,"HEAVINESS, weight, motion amel.",rhod(1)
891,1,"HEAVINESS, weight, rising agg.",ant-t(1)
891,1,"HEAVINESS, weight, Cervical region","agar(2), asar(1), calc-p(2), cann-i(1), carb-ac(1), chel(2), kali-c(1), meny(1), nux-v(1), par(3), petr(2), phos(2), plb(1), rhus-t(3), samb(1), sep(1), tab(1), verat(1)"
891,2,"HEAVINESS, weight, Cervical region, morning",nux-v(1)
891,2,"HEAVINESS, weight, Cervical region, weight upon","par(3), phos(2), rhus-t(1)"
891,2,"HEAVINESS, weight, Cervical region, walking, after",rhus-t(2)
891,1,"HEAVINESS, weight, Dorsal region","carb-s(1), phyt(1), sil(1)"
891,2,"HEAVINESS, weight, Dorsal region, scapulæ","phyt(1), sil(1)"
891,3,"HEAVINESS, weight, Dorsal region, scapulæ, between, as of a load",carb-s(2)
891,1,"HEAVINESS, weight, Lumbar region","arg-n(2), arn(1), bar-c(2), bov(1), carb-ac(1), cimic(3), colch(1), coloc(1), con(2), hydr(2), kali-c(2), kali-p(1), lil-t(2), mag-s(1), merc(2), nat-c(1), ph-ac(2), phos(2), phyt(2), pic-ac(3), rhus-t(3), syph(1)"
891,2,"HEAVINESS, weight, Lumbar region, midnight",pic-ac(2)
891,2,"HEAVINESS, weight, Lumbar region, lying on left side amel.",coloc(2)
891,2,"HEAVINESS, weight, Lumbar region, menses, before",bov(1)
891,3,"HEAVINESS, weight, Lumbar region, menses, before, during","cimic(2), kali-c(2)"
891,2,"HEAVINESS, weight, Lumbar region, motion agg.","phos(2), pic-ac(2)"
891,3,"HEAVINESS, weight, Lumbar region, motion agg., amel.",nat-c(1)
891,2,"HEAVINESS, weight, Lumbar region, turning in bed agg.",corn(2)
891,2,"HEAVINESS, weight, Lumbar region, waking, on",pic-ac(2)
891,1,"HEAVINESS, weight, Sacral region","arg-n(2), berb(1), chin(3), cimic(1), con(1), dios(1), ferr(2), hura(1), mag-s(1), phyt(2), rhus-t(2), sec(2), sep(2), zing(1)"
891,2,"HEAVINESS, weight, Sacral region, sitting, while","aloe(1), arg-n(2), hura(1), rhus-t(3)"
891,2,"HEAVINESS, weight, Sacral region, standing amel.",arg-n(2)
891,2,"HEAVINESS, weight, Sacral region, stool, during",arg-n(2)
891,2,"HEAVINESS, weight, Sacral region, walking",arg-n(1)
891,2,"HEAVINESS, weight, Sacral region, weight","arg-n(3), chin(3), cimic(2), con(2), ferr(2)"
891,1,"HEAVINESS, weight, Coccyx","ant-c(1), ant-t(2), arg-n(2)"
891,2,"HEAVINESS, weight, Coccyx, sensation as if a heavy weight were tugging at",ant-t(2)
891,2,"HEAVINESS, weight, Coccyx, standing amel.",arg-n(1)
891,2,"HEAVINESS, weight, Coccyx, stool, during",arg-n(1)
892,0,HYPERÆSTHESIA SKIN,"merc(1), petr(1), plat(1)"
892,0,"INFLAMMATION, cord","acon(1), alum-m(2), apis(2), ars(2), bar-m(1), bell(2), benz-ac(2), calc(1), camph(1), canth(1), caust(1), cedr(1), cic(1), cocc(1), colch(1), crot-h(1), dulc(2), gels(3), hyos(1), kali-i(1), lach(2), lyc(1), merc(1), nat-m(1), nat-s(2), nux-v(2), op(3), ox-ac(1), par(2), phos(3), phys(1), pic-ac(2), plb(1), rhus-t(1), sec(1), sil(1), sulph(1)"
892,1,"INFLAMMATION, cord, eruptions do not develop, when","bry(1), dulc(1)"
892,1,"INFLAMMATION, cord, membranes, spinal meningitis","acon(2), apis(3), bell(3), bry(2), calc(2), cic(2), cimic(2), cocc(1), crot-h(1), cupr(1), dulc(1), gels(3), hyos(2), hyper(1), ip(2), kali-i(1), merc(1), nat-m(2), nat-s(2), nux-v(1), op(2), ox-ac(1), plb(2), rhus-t(2), sec(1), verat-v(1), zinc(1)"
892,2,"INFLAMMATION, cord, membranes, spinal meningitis, abuse of mercury, after",kali-i(2)
892,2,"INFLAMMATION, cord, membranes, spinal meningitis, during scarlet fever, or measles, eruptions do not develop",dulc(1)
892,1,"INFLAMMATION, cord, suffocation, worse in warm room","apis(3), op(1)"
892,1,"INFLAMMATION, cord, Cervical region",par(1)
892,2,"INFLAMMATION, cord, Cervical region, glands",calc(2)
892,0,INJURIES of the spine,"apis(2), arn(2), calc(2), con(2), hyper(3), led(2), nat-s(3), nit-ac(2), rhus-t(2), ruta(2), sil(2), thuj(2)"
892,1,"INJURIES of the spine, after, lies on back, jerking head backward",hyper(2)
892,1,"INJURIES of the spine, lifting, from","calc(3), rhus-t(3)"
892,1,"INJURIES of the spine, shock of spine","arn(2), hyper(2), nit-ac(2)"
892,1,"INJURIES of the spine, Cervical region",mez(1)
892,1,"INJURIES of the spine, Lumbar region remains sensitive to jar of walking",thuj(2)
892,1,"INJURIES of the spine, Coccyx","carb-an(2), hyper(3), mez(2), sil(3)"
892,0,"IRRITATION of spine (See Pain, Sore)",
892,0,ITCHING,"agar(1), all-s(1), aloe(1), alum(2), am-m(1), ant-c(3), arg-m(1), arn(1), ars-i(1), asc-t(1), aur(1), bar-c(2), calc(1), calc-s(1), carb-ac(1), carb-s(1), carb-v(1), caust(3), chel(1), cist(1), clem(1), coc-c(1), cocc(1), corn(1), daph(1), dios(1), fago(1), fl-ac(1), glon(1), graph(2), guai(1), hep(1), hura(1), kali-bi(1), kali-c(2), kali-n(1), kali-p(1), lact-ac(1), lyc(2), mag-c(1), mag-m(1), mag-s(1), med(1), merc(2), merc-i-f(1), mez(3), mill(1), mur-ac(1), nat-c(2), nat-m(1), nat-p(1), nat-s(2), nicc(1), nit-ac(3), ol-an(1), osm(1), pall(1), ph-ac(1), phos(1), puls(2), raph(1), rhus-t(2), sars(2), seneg(1), sep(2), sil(2), spig(1), spong(1), sulph(3), tell(1), ther(1), thuj(2), zinc(1)"
892,1,"ITCHING, morning","asc-t(1), lyc(1)"
892,2,"ITCHING, morning, bed, in",rhus-t(1)
892,2,"ITCHING, morning, 6 to 10 a.m.",kali-bi(1)
892,2,"ITCHING, morning, 7 a.m.","pall(1), rhus-t(1)"
892,1,"ITCHING, forenoon",fl-ac(1)
892,1,"ITCHING, afternoon","fago(1), sars(1)"
892,1,"ITCHING, evening","con(1), fago(1), fl-ac(1), lyc(1), rat(1), sulph(1), thuj(1)"
892,2,"ITCHING, evening, bed, in","calc(1), lyc(1), merc(1), nat-m(1)"
892,2,"ITCHING, evening, undressing, while","cocc(1), hyper(1), mag-m(1), nat-c(1), nat-s(2), osm(1), puls(1)"
892,1,"ITCHING, night","agar(1), ail(1), apoc(1), ars(1), asc-t(1), fl-ac(1), mez(2), phos(1), rhus-v(1)"
892,2,"ITCHING, night, lying down",mag-c(1)
892,2,"ITCHING, night, warmth of bed, in","nat-a(1), rhus-v(1), sulph(1)"
892,1,"ITCHING, cold air, in",rhus-v(1)
892,2,"ITCHING, cold air, in, when feeling","lyc(1), spong(1)"
892,1,"ITCHING, scratching amel.","mag-c(1), mag-m(1), mez(1), nat-c(1), pall(1), rat(1), rhus-v(1)"
892,2,"ITCHING, scratching amel., changes, place after","mez(1), pall(1)"
892,2,"ITCHING, scratching amel., pain, after",nit-ac(1)
892,1,"ITCHING, burning","agar(1), alum(1), berb(1), calc(2), daph(1), kali-c(1), mag-c(1), mez(1), nux-v(2), raph(1)"
892,2,"ITCHING, burning, morning while dressing",nux-v(1)
892,2,"ITCHING, burning, evening while undressing",nux-v(1)
892,2,"ITCHING, burning, night","nux-v(1), spong(1)"
892,2,"ITCHING, burning, scratching, after","alum(1), squil(1)"
892,2,"ITCHING, burning, walking in open air, while",merc(1)
892,1,"ITCHING, stinging","alum(1), anac(1), arn(1), caust(1), squil(1)"
892,2,"ITCHING, stinging, scratching amel.",anac(1)
892,2,"ITCHING, stinging, sudden, amel. by scratching",ph-ac(1)
892,1,"ITCHING, Cervical region","agar(1), agn(1), alum(3), ammc(1), anac(1), ant-c(2), arg-n(1), ars(1), benz-ac(1), berb(2), carb-ac(1), carb-v(1), caust(1), cycl(1), gels(2), grat(1), hydr(1), hydr-ac(1), ign(1), jug-c(1), kali-bi(1), kali-n(1), laur(1), lyc(1), mag-c(1), mag-m(1), mang(1), merc-i-r(1), mez(1), morph(1), myric(1), nat-a(1), nat-c(1), nat-m(3), nat-p(1), nicc(1), nit-ac(1), ox-ac(1), pall(1), puls(2), rat(1), rhus-t(2), rumx(1), sars(1), sep(1), sil(1), squil(1), staph(1), sulph(3), tarent(1), ther(1), thuj(1), trom(1)"
892,2,"ITCHING, Cervical region, morning","fl-ac(1), nat-m(1), sulph(1), ther(1)"
893,3,"ITCHING, Cervical region, morning, rising, after",sulph(1)
893,2,"ITCHING, Cervical region, evening","calc(1), carb-v(1), fl-ac(1), mag-c(1), stront(1), ther(1), trom(1)"
893,3,"ITCHING, Cervical region, evening, before going to bed",mag-m(1)
893,3,"ITCHING, Cervical region, evening, bed, in","calc(1), sulph(1)"
893,3,"ITCHING, Cervical region, evening, undressing, while","am-m(1), hyper(1)"
893,2,"ITCHING, Cervical region, night","ail(1), hydr(1)"
893,3,"ITCHING, Cervical region, night, in heat of bed",sulph(2)
893,2,"ITCHING, Cervical region, burning",kali-bi(2)
893,2,"ITCHING, Cervical region, menses, during",mag-c(1)
893,2,"ITCHING, Cervical region, scratching, after, agg.",nat-m(1)
893,3,"ITCHING, Cervical region, scratching, after, agg., changes place",sars(1)
893,2,"ITCHING, Cervical region, touched, when",psor(1)
893,2,"ITCHING, Cervical region, walking in open air",nit-ac(1)
893,3,"ITCHING, Cervical region, walking in open air, burning","berb(1), calc(2)"
893,2,"ITCHING, Cervical region, extending in all directions, worse from heat, better from cold",rhus-t(1)
893,1,"ITCHING, Dorsal region (See Back)",
893,2,"ITCHING, Dorsal region (See Back), scapulæ","alum(1), am-m(1), arn(1), asaf(1), bar-c(1), calc(1), com(1), crot-h(1), cund(1), dios(1), form(1), laur(1), merc(1), merc-i-f(1), mez(1), olnd(1), petr(1), phel(1), rat(1), ruta(1), seneg(1), sil(1), spig(1), stront(1), ther(1), viol-t(1), zinc(1)"
893,3,"ITCHING, Dorsal region (See Back), scapulæ, rubbing amel.",grat(1)
893,3,"ITCHING, Dorsal region (See Back), scapulæ, spots, in",fl-ac(1)
893,3,"ITCHING, Dorsal region (See Back), scapulæ, between","all-s(1), alum(1), am-m(1), arg-m(1), calc(1), calc-s(1), caust(1), chin-s(1), dios(1), hipp(2), laur(1), mag-c(1), mag-m(1), mosch(1), rat(1), stront(1), zinc(2)"
893,4,"ITCHING, Dorsal region (See Back), scapulæ, between, evening","dios(1), mag-m(1), zinc(1)"
893,4,"ITCHING, Dorsal region (See Back), scapulæ, between, night","am-m(1), cocc(1)"
893,5,"ITCHING, Dorsal region (See Back), scapulæ, between, night, while undressing",sulph(1)
893,4,"ITCHING, Dorsal region (See Back), scapulæ, between, scratching amel.",mag-c(1)
893,5,"ITCHING, Dorsal region (See Back), scapulæ, between, scratching amel., burning, after",rat(1)
893,1,"ITCHING, Lumbar region","bar-c(2), berb(2), bufo-s(1), carb-v(1), caust(1), chin(1), con(1), dig(1), fl-ac(1), hep(1), iod(1), kali-bi(1), kali-c(1), kali-n(1), lach(1), led(1), lyc(1), mag-c(1), mag-m(2), merc(2), merc-c(1), mez(1), morph(1), nat-m(2), nicc(1), ol-an(1), phyt(1), psor(1), puls(2), sulph(1)"
893,2,"ITCHING, Lumbar region, burning, extending to abdomen and thighs",nat-m(1)
893,2,"ITCHING, Lumbar region, must scratch it raw",bar-c(2)
893,2,"ITCHING, Lumbar region, Sacrum","agar(1), alum(1), bor(1), bov(1), fl-ac(1), graph(1), laur(1), led(1), med(1), merc(1), par(1), plb(1)"
893,3,"ITCHING, Lumbar region, Sacrum, walking, while",merc(1)
893,2,"ITCHING, Lumbar region, Coccyx","agar(1), alum(1), bar-c(1), bor(1), bov(2), con(1), fl-ac(1), graph(2), lyc(1), spig(1)"
893,3,"ITCHING, Lumbar region, Coccyx, burning",fl-ac(1)
893,3,"ITCHING, Lumbar region, Coccyx, menses, during","dros(1), graph(1), ph-ac(1)"
893,3,"ITCHING, Lumbar region, Coccyx, warmth of bed agg.",petr(2)
893,0,JERKING in cervical muscles,"aeth(1), coloc(1), sep(1)"
893,0,"LUMP in, sensation of",arn(1)
893,1,"LUMP in, sensation of, on scapulæ",am-m(1)
893,0,LUMPS between scapulæ,"calc(1), mag-s(1)"
893,0,"MOUSE, as if a, running up the back",sulph(2)
893,0,NUMBNESS,"acon(1), agar(2), berb(1), calc(1), calc-p(2), cocc(2), cupr-ar(1), nux-v(1), ox-ac(1), phys(1), sec(1), sil(1)"
893,1,"NUMBNESS, part lain on",calc(1)
893,1,"NUMBNESS, Cervical region","berb(1), cast-eq(1), chel(2), dig(1), hura(1), merc-i-f(1), par(1), plat(2), rhus-t(1), tell(1)"
893,1,"NUMBNESS, Scapulæ",anac(1)
893,1,"NUMBNESS, Lumbar region","acon(3), ars(1), berb(3), carb-v(1), sil(2), spong(1)"
893,2,"NUMBNESS, Lumbar region, loss of sensation","ars(2), bry(1), con(1), cupr-ac(1), kali-n(1), zinc(1)"
893,3,"NUMBNESS, Lumbar region, loss of sensation, morning, on rising",nat-m(2)
893,3,"NUMBNESS, Lumbar region, loss of sensation, evening","alum(1), mag-m(1)"
893,3,"NUMBNESS, Lumbar region, loss of sensation, extending to lower limbs",acon(2)
893,1,"NUMBNESS, Sacrum","berb(1), calc-p(2), graph(2), ox-ac(1), plat(1), spong(1)"
893,2,"NUMBNESS, Sacrum, while sitting",plat(1)
893,2,"NUMBNESS, Sacrum, lower limbs, and",calc-p(2)
893,1,"NUMBNESS, Coccyx","berb(1), plat(3)"
893,2,"NUMBNESS, Coccyx, menses, during",plat(1)
893,2,"NUMBNESS, Coccyx, sitting, while",plat(3)
893,0,OPISTHOTONOS,"absin(2), acon(1), agar(1), amyg(1), apis(1), ars(2), bell(3), berb(1), both(1), brach(1), bry(1), calc-p(1), camph(2), canth(2), carb-an(1), cham(2), chen-a(2), cic(3), cina(2), cor-r(1), cupr(3), cupr-ar(2), dig(1), hyos(3), hyper(1), ign(2), ip(2), lach(2), led(1), med(1), morph(2), nat-s(1), nux-v(3), oena(1), op(3), petr(1), phos(1), phyt(2), plat(2), plb(1), rhus-t(2), sec(2), stann(2), stram(3), stry(3), tab(2), ter(1), verat-v(2), zinc(2)"
894,0,"ORGASM in nape of neck, extending over top of head to forehead, afternoon during motion",mang(1)
894,0,PRICKLING in,"acon(1), aesc(1), lact(1), ox-ac(1), ran-s(1)"
894,0,PAIN,"abies-n(1), acon(1), aesc(3), aeth(2), agar(2), ail(1), aloe(1), alum(3), alumn(2), am-c(1), am-m(2), ambr(1), anac(1), anan(1), ang(2), ant-c(1), ant-t(1), apis(2), aran(1), arg-m(2), arg-n(2), arn(3), ars(1), ars-i(1), asaf(1), asar(1), atro(2), aur(2), aur-m(1), bar-c(3), bell(3), berb(2), bism(2), bol(2), bor(1), brach(1), brom(1), bry(3), cahin(1), calc(3), calc-p(3), calc-s(1), camph(2), cann-s(1), canth(1), caps(2), carb-ac(1), carb-an(2), carb-s(3), carb-v(2), card-m(1), caul(2), caust(2), cham(2), chel(2), chen-a(1), chin(1), chin-a(1), chin-s(2), chr-ac(1), cic(1), cimic(2), cina(1), cinnb(1), clem(1), cob(1), coc-c(1), cocc(2), colch(2), coloc(2), con(2), cor-r(1), crot-h(2), cub(2), cupr(1), cycl(1), dios(1), dor(2), dros(1), dulc(1), elaps(1), eup-per(3), eup-pur(3), eupho(2), euphr(1), ferr(2), ferr-ar(1), ferr-p(1), form(2), gamb(1), gels(2), graph(3), grat(1), guai(3), gymn(1), hell(1), helon(2), hep(2), hydr(2), hyos(1), hyper(2), ign(2), ind(1), iod(1), ip(3), ipom(2), kali-ar(1), kali-bi(2), kali-c(3), kali-i(2), kali-n(2), kali-p(1), kali-s(2), kalm(2), kreos(1), lac-c(3), lach(2), lact(1), laur(1), led(2), lil-t(1), lith(1), lob(2), lyc(3), lyss(1), mag-c(1), mag-m(2), mag-p(1), mag-s(1), manc(1), med(2), meph(1), merc(2), merc-c(2), mez(2), mur-ac(3), murx(2), naja(2), nat-a(1), nat-c(2), nat-m(3), nat-p(1), nat-s(3), nit-ac(2), nux-m(3), nux-v(3), oena(1), ol-an(1), ol-j(1), op(1), ox-ac(1), pall(1), par(3), petr(2), ph-ac(1), phos(3), phys(1), phyt(1), plat(1), plb(2), podo(1), psor(3), puls(3), ran-b(2), rat(1), rhod(2), rhus-r(2), rhus-t(3), ruta(2), sabad(1), sabin(1), samb(2), sang(1), sarr(1), sars(1), sec(2), sel(1), senec(1), seneg(1), sep(3), sil(3), sol-n(2), spig(1), spong(1), stann(1), staph(2), stram(1), stront(2), sul-ac(2), sulph(3), tarax(1), tarent(1), tep(1), thuj(1), ust(1), valer(1), verat(1), viol-t(1), zinc(2), zing(1)"
894,1,"PAIN, daytime",camph(2)
894,1,"PAIN, morning","agar(2), all-s(1), aur(1), berb(1), bor(1), bry(1), calc-p(1), canth(1), cimic(1), cinnb(1), dios(1), dros(1), equis(1), eug(1), eupho(1), eupi(1), hep(1), ign(1), kali-c(1), mag-s(1), naja(1), nux-v(2), phyt(1), podo(1), puls(1), ran-b(2), rhod(1), ruta(1), stront(1), thuj(1), zinc(1)"
894,2,"PAIN, morning, bed, in","ang(1), berb(1), carb-v(1), eupho(1), hep(1), kali-n(1), mag-s(1), nat-m(1), nit-ac(1), petr(2), puls(1), rat(1), rhod(1), ruta(2), staph(1)"
894,2,"PAIN, morning, on rising","am-m(1), calad(1), caust(1), cedr(1), graph(1), hep(2), lyc(2), nat-m(2), nit-ac(1), ran-b(1), stann(1), sulph(1), thuj(1), verat(1)"
894,3,"PAIN, morning, on rising, amel.","lach(2), nat-c(1), nat-m(1), nit-ac(1)"
894,2,"PAIN, morning, waking on","aeth(1), agar(2), arg-m(1), berb(1), calc-p(1), cham(1), chel(1), grat(1), kali-bi(1), lac-c(1), lach(2), mag-m(1), mag-s(1), myric(1), nat-m(1), nit-ac(1), ptel(1), ran-b(1)"
894,1,"PAIN, forenoon","ars(1), cham(2), equis(1), nat-m(2), nat-s(1), ptel(1)"
894,2,"PAIN, forenoon, 10 a.m.",am-m(1)
894,1,"PAIN, noon","dios(1), eupi(1), rhus-t(1)"
894,1,"PAIN, afternoon","abrot(1), agar(1), bov(1), canth(1), caust(1), cham(1), chel(1), equis(1), glon(1), hyos(1), mag-c(1), mag-m(1), nicc(1), pall(1), plb(1), ptel(1), rumx(1), ruta(1), sep(2), zing(1)"
894,1,"PAIN, evening","acon(1), agar(1), alumn(1), ars(2), calc-p(2), carb-v(1), cham(1), chel(1), cist(1), cocc(1), coloc(1), cupr-ar(1), ferr-i(1), gels(1), kali-ar(1), kali-n(1), kali-s(2), kalm(2), lach(2), led(1), lil-t(1), lyc(2), mag-c(1), mag-m(1), naja(2), nat-a(1), nat-m(1), nat-s(1), nit-ac(1), nux-v(1), phys(1), psor(1), rhus-t(2), ruta(1), sarr(1), sep(2), sin-n(1), sulph(2), ter(1), thuj(1), zing(1)"
894,2,"PAIN, evening, sunset to sunrise",syph(3)
894,1,"PAIN, night","acon(1), agar(1), aloe(1), am-m(2), ang(1), apis(1), arg-m(1), arg-n(2), ars(2), berb(2), bry(1), calc(1), calc-s(1), carb-an(1), carb-s(1), carb-v(1), cham(2), chel(1), cinnb(1), dulc(2), ferr(2), ferr-ac(1), ferr-i(1), ferr-p(1), hell(1), helon(2), hep(1), ign(1), kali-i(1), kali-n(1), kalm(2), kreos(2), lil-t(1), lyc(1), mag-c(2), mag-m(1), mag-s(1), mang(1), merc(2), merc-c(3), naja(2), nat-a(2), nat-c(2), nat-m(2), nat-p(1), nat-s(2), nit-ac(2), nux-v(2), ph-ac(1), phos(1), phys(1), plb(1), podo(1), rhod(1), sars(1), senec(1), sil(2), sulph(3), syph(3), tab(1)"
894,2,"PAIN, night, between 11 and 12 p.m., violent headache",am-m(2)
894,2,"PAIN, night, midnight, waking him","chin-s(2), nat-c(1)"
894,3,"PAIN, night, midnight, waking him, before midnight",kalm(1)
894,3,"PAIN, night, midnight, waking him, after",mag-s(1)
894,2,"PAIN, night, 3 a.m.","kali-c(3), kali-n(1), nat-c(1)"
894,3,"PAIN, night, 3 a.m., driving him out of bed",kali-c(3)
894,2,"PAIN, night, 4 a.m.","nux-v(2), ruta(1)"
894,3,"PAIN, night, 4 a.m., driving him out of bed",nux-v(2)
894,1,"PAIN, acids, after",lach(2)
894,1,"PAIN, air, in cold","agar(1), bar-c(1), dulc(2), merc(1), nit-ac(1), nux-v(2), rhus-t(2), sabad(1), sep(1)"
894,2,"PAIN, air, in cold, amel.",kali-s(3)
894,2,"PAIN, air, in cold, draft of, every","nux-v(2), verat(1)"
894,2,"PAIN, air, in cold, open, amel.","acon(1), nux-v(1), vib(2)"
895,1,"PAIN, alternating with headache","aloe(1), brom(1), meli(1)"
895,1,"PAIN, apyrexia, during","arn(1), ars(1), calc(2), caps(1), cham(1), cina(1), ign(1), nat-m(2), nit-ac(1), nux-v(1), petr(1), samb(1), sep(1), sil(1), spig(1), stram(1), thuj(1), verat(1)"
895,1,"PAIN, ascends","agar(1), alum(2), arn(1), ars(1), chin-s(2), clem(1), cocc(2), coloc(2), corn(1), cycl(1), dirc(1), eup-pur(1), gels(3), kalm(1), kreos(1), lach(2), led(1), mag-m(1), meny(1), nat-m(1), nit-ac(3), nux-m(1), nux-v(1), ox-ac(1), petr(2), phos(1), phyt(2), plb(1), podo(1), sep(1), sil(1), stann(1), staph(1), sulph(1), ust(1)"
895,2,"PAIN, ascends, constriction of anus, with",coloc(2)
895,2,"PAIN, ascends, descends, and",kali-c(1)
895,2,"PAIN, ascends, labor, during","gels(3), petr(2)"
895,2,"PAIN, ascends, lying down, after",mag-m(1)
895,2,"PAIN, ascends, sitting, while",meny(1)
895,2,"PAIN, ascends, spreading upwards like a fan",lach(2)
895,2,"PAIN, ascends, step, during every",sep(1)
895,2,"PAIN, ascends, stool, during","phos(1), podo(1)"
895,2,"PAIN, ascends, stooping","arn(1), sil(2)"
895,2,"PAIN, ascends, twinges up the, better by drawing shoulders back",cycl(1)
895,1,"PAIN, bending backward agg.","arg-m(1), bar-c(1), calc(2), calc-p(2), chel(2), cimic(2), con(1), dios(1), kali-c(1), lam(1), mang(1), plat(1), puls(1), sel(1), stann(1)"
895,2,"PAIN, bending backward agg., amel.","acon(1), aeth(1), am-m(1), bell(1), cycl(1), eupi(1), fl-ac(1), hura(1), lach(1), petr(1), puls(1), rhus-t(1), sabad(1), sabin(1), sil(1)"
895,2,"PAIN, bending backward agg., forward agg.",pic-ac(2)
895,3,"PAIN, bending backward agg., forward agg., amel.","chel(1), meny(1), nat-a(1), ph-ac(1), puls(1), sang(1), sec(1), sep(1), thuj(1)"
895,1,"PAIN, breathing, when","acon(1), aesc(1), alum(1), alumn(1), am-m(2), apis(1), arn(1), asar(1), aur(2), berb(1), calc(1), cann-s(1), carb-an(1), carb-s(1), carb-v(1), cham(1), chel(1), cinnb(1), coloc(3), conv(1), cop(2), cupr(1), cupr-ar(1), dig(1), dulc(1), inul(1), kali-bi(1), kali-c(2), kali-n(1), kali-p(1), kali-s(1), kalm(1), led(1), lob(1), merc(1), mur-ac(1), nat-a(1), nat-c(1), nat-m(1), nux-v(1), par(1), petr(1), prun-s(1), psor(2), ptel(1), puls(1), raph(1), ruta(1), sabin(1), sang(1), sars(1), seneg(1), sep(2), spig(1), stann(1), sulph(2), thuj(1)"
895,1,"PAIN, chill, before","aesc(3), aran(1), ars(2), bry(1), carb-v(1), daph(1), dios(2), eup-per(2), eup-pur(1), ip(2), podo(3), rhus-t(1)"
895,2,"PAIN, chill, before, during","ant-t(1), apis(1), arn(2), ars(2), bell(2), bol(3), calc(1), caps(2), carb-s(1), carb-v(1), caust(1), cham(2), chin(1), chin-a(1), chin-s(3), elat(1), eup-per(2), gamb(1), hyos(1), ign(1), ip(2), lach(1), lact-ac(1), lyc(1), mosch(1), myric(1), nat-m(2), nux-v(3), phos(1), podo(1), puls(2), sang(1), sep(1), sulph(1), verat(1), zinc(1)"
895,3,"PAIN, chill, before, during, extending to occiput and vertex",puls(3)
895,1,"PAIN, coffee agg.",cham(2)
895,1,"PAIN, coition, after","cann-i(1), nit-ac(3), sabal(2)"
895,1,"PAIN, cold weather, change to","calc-p(3), dulc(3), rhod(1), rhus-t(2)"
895,2,"PAIN, cold weather, change to, taking","dulc(2), mag-p(1), nit-ac(1), sars(1)"
895,1,"PAIN, convulsions, with",acon(1)
895,1,"PAIN, coughing, when","acon(2), am-c(2), arn(1), arund(1), bell(3), bry(3), calc(2), calc-s(1), caps(2), carb-an(1), chin(1), chin-s(1), cocc(1), cor-r(1), kali-bi(2), kali-c(1), kali-n(1), kreos(1), merc(2), nit-ac(2), ph-ac(1), phos(1), puls(1), rhus-t(1), rumx(1), seneg(1), sep(2), stram(1), sulph(1), tell(1)"
895,1,"PAIN, damp weather","calc(3), dulc(3), nux-m(2), phyt(2), rhod(2), rhus-t(3), sep(1)"
895,1,"PAIN, descends","acon(1), aeth(2), alum(1), am-c(1), chel(1), cimic(1), cina(1), cocc(1), con(1), cur(1), elaps(1), ferr-s(1), glon(2), kali-bi(1), kali-c(2), kalm(2), lil-t(1), mag-c(1), mang(1), merc(1), nat-m(1), nat-s(1), nux-m(2), nux-v(1), ox-ac(1), phys(1), phyt(2), pic-ac(2), podo(1), psor(1), rat(1), sang(1), sep(1), thuj(1), ust(1), zing(1)"
895,2,"PAIN, descends, during labor",nux-v(2)
895,1,"PAIN, dinner, after","agar(1), cob(1), indg(1), phel(1), phos(1), sep(1), sulph(1)"
895,1,"PAIN, drinking, while",chin(1)
895,1,"PAIN, eating, while","chin(1), coc-c(1)"
895,2,"PAIN, eating, while, after","agar(1), ant-t(1), bry(1), cham(1), cina(1), daph(2), kali-c(2)"
895,3,"PAIN, eating, while, after, amel.",kali-n(1)
895,1,"PAIN, emissions, after","ant-c(1), cob(1), kali-br(1), ph-ac(1), sars(1), staph(2)"
895,1,"PAIN, eructation amel.",sep(2)
895,1,"PAIN, exertion, from","agar(2), asaf(1), calc(1), calc-p(1), ox-ac(1), ruta(1), stry(2), sulph(1)"
895,2,"PAIN, exertion, from, amel.","ruta(1), sep(2)"
895,1,"PAIN, fasting, when",kali-n(1)
896,1,"PAIN, fever, during","alst(1), arn(1), ars(1), bell(2), calc(1), caps(2), carb-v(1), caust(1), chin(1), chin-s(1), cocc(1), eug(1), eup-per(2), hyos(1), ign(1), kali-ar(1), kali-c(1), lach(1), laur(1), lyc(2), nat-m(2), nat-s(1), nux-v(3), puls(2), rhus-t(2), sulph(1), ziz(2)"
896,1,"PAIN, flatus amel.","berb(1), coc-c(1), ruta(1)"
896,1,"PAIN, injury, after","calc(1), con(2), hyper(3), kali-c(2), nat-s(2), rhus-t(1), thuj(2)"
896,1,"PAIN, jarring agg. (See Spine)","acon(1), bell(3), carb-ac(2), carb-an(2), graph(3), podo(1), seneg(1), sep(2), sil(3), sulph(1), ther(2), thuj(2)"
896,1,"PAIN, kneeling, when","euphr(1), sep(2)"
896,1,"PAIN, labor, during","caust(2), cocc(1), coff(1), gels(3), kali-c(3), nux-v(2), petr(2), puls(3)"
896,1,"PAIN, laughing agg.","cann-i(3), phos(1), plb(1), tell(1)"
896,1,"PAIN, leaning back against chair, agg.","agar(1), ther(2)"
896,2,"PAIN, leaning back against chair, agg., amel.","eupi(1), sarr(1), zing(1)"
896,1,"PAIN, lifting, from","anag(1), bor(1), calc(3), graph(3), lyc(3), nux-v(2), ph-ac(1), rhus-t(3), sang(1), sep(2)"
896,1,"PAIN, lying, while","agar(1), arn(2), berb(2), calc(1), carb-an(1), chin(2), coloc(1), cur(2), daph(1), eupho(1), ferr(2), hep(1), ign(2), kali-i(1), kali-n(1), kreos(2), lyc(1), mag-m(1), naja(1), nat-m(1), nux-v(2), puls(2), rhus-t(2), spig(1), staph(1), tab(1), tarax(1), vib(1)"
896,2,"PAIN, lying, while, amel.","agar(1), ars(1), asar(1), bry(1), cob(1), kali-c(1), nat-m(2), nux-v(2), phos(2), psor(2), ruta(2), sars(1), sil(1)"
896,2,"PAIN, lying, while, abdomen, on","arg-n(1), ust(1)"
896,3,"PAIN, lying, while, abdomen, on, amel.","acet-ac(2), chel(1), mag-c(1), nit-ac(2), sel(1)"
896,2,"PAIN, lying, while, back, on","am-m(1), ap-g(1), apis(1), bell(1), berb(1), bry(1), carb-an(1), chin(2), cina(1), coloc(3), cur(1), eupho(1), euphr(1), hyos(1), ign(1), kali-n(1), lyc(1), mag-s(1), nat-m(1), nit-ac(2), prun-s(1), psor(1), puls(1), sep(1), staph(1), tell(1), zinc(1)"
896,3,"PAIN, lying, while, back, on, amel.","ambr(1), bufo(1), chin(1), cob(1), colch(1), equis(1), ign(1), kali-c(2), lach(1), nat-m(3), nux-v(1), phos(2), puls(1), rhus-t(2), ruta(3), sanic(1), sep(1), sil(1)"
896,2,"PAIN, lying, while, hard, on something, amel.","am-m(1), bell(1), kali-c(2), lyc(1), nat-m(3), puls(1), rhus-t(2), sep(2), stann(1)"
896,2,"PAIN, lying, while, pillow, amel.","carb-v(2), sep(1)"
896,2,"PAIN, lying, while, on side agg.","cina(1), ign(1), nat-s(2), puls(1), staph(1)"
896,3,"PAIN, lying, while, on side agg., amel.","kali-n(1), nat-c(1), nux-v(1), puls(2), zinc(1)"
896,3,"PAIN, lying, while, on side agg., right side amel.","kali-n(1), nat-s(1), ust(1)"
896,3,"PAIN, lying, while, on side agg., left side agg.",ph-ac(1)
896,1,"PAIN, manual labor, from",sulph(2)
896,1,"PAIN, menses, before","acon(1), am-c(1), asar(1), bar-c(1), berb(2), bor(1), brom(1), calc(2), carb-an(1), caust(2), cinnb(1), cocc(1), dig(1), eupi(1), gels(2), hydr(2), hyos(1), hyper(1), kali-c(3), kali-n(2), kreos(2), lach(2), lyc(2), mag-c(2), mag-m(1), nit-ac(1), nux-m(2), nux-v(2), ol-an(1), phos(1), plat(1), podo(2), puls(3), ruta(1), sang(1), spong(2), ust(2), vib(2), zinc(1)"
896,2,"PAIN, menses, before, on appearance of","acon(1), aloe(1), asar(2), berb(1), caust(1), nit-ac(1)"
896,2,"PAIN, menses, before, during","acon(1), agar(1), aloe(1), am-c(2), am-m(2), arg-n(1), arn(1), ars(1), ars-i(1), bar-c(1), bell(2), berb(2), brom(1), bry(3), calc(2), calc-p(2), calc-s(1), carb-s(1), carb-v(1), caul(1), caust(3), cham(1), chel(2), cimic(2), coc-c(2), croc(1), crot-h(1), eupi(1), ferr(1), ferr-ar(1), ferr-i(1), ferr-p(1), graph(2), ham(1), hell(2), hydr(1), ign(2), iod(2), kali-ar(1), kali-c(2), kali-n(1), kali-p(2), kali-s(1), kalm(2), kreos(1), lac-c(2), lac-d(1), lach(2), lachn(1), lob(2), lyc(2), mag-c(1), mag-m(2), mag-s(1), nat-c(1), nat-p(1), nicc(1), nit-ac(2), nux-m(2), nux-v(1), ol-an(1), phos(2), phys(1), plat(1), podo(1), prun-s(1), puls(2), rat(1), rhus-t(1), sabin(2), sang(1), sars(2), sec(1), senec(1), sep(1), sil(2), sulph(3), tarent(1), thuj(2), vib(1), xan(1), zinc(1), zing(1)"
896,2,"PAIN, menses, before, after","berb(1), bor(1), calc-p(1), kali-c(1), mag-c(1), puls(1), verat(1)"
896,2,"PAIN, menses, before, suppressed","aesc(3), am-c(1), apis(1), bell(2), cocc(2), graph(1), kali-c(2), nux-m(2), nux-v(1), podo(1), puls(3), sang(1), sep(2), sil(2)"
896,2,"PAIN, menses, before, as if, would come on","apis(1), calc(1), calc-p(1), cocc(1), mosch(1), vib(2)"
896,1,"PAIN, mental exertion","cham(1), con(1), nat-c(1)"
896,1,"PAIN, motion, on","acon(1), aesc(3), agar(3), alum(1), am-c(1), ang(1), arn(2), asar(1), bell(3), brom(1), bry(3), bufo(1), calc(1), calc-p(1), calc-s(1), caps(1), carb-s(1), carb-v(2), caust(2), cham(1), chel(2), chin(2), cimic(1), cinnb(1), cocc(2), colch(3), coloc(2), croc(2), cupr-s(1), dig(2), dios(1), equis(1), eupi(1), ferr(1), ferr-p(1), graph(2), guai(2), ign(1), iris(1), kali-bi(2), kali-i(1), kalm(2), lach(1), led(3), lob(1), lyc(1), mang(1), meph(1), merc(2), mez(1), naja(1), nat-c(2), nat-p(1), nat-s(1), nit-ac(1), nux-v(3), ox-ac(1), petr(2), phel(1), phos(2), phyt(2), pic-ac(2), plan(1), podo(1), psor(2), ptel(1), puls(1), ran-b(2), rhus-t(2), ruta(1), samb(1), sars(2), sep(1), sil(1), stann(1), stram(1), sul-ac(1), sulph(3), tarent(2), tell(1), zinc(2)"
896,2,"PAIN, motion, on, amel.","aesc(1), aloe(1), alum(1), am-c(1), am-m(2), bry(1), calc-f(1), calc-p(1), cina(1), coloc(1), cupr(1), dios(1), dulc(3), fl-ac(1), graph(1), kali-c(2), kali-n(1), kali-p(1), kali-s(2), kreos(1), lach(1), laur(1), lyc(3), mag-c(1), mag-m(1), mang(1), nat-a(1), nat-c(1), nat-s(2), nux-m(1), ox-ac(1), ph-ac(2), phos(1), puls(2), rat(1), rhod(2), rhus-t(3), samb(1), sep(2), sin-n(1), spig(2), staph(1), stront(1), sulph(1), ust(1), vib(1)"
897,2,"PAIN, motion, on, amel. by gentle","bell(1), calc-f(2), ferr(1), kali-p(2), puls(3)"
897,1,"PAIN, move, beginning to","bry(1), caps(3), carb-v(2), caust(1), con(3), ferr(3), kali-p(2), lyc(3), phos(2), puls(3), rhus-t(3), sep(1), sil(1), tab(1), zinc(1)"
897,2,"PAIN, move, beginning to, compelling to, constantly in bed","phos(1), puls(2), rhus-t(3)"
897,2,"PAIN, move, beginning to, compelled to, no relief","lact(2), puls(3)"
897,1,"PAIN, music, from",ambr(1)
897,1,"PAIN, noise agg.","ars(1), ther(3)"
897,2,"PAIN, noise agg., running water",lyss(2)
897,1,"PAIN, nursing, while","cham(1), crot-t(1), puls(1), sil(3)"
897,1,"PAIN, paralytic","cocc(2), kalm(1), nat-m(1), ran-s(1), sabin(2), zinc(1)"
897,1,"PAIN, paroxysmal","asaf(1), kalm(1), lyss(1), nat-c(1), pall(1), phos(1)"
897,1,"PAIN, periodical","ars(2), chin-s(2), kali-s(1)"
897,1,"PAIN, perspiration, during","carb-v(1), merc(3)"
897,1,"PAIN, pressure","acon(1), aesc(1), agar(1), ang(1), arn(1), canth(1), chel(1), chin-s(1), cocc(1), colch(2), coloc(1), crot-t(1), hep(2), lach(1), phos(1), plat(1), plb(1), ruta(1), sulph(1), thuj(1), verb(1)"
897,2,"PAIN, pressure, amel.","aur(1), camph(1), carb-ac(1), cimic(1), dulc(2), fl-ac(1), kali-c(3), led(1), mag-m(1), nat-m(2), ph-ac(1), plb(1), rhus-t(2), ruta(1), sep(3), verat(1), vib(1)"
897,1,"PAIN, pulling agg.",dios(1)
897,1,"PAIN, pulsating","am-c(1), sil(1)"
897,1,"PAIN, raising arms, on",graph(2)
897,1,"PAIN, thigh, while sitting",agar(1)
897,1,"PAIN, reaching up",rhus-t(3)
897,1,"PAIN, reading, while",nat-c(1)
897,1,"PAIN, rheumatic","acon(1), ambr(1), anac(1), ant-t(1), ars(2), asar(1), aspar(1), aur(1), bapt(1), bar-c(1), bell(1), bry(3), calc(2), calc-p(2), calen(1), carb-v(2), cham(1), chel(2), cimic(3), colch(2), com(1), corn(2), cycl(1), dros(1), dulc(2), ferr(2), graph(1), guai(2), hep(2), kali-bi(2), kali-i(2), lach(1), lyc(1), lycps(2), med(2), mez(1), nux-v(3), ol-an(1), petr(1), phyt(2), puls(2), ran-b(1), rhod(3), rhus-t(3), ruta(2), sang(2), squil(1), stram(1), sulph(2), teucr(1), ust(1), valer(1), verat(1), zinc(1)"
897,1,"PAIN, riding in a carriage","calc(1), carb-ac(1), fl-ac(1), kali-c(1), lac-c(1), nux-m(3), petr(2), sep(1), sulph(1), ust(1)"
897,2,"PAIN, riding in a carriage, on horseback",ars(1)
897,1,"PAIN, rising from sitting (See Straightening Up)","aesc(1), agar(3), alum(1), ant-c(1), apis(1), aran(1), arg-n(1), ars(2), berb(3), bry(1), calc(2), calc-s(2), cann-i(1), canth(2), carb-an(1), caust(3), con(1), ferr(1), ferr-p(1), iris(1), kali-bi(2), kali-p(1), led(2), lyc(1), merc(3), merl(1), petr(1), phos(3), ptel(1), puls(3), rhod(1), rhus-t(3), ruta(1), sep(1), sil(2), staph(2), sulph(3), tab(1), tell(1), thuj(1), tus-p(1), zinc(2)"
897,2,"PAIN, rising from sitting (See Straightening Up), long, almost impossible","aesc(2), agar(2), am-c(1), bell(2), berb(2), calc(2), phos(2), puls(3), rhus-t(3)"
897,2,"PAIN, rising from sitting (See Straightening Up), stooping","aesc(2), agar(1), am-m(1), berb(2), bism(1), chel(1), eupi(2), kali-bi(1), lach(1), lyc(2), med(1), mur-ac(1), nat-m(2), ph-ac(1), phos(2), puls(3), rhus-t(2), sars(1), sil(2), sulph(2), verat(1), zinc(2)"
897,2,"PAIN, rising from sitting (See Straightening Up), stooping, prolonged","nat-m(2), puls(3)"
897,1,"PAIN, rubbing amel.","aeth(1), kali-n(1), lach(1), lil-t(1), nat-s(1), phos(3), plb(1), puls(1), thuj(1)"
897,1,"PAIN, sewing, while","iris(1), sec(1)"
897,1,"PAIN, sexual excesses","ars(1), calc(1), carb-v(1), chin(2), nat-m(2), nat-p(2), nux-v(3), ph-ac(3), phos(2), puls(2), sep(2), staph(3), sulph(2)"
897,1,"PAIN, sitting, while","agar(3), aloe(1), am-m(1), ambr(1), ant-t(2), apis(1), arg-m(3), arg-n(1), asaf(1), asar(1), aspar(1), bar-c(1), berb(2), bor(1), bry(2), calc(2), calc-f(1), cann-i(2), carb-an(1), carb-s(1), carb-v(2), caust(2), cham(1), chin(1), chin-s(1), cimx(1), cist(1), cob(1), cocc(1), coff(1), con(1), cycl(1), dros(1), dulc(1), equis(1), euphr(1), ferr(1), ferr-p(1), fl-ac(1), helon(1), hep(1), hura(1), hyos(1), kali-bi(1), kali-c(2), kali-i(1), kali-n(1), kali-p(1), kali-s(1), lach(2), led(2), lyc(2), mag-c(1), mag-m(1), meny(1), merc(1), mur-ac(1), nat-a(1), nat-c(1), nat-m(1), nat-p(1), nat-s(2), nux-v(2), ol-an(1), ox-ac(1), pall(1), par(2), ph-ac(2), phel(1), phos(2), pic-ac(1), podo(1), prun-s(2), puls(2), rhod(2), rhus-t(3), ruta(2), sabad(1), sep(3), sil(1), spong(1), stann(1), sulph(2), tab(1), ter(1), thuj(2), ust(1), valer(3), zinc(3)"
897,2,"PAIN, sitting, while, amel.","aeth(1), bor(1), caust(1), mag-c(1), meny(1), mur-ac(1), plb(1), sars(1), staph(1)"
897,2,"PAIN, sitting, while, dyspnœa, with",lyc(1)
897,2,"PAIN, sitting, while, erect","kali-c(3), spong(1), sulph(3)"
898,2,"PAIN, sitting, while, bent","chel(1), chin-s(1), kali-i(1), laur(1), nat-c(1), phos(1), ran-b(1), sec(1), sep(1), thuj(1)"
898,3,"PAIN, sitting, while, bent, has to sit","kali-c(3), sulph(3)"
898,2,"PAIN, sitting, while, long, after","aloe(1), asaf(1), berb(1), calc(2), cupr-ar(2), led(2), lith(1), ph-ac(2), phos(2), puls(3), rhod(2), rhus-t(2), thuj(1), valer(1)"
898,1,"PAIN, sleep, during","am-m(2), ars(1), kalm(1), lach(1), puls(1), zinc(1)"
898,2,"PAIN, sleep, during, on going to",mag-m(1)
898,2,"PAIN, sleep, during, sound, after falling into","am-m(2), kalm(1), lach(2)"
898,1,"PAIN, sneezing when","arn(1), arund(1), sulph(2)"
898,2,"PAIN, sneezing when, before",anag(1)
898,1,"PAIN, speaking, when",cocc(1)
898,1,"PAIN, standing, while","agar(2), agn(1), asar(1), berb(1), bry(2), calc(2), cann-i(1), caps(1), cocc(1), coff(1), con(2), hep(1), ign(1), ind(1), kali-bi(1), kali-c(1), kali-p(1), kali-s(2), lil-t(1), lith(1), lyc(1), meny(1), merc(1), mur-ac(1), nit-ac(1), petr(1), ph-ac(2), phos(2), plan(1), plb(1), podo(1), puls(1), rumx(1), ruta(2), sep(2), spong(1), sulph(3), thuj(1), tus-p(1), valer(3), verat(1), zinc(1)"
898,2,"PAIN, standing, while, amel.","arg-n(2), bell(2), mur-ac(1)"
898,2,"PAIN, standing, while, erect almost impossible after sitting",thuj(2)
898,2,"PAIN, standing, while, leaning sideways, while",thuj(1)
898,1,"PAIN, stepping, when (See Jarring)","acon(1), carb-ac(1), carb-an(1), sep(1), spong(1), sulph(2), ther(2), thuj(2)"
898,2,"PAIN, stepping, when (See Jarring), false","podo(1), sep(2), sulph(2), ther(2), thuj(2)"
898,1,"PAIN, stool, before","bapt(1), cic(1), kali-n(1), nux-v(2), petr(1), puls(1)"
898,2,"PAIN, stool, before, during","apis(1), ars(2), carb-an(1), colch(1), coloc(1), cupr(1), cycl(1), dulc(2), ferr(1), ferr-ar(1), kali-i(1), lyc(2), manc(1), nicc(1), nux-v(1), phos(1), podo(2), puls(2), rheum(1), squil(1), stront(1), sulph(1), tab(1), zing(1)"
898,2,"PAIN, stool, before, after","aesc(1), aloe(1), alum(1), asaf(1), berb(1), caps(1), colch(1), dig(1), dros(1), ferr(2), mag-m(1), nat-m(1), podo(1), puls(2), rheum(1), tab(1)"
898,3,"PAIN, stool, before, after, amel.","nux-v(1), ox-ac(1), puls(1)"
898,2,"PAIN, stool, before, urging to",zing(1)
898,1,"PAIN, stooping, when","aesc(2), agar(3), alum(2), arn(1), bor(1), bov(1), bry(2), bufo(1), caps(1), carb-v(2), cham(2), chel(2), clem(1), cocc(2), con(1), corn(1), daph(1), dig(1), dios(1), dulc(2), hep(1), hura(1), hyos(1), kali-bi(1), kali-c(2), kali-n(1), lyc(1), mang(1), meny(1), nat-m(1), nux-v(1), ol-an(1), par(1), pic-ac(1), plb(1), puls(1), rhod(1), rhus-t(2), ruta(1), sabin(1), sars(1), sep(3), sil(2), stront(1), sul-ac(1), sulph(2), tell(1), thuj(1), verat(1), zinc(2)"
898,2,"PAIN, stooping, when, prolonged, from",nat-m(3)
898,1,"PAIN, straightening up the back","aeth(1), agar(1), bufo(1), calc(1), cann-i(2), carb-ac(1), chel(1), kali-bi(2), kali-c(1), lach(1), nat-c(1), nat-m(2), nux-v(1), psor(2), sep(2), sulph(2), thuj(2)"
898,2,"PAIN, straightening up the back, amel.","bov(1), laur(1)"
898,1,"PAIN, stretching","calc(1), mag-c(1)"
898,1,"PAIN, struck with a hammer, as if",sep(3)
898,1,"PAIN, supper, after",sulph(1)
898,1,"PAIN, swallowing, on","caust(2), kali-c(2), raph(1), rhus-t(2)"
898,1,"PAIN, talking prevented",cann-i(1)
898,1,"PAIN, throwing shoulders backward amel.",cycl(1)
898,1,"PAIN, thunderstorm, during agg.","agar(1), rhod(1)"
898,1,"PAIN, turning, when","agar(2), am-m(1), bov(1), bry(2), dios(1), hep(1), kali-bi(1), merc(1), nux-v(2), sanic(2), sars(1), sep(1), sil(1), thuj(1), verat(1)"
898,2,"PAIN, turning, when, in bed, when","acon(1), bry(2), calad(1), hep(1), ign(1), kali-bi(1), kali-n(1), mag-m(1), merc(1), nat-c(1), nux-v(2), sep(1), staph(2), sulph(1), zinc(1)"
898,3,"PAIN, turning, when, in bed, when, amel.",nat-m(1)
898,3,"PAIN, turning, when, in bed, when, compels","phos(1), rhus-t(3)"
898,3,"PAIN, turning, when, in bed, when, must sit up to turn over","kali-p(1), nux-v(3)"
898,2,"PAIN, turning, when, head agg.","caust(2), lachn(1), sanic(1)"
898,3,"PAIN, turning, when, head agg., to left, pain in trapezius",bry(1)
898,3,"PAIN, turning, when, head agg., suddenly",mag-m(1)
898,1,"PAIN, ulcerative pain in back","kreos(1), puls(1)"
898,1,"PAIN, urinate, with the desire to","clem(1), eupi(1), lach(2), nat-s(1)"
898,1,"PAIN, urinating, before","graph(1), lyc(2)"
898,2,"PAIN, urinating, before, during","ant-c(2), ip(2), kali-bi(2), phos(1), sulph(2)"
898,2,"PAIN, urinating, before, after","caust(1), syph(2)"
898,3,"PAIN, urinating, before, after, amel.","lyc(3), med(1)"
898,1,"PAIN, urine, on retaining","arn(1), con(1), nat-s(2), rhus-t(1)"
898,1,"PAIN, vexation, after",nux-v(1)
898,1,"PAIN, waking, on","abrot(1), aesc(1), arg-m(1), berb(1), calc-p(1), chel(1), hep(1), lach(2), mag-m(1), mag-s(1), myric(1), ptel(1), puls(1), rhod(1)"
899,1,"PAIN, walking, while","aesc(3), agar(2), alum(1), am-c(1), am-m(1), arg-n(1), arn(1), asaf(2), bapt(1), bell(1), bor(1), bry(2), canth(1), carb-an(1), caust(2), cham(1), chel(2), cocc(2), coff(1), coloc(1), con(1), dios(1), euphr(1), ferr(1), ferr-p(1), grat(1), hep(1), hyos(1), hyper(1), iris(1), kali-bi(1), kali-c(3), kali-p(1), lyc(1), mag-m(2), meny(1), mez(1), mur-ac(1), nat-a(1), nat-c(1), nux-v(1), phos(1), phyt(1), plat(1), podo(1), psor(2), ran-b(3), rhus-t(1), ruta(2), sars(2), sep(1), spig(1), spong(1), stront(1), sulph(2), tab(1), thuj(2), verat(1), zinc(1), zing(1)"
899,1,"PAIN, amel.","am-c(1), ant-c(1), ap-g(1), arg-m(3), arg-n(2), arn(1), ars-m(1), asar(1), bar-c(1), bell(2), bry(1), calc-f(1), cob(1), dulc(3), ferr(1), gamb(1), kali-n(1), kali-s(1), kreos(1), mag-s(1), merc(1), nat-a(1), nat-m(1), nux-v(2), ph-ac(2), phos(1), puls(2), rhus-t(3), ruta(2), sep(2), staph(1), stront(1), tell(1), thuj(1), vib(1), zinc(2)"
899,2,"PAIN, amel., after","alum(1), nat-c(2), phos(2), stry(1)"
899,2,"PAIN, amel., bent, compelled to","cann-i(2), kali-c(2), psor(1), sep(2), sulph(2)"
899,2,"PAIN, amel., in the open air","nit-ac(1), ter(1), zinc(2)"
899,2,"PAIN, amel., slowly amel.","ferr(3), puls(2)"
899,1,"PAIN, wandering","ang(1), chel(1), cimic(1), dros(1), kali-s(2), mag-p(2), sang(1), sec(1), senec(1), tarent(1)"
899,1,"PAIN, warm room, agg.","gels(1), kali-s(2)"
899,2,"PAIN, warm room, agg., bed agg.","lil-t(1), sulph(1)"
899,1,"PAIN, warmth, external, amel.","calc-f(1), caust(1), cinnb(1), nux-v(2), rhus-t(3)"
899,1,"PAIN, writing, while","laur(1), lyc(1), mur-ac(1), sep(1)"
899,2,"PAIN, writing, while, after continuous","lyc(1), mur-ac(1), sep(1)"
899,1,"PAIN, yawning","calc-p(1), plat(1)"
899,1,"PAIN, extending to abdomen",cham(1)
899,2,"PAIN, extending to abdomen, arms","calc(2), calc-ar(1)"
899,2,"PAIN, extending to abdomen, ears",gels(1)
899,2,"PAIN, extending to abdomen, feet","bor(1), sep(1)"
899,2,"PAIN, extending to abdomen, groin","sabin(2), sulph(2)"
899,2,"PAIN, extending to abdomen, head","calc(2), chin-s(2), hell(1), nat-m(1), sep(1), sil(1)"
899,3,"PAIN, extending to abdomen, head, after exertion",nat-m(1)
899,3,"PAIN, extending to abdomen, head, on every step",sep(1)
899,2,"PAIN, extending to abdomen, heart, toward",nat-m(1)
899,2,"PAIN, extending to abdomen, heels","colch(1), sep(2)"
899,2,"PAIN, extending to abdomen, hips","bol(1), cimic(1), lach(2), lyss(2), mosch(1)"
899,2,"PAIN, extending to abdomen, knees","arn(1), kali-c(2)"
899,2,"PAIN, extending to abdomen, lower extremities","agar(1), ars(1), bell(1), calc(2), calc-ar(2), camph(1), kali-c(2), lach(1), lob-c(1), phos(2), rhus-t(3)"
899,2,"PAIN, extending to abdomen, nape in evening after lying down to",nat-c(1)
899,2,"PAIN, extending to abdomen, neck",sang(1)
899,2,"PAIN, extending to abdomen, occiput, to","gels(2), puls(2)"
899,3,"PAIN, extending to abdomen, occiput, to, and vertex, during chill, to",puls(3)
899,2,"PAIN, extending to abdomen, pelvis",eupi(2)
899,2,"PAIN, extending to abdomen, sacrum","con(1), tep(1)"
899,2,"PAIN, extending to abdomen, shoulder","chel(1), chin(1), kalm(2), lyc(1)"
899,2,"PAIN, extending to abdomen, stomach, to","cupr(3), lyc(1), nicc(1), nit-ac(1), puls(1), rhod(1), thuj(1)"
899,3,"PAIN, extending to abdomen, stomach, to, pressure, on",bell(2)
899,3,"PAIN, extending to abdomen, stomach, to, sitting, while","bry(1), nicc(1)"
899,2,"PAIN, extending to abdomen, testes",sulph(1)
899,2,"PAIN, extending to abdomen, thighs, to","cimic(1), kali-c(2), lyc(2), nux-v(2), ox-ac(1)"
899,3,"PAIN, extending to abdomen, thighs, to, down","cimic(2), nit-ac(2), ox-ac(1), sep(2)"
899,1,"PAIN, Cervical region","abrot(1), acon(2), aesc(2), aeth(2), agar(2), ail(1), all-c(1), all-s(1), alum(2), alumn(1), am-c(2), am-m(1), ambr(1), anac(2), ang(1), ant-c(1), apis(2), arg-m(1), arn(1), ars(3), ars-i(2), arum-t(1), asar(2), atro(2), aur-m-n(1), bar-c(1), bell(3), berb(1), bor(1), bry(2), cact(1), calc(2), calc-p(2), calc-s(1), camph(2), cann-i(1), cann-s(1), canth(1), carb-ac(1), carb-an(1), carb-s(1), carb-v(2), card-m(1), caust(3), chel(2), chin(2), chin-a(1), chin-s(2), cic(3), cimic(1), cinnb(2), clem(1), coc-c(1), cocc(2), cod(1), colch(1), coloc(2), con(2), crot-c(1), crot-h(1), cund(1), cupr(1), cupr-ar(1), cur(1), cycl(1), daph(2), dig(1), dios(1), dol(1), dros(2), dulc(2), echi(1), eup-per(1), ferr(1), ferr-ar(1), ferr-p(2), fl-ac(2), form(2), gamb(1), gels(3), glon(2), graph(3), grat(1), guai(2), hell(2), hep(2), ign(2), ip(2), jac-c(1), kali-ar(2), kali-bi(2), kali-c(1), kali-cy(1), kali-n(1), kali-p(2), kali-s(1), kalm(2), lac-c(3), lach(2), lachn(1), lact(1), laur(1), led(1), lil-t(1), lyc(2), lyss(2), mag-c(1), mag-p(2), med(2), meph(1), merc(2), mez(2), mosch(1), myric(1), naja(1), nat-m(1), nat-s(2), nit-ac(1), nux-m(2), nux-v(1), ol-an(1), olnd(1), onos(1), ox-ac(1), pall(1), par(3), petr(1), ph-ac(3), phos(2), phys(1), phyt(2), pic-ac(1), pip-m(1), plb(1), podo(1), psor(1), puls(2), ran-b(2), raph(1), rat(1), rhod(3), rhus-t(1), rumx(1), ruta(1), sabin(1), samb(1), sang(2), sarr(1), sars(1), sel(1), sep(1), sil(2), spig(1), stann(1), staph(1), stram(1), stry(1), sulph(1), tab(2), tarax(1), tarent(1), ter(1), thuj(1), vario(1), verat(1), vesp(1), zinc(2)"
899,2,"PAIN, Cervical region, right side on turning head","cinnb(1), mez(2)"
899,2,"PAIN, Cervical region, left",con(2)
900,2,"PAIN, Cervical region, morning","ant-c(1), arg-m(1), asaf(1), bar-c(1), chel(1), eupi(1), ferr-ma(1), ferr-p(1), kali-c(1), nat-c(1), nux-v(2), rhod(2), sil(1), spig(1), staph(1), stram(2), sulph(1), thuj(1), zinc(2)"
900,3,"PAIN, Cervical region, morning, waking, on","aloe(1), alum(1), ars(1), asaf(1), kali-bi(1), psor(1), thuj(1), verat(1)"
900,2,"PAIN, Cervical region, forenoon","agar(1), stry(1)"
900,2,"PAIN, Cervical region, noon",ptel(1)
900,2,"PAIN, Cervical region, afternoon","calc-p(1), chel(1), chin-s(1), mag-p(1), nux-v(1), thuj(1)"
900,3,"PAIN, Cervical region, afternoon, 4 p.m.",chin-s(2)
900,2,"PAIN, Cervical region, evening","alum(1), brach(1), dios(1), fl-ac(1), form(1), kali-s(2), nat-m(1), nux-v(2), olnd(1), thuj(1)"
900,3,"PAIN, Cervical region, evening, going to bed",alum(1)
900,3,"PAIN, Cervical region, evening, looking up",form(1)
900,2,"PAIN, Cervical region, night","carb-an(1), caust(1), glon(1), guai(1), kalm(2), lach(1), merc-c(1), nat-s(1), olnd(2), puls(2), sang(1), stann(1), sulph(1), zinc(2)"
900,3,"PAIN, Cervical region, night, midnight","lach(1), mag-s(1)"
900,4,"PAIN, Cervical region, night, midnight, before",sulph(1)
900,3,"PAIN, Cervical region, night, 6 p.m. to 4 a.m.",guai(1)
900,2,"PAIN, Cervical region, air, a draft of","calc-p(3), cimic(1), rhus-t(3)"
900,3,"PAIN, Cervical region, air, a draft of, cold, damp","nux-m(1), ran-b(2)"
900,3,"PAIN, Cervical region, air, a draft of, fresh, amel.",psor(1)
900,3,"PAIN, Cervical region, air, a draft of, open",laur(1)
900,4,"PAIN, Cervical region, air, a draft of, open, amel.",psor(1)
900,2,"PAIN, Cervical region, alternating with headache",hyos(1)
900,2,"PAIN, Cervical region, ascending steps",ph-ac(1)
900,2,"PAIN, Cervical region, bending head forward amel.","gels(1), laur(1), sanic(1)"
900,3,"PAIN, Cervical region, bending head forward amel., forward, on","graph(1), stann(1)"
900,3,"PAIN, Cervical region, bending head forward amel., backward","bell(1), chel(1), cic(1), cinnb(1), kali-c(1), laur(1), lyc(1), valer(1)"
900,4,"PAIN, Cervical region, bending head forward amel., backward, amel.","cycl(1), lac-c(1), lyss(2), manc(1), syph(1)"
900,3,"PAIN, Cervical region, bending head forward amel., left, to",par(1)
900,2,"PAIN, Cervical region, blowing nose",kali-bi(2)
900,2,"PAIN, Cervical region, breathing deeply",chel(2)
900,2,"PAIN, Cervical region, chill, during","ail(1), ars-h(1)"
900,2,"PAIN, Cervical region, cold taken in open air",phos(1)
900,2,"PAIN, Cervical region, coughing","alum(2), bell(2), caps(2), lact(1), sulph(3)"
900,2,"PAIN, Cervical region, dinner, after",con(1)
900,2,"PAIN, Cervical region, eating, after",nux-v(2)
900,2,"PAIN, Cervical region, looking up, on",graph(3)
900,2,"PAIN, Cervical region, lying, while","glon(2), kali-i(1), lyc(2)"
900,3,"PAIN, Cervical region, lying, while, on back","graph(1), spig(1)"
900,3,"PAIN, Cervical region, lying, while, right side",ferr(1)
900,2,"PAIN, Cervical region, manual exertion",ant-c(1)
900,2,"PAIN, Cervical region, menses, before","nat-c(1), nux-v(1), sulph(1)"
900,3,"PAIN, Cervical region, menses, before, during","calc(2), mag-c(1)"
900,2,"PAIN, Cervical region, mental exertion",par(1)
900,2,"PAIN, Cervical region, motion amel.",aur-m-n(1)
900,2,"PAIN, Cervical region, moving head","aesc(2), agar(2), alum(2), am-m(1), asaf(1), bad(1), bapt(1), bell(2), brach(1), bry(2), cann-s(1), canth(1), chel(2), chin(1), cocc(2), colch(1), coloc(2), dros(2), form(1), glon(1), hyper(2), ip(1), kali-bi(1), merc(1), mez(1), nat-s(1), nux-v(1), podo(1), ran-b(2), rhus-t(2), sabad(1), sars(1), stram(1), sulph(2), tarent(2), verat-v(1)"
900,3,"PAIN, Cervical region, moving head, to either side",agar(2)
900,2,"PAIN, Cervical region, overlifting, after",calc(2)
900,2,"PAIN, Cervical region, paralytic",nat-m(1)
900,2,"PAIN, Cervical region, paroxysmal","anac(1), kalm(2), nux-v(1), sil(1), stry(2)"
900,2,"PAIN, Cervical region, periodic","chin-s(2), colch(1), kali-s(2)"
900,2,"PAIN, Cervical region, perspiration amel.",thuj(1)
900,2,"PAIN, Cervical region, pulsating","eup-per(2), lyss(1)"
900,2,"PAIN, Cervical region, raising the head","ars(1), chel(1), senn(1)"
900,3,"PAIN, Cervical region, raising the head, arms","ang(2), ant-c(1), graph(2)"
900,2,"PAIN, Cervical region, reading, while",nat-c(1)
900,2,"PAIN, Cervical region, rheumatic","acon(1), ambr(1), anac(1), ant-c(2), bapt(1), berb(1), bism(1), bor(1), bry(2), calc(1), calc-p(2), carb-s(1), caust(1), cimic(3), colch(2), con(2), cycl(1), dulc(2), gels(1), graph(1), guai(2), iod(1), merc(2), mez(1), nux-v(2), puls(2), ran-b(3), rhod(2), rhus-t(3), sang(2), sil(2), spig(2), staph(2), stict(1), sulph(2), tarent(1), verat(1)"
900,2,"PAIN, Cervical region, riding in a carriage",form(1)
900,2,"PAIN, Cervical region, rising from stooping",nicc(1)
900,2,"PAIN, Cervical region, room, agg.",psor(1)
900,2,"PAIN, Cervical region, sitting, while","aur-m(1), lyss(1), nux-v(1)"
900,2,"PAIN, Cervical region, sneezing, when","am-m(1), arn(1), mag-c(1)"
900,2,"PAIN, Cervical region, standing in one position",cham(1)
901,2,"PAIN, Cervical region, stool, after, amel.",asaf(1)
901,2,"PAIN, Cervical region, stooping","agar(1), ant-c(1), berb(1), canth(1), gran(1), graph(1), kali-bi(1), lact-ac(1), manc(1), par(1), rhus-t(2), spig(1), sulph(1)"
901,2,"PAIN, Cervical region, swallowing, when",calc-p(1)
901,2,"PAIN, Cervical region, talking","calc(2), sulph(1)"
901,2,"PAIN, Cervical region, touch, from","chin(1), nux-v(2)"
901,2,"PAIN, Cervical region, turning head (See Moving)","acon(1), agar(1), alumn(1), am-c(1), am-m(1), ant-c(1), aur-s(1), bell(1), bry(2), calc(2), canth(1), carb-s(1), chel(1), coloc(1), dulc(1), eup-per(1), graph(1), hyos(1), nat-m(1), nat-s(1), plat(1), ran-b(2), sanic(1), sep(1), spong(1), stram(1), tarent(1), verat(1)"
901,3,"PAIN, Cervical region, turning head (See Moving), to left","alum(2), ant-c(2)"
901,2,"PAIN, Cervical region, waking, on","psor(1), thuj(1)"
901,2,"PAIN, Cervical region, walking, while","calc-p(1), con(1), ph-ac(1), tab(1)"
901,3,"PAIN, Cervical region, walking, while, after",cur(1)
901,2,"PAIN, Cervical region, wandering",lac-c(3)
901,2,"PAIN, Cervical region, warm room","kali-s(2), psor(1)"
901,2,"PAIN, Cervical region, warmth, external, amel.",rhus-t(2)
901,2,"PAIN, Cervical region, windy weather",calc-p(2)
901,2,"PAIN, Cervical region, writing, while",carb-an(1)
901,2,"PAIN, Cervical region, yawning, on",nat-s(1)
901,2,"PAIN, Cervical region, extending arm and fingers, to","kalm(2), nux-v(1), par(1)"
901,3,"PAIN, Cervical region, extending arm and fingers, to, arm","nat-m(1), nux-v(2)"
901,4,"PAIN, Cervical region, extending arm and fingers, to, arm, left","kalm(1), lach(2), par(1)"
901,3,"PAIN, Cervical region, extending arm and fingers, to, back, down the","aeth(1), am-c(1), chel(1), cimic(1), cocc(2), glon(1), graph(1), guai(1), kalm(2), lil-t(1), mag-c(1), nat-m(1), phyt(1), podo(1), psor(1), rat(1), sang(1), sep(1), stry(1), thuj(1), verat(1)"
901,4,"PAIN, Cervical region, extending arm and fingers, to, back, down the, on going to stool",verat(1)
901,3,"PAIN, Cervical region, extending arm and fingers, to, brain","ferr(1), kalm(1), par(2)"
901,3,"PAIN, Cervical region, extending arm and fingers, to, clavicles, to","gels(2), nat-s(1)"
901,3,"PAIN, Cervical region, extending arm and fingers, to, ear, to the","bov(1), calc-p(1), cann-s(1), colch(1), elaps(1), lyss(1), thuj(1)"
901,4,"PAIN, Cervical region, extending arm and fingers, to, ear, to the, behind left",apis(1)
901,5,"PAIN, Cervical region, extending arm and fingers, to, ear, to the, behind left, right",elaps(1)
901,3,"PAIN, Cervical region, extending arm and fingers, to, epigastrium, to",crot-c(1)
901,3,"PAIN, Cervical region, extending arm and fingers, to, eye, to","gels(1), sel(1), sil(3), sulph(1), thea(1)"
901,3,"PAIN, Cervical region, extending arm and fingers, to, forehead","daph(1), mez(1), rat(1), sars(1)"
901,4,"PAIN, Cervical region, extending arm and fingers, to, forehead, while walking",rat(1)
901,3,"PAIN, Cervical region, extending arm and fingers, to, head, to","apis(1), carb-v(2), ferr(2), meny(1), par(2), puls(2), sil(3), stront(1)"
901,4,"PAIN, Cervical region, extending arm and fingers, to, head, to, all over","carb-v(1), gels(3), grat(1), kalm(1), nat-s(1)"
901,4,"PAIN, Cervical region, extending arm and fingers, to, head, to, through",fl-ac(1)
901,3,"PAIN, Cervical region, extending arm and fingers, to, occiput, to","calc-p(1), chel(1), cinnb(2), dulc(1), eup-per(1), ferr(2), gels(3), glon(1), hell(1), kali-c(1), kalm(1), nat-c(1), nat-m(1), nat-s(2), phyt(2), sil(3), valer(1)"
901,4,"PAIN, Cervical region, extending arm and fingers, to, occiput, to, when head is bent back",cinnb(1)
901,3,"PAIN, Cervical region, extending arm and fingers, to, sacrum, to","chel(1), guai(1), lyc(1)"
901,3,"PAIN, Cervical region, extending arm and fingers, to, shoulders, to","alum(1), bor(1), calc-p(1), camph(1), caust(1), crot-h(1), daph(1), dios(1), gels(1), graph(1), ip(1), kali-n(1), kalm(1), lach(1), laur(1), mez(1), mosch(1), nat-m(1), phyt(1), sang(1), stry(1), thuj(1), verat-v(2)"
901,4,"PAIN, Cervical region, extending arm and fingers, to, shoulders, to, evening, after lying down",lyc(1)
901,4,"PAIN, Cervical region, extending arm and fingers, to, shoulders, to, motion, on",equis(1)
901,4,"PAIN, Cervical region, extending arm and fingers, to, shoulders, to, to between","am-m(1), apis(2)"
901,4,"PAIN, Cervical region, extending arm and fingers, to, shoulders, to, to right","acon(2), alum(1), hydr(1)"
901,4,"PAIN, Cervical region, extending arm and fingers, to, shoulders, to, to left","bor(1), ran-b(1)"
901,5,"PAIN, Cervical region, extending arm and fingers, to, shoulders, to, to left, walking, while",bor(1)
901,3,"PAIN, Cervical region, extending arm and fingers, to, to throat",chin(1)
901,3,"PAIN, Cervical region, extending arm and fingers, to, upward","aml-n(1), berb(1), calc(1), cann-s(1), canth(1), dios(1), form(1), gels(3), lach(1), nat-s(2), petr(2), sep(1), sil(3), stram(1), ter(1), verat-v(2)"
901,3,"PAIN, Cervical region, extending arm and fingers, to, vertex, to","bell(2), berb(1), calc(1), carb-v(1), caust(1), chel(2), cimic(2), ferr(1), fl-ac(1), gels(3), glon(2), hell(2), kalm(2), puls(1), rhus-t(1), sang(2), sep(1), sil(3), stram(2), verat-v(1)"
901,4,"PAIN, Cervical region, extending arm and fingers, to, vertex, to, to nape, back and forth",chel(2)
901,3,"PAIN, Cervical region, extending arm and fingers, to, wrists, to",chel(1)
901,1,"PAIN, Dorsal region","aesc(1), agar(2), alumn(2), apis(1), arg-m(1), asaf(1), aur(1), aur-m(1), bell(2), berb(1), brom(1), bry(2), calc(1), calc-ar(1), calc-p(2), cann-i(1), cimic(2), cocc(1), coloc(1), daph(1), dios(1), ferr-i(1), guai(1), hura(1), hyper(2), ind(1), iodof(1), kali-c(2), kali-p(1), kali-s(2), kalm(2), lach(1), led(1), lil-t(1), lob(1), lyc(1), merc(2), naja(2), nat-c(1), nat-m(2), nat-p(1), nat-s(2), onos(1), petr(1), ph-ac(2), phos(2), pic-ac(1), psor(1), ran-b(2), rhus-t(1), ruta(1), sang(1), seneg(1), sep(2), stann(1), staph(1), stram(1), sulph(3), verat(1), zinc(2)"
902,2,"PAIN, Dorsal region, bending backwards",aur(1)
902,3,"PAIN, Dorsal region, bending backwards, forward",cimic(3)
902,2,"PAIN, Dorsal region, breathing, hindering","apis(1), berb(1), bry(2), phys(1), psor(1), sulph(1), thuj(1)"
902,2,"PAIN, Dorsal region, chill, during","chin-s(2), sang(1)"
902,2,"PAIN, Dorsal region, coughing","calc(1), caps(1), kali-bi(2), merc(1), sil(1), stram(1)"
902,2,"PAIN, Dorsal region, inspiration, on","bry(1), chel(2), mur-ac(1)"
902,2,"PAIN, Dorsal region, labor, during",petr(1)
902,2,"PAIN, Dorsal region, motion, on","agar(1), bry(1), cupr-ar(1), psor(1), zinc(1)"
902,3,"PAIN, Dorsal region, motion, on, of head","agar(1), sang(1)"
902,2,"PAIN, Dorsal region, rheumatic","cimic(3), dulc(2), rhus-t(2), ruta(1)"
902,2,"PAIN, Dorsal region, riding, while","fl-ac(1), ind(1)"
902,2,"PAIN, Dorsal region, sitting down, on","hura(1), lach(1)"
902,3,"PAIN, Dorsal region, sitting down, on, while","arg-m(2), bry(1), fl-ac(1), kali-c(1), mang(1), ph-ac(1), phos(2), tub(1)"
902,2,"PAIN, Dorsal region, stepping hard agg.",seneg(1)
902,2,"PAIN, Dorsal region, turning head, on","bry(2), ind(1)"
902,2,"PAIN, Dorsal region, walking, while","agar(2), bell(1), coloc(1), nat-c(1), psor(2), seneg(1), sulph(2)"
902,2,"PAIN, Dorsal region, extending to arms and legs",calc(2)
902,3,"PAIN, Dorsal region, extending to arms and legs, left nipple",asaf(2)
902,3,"PAIN, Dorsal region, extending to arms and legs, occiput","cocc(2), ind(1), kalm(2), petr(1)"
902,3,"PAIN, Dorsal region, extending to arms and legs, sternum","kali-bi(2), laur(1)"
902,3,"PAIN, Dorsal region, extending to arms and legs, stomach","bry(1), rhod(1)"
902,4,"PAIN, Dorsal region, extending to arms and legs, stomach, on pressure",bell(1)
902,2,"PAIN, Dorsal region, scapulæ","acon(1), aesc(1), aeth(1), alum(1), anac(1), apis(1), arn(1), ars(1), aspar(2), bell(1), berb(1), bor(1), calc(2), calc-p(1), camph(1), carb-v(2), caust(1), cham(1), chel(3), chin(2), chin-a(1), cimic(2), cina(1), cocc(1), coloc(2), con(1), cor-r(1), cund(1), dig(2), elaps(1), graph(1), hell(1), hep(1), hydr(2), kali-ar(1), kali-c(2), kali-chl(2), kali-p(1), kalm(1), kreos(2), lach(1), laur(1), led(1), lil-t(1), lob(1), lyc(1), meny(1), merc(1), merc-i-f(1), mez(2), naja(1), nat-a(1), nat-c(1), nat-m(1), nit-ac(1), nux-v(2), ph-ac(1), phyt(2), plb(1), ran-b(2), ran-s(1), rhod(1), rhus-t(1), rumx(1), ruta(1), sang(1), seneg(1), sep(2), sil(1), spong(1), sulph(1), tarent(2), tell(3), tep(1), valer(2), verat-v(1), vesp(1), zinc(1)"
902,3,"PAIN, Dorsal region, scapulæ, right","aesc(2), ail(2), all-c(2), ambr(1), anac(1), arn(1), cahin(1), chel(3), coloc(3), con(1), cund(1), jug-c(1), kali-c(2), lob(1), lyc(1), plb(1), ran-b(1), sep(2), sulph(1), tell(1), zinc(1)"
902,4,"PAIN, Dorsal region, scapulæ, right, then left","kali-p(1), tell(1)"
902,4,"PAIN, Dorsal region, scapulæ, right, bending forward agg.",lob(1)
902,4,"PAIN, Dorsal region, scapulæ, right, bending shoulders backward amel.",conv(1)
902,4,"PAIN, Dorsal region, scapulæ, right, breathing, on","aesc(2), chel(2), kali-c(1)"
902,4,"PAIN, Dorsal region, scapulæ, right, lying, while",all-c(2)
902,4,"PAIN, Dorsal region, scapulæ, right, motion of arm","ail(1), con(1), ruta(1)"
902,5,"PAIN, Dorsal region, scapulæ, right, motion of arm, of right",chel(2)
902,4,"PAIN, Dorsal region, scapulæ, right, moving, when","calc(1), petr(1)"
902,4,"PAIN, Dorsal region, scapulæ, right, pulsating",merc-i-f(1)
902,4,"PAIN, Dorsal region, scapulæ, right, sitting bent double, as if from",anac(1)
902,4,"PAIN, Dorsal region, scapulæ, right, stooping",jug-c(1)
902,4,"PAIN, Dorsal region, scapulæ, right, waking, on, 4 a.m.",chel(2)
902,4,"PAIN, Dorsal region, scapulæ, right, extending to shoulder",chel(2)
902,4,"PAIN, Dorsal region, scapulæ, right, edge of, near spine","alumn(1), card-m(2), chel(2), nat-c(1)"
902,4,"PAIN, Dorsal region, scapulæ, right, under","abies-c(2), aesc(1), all-c(2), bad(1), bry(1), card-m(2), chel(3), chen-a(3), con(1), conv(1), cupr(1), ind(1), lac-c(1), lycps(2), med(1), nat-m(1), nux-v(1), phos(1), phys(1), pic-ac(2), podo(2), rhod(1), ruta(2), senec(2)"
902,5,"PAIN, Dorsal region, scapulæ, right, under, bending forward",lob(1)
902,5,"PAIN, Dorsal region, scapulæ, right, under, coughing, when",seneg(1)
902,5,"PAIN, Dorsal region, scapulæ, right, under, sitting, after",all-c(2)
902,5,"PAIN, Dorsal region, scapulæ, right, under, throwing shoulders back",bad(1)
902,3,"PAIN, Dorsal region, scapulæ, left","agar(1), aloe(1), am-m(1), ambr(1), anac(1), asaf(1), cact(2), carb-v(1), card-m(1), colch(1), coloc(1), con(1), cund(1), dig(1), gels(2), led(1), lil-t(1), mang(1), merc-c(1), nat-p(1), phos(1), phyt(1), ptel(1), sang(1), squil(2), sulph(1), thuj(1)"
902,4,"PAIN, Dorsal region, scapulæ, left, then right",cund(1)
902,4,"PAIN, Dorsal region, scapulæ, left, riding",agar(1)
902,4,"PAIN, Dorsal region, scapulæ, left, inner angle of left","chel(1), chr-ac(1), ran-b(2), sanic(1)"
902,5,"PAIN, Dorsal region, scapulæ, left, inner angle of left, bending head back, on",sanic(1)
902,5,"PAIN, Dorsal region, scapulæ, left, inner angle of left, border of",brom(1)
902,5,"PAIN, Dorsal region, scapulæ, left, inner angle of left, edge of, worse on breathing",sang(2)
902,4,"PAIN, Dorsal region, scapulæ, left, under","ail(1), apis(2), arund(1), bry(1), cact(2), cench(2), chen-v(1), cimic(2), corn(1), crot-h(2), cund(1), cupr-ar(1), daph(1), dol(1), gels(3), hydr(1), ind(2), kreos(2), lac-c(2), lach(2), led(1), med(1), merc(2), naja(2), ox-ac(2), par(1), phyt(1), psor(2), sabin(1), sang(1), seneg(1), sep(2), sulph(1), tarent(1), thuj(1), xan(1), zinc(1)"
903,5,"PAIN, Dorsal region, scapulæ, left, under, cough, during",stict(2)
903,5,"PAIN, Dorsal region, scapulæ, left, under, expiration agg.",sep(1)
903,5,"PAIN, Dorsal region, scapulæ, left, under, lying with shoulder on something hard amel.","agar(1), kreos(1)"
903,5,"PAIN, Dorsal region, scapulæ, left, under, motion","kreos(1), psor(2)"
903,5,"PAIN, Dorsal region, scapulæ, left, under, pressure amel.",kreos(1)
903,5,"PAIN, Dorsal region, scapulæ, left, under, rheumatic",alumn(1)
903,5,"PAIN, Dorsal region, scapulæ, left, under, riding in a carriage","kreos(1), phyt(1)"
903,6,"PAIN, Dorsal region, scapulæ, left, under, riding in a carriage, evening",phyt(1)
903,5,"PAIN, Dorsal region, scapulæ, left, under, sitting, worse in evening","seneg(1), sulph(1)"
903,6,"PAIN, Dorsal region, scapulæ, left, under, sitting, worse in evening, bent amel.",merc(1)
903,3,"PAIN, Dorsal region, scapulæ, morning","chel(3), kali-p(1), mez(2), nat-m(1), nat-s(1)"
903,4,"PAIN, Dorsal region, scapulæ, morning, 4 a.m.",chel(2)
903,3,"PAIN, Dorsal region, scapulæ, evening","chel(1), lyc(1), nat-p(1), ran-b(1)"
903,3,"PAIN, Dorsal region, scapulæ, bending body backward","aur(1), sep(1)"
903,3,"PAIN, Dorsal region, scapulæ, bending arm",carb-v(1)
903,3,"PAIN, Dorsal region, scapulæ, breathing, when","aesc(2), alumn(1), calc(1), sang(1)"
903,4,"PAIN, Dorsal region, scapulæ, breathing, when, hindering","calc(1), cann-s(1), kali-n(1), puls(2), sulph(1)"
903,3,"PAIN, Dorsal region, scapulæ, chill, during","chin(1), rhus-t(1), sep(3)"
903,3,"PAIN, Dorsal region, scapulæ, coughing, when","cor-r(1), sulph(1)"
903,3,"PAIN, Dorsal region, scapulæ, gasping on",berb(1)
903,3,"PAIN, Dorsal region, scapulæ, hang down, arm",ign(1)
903,3,"PAIN, Dorsal region, scapulæ, inspiration, on","dulc(1), ferr-m(1), sep(1)"
903,3,"PAIN, Dorsal region, scapulæ, moving","calc(1), hell(1), mez(1), naja(1), petr(1)"
903,4,"PAIN, Dorsal region, scapulæ, moving, amel.","am-m(1), sabin(1)"
903,4,"PAIN, Dorsal region, scapulæ, moving, arm","chel(1), ign(1)"
903,4,"PAIN, Dorsal region, scapulæ, moving, head","cupr(1), merc(1), nat-s(1)"
903,4,"PAIN, Dorsal region, scapulæ, moving, neck",ant-t(1)
903,3,"PAIN, Dorsal region, scapulæ, nursing, when",crot-t(1)
903,3,"PAIN, Dorsal region, scapulæ, pressure agg.",chin(2)
903,3,"PAIN, Dorsal region, scapulæ, rheumatic","aesc(1), alumn(1), ambr(1), asaf(1), bry(2), calc(1), carb-v(1), chin-s(1), colch(1), ferr-m(1), graph(1), hyos(1), lyc(1), mag-s(1), mez(2), ran-b(2), rhod(1), rhus-t(2), valer(1)"
903,3,"PAIN, Dorsal region, scapulæ, sitting, while","ant-c(1), ind(1), mang(1)"
903,3,"PAIN, Dorsal region, scapulæ, stooping","cham(1), sulph(1)"
903,3,"PAIN, Dorsal region, scapulæ, swallowing",caust(1)
903,3,"PAIN, Dorsal region, scapulæ, turning body to left",am-m(1)
903,3,"PAIN, Dorsal region, scapulæ, walking, while","asaf(1), coloc(1), kali-p(2), nat-s(1), nit-ac(1)"
903,3,"PAIN, Dorsal region, scapulæ, writing, when",carb-v(1)
903,4,"PAIN, Dorsal region, scapulæ, writing, when, continued, after",mur-ac(1)
903,3,"PAIN, Dorsal region, scapulæ, extending to shoulders and face",valer(1)
903,4,"PAIN, Dorsal region, scapulæ, extending to shoulders and face, to arm","aeth(1), coc-c(1)"
903,4,"PAIN, Dorsal region, scapulæ, extending to shoulders and face, to chest","bar-c(1), kali-c(1), sars(1), sep(1)"
903,4,"PAIN, Dorsal region, scapulæ, extending to shoulders and face, to clavicle",mag-m(1)
903,4,"PAIN, Dorsal region, scapulæ, extending to shoulders and face, to sternum",chel(2)
903,4,"PAIN, Dorsal region, scapulæ, extending to shoulders and face, to stomach",bor(1)
903,3,"PAIN, Dorsal region, scapulæ, angle of",iod(1)
903,4,"PAIN, Dorsal region, scapulæ, angle of, inferior","alumn(1), apis(1), arn(1), calc(1), chel(1), kali-bi(1), led(1), rhus-t(1), sulph(1)"
903,5,"PAIN, Dorsal region, scapulæ, angle of, inferior, breathing, while","alumn(1), chel(1), clem(1)"
903,5,"PAIN, Dorsal region, scapulæ, angle of, inferior, motion amel.",alumn(1)
903,5,"PAIN, Dorsal region, scapulæ, angle of, inferior, raising shoulders, when",rhus-t(1)
903,4,"PAIN, Dorsal region, scapulæ, angle of, superior",kali-bi(1)
903,3,"PAIN, Dorsal region, scapulæ, margin, lower",seneg(1)
903,4,"PAIN, Dorsal region, scapulæ, margin, lower, spinal",alumn(1)
903,3,"PAIN, Dorsal region, scapulæ, under","apis(1), asaf(1), brom(1), calc(3), calc-p(2), card-m(1), cimic(1), con(1), elat(2), fl-ac(1), hell(1), kali-bi(1), kali-n(1), lyc(1), mez(1), nat-s(1), nit-ac(1), puls(2), ran-b(2), rhus-t(1), rumx(1), stann(1), sulph(2), verat(1)"
903,4,"PAIN, Dorsal region, scapulæ, under, morning",apis(1)
903,4,"PAIN, Dorsal region, scapulæ, under, afternoon",cedr(1)
903,4,"PAIN, Dorsal region, scapulæ, under, night, at",kali-bi(1)
903,4,"PAIN, Dorsal region, scapulæ, under, chill, during",sang(1)
903,4,"PAIN, Dorsal region, scapulæ, under, moving agg.","apis(1), hell(1), stann(1)"
903,5,"PAIN, Dorsal region, scapulæ, under, moving agg., arms agg.",con(1)
903,4,"PAIN, Dorsal region, scapulæ, under, rest, during","con(1), sabin(1)"
903,4,"PAIN, Dorsal region, scapulæ, under, sewing",ran-b(1)
903,4,"PAIN, Dorsal region, scapulæ, under, sitting, while",psor(1)
903,4,"PAIN, Dorsal region, scapulæ, under, writing",ran-b(1)
903,3,"PAIN, Dorsal region, scapulæ, between","acon(1), aesc(1), agar(2), alum(1), am-c(2), am-m(1), ambr(1), anac(1), ang(2), arg-n(1), arn(1), ars(3), arum-t(1), bar-c(1), bell(2), berb(1), bol(1), bov(1), bry(2), calad(1), calc(3), calc-p(1), calc-s(2), camph(1), carb-an(1), carb-s(1), carb-v(1), caust(1), chel(2), chin(2), chin-a(1), cimic(2), cob(1), coc-c(1), colch(1), coloc(1), com(1), con(2), crot-t(1), cupr(1), cur(1), dros(2), echi(1), elaps(1), eup-per(2), eupi(1), ferr(2), ferr-ar(2), ferr-p(1), glon(1), graph(2), guai(2), hell(1), hep(2), hura(1), hyper(1), ind(1), ip(1), kali-ar(2), kali-bi(2), kali-br(1), kali-c(1), kali-n(1), kali-p(2), kali-s(1), kalm(2), kreos(2), lac-c(1), lach(2), lap-a(1), laur(1), led(1), lil-t(1), lob(1), lyc(1), mag-m(1), mag-s(1), med(2), meny(1), merc(1), mur-ac(1), naja(2), nat-a(2), nat-c(1), nat-m(1), nat-p(1), nat-s(3), nit-ac(3), nux-m(2), nux-v(2), ox-ac(1), par(2), petr(1), ph-ac(2), phos(2), plb(1), podo(2), psor(1), puls(2), ran-b(1), rhod(1), rhus-t(2), rhus-v(2), ruta(1), seneg(1), sep(2), sil(2), sol-n(1), stann(1), stict(1), sulph(2), syph(1), tab(1), tell(1), ter(1), ther(1), thuj(2), verat(2), zinc(2)"
904,4,"PAIN, Dorsal region, scapulæ, between, morning","podo(1), ran-b(3)"
904,5,"PAIN, Dorsal region, scapulæ, between, morning, on waking","aeth(1), arg-n(1), kali-bi(1), ran-b(1)"
904,4,"PAIN, Dorsal region, scapulæ, between, afternoon","alum(1), canth(1), caust(1), chel(1), ruta(1)"
904,4,"PAIN, Dorsal region, scapulæ, between, evening","bell(1), cocc(1), kali-n(1), lac-c(1), lyc(1), nat-a(1), sulph(1), thuj(1)"
904,4,"PAIN, Dorsal region, scapulæ, between, night","podo(1), rhus-t(1), sil(1), tab(1)"
904,5,"PAIN, Dorsal region, scapulæ, between, night, midnight, after",mag-s(1)
904,4,"PAIN, Dorsal region, scapulæ, between, air, open",nat-c(1)
904,4,"PAIN, Dorsal region, scapulæ, between, beer, agg.",phos(1)
904,4,"PAIN, Dorsal region, scapulæ, between, bending forward",lac-c(1)
904,5,"PAIN, Dorsal region, scapulæ, between, bending forward, amel.",nat-a(1)
904,5,"PAIN, Dorsal region, scapulæ, between, bending forward, backward",stann(1)
904,6,"PAIN, Dorsal region, scapulæ, between, bending forward, backward, amel.",sil(1)
904,4,"PAIN, Dorsal region, scapulæ, between, breathing","berb(1), guai(2), nit-ac(1), nux-v(1), prun-s(1), puls(2), stann(1)"
904,4,"PAIN, Dorsal region, scapulæ, between, chill, during",sang(1)
904,4,"PAIN, Dorsal region, scapulæ, between, cold air",rhus-t(1)
904,4,"PAIN, Dorsal region, scapulæ, between, cold damp weather",nux-m(2)
904,4,"PAIN, Dorsal region, scapulæ, between, cough, during","calc(1), stram(1), sul-ac(1)"
904,4,"PAIN, Dorsal region, scapulæ, between, eating, after",arg-n(2)
904,4,"PAIN, Dorsal region, scapulæ, between, expiration, during","raph(1), sep(1)"
904,4,"PAIN, Dorsal region, scapulæ, between, inspiration, during","nat-a(1), puls(1)"
904,4,"PAIN, Dorsal region, scapulæ, between, lying",nat-m(1)
904,5,"PAIN, Dorsal region, scapulæ, between, lying, amel.",ars(1)
904,5,"PAIN, Dorsal region, scapulæ, between, lying, back, on",kali-n(1)
904,5,"PAIN, Dorsal region, scapulæ, between, lying, right side amel.",kali-n(1)
904,5,"PAIN, Dorsal region, scapulæ, between, lying, left side agg.",ph-ac(1)
904,4,"PAIN, Dorsal region, scapulæ, between, menses, during","am-c(2), sil(1)"
904,4,"PAIN, Dorsal region, scapulæ, between, moving, on","bry(1), calc(2), colch(1), ip(1), kali-bi(1), nux-v(1), ox-ac(1), petr(1), podo(1), puls(1), rhod(1), sil(1), stann(1), sulph(1)"
904,5,"PAIN, Dorsal region, scapulæ, between, moving, on, amel.","kali-c(1), laur(1), ph-ac(1), sulph(1)"
904,5,"PAIN, Dorsal region, scapulæ, between, moving, on, arms","colch(1), naja(1), sil(1)"
904,5,"PAIN, Dorsal region, scapulæ, between, moving, on, head",nux-v(1)
904,4,"PAIN, Dorsal region, scapulæ, between, pulsating","merc-i-f(1), phos(2)"
904,4,"PAIN, Dorsal region, scapulæ, between, rheumatic","aspar(1), calad(1), lob(1), lycps(1), mag-s(1), rhus-t(2), rhus-v(2), verat(1)"
904,4,"PAIN, Dorsal region, scapulæ, between, rising after stooping",puls(1)
904,5,"PAIN, Dorsal region, scapulæ, between, rising after stooping, up, on",carb-v(1)
904,4,"PAIN, Dorsal region, scapulæ, between, sitting, while","bell(1), bry(1), calc-caust(1), nat-m(1)"
904,5,"PAIN, Dorsal region, scapulæ, between, sitting, while, bent",bov(1)
904,4,"PAIN, Dorsal region, scapulæ, between, standing, while",rumx(1)
904,4,"PAIN, Dorsal region, scapulæ, between, stooping, while","bor(1), cham(1), nux-v(1), prun-s(1)"
904,4,"PAIN, Dorsal region, scapulæ, between, straightening up amel.",bov(1)
904,4,"PAIN, Dorsal region, scapulæ, between, swallowing, on",rhus-t(2)
904,4,"PAIN, Dorsal region, scapulæ, between, turning, on","calad(1), merc(1), verat(1)"
904,4,"PAIN, Dorsal region, scapulæ, between, walking, while","bell(1), coloc(1), seneg(1)"
904,5,"PAIN, Dorsal region, scapulæ, between, walking, while, amel.","bry(1), ferr(1), puls(1)"
904,4,"PAIN, Dorsal region, scapulæ, between, warmth amel.",rhus-t(2)
904,4,"PAIN, Dorsal region, scapulæ, between, wine agg.",ph-ac(1)
904,4,"PAIN, Dorsal region, scapulæ, between, extending to back of neck",stict(1)
904,5,"PAIN, Dorsal region, scapulæ, between, extending to back of neck, down arms",echi(1)
904,5,"PAIN, Dorsal region, scapulæ, between, extending to back of neck, downward",verat(2)
904,5,"PAIN, Dorsal region, scapulæ, between, extending to back of neck, over head into temples",kalm(2)
904,5,"PAIN, Dorsal region, scapulæ, between, extending to back of neck, loins, to",ox-ac(1)
904,5,"PAIN, Dorsal region, scapulæ, between, extending to back of neck, sacrum",zinc(2)
904,5,"PAIN, Dorsal region, scapulæ, between, extending to back of neck, shoulders","kalm(2), valer(1)"
904,6,"PAIN, Dorsal region, scapulæ, between, extending to back of neck, shoulders, and face",valer(1)
904,5,"PAIN, Dorsal region, scapulæ, between, extending to back of neck, sternum","kali-bi(2), lac-c(1)"
904,2,"PAIN, Dorsal region, spine","ail(1), alum(3), am-c(1), arn(1), asaf(1), calc(2), chel(2), cina(1), cinnb(1), com(1), crot-t(1), gins(1), hell(1), kalm(2), lob(1), mez(1), naja(2), nat-m(1), nat-s(3), nux-m(2), nux-v(2), par(1), ph-ac(2), phos(2), psor(1), ruta(2), sabin(1), seneg(1), sep(2), sil(3), stann(1), thuj(2), verat(2), zinc(1)"
905,3,"PAIN, Dorsal region, spine, deep inhalation",alum(1)
905,3,"PAIN, Dorsal region, spine, fall, as from a",ruta(2)
905,3,"PAIN, Dorsal region, spine, motion",cocc(1)
905,3,"PAIN, Dorsal region, spine, sitting",ph-ac(2)
905,3,"PAIN, Dorsal region, spine, stoop, compelling to",cann-i(3)
905,3,"PAIN, Dorsal region, spine, between scapula and spine",ran-b(1)
905,1,"PAIN, Lumbar region","acon(1), aesc(3), aeth(1), agar(2), all-c(1), all-s(1), aloe(1), alum(2), am-c(1), am-m(2), ambr(1), anag(1), anan(1), ang(1), ant-c(1), apis(2), apoc(1), arg-m(3), arg-n(2), arn(2), ars(1), ars-m(1), arund(1), asaf(1), asar(1), aur(1), aur-m(1), aur-s(1), bapt(2), bar-c(3), bell(1), berb(3), bol(2), bor(1), bov(1), brom(1), bry(3), bufo(1), cahin(1), calc(3), calc-ar(2), calc-f(1), calc-p(2), calc-s(1), camph(1), cann-i(1), cann-s(1), canth(3), caps(1), carb-ac(2), carb-an(2), carb-s(2), carb-v(2), card-m(2), carl(1), caul(2), caust(2), cham(2), chel(1), chin(3), chin-a(1), chr-ac(1), cimic(2), cimx(2), cinnam(1), cinnb(1), clem(1), cob(1), coc-c(1), cocc(2), coff(1), colch(2), coloc(2), con(2), cop(1), cor-r(1), corn(1), croc(1), crot-h(1), crot-t(1), cund(1), cupr(1), cupr-ar(1), cur(2), cycl(1), dig(1), dios(1), dulc(3), echi(2), elaps(1), eup-per(3), eupi(1), ferr(2), ferr-ar(1), ferr-i(1), ferr-p(2), fl-ac(1), gamb(1), gels(2), graph(3), grat(1), guai(2), ham(2), hell(1), helon(2), hep(2), hura(1), hydr(2), hydrc(1), hyos(1), hyper(1), ign(1), ind(1), iod(1), ip(2), iris(1), jug-c(1), kali-ar(1), kali-bi(2), kali-c(2), kali-i(2), kali-n(2), kali-p(2), kali-s(2), kalm(2), kreos(1), lac-c(2), lac-d(2), lach(2), lact(1), lec(1), led(3), lil-t(2), lob(1), lyc(1), lycps(1), lyss(2), mag-c(1), mag-m(2), mag-p(2), mag-s(1), mang(1), med(1), meli(1), meny(2), merc(1), merl(1), mez(2), mur-ac(2), murx(1), naja(1), nat-a(1), nat-c(2), nat-m(2), nat-p(2), nat-s(2), nicc(1), nit-ac(2), nux-m(3), nux-v(3), ol-an(1), ol-j(1), onos(1), op(2), osm(1), ox-ac(1), petr(1), ph-ac(2), phos(3), phyt(2), pic-ac(2), plan(1), plat(2), plb(1), podo(2), psor(2), ptel(1), puls(3), ran-b(1), ran-s(2), rat(1), rheum(1), rhod(2), rhus-t(3), rhus-v(1), rob(1), ruta(2), sabin(1), samb(1), sang(1), sec(2), senec(1), sep(3), sil(2), sin-n(1), stann(1), staph(2), stram(1), stront(2), stry(2), sul-ac(2), sul-i(1), sulph(3), syph(1), tarax(1), tarent(1), ter(1), thuj(1), valer(2), vario(3), verat(1), vib(1), zinc(2)"
905,2,"PAIN, Lumbar region, morning","alum(1), ang(1), arg-n(1), bor(1), bufo(1), carb-s(2), carb-v(1), chel(1), cimic(2), colch(2), dios(1), eup-per(2), hep(2), kali-c(1), kali-p(2), naja(1), nux-v(3), onos(1), petr(2), plan(1), ran-b(1), sang(1), senec(1), staph(1), stront(1), stry(2)"
905,3,"PAIN, Lumbar region, morning, bed, in","carb-s(1), cocc(1), form(1), hep(1), nux-v(2), petr(1), puls(1), ruta(1), staph(1)"
905,3,"PAIN, Lumbar region, morning, bending forward, on","cocc(1), puls(1)"
905,4,"PAIN, Lumbar region, morning, bending forward, on, to left",mang(1)
905,3,"PAIN, Lumbar region, morning, rising from bed, on","arg-n(1), calc(2), chel(1), graph(1), kali-c(2), lyc(2), nat-m(1), petr(1), rat(1), sil(2), thuj(1), valer(1)"
905,4,"PAIN, Lumbar region, morning, rising from bed, on, after, amel.","cocc(1), form(1), kali-p(1), staph(1)"
905,2,"PAIN, Lumbar region, forenoon","jug-c(1), stront(1), sulph(1)"
905,2,"PAIN, Lumbar region, noon",thuj(1)
905,2,"PAIN, Lumbar region, afternoon","bry(1), carb-s(1), coloc(1), hyos(1), mag-c(1), mag-m(1), naja(1), nicc(1), petr(1), plb(1), sep(3)"
905,2,"PAIN, Lumbar region, evening","alum(1), bar-c(2), coloc(2), dios(1), iris(1), kali-n(1), lach(1), mag-c(1), mag-m(1), meny(1), naja(1), nat-c(1), nat-s(2), nit-ac(1), nux-m(1), pic-ac(1), sep(2), sin-n(1), stront(1), sulph(3), zing(1)"
905,3,"PAIN, Lumbar region, evening, lying down, after","alum(1), kalm(1), mag-m(1), naja(1)"
905,3,"PAIN, Lumbar region, evening, menstruation, during",kali-n(1)
905,3,"PAIN, Lumbar region, evening, 7-30 p.m., on waking from a nap",sep(1)
905,2,"PAIN, Lumbar region, night","am-c(1), am-m(3), ars(2), bry(1), cham(2), chin(2), eupi(1), ferr(2), ferr-i(1), fl-ac(1), kali-n(1), lact-ac(1), laur(1), lil-t(2), lyc(2), mag-c(1), mag-m(1), mag-s(1), nat-s(2), podo(1), rhus-t(1), sars(1), sep(2), sil(2), staph(1), sulph(2), zinc(1)"
905,3,"PAIN, Lumbar region, night, bed, in","am-m(3), kalm(1), lil-t(1), naja(2), puls(1), zinc(1)"
905,3,"PAIN, Lumbar region, night, midnight, before","laur(1), rhus-t(1)"
905,3,"PAIN, Lumbar region, night, 2 a.m.",kali-n(1)
905,3,"PAIN, Lumbar region, night, 1 to 4 a.m.",am-m(1)
905,3,"PAIN, Lumbar region, night, 3 a.m., driving him out","kali-c(3), kali-n(1)"
905,4,"PAIN, Lumbar region, night, 3 a.m., driving him out, sleep, during",am-m(3)
905,3,"PAIN, Lumbar region, night, wakes at 4 a.m.",staph(1)
905,2,"PAIN, Lumbar region, air, a draft of",nux-v(1)
905,3,"PAIN, Lumbar region, air, a draft of, cold, in","bar-c(2), nit-ac(2), sep(1)"
905,3,"PAIN, Lumbar region, air, a draft of, open",lyc(1)
905,2,"PAIN, Lumbar region, alternating with headache","aloe(1), brom(1)"
905,3,"PAIN, Lumbar region, alternating with headache, hæmorrhoids",aloe(1)
905,3,"PAIN, Lumbar region, alternating with headache, pain in thighs",am-c(1)
906,2,"PAIN, Lumbar region, ascending stairs","alum(1), carb-s(1)"
906,2,"PAIN, Lumbar region, bending forward while sitting","cocc(1), lac-c(1), pic-ac(1), puls(1)"
906,3,"PAIN, Lumbar region, bending forward while sitting, amel.",chel(1)
906,3,"PAIN, Lumbar region, bending forward while sitting, backward","bar-c(1), cina(1), con(1), kali-c(1), mang(2), plat(1), puls(1), rhus-t(1), sabin(1), sel(1), thuj(1)"
906,4,"PAIN, Lumbar region, bending forward while sitting, backward, amel.","acon(1), am-m(1), fl-ac(1), hura(1), sabad(1), sabin(1)"
906,3,"PAIN, Lumbar region, bending forward while sitting, to left",plb(1)
906,2,"PAIN, Lumbar region, blowing nose","calc-p(1), dig(1)"
906,2,"PAIN, Lumbar region, breathing","alum(1), am-c(1), carb-an(1), carb-v(1), coloc(1), kali-bi(1), kali-c(2), merc(1), prun-s(1), sulph(2)"
906,3,"PAIN, Lumbar region, breathing, deeply","arn(1), asar(1), aur(1), conv(1), kali-n(1), nat-m(1), phel(1), sars(1)"
906,3,"PAIN, Lumbar region, breathing, sitting bent, while",dulc(1)
906,2,"PAIN, Lumbar region, chill, before","aesc(3), eup-pur(2), podo(3)"
906,3,"PAIN, Lumbar region, chill, before, during","ars(1), calc(2), nux-v(2), ph-ac(1), phos(1), puls(1), rhus-t(1), sep(1), sil(1)"
906,2,"PAIN, Lumbar region, coition","cann-i(1), nit-ac(1)"
906,2,"PAIN, Lumbar region, cold, from taking","dulc(3), nit-ac(2), rhus-t(3)"
906,2,"PAIN, Lumbar region, coughing, when","am-c(2), arn(1), bell(1), bor(1), bry(1), calc(1), calc-s(2), caps(1), kali-bi(2), kali-n(1), merc(1), nit-ac(1), ph-ac(1), puls(2), sep(1), sulph(1)"
906,2,"PAIN, Lumbar region, dinner, after","phos(1), sulph(1)"
906,2,"PAIN, Lumbar region, drawing up the limbs agg.",arg-m(1)
906,2,"PAIN, Lumbar region, eating, after","bry(2), cina(1), kali-c(1)"
906,2,"PAIN, Lumbar region, exertion","agar(2), calc-p(2), phys(1)"
906,2,"PAIN, Lumbar region, flatus, passing amel.","am-m(1), bar-c(1), coc-c(1), kali-c(1), lyc(3), pic-ac(2), ruta(2)"
906,2,"PAIN, Lumbar region, injury, after",kali-c(1)
906,2,"PAIN, Lumbar region, jarring","carb-ac(1), cocc(1), podo(1), thuj(2)"
906,2,"PAIN, Lumbar region, laughing","cann-i(3), con(2), phos(2), plb(1), tell(1)"
906,2,"PAIN, Lumbar region, leaning forward","hura(1), lac-c(1)"
906,2,"PAIN, Lumbar region, lifting","calc(2), calc-p(2), med(1), nit-ac(1), nux-v(2), ph-ac(1), sang(2), sep(1), staph(2)"
906,2,"PAIN, Lumbar region, lying, while","agar(1), arn(2), berb(3), bry(1), calc(2), carb-an(2), cham(1), ign(1), kali-i(1), mag-m(1), nux-v(1), prun-s(1), puls(2), rhus-t(3), tab(1), vib(1)"
906,3,"PAIN, Lumbar region, lying, while, amel.","bry(1), cob(2), colch(1), cop(1), kali-c(1), nat-m(2), nux-v(1), ruta(1), sars(1)"
906,3,"PAIN, Lumbar region, lying, while, abdomen, on, amel.","chel(1), nit-ac(1), sel(1)"
906,3,"PAIN, Lumbar region, lying, while, back, on","bry(1), carb-an(1), chin(2), coloc(2), ign(1), kali-n(1), lyc(2), mag-s(1), prun-s(1), rhus-t(3), sep(1), zinc(1)"
906,4,"PAIN, Lumbar region, lying, while, back, on, amel.","ambr(1), cob(1), colch(1), kali-c(2), nat-m(2)"
906,4,"PAIN, Lumbar region, lying, while, back, on, on something hard amel.","nat-m(3), rhus-t(3)"
906,3,"PAIN, Lumbar region, lying, while, bent backward amel.",cahin(1)
906,3,"PAIN, Lumbar region, lying, while, on the side, can only, on the right",nat-s(1)
906,4,"PAIN, Lumbar region, lying, while, on the side, can only, on the right, amel.",zinc(1)
906,4,"PAIN, Lumbar region, lying, while, on the side, can only, on the right, left agg.","agar(1), sulph(3)"
906,2,"PAIN, Lumbar region, menses, before","acon(1), am-c(1), apis(1), asar(2), bar-c(1), berb(1), brom(1), calc(2), calc-p(2), canth(1), caul(2), caust(1), cimic(1), ham(2), hyos(1), iod(1), kali-n(1), mag-c(2), nat-m(1), nit-ac(2), nux-m(1), ol-an(1), phos(1), puls(1), sabin(1), sep(3), spong(2), sulph(2), tril(1), ust(1), vib(2)"
906,3,"PAIN, Lumbar region, menses, before, beginning, at the","acon(1), aloe(1), asar(2), berb(1), caust(2), kali-s(2), lach(3), mag-c(1), nit-ac(2), vib(2)"
906,3,"PAIN, Lumbar region, menses, before, as if would come on","apis(2), calc-p(2)"
906,3,"PAIN, Lumbar region, menses, before, during","acon(1), agar(1), aloe(1), am-c(3), am-m(2), arg-m(1), arg-n(2), ars-i(1), bar-c(1), bell(2), berb(2), brom(2), bry(2), calc(2), calc-s(1), cann-i(2), carb-an(2), carb-s(1), carb-v(1), carl(1), caul(1), caust(2), cham(2), cimic(3), coc-c(1), cocc(2), cycl(1), eupi(1), ferr(1), ferr-i(1), ferr-p(2), graph(2), ham(1), helon(2), hyos(1), ign(1), iod(1), kali-c(2), kali-i(1), kali-n(1), kali-p(2), kali-s(2), kalm(2), kreos(1), lach(3), lachn(1), lact-ac(1), lyc(2), mag-c(2), mag-m(2), mag-s(1), mang(1), nat-c(1), nat-p(1), nicc(2), nit-ac(2), nux-m(3), nux-v(2), phos(2), plat(1), plb(1), prun-s(1), puls(3), rat(1), sabin(1), senec(1), sep(1), sul-ac(1), sulph(3), tarent(2), thuj(2), ust(1), xan(2), zinc(1), zing(1)"
906,3,"PAIN, Lumbar region, menses, before, after","berb(1), calc-p(1), kali-n(1), mag-c(1), puls(1), sep(2), ust(1)"
906,3,"PAIN, Lumbar region, menses, before, instead of",spong(2)
906,3,"PAIN, Lumbar region, menses, before, suppressed","kali-c(1), nux-m(2), puls(3)"
906,2,"PAIN, Lumbar region, misstep","carb-ac(1), cocc(1), podo(1), thuj(1)"
906,2,"PAIN, Lumbar region, mortification, after",nux-v(1)
906,2,"PAIN, Lumbar region, motion, during","acon(1), aesc(3), agar(2), alum(1), am-c(1), ambr(1), arg-m(1), arn(2), asar(1), bry(3), calc(1), calc-p(1), canth(1), caps(1), caust(2), chel(1), chin(3), cimic(1), colch(1), coloc(2), conv(1), croc(1), dulc(1), ign(1), iris(1), kali-bi(1), kali-c(1), kali-i(1), kali-n(1), kalm(1), lach(1), lyc(2), meph(1), mez(1), nat-c(1), nat-s(2), nit-ac(1), nux-v(3), phos(1), phyt(1), pic-ac(1), plan(1), plb(1), podo(1), psor(2), ptel(1), puls(2), ran-b(2), rhus-t(3), sars(2), sep(2), stann(1), sulph(3), tep(1), zinc(1), ziz(1)"
907,3,"PAIN, Lumbar region, motion, during, amel.","aesc(1), alum(1), am-c(1), bry(1), calc(1), calc-f(1), cupr(1), dios(1), ferr(1), fl-ac(2), graph(1), kali-c(1), kali-n(1), kali-p(1), kreos(2), nat-a(1), nat-s(1), nux-m(1), nux-v(1), ox-ac(1), ph-ac(1), phos(1), podo(1), puls(1), rat(1), rhod(2), rhus-t(3), ruta(2), staph(2), stront(1), vib(1)"
907,3,"PAIN, Lumbar region, motion, during, arms",kreos(2)
907,3,"PAIN, Lumbar region, motion, during, on beginning, after lying down",dig(1)
907,3,"PAIN, Lumbar region, motion, during, gentle amel.",prun-s(1)
907,3,"PAIN, Lumbar region, motion, during, after, agg.",rhus-t(2)
907,2,"PAIN, Lumbar region, move, compelled to, no relief",puls(2)
907,2,"PAIN, Lumbar region, paralytic","cocc(2), kalm(1), nat-m(1), ran-s(1), sabin(1), sel(1), zinc(1)"
907,2,"PAIN, Lumbar region, periodical",ars(1)
907,2,"PAIN, Lumbar region, pressure","acon(1), canth(1), colch(1), cycl(1), plat(1), plb(1)"
907,3,"PAIN, Lumbar region, pressure, amel.","aesc(1), arg-m(1), aur(1), carb-ac(1), dig(1), dulc(1), fl-ac(1), led(1), nat-m(2), ph-ac(1), plb(1), rhus-t(2), ruta(1), sabad(1), sep(2), vib(2)"
907,2,"PAIN, Lumbar region, pulling agg.",dios(1)
907,2,"PAIN, Lumbar region, pulsating","am-c(1), mez(1)"
907,2,"PAIN, Lumbar region, raising the thigh, when",aur(1)
907,2,"PAIN, Lumbar region, rheumatic","acon(1), ant-c(2), berb(3), bry(3), cact(1), carb-an(2), cimic(3), colch(2), coloc(2), dulc(2), ferr(2), iod(1), nux-v(3), phyt(2), rhod(1), rhus-t(3), spong(1), stram(1), stry(1), sulph(2), ter(1)"
907,2,"PAIN, Lumbar region, riding","calc(1), sep(1)"
907,2,"PAIN, Lumbar region, rising from a seat","aesc(3), agar(1), am-m(1), ant-c(1), arg-n(2), ars(1), bar-c(1), berb(3), calc(3), calc-s(2), canth(1), carb-an(1), caust(3), cham(2), cob(2), cycl(1), hydr(1), iris(1), lach(2), led(2), merl(1), nat-m(1), petr(2), phos(3), ptel(1), puls(3), rhus-t(3), sep(1), sil(2), staph(2), sulph(3), tab(1), thuj(2), tus-p(1), verat(1), zinc(1)"
907,3,"PAIN, Lumbar region, rising from a seat, amel.","com(2), ferr(1), ptel(1), ruta(2), sulph(1)"
907,3,"PAIN, Lumbar region, rising from a seat, after long sitting","am-c(1), carb-an(1), thuj(1)"
907,4,"PAIN, Lumbar region, rising from a seat, after long sitting, stooping","am-m(1), berb(1), chel(1), kali-bi(1), lyc(2), mur-ac(1), nat-m(1), ph-ac(1), phos(2)"
907,2,"PAIN, Lumbar region, rubbing amel.","kali-c(1), kali-n(1), lil-t(1), nat-s(1), phos(3), plb(1)"
907,2,"PAIN, Lumbar region, sewing","iris(1), lac-c(2)"
907,2,"PAIN, Lumbar region, sitting, while","agar(3), ambr(1), ang(1), arg-m(3), arg-n(2), asaf(1), asar(1), aur(1), bar-c(1), berb(3), bor(1), bry(2), calc(2), calc-f(1), calc-s(1), canth(1), carb-an(1), carb-s(1), carb-v(2), caust(1), chin-s(1), cimx(2), cob(2), coff(1), coloc(1), dig(1), dulc(1), hep(1), hura(1), hyos(1), kali-c(1), kali-i(1), kali-n(1), kali-p(1), kali-s(1), led(1), lyc(2), mag-c(1), mag-m(1), meli(1), meny(1), merc(1), mur-ac(1), nat-a(1), nat-c(1), nat-m(2), nux-v(1), ol-an(1), pall(1), petr(1), ph-ac(1), phel(1), phos(2), prun-s(2), puls(2), rhod(2), rhus-t(3), ruta(2), sabad(1), stann(1), stront(1), sul-ac(1), sulph(2), tab(1), thuj(2), valer(3), zinc(2)"
907,3,"PAIN, Lumbar region, sitting, while, amel.","aeth(1), bor(1), caust(1), mag-c(1), meny(1), ph-ac(1), plb(1), sars(1)"
907,3,"PAIN, Lumbar region, sitting, while, bent agg.","chin-s(1), kali-i(1), lac-c(2), phos(1)"
907,4,"PAIN, Lumbar region, sitting, while, bent agg., amel.","chel(1), ran-b(2)"
907,3,"PAIN, Lumbar region, sitting, while, erect","conv(1), zing(1)"
907,3,"PAIN, Lumbar region, sitting, while, long, after",phos(2)
907,3,"PAIN, Lumbar region, sitting, while, raising thigh, while",agar(1)
907,2,"PAIN, Lumbar region, sleep, before",nat-m(1)
907,2,"PAIN, Lumbar region, sneezing","arund(1), con(2), sulph(2)"
907,2,"PAIN, Lumbar region, snowstorm, before a",ferr(1)
907,2,"PAIN, Lumbar region, standing","agar(1), berb(1), bry(2), caps(1), carb-an(2), coff(1), con(2), kali-c(2), led(1), lyc(2), meny(1), mur-ac(1), ph-ac(1), phos(1), plan(1), plb(1), podo(1), puls(1), ruta(2), sep(1), sul-ac(1), sulph(2), tarax(1), thuj(1), tus-p(1), valer(3), verat(1), zing(1)"
907,3,"PAIN, Lumbar region, standing, amel.","arg-n(2), kreos(1), meli(1)"
907,3,"PAIN, Lumbar region, standing, bent over",sulph(1)
907,3,"PAIN, Lumbar region, standing, erect, impossible","bry(2), cocc(1), petr(2), phos(1), sulph(2)"
907,3,"PAIN, Lumbar region, standing, leaning, sideways",thuj(1)
907,2,"PAIN, Lumbar region, stepping, when","acon(1), carb-ac(1), carb-an(2), spong(1), sulph(2)"
907,2,"PAIN, Lumbar region, stool, before","berb(1), carb-v(1), nat-c(1), puls(2), sulph(1)"
907,3,"PAIN, Lumbar region, stool, before, during","agar(1), arg-n(2), carb-an(2), coloc(1), grat(1), ox-ac(1), rheum(1), spong(1), squil(1), sulph(1), tab(1)"
907,3,"PAIN, Lumbar region, stool, before, amel.",indg(1)
907,3,"PAIN, Lumbar region, stool, before, hard","bry(1), stront(1)"
907,3,"PAIN, Lumbar region, stool, before, soft","nicc(1), podo(2), rheum(1), tab(1)"
908,3,"PAIN, Lumbar region, stool, before, after","aesc(2), carb-v(2), colch(1), dig(1), dros(1), lyss(1), mag-m(1), nat-m(1), podo(2), sil(1), tab(1)"
908,4,"PAIN, Lumbar region, stool, before, after, amel.",ox-ac(1)
908,3,"PAIN, Lumbar region, stool, before, urging at, when","colch(1), sin-a(1)"
908,3,"PAIN, Lumbar region, stool, before, with urging, as if there would be",rat(1)
908,2,"PAIN, Lumbar region, stooping","aesc(2), agar(2), alum(1), am-c(1), ang(1), ars(1), bor(1), bry(1), cham(2), chel(2), clem(1), colch(1), con(1), cur(1), cycl(1), dig(1), dios(1), dulc(2), echi(2), graph(1), hyos(1), kali-bi(1), kali-n(1), kreos(1), lact-ac(1), lyc(1), mag-m(1), mang(1), meny(1), nat-a(1), nat-c(1), nat-m(1), nux-v(1), ol-an(1), petr(1), plb(1), puls(1), rhod(1), ruta(1), sabad(1), sars(1), sil(2), sulph(3), thuj(2), tus-p(1), verat(1), zinc(1)"
908,3,"PAIN, Lumbar region, stooping, amel.","chel(1), meny(1), ph-ac(1), puls(1), sang(1)"
908,3,"PAIN, Lumbar region, stooping, as after long",dulc(3)
908,2,"PAIN, Lumbar region, straightening up","carb-ac(1), kali-bi(1), nat-c(1), nat-m(1), sulph(2)"
908,2,"PAIN, Lumbar region, stretching, when","calc(2), mag-c(1)"
908,2,"PAIN, Lumbar region, turning","bov(1), bry(3), kali-bi(1), nux-v(2), sars(1), sil(1), sulph(1), thuj(1), zinc(1)"
908,3,"PAIN, Lumbar region, turning, bed, is almost impossible","bry(3), dios(1), kali-n(1), nux-v(2), zinc(2)"
908,3,"PAIN, Lumbar region, turning, body, when","alum(1), mag-m(1), nux-v(2), sars(1), thuj(1)"
908,4,"PAIN, Lumbar region, turning, body, when, while walking",hep(1)
908,2,"PAIN, Lumbar region, ulcerative","cann-s(1), kreos(1), nat-s(1), prun-s(1)"
908,2,"PAIN, Lumbar region, urinating, before","graph(1), nat-s(2)"
908,3,"PAIN, Lumbar region, urinating, before, during","phos(1), sulph(1), syph(1)"
908,3,"PAIN, Lumbar region, urinating, before, after agg.",syph(1)
908,4,"PAIN, Lumbar region, urinating, before, after agg., amel.","lyc(3), med(1)"
908,3,"PAIN, Lumbar region, urinating, before, urging, during","nat-s(1), raph(1)"
908,2,"PAIN, Lumbar region, vexation, after",nux-v(1)
908,2,"PAIN, Lumbar region, waking, on","bry(1), card-m(2), colch(1), puls(1), sep(2)"
908,2,"PAIN, Lumbar region, walking, while","aesc(3), aeth(1), agar(2), alum(1), am-c(1), am-m(1), arg-m(1), arn(1), bor(1), bry(2), canth(1), carb-an(2), caust(1), cham(2), chel(1), cocc(2), coff(1), coloc(1), con(1), ferr(1), hep(1), hyos(1), kali-c(2), kali-i(2), kali-s(2), meny(1), mez(1), nat-a(1), nat-c(1), nit-ac(1), ol-j(1), onos(1), plat(1), podo(1), puls(1), ran-b(2), ran-s(1), sars(1), sep(3), stront(1), sulph(2), thuj(2), tus-p(1), verat(1), zinc(2)"
908,3,"PAIN, Lumbar region, walking, while, amel.","am-c(1), ant-c(1), apoc(1), arg-m(3), arg-n(2), ars-m(1), asaf(1), cob(1), dulc(1), gamb(1), kali-n(1), mag-c(1), meli(1), nat-a(1), ph-ac(2), phel(1), phos(1), puls(1), ruta(2), sabad(1), sep(3), staph(2), sulph(1), thuj(1), vib(1), zinc(2)"
908,3,"PAIN, Lumbar region, walking, while, bent, compelled to","am-m(1), kali-c(1), sulph(2)"
908,3,"PAIN, Lumbar region, walking, while, on uneven ground","podo(1), thuj(2)"
908,3,"PAIN, Lumbar region, walking, while, slowly amel.","ferr(3), puls(2)"
908,3,"PAIN, Lumbar region, walking, while, with cane pressed across the back amel.",vib(1)
908,2,"PAIN, Lumbar region, warmth amel.","calc-f(2), caust(1), rhus-t(2)"
908,2,"PAIN, Lumbar region, wet weather, in","calc(2), dulc(3), ran-b(2), rhod(3), rhus-t(2)"
908,2,"PAIN, Lumbar region, writing, while",laur(1)
908,2,"PAIN, Lumbar region, ilium","agar(1), eupi(1), form(1), hell(1), iris(1)"
908,3,"PAIN, Lumbar region, ilium, attachment of muscles","camph(1), form(2), tarent(2)"
908,3,"PAIN, Lumbar region, ilium, crest of right, worse in morning on sitting down, better standing and walking, extending to thigh",staph(1)
908,2,"PAIN, Lumbar region, extending to abdomen","berb(2), bry(1), cham(1), kreos(1), lach(1)"
908,3,"PAIN, Lumbar region, extending to abdomen, around",berb(3)
908,3,"PAIN, Lumbar region, extending to abdomen, over ilium to ovaries and uterus",vib(1)
908,3,"PAIN, Lumbar region, extending to abdomen, arm, to right upper and left lower",alum(1)
908,3,"PAIN, Lumbar region, extending to abdomen, arms",rhod(1)
908,3,"PAIN, Lumbar region, extending to abdomen, back, up the","ars(1), dirc(1), nat-a(1), nux-v(1)"
908,3,"PAIN, Lumbar region, extending to abdomen, bladder and groin, to",bell(1)
908,3,"PAIN, Lumbar region, extending to abdomen, body, around the","acon(1), caust(1), cham(1), cimic(2)"
908,3,"PAIN, Lumbar region, extending to abdomen, over the whole",mez(1)
908,4,"PAIN, Lumbar region, extending to abdomen, over the whole, coccyx, along","carb-v(1), equis(1), hura(1)"
908,3,"PAIN, Lumbar region, extending to abdomen, downward, worse stooping",staph(1)
908,4,"PAIN, Lumbar region, extending to abdomen, downward, worse stooping, and upwards",kali-c(2)
908,5,"PAIN, Lumbar region, extending to abdomen, downward, worse stooping, and upwards, worse walking",hep(1)
908,3,"PAIN, Lumbar region, extending to abdomen, epigastric region, to the, at night",lyc(1)
908,3,"PAIN, Lumbar region, extending to abdomen, feet, to","bor(2), lyc(1), lyss(1), sep(1), still(1)"
908,3,"PAIN, Lumbar region, extending to abdomen, genitals, to the","carl(2), dros(1), erig(1)"
908,3,"PAIN, Lumbar region, extending to abdomen, glutei muscles and thighs",kali-c(3)
908,3,"PAIN, Lumbar region, extending to abdomen, groins, to","bell(2), sulph(2)"
908,4,"PAIN, Lumbar region, extending to abdomen, groins, to, evening",lact(1)
908,4,"PAIN, Lumbar region, extending to abdomen, groins, to, menses, during",sulph(1)
908,4,"PAIN, Lumbar region, extending to abdomen, groins, to, and down legs",plat(1)
909,3,"PAIN, Lumbar region, extending to abdomen, hip, to the","aesc(2), am-c(1), am-m(2), bol(2), carb-v(1), gels(1), kali-bi(1), lach(2), mosch(1), nux-v(2), pall(1), sep(2), sil(2)"
909,4,"PAIN, Lumbar region, extending to abdomen, hip, to the, morning, on rising","euphr(1), thuj(1)"
909,4,"PAIN, Lumbar region, extending to abdomen, hip, to the, over the, to umbilical region, better by rubbing",lil-t(1)
909,3,"PAIN, Lumbar region, extending to abdomen, hips and legs, to the, in afternoon","ars(1), dios(1)"
909,4,"PAIN, Lumbar region, extending to abdomen, hips and legs, to the, in afternoon, during, menses",nit-ac(1)
909,3,"PAIN, Lumbar region, extending to abdomen, hypochondrium, to the, morning on waking",kali-n(1)
909,3,"PAIN, Lumbar region, extending to abdomen, knee, to the","plb(1), psor(1)"
909,3,"PAIN, Lumbar region, extending to abdomen, legs, down the","agar(1), berb(2), bor(1), carl(1), coloc(1), dios(1), ign(1), kali-c(3), lyc(1), lyss(1), nat-a(1), nit-ac(1), ox-ac(1), ph-ac(1), pic-ac(1), plat(1), sep(1), sil(2), stann(1), stry(1), tarent(1)"
909,4,"PAIN, Lumbar region, extending to abdomen, legs, down the, worse from motion",pic-ac(1)
909,4,"PAIN, Lumbar region, extending to abdomen, legs, down the, during stool","agar(1), grat(1)"
909,4,"PAIN, Lumbar region, extending to abdomen, legs, down the, to calves","berb(1), ph-ac(1), tep(1)"
909,3,"PAIN, Lumbar region, extending to abdomen, limbs to the, on bending backward and on raising the body",carl(1)
909,3,"PAIN, Lumbar region, extending to abdomen, lung, left, to the",sep(1)
909,3,"PAIN, Lumbar region, extending to abdomen, nates","kali-c(3), thuj(1)"
909,3,"PAIN, Lumbar region, extending to abdomen, patella, to the, and back",tarent(1)
909,3,"PAIN, Lumbar region, extending to abdomen, pectoral muscles and arms, to the, after riding",brach(1)
909,3,"PAIN, Lumbar region, extending to abdomen, pelvis, to the","aloe(1), tep(1)"
909,4,"PAIN, Lumbar region, extending to abdomen, pelvis, to the, posterior portion and thighs",berb(3)
909,3,"PAIN, Lumbar region, extending to abdomen, perineum, to the",canth(1)
909,3,"PAIN, Lumbar region, extending to abdomen, pubis, to the","mag-c(1), sabin(3)"
909,3,"PAIN, Lumbar region, extending to abdomen, rectum","aloe(1), calc(1), coc-c(1), lyc(1)"
909,3,"PAIN, Lumbar region, extending to abdomen, sacrum","cimic(1), nux-m(2)"
909,4,"PAIN, Lumbar region, extending to abdomen, sacrum, and thighs",kali-bi(1)
909,5,"PAIN, Lumbar region, extending to abdomen, sacrum, and thighs, coccyx",sulph(1)
909,3,"PAIN, Lumbar region, extending to abdomen, scapulæ",sulph(1)
909,3,"PAIN, Lumbar region, extending to abdomen, shoulders","ars(1), indg(1)"
909,3,"PAIN, Lumbar region, extending to abdomen, side, toward the right, after rising from bending",ox-ac(1)
909,3,"PAIN, Lumbar region, extending to abdomen, spermatic cords, down the, after emission",sars(1)
909,3,"PAIN, Lumbar region, extending to abdomen, stomach","nicc(1), nit-ac(1), puls(1), thuj(1)"
909,3,"PAIN, Lumbar region, extending to abdomen, testes","abrot(1), sulph(1)"
909,4,"PAIN, Lumbar region, extending to abdomen, testes, on coughing",osm(1)
909,3,"PAIN, Lumbar region, extending to abdomen, thighs","agar(1), am-m(1), berb(3), carb-ac(1), coloc(1), dulc(1), hep(1), kali-bi(2), kali-c(2), kreos(1), lyc(2), nat-m(1), nit-ac(1), nux-v(1), sep(1)"
909,4,"PAIN, Lumbar region, extending to abdomen, thighs, breath, every","carb-an(1), nat-m(1)"
909,4,"PAIN, Lumbar region, extending to abdomen, thighs, during stool",stann(1)
909,4,"PAIN, Lumbar region, extending to abdomen, thighs, posterior portion of",berb(3)
909,3,"PAIN, Lumbar region, extending to abdomen, umbilicus","prun-s(1), rhus-v(1)"
909,3,"PAIN, Lumbar region, extending to abdomen, upward","alum(1), ars(1), clem(1), dirc(1), kreos(1), lach(1), led(1), nux-v(1)"
909,4,"PAIN, Lumbar region, extending to abdomen, upward, like a fan",lach(2)
909,4,"PAIN, Lumbar region, extending to abdomen, upward, sitting, while",meny(1)
909,4,"PAIN, Lumbar region, extending to abdomen, upward, stooping, worse","arn(1), sil(2)"
909,3,"PAIN, Lumbar region, extending to abdomen, uterus, to the","elaps(1), helon(1), nat-m(2)"
909,3,"PAIN, Lumbar region, extending to abdomen, vagina",kreos(1)
909,2,"PAIN, Lumbar region, spine","bell(1), cact(1), calc(2), calc-p(2), chel(2), kali-i(1), kalm(2), kreos(1), plb(1), psor(1), sabin(1), sarr(1), thuj(1)"
909,3,"PAIN, Lumbar region, spine, forenoon",bry(1)
909,3,"PAIN, Lumbar region, spine, motion, on",lyc(1)
909,1,"PAIN, Lumbo-sacral region","aesc(3), carb-ac(1), carb-an(1), carb-s(1), cimic(2), coloc(1), helon(1), lil-t(1), onos(3), puls(3), sil(1)"
909,2,"PAIN, Lumbo-sacral region, morning","carb-s(1), ign(1)"
909,2,"PAIN, Lumbo-sacral region, night",carb-ac(1)
909,2,"PAIN, Lumbo-sacral region, coughing, on, agg.",phos(1)
909,2,"PAIN, Lumbo-sacral region, lifting too heavy a weight, as if from, when standing and when walking",phos(1)
909,2,"PAIN, Lumbo-sacral region, lying on side",puls(1)
909,3,"PAIN, Lumbo-sacral region, lying on side, on back amel.",puls(1)
909,2,"PAIN, Lumbo-sacral region, stooping",aesc(2)
909,2,"PAIN, Lumbo-sacral region, turning in bed",sulph(1)
909,2,"PAIN, Lumbo-sacral region, extending to uterus",helon(1)
909,3,"PAIN, Lumbo-sacral region, extending to uterus, over ilium ending in cramp in uterus","sep(1), vib(1)"
909,1,"PAIN, Sacral region","abrot(1), absin(1), acon(1), act-sp(1), aesc(3), agar(3), ail(1), all-s(1), aloe(1), alum(2), am-c(1), am-m(1), ang(1), ant-c(1), ant-t(3), apis(2), arg-m(2), arg-n(1), arn(1), ars(2), ars-i(1), asaf(1), aur(1), bad(1), bapt(2), bar-c(2), bell(2), berb(3), bor(1), bry(2), calad(1), calc(3), calc-p(2), calc-s(1), canth(1), caps(2), carb-ac(1), carb-an(2), carb-s(1), carb-v(2), caul(1), caust(2), cham(1), chel(1), chin(2), chin-a(1), cic(1), cimic(2), cimx(2), cina(1), cinnb(1), cob(1), coc-c(1), cocc(1), coff(1), colch(1), coloc(2), con(1), cor-r(1), croc(1), cupr(1), cupr-ar(1), dig(1), dios(2), dulc(2), eup-per(1), eup-pur(1), ferr(1), ferr-i(1), fl-ac(1), form(1), gamb(1), gels(3), glon(1), graph(2), ham(1), helon(2), hep(2), hyper(2), ign(2), iod(1), kali-ar(1), kali-bi(2), kali-c(2), kali-i(1), kali-n(1), kali-p(2), kali-s(1), kreos(2), lac-c(2), lach(2), lact(1), lam(1), laur(2), lec(1), led(1), lept(2), lil-t(2), lith(1), lob(2), lyc(3), lyss(2), mag-c(1), mag-m(1), mag-s(1), med(2), meli(1), meny(1), merc(2), mez(1), mosch(1), mur-ac(3), murx(1), naja(1), nat-a(1), nat-c(1), nat-m(2), nat-p(1), nat-s(2), nit-ac(3), nux-m(3), nux-v(2), ol-an(1), ol-j(1), onos(3), op(1), ox-ac(1), petr(1), phel(1), phos(2), phys(1), phyt(2), pic-ac(1), plan(1), plat(1), podo(2), psor(2), ptel(1), puls(3), ran-b(1), ran-s(1), rhod(1), rhus-r(2), rhus-t(2), ruta(2), sabin(1), samb(1), sang(1), sarr(1), sars(1), sec(2), seneg(1), sep(3), sil(2), spong(1), staph(1), stram(1), stront(1), sul-ac(1), sulph(2), tarax(1), tell(3), ter(1), thuj(2), ust(1), valer(1), vario(3), verat(1), xan(1), zinc(1), zing(1)"
910,2,"PAIN, Sacral region, daytime",lil-t(1)
910,2,"PAIN, Sacral region, morning","ang(1), calad(1), ign(1), kali-n(1), lac-c(1), lil-t(1), nat-m(1), petr(1), phos(1), puls(2), sel(1), staph(2), sulph(1), thuj(1), verat(1)"
910,3,"PAIN, Sacral region, morning, coition, during",kali-bi(1)
910,3,"PAIN, Sacral region, morning, waking, on","carb-s(1), carb-v(1), kali-bi(2)"
910,2,"PAIN, Sacral region, afternoon",colch(1)
910,2,"PAIN, Sacral region, evening","agar(1), bar-c(1), lac-c(1), led(1), naja(1), nit-ac(1), puls(1), sep(1), ter(1)"
910,3,"PAIN, Sacral region, evening, amel. in",lil-t(1)
910,2,"PAIN, Sacral region, night","am-c(1), ang(1), arg-n(1), cham(1), chin(1), colch(1), lach(1), lyc(1), mag-c(1), mag-s(1), nat-s(1), nux-v(1), puls(2), staph(1)"
910,3,"PAIN, Sacral region, night, waking him frequently",colch(1)
910,3,"PAIN, Sacral region, night, 1 a.m.",staph(1)
910,2,"PAIN, Sacral region, after-pains",sulph(1)
910,2,"PAIN, Sacral region, alternating with aching in occiput","alum(1), carb-v(1)"
910,2,"PAIN, Sacral region, bending backward","bar-c(1), con(1), plat(1), puls(2), rhus-t(1)"
910,3,"PAIN, Sacral region, bending backward, amel.","lac-c(1), puls(1)"
910,3,"PAIN, Sacral region, bending backward, forward amel.",sang(1)
910,2,"PAIN, Sacral region, blowing nose",arg-n(1)
910,2,"PAIN, Sacral region, breathing, when","berb(1), carb-an(1), carb-v(1), merc(3), ruta(1), sel(1), spig(1), sulph(1), tarax(1)"
910,2,"PAIN, Sacral region, chill, during","ars(1), gamb(1), hyos(1), nux-v(3), psor(1), verat(1)"
910,2,"PAIN, Sacral region, coition","agar(2), calc(1), calc-p(2), kali-c(2), nat-c(1), petr(2), phos(2), sep(3), sil(3), staph(1)"
910,2,"PAIN, Sacral region, cold, from taking","dulc(2), nit-ac(1)"
910,2,"PAIN, Sacral region, coughing, when","am-c(1), bry(2), chel(2), merc(1), nit-ac(1), sulph(1), tell(2)"
910,2,"PAIN, Sacral region, dysentery, with","caps(2), nux-v(2)"
910,2,"PAIN, Sacral region, emissions, after",graph(2)
910,2,"PAIN, Sacral region, exertion, during",agar(1)
910,2,"PAIN, Sacral region, falling, from",kali-c(1)
910,2,"PAIN, Sacral region, flatus, passing amel.",pic-ac(2)
910,2,"PAIN, Sacral region, heat, during",chin(1)
910,2,"PAIN, Sacral region, instrumental delivery, after",hyper(3)
910,2,"PAIN, Sacral region, laughing, when",tell(2)
910,2,"PAIN, Sacral region, leaning back against chair",agar(1)
910,2,"PAIN, Sacral region, lifting, when","anag(1), bry(1)"
910,3,"PAIN, Sacral region, lifting, when, from","calc(2), puls(2), rhus-t(2), sang(2), staph(1)"
910,2,"PAIN, Sacral region, lying, while","agar(1), berb(3), chin(1), naja(1), nux-v(1), puls(1), tarax(1), thuj(1), zing(1)"
910,3,"PAIN, Sacral region, lying, while, amel.","agar(3), kali-c(1)"
910,3,"PAIN, Sacral region, lying, while, with body bent forward amel.",bry(1)
910,3,"PAIN, Sacral region, lying, while, not able to rise","agar(3), sil(1)"
910,3,"PAIN, Sacral region, lying, while, on the back","bapt(1), bell(1), ign(2), lyc(1), puls(1), tell(2)"
910,4,"PAIN, Sacral region, lying, while, on the back, amel.","agar(2), calc-p(1), puls(1)"
910,3,"PAIN, Sacral region, lying, while, compelled","agar(3), calc-p(1), cimx(1)"
910,3,"PAIN, Sacral region, lying, while, face, on, amel.",bapt(1)
910,3,"PAIN, Sacral region, lying, while, side","act-sp(1), nat-s(2), puls(1)"
910,4,"PAIN, Sacral region, lying, while, side, amel.",puls(2)
910,4,"PAIN, Sacral region, lying, while, side, right agg.",agar(1)
910,2,"PAIN, Sacral region, menses, before","am-c(1), bar-c(1), carb-an(1), caust(1), kali-n(1), lach(1), mag-c(1), nux-v(1), puls(1), vib(2)"
910,3,"PAIN, Sacral region, menses, before, during","am-c(2), am-m(2), berb(2), bor(1), calc(1), calc-s(1), carb-s(1), carb-v(1), caust(2), cham(1), cimic(1), con(1), ferr(1), kali-c(2), kali-n(1), kali-p(2), kreos(1), lob(2), lyc(1), mag-c(1), mag-m(1), nat-c(2), nat-p(1), phos(1), prun-s(1), puls(2), rat(1), sabin(2), sang(1), sars(2), senec(2), sulph(2), zinc(1), zing(1)"
911,2,"PAIN, Sacral region, motion, during","aesc(2), agar(2), caust(1), chel(1), chin(2), coloc(1), form(1), hura(1), kali-bi(1), lil-t(1), lyc(1), phos(1), phys(1), phyt(1), plan(1), psor(1), puls(3), sars(1), sec(1), tell(1)"
911,3,"PAIN, Sacral region, motion, during, amel. during","aloe(1), ang(1), coloc(1), fl-ac(1), lac-c(2), lyc(2), nux-m(3), psor(1), puls(3), rhus-t(3), thuj(1)"
911,3,"PAIN, Sacral region, motion, during, gentle, amel.",puls(3)
911,2,"PAIN, Sacral region, moving arm, on",chel(1)
911,2,"PAIN, Sacral region, paralytic","arg-n(1), graph(2)"
911,2,"PAIN, Sacral region, pressure amel.","kali-c(1), led(1), mag-m(1), sep(2)"
911,2,"PAIN, Sacral region, raising leg, on",bry(1)
911,2,"PAIN, Sacral region, rheumatic","kali-bi(1), sulph(1), zinc(1)"
911,2,"PAIN, Sacral region, riding in a carriage","lac-c(1), nux-m(3)"
911,2,"PAIN, Sacral region, rising from sitting","aesc(3), ant-c(1), bar-c(1), calc(3), caust(2), con(1), ferr(1), kali-bi(2), lac-c(2), lyc(3), petr(1), phos(2), psor(1), puls(2), rhod(1), sil(3), staph(2), sulph(3), tell(1), thuj(1), verat(1)"
911,3,"PAIN, Sacral region, rising from sitting, stooping","lyc(2), phos(2), sars(1), verat(1)"
911,2,"PAIN, Sacral region, sitting, while","agar(3), aloe(1), ang(1), ant-t(1), apis(2), arg-m(2), arg-n(2), asaf(1), asar(1), bar-c(1), bell(2), berb(3), bor(1), bufo(1), caust(1), cist(1), cob(1), kali-bi(1), kreos(2), lac-c(2), lyc(2), meny(1), merc(1), nat-a(1), nat-c(1), nat-s(1), ol-an(1), phel(1), prun-s(1), puls(2), rhus-t(3), ruta(1), sabad(1), spig(1), ter(1), thuj(2)"
911,3,"PAIN, Sacral region, sitting, while, a while, after","aloe(1), asaf(1), berb(1), phos(1), puls(1)"
911,3,"PAIN, Sacral region, sitting, while, must sit bent forward",lyc(1)
911,2,"PAIN, Sacral region, sneezing",arg-n(1)
911,2,"PAIN, Sacral region, standing, while","agar(2), con(3), led(1), lil-t(2), lith(2), merc(1), phos(2), plan(1), puls(1), rhus-t(1), spong(1), verat(1)"
911,3,"PAIN, Sacral region, standing, while, amel.","arg-n(1), bell(1)"
911,2,"PAIN, Sacral region, stool, before","berb(1), carb-v(1), dios(2), kali-n(1), nat-c(1), sars(1), zing(1)"
911,3,"PAIN, Sacral region, stool, before, during","agar(2), arg-n(2), carb-an(3), merc-c(2), nux-v(3), podo(2), sars(1), tell(2)"
911,3,"PAIN, Sacral region, stool, before, after","aesc(1), podo(2), tab(1)"
911,4,"PAIN, Sacral region, stool, before, after, amel.","berb(1), indg(1)"
911,3,"PAIN, Sacral region, stool, before, while pressing at","agar(2), carb-an(2), tell(2)"
911,3,"PAIN, Sacral region, stool, before, with urging to","am-be(1), lil-t(1), merc-c(2), nux-v(3)"
911,2,"PAIN, Sacral region, stoop, inability to","aesc(1), bor(1), puls(1)"
911,2,"PAIN, Sacral region, stooping, when","aesc(3), bor(1), bufo-s(1), lac-c(1), lyc(1), meny(1), ol-an(1), plb(1), ruta(1), sars(1), sulph(1), tell(2), thuj(1), verat(1)"
911,2,"PAIN, Sacral region, stretching amel.",alum(1)
911,2,"PAIN, Sacral region, stretching out leg, on",bry(1)
911,2,"PAIN, Sacral region, touch agg.",colch(1)
911,2,"PAIN, Sacral region, turning in bed","bry(2), nux-v(2), staph(2)"
911,3,"PAIN, Sacral region, turning in bed, to left amel.",agar(1)
911,2,"PAIN, Sacral region, ulcerative",puls(2)
911,2,"PAIN, Sacral region, urine, on retaining",nat-s(2)
911,2,"PAIN, Sacral region, urinating, while",graph(2)
911,2,"PAIN, Sacral region, walking, while","acon(1), aesc(3), agar(1), bor(1), bry(1), form(1), ham(1), kali-bi(1), kali-c(2), phos(2), sabad(1), sars(1), spong(1), sulph(1), verat(1), zinc(1)"
911,3,"PAIN, Sacral region, walking, while, amel.","ang(1), arg-m(1), arg-n(1), lyc(2), merc(1), nat-a(1), psor(1), staph(1), tell(2), thuj(1)"
911,3,"PAIN, Sacral region, walking, while, in open air amel.","ruta(1), tell(2)"
911,3,"PAIN, Sacral region, walking, while, slow amel.","bell(1), puls(3)"
911,3,"PAIN, Sacral region, walking, while, stepping with left foot, when",spong(1)
911,2,"PAIN, Sacral region, extending to coccyx while sitting",kreos(1)
911,3,"PAIN, Sacral region, extending to coccyx while sitting, to groin","plat(1), sabin(2), sulph(3)"
911,4,"PAIN, Sacral region, extending to coccyx while sitting, to groin, during menses","arn(1), sabin(2), sulph(3)"
911,3,"PAIN, Sacral region, extending to coccyx while sitting, feet",lyc(1)
911,3,"PAIN, Sacral region, extending to coccyx while sitting, front",arg-m(2)
911,3,"PAIN, Sacral region, extending to coccyx while sitting, hips","aesc(3), berb(1), cimx(1), coloc(1), lac-c(2), pall(1), phyt(1), puls(1), sep(3), ust(1)"
911,4,"PAIN, Sacral region, extending to coccyx while sitting, hips, and pelvis",arg-n(1)
911,4,"PAIN, Sacral region, extending to coccyx while sitting, hips, and thighs","cimic(2), lac-c(2), sep(2)"
911,5,"PAIN, Sacral region, extending to coccyx while sitting, hips, and thighs, during labor",cimic(2)
911,5,"PAIN, Sacral region, extending to coccyx while sitting, hips, and thighs, while sitting",thuj(1)
911,3,"PAIN, Sacral region, extending to coccyx while sitting, down legs","agar(2), arn(1), cimx(1), coloc(2), graph(2), lac-c(2), lyc(1), med(2), pic-ac(2), plat(1), plb(1), sep(2)"
911,4,"PAIN, Sacral region, extending to coccyx while sitting, down legs, to great toe",arn(1)
911,4,"PAIN, Sacral region, extending to coccyx while sitting, down legs, after stool",rhus-t(1)
911,3,"PAIN, Sacral region, extending to coccyx while sitting, lower extremities","cimic(2), cimx(1), lac-c(2), lil-t(2), sep(2)"
911,3,"PAIN, Sacral region, extending to coccyx while sitting, ovarian region",ust(1)
911,3,"PAIN, Sacral region, extending to coccyx while sitting, to pubis","arg-m(1), helon(1), laur(2), sabin(3), sulph(2)"
912,3,"PAIN, Sacral region, extending to coccyx while sitting, right hip",sulph(2)
912,3,"PAIN, Sacral region, extending to coccyx while sitting, thighs","arn(1), berb(1), cimic(2), coloc(2), kali-c(1), kreos(1), nux-v(1), sec(2), sep(2), sulph(2), tell(2)"
912,4,"PAIN, Sacral region, extending to coccyx while sitting, thighs, right agg. by pressing at stool or cough",tell(3)
912,4,"PAIN, Sacral region, extending to coccyx while sitting, thighs, while sitting",thuj(1)
912,3,"PAIN, Sacral region, extending to coccyx while sitting, uterus","cham(2), helon(1), nat-m(1)"
912,1,"PAIN, Sacro-iliac junction","aesc(3), ant-t(2), apis(1), arg-n(2), bry(2), calc-p(2), cimic(2), coloc(2), dios(1), ferr(1), gels(1), hep(1), jug-c(1), nat-p(1), ol-j(1), plb(1), rhus-t(1), rumx(1), sabad(1), spong(1), sulph(1), thuj(2)"
912,2,"PAIN, Sacro-iliac junction, right",nat-p(1)
912,2,"PAIN, Sacro-iliac junction, separated, as if",calc-p(1)
912,2,"PAIN, Sacro-iliac junction, extending to groin",thuj(2)
912,3,"PAIN, Sacro-iliac junction, extending to groin, down region of sciatics during labor",cimic(2)
912,1,"PAIN, Coccyx","aesc(1), agar(1), agn(1), alum(1), am-c(1), am-m(2), apis(3), arg-n(1), ars-i(1), asaf(1), bell(1), bor(1), bov(1), calc(2), calc-p(2), calc-s(1), cann-i(1), cann-s(2), canth(2), carb-an(2), carb-s(2), carb-v(2), cast-eq(1), caust(3), cic(1), cimic(1), cist(2), colch(1), con(2), dios(1), eupho(2), fl-ac(2), gamb(2), graph(1), grat(1), hep(1), hyper(2), ign(1), iod(1), kali-bi(2), kali-c(2), kali-i(1), kali-p(2), kreos(3), lach(2), lact(1), led(1), lil-t(1), lob(1), mag-c(2), med(2), merc(2), mur-ac(1), nat-m(1), nit-ac(2), nux-m(1), par(2), petr(2), ph-ac(1), phos(2), pic-ac(1), plat(1), plb(1), rhus-t(2), ruta(2), sep(2), sil(2), staph(1), sulph(1), syph(1), tarent(1), thuj(2), verat(1), xan(1), zinc(3)"
912,2,"PAIN, Coccyx, morning on waking",kali-bi(2)
912,2,"PAIN, Coccyx, evening","alum(1), apis(2), cast-eq(2), caust(2), graph(1), kali-bi(2)"
912,2,"PAIN, Coccyx, coition, during",kali-bi(1)
912,2,"PAIN, Coccyx, confinement, after",tarent(1)
912,2,"PAIN, Coccyx, dislocated, as if","agar(1), sulph(1)"
912,2,"PAIN, Coccyx, fall, as from a",kali-i(1)
912,3,"PAIN, Coccyx, fall, as from a, after a","hyper(3), mez(2), sil(3)"
912,2,"PAIN, Coccyx, lying, while",carb-an(2)
912,3,"PAIN, Coccyx, lying, while, on back",bell(1)
912,2,"PAIN, Coccyx, menses, during","bell(1), canth(1), carb-an(1), caust(2), cic(2), cist(2), graph(1), kali-c(1), kreos(1), merc(1), ph-ac(1), thuj(1), zinc(1)"
912,3,"PAIN, Coccyx, menses, during, suppressed","bell(1), caust(1), kali-c(1), mag-c(1), merc(1), petr(1), phos(1), plat(1), ruta(1), thuj(1), zinc(1)"
912,2,"PAIN, Coccyx, motion, on","caust(2), eupho(1), fl-ac(1), kali-bi(1), phos(2), tarent(1)"
912,3,"PAIN, Coccyx, motion, on, impeding","lach(1), phos(2)"
912,2,"PAIN, Coccyx, pressure","arum-t(2), calc-p(2), carb-an(2), carb-v(2), eupho(2), fl-ac(1), kali-bi(2), petr(2), sil(3), tarent(1), xan(1)"
912,3,"PAIN, Coccyx, pressure, on abdomen, amel.",merc(1)
912,2,"PAIN, Coccyx, riding in a carriage","nux-m(1), sil(2)"
912,3,"PAIN, Coccyx, riding in a carriage, as after a long carriage ride",sil(3)
912,2,"PAIN, Coccyx, rising from a seat","caust(2), eupho(2), kali-bi(2), lach(3), sil(3), sulph(2)"
912,3,"PAIN, Coccyx, rising from a seat, amel.",kreos(1)
912,2,"PAIN, Coccyx, sitting, while","am-m(2), apis(2), arg-n(1), bell(1), carb-an(2), cast-eq(2), cist(1), kali-bi(3), lach(2), led(1), par(2), petr(2), plat(1), rhus-t(1), syph(1), tarent(1), thuj(1), xan(1), zinc(1)"
912,3,"PAIN, Coccyx, sitting, while, on something sharp, as if",lach(2)
912,3,"PAIN, Coccyx, sitting, while, after, unable to rise",bell(1)
912,2,"PAIN, Coccyx, sleep, during",am-m(2)
912,2,"PAIN, Coccyx, standing",verat(1)
912,3,"PAIN, Coccyx, standing, amel.","arg-n(1), bell(1), tarent(1)"
912,3,"PAIN, Coccyx, standing, erect",thuj(1)
912,2,"PAIN, Coccyx, stool, after","grat(1), sulph(1)"
912,2,"PAIN, Coccyx, stooping, when",sulph(1)
912,2,"PAIN, Coccyx, stretching amel.",alum(1)
912,2,"PAIN, Coccyx, touched, when","alum(1), bell(1), calc-p(2), carb-an(2), cist(1), eupho(2), fl-ac(1), kali-bi(2), lach(1), petr(1), phos(1), sil(3), xan(1)"
912,2,"PAIN, Coccyx, ulcerative","carb-an(2), phos(2)"
912,2,"PAIN, Coccyx, urinating, before",kali-bi(1)
912,3,"PAIN, Coccyx, urinating, before, while",graph(2)
912,2,"PAIN, Coccyx, walking, while","bry(1), kali-bi(2)"
912,3,"PAIN, Coccyx, walking, while, slowly amel.",bell(1)
912,2,"PAIN, Coccyx, extending through spine to vertex during stool, drawing head backward",phos(2)
912,3,"PAIN, Coccyx, extending through spine to vertex during stool, drawing head backward, to rectum and vagina",kreos(2)
912,3,"PAIN, Coccyx, extending through spine to vertex during stool, drawing head backward, urethra before urination",kali-bi(2)
912,1,"PAIN, Spine","acon(1), aesc(1), aeth(2), agar(3), ang(2), aran(1), arn(2), ars(1), aur(1), aur-s(1), bell(2), benz-ac(1), berb(2), brach(1), cact(1), camph(1), caps(2), carb-v(1), caust(2), chel(3), chin(1), chin-a(1), cimic(3), cina(2), cinnb(1), cob(1), cocc(2), colch(1), coloc(1), con(2), crot-c(2), cur(1), cycl(1), daph(1), dios(1), elaps(1), gels(2), glon(1), hura(1), hyper(1), ign(1), iodof(1), jatr(1), kali-a(1), kali-bi(1), kali-p(2), kalm(2), lach(2), lact(1), lact-ac(1), led(2), lycps(1), mag-c(1), mag-m(1), mang(1), med(1), meph(1), merc(2), morph(1), mosch(1), mur-ac(1), naja(2), nat-m(3), nit-ac(1), nux-m(2), nux-v(2), oena(1), ol-j(1), olnd(1), petr(2), ph-ac(2), phos(3), plb(1), ran-b(1), ruta(3), sil(3), spig(1), spong(1), staph(1), stry(1), sul-ac(1), sulph(1), tanac(1), tarent(1), tell(2), thuj(1), verat(1), xan(1), zinc(3)"
913,2,"PAIN, Spine, morning","aur(1), euphr(1)"
913,3,"PAIN, Spine, morning, rising, after",sulph(1)
913,3,"PAIN, Spine, morning, waking, on",euphr(1)
913,2,"PAIN, Spine, afternoon",stront(1)
913,2,"PAIN, Spine, evening in bed","kali-bi(1), mag-m(1)"
913,2,"PAIN, Spine, night, with weakness of extremities",arg-n(1)
913,3,"PAIN, Spine, night, with weakness of extremities, midnight, after",ant-s(1)
913,2,"PAIN, Spine, bending backward","calc(2), chel(2), dios(1), mang(1), peti(1)"
913,2,"PAIN, Spine, breathing deeply","chel(2), led(1), ruta(2)"
913,2,"PAIN, Spine, coition, after",nit-ac(1)
913,2,"PAIN, Spine, convulsions, after",acon(1)
913,2,"PAIN, Spine, cough, during",bell(3)
913,2,"PAIN, Spine, dinner, after","agar(2), cob(1)"
913,2,"PAIN, Spine, eating, after","agar(2), kali-c(2)"
913,2,"PAIN, Spine, jarring agg.","acon(1), bell(3), graph(3), podo(1), sulph(2), ther(2), thuj(2)"
913,2,"PAIN, Spine, lying down, on",nat-m(2)
913,3,"PAIN, Spine, lying down, on, back",nat-m(2)
913,2,"PAIN, Spine, motion, on","agar(2), meph(1), merc(2)"
913,3,"PAIN, Spine, motion, on, amel.","euphr(1), ph-ac(2)"
913,2,"PAIN, Spine, noise agg.",ars(1)
913,2,"PAIN, Spine, pressure amel.",verat(1)
913,2,"PAIN, Spine, pulsating",lach(2)
913,2,"PAIN, Spine, relieving the headache",kali-p(1)
913,2,"PAIN, Spine, shock, as from a, on riding in a carriage","petr(1), ther(2)"
913,2,"PAIN, Spine, sitting, while","helon(1), ph-ac(2), ruta(2), spong(1), zinc(2)"
913,3,"PAIN, Spine, sitting, while, amel.",mur-ac(1)
913,2,"PAIN, Spine, standing, while","nit-ac(1), ph-ac(2)"
913,3,"PAIN, Spine, standing, while, amel.",mur-ac(1)
913,2,"PAIN, Spine, stimulants",zinc(2)
913,2,"PAIN, Spine, stool, during",phos(2)
913,2,"PAIN, Spine, stooping, while","agar(2), zinc(1)"
913,2,"PAIN, Spine, swallowing, while","caust(1), kali-c(1)"
913,2,"PAIN, Spine, walking, on","mur-ac(2), par(1), ruta(2), sep(1), stront(1), verat(1)"
913,3,"PAIN, Spine, walking, on, amel.",ph-ac(2)
913,2,"PAIN, Spine, extending from coccyx to occiput, drawing head backward",phos(2)
913,3,"PAIN, Spine, extending from coccyx to occiput, drawing head backward, down","berb(3), cur(1), cycl(1), glon(1), mang(1), nat-m(1), phys(1), ust(1)"
913,3,"PAIN, Spine, extending from coccyx to occiput, drawing head backward, epigastrium, to","nicc(1), rat(1), thuj(1)"
913,3,"PAIN, Spine, extending from coccyx to occiput, drawing head backward, lower extremities, to",agar(1)
913,3,"PAIN, Spine, extending from coccyx to occiput, drawing head backward, occiput, to","phos(2), plb(1)"
913,3,"PAIN, Spine, extending from coccyx to occiput, drawing head backward, up spine","agar(1), caust(1), mag-m(1), nux-v(1), petr(1), phos(1), sulph(1)"
913,4,"PAIN, Spine, extending from coccyx to occiput, drawing head backward, up spine, on stooping",sulph(1)
913,1,"PAIN, aching","abrot(1), aesc(2), aeth(1), agar(1), ail(1), all-s(1), aloe(2), alum(1), am-c(1), am-m(1), ant-c(1), apis(1), apoc(1), arg-n(2), ars(2), asaf(2), asc-t(1), aur-m(1), bapt(2), bar-c(1), bar-m(1), bell(3), benz-ac(1), berb(2), bism(2), bol(1), bry(3), calad(1), calc(2), calc-f(1), calc-p(1), calc-s(1), cann-i(2), cann-s(1), canth(1), carb-ac(1), carb-an(2), carb-s(2), casc(2), caul(1), caust(1), cham(1), chel(1), chin-s(1), cimic(1), cinnb(1), cob(2), coc-c(1), cocc(1), colch(1), com(1), con(2), crot-t(1), cupr-ar(2), dig(1), dios(1), elaps(1), eug(1), eup-per(3), eup-pur(3), eupi(1), ferr(1), ferr-ar(1), ferr-i(1), ferr-p(1), gels(2), graph(3), ham(1), hell(1), helon(1), hyos(1), hyper(1), ind(1), ip(3), iris(1), kali-ar(1), kali-bi(2), kali-c(2), kali-n(1), kali-s(2), kalm(2), kreos(1), lac-c(1), lach(1), lact-ac(1), laur(1), lil-t(2), lob(1), lyc(1), lycps(1), lyss(2), med(1), meph(1), merc-i-f(1), mez(1), morph(2), mur-ac(3), nat-a(1), nat-c(2), nat-m(3), nat-p(2), nit-ac(1), nux-v(3), olnd(1), op(1), osm(1), ox-ac(1), petr(1), phos(2), phys(1), pic-ac(2), plb(1), psor(2), ptel(1), puls(3), ran-b(3), raph(1), rhod(1), rhus-t(2), rhus-v(1), rumx(1), ruta(2), sabin(1), sang(1), sec(2), seneg(1), sep(3), sil(2), sin-a(1), stront(1), stry(1), sul-ac(1), sulph(2), tarent(1), tell(3), ter(2)"
913,2,"PAIN, aching, right","asaf(1), bar-c(1), bell(1), benz-ac(1), blatta(1), dios(1), lyc(1), merc-i-f(1)"
913,2,"PAIN, aching, left","bism(1), carb-an(1), cocc(1), mez(1), tarent(1)"
914,2,"PAIN, aching, morning","berb(1), dios(1), equis(1), eug(1), eupho(1), eupi(1), mag-s(1), phyt(1), rhod(1), thuj(1)"
914,3,"PAIN, aching, morning, bed, in","ang(1), berb(1), eupho(1), kali-n(1), mag-s(1), petr(1)"
914,3,"PAIN, aching, morning, rising, on","caust(1), cedr(1), graph(1), hep(1), ran-b(1)"
914,3,"PAIN, aching, morning, waking, on","berb(1), cham(1), ptel(1)"
914,2,"PAIN, aching, forenoon","equis(1), ptel(1)"
914,3,"PAIN, aching, forenoon, 10 a.m.",am-m(1)
914,2,"PAIN, aching, noon","dios(1), eupi(1), rhus-t(1)"
914,2,"PAIN, aching, afternoon","abrot(1), agar(1), cham(1), chel(1), equis(1), glon(1), hyos(1), pall(1), plb(1), ptel(1), rumx(1), sep(1), zing(1)"
914,2,"PAIN, aching, evening","acon(1), agar(1), alumn(1), ars(2), cham(1), cist(1), ferr-i(1), kali-s(1), led(1), lil-t(1), phys(1), sarr(1)"
914,3,"PAIN, aching, evening, after exertion, amel.",ruta(1)
914,2,"PAIN, aching, night","agar(1), aloe(1), am-m(2), arg-n(2), berb(1), helon(1), lycps(1), mag-c(1), mag-m(1), nat-c(1), phys(1), senec(1), sulph(3)"
914,3,"PAIN, aching, night, menses, during",am-m(1)
914,3,"PAIN, aching, night, sleep, after",am-m(1)
914,3,"PAIN, aching, night, 11 to 12 p.m.",am-m(2)
914,3,"PAIN, aching, night, midnight, after, spasmodic, worse when inspiring",nit-ac(2)
914,2,"PAIN, aching, air, open",nux-v(2)
914,3,"PAIN, aching, air, open, cool, amel.",kali-s(1)
914,2,"PAIN, aching, bar, as from a","ars(1), lach(1)"
914,2,"PAIN, aching, bed, confines him to",ars-s-f(1)
914,2,"PAIN, aching, bending backward amel.",aeth(1)
914,2,"PAIN, aching, breathing, when","inul(1), raph(1)"
914,3,"PAIN, aching, breathing, when, deep",nat-c(1)
914,3,"PAIN, aching, breathing, when, arresting",cann-s(1)
914,2,"PAIN, aching, carrying a basket, when",phos(1)
914,2,"PAIN, aching, chill, before","carb-v(1), daph(1), dios(2), eup-per(3), ip(1), podo(3), rhus-t(1)"
914,3,"PAIN, aching, chill, before, during","ant-t(2), eup-per(2), ip(2)"
914,2,"PAIN, aching, coffee agg.",cham(1)
914,2,"PAIN, aching, cold, after taking",nit-ac(1)
914,3,"PAIN, aching, cold, after taking, washing amel.",vesp(1)
914,2,"PAIN, aching, confinement, after",hyper(2)
914,2,"PAIN, aching, coughing, on","am-c(1), kali-n(1), merc(1), puls(1), sep(1)"
914,2,"PAIN, aching, dinner, after","agar(1), cob(1)"
914,2,"PAIN, aching, dysuria, during",vesp(1)
914,2,"PAIN, aching, eating, while",crot-c(1)
914,3,"PAIN, aching, eating, while, after","agar(1), ant-t(1)"
914,2,"PAIN, aching, emission, after","ant-c(1), cob(1), kali-br(1), ph-ac(1), sars(1), staph(2)"
914,2,"PAIN, aching, fasting, while",kali-n(1)
914,2,"PAIN, aching, fever, during","eug(1), ziz(1)"
914,2,"PAIN, aching, leaning against something amel.","eupi(1), zing(1)"
914,2,"PAIN, aching, lying","berb(2), cur(2)"
914,3,"PAIN, aching, lying, on abdomen amel.",nit-ac(1)
914,3,"PAIN, aching, lying, on the back","carb-an(1), nit-ac(1)"
914,4,"PAIN, aching, lying, on the back, amel.","equis(1), nat-m(2)"
914,2,"PAIN, aching, menses, before","berb(1), brom(1), calc(1), caust(2), eupi(1), gels(2), hyos(1), hyper(1), nux-v(1), puls(3), spong(1)"
914,3,"PAIN, aching, menses, before, during","acon(1), agar(1), am-m(1), bell(2), berb(1), bry(1), calc-p(1), caul(1), cimic(1), crot-h(1), eupi(1), ferr(1), graph(1), inul(1), kali-c(2), nat-c(1), nat-h(1), nat-p(1), phos(2), phys(1), rhus-t(1)"
914,3,"PAIN, aching, menses, before, after","berb(1), kali-c(2), mag-c(1), verat(2)"
914,3,"PAIN, aching, menses, before, suppressed","aesc(3), kali-c(2), sep(2), sil(2)"
914,2,"PAIN, aching, motion, on","aesc(2), agar(1), am-c(1), equis(1), ferr(1), gent-l(1), ox-ac(1), petr(2), sil(1), stry(1)"
914,3,"PAIN, aching, motion, on, amel.",graph(1)
914,3,"PAIN, aching, motion, on, of shoulders",cocc(1)
914,2,"PAIN, aching, paroxysmal","asaf(1), phos(1)"
914,2,"PAIN, aching, pressure amel.","kali-c(3), nat-m(2), sep(2)"
914,2,"PAIN, aching, rheumatic","arn(1), ind(1), kali-c(1), plb(1), stram(1), stry(1)"
914,3,"PAIN, aching, rheumatic, evening",colch(1)
914,3,"PAIN, aching, rheumatic, night",gels(1)
914,2,"PAIN, aching, riding in a carriage, after",nux-m(3)
914,3,"PAIN, aching, riding in a carriage, after, on horse-back",ars(1)
914,2,"PAIN, aching, rising from a seat","aesc(2), ars(1), bell(1), calc(1)"
914,2,"PAIN, aching, sitting, while","berb(1), bism(1), bor(1), cann-i(1), cham(1), cob(1), cocc(1), equis(1), euphr(1), helon(1), nat-c(1), nux-v(1), ox-ac(1), pic-ac(1), plb(1), podo(1), puls(1), sep(3), thuj(1), zinc(3)"
914,3,"PAIN, aching, sitting, while, bent over, while",sep(1)
915,3,"PAIN, aching, sitting, while, down, when",cob(1)
915,3,"PAIN, aching, sitting, while, long, after","lith-m(1), phos(1), puls(3)"
915,2,"PAIN, aching, standing, on","lyc(1), tus-p(1)"
915,2,"PAIN, aching, step, false, on",sulph(2)
915,2,"PAIN, aching, stool, during",manc(1)
915,3,"PAIN, aching, stool, during, difficult",puls(2)
915,3,"PAIN, aching, stool, during, after",rheum(1)
915,2,"PAIN, aching, stooping, on","agar(2), bor(1), bov(1), caps(1), cham(2), kali-n(1), sulph(2)"
915,3,"PAIN, aching, stooping, on, after","aesc(3), agar(1), chel(1)"
915,2,"PAIN, aching, supper after",sulph(1)
915,2,"PAIN, aching, swallowing, on","kali-c(1), raph(1)"
915,2,"PAIN, aching, turning, on, must sit up to turn over in bed",nux-v(3)
915,2,"PAIN, aching, urinating amel.",lyc(3)
915,2,"PAIN, aching, waking, on","hep(1), myric(1), ptel(1)"
915,2,"PAIN, aching, walking, while","aesc(3), bapt(1), bor(1), cham(1), euphr(1), iris(1), kali-c(3), lyc(1), psor(3), sep(1)"
915,3,"PAIN, aching, walking, while, after","nat-c(2), phos(1), stry(1)"
915,2,"PAIN, aching, warm room",kali-s(1)
915,2,"PAIN, aching, writing, after continued","lyc(1), mur-ac(1), sep(1)"
915,2,"PAIN, aching, Cervical region","acon(1), aesc(2), ambr(1), bar-c(1), bell(1), calc(2), calc-caust(2), cann-i(1), carb-v(1), cimic(2), con(1), dig(1), dios(1), gels(3), guai(2), hell(1), ign(1), iod(1), lil-t(1), merl(2), myric(1), naja(1), nat-m(1), petr(1), ran-b(1), rhus-v(1), sep(1), syph(2), verat-v(2), vesp(1), zinc(2)"
915,3,"PAIN, aching, Cervical region, morning","aml-n(1), thuj(1)"
915,4,"PAIN, aching, Cervical region, morning, rising",calc-caust(1)
915,4,"PAIN, aching, Cervical region, morning, on waking",ars(1)
915,3,"PAIN, aching, Cervical region, forenoon",agar(1)
915,3,"PAIN, aching, Cervical region, evening","alum(1), olnd(1), zinc(3)"
915,3,"PAIN, aching, Cervical region, air, slightest draft of",calc-p(1)
915,3,"PAIN, aching, Cervical region, bending head back amel.","cycl(1), lac-c(1)"
915,3,"PAIN, aching, Cervical region, coughing, on",bell(2)
915,3,"PAIN, aching, Cervical region, motion, on","aesc(2), glon(1), mez(1), sars(1), verat-v(1)"
915,3,"PAIN, aching, Cervical region, room, on entering from open air",ran-b(1)
915,3,"PAIN, aching, Cervical region, supper, after amel.",sep(1)
915,3,"PAIN, aching, Cervical region, writing, while","carb-an(1), zinc(3)"
915,3,"PAIN, aching, Cervical region, extending to arms",plect(1)
915,4,"PAIN, aching, Cervical region, extending to arms, head and shoulders",dios(1)
915,4,"PAIN, aching, Cervical region, extending to arms, occipital region",aml-n(1)
915,4,"PAIN, aching, Cervical region, extending to arms, shoulders",verat-v(2)
915,4,"PAIN, aching, Cervical region, extending to arms, small of back on going to stool",verat(1)
915,3,"PAIN, aching, Cervical region, spine",hell(1)
915,2,"PAIN, aching, Dorsal region","aesc(1), bol(1), calc(1), calc-ar(2), cann-s(2), pic-ac(1), rhus-t(1), tep(1)"
915,3,"PAIN, aching, Dorsal region, morning",calc-p(1)
915,3,"PAIN, aching, Dorsal region, afternoon","calc-s(1), erig(1)"
915,3,"PAIN, aching, Dorsal region, evening","calc-s(1), erig(1)"
915,3,"PAIN, aching, Dorsal region, night, latter part of",calc-p(1)
915,3,"PAIN, aching, Dorsal region, scapulæ","aeth(1), asaf(1), calc-p(1), chin(2), cor-r(1), hell(1), jug-c(1), lil-t(1), lyc(1), merc-i-f(1), mur-ac(1), petr(1), phyt(1), verat-v(1)"
915,3,"PAIN, aching, Dorsal region, writing, while","mur-ac(1), petr(1)"
915,3,"PAIN, aching, Dorsal region, scapulæ, between","aesc(2), ail(1), arn(1), arum-t(1), bell(2), calad(1), calc-ar(1), calc-caust(1), carb-an(1), clem(1), dros(1), dulc(1), kali-p(1), lac-c(1), lob(1), merc(1), naja(1), nux-v(2), ox-ac(1), phos(1), plb(1), ran-s(1), rhod(1), rhus-t(1), rhus-v(1), seneg(1), sep(2), staph(1), tab(1)"
915,4,"PAIN, aching, Dorsal region, scapulæ, between, morning",staph(1)
915,4,"PAIN, aching, Dorsal region, scapulæ, between, coughing, on","calc(1), kali-bi(1), stram(1)"
915,4,"PAIN, aching, Dorsal region, scapulæ, between, expiration agg.",sep(1)
915,4,"PAIN, aching, Dorsal region, scapulæ, between, leaning back amel.",lac-c(1)
915,4,"PAIN, aching, Dorsal region, scapulæ, between, standing",rumx(1)
915,4,"PAIN, aching, Dorsal region, scapulæ, between, stepping hard",seneg(1)
915,4,"PAIN, aching, Dorsal region, scapulæ, between, walking",bell(1)
915,4,"PAIN, aching, Dorsal region, scapulæ, between, warm, becoming",lac-c(1)
915,4,"PAIN, aching, Dorsal region, scapulæ, between, under","agar(1), arn(1), bell(1), calc(1), chel(3), cupr(1), ind(1), kali-bi(1), kreos(1), laur(1), merc(1), myric(1), nat-m(1), phys(1), rumx(1), sulph(2), tarent(1)"
915,5,"PAIN, aching, Dorsal region, scapulæ, between, under, right","chel(2), ind(1)"
915,5,"PAIN, aching, Dorsal region, scapulæ, between, under, left","cench(1), crot-h(1), lach(1), med(1), naja(1)"
915,5,"PAIN, aching, Dorsal region, scapulæ, between, under, evening","seneg(1), sulph(2), tarent(1)"
915,6,"PAIN, aching, Dorsal region, scapulæ, between, under, evening, 7 p.m.",gels(1)
915,5,"PAIN, aching, Dorsal region, scapulæ, between, under, night",tarent(1)
915,5,"PAIN, aching, Dorsal region, scapulæ, between, under, expiration, on",sep(2)
916,5,"PAIN, aching, Dorsal region, scapulæ, between, under, motion, on","chel(1), tarent(1)"
916,6,"PAIN, aching, Dorsal region, scapulæ, between, under, motion, on, arm",led(1)
916,5,"PAIN, aching, Dorsal region, scapulæ, between, under, riding",phyt(1)
916,5,"PAIN, aching, Dorsal region, scapulæ, between, under, sitting, while",seneg(1)
916,5,"PAIN, aching, Dorsal region, scapulæ, between, under, walking, while","led(1), med(1)"
916,4,"PAIN, aching, Dorsal region, scapulæ, between, spine","ail(1), arund(1), calc(1), phos(1)"
916,5,"PAIN, aching, Dorsal region, scapulæ, between, spine, respiration agg.",calc(1)
916,2,"PAIN, aching, Lumbar region","acon(1), aesc(3), aeth(1), aloe(1), alum(1), am-c(1), am-m(1), aml-n(1), ant-t(1), anth(1), apis(2), apoc(1), arg-n(1), arn(1), ars(2), ars-h(2), ars-m(1), arum-t(1), asaf(1), asar(1), asc-t(1), bad(1), bapt(1), bar-ac(2), bar-c(1), bell(1), berb(3), bol(1), brach(1), brom(2), bry(3), bufo(1), calc(3), calc-ar(2), calc-f(1), calc-p(1), camph(1), cann-s(1), canth(2), carb-ac(2), carb-an(1), carb-s(2), carb-v(2), carl(1), casc(1), caul(1), caust(2), cham(1), chel(2), chin(2), chin-s(1), cic(1), cimic(2), cimx(1), cinnb(1), clem(2), cob(1), coc-c(2), coff(1), colch(1), coloc(2), com(1), con(1), crot-t(1), cupr(1), cupr-ar(1), cycl(1), dig(1), dios(1), dor(2), dulc(3), equis(1), eup-per(1), fl-ac(1), gels(3), glon(1), gnaph(1), graph(2), gymn(1), ham(1), hell(1), helon(2), hep(1), hipp(1), hura(2), hydr(2), hyos(1), hyper(2), ign(1), ind(2), iodof(1), iris(1), jatr(1), jug-c(1), kali-bi(1), kali-br(1), kali-c(2), kali-chl(1), kali-n(2), kali-p(2), kalm(2), kreos(2), lach(1), lact-ac(2), lept(1), lil-t(2), lob(1), lyc(1), lyss(1), mag-m(1), mag-s(1), merc(1), merc-i-f(1), mez(1), morph(1), mur-ac(2), murx(1), myric(1), naja(1), nat-a(1), nat-c(1), nat-p(1), nat-s(1), nicc(1), nit-ac(1), nux-m(1), nux-v(3), ol-an(1), op(1), osm(1), ox-ac(2), petros(1), phos(2), phys(1), phyt(2), pic-ac(2), plan(1), plb(1), podo(2), prun-s(1), psor(2), ptel(1), puls(2), raph(1), rhod(2), rhus-t(1), rumx(1), sabin(1), samb(1), sang(1), sarr(1), sars(2), sec(2), senec(2), sep(3), sil(2), staph(2), stram(1), stront(1), stry(2), sul-ac(2), sulph(3), sumb(1), tab(1), tarent(2), thuj(1), trom(1), ust(1), verat(1), vip(1), zinc(2), zing(1), ziz(1)"
916,3,"PAIN, aching, Lumbar region, daytime","ant-c(1), ox-ac(1)"
916,4,"PAIN, aching, Lumbar region, daytime, while at rest",am-c(1)
916,3,"PAIN, aching, Lumbar region, morning","aml-n(1), bufo(1), chel(1), cimic(1), cinnb(1), cop(1), croc(1), dios(2), hura(1), ign(1), kali-bi(2), lact-ac(1), lyc(1), mag-m(1), mur-ac(1), naja(1), nicc(1), nux-v(3), plan(1), puls(2), ran-b(1), rhus-t(3), sang(1), sars(1), senec(2), stann(1)"
916,4,"PAIN, aching, Lumbar region, morning, bed, in","chr-ox(1), nux-v(2)"
916,4,"PAIN, aching, Lumbar region, morning, rising, on","aloe(1), calc(1), cedr(1), hipp(1), lyc(1), ox-ac(1)"
916,5,"PAIN, aching, Lumbar region, morning, rising, on, after, amel.",nat-s(1)
916,4,"PAIN, aching, Lumbar region, morning, waking, on","carb-s(1), erig(1), op(1), plan(1)"
916,3,"PAIN, aching, Lumbar region, forenoon","jug-c(1), stront(1), sulph(1)"
916,4,"PAIN, aching, Lumbar region, forenoon, sitting","jug-c(1), sulph(1)"
916,4,"PAIN, aching, Lumbar region, forenoon, 11 a.m.",lact-ac(1)
916,3,"PAIN, aching, Lumbar region, noon",lycps(1)
916,3,"PAIN, aching, Lumbar region, afternoon","calc-f(1), coc-c(1), dios(1), erig(1), fago(1), jug-c(1), kali-c(1), lycps(1), ptel(1), rhus-t(1), sep(2), stry(1)"
916,4,"PAIN, aching, Lumbar region, afternoon, deep inspiration, on",sars(1)
916,4,"PAIN, aching, Lumbar region, afternoon, fever, during",trom(1)
916,4,"PAIN, aching, Lumbar region, afternoon, sitting, while, 2 p.m.",hura(1)
916,4,"PAIN, aching, Lumbar region, afternoon, evening","alum(1), apoc(1), cob(1), coc-c(1), dios(1), dirc(1), erig(1), ferr(1), hura(1), kalm(1), lycps(1), murx(1), naja(1), nux-m(1), pic-ac(1), stry(1), sulph(1), sumb(1), tanac(1)"
916,4,"PAIN, aching, Lumbar region, afternoon, 7-30 p.m., on waking",sep(1)
916,3,"PAIN, aching, Lumbar region, night","aesc(2), agar(1), arg-n(1), coc-c(1), fl-ac(1), lyc(1), mag-c(1), mag-m(1), nicc(1), nit-ac(1), nux-v(2), podo(1), sang(1), senec(1), sep(3), sil(2), sulph(1), zinc(1)"
916,4,"PAIN, aching, Lumbar region, night, bed, in","croc(1), lact-ac(1), naja(1)"
916,5,"PAIN, aching, Lumbar region, night, bed, in, on going to","bapt(1), sin-n(1)"
916,5,"PAIN, aching, Lumbar region, night, bed, in, on turning in",zinc(1)
916,3,"PAIN, aching, Lumbar region, alternating with headache","aloe(1), brom(1)"
916,4,"PAIN, aching, Lumbar region, alternating with headache, pain in thighs",am-c(1)
916,3,"PAIN, aching, Lumbar region, ascending stairs",tus-p(1)
916,3,"PAIN, aching, Lumbar region, bending amel.","caust(1), psor(1)"
916,4,"PAIN, aching, Lumbar region, bending amel., backward","asaf(1), con(1), kali-c(1), puls(1), sabin(1), sel(1)"
916,5,"PAIN, aching, Lumbar region, bending amel., backward, amel.","fl-ac(1), puls(1), sabad(1), sabin(1)"
916,4,"PAIN, aching, Lumbar region, bending amel., forward",asaf(1)
916,3,"PAIN, aching, Lumbar region, chill, during","gamb(1), myric(1)"
916,3,"PAIN, aching, Lumbar region, coition, after",cann-i(1)
916,3,"PAIN, aching, Lumbar region, constipated, when","kali-bi(1), tep(1)"
916,3,"PAIN, aching, Lumbar region, cough, during","arund(1), kali-n(1), merc(1), tell(1)"
916,3,"PAIN, aching, Lumbar region, dinner, after","phos(1), sulph(1)"
916,3,"PAIN, aching, Lumbar region, eating, while",coc-c(1)
916,3,"PAIN, aching, Lumbar region, elbows and knees, on, amel.",coloc(1)
916,3,"PAIN, aching, Lumbar region, emissions, after",ham(1)
916,3,"PAIN, aching, Lumbar region, erect, becoming",nat-m(1)
917,3,"PAIN, aching, Lumbar region, erections, violent, after",mag-m(1)
917,3,"PAIN, aching, Lumbar region, flatus, after, amel.",coc-c(1)
917,3,"PAIN, aching, Lumbar region, jarring, on","carb-ac(1), podo(1)"
917,3,"PAIN, aching, Lumbar region, kneeling",euphr(1)
917,3,"PAIN, aching, Lumbar region, labor-like","acon(1), kreos(2), nux-v(1), puls(3)"
917,3,"PAIN, aching, Lumbar region, laughing, when","cann-i(3), tell(1)"
917,3,"PAIN, aching, Lumbar region, leaning against something, amel.",zing(1)
917,4,"PAIN, aching, Lumbar region, leaning against something, amel., on the side, amel.",raph(1)
917,3,"PAIN, aching, Lumbar region, lying, while","agar(1), aml-n(1), mag-m(1), nux-v(2), tab(1)"
917,4,"PAIN, aching, Lumbar region, lying, while, amel.",cob(1)
917,4,"PAIN, aching, Lumbar region, lying, while, on abdomen, can only",nit-ac(1)
917,4,"PAIN, aching, Lumbar region, lying, while, on the back","ign(1), lyc(1)"
917,3,"PAIN, aching, Lumbar region, menses, before","am-c(1), arum-d(1), berb(1), caust(1), mag-c(2), phos(1)"
917,4,"PAIN, aching, Lumbar region, menses, before, on appearance of","acon(1), aloe(1), berb(1), nit-ac(1)"
917,4,"PAIN, aching, Lumbar region, menses, before, during","aloe(1), am-m(2), berb(1), cast(1), caust(1), coc-c(2), cop(1), eupi(1), graph(1), iod(1), lach(2), lyc(1), mag-c(1), mag-m(1), nit-ac(1), prun-s(1), rat(1), sulph(3), tarent(1), zing(1)"
917,4,"PAIN, aching, Lumbar region, menses, before, after","berb(1), calc-p(1), kali-n(1), puls(1)"
917,4,"PAIN, aching, Lumbar region, menses, before, delayed",sul-ac(1)
917,3,"PAIN, aching, Lumbar region, misstep","carb-ac(1), podo(1)"
917,3,"PAIN, aching, Lumbar region, motion, on","aesc(3), alum(1), am-c(1), asar(1), canth(1), chel(1), colch(1), croc(1), hydr(1), ign(1), iris(1), kali-bi(1), kali-n(1), lyc(1), nit-ac(1), ox-ac(2), phyt(2), pic-ac(2), plan(1), podo(1), psor(2), rhus-t(3), sars(1), sep(2), tep(1), ziz(1)"
917,4,"PAIN, aching, Lumbar region, motion, on, amel.","alum(1), calc-caust(1), calc-f(1), kali-n(1), kreos(1), nux-v(1), rhod(1), staph(1), stront(1)"
917,4,"PAIN, aching, Lumbar region, motion, on, sudden",rumx(1)
917,4,"PAIN, aching, Lumbar region, motion, on, on commencing","dig(1), led(2), tab(1)"
917,3,"PAIN, aching, Lumbar region, paralytic","carl(1), cocc(2), kalm(1), nat-m(1), ran-s(1), sabin(2), sel(1), zinc(1)"
917,3,"PAIN, aching, Lumbar region, periodic",ars(1)
917,3,"PAIN, aching, Lumbar region, pressure, agg.","canth(1), graph(2)"
917,4,"PAIN, aching, Lumbar region, pressure, agg., amel.","carb-ac(1), fl-ac(1)"
917,3,"PAIN, aching, Lumbar region, riding, while","calc(1), carb-ac(1)"
917,3,"PAIN, aching, Lumbar region, rising up, on","aesc(1), agar(1), am-m(1), ant-c(1), ars(2), calc(2), carb-an(1), led(1), nat-m(1), petr(1), phos(1), puls(1), sil(2), sulph(1), tus-p(1), verat(1)"
917,4,"PAIN, aching, Lumbar region, rising up, on, amel.","cob(1), ferr(1), ptel(1), ruta(2), sulph(1)"
917,4,"PAIN, aching, Lumbar region, rising up, on, and beginning to walk","tab(1), zinc(1)"
917,3,"PAIN, aching, Lumbar region, sewing",iris(1)
917,3,"PAIN, aching, Lumbar region, sitting, while","agar(2), carb-an(1), caust(1), chin-s(1), cob(2), equis(1), hura(1), lyc(1), mag-c(1), mag-m(1), mur-ac(1), nux-v(1), ol-an(1), pall(1), phos(2), prun-s(2), puls(1), rhod(1), rhus-t(3), sulph(2), tab(1)"
917,4,"PAIN, aching, Lumbar region, sitting, while, amel.","mag-c(1), meny(1)"
917,4,"PAIN, aching, Lumbar region, sitting, while, bent","chin-s(1), phos(1)"
917,4,"PAIN, aching, Lumbar region, sitting, while, after a walk",ruta(1)
917,3,"PAIN, aching, Lumbar region, sneezing",sulph(2)
917,3,"PAIN, aching, Lumbar region, standing","kali-c(1), meny(1), mur-ac(1), phos(1), podo(1), stry(1), verat(1)"
917,4,"PAIN, aching, Lumbar region, standing, amel.",arg-n(2)
917,3,"PAIN, aching, Lumbar region, stepping agg.","acon(1), carb-ac(1), spong(1)"
917,3,"PAIN, aching, Lumbar region, stool, before","kali-n(1), ox-ac(1)"
917,4,"PAIN, aching, Lumbar region, stool, before, during","nicc(1), squil(1), sulph(1), tab(1)"
917,5,"PAIN, aching, Lumbar region, stool, before, during, hard",stront(1)
917,4,"PAIN, aching, Lumbar region, stool, before, after","colch(1), dros(1)"
917,5,"PAIN, aching, Lumbar region, stool, before, after, amel.",coc-c(1)
917,4,"PAIN, aching, Lumbar region, stool, before, hard, amel.",ox-ac(1)
917,3,"PAIN, aching, Lumbar region, stooping, when","aesc(2), alum(1), am-caust(1), cham(1), con(1), dig(1), dios(1), dulc(2), hura(1), hyos(1), jug-c(1), kali-bi(1), lyc(1), mang(1), meny(1), nat-m(1), plb(1), puls(1), rhod(1), sabad(1), sars(1), sil(2), sulph(3), thuj(2), zinc(1)"
917,4,"PAIN, aching, Lumbar region, stooping, when, amel.","chel(1), puls(1), sang(1)"
917,4,"PAIN, aching, Lumbar region, stooping, when, after work in the garden",agar(1)
917,3,"PAIN, aching, Lumbar region, straightening up agg.","carb-ac(1), kali-bi(1)"
917,4,"PAIN, aching, Lumbar region, straightening up agg., amel.",nat-m(1)
917,3,"PAIN, aching, Lumbar region, touch, on",bry(1)
917,3,"PAIN, aching, Lumbar region, turning suddenly",mag-m(1)
917,4,"PAIN, aching, Lumbar region, turning suddenly, must sit up to turn over in bed",nux-v(3)
917,3,"PAIN, aching, Lumbar region, urinate, during urging to",raph(1)
917,3,"PAIN, aching, Lumbar region, urinating, while",sulph(1)
917,4,"PAIN, aching, Lumbar region, urinating, while, after, amel.",lyc(3)
917,3,"PAIN, aching, Lumbar region, urine, after a large flow of",caust(1)
918,3,"PAIN, aching, Lumbar region, walking","aesc(2), agar(1), alum(1), am-c(1), am-m(1), apoc(1), bapt(1), brach(1), coff(1), colch(1), con(1), dios(1), grat(1), hyos(1), kali-bi(1), mez(1), nat-c(1), podo(1), rhus-v(1), sep(1), spong(1), stry(1), sulph(2), tab(1), tus-p(1), ust(1), verat(1), zinc(1)"
918,4,"PAIN, aching, Lumbar region, walking, amel.","ant-c(1), arg-n(2), cob(1), kali-p(2), kreos(1), phos(1), ruta(2), staph(1), tab(1)"
918,4,"PAIN, aching, Lumbar region, walking, bent amel.",sulph(2)
918,4,"PAIN, aching, Lumbar region, walking, menses, during",mag-m(1)
918,4,"PAIN, aching, Lumbar region, walking, continued, amel.",zinc(1)
918,3,"PAIN, aching, Lumbar region, wanting, as if third vertebra were",psor(2)
918,3,"PAIN, aching, Lumbar region, warm room, on entering",gels(1)
918,3,"PAIN, aching, Lumbar region, warm applications amel.","calc-f(1), caust(1), rhus-t(2)"
918,3,"PAIN, aching, Lumbar region, washing, after","aloe(1), aml-n(1), calc-caust(1), equis(1), gamb(1), myric(1), podo(2), ptel(1), sulph(2)"
918,3,"PAIN, aching, Lumbar region, above hip","bell(1), dulc(1), kali-bi(1)"
918,3,"PAIN, aching, Lumbar region, waist line","calc(1), mur-ac(1), rumx(1), sars(1), sil(1), tarent(1)"
918,2,"PAIN, aching, Lumbo-sacral region","aesc(3), asc-t(1), aspar(1), cimic(2), colch(1), dios(1), gels(1), hura(1), lil-t(1), onos(3), phos(2), sil(1)"
918,3,"PAIN, aching, Lumbo-sacral region, night",aesc(2)
918,2,"PAIN, aching, Sacrum","acon(1), aesc(3), agar(3), alum(1), arg-n(1), aur(1), bapt(2), calad(1), calc(2), calc-p(2), calc-s(2), canth(1), carb-an(1), carb-s(1), carb-v(2), cham(1), chin(1), cimic(2), coff(2), colch(1), con(1), eug(1), eup-pur(1), fl-ac(1), gels(3), graph(1), helon(2), hep(1), ign(2), kali-bi(2), kali-c(1), lach(2), lil-t(1), lyc(1), merc(2), mur-ac(3), nat-m(1), nux-v(2), ol-j(1), op(1), phyt(2), ptel(1), puls(3), rhus-t(2), sep(2), sil(2), staph(1), stram(1), sulph(2), vario(1), verat(1)"
918,3,"PAIN, aching, Sacrum, morning","ang(1), calad(1), kali-n(1), nat-m(1), sel(1), staph(2), thuj(1)"
918,3,"PAIN, aching, Sacrum, evening","led(1), sep(2), ter(1)"
918,3,"PAIN, aching, Sacrum, night",arg-n(1)
918,3,"PAIN, aching, Sacrum, as if flesh were detached from bones","acon(1), kali-bi(1)"
918,3,"PAIN, aching, Sacrum, menses, before",vib(2)
918,3,"PAIN, aching, Sacrum, motion, on","aesc(2), colch(2)"
918,3,"PAIN, aching, Sacrum, pressure amel.","colch(1), sep(2)"
918,3,"PAIN, aching, Sacrum, sitting",agar(3)
918,3,"PAIN, aching, Sacrum, stooping",aesc(3)
918,3,"PAIN, aching, Sacrum, walking","aesc(3), colch(2)"
918,3,"PAIN, aching, Sacrum, extending into lower extremities","calc-ar(1), cimic(2), lil-t(2), sep(2)"
918,3,"PAIN, aching, Sacrum, sacro-iliac symphyses","aesc(3), coloc(2), jug-c(1), sulph(2)"
918,2,"PAIN, aching, Coccyx","calc-p(1), carb-v(1), caust(1), fl-ac(2), kali-bi(2), sulph(1), xan(1), zinc(2)"
918,3,"PAIN, aching, Coccyx, menses, during",zinc(1)
918,3,"PAIN, aching, Coccyx, sitting, while","petr(1), plat(1)"
918,3,"PAIN, aching, Coccyx, stool, after",sulph(1)
918,2,"PAIN, aching, Spine","agar(3), asaf(1), carb-v(2), chel(2), chin-a(1), lac-c(2), lach(2), lact-ac(1), lycps(1), lyss(1), nux-m(2), ol-j(1), sil(2), tell(3), zinc(2)"
918,3,"PAIN, aching, Spine, dull sensation as from fullness of blood",phos(1)
918,3,"PAIN, aching, Spine, from base of brain to coccyx","lac-c(2), lact-ac(1)"
918,3,"PAIN, aching, Spine, jar of bed, from","bell(3), graph(3)"
918,3,"PAIN, aching, Spine, sitting",helon(1)
918,1,"PAIN, boring","acon(1), agar(1), ang(1), asaf(1), bar-c(1), bism(2), brom(1), carb-ac(1), cocc(1), ham(2), laur(1), lyc(2), mag-p(1), nat-c(1), psor(1), thuj(1)"
918,2,"PAIN, boring, as with a gimlet",lyc(2)
918,2,"PAIN, boring, in spots",thuj(1)
918,2,"PAIN, boring, Cervical region","bar-c(1), mag-p(2), psor(1)"
918,2,"PAIN, boring, Dorsal region, scapulæ","acon(1), aur-m-n(1), corn(1), dig(1), meny(1), paeon(1)"
918,3,"PAIN, boring, Dorsal region, scapulæ, right",acon(1)
918,4,"PAIN, boring, Dorsal region, scapulæ, right, to front of chest",acon(1)
918,3,"PAIN, boring, Dorsal region, scapulæ, left","dig(1), meny(1)"
918,4,"PAIN, boring, Dorsal region, scapulæ, left, tip of",nat-c(1)
918,3,"PAIN, boring, Dorsal region, scapulæ, deep inspiration, on",acon(1)
918,3,"PAIN, boring, Dorsal region, scapulæ, motion amel.",paeon(1)
918,3,"PAIN, boring, Dorsal region, scapulæ, between","ph-ac(2), psor(1), thuj(1)"
918,3,"PAIN, boring, Dorsal region, scapulæ, shoulders, between","laur(1), ph-ac(1)"
918,4,"PAIN, boring, Dorsal region, scapulæ, shoulders, between, rest, during",laur(1)
918,3,"PAIN, boring, Dorsal region, scapulæ, spine","lyc(2), mez(1), naja(1), phos(1), psor(1)"
918,2,"PAIN, boring, Lumbar region","agar(1), asaf(1), canth(1), carb-ac(2)"
918,3,"PAIN, boring, Lumbar region, right",carb-ac(2)
919,2,"PAIN, boring, Sacral region","acon(1), calad(1), led(1)"
919,1,"PAIN, break, as though the back would","aesc(2), alum(2), bell(3), chel(1), cocc(1), kali-c(2), kalm(1), kreos(1), nat-m(2), nux-v(2), vario(1)"
919,2,"PAIN, break, as though the back would, menses, during","bell(3), nux-v(2), vib(2)"
919,3,"PAIN, break, as though the back would, menses, during, suppressed","bell(3), nux-v(2)"
919,2,"PAIN, break, as though the back would, Cervical region","bell(3), chel(2), form(1)"
919,2,"PAIN, break, as though the back would, Dorsal region",lil-t(2)
919,2,"PAIN, break, as though the back would, Lumbar region","aloe(1), arg-m(1), bell(3), chel(1), ham(2), kreos(2), lyc(3), nat-m(1), nux-v(1), plat(1)"
919,3,"PAIN, break, as though the back would, Lumbar region, motion amel.",kreos(1)
919,3,"PAIN, break, as though the back would, Lumbar region, stooping, when",chel(3)
919,2,"PAIN, break, as though the back would, Sacrum","aloe(1), berb(2), cimic(1), kali-c(1)"
919,3,"PAIN, break, as though the back would, Sacrum, lying, while",berb(1)
919,3,"PAIN, break, as though the back would, Sacrum, sitting, while",berb(1)
919,1,"PAIN, broken, as if","agar(1), arn(1), cina(1), conv(1), eup-per(3), kali-c(2), merc(1), nat-m(2), nux-v(2), phos(3), plat(1), ruta(1), verat(1)"
919,2,"PAIN, broken, as if, lying on the back, while",cina(1)
919,2,"PAIN, broken, as if, stool, before",nux-v(2)
919,2,"PAIN, broken, as if, stooping and on rising up",verat(1)
919,2,"PAIN, broken, as if, walking, after",plat(1)
919,2,"PAIN, broken, as if, Cervical region","acon(1), agar(1), caust(1), chel(1), gels(1), nux-v(1), sabin(1), thuj(1)"
919,3,"PAIN, broken, as if, Cervical region, on moving or raising head",chel(1)
919,3,"PAIN, broken, as if, Cervical region, as if it would break in two; worse left side when riding in a carriage",form(1)
919,2,"PAIN, broken, as if, Scapulæ","hell(1), kreos(1), merc-i-f(1), ran-b(1), sil(1)"
919,2,"PAIN, broken, as if, Lumbar region","arg-m(1), ars(2), bry(1), carb-an(2), cham(2), chel(1), clem(1), con(1), cor-r(1), ferr-i(1), graph(2), ham(2), kali-c(2), kreos(1), lyc(3), mag-m(1), meli(1), nat-m(3), nux-m(2), ox-ac(1), phos(3), plan(1), plat(1), psor(1), rhus-t(2), sep(2), staph(1), sulph(1)"
919,3,"PAIN, broken, as if, Lumbar region, morning in bed","ang(1), staph(2)"
919,3,"PAIN, broken, as if, Lumbar region, evening during rest",nux-m(1)
919,3,"PAIN, broken, as if, Lumbar region, night","ferr-i(1), mag-c(2)"
919,3,"PAIN, broken, as if, Lumbar region, air, from a draft of",nux-v(2)
919,3,"PAIN, broken, as if, Lumbar region, bending back agg.",plat(1)
919,3,"PAIN, broken, as if, Lumbar region, coughing",rhus-t(2)
919,3,"PAIN, broken, as if, Lumbar region, exercising",con(1)
919,3,"PAIN, broken, as if, Lumbar region, knocked away, sensation as if",arg-m(1)
919,3,"PAIN, broken, as if, Lumbar region, lying on",carb-an(1)
919,3,"PAIN, broken, as if, Lumbar region, moving, on","chel(1), con(1), kali-c(1), rhus-t(2)"
919,4,"PAIN, broken, as if, Lumbar region, moving, on, amel.","kreos(2), nux-m(1)"
919,3,"PAIN, broken, as if, Lumbar region, sitting, while",meli(1)
919,3,"PAIN, broken, as if, Lumbar region, standing",carb-an(1)
919,4,"PAIN, broken, as if, Lumbar region, standing, amel.",meli(1)
919,3,"PAIN, broken, as if, Lumbar region, stool, during",lyc(3)
919,3,"PAIN, broken, as if, Lumbar region, stooping","clem(1), mag-m(1)"
919,3,"PAIN, broken, as if, Lumbar region, stretching",mag-m(1)
919,3,"PAIN, broken, as if, Lumbar region, touching, on",graph(2)
919,3,"PAIN, broken, as if, Lumbar region, walking, after","carb-an(1), plat(1), sep(1)"
919,4,"PAIN, broken, as if, Lumbar region, walking, after, amel.",meli(1)
919,2,"PAIN, broken, as if, Sacrum","acon(1), aesc(2), agar(1), alum(1), am-m(1), ang(1), arn(1), ars(2), bry(1), calc-p(2), eupi(2), graph(1), hep(1), meli(1), nux-m(1), nux-v(1), phos(2), plat(1), rhus-t(1), ruta(1), staph(2), verat(1)"
919,3,"PAIN, broken, as if, Sacrum, morning, in bed",staph(1)
919,3,"PAIN, broken, as if, Sacrum, night, in bed, amel. by rising and walking",ang(1)
919,3,"PAIN, broken, as if, Sacrum, cough, with",phos(2)
919,3,"PAIN, broken, as if, Sacrum, walking, while",calc-p(2)
919,2,"PAIN, broken, as if, Coccyx",cist(1)
919,1,"PAIN, bruised (See Sore)",
919,1,"PAIN, burning","acon(1), agar(2), alumn(1), am-c(1), ant-t(1), apis(1), arn(1), ars(3), asaf(1), asar(1), aur-m(1), aur-s(1), bar-c(2), bell(1), berb(1), bism(2), bor(1), bry(1), calc(1), cann-i(1), carb-an(2), carb-s(1), carb-v(1), carl(1), chel(1), chr-ac(1), clem(1), coloc(1), com(1), cupr(1), daph(1), dulc(1), glon(2), helon(1), hyper(1), kali-bi(1), kali-c(2), kali-i(1), kali-n(1), kali-p(2), kali-s(1), kalm(2), kreos(2), lach(2), lachn(1), lil-t(1), lob(1), lyc(2), lyss(1), mag-c(1), mag-m(1), med(2), merc(2), mez(1), mur-ac(1), naja(1), nit-ac(1), nux-m(1), nux-v(2), olnd(1), ph-ac(2), phos(3), pic-ac(2), rhus-t(1), rumx(1), sel(1), seneg(1), sep(2), sil(2), sulph(3), thuj(2), verat(1), zinc(2)"
919,2,"PAIN, burning, morning","mag-m(1), zinc(1)"
919,3,"PAIN, burning, morning, after coition, agg. by rest, amel. by motion",mag-m(1)
919,3,"PAIN, burning, morning, on rising amel. on motion",rat(1)
919,3,"PAIN, burning, morning, 3 a.m., amel. by rising",nat-c(1)
919,2,"PAIN, burning, forenoon",kali-bi(1)
920,2,"PAIN, burning, noon",rhus-t(1)
920,2,"PAIN, burning, night","helon(1), ph-ac(2)"
920,2,"PAIN, burning, coition, after",mag-m(2)
920,2,"PAIN, burning, emissions, after","merc(2), phos(1)"
920,2,"PAIN, burning, grief, after",naja(1)
920,2,"PAIN, burning, lying, while",lyc(2)
920,3,"PAIN, burning, lying, while, on the back",ars(1)
920,2,"PAIN, burning, menses, before",kreos(1)
920,2,"PAIN, burning, mental exertion","pic-ac(2), sil(1)"
920,2,"PAIN, burning, motion amel.","mag-m(1), pic-ac(2), rat(1)"
920,2,"PAIN, burning, scratching, after",mag-c(1)
920,3,"PAIN, burning, scratching, after, amel.",rhus-v(1)
920,2,"PAIN, burning, sitting, while","ars(1), asar(1), bor(1), zinc(3)"
920,2,"PAIN, burning, spots, in","nit-ac(1), ph-ac(2), phos(3), zinc(2)"
920,2,"PAIN, burning, steam, exposed to agg.",kali-bi(1)
920,2,"PAIN, burning, walking in open air","arn(1), kali-c(1), sil(2)"
920,3,"PAIN, burning, walking in open air, amel.",kali-n(1)
920,2,"PAIN, burning, warm in bed, when getting",sil(1)
920,2,"PAIN, burning, Cervical region","am-c(1), apis(2), ars(2), aur-m-n(1), bar-c(2), bell(1), calc(2), carb-v(1), caust(2), grat(1), kali-bi(1), kali-n(1), lil-t(1), lyc(1), lyss(1), med(2), merc(3), naja(1), nat-c(1), nat-s(2), nicc(1), pall(1), ph-ac(3), phel(1), phos(2), rhus-t(2), stront(1), tab(1), vesp(1)"
920,3,"PAIN, burning, Cervical region, morning",am-c(1)
920,3,"PAIN, burning, Cervical region, afternoon",fago(1)
920,3,"PAIN, burning, Cervical region, evening",mag-c(1)
920,3,"PAIN, burning, Cervical region, external","arn(1), aur-m-n(1), calc(2), colch(1), ign(1), mez(1)"
920,3,"PAIN, burning, Cervical region, itching, sticking",calc(2)
920,3,"PAIN, burning, Cervical region, moving head agg.","nat-s(1), plb(1)"
920,3,"PAIN, burning, Cervical region, paroxysms",plb(1)
920,3,"PAIN, burning, Cervical region, piercing",apis(1)
920,3,"PAIN, burning, Cervical region, scratching, after",mag-c(1)
920,3,"PAIN, burning, Cervical region, sleep amel.",calc(2)
920,3,"PAIN, burning, Cervical region, spots, in",kali-br(1)
920,3,"PAIN, burning, Cervical region, stinging",glon(1)
920,3,"PAIN, burning, Cervical region, touched, when",nat-m(1)
920,3,"PAIN, burning, Cervical region, on turning as if burnt, and twisting head",calc(1)
920,3,"PAIN, burning, Cervical region, swallowing",petr(2)
920,3,"PAIN, burning, Cervical region, extending to clavicle",nat-s(1)
920,4,"PAIN, burning, Cervical region, extending to clavicle, down back",med(2)
920,4,"PAIN, burning, Cervical region, extending to clavicle, to occiput",calc(2)
920,2,"PAIN, burning, Dorsal region","caps(1), dios(1), mang(1), zinc(2)"
920,3,"PAIN, burning, Dorsal region, from needle work or writing","ran-b(1), sep(2)"
920,3,"PAIN, burning, Dorsal region, scapulæ","alum(1), bar-c(3), carb-s(1), carb-v(2), caust(1), cund(1), iod(1), kali-c(1), lachn(1), laur(1), lyc(1), mang(1), merc(3), mez(1), mur-ac(1), nat-c(1), nat-m(1), nux-v(1), rob(1), seneg(1), sep(2), sil(2), stann(1), sul-ac(1), sulph(1), zinc(2)"
920,4,"PAIN, burning, Dorsal region, scapulæ, right","bar-c(1), cann-s(1), carb-v(2), caust(1), iod(1), lachn(1), laur(1), lyc(2), plb(1), seneg(1), sulph(1), verat(1), zinc(1)"
920,5,"PAIN, burning, Dorsal region, scapulæ, right, under","bry(1), cann-s(1), lob(1), pall(1), staph(1), tab(1)"
920,4,"PAIN, burning, Dorsal region, scapulæ, left","ambr(1), bar-c(1), card-m(1), com(1), euphr(1), fl-ac(1), nat-m(1), sil(1), teucr(1), zinc(1)"
920,5,"PAIN, burning, Dorsal region, scapulæ, left, night",bar-c(1)
920,5,"PAIN, burning, Dorsal region, scapulæ, left, levator anguli scapulæ, walking and writing",agar(1)
920,5,"PAIN, burning, Dorsal region, scapulæ, left, superior angle, amel. by friction",alum(2)
920,5,"PAIN, burning, Dorsal region, scapulæ, left, and itching on place below and to right of",pall(1)
920,5,"PAIN, burning, Dorsal region, scapulæ, left, and pricking",fl-ac(1)
920,5,"PAIN, burning, Dorsal region, scapulæ, left, under","bry(1), cund(2), tab(1)"
920,4,"PAIN, burning, Dorsal region, scapulæ, sewing, while",ran-b(1)
920,4,"PAIN, burning, Dorsal region, scapulæ, walking amel.",bar-c(1)
920,4,"PAIN, burning, Dorsal region, scapulæ, writing, while",ran-b(1)
920,4,"PAIN, burning, Dorsal region, scapulæ, angle of, inferior",sulph(1)
920,5,"PAIN, burning, Dorsal region, scapulæ, angle of, inferior, upper",alum(1)
920,4,"PAIN, burning, Dorsal region, scapulæ, margin, lower","nat-c(1), ran-b(1)"
920,5,"PAIN, burning, Dorsal region, scapulæ, margin, lower, sewing, from",ran-b(1)
920,4,"PAIN, burning, Dorsal region, scapulæ, tip of",plb(1)
920,4,"PAIN, burning, Dorsal region, scapulæ, upper part","bar-c(1), carb-v(1), chel(1)"
920,3,"PAIN, burning, Dorsal region, scapulæ, between","acon(1), alumn(1), ars-m(1), berb(2), bry(1), cur(1), glon(1), graph(1), helon(1), kali-bi(3), lyc(3), mag-m(1), med(2), merc(1), nux-v(2), ox-ac(1), ph-ac(1), phos(3), sabad(1), senec(1), sil(2), sulph(2), thuj(2), zinc(2)"
920,4,"PAIN, burning, Dorsal region, scapulæ, between, 1 p.m.",chel(1)
921,4,"PAIN, burning, Dorsal region, scapulæ, between, evening in bed",ferr(1)
921,5,"PAIN, burning, Dorsal region, scapulæ, between, evening in bed, lying down",sulph(1)
921,4,"PAIN, burning, Dorsal region, scapulæ, between, itching and stinging",calc(1)
921,4,"PAIN, burning, Dorsal region, scapulæ, between, mental exertion","helon(1), pic-ac(2), sil(2)"
921,4,"PAIN, burning, Dorsal region, scapulæ, between, paroxysmal, agg. by motion",plb(1)
921,4,"PAIN, burning, Dorsal region, scapulæ, between, pulsating",phos(2)
921,4,"PAIN, burning, Dorsal region, scapulæ, between, rubbing amel.",phos(1)
921,4,"PAIN, burning, Dorsal region, scapulæ, between, scratching, after",mag-c(1)
921,4,"PAIN, burning, Dorsal region, scapulæ, between, sitting, while","thuj(1), zinc(2)"
921,4,"PAIN, burning, Dorsal region, scapulæ, between, stinging, and","rumx(1), sabad(1)"
921,4,"PAIN, burning, Dorsal region, scapulæ, between, summer, in",lyc(2)
921,4,"PAIN, burning, Dorsal region, scapulæ, between, extending down the back",merc(1)
921,5,"PAIN, burning, Dorsal region, scapulæ, between, extending down the back, to nape",nat-s(2)
921,4,"PAIN, burning, Dorsal region, scapulæ, between, spine","ars-m(1), graph(2), lach(1), pic-ac(1), sep(1), sil(2)"
921,2,"PAIN, burning, Lumbar region","acon(1), aesc(1), alumn(1), am-c(1), ant-s(1), arg-m(1), ars-i(1), arund(1), asar(1), aur(1), bar-c(1), bell(1), berb(2), bor(1), cedr(1), cham(1), chel(1), clem(1), coloc(2), cupr(1), guare(1), helon(2), kali-c(2), kali-p(1), kalm(2), kreos(2), lac-d(1), lach(2), lachn(1), mag-c(1), mag-m(2), med(2), merc-c(2), mur-ac(1), murx(1), nat-c(1), nat-p(1), nit-ac(2), nux-v(2), ph-ac(2), phos(2), pic-ac(1), ran-b(2), rhus-t(2), sep(2), sil(1), stann(1), sul-ac(1), sulph(1), ter(3), thuj(1), verat(1), zinc(1), ziz(1)"
921,3,"PAIN, burning, Lumbar region, morning",zinc(1)
921,3,"PAIN, burning, Lumbar region, afternoon",mag-m(1)
921,3,"PAIN, burning, Lumbar region, evening",mag-m(1)
921,4,"PAIN, burning, Lumbar region, evening, after lying down",sulph(1)
921,4,"PAIN, burning, Lumbar region, evening, 5 p.m.",dios(1)
921,3,"PAIN, burning, Lumbar region, night","bar-c(1), mag-m(1), phos(2)"
921,4,"PAIN, burning, Lumbar region, night, 3 a.m.",kali-c(2)
921,3,"PAIN, burning, Lumbar region, breathing deeply, when",sep(1)
921,3,"PAIN, burning, Lumbar region, deep-seated",clem(1)
921,3,"PAIN, burning, Lumbar region, lying",lac-d(1)
921,3,"PAIN, burning, Lumbar region, menses, before",kreos(1)
921,4,"PAIN, burning, Lumbar region, menses, before, during","med(1), phos(1)"
921,3,"PAIN, burning, Lumbar region, pregnancy, during",rhus-t(1)
921,3,"PAIN, burning, Lumbar region, pressure on rising, on",arg-m(1)
921,3,"PAIN, burning, Lumbar region, rising from sitting","arg-m(1), bar-c(1), berb(1)"
921,3,"PAIN, burning, Lumbar region, sitting",asar(1)
921,3,"PAIN, burning, Lumbar region, sleep, during",zinc(1)
921,3,"PAIN, burning, Lumbar region, spot","bar-c(1), ph-ac(2), zinc(1)"
921,3,"PAIN, burning, Lumbar region, sudden, as from hot needle",aeth(1)
921,3,"PAIN, burning, Lumbar region, walking","nux-v(1), ran-b(2)"
921,4,"PAIN, burning, Lumbar region, walking, amel.",bar-c(1)
921,3,"PAIN, burning, Lumbar region, last lumbar vertebra","acon(1), aesc(1), cham(1), pic-ac(1)"
921,3,"PAIN, burning, Lumbar region, near last rib","kali-bi(1), lyss(1)"
921,3,"PAIN, burning, Lumbar region, extending across abdomen",bar-c(1)
921,4,"PAIN, burning, Lumbar region, extending across abdomen, to right side and shoulder",clem(1)
921,4,"PAIN, burning, Lumbar region, extending across abdomen, up the spine to between scapulæ","ars(1), phos(1), sep(1), sil(1), thuj(1)"
921,2,"PAIN, burning, Sacral region","bor(1), carb-v(2), colch(1), coloc(1), ferr(2), helon(2), lachn(1), mur-ac(1), murx(1), ph-ac(1), phos(1), podo(2), rhus-t(1), sabin(1), sep(1), sil(1), sulph(1), tarent(1), thuj(1)"
921,3,"PAIN, burning, Sacral region, 4 p.m.",lachn(1)
921,3,"PAIN, burning, Sacral region, menses, during","carb-v(1), ferr(1)"
921,3,"PAIN, burning, Sacral region, sitting, while",bor(1)
921,3,"PAIN, burning, Sacral region, sticking",mur-ac(1)
921,3,"PAIN, burning, Sacral region, stool, after",coloc(1)
921,3,"PAIN, burning, Sacral region, warmth of bed agg.",coloc(2)
921,3,"PAIN, burning, Sacral region, sacro-iliac symphyses",rumx(1)
921,2,"PAIN, burning, Coccyx","apis(1), canth(1), cist(1), colch(1), laur(1), mur-ac(1), phos(2), staph(1)"
921,3,"PAIN, burning, Coccyx, evening",apis(1)
921,3,"PAIN, burning, Coccyx, menses, during","carb-v(1), mur-ac(1)"
921,3,"PAIN, burning, Coccyx, sitting, while","apis(2), cist(1)"
921,3,"PAIN, burning, Coccyx, touched, when","carb-an(2), cist(1)"
921,3,"PAIN, burning, Coccyx, extending up the spine",mur-ac(1)
921,2,"PAIN, burning, Spine","acon(1), agar(1), ars(3), asaf(2), bell(2), cham(1), gels(2), glon(1), helon(1), kalm(2), lach(3), lachn(1), lyc(2), mag-m(1), med(2), nat-c(2), nat-p(2), ph-ac(2), phos(3), pic-ac(2), plb(1), puls(1), sec(3), sep(2), thuj(2), verat(2), zinc(2)"
921,3,"PAIN, burning, Spine, night",ph-ac(2)
921,3,"PAIN, burning, Spine, as if a hot iron were thrust through lower vertebræ",alum(2)
921,3,"PAIN, burning, Spine, above small of back",zinc(2)
921,3,"PAIN, burning, Spine, in spots","agar(1), phos(2)"
921,3,"PAIN, burning, Spine, lying, while",lyc(2)
922,3,"PAIN, burning, Spine, mental exertion","pic-ac(2), sil(2)"
922,3,"PAIN, burning, Spine, rubbing amel.",phos(1)
922,3,"PAIN, burning, Spine, shooting",acon(1)
922,3,"PAIN, burning, Spine, sitting, while",zinc(3)
922,3,"PAIN, burning, Spine, small place in",agar(1)
922,3,"PAIN, burning, Spine, stitching","mag-m(1), zinc(1)"
922,4,"PAIN, burning, Spine, stitching, amel. by motion",mag-m(1)
922,3,"PAIN, burning, Spine, walking, amel.",zinc(1)
922,1,"PAIN, burrowing, lumbar region","dulc(1), kreos(1)"
922,2,"PAIN, burrowing, lumbar region, walking amel.",dulc(1)
922,2,"PAIN, burrowing, lumbar region, Sacrum",calad(1)
922,1,"PAIN, clawing",arg-n(1)
922,2,"PAIN, clawing, Lumbar region","calc(1), ign(1), merc(2)"
922,1,"PAIN, compressing",con(1)
922,2,"PAIN, compressing, Cervical region","crot-h(1), pip-m(1)"
922,2,"PAIN, compressing, Lumbar region","bell(1), bov(1), caust(2), stront(1), thuj(2)"
922,2,"PAIN, compressing, cervical region","ferr(2), glon(2)"
922,2,"PAIN, compressing, Dorsal region, when sitting, amel. bending back, agg. bending forward",rhus-t(2)
922,2,"PAIN, compressing, Lumbar region","am-c(1), arund(1), hell(1), lach(1), lyc(1), meny(1), puls(2), tanac(1)"
922,3,"PAIN, compressing, Lumbar region, evening",alum(1)
922,3,"PAIN, compressing, Lumbar region, going to bed, on",naja(1)
922,3,"PAIN, compressing, Lumbar region, stool, after",tab(1)
922,3,"PAIN, compressing, Lumbar region, takes away the breath",puls(3)
922,3,"PAIN, compressing, Lumbar region, extending to rectum and vagina, amel. standing",kreos(1)
922,4,"PAIN, compressing, Lumbar region, extending to rectum and vagina, amel. standing, into side",nux-v(1)
922,1,"PAIN, constringing","canth(1), cocc(1), mag-m(1), nux-v(2), sabad(1)"
922,1,"PAIN, contracting","bry(2), cham(1), graph(2), guai(3), mez(1), viol-t(1)"
922,2,"PAIN, contracting, Cervical region, nape",nux-m(1)
922,2,"PAIN, contracting, Dorsal region",guai(1)
922,3,"PAIN, contracting, Dorsal region, scapulæ, between",guai(3)
922,2,"PAIN, contracting, Lumbar region",mag-m(1)
922,3,"PAIN, contracting, Lumbar region, menses, during",am-m(1)
922,1,"PAIN, cramp-like","arg-n(2), bell(1), bry(1), calad(1), chin(1), con(1), eupho(1), euphr(2), lyc(1), mag-p(2), nit-ac(1), nux-v(1), sep(1), viol-t(1)"
922,2,"PAIN, cramp-like, Cervical region","arn(1), asar(2), calc-p(2), cic(3), cimic(1), glon(1), plat(1), spong(2)"
922,3,"PAIN, cramp-like, Cervical region, swallowing, when",zinc(2)
922,2,"PAIN, cramp-like, Dorsal region, scapulæ, inner border",chel(1)
922,3,"PAIN, cramp-like, Dorsal region, scapulæ, inner border, right",chel(1)
922,4,"PAIN, cramp-like, Dorsal region, scapulæ, inner border, right, inner border of",chel(1)
922,3,"PAIN, cramp-like, Dorsal region, scapulæ, inner border, inner angle",chel(2)
922,3,"PAIN, cramp-like, Dorsal region, scapulæ, inner border, between","ip(1), phos(3)"
922,4,"PAIN, cramp-like, Dorsal region, scapulæ, inner border, between, during motion",ip(2)
922,2,"PAIN, cramp-like, Lumbar region","bell(2), calc(2), caust(3), chin(3), chin-s(2), graph(1), iris(2), lyc(1), mag-m(1), merc(1), oci(1), ph-ac(1), sil(1)"
922,3,"PAIN, cramp-like, Lumbar region, evening","dios(1), iris(1)"
922,3,"PAIN, cramp-like, Lumbar region, menses, during","bell(1), calc(1), nux-v(2)"
922,3,"PAIN, cramp-like, Lumbar region, motion, during","chin(3), plb(1)"
922,3,"PAIN, cramp-like, Lumbar region, moving foot, on, after standing",thuj(1)
922,3,"PAIN, cramp-like, Lumbar region, nursing, while","arn(1), cham(2), puls(2)"
922,3,"PAIN, cramp-like, Lumbar region, paroxysmal",plb(1)
922,3,"PAIN, cramp-like, Lumbar region, pressure amel.",plb(1)
922,3,"PAIN, cramp-like, Lumbar region, sitting, while",caust(2)
922,3,"PAIN, cramp-like, Lumbar region, standing",merc(1)
922,3,"PAIN, cramp-like, Lumbar region, walk, when attempting to, after long standing",thuj(1)
922,4,"PAIN, cramp-like, Lumbar region, walk, when attempting to, after long standing, amel.",merc(1)
922,3,"PAIN, cramp-like, Lumbar region, extending to bladder and groins",bell(1)
922,4,"PAIN, cramp-like, Lumbar region, extending to bladder and groins, to epigastric region at night",lyc(1)
922,2,"PAIN, cramp-like, Sacrum","bell(2), thuj(1)"
922,2,"PAIN, cramp-like, Coccyx","bell(2), grat(1)"
922,3,"PAIN, cramp-like, Coccyx, menses, during",bell(2)
922,1,"PAIN, crushed, as though, lumbar region","berb(3), chin(3), phos(1)"
922,2,"PAIN, crushed, as though, lumbar region, on motion",chin(3)
922,2,"PAIN, crushed, as though, lumbar region, Sacrum",sil(1)
922,1,"PAIN, cutting","ail(1), alum(2), arg-n(2), aur(1), aur-m(1), bell(2), calc(1), calc-p(2), canth(1), caust(1), coloc(2), con(2), cupr(1), elaps(1), eup-pur(2), gels(2), graph(1), guai(1), guare(1), helon(1), hyper(1), ign(1), iod(1), kali-bi(2), lith(2), mag-p(1), nat-m(3), nat-s(2), nux-v(1), petr(1), plat(1), sars(1), seneg(1), sep(1), sil(1), staph(1), stry(1)"
923,2,"PAIN, cutting, left side","cupr(1), stry(1)"
923,2,"PAIN, cutting, morning",all-s(1)
923,2,"PAIN, cutting, evening","nat-m(1), nat-s(1)"
923,2,"PAIN, cutting, menses, during","ars(1), con(2)"
923,2,"PAIN, cutting, sitting",nat-s(1)
923,2,"PAIN, cutting, stool, during",coloc(2)
923,2,"PAIN, cutting, extending up",coloc(2)
923,3,"PAIN, cutting, extending up, uterus",helon(1)
923,2,"PAIN, cutting, Cervical region","canth(1), dig(1), eup-per(1), glon(1), graph(1), grat(1), kali-bi(2), naja(1), samb(1), stry(1)"
923,3,"PAIN, cutting, Cervical region, and right shoulder",gamb(1)
923,2,"PAIN, cutting, Dorsal region","agar(1), asaf(1), asc-c(1), daph(1), hyper(1), kali-bi(2), nat-s(1), staph(1), stry(1)"
923,3,"PAIN, cutting, Dorsal region, extending to sternum","kali-bi(1), lac-c(1)"
923,3,"PAIN, cutting, Dorsal region, scapulæ","alumn(1), dios(1), merc-i-f(1), rhus-t(1), thuj(1)"
923,4,"PAIN, cutting, Dorsal region, scapulæ, between","alum(1), arn(1), bov(1), calc(2), hyper(2), kali-n(1), meny(1), nat-s(3)"
923,5,"PAIN, cutting, Dorsal region, scapulæ, between, afternoon",bov(1)
923,5,"PAIN, cutting, Dorsal region, scapulæ, between, rest, during",calc(2)
923,5,"PAIN, cutting, Dorsal region, scapulæ, between, straightening up amel.",bov(1)
923,4,"PAIN, cutting, Dorsal region, scapulæ, under","asaf(1), thuj(1)"
923,5,"PAIN, cutting, Dorsal region, scapulæ, under, left","carb-s(1), daph(1), hyper(1), lac-c(2), lyc(1), thuj(1)"
923,6,"PAIN, cutting, Dorsal region, scapulæ, under, left, inspiration, on",carb-s(1)
923,6,"PAIN, cutting, Dorsal region, scapulæ, under, left, extending into chest",lyc(2)
923,3,"PAIN, cutting, Dorsal region, spine","euon(1), thuj(1)"
923,2,"PAIN, cutting, Lumbar region","all-s(1), alum(2), arg-n(2), arn(2), aur(1), bell(2), calad(1), calc-p(1), cann-s(1), canth(1), chel(2), dig(1), dulc(2), eup-per(2), gels(1), hep(1), kali-bi(1), kali-c(2), mez(1), nat-c(1), nat-m(2), petr(1), psor(1), rheum(1), senec(1), stry(1), sulph(2)"
923,3,"PAIN, cutting, Lumbar region, morning",petr(1)
923,4,"PAIN, cutting, Lumbar region, morning, moving, after",petr(1)
923,4,"PAIN, cutting, Lumbar region, morning, rising, after",petr(1)
923,4,"PAIN, cutting, Lumbar region, morning, stooping, on",petr(1)
923,3,"PAIN, cutting, Lumbar region, afternoon","canth(1), naja(1), petr(1)"
923,4,"PAIN, cutting, Lumbar region, afternoon, moving, on",petr(1)
923,4,"PAIN, cutting, Lumbar region, afternoon, stooping",petr(1)
923,3,"PAIN, cutting, Lumbar region, labor, during",kali-c(1)
923,3,"PAIN, cutting, Lumbar region, lying, while",arn(2)
923,3,"PAIN, cutting, Lumbar region, menses, before",ol-an(2)
923,4,"PAIN, cutting, Lumbar region, menses, before, while sitting, amel. by walking",mag-c(1)
923,4,"PAIN, cutting, Lumbar region, menses, before, during","arg-n(2), caust(1), helon(1), zinc(1)"
923,3,"PAIN, cutting, Lumbar region, motion, on","kali-bi(1), zinc(1)"
923,3,"PAIN, cutting, Lumbar region, pressure amel.","dig(1), dulc(2)"
923,4,"PAIN, cutting, Lumbar region, pressure amel., deep, amel.",dulc(2)
923,3,"PAIN, cutting, Lumbar region, sitting, while","aur(1), canth(1), mag-c(1)"
923,3,"PAIN, cutting, Lumbar region, standing erect amel.",petr(1)
923,3,"PAIN, cutting, Lumbar region, stool, before",nat-c(1)
923,4,"PAIN, cutting, Lumbar region, stool, before, during",rheum(1)
923,3,"PAIN, cutting, Lumbar region, turning agg.",kali-bi(1)
923,3,"PAIN, cutting, Lumbar region, urinating, before",graph(1)
923,3,"PAIN, cutting, Lumbar region, walking, while",thuj(1)
923,3,"PAIN, cutting, Lumbar region, extending to back",chel(2)
923,4,"PAIN, cutting, Lumbar region, extending to back, calves and feet on motion",zinc(1)
923,4,"PAIN, cutting, Lumbar region, extending to back, hips",gels(1)
923,4,"PAIN, cutting, Lumbar region, extending to back, pubis",mag-c(1)
923,4,"PAIN, cutting, Lumbar region, extending to back, outward",ang(1)
923,4,"PAIN, cutting, Lumbar region, extending to back, upward, agg. on stooping",arn(1)
923,4,"PAIN, cutting, Lumbar region, extending to back, uterus",helon(1)
923,2,"PAIN, cutting, Sacral region","ail(1), all-s(1), alum(1), bell(2), calc-p(2), dig(1), gamb(1), gels(2), guare(1), helon(1), kali-bi(1), lob(1), mag-m(1), nat-m(1), nat-p(1), nat-s(1), rhus-t(1), samb(1), senec(1), sulph(2)"
923,3,"PAIN, cutting, Sacral region, morning",all-s(1)
923,3,"PAIN, cutting, Sacral region, bending backward, when",rhus-t(1)
923,4,"PAIN, cutting, Sacral region, bending backward, when, forward",samb(1)
923,3,"PAIN, cutting, Sacral region, hips and",ail(1)
923,3,"PAIN, cutting, Sacral region, menses, during",senec(2)
923,3,"PAIN, cutting, Sacral region, standing, while",rhus-t(1)
923,3,"PAIN, cutting, Sacral region, stooping agg.",samb(1)
923,3,"PAIN, cutting, Sacral region, warmth amel.",sulph(1)
923,3,"PAIN, cutting, Sacral region, sacro-iliac symphysis",nat-p(1)
923,2,"PAIN, cutting, Coccyx",canth(1)
923,2,"PAIN, cutting, Spine, whole","ang(1), cina(1), elaps(2), mang(1)"
923,3,"PAIN, cutting, Spine, whole, articulations of, motion agg.",cocc(1)
923,3,"PAIN, cutting, Spine, whole, in a circle from, to abdomen",acon(1)
924,3,"PAIN, cutting, Spine, whole, stabbing in vertebræ",bell(1)
924,3,"PAIN, cutting, Spine, whole, extending to stomach",thuj(2)
924,1,"PAIN, digging","acon(1), dulc(2), sep(1), thuj(2)"
924,2,"PAIN, digging, right side",thuj(2)
924,2,"PAIN, digging, as with a splinter",agar(1)
924,2,"PAIN, digging, raising right arm",thuj(1)
924,2,"PAIN, digging, Cervical region","mang(1), thuj(2)"
924,3,"PAIN, digging, Cervical region, night",mang(1)
924,3,"PAIN, digging, Cervical region, on moving head",thuj(1)
924,2,"PAIN, digging, Lumbar region","arg-n(1), berb(1), dulc(1)"
924,3,"PAIN, digging, Lumbar region, on sitting, and standing, amel. by walking",ruta(2)
924,3,"PAIN, digging, Lumbar region, spine",kali-i(1)
924,2,"PAIN, digging, cervical region","ang(1), asar(1), calc(1), cinnb(1), lachn(1)"
924,3,"PAIN, digging, cervical region, when lifting the arm",ang(2)
924,3,"PAIN, digging, cervical region, on turning head","calc(1), lachn(1)"
924,3,"PAIN, digging, cervical region, extending over head and shoulders",asar(1)
924,2,"PAIN, digging, Dorsal region",thuj(2)
924,2,"PAIN, digging, Lumbar region","bell(1), con(1)"
924,3,"PAIN, digging, Lumbar region, 10 p.m.",carb-s(1)
924,3,"PAIN, digging, Lumbar region, on exercising",con(1)
924,2,"PAIN, digging, Sacrum","agar(1), nux-v(1)"
924,3,"PAIN, digging, Sacrum, sacro-iliac symphyses as if separated",calc-p(1)
924,4,"PAIN, digging, Sacrum, sacro-iliac symphyses as if separated, while walking",calc-p(2)
924,1,"PAIN, dragging","agar(1), calc(1), canth(1)"
924,2,"PAIN, dragging, motion, during",agar(1)
924,2,"PAIN, dragging, Cervical region","gels(2), pic-ac(1)"
924,2,"PAIN, dragging, Dorsal region between scapulæ",naja(1)
924,2,"PAIN, dragging, Lumbar region","arn(1), bar-c(1), coc-c(1), colch(1), con(2), ery-a(1), ferr(2), ham(2), kali-chl(1), merl(1), myric(1), phos(1), pic-ac(2), plb(1), sabin(3), sep(2)"
924,3,"PAIN, dragging, Lumbar region, morning, on exertion",ust(1)
924,4,"PAIN, dragging, Lumbar region, morning, on exertion, on waking",myric(1)
924,3,"PAIN, dragging, Lumbar region, menses, before",canth(1)
924,4,"PAIN, dragging, Lumbar region, menses, before, as if would come on","apis(2), sulph(1)"
924,4,"PAIN, dragging, Lumbar region, menses, before, while sitting",mag-c(1)
924,4,"PAIN, dragging, Lumbar region, menses, before, during","kali-c(2), sulph(1), zinc(1)"
924,4,"PAIN, dragging, Lumbar region, menses, before, after",ust(1)
924,3,"PAIN, dragging, Lumbar region, urinating, before",graph(1)
924,4,"PAIN, dragging, Lumbar region, urinating, before, when",sulph(1)
924,3,"PAIN, dragging, Lumbar region, extending to rectum",calc(1)
924,4,"PAIN, dragging, Lumbar region, extending to rectum, to groin during menses",sulph(2)
924,2,"PAIN, dragging, Sacrum","carb-v(2), helon(1), sep(2), ust(1)"
924,1,"PAIN, drawing","agar(2), alum(2), am-c(1), ambr(1), ang(2), ant-t(1), arg-n(1), ars(2), aster(1), aur(1), bad(1), bar-c(1), bell(1), bol(1), bry(2), calc-p(1), calc-s(1), canth(2), caps(2), carb-an(2), carb-v(2), card-m(3), cham(2), chel(2), chin(2), cimic(3), cina(1), coc-c(1), cocc(1), colch(2), con(1), crot-c(1), crot-h(1), cupr(1), cycl(1), dig(1), dros(1), dulc(1), eupi(1), graph(2), guai(2), hep(2), hyper(2), ign(1), kali-bi(1), kali-c(2), kali-p(1), kali-s(1), kalm(1), lach(2), lact(1), lil-t(2), lyc(2), merc(2), mez(1), mill(1), mosch(1), nat-a(1), nat-c(1), nat-m(2), nat-p(1), nux-v(3), op(1), petr(2), phos(2), pic-ac(1), psor(1), puls(2), rat(1), rhod(1), rhus-r(1), rhus-t(1), ruta(1), sabad(1), sang(1), seneg(1), stann(1), stram(1), stront(2), sul-ac(1), sulph(2), ter(1), teucr(1), thuj(2), valer(1), verat(1), viol-t(1), zinc(1), zing(1)"
924,2,"PAIN, drawing, right","bad(1), carb-v(1), cupr(1), sep(1)"
924,2,"PAIN, drawing, left","rhod(1), til(1)"
924,2,"PAIN, drawing, morning","calc-p(1), cimic(2), hep(1), zinc(1)"
924,3,"PAIN, drawing, morning, bed, in","hep(1), rhod(1)"
924,3,"PAIN, drawing, morning, rising, after",hep(2)
924,3,"PAIN, drawing, morning, 4 a.m. on waking","calc-p(1), chel(1)"
924,2,"PAIN, drawing, forenoon",ars(1)
924,2,"PAIN, drawing, evening","agar(1), calc-p(2), carb-v(1), chel(1), lach(2), lyc(1), nit-ac(1), rhus-t(1)"
924,2,"PAIN, drawing, night","ars(1), chel(1), hep(1), nat-m(1)"
924,3,"PAIN, drawing, night, turning frequently amel.",nat-m(1)
924,2,"PAIN, drawing, bending backward","calc-p(1), cimic(3)"
924,3,"PAIN, drawing, bending backward, amel.",petr(1)
924,2,"PAIN, drawing, chill, during",puls(2)
924,2,"PAIN, drawing, dinner, after",rat(1)
924,2,"PAIN, drawing, draft, from every",verat(1)
924,2,"PAIN, drawing, laughing, when",phos(1)
924,2,"PAIN, drawing, lying still, when","colch(1), nat-c(1)"
924,2,"PAIN, drawing, menses, before",hyos(1)
924,3,"PAIN, drawing, menses, before, during","sil(2), zinc(1)"
924,2,"PAIN, drawing, motion, on","caps(1), carb-v(1), eupi(1), sul-ac(1)"
924,3,"PAIN, drawing, motion, on, amel.","alum(1), bry(1), colch(1), rhus-t(3)"
924,2,"PAIN, drawing, paroxysmal",nat-c(1)
925,2,"PAIN, drawing, reading, while",nat-c(1)
925,2,"PAIN, drawing, sexual excess, after",ars(2)
925,2,"PAIN, drawing, sitting, while","bry(2), calc(1), carb-v(2), lyc(1), nat-c(1), rhus-t(3), ter(1), thuj(2)"
925,2,"PAIN, drawing, sleep, during",zinc(1)
925,2,"PAIN, drawing, standing","caps(1), con(1), ign(1)"
925,2,"PAIN, drawing, stool, during",puls(2)
925,3,"PAIN, drawing, stool, during, after",caps(1)
925,3,"PAIN, drawing, stool, during, urging to, with",zing(1)
925,2,"PAIN, drawing, stooping, on","carb-v(2), sul-ac(1), sulph(1)"
925,2,"PAIN, drawing, throwing shoulders backward amel.",cycl(1)
925,2,"PAIN, drawing, turning agg.","bry(2), hep(1)"
925,3,"PAIN, drawing, turning agg., amel.",nat-m(1)
925,2,"PAIN, drawing, urinate, urging to, with",lach(2)
925,2,"PAIN, drawing, walking amel.","bry(1), rhus-t(3), sulph(2)"
925,3,"PAIN, drawing, walking amel., in open air",ter(1)
925,2,"PAIN, drawing, yawning, when",calc-p(1)
925,2,"PAIN, drawing, extending to anus",nat-c(1)
925,3,"PAIN, drawing, extending to anus, downwards","bry(1), merc(1)"
925,3,"PAIN, drawing, extending to anus, to groin, agg. walking or rising from seat",sulph(2)
925,3,"PAIN, drawing, extending to anus, head, agg. after exertion",nat-m(1)
925,3,"PAIN, drawing, extending to anus, hips","lach(2), mosch(1), nat-m(2)"
925,3,"PAIN, drawing, extending to anus, legs","ars(1), bell(1), lach(1), phos(2)"
925,3,"PAIN, drawing, extending to anus, neck",sang(1)
925,3,"PAIN, drawing, extending to anus, occiput and vertex, during chill",puls(3)
925,3,"PAIN, drawing, extending to anus, sacrum","con(1), tep(1)"
925,3,"PAIN, drawing, extending to anus, testes, agg. walking or rising from seat",sulph(2)
925,3,"PAIN, drawing, extending to anus, upward","lach(1), nat-m(1)"
925,4,"PAIN, drawing, extending to anus, upward, on stooping",sulph(1)
925,2,"PAIN, drawing, Cervical region","acon(1), aesc(2), agar(2), ail(1), all-s(1), alum(2), am-c(2), ambr(1), anac(1), ang(2), ant-c(1), apis(1), asaf(1), aur(1), bad(1), bapt(1), bell(2), berb(1), bor(1), bry(2), calc-p(2), camph(1), cann-i(1), cann-s(1), canth(1), carb-ac(1), carb-s(1), carb-v(2), carl(1), caul(1), chel(3), chin(2), cic(1), cimic(3), clem(1), coc-c(1), cocc(1), coloc(2), con(1), crot-t(1), cur(1), dig(1), dios(1), ferr(2), fl-ac(1), kali-bi(1), kali-c(1), kali-n(2), lact(1), lil-t(2), lyc(2), lyss(1), med(1), merc(2), mosch(1), nat-c(2), nat-m(2), nat-s(2), nicc(1), nux-m(2), nux-v(2), pall(1), petr(2), ph-ac(1), phys(1), plb(1), psor(1), puls(2), raph(1), rat(1), rhod(2), ruta(1), sep(1), sil(1), stann(1), staph(2), sulph(2), tep(1), ter(1), thuj(3), viol-o(1), zinc(1)"
925,3,"PAIN, drawing, Cervical region, morning","ant-c(1), cimic(1), nux-v(1)"
925,4,"PAIN, drawing, Cervical region, morning, on bending head forward",cimic(2)
925,4,"PAIN, drawing, Cervical region, morning, on waking","aloe(1), alum(1)"
925,3,"PAIN, drawing, Cervical region, afternoon","calc-p(1), mag-c(1), nux-v(1), thuj(1)"
925,3,"PAIN, drawing, Cervical region, evening","nat-m(1), thuj(1)"
925,3,"PAIN, drawing, Cervical region, bending head backwards",valer(1)
925,3,"PAIN, drawing, Cervical region, cold, damp air",nux-m(2)
925,3,"PAIN, drawing, Cervical region, manual exertion agg.",ant-c(1)
925,3,"PAIN, drawing, Cervical region, menses, before","nat-c(2), nux-v(1)"
925,3,"PAIN, drawing, Cervical region, moving, when","acon(1), asaf(1), bell(2), caps(1), coloc(2), hyos(1), rhus-t(2), vario(1)"
925,4,"PAIN, drawing, Cervical region, moving, when, amel.",alum(1)
925,3,"PAIN, drawing, Cervical region, paralytic",cocc(1)
925,3,"PAIN, drawing, Cervical region, paroxysmal",sil(1)
925,3,"PAIN, drawing, Cervical region, reading, while",nat-c(1)
925,3,"PAIN, drawing, Cervical region, rheumatic","anac(1), bor(1), sep(1), staph(2)"
925,3,"PAIN, drawing, Cervical region, sitting, while","aur-m(1), nux-v(1)"
925,3,"PAIN, drawing, Cervical region, stooping, on","berb(1), canth(1), rhus-t(1)"
925,3,"PAIN, drawing, Cervical region, turning head","ant-c(1), chel(1), hyos(1)"
925,4,"PAIN, drawing, Cervical region, turning head, to left",ant-c(2)
925,3,"PAIN, drawing, Cervical region, walking","calc-p(1), con(1)"
925,4,"PAIN, drawing, Cervical region, walking, in open air",con(1)
925,3,"PAIN, drawing, Cervical region, windy weather",calc-p(1)
925,3,"PAIN, drawing, Cervical region, extending downward","am-c(1), asaf(1), chel(2), coloc(1), nat-c(1), nux-v(1), psor(1), rat(1), spong(1)"
925,4,"PAIN, drawing, Cervical region, extending downward, to ear","cann-s(1), colch(1)"
925,4,"PAIN, drawing, Cervical region, extending downward, epigastrium",crot-c(1)
925,4,"PAIN, drawing, Cervical region, extending downward, head","apis(1), carb-v(2), ferr(2)"
925,4,"PAIN, drawing, Cervical region, extending downward, occiput","nat-m(1), petr(2), pin-s(1), valer(1)"
925,4,"PAIN, drawing, Cervical region, extending downward, shoulders","bor(1), camph(1), chel(2), crot-h(1), mosch(1), phyt(1)"
925,5,"PAIN, drawing, Cervical region, extending downward, shoulders, left shoulder and scapulæ while walking in open air",bor(1)
925,4,"PAIN, drawing, Cervical region, extending downward, upward","calc(1), cann-s(1), petr(2), ter(1)"
925,2,"PAIN, drawing, Dorsal region","alum(1), ars(2), aur-m(1), bell(1), card-m(2), cimic(3), coloc(1), guai(3), ind(1), med(1), nit-ac(1), ph-ac(1), stann(1)"
926,3,"PAIN, drawing, Dorsal region, motion amel.",alum(1)
926,3,"PAIN, drawing, Dorsal region, sitting",ph-ac(1)
926,3,"PAIN, drawing, Dorsal region, scapulæ","acon(1), ars(1), asaf(1), berb(2), bor(1), calc(2), camph(1), carl(2), caust(2), cham(1), chel(2), chin(2), cimic(1), coloc(2), con(1), hep(1), ind(1), kali-c(1), kali-n(1), lyc(1), med(1), mez(1), mur-ac(1), nux-v(2), rhod(1), ruta(1), sars(1), seneg(1), sep(1), sil(1), squil(2), sulph(2), tell(1), thuj(1)"
926,4,"PAIN, drawing, Dorsal region, scapulæ, right","coloc(3), tell(1)"
926,5,"PAIN, drawing, Dorsal region, scapulæ, right, inner margin of",card-m(2)
926,4,"PAIN, drawing, Dorsal region, scapulæ, left","asaf(1), card-m(1), con(1), mez(1), ptel(1), sep(1), squil(2)"
926,4,"PAIN, drawing, Dorsal region, scapulæ, evening","chel(1), lyc(1)"
926,4,"PAIN, drawing, Dorsal region, scapulæ, waking, on",rhod(1)
926,4,"PAIN, drawing, Dorsal region, scapulæ, walking, while",asaf(1)
926,4,"PAIN, drawing, Dorsal region, scapulæ, below","asaf(1), card-m(2), cimx(1), cocc(1), con(1), mez(1), nat-s(1), rhus-t(1), sulph(1), thuj(1)"
926,5,"PAIN, drawing, Dorsal region, scapulæ, below, raising arm",con(1)
926,5,"PAIN, drawing, Dorsal region, scapulæ, below, standing",cocc(1)
926,5,"PAIN, drawing, Dorsal region, scapulæ, below, walking",cocc(1)
926,5,"PAIN, drawing, Dorsal region, scapulæ, below, extending to fingers",cimx(1)
926,4,"PAIN, drawing, Dorsal region, scapulæ, between","acon(1), alum(2), am-c(1), ars(2), bell(1), bor(1), bry(1), calc(3), carb-an(1), chel(1), cimic(3), coloc(1), dros(2), eupi(1), graph(1), grat(1), guai(3), hep(2), kali-bi(1), kali-n(1), lob(1), lyc(2), mur-ac(1), nat-c(1), nat-m(1), nat-s(2), nux-v(1), ph-ac(2), phos(2), puls(2), rhus-t(2), sep(1), sil(2), stann(1), thuj(1), viol-t(1), zinc(2)"
926,5,"PAIN, drawing, Dorsal region, scapulæ, between, morning in bed",ang(1)
926,5,"PAIN, drawing, Dorsal region, scapulæ, between, forenoon",alum(1)
926,5,"PAIN, drawing, Dorsal region, scapulæ, between, afternoon",chel(1)
926,5,"PAIN, drawing, Dorsal region, scapulæ, between, evening","bell(1), kali-n(1), lyc(1), zing(1)"
926,6,"PAIN, drawing, Dorsal region, scapulæ, between, evening, 6 p.m.","kali-n(1), zing(1)"
926,5,"PAIN, drawing, Dorsal region, scapulæ, between, night","rhus-t(1), sil(1)"
926,5,"PAIN, drawing, Dorsal region, scapulæ, between, air, open",nat-c(1)
926,5,"PAIN, drawing, Dorsal region, scapulæ, between, bending backward amel.",sil(1)
926,6,"PAIN, drawing, Dorsal region, scapulæ, between, bending backward amel., forward",cimic(3)
926,5,"PAIN, drawing, Dorsal region, scapulæ, between, lying amel.",ars(2)
926,5,"PAIN, drawing, Dorsal region, scapulæ, between, menses, during","am-c(2), sil(2)"
926,5,"PAIN, drawing, Dorsal region, scapulæ, between, motion, on","bry(1), stann(1), sulph(1)"
926,5,"PAIN, drawing, Dorsal region, scapulæ, between, rubbing amel.",carb-an(1)
926,5,"PAIN, drawing, Dorsal region, scapulæ, between, stooping, on","bor(1), nux-v(1)"
926,5,"PAIN, drawing, Dorsal region, scapulæ, between, straightening up agg.",coloc(1)
926,5,"PAIN, drawing, Dorsal region, scapulæ, between, walking, while",coloc(1)
926,2,"PAIN, drawing, Lumbar region","acon(1), agar(1), aloe(1), am-c(1), am-m(1), ambr(1), arg-m(2), arg-n(1), arn(1), ars(2), aur(2), bar-c(2), bell(2), benz-ac(1), berb(2), bry(2), calc(2), calc-s(1), carb-an(2), carb-s(1), carb-v(1), card-m(1), carl(1), caust(2), cham(2), chel(2), chin(2), cinnb(1), clem(1), coc-c(1), cocc(2), colch(1), coloc(2), con(2), cycl(1), dig(1), dulc(2), eupi(1), hep(1), hipp(1), hura(1), hyos(1), ign(1), indg(1), kali-bi(2), kali-c(2), kali-n(1), kali-p(1), kreos(1), lach(2), led(2), lyc(2), mag-m(1), mez(2), mur-ac(2), nat-m(2), nit-ac(2), nux-v(2), ph-ac(3), plb(1), psor(1), puls(2), rhod(2), rhus-v(1), sabin(3), sep(2), sil(2), stram(2), stront(2), sul-ac(1), sulph(2), ter(1), thuj(2), verat(1), zinc(2), zing(1)"
926,3,"PAIN, drawing, Lumbar region, morning","carb-s(1), dios(1), hipp(1), sulph(1), thuj(1), zinc(1)"
926,4,"PAIN, drawing, Lumbar region, morning, in bed","hep(1), nux-v(1)"
926,3,"PAIN, drawing, Lumbar region, noon","sulph(1), thuj(1)"
926,3,"PAIN, drawing, Lumbar region, afternoon","bry(1), carb-s(1)"
926,3,"PAIN, drawing, Lumbar region, evening","bar-c(2), meny(1), nit-ac(1), stront(1), sulph(1), zing(1)"
926,3,"PAIN, drawing, Lumbar region, night","ars(1), bry(1), cinnb(1), colch(1), eupi(1), sulph(1)"
926,3,"PAIN, drawing, Lumbar region, ascending stairs",carb-s(1)
926,3,"PAIN, drawing, Lumbar region, bending backward","bar-c(1), sabin(1)"
926,4,"PAIN, drawing, Lumbar region, bending backward, amel.","acon(1), am-m(1), hura(1)"
926,3,"PAIN, drawing, Lumbar region, breathing, when",coloc(1)
926,3,"PAIN, drawing, Lumbar region, coition, after",nit-ac(1)
926,3,"PAIN, drawing, Lumbar region, eating, after",bry(1)
926,3,"PAIN, drawing, Lumbar region, leaning forward",hura(1)
926,3,"PAIN, drawing, Lumbar region, lying, while","carb-an(1), colch(1)"
926,4,"PAIN, drawing, Lumbar region, lying, while, amel.",kali-c(2)
926,4,"PAIN, drawing, Lumbar region, lying, while, quietly, amel. by motion",colch(1)
926,4,"PAIN, drawing, Lumbar region, lying, while, on the back","coloc(3), sep(1)"
926,3,"PAIN, drawing, Lumbar region, menses, before",hyos(2)
926,4,"PAIN, drawing, Lumbar region, menses, before, during","am-m(1), calc(1), carl(1), cham(1), mag-c(1), sep(1)"
926,3,"PAIN, drawing, Lumbar region, moving","acon(1), caps(1), colch(1), kali-n(1)"
926,4,"PAIN, drawing, Lumbar region, moving, amel.","am-c(1), colch(1), dulc(2), indg(1)"
926,3,"PAIN, drawing, Lumbar region, paroxysmal",ph-ac(1)
927,3,"PAIN, drawing, Lumbar region, pressure amel.","dig(1), led(1), ph-ac(1)"
927,3,"PAIN, drawing, Lumbar region, rising, on","bar-c(1), sulph(2)"
927,3,"PAIN, drawing, Lumbar region, sitting, while","ang(1), calc(1), caust(2), stront(1), sulph(1), thuj(2)"
927,4,"PAIN, drawing, Lumbar region, sitting, while, amel.","aeth(1), ph-ac(1)"
927,4,"PAIN, drawing, Lumbar region, sitting, while, after long, could not stand erect",thuj(2)
927,4,"PAIN, drawing, Lumbar region, sitting, while, erect",zing(1)
927,3,"PAIN, drawing, Lumbar region, standing, while","caps(1), carb-an(2), con(1), led(1), ph-ac(1)"
927,3,"PAIN, drawing, Lumbar region, stool, after","chin(2), mag-m(1)"
927,3,"PAIN, drawing, Lumbar region, stooping, on","clem(1), meny(1)"
927,4,"PAIN, drawing, Lumbar region, stooping, on, amel.",ph-ac(1)
927,3,"PAIN, drawing, Lumbar region, stretching, on",mag-c(1)
927,3,"PAIN, drawing, Lumbar region, turning in bed","bry(1), lil-t(1)"
927,4,"PAIN, drawing, Lumbar region, turning in bed, the trunk",thuj(1)
927,3,"PAIN, drawing, Lumbar region, urinating, after",sul-ac(1)
927,3,"PAIN, drawing, Lumbar region, waking, on","bry(1), colch(1)"
927,3,"PAIN, drawing, Lumbar region, walking, while","acon(1), aeth(1), arg-m(1), carb-an(2), cocc(1), thuj(1)"
927,4,"PAIN, drawing, Lumbar region, walking, while, amel.","am-c(1), ph-ac(1), thuj(1)"
927,3,"PAIN, drawing, Lumbar region, extending into arms","carb-v(1), kali-bi(1)"
927,4,"PAIN, drawing, Lumbar region, extending into arms, up back","ars(2), lach(2), led(1), nux-v(1)"
927,4,"PAIN, drawing, Lumbar region, extending into arms, calves, to",tep(1)
927,4,"PAIN, drawing, Lumbar region, extending into arms, coccyx, to",carb-v(1)
927,4,"PAIN, drawing, Lumbar region, extending into arms, groin, to, in evening",lact(1)
927,5,"PAIN, drawing, Lumbar region, extending into arms, groin, to, in evening, after urinating",sul-ac(1)
927,4,"PAIN, drawing, Lumbar region, extending into arms, hips, to","lach(1), rhus-v(1)"
927,4,"PAIN, drawing, Lumbar region, extending into arms, legs, to","am-c(1), cinnb(1), lach(2), sep(1)"
927,4,"PAIN, drawing, Lumbar region, extending into arms, nates, to, morning on rising",thuj(1)
927,4,"PAIN, drawing, Lumbar region, extending into arms, pelvis, to",tep(1)
927,4,"PAIN, drawing, Lumbar region, extending into arms, penis, into",dros(1)
927,4,"PAIN, drawing, Lumbar region, extending into arms, pubic bone, to",sabin(3)
927,4,"PAIN, drawing, Lumbar region, extending into arms, rectum, to",coc-c(1)
927,4,"PAIN, drawing, Lumbar region, extending into arms, shoulders, to","ars(2), indg(1)"
927,4,"PAIN, drawing, Lumbar region, extending into arms, stomach","nit-ac(1), puls(1)"
927,4,"PAIN, drawing, Lumbar region, extending into arms, testes",erig(1)
927,4,"PAIN, drawing, Lumbar region, extending into arms, thighs","agar(1), berb(1), cinnb(1), dulc(2), kali-bi(1), kreos(1)"
927,5,"PAIN, drawing, Lumbar region, extending into arms, thighs, during labor",bell(1)
927,5,"PAIN, drawing, Lumbar region, extending into arms, thighs, stool",stann(1)
927,4,"PAIN, drawing, Lumbar region, extending into arms, walls of abdomen",cham(1)
927,3,"PAIN, drawing, Lumbar region, above hip on moving in bed",lil-t(1)
927,2,"PAIN, drawing, Sacral region","acon(1), am-c(2), ant-c(2), arg-n(1), aster(1), bar-c(3), bell(1), chel(2), chin(2), cocc(1), colch(1), croc(1), dig(1), dios(2), dulc(1), helon(2), hep(1), ign(1), kali-bi(1), kali-c(3), led(1), lyc(1), mur-ac(1), nat-c(1), nat-m(1), nux-v(3), sabin(1), samb(1), sil(1), spong(1), stram(1), sul-ac(1), sulph(2), ter(1), thuj(2), valer(1), verat(1), zing(1)"
927,3,"PAIN, drawing, Sacral region, morning","kali-bi(1), lil-t(1)"
927,3,"PAIN, drawing, Sacral region, evening",bar-c(1)
927,3,"PAIN, drawing, Sacral region, bending backward",bar-c(1)
927,3,"PAIN, drawing, Sacral region, lying on back",bell(1)
927,3,"PAIN, drawing, Sacral region, menses, during","cham(1), con(1), zing(1)"
927,3,"PAIN, drawing, Sacral region, pressure amel.",led(1)
927,3,"PAIN, drawing, Sacral region, rising from a seat agg.","bar-c(2), thuj(2)"
927,3,"PAIN, drawing, Sacral region, sitting, while","bell(2), thuj(2)"
927,3,"PAIN, drawing, Sacral region, standing, while",led(1)
927,4,"PAIN, drawing, Sacral region, standing, while, amel.",bell(1)
927,3,"PAIN, drawing, Sacral region, stool, before",zing(1)
927,3,"PAIN, drawing, Sacral region, walking rapidly agg.","bell(1), bry(2)"
927,4,"PAIN, drawing, Sacral region, walking rapidly agg., slowly amel.","bell(1), kali-bi(1)"
927,3,"PAIN, drawing, Sacral region, extending into thighs",nux-v(1)
927,2,"PAIN, drawing, Coccyx","calc(2), carb-v(1), caust(3), graph(1), kreos(1), lil-t(1), mur-ac(1), rhus-t(2), thuj(2)"
927,3,"PAIN, drawing, Coccyx, evening","caust(2), graph(1)"
927,3,"PAIN, drawing, Coccyx, menses, during","caust(1), cic(2), graph(1), kreos(1), thuj(1)"
927,3,"PAIN, drawing, Coccyx, paroxysmal",thuj(1)
927,3,"PAIN, drawing, Coccyx, rising from a seat amel.",kreos(1)
927,3,"PAIN, drawing, Coccyx, sitting, while","kreos(2), thuj(2)"
927,3,"PAIN, drawing, Coccyx, sticking while walking",bry(1)
927,3,"PAIN, drawing, Coccyx, sensation of pulling upwards from tip of",lil-t(1)
927,3,"PAIN, drawing, Coccyx, urination, preventing",thuj(1)
927,3,"PAIN, drawing, Coccyx, extending upwards",mur-ac(1)
927,4,"PAIN, drawing, Coccyx, extending upwards, to rectum and vagina",kreos(2)
927,4,"PAIN, drawing, Coccyx, extending upwards, to thighs",thuj(2)
928,2,"PAIN, drawing, spine","bell(2), berb(1), caps(2), carb-v(1), chin-a(1), cimic(3), cina(2), colch(1), con(2), cycl(1), daph(1), mosch(1), nat-m(2), ruta(2), sulph(1), thuj(2), verat(1), zinc(2)"
928,3,"PAIN, drawing, spine, afternoon, while walking",stront(1)
928,3,"PAIN, drawing, spine, evening in bed",kali-bi(1)
928,3,"PAIN, drawing, spine, midnight, after",ant-s(1)
928,3,"PAIN, drawing, spine, coition, after",nit-ac(1)
928,3,"PAIN, drawing, spine, sitting and stooping, like a painful weakness, while",zinc(1)
928,3,"PAIN, drawing, spine, extending downward, agg. throwing shoulders forward, amel. by throwing them backward",cycl(1)
928,4,"PAIN, drawing, spine, extending downward, agg. throwing shoulders forward, amel. by throwing them backward, upward on stooping",sulph(1)
928,1,"PAIN, gnawing","agar(1), alum(2), hell(1), lil-t(1), stry(1)"
928,2,"PAIN, gnawing, dinner, after",sep(1)
928,2,"PAIN, gnawing, in small spot",sulph(1)
928,2,"PAIN, gnawing, walking, while","canth(2), stront(1)"
928,2,"PAIN, gnawing, extends to neck after lying down",mag-m(1)
928,2,"PAIN, gnawing, Cervical region","nat-s(2), thuj(2)"
928,2,"PAIN, gnawing, Dorsal region, scapulæ","alum(1), ph-ac(1)"
928,3,"PAIN, gnawing, Dorsal region, scapulæ, between",nat-c(1)
928,3,"PAIN, gnawing, Dorsal region, scapulæ, below",agar(1)
928,2,"PAIN, gnawing, Lumbar region","alum(1), alumn(2), am-c(1), berb(2), canth(1), hura(1), lil-t(1), mag-m(1), nicc(1), ph-ac(1), phos(2), plb(1), stront(1), sulph(2)"
928,3,"PAIN, gnawing, Lumbar region, evening after lying down",mag-m(1)
928,3,"PAIN, gnawing, Lumbar region, night",am-c(1)
928,4,"PAIN, gnawing, Lumbar region, night, in bed",lil-t(1)
928,3,"PAIN, gnawing, Lumbar region, rubbing amel.",phos(2)
928,3,"PAIN, gnawing, Lumbar region, walking, while",stront(1)
928,4,"PAIN, gnawing, Lumbar region, walking, while, amel.",am-c(1)
928,3,"PAIN, gnawing, Lumbar region, extending to cervical region",alum(1)
928,2,"PAIN, gnawing, Sacrum, in","alum(1), phos(1)"
928,3,"PAIN, gnawing, Sacrum, in, evening",canth(1)
928,4,"PAIN, gnawing, Sacrum, in, evening, after going to bed",naja(1)
928,3,"PAIN, gnawing, Sacrum, in, stretching amel.",alum(1)
928,2,"PAIN, gnawing, Coccyx","agar(1), alum(1), gamb(2), kali-c(2), ph-ac(1)"
928,3,"PAIN, gnawing, Coccyx, menses, during",kali-c(1)
928,2,"PAIN, gnawing, Spine","bell(3), mag-m(1)"
928,1,"PAIN, jerking","ang(1), calc(1), calc-p(1), chin(1), cinnb(1), eupho(1), ferr(2), laur(1), nat-m(1), petr(1), ran-s(1), sulph(1)"
928,2,"PAIN, jerking, attempting to open mouth, on",stry(1)
928,2,"PAIN, jerking, involuntary when pressing on dorsal vertebræ",arn(1)
928,2,"PAIN, jerking, motion amel.",petr(1)
928,2,"PAIN, jerking, sleeping, while",am-c(1)
928,2,"PAIN, jerking, sticking, when bending backward",chel(1)
928,2,"PAIN, jerking, swallowing, on",petr(1)
928,2,"PAIN, jerking, extending toward heart",nat-m(1)
928,2,"PAIN, jerking, Cervical region","aeth(1), aur(1), chin(2), tarax(1)"
928,2,"PAIN, jerking, Scapulæ",calc-p(1)
928,2,"PAIN, jerking, Lumbar region","alum(1), am-c(1)"
928,2,"PAIN, jerking, Sacral region","chin(1), fl-ac(1)"
928,2,"PAIN, jerking, Coccyx","alum(1), calc(1), carb-an(1), caust(1), chin(1), cic(2), rhus-t(1), sulph(1)"
928,3,"PAIN, jerking, Coccyx, menses, during",cic(2)
928,2,"PAIN, jerking, Spine, middle of",cina(1)
928,1,"PAIN, labor-like","acon(1), aloe(2), carb-v(2), cocc(2), coff(2), eup-pur(1), ferr(1), kali-c(3), kreos(2), lyc(2), nux-v(2), puls(3), sabin(3), sec(1), sep(2)"
928,2,"PAIN, labor-like, extending to groin and thighs",sabin(2)
928,2,"PAIN, labor-like, Small of back","acon(1), kreos(2), lil-t(2), nux-v(2), puls(3), sabin(1)"
928,3,"PAIN, labor-like, Small of back, menses, during","agar(1), am-m(1), calc(2), cham(2), cimic(2), cycl(2), graph(1), kreos(1), lyc(2), nit-ac(2), puls(3), sulph(2)"
928,3,"PAIN, labor-like, Small of back, urging to stool, with","kreos(1), nux-v(3)"
928,3,"PAIN, labor-like, Small of back, extending in glutei muscles",kali-c(3)
928,4,"PAIN, labor-like, Small of back, extending in glutei muscles, to loins and pubes",vib(2)
928,4,"PAIN, labor-like, Small of back, extending in glutei muscles, to pubes",sabin(2)
928,2,"PAIN, labor-like, Sacrum","cham(2), cimic(2), croc(1), kali-c(2), kali-i(1), kreos(1), puls(3), sars(2), sec(1), sep(1), sulph(2)"
928,3,"PAIN, labor-like, Sacrum, morning",puls(2)
928,1,"PAIN, lameness","abrot(1), aesc(2), berb(3), cupr-ar(1), dios(2), dulc(2), fl-ac(1), helon(1), hyper(2), kali-c(1), kali-p(1), lyss(1), nat-m(3), nux-v(2), phys(1), plb(1), puls-n(1), ruta(3), zing(1)"
928,2,"PAIN, lameness, morning",dios(1)
928,3,"PAIN, lameness, morning, on rising",nat-m(1)
928,2,"PAIN, lameness, evening",cupr-ar(1)
929,2,"PAIN, lameness, cold, from taking",dulc(3)
929,2,"PAIN, lameness, moving head, on","bapt(1), cupr-ar(1)"
929,2,"PAIN, lameness, rising up, on",ptel(1)
929,2,"PAIN, lameness, sitting long, or lifting, as from","calc(1), lyc(2), mur-ac(1), olnd(1), rhus-t(3), valer(1)"
929,3,"PAIN, lameness, sitting long, or lifting, as from, a while, after",cupr-ar(1)
929,2,"PAIN, lameness, waking, on","abrot(1), aesc(3), ptel(1), puls-n(1)"
929,2,"PAIN, lameness, walking, after",zing(1)
929,2,"PAIN, lameness, Lumbar region","aesc(2), agar(1), ang(1), caust(2), con(1), cupr-ar(2), cur(1), dios(1), dulc(2), hep(1), hyper(2), iris(1), kali-c(2), lach(3), lept(2), nat-m(2), nux-v(2), phos(3), ptel(1), puls-n(1), rhus-t(3), ruta(2), sel(1), sil(1)"
929,3,"PAIN, lameness, Lumbar region, morning","dios(1), sel(1)"
929,4,"PAIN, lameness, Lumbar region, morning, on rising","nat-m(1), sil(1)"
929,3,"PAIN, lameness, Lumbar region, evening",bart(1)
929,4,"PAIN, lameness, Lumbar region, evening, in bed",kalm(2)
929,3,"PAIN, lameness, Lumbar region, cold, from taking",dulc(3)
929,3,"PAIN, lameness, Lumbar region, exertion, on",phys(1)
929,3,"PAIN, lameness, Lumbar region, motion",cupr-ar(1)
929,4,"PAIN, lameness, Lumbar region, motion, amel.",dios(1)
929,3,"PAIN, lameness, Lumbar region, parturition, after difficult",nux-v(2)
929,3,"PAIN, lameness, Lumbar region, pulling agg.",dios(1)
929,3,"PAIN, lameness, Lumbar region, rising up, on",ptel(1)
929,3,"PAIN, lameness, Lumbar region, standing","agar(1), coff(1), zing(1)"
929,3,"PAIN, lameness, Lumbar region, stooping","ang(1), cur(1), dios(1)"
929,3,"PAIN, lameness, Lumbar region, turning in bed almost impossible",dios(1)
929,3,"PAIN, lameness, Lumbar region, waking, on",puls-n(1)
929,3,"PAIN, lameness, Lumbar region, walking, while","agar(1), zing(1)"
929,3,"PAIN, lameness, Lumbar region, wet, after getting",dulc(3)
929,2,"PAIN, lameness, Sacral region","aesc(3), calc-p(2), com(1), phos(1), rhus-t(2), sil(3)"
929,3,"PAIN, lameness, Sacral region, rising from a seat, when","phos(1), sil(3), sulph(2)"
929,3,"PAIN, lameness, Sacral region, straining or lifting, as from","rhus-t(3), staph(1)"
929,3,"PAIN, lameness, Sacral region, walking, while","aesc(3), com(1)"
929,1,"PAIN, lancinating","ant-ox(1), coloc(2), elaps(1), kali-c(1), kali-i(1), nat-s(2), nit-ac(2)"
929,2,"PAIN, lancinating, Cervical region","bell(1), canth(1), elaps(1)"
929,2,"PAIN, lancinating, Dorsal region","bad(1), gins(2), hura(1), rob(1)"
929,3,"PAIN, lancinating, Dorsal region, like thrusts","euon(1), ran-b(1)"
929,3,"PAIN, lancinating, Dorsal region, lower vertebræ through chest",berb(1)
929,3,"PAIN, lancinating, Dorsal region, scapulæ, between",gins(2)
929,2,"PAIN, lancinating, Lumbar region","anan(1), asaf(1), aur-s(1), coloc(3), cupr(1), elaps(2), ign(1), kali-c(2), lac-c(1), plb(1), senec(2), verat-v(3)"
929,3,"PAIN, lancinating, Lumbar region, 9 p.m.",hura(1)
929,3,"PAIN, lancinating, Lumbar region, as from hot iron, morning",bufo(1)
929,3,"PAIN, lancinating, Lumbar region, injury, after",nat-s(1)
929,3,"PAIN, lancinating, Lumbar region, inspiration","aur(1), coloc(3)"
929,3,"PAIN, lancinating, Lumbar region, lying, while",berb(1)
929,4,"PAIN, lancinating, Lumbar region, lying, while, on back",coloc(3)
929,3,"PAIN, lancinating, Lumbar region, motion, on",plb(1)
929,4,"PAIN, lancinating, Lumbar region, motion, on, amel.",nat-s(2)
929,3,"PAIN, lancinating, Lumbar region, paroxysmal",plb(1)
929,3,"PAIN, lancinating, Lumbar region, pressure, amel.",plb(1)
929,3,"PAIN, lancinating, Lumbar region, rising arms",elaps(2)
929,3,"PAIN, lancinating, Lumbar region, rubbing amel.",nat-s(1)
929,3,"PAIN, lancinating, Lumbar region, standing amel.",berb(1)
929,3,"PAIN, lancinating, Lumbar region, thrusts, like","anan(1), verat-v(3)"
929,3,"PAIN, lancinating, Lumbar region, extending to coccyx",hura(1)
929,4,"PAIN, lancinating, Lumbar region, extending to coccyx, downwards",elaps(2)
929,4,"PAIN, lancinating, Lumbar region, extending to coccyx, upwards",coloc(2)
929,2,"PAIN, lancinating, Sacrum","cupr(1), plb(2), zinc(2)"
929,2,"PAIN, lancinating, Coccyx","canth(2), tarent(2)"
929,2,"PAIN, lancinating, Spine, upper part","cina(1), gins(1)"
929,3,"PAIN, lancinating, Spine, upper part, extending to sacrum",gins(1)
929,1,"PAIN, pressing","acon(1), aeth(1), agar(2), am-c(1), ambr(1), anac(1), apis(1), arg-n(1), arn(1), aur(1), bell(3), berb(1), bor(1), calc(1), calc-s(1), caps(1), carb-an(1), carb-s(1), carb-v(1), card-m(1), caust(1), chel(2), cocc(1), con(1), cycl(1), dulc(2), elaps(1), eupho(1), euphr(1), graph(1), hyper(1), kali-c(2), kali-n(1), kali-p(1), lach(1), led(1), lyc(1), mag-m(1), merc(1), mur-ac(2), nat-m(1), nat-s(1), nit-ac(1), nux-m(2), ol-an(1), pall(1), petr(1), phos(2), plat(1), psor(2), puls(1), rhod(1), sabin(1), samb(2), sars(1), seneg(1), sep(2), sil(1), spong(1), stann(2), staph(1), sulph(1), tarax(1), thuj(2), ust(1), verat(1), zinc(2)"
929,2,"PAIN, pressing, morning in bed, amel. after rising",nat-m(1)
929,2,"PAIN, pressing, forenoon",nat-m(1)
930,2,"PAIN, pressing, lying on a pillow amel.",carb-v(2)
930,2,"PAIN, pressing, menses, before","nux-m(1), podo(1)"
930,3,"PAIN, pressing, menses, before, during","agar(1), nux-m(2), phys(1)"
930,2,"PAIN, pressing, motion, on",zinc(2)
930,2,"PAIN, pressing, plug-like sensation","carb-v(2), lach(1), plat(1)"
930,2,"PAIN, pressing, pulsating",sil(1)
930,2,"PAIN, pressing, sitting, while","bor(1), cocc(1), puls(1)"
930,3,"PAIN, pressing, sitting, while, amel.",mur-ac(1)
930,2,"PAIN, pressing, bent, better erect",chel(1)
930,2,"PAIN, pressing, standing, while","nit-ac(1), puls(1)"
930,3,"PAIN, pressing, standing, while, amel.",mur-ac(1)
930,2,"PAIN, pressing, stool, during difficult",puls(2)
930,2,"PAIN, pressing, stooping",bor(1)
930,2,"PAIN, pressing, walking, while","bor(1), caust(2), mur-ac(1), psor(2)"
930,3,"PAIN, pressing, walking, while, amel.",puls(1)
930,2,"PAIN, pressing, extending to shoulders",chel(1)
930,2,"PAIN, pressing, Cervical region","agar(1), agn(1), ambr(1), anac(2), ant-s(1), ars(2), bar-c(2), bell(3), benz-ac(1), bry(1), canth(1), carb-v(2), card-m(1), chel(2), cocc(2), coloc(2), crot-t(1), cupr(1), dig(1), elaps(2), glon(2), graph(1), grat(1), lach(2), laur(2), lyc(1), lyss(1), merc(1), mosch(1), nat-m(2), nat-s(2), nit-ac(1), ol-an(1), par(3), ph-ac(1), phos(3), puls(2), samb(1), sars(1), sil(1), spong(1), staph(2), tarax(1), thuj(1)"
930,3,"PAIN, pressing, Cervical region, morning",sil(1)
930,4,"PAIN, pressing, Cervical region, morning, waking, on",asaf(1)
930,3,"PAIN, pressing, Cervical region, evening",fl-ac(1)
930,3,"PAIN, pressing, Cervical region, air, open, in",laur(2)
930,3,"PAIN, pressing, Cervical region, bending head backward",bell(1)
930,4,"PAIN, pressing, Cervical region, bending head backward, forward, compelling",laur(2)
930,3,"PAIN, pressing, Cervical region, coughing","bell(2), caps(2)"
930,3,"PAIN, pressing, Cervical region, intermittent",anac(2)
930,3,"PAIN, pressing, Cervical region, lying, while","glon(2), lyc(2)"
930,3,"PAIN, pressing, Cervical region, rising from bed",cinnb(1)
930,3,"PAIN, pressing, Cervical region, small spots",lyc(1)
930,3,"PAIN, pressing, Cervical region, stooping, on",canth(1)
930,3,"PAIN, pressing, Cervical region, swallowing",colch(1)
930,3,"PAIN, pressing, Cervical region, talking, on",sulph(1)
930,3,"PAIN, pressing, Cervical region, turning head","canth(1), coloc(2), nat-s(2)"
930,3,"PAIN, pressing, Cervical region, weight, as from","coloc(1), par(3)"
930,4,"PAIN, pressing, Cervical region, weight, as from, after walking",rhus-t(3)
930,3,"PAIN, pressing, Cervical region, extending to clavicle",nat-s(1)
930,4,"PAIN, pressing, Cervical region, extending to clavicle, to head",grat(1)
930,5,"PAIN, pressing, Cervical region, extending to clavicle, to head, occiput","nat-c(1), nat-s(1)"
930,2,"PAIN, pressing, Dorsal region","con(1), kali-c(1), mur-ac(1)"
930,3,"PAIN, pressing, Dorsal region, scapulæ","anac(1), arg-m(1), arn(1), aur-m-n(1), bell(1), bry(1), calc(2), caust(1), chel(1), cocc(2), cor-r(1), elaps(1), graph(1), ind(1), kali-c(1), kalm(1), lach(1), laur(1), led(1), lyc(1), mez(1), nat-m(1), nat-s(1), nit-ac(1), nux-v(1), phyt(1), ran-s(1), rhus-t(1), ruta(1), seneg(1), sep(1), tell(1), zinc(1)"
930,4,"PAIN, pressing, Dorsal region, scapulæ, right","chel(2), lyss(1)"
930,4,"PAIN, pressing, Dorsal region, scapulæ, left, as from a plug",phos(1)
930,4,"PAIN, pressing, Dorsal region, scapulæ, morning, in bed","nat-m(1), nat-s(1)"
930,4,"PAIN, pressing, Dorsal region, scapulæ, sitting, while",ind(1)
930,4,"PAIN, pressing, Dorsal region, scapulæ, extending to small of back when riding",kali-c(1)
930,5,"PAIN, pressing, Dorsal region, scapulæ, extending to small of back when riding, to sacrum",coc-c(1)
930,5,"PAIN, pressing, Dorsal region, scapulæ, extending to small of back when riding, sternum",chel(2)
930,4,"PAIN, pressing, Dorsal region, scapulæ, between","am-c(1), ant-s(1), arn(2), bell(3), bry(1), calc(3), carb-v(1), chin(2), coc-c(1), cocc(2), crot-t(1), elaps(1), graph(1), hura(1), indg(1), kali-bi(1), kali-br(1), kali-c(1), lach(1), laur(1), led(1), lob(1), lyss(1), nux-v(2), petr(1), psor(1), seneg(1), sep(1), sil(1), ter(1), thuj(1)"
930,5,"PAIN, pressing, Dorsal region, scapulæ, between, morning, on waking",arg-n(1)
930,5,"PAIN, pressing, Dorsal region, scapulæ, between, menses, during",am-c(1)
930,5,"PAIN, pressing, Dorsal region, scapulæ, between, motion, on",calc(2)
930,5,"PAIN, pressing, Dorsal region, scapulæ, between, moving arm",sil(1)
930,5,"PAIN, pressing, Dorsal region, scapulæ, between, obstructing respiration",calc(3)
930,5,"PAIN, pressing, Dorsal region, scapulæ, between, rising, on",carb-v(1)
930,5,"PAIN, pressing, Dorsal region, scapulæ, between, sitting","bell(1), bry(1)"
930,5,"PAIN, pressing, Dorsal region, scapulæ, between, stooping, as if plug were forced inward",prun-s(1)
930,5,"PAIN, pressing, Dorsal region, scapulæ, between, waking",thuj(1)
930,5,"PAIN, pressing, Dorsal region, scapulæ, between, walking",coc-c(1)
930,6,"PAIN, pressing, Dorsal region, scapulæ, between, walking, amel.",bry(1)
930,4,"PAIN, pressing, Dorsal region, scapulæ, under","apis(1), brom(1), calc(3), card-m(1), chel(1), ind(1), lyc(1), lyss(1), nat-c(1), nat-s(1), phos(1), rhus-t(1), sulph(1), zinc(1)"
930,5,"PAIN, pressing, Dorsal region, scapulæ, under, left","ind(1), zinc(1)"
930,5,"PAIN, pressing, Dorsal region, scapulæ, under, angle of",ruta(1)
931,4,"PAIN, pressing, Dorsal region, scapulæ, spine","ail(1), asaf(1), bell(3), gins(1), mur-ac(1), sabin(1), sep(1), zinc(1)"
931,5,"PAIN, pressing, Dorsal region, scapulæ, spine, on inspiration",mur-ac(1)
931,2,"PAIN, pressing, Lumbar region","acon(1), aeth(1), agar(1), all-c(1), ambr(1), anag(1), ang(1), arg-m(1), arn(1), ars(1), asaf(1), aur(1), bell(2), berb(1), bor(1), bry(1), calc(2), calc-p(1), calc-s(1), camph(2), canth(1), carb-an(2), carb-s(1), carb-v(2), caust(3), chel(1), clem(1), coc-c(1), cocc(1), coloc(1), con(1), cycl(1), elaps(1), graph(1), kali-c(2), kali-i(2), lach(1), led(2), lyc(2), merl(1), mur-ac(2), nat-m(1), nit-ac(2), nux-v(2), ol-an(1), osm(1), phos(2), plat(2), plb(2), psor(3), puls(3), ran-s(1), rat(1), rhus-t(2), sabin(3), samb(1), sep(1), sil(1), spong(2), stann(1), stront(2), sulph(3), tarax(1), thuj(1), zinc(2)"
931,3,"PAIN, pressing, Lumbar region, morning",kali-c(1)
931,4,"PAIN, pressing, Lumbar region, morning, bed, in",cocc(1)
931,4,"PAIN, pressing, Lumbar region, morning, bending to left",mang(1)
931,4,"PAIN, pressing, Lumbar region, morning, rising, after, amel.","cocc(1), form(1), staph(1)"
931,3,"PAIN, pressing, Lumbar region, 4 a.m., wakens",staph(1)
931,3,"PAIN, pressing, Lumbar region, air, open",lyc(1)
931,3,"PAIN, pressing, Lumbar region, eating, while",bry(1)
931,3,"PAIN, pressing, Lumbar region, flatus, obstructed from","coc-c(1), kali-c(2), lyc(3)"
931,3,"PAIN, pressing, Lumbar region, menses, during","am-m(1), carb-an(2), carb-v(1), ferr-p(2), kali-c(2), lach(2), plat(1), plb(1), puls(3), sulph(3)"
931,4,"PAIN, pressing, Lumbar region, menses, during, as if, would come on","apis(2), calc-p(2)"
931,3,"PAIN, pressing, Lumbar region, motion, during",psor(3)
931,3,"PAIN, pressing, Lumbar region, paralytic",cocc(1)
931,3,"PAIN, pressing, Lumbar region, plug, like a, puts pillow under",carb-v(2)
931,3,"PAIN, pressing, Lumbar region, pressure agg.",cycl(1)
931,3,"PAIN, pressing, Lumbar region, sitting","ang(1), bor(1), carb-v(1), coloc(1), puls(1), rhus-t(3)"
931,3,"PAIN, pressing, Lumbar region, sleep, before",nat-m(1)
931,3,"PAIN, pressing, Lumbar region, standing","puls(1), tarax(1)"
931,4,"PAIN, pressing, Lumbar region, standing, bent over",sulph(1)
931,3,"PAIN, pressing, Lumbar region, stepping",acon(1)
931,4,"PAIN, pressing, Lumbar region, stepping, stool, during",spong(1)
931,5,"PAIN, pressing, Lumbar region, stepping, stool, during, hard",bry(1)
931,4,"PAIN, pressing, Lumbar region, stepping, after",dig(1)
931,3,"PAIN, pressing, Lumbar region, stooping","bor(1), clem(1), cycl(1), sabin(1), sulph(1)"
931,3,"PAIN, pressing, Lumbar region, urinating before",graph(1)
931,3,"PAIN, pressing, Lumbar region, vise, as if in a",kali-i(2)
931,3,"PAIN, pressing, Lumbar region, walking amel.","puls(1), sulph(1)"
931,3,"PAIN, pressing, Lumbar region, extending to bladder and groins",bell(1)
931,4,"PAIN, pressing, Lumbar region, extending to bladder and groins, feet",bor(1)
931,4,"PAIN, pressing, Lumbar region, extending to bladder and groins, groin",sulph(3)
931,4,"PAIN, pressing, Lumbar region, extending to bladder and groins, lower limbs",berb(1)
931,4,"PAIN, pressing, Lumbar region, extending to bladder and groins, testes on coughing",osm(1)
931,4,"PAIN, pressing, Lumbar region, extending to bladder and groins, upward",clem(1)
931,4,"PAIN, pressing, Lumbar region, extending to bladder and groins, below the short ribs",lyc(3)
931,2,"PAIN, pressing, Sacral region","acon(1), agar(1), all-c(2), aloe(1), ang(1), arg-m(1), berb(2), bor(1), cann-s(1), carb-an(3), carb-v(2), caust(1), chel(1), ferr(2), ign(2), lyss(2), meny(1), mosch(1), nux-v(3), puls(2), ruta(1), sabin(1), samb(1), sec(2), sep(1), spong(1), tarax(1), verat(1), zinc(1)"
931,3,"PAIN, pressing, Sacral region, evening",puls(2)
931,3,"PAIN, pressing, Sacral region, night",ang(1)
931,3,"PAIN, pressing, Sacral region, dull instrument, as from a",mosch(1)
931,3,"PAIN, pressing, Sacral region, leaning back against chair",agar(1)
931,3,"PAIN, pressing, Sacral region, lying",berb(2)
931,3,"PAIN, pressing, Sacral region, menses, during",ferr(1)
931,3,"PAIN, pressing, Sacral region, motion amel.",aloe(1)
931,3,"PAIN, pressing, Sacral region, pressing down","bell(1), berb(1), merl(1), nux-v(3), sec(1), sep(2)"
931,3,"PAIN, pressing, Sacral region, sitting, while","agar(1), aloe(1), berb(2)"
931,3,"PAIN, pressing, Sacral region, stepping, on",acon(1)
931,3,"PAIN, pressing, Sacral region, urging to stool, with","merc-c(2), nux-v(3)"
931,3,"PAIN, pressing, Sacral region, walking, while","acon(1), spong(1)"
931,2,"PAIN, pressing, Coccyx","aloe(1), apis(1), calc(1), calc-p(1), cann-i(1), cann-s(2), carb-an(2), carb-v(2), chin(1), hep(1), merc(1), ph-ac(1), phos(1), sep(2), valer(1), zinc(1)"
931,3,"PAIN, pressing, Coccyx, evening","apis(2), kali-bi(1)"
931,3,"PAIN, pressing, Coccyx, sitting, while",apis(2)
931,2,"PAIN, pressing, Spine","benz-ac(1), led(1), phos(1), spong(1)"
931,3,"PAIN, pressing, Spine, fist, lower part of, as from a",lyc(1)
931,3,"PAIN, pressing, Spine, inspiring",led(1)
931,4,"PAIN, pressing, Spine, inspiring, plug, as from a, middle of spine",plat(1)
931,3,"PAIN, pressing, Spine, pressure amel.",verat(1)
931,3,"PAIN, pressing, Spine, sitting amel.",mur-ac(1)
931,4,"PAIN, pressing, Spine, sitting amel., erect, while",spong(1)
932,3,"PAIN, pressing, Spine, standing, while, amel.",mur-ac(1)
932,3,"PAIN, pressing, Spine, swallowing, on",kali-c(1)
932,3,"PAIN, pressing, Spine, walking, while",mur-ac(1)
932,1,"PAIN, shooting (See Stitching)",
932,1,"PAIN, sore, bruised, beaten","acon(2), agar(2), alum(3), alumn(1), am-m(1), anac(1), ang(1), apis(2), arn(3), ars(2), ars-i(1), asar(1), berb(1), calc(2), calc-s(1), carb-ac(1), carb-s(1), carb-v(1), cham(2), chin(1), cic(1), cina(2), cinnb(1), clem(1), coc-c(1), coloc(1), con(2), conv(1), cor-r(1), corn(1), dig(1), dros(2), dulc(1), eup-per(3), grat(1), hep(1), hyos(1), kali-ar(1), kali-c(3), kali-n(1), kali-p(1), kali-s(1), lyss(1), mag-c(1), mag-m(2), mag-s(1), merc(2), myric(1), nat-a(1), nat-c(2), nat-m(3), nat-p(1), nat-s(2), nux-m(2), nux-v(3), ox-ac(1), phos(3), phyt(2), plat(3), psor(2), puls(2), ran-b(2), rat(1), rhod(2), rhus-t(2), ruta(3), sabad(1), sang(2), sol-n(1), spig(2), stann(2), stram(1), stront(1), sul-ac(1), sulph(3), tep(1), ther(1), thuj(2), verat(1), vib(1), zinc(2)"
932,2,"PAIN, sore, bruised, beaten, morning","dros(2), ox-ac(1)"
932,3,"PAIN, sore, bruised, beaten, morning, motion amel.",am-m(1)
932,3,"PAIN, sore, bruised, beaten, morning, rising, on","am-m(1), calad(1), nat-m(1), stann(1), thuj(1)"
932,4,"PAIN, sore, bruised, beaten, morning, rising, on, after amel.",rat(2)
932,3,"PAIN, sore, bruised, beaten, morning, waking, on","arg-m(1), grat(1), mag-m(1), mag-s(1)"
932,2,"PAIN, sore, bruised, beaten, evening",psor(1)
932,2,"PAIN, sore, bruised, beaten, night","am-m(2), cham(1), mag-m(1), nat-c(2)"
932,3,"PAIN, sore, bruised, beaten, night, in bed, amel. by motion",mag-c(1)
932,3,"PAIN, sore, bruised, beaten, night, 3 to 4 a.m.",nux-v(3)
932,2,"PAIN, sore, bruised, beaten, midnight, waking from sleep",nat-c(1)
932,2,"PAIN, sore, bruised, beaten, air, in open",merc(2)
932,2,"PAIN, sore, bruised, beaten, lying, while","hep(1), nat-m(1), puls(2)"
932,3,"PAIN, sore, bruised, beaten, lying, while, amel.",asar(1)
932,3,"PAIN, sore, bruised, beaten, lying, while, on the back, when","am-m(1), bry(1), hyos(1)"
932,3,"PAIN, sore, bruised, beaten, lying, while, on side",ign(1)
932,4,"PAIN, sore, bruised, beaten, lying, while, on side, amel.",nat-s(1)
932,2,"PAIN, sore, bruised, beaten, menses, before, worse at night",berb(2)
932,3,"PAIN, sore, bruised, beaten, menses, before, worse at night, during","mag-m(2), phos(1), thuj(2)"
932,4,"PAIN, sore, bruised, beaten, menses, before, worse at night, during, as if in the bones",carb-v(1)
932,2,"PAIN, sore, bruised, beaten, motion, on","chel(1), chin(1), merc(1), ran-b(1), stram(1)"
932,3,"PAIN, sore, bruised, beaten, motion, on, amel.","am-m(2), kali-c(3), mag-c(1), rat(1)"
932,2,"PAIN, sore, bruised, beaten, pressure on",sulph(1)
932,3,"PAIN, sore, bruised, beaten, pressure on, amel.",vib(1)
932,2,"PAIN, sore, bruised, beaten, rising after sitting","apis(1), psor(2), sulph(3)"
932,3,"PAIN, sore, bruised, beaten, rising after sitting, after long stooping",nat-m(2)
932,2,"PAIN, sore, bruised, beaten, shivering, during",arn(3)
932,2,"PAIN, sore, bruised, beaten, sitting, while","calc(2), hep(1), hyos(1), nat-m(1), ph-ac(1), ruta(2), sabad(1)"
932,2,"PAIN, sore, bruised, beaten, standing, while","asar(1), calc(2), hep(1), thuj(1)"
932,2,"PAIN, sore, bruised, beaten, stooping, while","cham(1), lec(1), stront(1)"
932,2,"PAIN, sore, bruised, beaten, turning the body",thuj(1)
932,2,"PAIN, sore, bruised, beaten, waking, after",mag-s(1)
932,2,"PAIN, sore, bruised, beaten, walking, while","hyos(1), ruta(2)"
932,3,"PAIN, sore, bruised, beaten, walking, while, amel.","puls(2), thuj(1)"
932,3,"PAIN, sore, bruised, beaten, walking, while, in open air","merc(1), zinc(2)"
932,2,"PAIN, sore, bruised, beaten, extending to nape of neck, evening after lying down",nat-c(1)
932,3,"PAIN, sore, bruised, beaten, extending to nape of neck, evening after lying down, sacrum",gins(1)
932,3,"PAIN, sore, bruised, beaten, extending to nape of neck, evening after lying down, shoulders to loins on waking",ox-ac(1)
932,3,"PAIN, sore, bruised, beaten, extending to nape of neck, evening after lying down, small of back and abdomen",caust(1)
932,2,"PAIN, sore, bruised, beaten, Cervical region","acon(1), aesc(2), agar(2), ambr(1), arg-m(1), arn(1), ars(2), ars-i(1), bad(2), bapt(1), bell(2), bov(1), brach(1), calc-p(1), carb-ac(2), caust(1), cic(1), coloc(1), dig(1), dros(1), dulc(1), ferr(2), fl-ac(1), gels(2), graph(1), ham(1), iod(1), kali-bi(1), kalm(2), lach(2), lec(1), lyc(1), merc-i-f(1), naja(1), nat-c(1), nat-m(2), nat-s(3), nit-ac(2), nux-m(1), nux-v(1), ph-ac(3), phos(2), phys(1), podo(1), psor(1), puls(1), ruta(1), sabin(1), sang(1), sep(1), sil(3), sol-n(1), stram(1), sulph(1), tarent(1), tep(1), thuj(2), zinc(2)"
932,3,"PAIN, sore, bruised, beaten, Cervical region, morning after waking agg.","arg-m(1), ph-ac(1)"
932,3,"PAIN, sore, bruised, beaten, Cervical region, bending head backwards","bad(2), cic(1), hep(1)"
932,3,"PAIN, sore, bruised, beaten, Cervical region, burning",ph-ac(1)
932,3,"PAIN, sore, bruised, beaten, Cervical region, lying down",lyc(1)
932,3,"PAIN, sore, bruised, beaten, Cervical region, motion, on","asar(1), nux-v(1)"
932,4,"PAIN, sore, bruised, beaten, Cervical region, motion, on, amel.",sulph(2)
932,3,"PAIN, sore, bruised, beaten, Cervical region, moving head","kali-c(1), kalm(2), merc-i-f(1), podo(1)"
932,3,"PAIN, sore, bruised, beaten, Cervical region, stooping, on",nux-v(1)
932,3,"PAIN, sore, bruised, beaten, Cervical region, stretching, on",nat-s(1)
932,3,"PAIN, sore, bruised, beaten, Cervical region, walking amel.",mag-s(1)
932,3,"PAIN, sore, bruised, beaten, Cervical region, yawning",nat-s(1)
932,3,"PAIN, sore, bruised, beaten, Cervical region, seventh vertebra","carb-ac(1), con(1), gels(2)"
933,2,"PAIN, sore, bruised, beaten, Dorsal region","apis(2), calc-p(1), nat-m(1), nat-s(2), pall(1), ph-ac(1), plb(1), sep(1), stann(1)"
933,3,"PAIN, sore, bruised, beaten, Dorsal region, morning on waking, amel. by exercise",calc-p(1)
933,3,"PAIN, sore, bruised, beaten, Dorsal region, scapulæ, in","anac(1), ant-t(1), arn(2), ars(1), bar-c(1), berb(1), calc-p(1), chel(1), con(1), dios(1), graph(1), hell(1), kreos(2), lyc(1), merc(1), merc-i-f(1), nat-m(1), nux-v(1), phos(1), ran-b(1), sil(1), spong(1), thuj(1), verat(1), vesp(1), zinc(1)"
933,4,"PAIN, sore, bruised, beaten, Dorsal region, scapulæ, in, right","ars(1), chel(1), cic(2)"
933,4,"PAIN, sore, bruised, beaten, Dorsal region, scapulæ, in, left","card-m(1), coloc(1), phyt(1)"
933,4,"PAIN, sore, bruised, beaten, Dorsal region, scapulæ, in, morning in bed",nat-m(1)
933,4,"PAIN, sore, bruised, beaten, Dorsal region, scapulæ, in, motion, on","chin(1), cocc(1), kali-c(1)"
933,5,"PAIN, sore, bruised, beaten, Dorsal region, scapulæ, in, motion, on, amel.",coloc(1)
933,4,"PAIN, sore, bruised, beaten, Dorsal region, scapulæ, in, turning head",merc(1)
933,4,"PAIN, sore, bruised, beaten, Dorsal region, scapulæ, in, yawning, when",nat-s(1)
933,4,"PAIN, sore, bruised, beaten, Dorsal region, scapulæ, in, extending down the back",chel(1)
933,3,"PAIN, sore, bruised, beaten, Dorsal region, scapulæ, between","acon(2), am-m(1), ars(1), bar-c(1), chin(1), crot-c(1), dig(1), gran(2), hell(2), kali-c(1), lach(1), mag-m(1), mag-s(1), meny(2), merc-i-f(1), nat-m(1), nux-v(1), phos(2), podo(1), rhus-t(1), sil(2), sulph(1), ther(1)"
933,4,"PAIN, sore, bruised, beaten, Dorsal region, scapulæ, between, left and spine, amel. by pressure, rest and warmth; agg., by lifting, working during menses and vexation",phos(2)
933,4,"PAIN, sore, bruised, beaten, Dorsal region, scapulæ, between, coughing, when",sul-ac(1)
933,4,"PAIN, sore, bruised, beaten, Dorsal region, scapulæ, between, lying, while",nat-m(1)
933,4,"PAIN, sore, bruised, beaten, Dorsal region, scapulæ, between, motion amel.",kali-c(1)
933,4,"PAIN, sore, bruised, beaten, Dorsal region, scapulæ, between, sitting, while",nat-m(1)
933,4,"PAIN, sore, bruised, beaten, Dorsal region, scapulæ, between, stooping, when","cham(1), nux-v(1)"
933,4,"PAIN, sore, bruised, beaten, Dorsal region, scapulæ, between, tip of",cimx(1)
933,4,"PAIN, sore, bruised, beaten, Dorsal region, scapulæ, between, under","cist(1), cund(1), led(1), nat-a(1), nat-c(1), ol-j(1), sul-i(1), thuj(1)"
933,5,"PAIN, sore, bruised, beaten, Dorsal region, scapulæ, between, under, morning",ox-ac(1)
933,5,"PAIN, sore, bruised, beaten, Dorsal region, scapulæ, between, under, between paroxysms of burning",plb(1)
933,5,"PAIN, sore, bruised, beaten, Dorsal region, scapulæ, between, under, wheezing, with",ars(1)
933,2,"PAIN, sore, bruised, beaten, Lumbar region","acon(1), aesc(1), agar(3), alum(2), am-c(1), am-m(2), ang(1), ant-ox(1), apoc(1), arg-m(1), arg-n(2), arn(3), ars(2), aur(3), aur-m(1), bar-c(1), bell(1), berb(3), brom(1), bry(3), calad(1), calc-p(2), caps(2), carb-ac(2), carb-s(1), caust(2), cham(2), chel(2), chin(3), cimic(2), cimx(2), cina(2), cinnb(1), clem(1), coc-c(1), cocc(1), colch(2), coloc(2), conv(1), cor-r(1), corn(1), cupr-ar(1), cur(1), dulc(3), eup-per(3), ferr(2), ferr-ar(1), gamb(1), graph(2), grat(1), hell(1), hep(2), hura(1), hydrc(1), indg(1), jatr(1), kali-br(1), kali-i(1), kali-n(2), lac-c(1), lact(1), lept(1), lil-t(2), lob(1), lyc(1), mag-m(2), mag-s(1), med(1), meny(2), merc(2), naja(2), nat-c(1), nat-m(2), nat-s(2), nux-m(2), nux-v(3), ox-ac(1), phos(1), phys(1), pic-ac(1), plat(2), plb(1), ptel(1), ran-s(2), rhod(3), rhus-t(3), ruta(2), sil(2), staph(1), stry(1), sul-ac(2), sul-i(1), sulph(3), tab(2), thuj(2)"
933,3,"PAIN, sore, bruised, beaten, Lumbar region, morning","alum(1), arg-m(2), calc-p(1), colch(1), dios(1), sil(1)"
933,4,"PAIN, sore, bruised, beaten, Lumbar region, morning, bed, in","agar(2), aur(1), nux-v(2), ruta(2)"
933,4,"PAIN, sore, bruised, beaten, Lumbar region, morning, rising, on","calc-p(2), kali-c(1), nat-m(2), rat(1), stry(2), thuj(1), valer(1)"
933,5,"PAIN, sore, bruised, beaten, Lumbar region, morning, rising, on, amel.","aur(1), nat-s(1)"
933,4,"PAIN, sore, bruised, beaten, Lumbar region, morning, until 2 p.m.",mag-c(1)
933,5,"PAIN, sore, bruised, beaten, Lumbar region, morning, until 2 p.m., evening",nat-s(1)
933,4,"PAIN, sore, bruised, beaten, Lumbar region, morning, 3 a.m.",nux-v(2)
933,3,"PAIN, sore, bruised, beaten, Lumbar region, forenoon",nat-c(1)
933,3,"PAIN, sore, bruised, beaten, Lumbar region, afternoon","cob(1), plb(1), sulph(2)"
933,4,"PAIN, sore, bruised, beaten, Lumbar region, afternoon, after pain",sang(1)
933,3,"PAIN, sore, bruised, beaten, Lumbar region, evening","caust(1), cob(1), coloc(2), mag-c(1), meny(1), stront(1), sulph(2)"
933,3,"PAIN, sore, bruised, beaten, Lumbar region, night","am-m(3), naja(2), sil(3), sulph(3)"
933,4,"PAIN, sore, bruised, beaten, Lumbar region, night, 2 a.m.",nat-s(2)
933,4,"PAIN, sore, bruised, beaten, Lumbar region, night, 3 a.m.",kali-n(1)
933,3,"PAIN, sore, bruised, beaten, Lumbar region, bending backward","nux-v(1), plat(1)"
933,3,"PAIN, sore, bruised, beaten, Lumbar region, blowing nose",dig(1)
933,3,"PAIN, sore, bruised, beaten, Lumbar region, breathing deeply agg.","conv(1), sang(1)"
933,3,"PAIN, sore, bruised, beaten, Lumbar region, cold, from taking",dulc(3)
933,3,"PAIN, sore, bruised, beaten, Lumbar region, leaning against chair",plb(1)
933,3,"PAIN, sore, bruised, beaten, Lumbar region, lying, while","agar(1), berb(1), bry(2), cham(1), puls(1), rhus-t(3)"
933,4,"PAIN, sore, bruised, beaten, Lumbar region, lying, while, on back","am-m(1), ars(2), bry(2), ign(1), rhus-t(2)"
933,5,"PAIN, sore, bruised, beaten, Lumbar region, lying, while, on back, side agg.",am-m(1)
933,6,"PAIN, sore, bruised, beaten, Lumbar region, lying, while, on back, side agg., right amel.",nat-s(1)
933,3,"PAIN, sore, bruised, beaten, Lumbar region, menses, before",spong(1)
933,4,"PAIN, sore, bruised, beaten, Lumbar region, menses, before, during","am-c(1), bar-c(1), carb-v(1), caust(1), cimic(2), kali-i(1), mag-c(1), mag-m(1), mag-s(1), thuj(1)"
933,4,"PAIN, sore, bruised, beaten, Lumbar region, menses, before, after",mag-c(1)
934,3,"PAIN, sore, bruised, beaten, Lumbar region, motion, on","arg-m(1), bufo(1), calc(2), chin(3), conv(1), dig(1), eup-per(1), nux-v(1), sul-ac(1)"
934,4,"PAIN, sore, bruised, beaten, Lumbar region, motion, on, amel.","aur(1), bry(1), rat(1), rhod(3), rhus-t(3), ruta(2)"
934,4,"PAIN, sore, bruised, beaten, Lumbar region, motion, on, on beginning, after lying down",dig(1)
934,3,"PAIN, sore, bruised, beaten, Lumbar region, parturition, during",caust(2)
934,3,"PAIN, sore, bruised, beaten, Lumbar region, pregnancy, during",lyss(1)
934,3,"PAIN, sore, bruised, beaten, Lumbar region, pressure agg.",plat(1)
934,4,"PAIN, sore, bruised, beaten, Lumbar region, pressure agg., amel.",verat(1)
934,3,"PAIN, sore, bruised, beaten, Lumbar region, rising agg.","ferr(1), sulph(1), thuj(1)"
934,4,"PAIN, sore, bruised, beaten, Lumbar region, rising agg., from stooping","nat-m(1), sulph(2)"
934,3,"PAIN, sore, bruised, beaten, Lumbar region, sitting, while","agar(1), berb(1), bry(1), kali-c(1), mag-s(1), meny(1), merc(1), nat-m(1), phel(1), rhus-t(3), stront(1), sul-ac(1)"
934,4,"PAIN, sore, bruised, beaten, Lumbar region, sitting, while, amel.",caust(1)
934,4,"PAIN, sore, bruised, beaten, Lumbar region, sitting, while, bent",kali-i(2)
934,4,"PAIN, sore, bruised, beaten, Lumbar region, sitting, while, erect",conv(1)
934,3,"PAIN, sore, bruised, beaten, Lumbar region, sleep, on awaking from",berb(1)
934,3,"PAIN, sore, bruised, beaten, Lumbar region, standing, while","agar(1), mag-s(1), sul-ac(1), thuj(1), zing(1)"
934,3,"PAIN, sore, bruised, beaten, Lumbar region, stepping","berb(1), carb-an(2), thuj(2)"
934,3,"PAIN, sore, bruised, beaten, Lumbar region, stool, after",nat-m(1)
934,3,"PAIN, sore, bruised, beaten, Lumbar region, stooping, on","alum(1), aur-m(1), cham(1), graph(1), lec(1), meny(2), nat-m(1), nux-v(1), sil(2), sulph(2), thuj(2)"
934,3,"PAIN, sore, bruised, beaten, Lumbar region, turning, when","alum(1), sil(1), thuj(2)"
934,3,"PAIN, sore, bruised, beaten, Lumbar region, walking, while","alum(1), caust(1), hep(1), hyos(1), meny(2), thuj(2), zing(1)"
934,4,"PAIN, sore, bruised, beaten, Lumbar region, walking, while, amel.","apoc(1), aur(1), bry(1), mag-s(1), phel(1), puls(1), ruta(1), thuj(1)"
934,4,"PAIN, sore, bruised, beaten, Lumbar region, walking, while, after short walk",grat(1)
934,4,"PAIN, sore, bruised, beaten, Lumbar region, walking, while, slowly amel.",puls(2)
934,3,"PAIN, sore, bruised, beaten, Lumbar region, wet weather","rhod(3), rhus-t(3)"
934,3,"PAIN, sore, bruised, beaten, Lumbar region, extending to lower limbs","berb(1), hep(1)"
934,4,"PAIN, sore, bruised, beaten, Lumbar region, extending to lower limbs, thighs",lyc(1)
934,3,"PAIN, sore, bruised, beaten, Lumbar region, above hips","ars(1), cast(1), dulc(1), staph(1)"
934,3,"PAIN, sore, bruised, beaten, Lumbar region, last lumbar vertebra","acon(1), aesc(1), cham(1), nat-s(2), plat(1)"
934,3,"PAIN, sore, bruised, beaten, Lumbar region, last rib","ph-ac(1), ran-b(3)"
934,2,"PAIN, sore, bruised, beaten, Sacral region","acon(2), agar(2), alum(3), am-c(1), am-m(2), ang(1), arg-m(1), arn(2), ars(1), bapt(1), berb(2), bry(2), calad(2), carb-s(1), caust(2), chin(1), cina(1), cinnb(1), colch(2), coloc(1), cor-r(1), dig(1), eup-per(1), ferr(1), fl-ac(2), gamb(1), graph(2), hep(2), hyper(1), ign(1), kali-bi(1), kali-i(1), kreos(1), lact(1), lob(2), mag-c(1), mag-m(1), meny(1), merc(2), nat-a(1), nat-c(1), nat-m(2), nat-s(2), nux-m(2), nux-v(2), ox-ac(1), phel(1), phos(2), phyt(1), plat(2), ran-b(1), ran-s(1), rhod(1), rhus-t(3), ruta(2), sabad(2), sars(1), sep(2), sil(1), spong(1), staph(1), stront(1), sulph(2), tell(2), thuj(1), verat(2)"
934,3,"PAIN, sore, bruised, beaten, Sacral region, lying still on the back",rhus-t(3)
934,4,"PAIN, sore, bruised, beaten, Sacral region, lying still on the back, on side, when","act-sp(1), nat-s(2)"
934,3,"PAIN, sore, bruised, beaten, Sacral region, menses, before",spong(2)
934,3,"PAIN, sore, bruised, beaten, Sacral region, moving amel.",rhus-t(3)
934,3,"PAIN, sore, bruised, beaten, Sacral region, paralytic pain in knees on rising from seat",verat(2)
934,3,"PAIN, sore, bruised, beaten, Sacral region, sitting, while","merc(2), rhus-t(3)"
934,3,"PAIN, sore, bruised, beaten, Sacral region, stooping",nat-a(1)
934,3,"PAIN, sore, bruised, beaten, Sacral region, touch of clothing, sensitive to",lob(2)
934,3,"PAIN, sore, bruised, beaten, Sacral region, walking",nat-a(1)
934,3,"PAIN, sore, bruised, beaten, Sacral region, sacro-iliac symphyses","calc-p(2), coc-c(1), hep(1), rumx(1), verat(1)"
934,4,"PAIN, sore, bruised, beaten, Sacral region, sacro-iliac symphyses, menses, during",thuj(1)
934,2,"PAIN, sore, bruised, beaten, Coccyx","alum(1), am-m(2), calc-p(1), carb-an(2), carb-v(2), caust(3), cist(2), eupho(2), fl-ac(1), hyper(3), kali-bi(2), kali-i(2), lach(1), mez(2), nat-m(1), petr(2), phos(1), ruta(2), sil(3), sulph(3), xan(1)"
934,3,"PAIN, sore, bruised, beaten, Coccyx, injury, from","carb-an(2), hyper(3), mez(2), sil(3)"
934,3,"PAIN, sore, bruised, beaten, Coccyx, lying agg.",carb-an(1)
934,3,"PAIN, sore, bruised, beaten, Coccyx, menses, during","bell(1), carb-an(1), caust(1), kreos(1)"
934,3,"PAIN, sore, bruised, beaten, Coccyx, rising from a seat",sulph(3)
934,3,"PAIN, sore, bruised, beaten, Coccyx, sitting, when","am-m(2), carb-an(1), cist(2), kali-bi(2), sil(3)"
934,3,"PAIN, sore, bruised, beaten, Coccyx, sleep, during",am-m(2)
934,3,"PAIN, sore, bruised, beaten, Coccyx, stooping agg.",sulph(1)
934,3,"PAIN, sore, bruised, beaten, Coccyx, extending to sacrum",ruta(1)
934,2,"PAIN, sore, bruised, beaten, Spine, spinal irritation","aesc(1), agar(3), ang(2), ant-c(1), apis(1), arn(2), ars(1), atro(2), bapt(1), bell(3), benz-ac(2), berb(1), calc(2), carb-ac(2), caust(1), chel(2), chin(2), chin-a(1), chin-s(3), cimic(2), cocc(2), crot-c(2), crot-h(1), cupr(2), dios(2), eup-per(1), gels(1), glon(2), graph(3), hep(2), hyper(1), iod(1), iodof(1), kali-ar(2), kali-c(2), kali-i(1), kali-p(3), lac-c(2), lach(3), lec(2), lil-t(1), lyss(3), mag-m(1), med(2), merc-i-r(1), naja(2), nat-a(2), nat-c(2), nat-m(3), nat-p(3), nat-s(2), nicc(1), nux-v(3), ol-j(2), ox-ac(1), ph-ac(2), phos(3), phys(1), phyt(2), plan(1), plat(2), podo(1), puls(2), ran-b(2), rat(2), rhus-t(2), ruta(3), sabad(1), sang(2), sars(2), sec(1), sep(2), sil(3), spig(1), squil(1), stram(1), sulph(1), tanac(1), tarent(2), tell(2), ther(3), thuj(2), verat(1), vib(2), zinc(3)"
935,3,"PAIN, sore, bruised, beaten, Spine, spinal irritation, morning",agar(1)
935,3,"PAIN, sore, bruised, beaten, Spine, spinal irritation, fever, during","chin-s(2), cocc(2)"
935,3,"PAIN, sore, bruised, beaten, Spine, spinal irritation, footsteps","nux-v(2), ther(3)"
935,3,"PAIN, sore, bruised, beaten, Spine, spinal irritation, jar of bed","bell(3), graph(2), lach(2), sil(3), ther(3), thuj(2)"
935,3,"PAIN, sore, bruised, beaten, Spine, spinal irritation, leaning against a chair agg.","agar(3), plb(1), ther(3)"
935,3,"PAIN, sore, bruised, beaten, Spine, spinal irritation, lying on something hard amel.",nat-m(2)
935,4,"PAIN, sore, bruised, beaten, Spine, spinal irritation, lying on something hard amel., flat on the back with firm pressure amel.",nat-m(2)
935,3,"PAIN, sore, bruised, beaten, Spine, spinal irritation, menses, during",thuj(1)
935,3,"PAIN, sore, bruised, beaten, Spine, spinal irritation, sewing, machine, from using",nux-v(2)
935,3,"PAIN, sore, bruised, beaten, Spine, spinal irritation, stretching",med(1)
935,3,"PAIN, sore, bruised, beaten, Spine, spinal irritation, thunderstorm, before","agar(2), phos(2)"
935,3,"PAIN, sore, bruised, beaten, Spine, spinal irritation, walking, while",ruta(2)
935,2,"PAIN, sore, bruised, beaten, Cervical region","aesc(2), ang(2), arn(2), carb-ac(1), card-m(2), chin-s(3), cimic(2), cinnb(1), cocc(2), coloc(2), con(1), dios(1), gels(2), ham(2), hyper(2), lach(2), nat-a(1), nat-s(2), ox-ac(1), par(3), plan(1), stram(1), sulph(3), tell(2)"
935,2,"PAIN, sore, bruised, beaten, Dorsal region","acon(1), aesc(1), agar(2), ail(1), arn(1), ars-m(1), asaf(1), bell(2), brach(1), cact(1), card-m(2), chel(2), chin-s(3), cimic(2), cocc(2), colch(1), coloc(2), cupr(2), gins(1), graph(2), hell(2), hyper(1), merc(1), nux-v(1), ph-ac(1), phos(3), plb(1), podo(1), ruta(2), sec(1), sil(2), tell(3), ther(3), zinc(2)"
935,2,"PAIN, sore, bruised, beaten, Lumbar region","agar(1), arg-n(2), bar-c(1), bell(1), chel(2), colch(1), graph(2), lil-t(2), lyc(1), mag-m(1), med(1), phos(2), pic-ac(1), plat(2), tab(1), thuj(3)"
935,3,"PAIN, sore, bruised, beaten, Lumbar region, leaning against chair, when",plb(1)
935,3,"PAIN, sore, bruised, beaten, Lumbar region, menses agg.",thuj(1)
935,3,"PAIN, sore, bruised, beaten, Lumbar region, stepping, when","berb(1), carb-an(2), thuj(3)"
935,2,"PAIN, sore, bruised, beaten, Lumbo-sacral region",nat-p(1)
935,2,"PAIN, sore, bruised, beaten, Sacral region","am-c(1), ang(1), berb(2), colch(2), kali-bi(1), lob(2), nat-a(1), rhus-t(1), sarr(1), sep(2), sil(2)"
935,3,"PAIN, sore, bruised, beaten, Sacral region, menses, before",spong(2)
935,3,"PAIN, sore, bruised, beaten, Sacral region, stooping or walking agg.",nat-a(1)
935,2,"PAIN, sore, bruised, beaten, Sacro-iliac junction","calc-p(2), rumx(1)"
935,3,"PAIN, sore, bruised, beaten, Sacro-iliac junction, menses, during",thuj(1)
935,1,"PAIN, sprained, as if","agar(1), arg-n(1), arn(2), bell(2), calc(3), con(1), graph(3), lyc(1), nux-v(1), olnd(1), petr(1), puls(2), rhod(1), rhus-t(3), sep(1), sulph(1)"
935,2,"PAIN, sprained, as if, Cervical region","agar(2), ars(2), calc(2), cinnb(1), con(2), lyc(1), nat-m(1), nicc(1), ruta(2), sep(1), sulph(2)"
935,3,"PAIN, sprained, as if, Cervical region, left",con(2)
935,2,"PAIN, sprained, as if, rising from stooping",nicc(1)
935,2,"PAIN, sprained, as if, Dorsal region, between scapulæ","am-m(1), bell(1), nux-v(1)"
935,3,"PAIN, sprained, as if, Dorsal region, between scapulæ, scapula","bar-c(1), chel(1), chin(1), coloc(1), kali-c(1), nux-v(1), petr(1), sulph(1)"
935,2,"PAIN, sprained, as if, Lumbar region","agar(1), arg-m(1), arg-n(1), arn(3), calc(3), con(2), gamb(1), lach(2), mur-ac(1), ol-an(1), puls(3), rhod(2), rhus-t(3), sep(2), staph(2), sulph(1), valer(3)"
935,3,"PAIN, sprained, as if, Lumbar region, morning","arg-n(1), petr(1)"
935,4,"PAIN, sprained, as if, Lumbar region, morning, bed, in",petr(1)
935,4,"PAIN, sprained, as if, Lumbar region, morning, rising, on",arg-n(1)
935,3,"PAIN, sprained, as if, Lumbar region, motion, on","caust(1), kali-bi(1), puls(3)"
935,3,"PAIN, sprained, as if, Lumbar region, sitting, while","hep(1), petr(1), valer(3)"
935,3,"PAIN, sprained, as if, Lumbar region, standing, while",valer(3)
935,3,"PAIN, sprained, as if, Lumbar region, stepping",sulph(2)
935,3,"PAIN, sprained, as if, Lumbar region, stool, when urging",sin-a(1)
935,3,"PAIN, sprained, as if, Lumbar region, stooping, on","ars(1), ol-an(1)"
935,3,"PAIN, sprained, as if, Lumbar region, turning body while walking",hep(1)
935,3,"PAIN, sprained, as if, Lumbar region, walking amel.",staph(1)
935,3,"PAIN, sprained, as if, Lumbar region, extending to abdomen",lach(1)
935,4,"PAIN, sprained, as if, Lumbar region, extending to abdomen, to gluteal muscles",aesc(2)
935,5,"PAIN, sprained, as if, Lumbar region, extending to abdomen, to gluteal muscles, hips, afternoon and evening",sep(1)
935,4,"PAIN, sprained, as if, Lumbar region, extending to abdomen, above hip sitting and standing",valer(3)
935,2,"PAIN, sprained, as if, Sacrum","agar(1), calc(2), lach(1), ol-an(1), rhod(1), sulph(1)"
935,2,"PAIN, sprained, as if, Coccyx after stool",grat(3)
936,1,"PAIN, stitching, shooting","acon(1), aesc(1), agar(3), ail(1), all-c(1), all-s(1), aloe(1), alum(2), alumn(1), am-c(1), am-m(1), ambr(1), anac(1), apis(1), arg-m(1), arg-n(1), arn(1), arund(1), asaf(1), asar(1), asc-t(1), aur(1), aur-m(1), bar-c(1), bell(2), berb(3), bov(2), brom(1), bry(3), calad(1), calc(2), calc-ar(1), calc-s(1), cann-s(1), carb-an(1), carb-s(1), carb-v(1), caust(3), cham(2), chel(1), chin(2), cimic(2), cinnb(1), cocc(1), colch(2), coloc(1), com(1), con(2), corn(1), cycl(1), dig(1), dulc(2), elat(1), eug(1), euon(1), ferr(1), ferr-i(1), ferr-p(1), form(1), gamb(1), graph(1), guai(2), hell(1), hep(2), hura(1), hyos(1), hyper(1), ign(2), iod(1), kali-bi(2), kali-c(3), kali-i(1), kali-n(1), kali-p(2), kali-s(3), kalm(1), kreos(2), lach(2), laur(1), led(1), lob-s(1), lyc(3), lyss(1), mag-c(1), mag-m(1), mag-p(2), manc(1), mang(1), meph(1), merc(2), merc-i-f(1), mez(2), mur-ac(2), nat-c(2), nat-m(1), nat-p(1), nicc(1), nit-ac(3), nux-v(2), olnd(1), paeon(1), par(2), phos(1), phyt(2), plat(2), plb(1), psor(1), puls(2), rat(1), rhus-t(2), sabad(1), sabin(1), sanic(2), sars(2), sec(1), sep(2), sil(2), spig(2), spong(1), stann(2), staph(1), stram(1), stront(1), sul-ac(1), sulph(2), tarax(1), tell(1), thuj(3), verat(1), verb(1), zinc(2)"
936,2,"PAIN, stitching, shooting, daytime","agar(1), nicc(1)"
936,2,"PAIN, stitching, shooting, morning","bor(1), bry(1), nat-p(1)"
936,3,"PAIN, stitching, shooting, morning, in bed on bending forward",puls(1)
936,2,"PAIN, stitching, shooting, forenoon",cham(1)
936,2,"PAIN, stitching, shooting, afternoon","lyc(1), nicc(1), plb(1), stry(1)"
936,2,"PAIN, stitching, shooting, evening","bor(1), cham(1), lach(1), rhus-t(1), stront(1)"
936,2,"PAIN, stitching, shooting, night","apis(1), ars(1), bry(1), dulc(1), nat-c(1), nit-ac(1), phos(1), puls(1)"
936,3,"PAIN, stitching, shooting, night, 3 a.m., must get up and walk",kali-c(3)
936,2,"PAIN, stitching, shooting, ascending stairs",alum(1)
936,2,"PAIN, stitching, shooting, bending forward while sitting",pic-ac(1)
936,2,"PAIN, stitching, shooting, breathing","am-m(1), arn(1), berb(1), calc(2), lyc(1), merc(2), nat-m(1), nat-p(1), psor(1), sulph(2)"
936,2,"PAIN, stitching, shooting, cold, exposure to, while sweating",dulc(2)
936,2,"PAIN, stitching, shooting, coughing","acon(2), bry(3), caps(2), chin(1), kali-bi(2), kali-c(1), merc(2), nit-ac(1), puls(1), sep(2)"
936,2,"PAIN, stitching, shooting, cramp-like","cina(1), mag-c(1)"
936,2,"PAIN, stitching, shooting, downward",paeon(1)
936,2,"PAIN, stitching, shooting, drinking, when",chin(1)
936,2,"PAIN, stitching, shooting, eating, while",chin(1)
936,2,"PAIN, stitching, shooting, herpes zoster, after",lach(2)
936,2,"PAIN, stitching, shooting, inspiring, when","acon(1), alum(1), arn(1), calc(1), cham(1), mez(1), nat-c(1), sars(1), sulph(1)"
936,2,"PAIN, stitching, shooting, leaning back",kali-p(1)
936,2,"PAIN, stitching, shooting, lifting on","ph-ac(1), rhus-t(1), sep(2)"
936,3,"PAIN, stitching, shooting, lifting on, after",bor(2)
936,2,"PAIN, stitching, shooting, lying, while",kali-c(2)
936,3,"PAIN, stitching, shooting, lying, while, on abdomen","arg-n(2), tarax(1)"
936,3,"PAIN, stitching, shooting, lying, while, on back","kali-p(1), stann(1)"
936,2,"PAIN, stitching, shooting, motion","am-m(1), bry(3), colch(1), dig(1), lach(1), meph(1), phel(1), phos(1), rhus-t(2), sars(2)"
936,3,"PAIN, stitching, shooting, motion, amel.","dulc(2), kali-i(1), mur-ac(1), staph(1)"
936,3,"PAIN, stitching, shooting, motion, of head",acon(1)
936,2,"PAIN, stitching, shooting, pulsating","dulc(1), kali-c(1)"
936,2,"PAIN, stitching, shooting, rising from a seat","canth(1), rhus-t(1)"
936,3,"PAIN, stitching, shooting, rising from a seat, stooping","mur-ac(1), rhus-t(2)"
936,2,"PAIN, stitching, shooting, sitting, while","ambr(1), ang(1), asar(1), chin(2), dulc(1), kali-i(1), kali-n(1), lyc(1), mur-ac(1), nat-c(1), nicc(1), par(1), ph-ac(1), ruta(1), zinc(2)"
936,2,"PAIN, stitching, shooting, sneezing",arund(1)
936,2,"PAIN, stitching, shooting, standing","con(1), zinc(1)"
936,3,"PAIN, stitching, shooting, standing, amel.",calc(1)
936,2,"PAIN, stitching, shooting, stinging","apis(2), cham(1), chlor(1), rumx(1), sulph(1), zinc(2)"
936,2,"PAIN, stitching, shooting, stool, during","coloc(2), nicc(1), phos(2)"
936,2,"PAIN, stitching, shooting, stooping, on","caj(1), rhus-t(2), sabin(1), verat(1), zinc(1)"
936,2,"PAIN, stitching, shooting, striking foot",sep(2)
936,2,"PAIN, stitching, shooting, stubbing toe",sep(2)
936,2,"PAIN, stitching, shooting, touch","calc(1), merc(1), mur-ac(1)"
936,2,"PAIN, stitching, shooting, turning the body","bov(1), nux-v(2), sars(1), sep(1)"
936,2,"PAIN, stitching, shooting, walking","arn(1), calc(1), canth(1), chel(1), kali-p(1), ran-b(1), rhus-t(1), sulph(1), thuj(1), zinc(1)"
936,3,"PAIN, stitching, shooting, walking, amel.",kali-c(2)
936,2,"PAIN, stitching, shooting, warmth of bed amel.",rhus-v(1)
936,2,"PAIN, stitching, shooting, extending to head","kalm(1), petr(1), sep(1)"
936,3,"PAIN, stitching, shooting, extending to head, on every step",sep(1)
936,3,"PAIN, stitching, shooting, extending to head, stool, during",phos(2)
936,3,"PAIN, stitching, shooting, extending to head, to hypochondrium, on lying or coughing, amel. by standing or sitting",cinch(1)
936,4,"PAIN, stitching, shooting, extending to head, to hypochondrium, on lying or coughing, amel. by standing or sitting, arms and legs",calc-ar(1)
936,4,"PAIN, stitching, shooting, extending to head, to hypochondrium, on lying or coughing, amel. by standing or sitting, chest","kali-c(2), sars(1)"
936,4,"PAIN, stitching, shooting, extending to head, to hypochondrium, on lying or coughing, amel. by standing or sitting, knees",arn(1)
936,4,"PAIN, stitching, shooting, extending to head, to hypochondrium, on lying or coughing, amel. by standing or sitting, left side, while walking",spig(1)
937,4,"PAIN, stitching, shooting, extending to head, to hypochondrium, on lying or coughing, amel. by standing or sitting, middle of left upper arm",nat-m(1)
937,4,"PAIN, stitching, shooting, extending to head, to hypochondrium, on lying or coughing, amel. by standing or sitting, pit of stomach, while sitting",nicc(1)
937,4,"PAIN, stitching, shooting, extending to head, to hypochondrium, on lying or coughing, amel. by standing or sitting, ribs",alum(1)
937,4,"PAIN, stitching, shooting, extending to head, to hypochondrium, on lying or coughing, amel. by standing or sitting, sacrum",lyc(1)
937,4,"PAIN, stitching, shooting, extending to head, to hypochondrium, on lying or coughing, amel. by standing or sitting, scapula","lyc(1), puls(2)"
937,4,"PAIN, stitching, shooting, extending to head, to hypochondrium, on lying or coughing, amel. by standing or sitting, shoulder, right",alum(1)
937,4,"PAIN, stitching, shooting, extending to head, to hypochondrium, on lying or coughing, amel. by standing or sitting, sternum, into",laur(1)
937,4,"PAIN, stitching, shooting, extending to head, to hypochondrium, on lying or coughing, amel. by standing or sitting, vertex",rhus-t(1)
937,2,"PAIN, stitching, shooting, Cervical region","acon(1), aeth(1), agar(1), alum(1), ang(1), arn(1), aur(1), bad(1), bar-c(1), bov(2), bry(1), calc(1), carb-an(2), carb-s(1), carb-v(1), chel(1), chin(2), coc-c(1), cocc(1), con(1), dig(1), elaps(1), ferr-p(1), guai(1), ign(1), kali-c(1), lach(1), lyc(1), lyss(1), mag-s(1), merc(1), nat-m(2), nat-p(2), nat-s(1), nicc(1), ph-ac(1), psor(1), puls(1), rhus-v(2), sars(2), senec(1), sep(1), sil(1), spong(1), stann(2), staph(1), stry(2), sulph(2), tarax(1), thuj(1), verat(1), zinc(1)"
937,3,"PAIN, stitching, shooting, Cervical region, afternoon",stry(1)
937,3,"PAIN, stitching, shooting, Cervical region, evening","bov(1), coc-c(1), thuj(1)"
937,4,"PAIN, stitching, shooting, Cervical region, evening, in bed",lyc(1)
937,3,"PAIN, stitching, shooting, Cervical region, night","kalm(1), nat-m(1), nat-s(1)"
937,3,"PAIN, stitching, shooting, Cervical region, ascending steps, on",ph-ac(1)
937,3,"PAIN, stitching, shooting, Cervical region, lying, while",kali-i(1)
937,3,"PAIN, stitching, shooting, Cervical region, moving, on","alum(1), dig(1), guai(1), merc(1), sars(1)"
937,4,"PAIN, stitching, shooting, Cervical region, moving, on, head","acon(1), bad(1), dig(1)"
937,5,"PAIN, stitching, shooting, Cervical region, moving, on, head, forward and backward",cocc(1)
937,3,"PAIN, stitching, shooting, Cervical region, pulsating",cocc(1)
937,3,"PAIN, stitching, shooting, Cervical region, sitting, while",lyc(1)
937,3,"PAIN, stitching, shooting, Cervical region, bent over",sulph(1)
937,3,"PAIN, stitching, shooting, Cervical region, sneezing, on","am-m(1), lyc(1), mag-c(1)"
937,3,"PAIN, stitching, shooting, Cervical region, stinging","apis(2), bar-c(1), calc(1), lyss(1), phyt(1)"
937,3,"PAIN, stitching, shooting, Cervical region, stooping, on","agar(1), sulph(1)"
937,3,"PAIN, stitching, shooting, Cervical region, stretching out amel.",sulph(1)
937,3,"PAIN, stitching, shooting, Cervical region, swallowing amel.",spong(2)
937,3,"PAIN, stitching, shooting, Cervical region, talking while",calc(2)
937,3,"PAIN, stitching, shooting, Cervical region, turning head, on","alum(1), verat(1)"
937,3,"PAIN, stitching, shooting, Cervical region, walking, on",ph-ac(1)
937,3,"PAIN, stitching, shooting, Cervical region, extending to ear","bov(1), stry(1), thuj(1)"
937,4,"PAIN, stitching, shooting, Cervical region, extending to ear, eye",sel(1)
937,4,"PAIN, stitching, shooting, Cervical region, extending to ear, head",kalm(1)
937,4,"PAIN, stitching, shooting, Cervical region, extending to ear, lumbar region","stry(1), tep(1)"
937,4,"PAIN, stitching, shooting, Cervical region, extending to ear, occiput",kali-c(1)
937,4,"PAIN, stitching, shooting, Cervical region, extending to ear, sacrum","lyc(1), stry(1)"
937,4,"PAIN, stitching, shooting, Cervical region, extending to ear, shoulder","am-m(1), laur(1), stry(1), thuj(1)"
937,4,"PAIN, stitching, shooting, Cervical region, extending to ear, right",alum(1)
937,4,"PAIN, stitching, shooting, Cervical region, extending to ear, upward","berb(1), lyc(1)"
937,4,"PAIN, stitching, shooting, Cervical region, extending to ear, vertex","rhus-r(1), sil(2)"
937,2,"PAIN, stitching, shooting, Dorsal region","agar(2), arg-m(1), asaf(2), bor(1), bry(2), cact(2), calc(1), colch(2), dros(1), fl-ac(1), kali-bi(1), kali-c(1), kali-p(1), lach(2), nat-s(1), petr(3), rat(1), sabad(1), sabin(1), zinc(2)"
937,3,"PAIN, stitching, shooting, Dorsal region, breathing deeply, on","alum(1), aur(1), carb-an(1), kali-n(1), psor(1), sabin(1), spig(1), sulph(2)"
937,4,"PAIN, stitching, shooting, Dorsal region, breathing deeply, on, arresting","berb(1), sulph(2)"
937,3,"PAIN, stitching, shooting, Dorsal region, coughing","caps(1), merc(3)"
937,3,"PAIN, stitching, shooting, Dorsal region, inspiration, on",calc(1)
937,3,"PAIN, stitching, shooting, Dorsal region, labor, during",petr(1)
937,3,"PAIN, stitching, shooting, Dorsal region, lying amel.",psor(2)
937,3,"PAIN, stitching, shooting, Dorsal region, stooping",cocc(2)
937,3,"PAIN, stitching, shooting, Dorsal region, walking","asaf(2), cocc(2), psor(1)"
937,3,"PAIN, stitching, shooting, Dorsal region, extending to arms",calc(2)
937,4,"PAIN, stitching, shooting, Dorsal region, extending to arms, ribs",asaf(2)
937,4,"PAIN, stitching, shooting, Dorsal region, extending to arms, occiput","cocc(2), kali-c(1)"
937,5,"PAIN, stitching, shooting, Dorsal region, extending to arms, occiput, during labor",petr(3)
937,4,"PAIN, stitching, shooting, Dorsal region, extending to arms, pit of stomach",rhod(1)
937,3,"PAIN, stitching, shooting, Dorsal region, scapulæ","agar(1), alum(1), alumn(1), am-m(1), ambr(1), anac(3), bar-c(2), bell(2), berb(1), bov(2), bry(2), calc(2), camph(2), cann-s(1), carb-an(2), carb-s(1), caust(2), cham(1), chin(1), coc-c(1), cocc(2), colch(1), coloc(2), dulc(2), ferr(1), ferr-m(1), graph(1), guai(2), hep(1), hyos(1), hyper(1), iod(1), kali-bi(2), kali-c(2), kalm(1), kreos(1), lach(1), lact(1), laur(1), lyc(1), manc(1), med(1), meny(1), merc(1), merc-i-f(1), mur-ac(2), nat-c(2), nat-m(1), nit-ac(3), nux-v(1), op(1), ox-ac(1), paeon(1), par(2), phos(2), plb(2), prun-s(1), puls(1), ran-b(2), samb(1), sars(2), seneg(1), sep(2), sil(1), spig(1), spong(1), stann(2), stram(1), sulph(2), tab(1), tarax(1), tarent(1), thuj(2), verb(1), zinc(2)"
937,4,"PAIN, stitching, shooting, Dorsal region, scapulæ, right","am-m(1), asaf(2), kali-c(2), merc(1), phos(1), samb(1), sep(2), sil(2), spong(1), tarax(1)"
937,5,"PAIN, stitching, shooting, Dorsal region, scapulæ, right, inspiring, when","am-m(1), chel(3), kali-c(1)"
938,5,"PAIN, stitching, shooting, Dorsal region, scapulæ, right, extending through chest",merc(2)
938,6,"PAIN, stitching, shooting, Dorsal region, scapulæ, right, extending through chest, to left",cocc(1)
938,5,"PAIN, stitching, shooting, Dorsal region, scapulæ, right, under","aur(1), bad(2), chel(3), guai(2), kali-bi(1), thuj(1)"
938,6,"PAIN, stitching, shooting, Dorsal region, scapulæ, right, under, deep breathing, agg.",guai(2)
938,6,"PAIN, stitching, shooting, Dorsal region, scapulæ, right, under, agg. by throwing shoulders back",bad(2)
938,4,"PAIN, stitching, shooting, Dorsal region, scapulæ, left","ambr(1), anac(3), bar-c(1), grat(1), mill(1), sulph(2)"
938,5,"PAIN, stitching, shooting, Dorsal region, scapulæ, left, breathing or coughing",sep(1)
938,5,"PAIN, stitching, shooting, Dorsal region, scapulæ, left, rest, during","am-m(1), kalm(2), manc(1), sep(2), verb(1)"
938,5,"PAIN, stitching, shooting, Dorsal region, scapulæ, left, extending to shoulder and mammæ",grat(1)
938,6,"PAIN, stitching, shooting, Dorsal region, scapulæ, left, extending to shoulder and mammæ, to throat",zinc(1)
938,5,"PAIN, stitching, shooting, Dorsal region, scapulæ, left, border of",dulc(1)
938,5,"PAIN, stitching, shooting, Dorsal region, scapulæ, left, under","anac(1), carb-s(1), cupr(1), kali-bi(1), lact-ac(1), sulph(2), tarent(1)"
938,6,"PAIN, stitching, shooting, Dorsal region, scapulæ, left, under, coughing, during",sulph(1)
938,6,"PAIN, stitching, shooting, Dorsal region, scapulæ, left, under, through to heart","bry(2), staph(1)"
938,4,"PAIN, stitching, shooting, Dorsal region, scapulæ, morning","calc(1), hyper(1), ran-b(1)"
938,5,"PAIN, stitching, shooting, Dorsal region, scapulæ, morning, while walking",ran-b(1)
938,5,"PAIN, stitching, shooting, Dorsal region, scapulæ, morning, 9 a.m.",calc(1)
938,4,"PAIN, stitching, shooting, Dorsal region, scapulæ, afternoon","mez(1), thuj(1)"
938,4,"PAIN, stitching, shooting, Dorsal region, scapulæ, evening","canth(1), kali-n(1)"
938,4,"PAIN, stitching, shooting, Dorsal region, scapulæ, night","kali-bi(1), puls(1), sulph(2)"
938,5,"PAIN, stitching, shooting, Dorsal region, scapulæ, night, in bed","nat-m(1), sulph(2)"
938,4,"PAIN, stitching, shooting, Dorsal region, scapulæ, air, open, agg.",seneg(1)
938,4,"PAIN, stitching, shooting, Dorsal region, scapulæ, bending the arm",carb-v(1)
938,5,"PAIN, stitching, shooting, Dorsal region, scapulæ, bending the arm, when leaning on it",sulph(1)
938,4,"PAIN, stitching, shooting, Dorsal region, scapulæ, blowing nose, on",hep(1)
938,4,"PAIN, stitching, shooting, Dorsal region, scapulæ, coughing, on",med(1)
938,4,"PAIN, stitching, shooting, Dorsal region, scapulæ, eructations agg.",zinc(1)
938,4,"PAIN, stitching, shooting, Dorsal region, scapulæ, respiration, on","dulc(1), ferr-ma(1), kali-c(1), mill(1), sep(1)"
938,4,"PAIN, stitching, shooting, Dorsal region, scapulæ, lowering the shoulder, on",am-m(1)
938,4,"PAIN, stitching, shooting, Dorsal region, scapulæ, manual labor",ferr(1)
938,4,"PAIN, stitching, shooting, Dorsal region, scapulæ, menses, during",phos(1)
938,4,"PAIN, stitching, shooting, Dorsal region, scapulæ, motion, on","mez(1), sulph(1), tarent(1)"
938,5,"PAIN, stitching, shooting, Dorsal region, scapulæ, motion, on, amel.","am-m(1), samb(1)"
938,4,"PAIN, stitching, shooting, Dorsal region, scapulæ, respiration, on","acon(1), guai(1)"
938,4,"PAIN, stitching, shooting, Dorsal region, scapulæ, sitting","ant-c(1), colch(1)"
938,4,"PAIN, stitching, shooting, Dorsal region, scapulæ, speaking loud",caust(1)
938,4,"PAIN, stitching, shooting, Dorsal region, scapulæ, stooping, on",sulph(1)
938,4,"PAIN, stitching, shooting, Dorsal region, scapulæ, swallowing, when",caust(1)
938,4,"PAIN, stitching, shooting, Dorsal region, scapulæ, turning body to left",am-m(1)
938,4,"PAIN, stitching, shooting, Dorsal region, scapulæ, walking","coloc(1), nit-ac(1)"
938,4,"PAIN, stitching, shooting, Dorsal region, scapulæ, extending to chest","bar-c(1), kali-c(1), sars(1), sep(1)"
938,5,"PAIN, stitching, shooting, Dorsal region, scapulæ, extending to chest, to heart",thuj(1)
938,5,"PAIN, stitching, shooting, Dorsal region, scapulæ, extending to chest, to mammæ",grat(1)
938,5,"PAIN, stitching, shooting, Dorsal region, scapulæ, extending to chest, to occiput","grat(2), guai(2), petr(3)"
938,5,"PAIN, stitching, shooting, Dorsal region, scapulæ, extending to chest, to ribs",asaf(1)
938,4,"PAIN, stitching, shooting, Dorsal region, scapulæ, angle of",ruta(1)
938,5,"PAIN, stitching, shooting, Dorsal region, scapulæ, angle of, inferior","apoc(1), chin-s(1), kali-bi(1), lach(1), sulph(1)"
938,6,"PAIN, stitching, shooting, Dorsal region, scapulæ, angle of, inferior, morning",sulph(1)
938,6,"PAIN, stitching, shooting, Dorsal region, scapulæ, angle of, inferior, bending backward amel.",lach(1)
938,6,"PAIN, stitching, shooting, Dorsal region, scapulæ, angle of, inferior, sitting long",lach(1)
938,6,"PAIN, stitching, shooting, Dorsal region, scapulæ, angle of, inferior, extending through chest",chel(1)
938,3,"PAIN, stitching, shooting, Dorsal region, scapulæ, between","acon(1), aeth(1), agar(2), aloe(1), alum(1), alumn(1), ang(1), asaf(1), asc-t(1), berb(2), bov(1), bry(2), calc(2), camph(2), cann-s(1), carb-an(1), carb-v(1), carl(1), cham(1), chel(1), chin(1), coc-c(2), cocc(2), colch(2), con(1), cop(1), cupr(1), dig(1), dulc(1), ferr(1), guai(1), hep(1), hura(1), hyper(1), indg(1), kali-c(1), kali-n(1), kreos(1), lac-c(3), lach(1), laur(1), lyc(1), mag-m(1), mag-s(1), mang(1), mez(1), mill(1), nat-a(1), nat-c(1), nit-ac(3), nux-v(1), ol-an(1), par(2), petr(3), plb(1), prun-s(1), psor(1), puls(2), ran-b(2), sars(1), seneg(2), sep(1), sil(1), stann(1), tab(1), thuj(1), verat(1)"
938,4,"PAIN, stitching, shooting, Dorsal region, scapulæ, between, morning","psor(1), ran-b(1)"
938,4,"PAIN, stitching, shooting, Dorsal region, scapulæ, between, afternoon",bov(1)
938,4,"PAIN, stitching, shooting, Dorsal region, scapulæ, between, evening",sulph(1)
938,5,"PAIN, stitching, shooting, Dorsal region, scapulæ, between, evening, in bed",thuj(1)
938,4,"PAIN, stitching, shooting, Dorsal region, scapulæ, between, night",carb-v(1)
938,5,"PAIN, stitching, shooting, Dorsal region, scapulæ, between, night, in bed",ang(1)
938,4,"PAIN, stitching, shooting, Dorsal region, scapulæ, between, breathing, when","acon(1), berb(1), carb-v(1), cop(1), guai(2), kali-c(1), nit-ac(1), nux-v(1), prun-s(1), psor(1), puls(1), stann(1)"
938,5,"PAIN, stitching, shooting, Dorsal region, scapulæ, between, breathing, when, deep","acon(1), nat-a(1), prun-s(1)"
939,4,"PAIN, stitching, shooting, Dorsal region, scapulæ, between, dinner, after","indg(1), phel(1)"
939,4,"PAIN, stitching, shooting, Dorsal region, scapulæ, between, eructations, during",sep(1)
939,4,"PAIN, stitching, shooting, Dorsal region, scapulæ, between, inspiration","berb(1), nat-a(1), nat-c(1)"
939,4,"PAIN, stitching, shooting, Dorsal region, scapulæ, between, lacing corsets, on",laur(1)
939,4,"PAIN, stitching, shooting, Dorsal region, scapulæ, between, lying, while",bry(1)
939,5,"PAIN, stitching, shooting, Dorsal region, scapulæ, between, lying, while, on back while",kali-n(2)
939,4,"PAIN, stitching, shooting, Dorsal region, scapulæ, between, motion, on","ang(1), arn(1), canth(1), ip(1), nux-v(1), puls(2), verat(1)"
939,5,"PAIN, stitching, shooting, Dorsal region, scapulæ, between, motion, on, amel.","calc(1), mag-m(1), mez(1), nicc(1)"
939,5,"PAIN, stitching, shooting, Dorsal region, scapulæ, between, motion, on, of trunk",bry(1)
939,4,"PAIN, stitching, shooting, Dorsal region, scapulæ, between, sitting amel.","cann-s(1), chel(1)"
939,4,"PAIN, stitching, shooting, Dorsal region, scapulæ, between, standing, while",nicc(1)
939,4,"PAIN, stitching, shooting, Dorsal region, scapulæ, between, stooping, while",nit-ac(1)
939,4,"PAIN, stitching, shooting, Dorsal region, scapulæ, between, straightening up amel.",bov(2)
939,4,"PAIN, stitching, shooting, Dorsal region, scapulæ, between, turning around",verat(1)
939,4,"PAIN, stitching, shooting, Dorsal region, scapulæ, between, extending to stomach",bry(1)
939,4,"PAIN, stitching, shooting, Dorsal region, scapulæ, between, spine","agar(3), ang(1), arg-m(1), crot-h(1), dig(1), euon(1), hura(1), merc(1), petr(3), raph(1), ruta(1), sabin(1), stann(1)"
939,5,"PAIN, stitching, shooting, Dorsal region, scapulæ, between, spine, extending to sternum","kali-bi(1), lac-c(3)"
939,4,"PAIN, stitching, shooting, Dorsal region, scapulæ, between, under","agar(1), all-s(1), aloe(1), arum-t(1), asar(1), aur(1), bad(1), bry(1), calc(1), cann-s(1), canth(1), chel(3), cimic(1), corn(1), cupr(1), guai(1), jug-c(2), kali-bi(1), kali-c(1), kali-n(1), kreos(2), lach(1), lyc(1), mez(1), nat-c(1), nat-m(1), olnd(1), par(1), phos(2), pic-ac(1), plb(1), sulph(3), tarent(1), thuj(1), zinc(1), zing(1)"
939,5,"PAIN, stitching, shooting, Dorsal region, scapulæ, between, under, afternoon, 3 p.m.",kreos(1)
939,5,"PAIN, stitching, shooting, Dorsal region, scapulæ, between, under, breathing, deep",plb(1)
939,5,"PAIN, stitching, shooting, Dorsal region, scapulæ, between, under, inspiration",guai(1)
939,5,"PAIN, stitching, shooting, Dorsal region, scapulæ, between, under, motion, on",tarent(1)
939,5,"PAIN, stitching, shooting, Dorsal region, scapulæ, between, under, motion amel.",olnd(1)
939,5,"PAIN, stitching, shooting, Dorsal region, scapulæ, between, under, sitting, while",samb(1)
939,5,"PAIN, stitching, shooting, Dorsal region, scapulæ, between, under, stooping, when",asaf(1)
939,2,"PAIN, stitching, shooting, Lumbar region","acon(3), aeth(1), agar(3), all-c(1), aloe(1), alum(2), am-c(1), am-m(1), ambr(1), anac(2), ant-s(1), arg-m(2), arn(1), arund(1), asaf(2), aspar(1), aur(2), aur-m(1), bar-c(2), bell(2), berb(3), bor(1), bov(1), bry(3), calc(2), calc-ar(1), calc-caust(1), calc-p(2), calc-s(1), cann-i(1), canth(1), caps(1), carb-an(1), carb-s(1), carb-v(1), caust(2), cham(1), chel(2), chin(1), cina(1), clem(1), coc-c(2), cocc(2), colch(2), coloc(2), con(2), cupr(1), cycl(1), dig(1), dios(1), dulc(1), elat(1), eupi(1), form(1), gamb(1), graph(1), hep(1), hyos(1), hyper(2), ign(1), indg(1), iod(1), jatr(1), jug-c(1), kali-bi(2), kali-c(3), kali-i(2), kali-n(1), kali-p(1), kalm(1), kreos(1), lach(2), lact-ac(1), laur(1), led(2), lil-t(2), lyc(2), mag-c(1), mag-m(2), mag-p(2), merc(2), mosch(1), nat-c(2), nat-m(2), nat-p(1), nicc(2), nit-ac(2), nux-v(2), ol-an(1), par(1), ph-ac(2), phos(2), plat(2), plb(2), prun-s(2), puls(2), ran-b(2), rat(1), ruta(1), sars(1), sec(2), sep(2), sil(2), spig(1), spong(1), staph(1), stram(1), stront(2), stry(2), sulph(3), tarax(1), tarent(1), thuj(2), til(1), verat(1), zinc(2), zing(1)"
939,3,"PAIN, stitching, shooting, Lumbar region, morning",bor(1)
939,4,"PAIN, stitching, shooting, Lumbar region, morning, in bed, on bending forward",puls(1)
939,4,"PAIN, stitching, shooting, Lumbar region, morning, rising",chel(1)
939,4,"PAIN, stitching, shooting, Lumbar region, morning, 3 a.m.",kali-c(3)
939,3,"PAIN, stitching, shooting, Lumbar region, afternoon","coloc(1), mag-c(1), nicc(1), plb(1)"
939,3,"PAIN, stitching, shooting, Lumbar region, evening","lach(1), nat-c(1), pic-ac(1), stront(1)"
939,4,"PAIN, stitching, shooting, Lumbar region, evening, in bed",alum(1)
939,3,"PAIN, stitching, shooting, Lumbar region, night","ars(1), bry(1), laur(1), rhus-t(1)"
939,4,"PAIN, stitching, shooting, Lumbar region, night, before midnight","laur(1), rhus-t(1)"
939,3,"PAIN, stitching, shooting, Lumbar region, ascending stairs",alum(1)
939,3,"PAIN, stitching, shooting, Lumbar region, bending forward while sitting",pic-ac(1)
939,4,"PAIN, stitching, shooting, Lumbar region, bending forward while sitting, to left",plb(1)
939,3,"PAIN, stitching, shooting, Lumbar region, breathing, on","ammc(1), carb-an(1), merc(2), prun-s(1)"
939,4,"PAIN, stitching, shooting, Lumbar region, breathing, on, deeply","arn(1), cycl(1), nat-m(1), phel(1)"
939,3,"PAIN, stitching, shooting, Lumbar region, coughing","acon(2), am-c(1), arn(1), bell(1), bor(1), bry(2), caps(1), merc(1), nit-ac(2), puls(1), pyrog(1), sep(1), sulph(1)"
939,3,"PAIN, stitching, shooting, Lumbar region, eating, after","kali-bi(1), ran-b(2)"
939,3,"PAIN, stitching, shooting, Lumbar region, expiration, on",sulph(2)
939,3,"PAIN, stitching, shooting, Lumbar region, flatulence, from",sil(1)
939,3,"PAIN, stitching, shooting, Lumbar region, inspiration","alum(1), aur(1), coloc(2)"
939,4,"PAIN, stitching, shooting, Lumbar region, inspiration, while sitting bent",dulc(1)
939,3,"PAIN, stitching, shooting, Lumbar region, laughing, when",plb(1)
939,3,"PAIN, stitching, shooting, Lumbar region, lifting, on","nit-ac(1), ph-ac(1)"
939,3,"PAIN, stitching, shooting, Lumbar region, lying down amel.",ruta(1)
939,4,"PAIN, stitching, shooting, Lumbar region, lying down amel., on back","coloc(2), prun-s(1)"
939,4,"PAIN, stitching, shooting, Lumbar region, lying down amel., on face amel.",chel(1)
939,3,"PAIN, stitching, shooting, Lumbar region, menses, before",nat-m(2)
940,3,"PAIN, stitching, shooting, Lumbar region, motion, on","ambr(1), chel(1), coloc(3), kali-bi(2), kalm(1), lach(1), meph(1), nat-c(1), ptel(1)"
940,4,"PAIN, stitching, shooting, Lumbar region, motion, on, amel.","asaf(1), dulc(2), ox-ac(1), ph-ac(1), staph(2)"
940,3,"PAIN, stitching, shooting, Lumbar region, pressure amel.","arg-m(1), aur(1), dulc(1), kali-c(2), plb(1), ruta(1)"
940,3,"PAIN, stitching, shooting, Lumbar region, raising thigh while sitting",agar(1)
940,3,"PAIN, stitching, shooting, Lumbar region, radiating",berb(3)
940,3,"PAIN, stitching, shooting, Lumbar region, rising from a seat",canth(1)
940,4,"PAIN, stitching, shooting, Lumbar region, rising from a seat, stooping","lyc(2), mur-ac(1)"
940,4,"PAIN, stitching, shooting, Lumbar region, rising from a seat, squatting",ph-ac(1)
940,3,"PAIN, stitching, shooting, Lumbar region, rubbing amel.",plb(1)
940,3,"PAIN, stitching, shooting, Lumbar region, sitting","ambr(1), ang(1), arg-m(1), asar(1), bar-c(1), dig(1), dulc(1), euphr(1), kali-i(1), kali-n(1), lyc(1), nat-c(2), ph-ac(1), ruta(1), stann(1), zinc(2)"
940,4,"PAIN, stitching, shooting, Lumbar region, sitting, amel.","bor(1), plb(1)"
940,3,"PAIN, stitching, shooting, Lumbar region, sneezing",arund(1)
940,3,"PAIN, stitching, shooting, Lumbar region, standing","con(2), plb(1)"
940,4,"PAIN, stitching, shooting, Lumbar region, standing, and leaning sideways",thuj(1)
940,3,"PAIN, stitching, shooting, Lumbar region, stepping",sulph(1)
940,3,"PAIN, stitching, shooting, Lumbar region, stinging",aur-m(2)
940,3,"PAIN, stitching, shooting, Lumbar region, stool, during","coloc(1), nicc(1)"
940,4,"PAIN, stitching, shooting, Lumbar region, stool, during, amel.",indg(1)
940,3,"PAIN, stitching, shooting, Lumbar region, stooping","bor(1), caj(1), lact-ac(1), puls(1), ruta(1), sabin(1), verat(1)"
940,3,"PAIN, stitching, shooting, Lumbar region, turning body","bov(1), nux-v(1), sars(1)"
940,3,"PAIN, stitching, shooting, Lumbar region, walking","arn(1), bor(1), canth(1), chel(1), coloc(1), ferr(1), merc(2), ran-b(2), ran-s(1), ruta(1), sulph(1), thuj(1), zinc(2)"
940,4,"PAIN, stitching, shooting, Lumbar region, walking, amel.","asaf(1), dulc(2), gamb(1), kali-c(2), staph(2)"
940,4,"PAIN, stitching, shooting, Lumbar region, walking, erect impossible","arg-m(1), kali-c(2)"
940,3,"PAIN, stitching, shooting, Lumbar region, extending along spine in zig-zags to scapular region",euon(1)
940,4,"PAIN, stitching, shooting, Lumbar region, extending along spine in zig-zags to scapular region, abdomen","puls(1), ran-b(2)"
940,4,"PAIN, stitching, shooting, Lumbar region, extending along spine in zig-zags to scapular region, axilla",canth(1)
940,4,"PAIN, stitching, shooting, Lumbar region, extending along spine in zig-zags to scapular region, downward","aloe(1), kali-c(2)"
940,4,"PAIN, stitching, shooting, Lumbar region, extending along spine in zig-zags to scapular region, extremities","ign(2), kali-c(2)"
940,4,"PAIN, stitching, shooting, Lumbar region, extending along spine in zig-zags to scapular region, groin when walking",coloc(1)
940,5,"PAIN, stitching, shooting, Lumbar region, extending along spine in zig-zags to scapular region, groin when walking, right",ran-b(1)
940,4,"PAIN, stitching, shooting, Lumbar region, extending along spine in zig-zags to scapular region, gluteal regions and hips",kali-c(3)
940,4,"PAIN, stitching, shooting, Lumbar region, extending along spine in zig-zags to scapular region, knee",psor(1)
940,4,"PAIN, stitching, shooting, Lumbar region, extending along spine in zig-zags to scapular region, legs, down","eupi(1), kali-bi(2), ox-ac(1), sil(2), stry(1)"
940,4,"PAIN, stitching, shooting, Lumbar region, extending along spine in zig-zags to scapular region, liver",lach(2)
940,4,"PAIN, stitching, shooting, Lumbar region, extending along spine in zig-zags to scapular region, lung (left)",sep(1)
940,4,"PAIN, stitching, shooting, Lumbar region, extending along spine in zig-zags to scapular region, nates, 3 a.m.",kali-c(3)
940,4,"PAIN, stitching, shooting, Lumbar region, extending along spine in zig-zags to scapular region, outward around abdomen",berb(3)
940,4,"PAIN, stitching, shooting, Lumbar region, extending along spine in zig-zags to scapular region, penis",dros(1)
940,4,"PAIN, stitching, shooting, Lumbar region, extending along spine in zig-zags to scapular region, pit of stomach","nicc(1), rat(1), thuj(1)"
940,4,"PAIN, stitching, shooting, Lumbar region, extending along spine in zig-zags to scapular region, pubis and inguinal region","carl(1), kreos(1)"
940,4,"PAIN, stitching, shooting, Lumbar region, extending along spine in zig-zags to scapular region, rectum",lyc(1)
940,4,"PAIN, stitching, shooting, Lumbar region, extending along spine in zig-zags to scapular region, ribs",caust(1)
940,4,"PAIN, stitching, shooting, Lumbar region, extending along spine in zig-zags to scapular region, stomach",nicc(1)
940,4,"PAIN, stitching, shooting, Lumbar region, extending along spine in zig-zags to scapular region, thighs, into","kali-bi(2), kali-c(2), nit-ac(1), nux-v(2)"
940,5,"PAIN, stitching, shooting, Lumbar region, extending along spine in zig-zags to scapular region, thighs, into, on every breath","carb-an(1), nat-m(1)"
940,4,"PAIN, stitching, shooting, Lumbar region, extending along spine in zig-zags to scapular region, toes",eupi(1)
940,4,"PAIN, stitching, shooting, Lumbar region, extending along spine in zig-zags to scapular region, umbilicus",prun-s(1)
940,4,"PAIN, stitching, shooting, Lumbar region, extending along spine in zig-zags to scapular region, urethra",lach(1)
940,4,"PAIN, stitching, shooting, Lumbar region, extending along spine in zig-zags to scapular region, uterus",nat-m(2)
940,4,"PAIN, stitching, shooting, Lumbar region, extending along spine in zig-zags to scapular region, vagina",kreos(1)
940,3,"PAIN, stitching, shooting, Lumbar region, above hips","caust(1), thuj(1)"
940,3,"PAIN, stitching, shooting, Lumbar region, between ribs and ilium",caust(1)
940,3,"PAIN, stitching, shooting, Lumbar region, last rib","caust(2), merc(1)"
940,2,"PAIN, stitching, shooting, Sacral region","acon(1), agar(3), agn(1), aloe(1), ambr(1), ang(1), arn(1), ars(1), asaf(1), bar-c(1), bell(1), berb(1), bry(2), calc(1), calc-p(2), calc-s(1), carb-an(2), carb-v(1), cocc(1), coloc(1), con(3), dulc(1), hyper(1), ign(1), jug-r(1), kali-bi(1), kali-c(1), kali-i(1), kali-n(1), lith(2), lyc(1), mag-c(1), merc(1), mur-ac(1), nat-c(1), nat-m(1), nat-s(1), nicc(1), nit-ac(1), ox-ac(1), phos(2), phyt(2), plb(1), puls(1), ruta(1), sil(1), spong(1), squil(1), staph(1), sulph(2), tarax(1), tell(1), verat(1), zinc(2)"
940,3,"PAIN, stitching, shooting, Sacral region, breathing, when","merc(3), spig(1)"
940,3,"PAIN, stitching, shooting, Sacral region, coughing",bry(1)
940,3,"PAIN, stitching, shooting, Sacral region, lie on the back, compelled to","agar(2), calc-p(1)"
940,3,"PAIN, stitching, shooting, Sacral region, motion",coloc(1)
940,3,"PAIN, stitching, shooting, Sacral region, pregnancy",kali-c(3)
940,3,"PAIN, stitching, shooting, Sacral region, sitting, while","bar-c(1), nat-s(1), spig(1)"
940,3,"PAIN, stitching, shooting, Sacral region, standing, while","con(3), lith(2)"
940,3,"PAIN, stitching, shooting, Sacral region, stool, after, amel.",indg(1)
941,3,"PAIN, stitching, shooting, Sacral region, walking, while","agar(2), calad(1)"
941,4,"PAIN, stitching, shooting, Sacral region, walking, while, amel.",staph(1)
941,4,"PAIN, stitching, shooting, Sacral region, walking, while, in the open air",agar(2)
941,3,"PAIN, stitching, shooting, Sacral region, extending to anus",asaf(1)
941,4,"PAIN, stitching, shooting, Sacral region, extending to anus, down outside of hips to feet","coloc(1), phyt(2)"
941,4,"PAIN, stitching, shooting, Sacral region, extending to anus, to gluteal region and hips",kali-c(3)
941,4,"PAIN, stitching, shooting, Sacral region, extending to anus, from left side to left testis",thuj(1)
941,3,"PAIN, stitching, shooting, Sacral region, sacro-iliac symphyses",phos(1)
941,2,"PAIN, stitching, shooting, Coccyx","agn(1), am-c(1), arg-m(1), calc(1), calc-p(1), canth(2), caust(2), colch(1), dios(1), lact(1), mag-c(2), mur-ac(1), nat-m(1), nicc(1), par(2), ph-ac(1), phos(1), pic-ac(2), rhus-t(2), sil(3), tarent(2), thuj(2), verat(1), zinc(1)"
941,3,"PAIN, stitching, shooting, Coccyx, itching","dros(1), ph-ac(1)"
941,3,"PAIN, stitching, shooting, Coccyx, jerking",carb-v(1)
941,3,"PAIN, stitching, shooting, Coccyx, menses, during","caust(1), ph-ac(1)"
941,3,"PAIN, stitching, shooting, Coccyx, pressure, on",sil(2)
941,3,"PAIN, stitching, shooting, Coccyx, pulsating","ign(1), par(1)"
941,3,"PAIN, stitching, shooting, Coccyx, rising from seat",sil(3)
941,3,"PAIN, stitching, shooting, Coccyx, sitting, while","dros(1), lach(1), par(1)"
941,4,"PAIN, stitching, shooting, Coccyx, sitting, while, itching, while",par(2)
941,3,"PAIN, stitching, shooting, Coccyx, standing, while",verat(1)
941,3,"PAIN, stitching, shooting, Coccyx, startling","calc-p(1), mur-ac(1)"
941,3,"PAIN, stitching, shooting, Coccyx, stinging",sil(1)
941,3,"PAIN, stitching, shooting, Coccyx, stool, before",sep(1)
941,4,"PAIN, stitching, shooting, Coccyx, stool, before, during",phos(2)
941,3,"PAIN, stitching, shooting, Coccyx, extending to anus",thuj(1)
941,4,"PAIN, stitching, shooting, Coccyx, extending to anus, up back","mur-ac(1), phos(2)"
941,2,"PAIN, stitching, shooting, Spine","agar(3), bell(2), berb(3), cocc(2), dulc(1), elaps(1), hyper(2), ign(1), kali-bi(1), led(1), meph(1), mez(1), nit-ac(2), olnd(1), petr(2), phos(2), rat(1), sul-ac(1), tanac(1)"
941,3,"PAIN, stitching, shooting, Spine, morning, on waking",euphr(1)
941,3,"PAIN, stitching, shooting, Spine, moving about amel.",euphr(1)
941,3,"PAIN, stitching, shooting, Spine, evening",mez(1)
941,3,"PAIN, stitching, shooting, Spine, motion, on",meph(1)
941,3,"PAIN, stitching, shooting, Spine, pulsating",dulc(1)
941,3,"PAIN, stitching, shooting, Spine, sitting",ruta(1)
941,3,"PAIN, stitching, shooting, Spine, standing",nit-ac(1)
941,3,"PAIN, stitching, shooting, Spine, extending down small of back to region of bladder",berb(3)
941,4,"PAIN, stitching, shooting, Spine, extending down small of back to region of bladder, to anterior superior spinous process or left ilium",dros(1)
941,4,"PAIN, stitching, shooting, Spine, extending down small of back to region of bladder, to epigastrium","nicc(1), rat(1), thuj(1)"
941,4,"PAIN, stitching, shooting, Spine, extending down small of back to region of bladder, upwards","cocc(1), petr(2)"
941,1,"PAIN, struck with hammer, as if; pressing against something hard amel.",sep(3)
941,1,"PAIN, tearing","aesc(2), agar(1), alum(1), alumn(1), am-c(1), ant-c(1), arn(2), ars(2), asar(1), berb(1), calc(1), calc-p(2), canth(2), caps(2), carb-s(1), carb-v(1), caust(1), cham(2), chel(2), chin(2), cina(2), cinnb(1), cocc(1), colch(1), cupr(1), dros(1), ferr(1), ferr-ar(1), ferr-p(1), gad(1), guai(1), kali-c(1), kali-n(1), kali-p(1), led(1), lyc(2), mang(2), merc(1), mez(1), nit-ac(3), nux-v(2), op(1), petr(1), ph-ac(2), phos(3), puls(1), sep(1), sil(2), stann(2), stry(1), sulph(1), zinc(1)"
941,2,"PAIN, tearing, morning","canth(2), kali-c(1), mez(1), puls(1), stry(1)"
941,3,"PAIN, tearing, morning, after rising",am-m(1)
941,2,"PAIN, tearing, evening, in bed",sulph(1)
941,2,"PAIN, tearing, night","cinnb(1), nit-ac(1), ph-ac(1), rhod(3)"
941,2,"PAIN, tearing, bending backwards",chel(2)
941,3,"PAIN, tearing, bending backwards, forward",camph(1)
941,2,"PAIN, tearing, drawing","cham(1), nux-v(1), op(1), stram(1)"
941,2,"PAIN, tearing, eating, after",cham(1)
941,2,"PAIN, tearing, lying, while",ferr(1)
941,2,"PAIN, tearing, menses, during","agar(1), caust(2), phos(1), sep(3)"
941,3,"PAIN, tearing, menses, during, cramp-like",bell(1)
941,2,"PAIN, tearing, motion, on","alum(1), am-m(1), caust(2), cinnb(1), dig(1), nit-ac(1)"
941,3,"PAIN, tearing, motion, on, amel.",alumn(1)
941,2,"PAIN, tearing, sitting","alumn(1), berb(2), ferr(1), lyc(2), spong(1)"
941,2,"PAIN, tearing, standing, on","berb(2), bry(1), stann(1)"
941,2,"PAIN, tearing, sticking, amel. pressing against something hard",sep(1)
941,2,"PAIN, tearing, stooping, on","bry(1), chel(2)"
941,2,"PAIN, tearing, touch, on",chel(1)
941,2,"PAIN, tearing, walking","canth(1), chel(2)"
941,2,"PAIN, tearing, warmth of stove amel.",cinnb(1)
941,2,"PAIN, tearing, extending to abdomen",cham(1)
941,3,"PAIN, tearing, extending to abdomen, down back","berb(1), cina(2), mang(2), nat-s(1)"
942,3,"PAIN, tearing, extending to abdomen, to limbs","ars(2), chel(2), phos(3)"
942,4,"PAIN, tearing, extending to abdomen, to limbs, nape, while walking",nat-s(1)
942,4,"PAIN, tearing, extending to abdomen, to limbs, thighs",chin(1)
942,3,"PAIN, tearing, extending to abdomen, upward",stann(1)
942,2,"PAIN, tearing, Cervical region","acon(3), aeth(1), am-m(3), arn(1), asaf(1), aur(1), berb(1), calc(2), calc-caust(1), camph(1), canth(2), caps(2), carb-s(1), carb-v(3), caust(2), chel(1), chin(2), cic(1), clem(1), coc-c(1), con(1), cupr(1), dig(1), gels(1), glon(2), graph(1), kali-c(2), kalm(1), lach(2), laur(1), led(1), lyc(2), lyss(1), mag-c(1), mag-m(1), merc(2), nat-c(1), nat-s(2), nux-v(2), olnd(1), phos(1), plb(1), psor(1), rat(1), rhod(2), rhus-v(1), sars(1), sel(1), sil(1), spig(2), stront(1), sulph(1), thuj(2), verat(1), zinc(2)"
942,3,"PAIN, tearing, Cervical region, left",rat(1)
942,3,"PAIN, tearing, Cervical region, morning","kali-c(1), stram(2)"
942,3,"PAIN, tearing, Cervical region, evening",nux-v(2)
942,3,"PAIN, tearing, Cervical region, night",rhod(1)
942,3,"PAIN, tearing, Cervical region, midnight, before, on waking",sulph(1)
942,3,"PAIN, tearing, Cervical region, chill, during",ars-h(1)
942,3,"PAIN, tearing, Cervical region, jerking","aur(1), caps(2), rat(1)"
942,3,"PAIN, tearing, Cervical region, lying, while",lyc(2)
942,3,"PAIN, tearing, Cervical region, menses, during","am-m(1), mag-c(1)"
942,3,"PAIN, tearing, Cervical region, motion, on","carb-v(1), dig(1), ign(1), kali-bi(1), verat(1)"
942,4,"PAIN, tearing, Cervical region, motion, on, of head","am-m(2), canth(1), nat-c(1), sulph(2)"
942,3,"PAIN, tearing, Cervical region, paroxysmal",nux-v(1)
942,3,"PAIN, tearing, Cervical region, pressure amel.",zinc(1)
942,3,"PAIN, tearing, Cervical region, sneezing",am-m(1)
942,3,"PAIN, tearing, Cervical region, stool, after, amel.",asaf(1)
942,3,"PAIN, tearing, Cervical region, walking, while",rat(1)
942,3,"PAIN, tearing, Cervical region, extending down back","mag-c(1), rhod(1)"
942,4,"PAIN, tearing, Cervical region, extending down back, to ear",thuj(1)
942,4,"PAIN, tearing, Cervical region, extending down back, to forehead","rat(1), sars(1)"
942,4,"PAIN, tearing, Cervical region, extending down back, to vertex",rat(1)
942,4,"PAIN, tearing, Cervical region, extending down back, shoulder, to","alum(1), am-m(1), thuj(1), til(1)"
942,5,"PAIN, tearing, Cervical region, extending down back, shoulder, to, right, in evening after lying down",lyc(1)
942,4,"PAIN, tearing, Cervical region, extending down back, up either side to top of head",lach(2)
942,4,"PAIN, tearing, Cervical region, extending down back, upward","berb(1), canth(1), lach(2)"
942,3,"PAIN, tearing, Cervical region, spine",lach(2)
942,4,"PAIN, tearing, Cervical region, spine, at night",caust(1)
942,2,"PAIN, tearing, Dorsal region","aur(1), berb(1), brom(1), calc(2), kali-c(2)"
942,3,"PAIN, tearing, Dorsal region, bending body backward",aur(1)
942,3,"PAIN, tearing, Dorsal region, burning",kali-c(1)
942,3,"PAIN, tearing, Dorsal region, rubbing amel.",phos(1)
942,3,"PAIN, tearing, Dorsal region, sitting down, on","arg-m(1), hura(1)"
942,3,"PAIN, tearing, Dorsal region, scapulæ","acon(2), alum(2), am-m(1), anac(2), aur(2), berb(1), bov(1), carb-v(1), caust(2), chel(1), chin(1), cycl(1), dios(1), dulc(1), guai(2), kali-c(2), kali-n(1), lach(1), led(1), mag-m(2), manc(1), merc(1), mez(1), nat-c(1), nat-m(1), nat-s(1), nicc(1), nit-ac(1), ph-ac(1), phos(1), plb(1), psor(1), ptel(1), sars(1), sep(2), stann(1), sulph(2), thuj(1), zinc(1)"
942,4,"PAIN, tearing, Dorsal region, scapulæ, right","anac(1), kali-c(2), mag-m(1), plb(1), zinc(1)"
942,5,"PAIN, tearing, Dorsal region, scapulæ, right, on breathing",kali-c(1)
942,5,"PAIN, tearing, Dorsal region, scapulæ, right, on spine, between",zinc(1)
942,5,"PAIN, tearing, Dorsal region, scapulæ, right, under",dig(1)
942,4,"PAIN, tearing, Dorsal region, scapulæ, left","alum(1), ambr(1), anac(3), arg-m(1), carb-v(1), card-m(1), mang(1), sep(1), thuj(1)"
942,5,"PAIN, tearing, Dorsal region, scapulæ, left, evening",alum(1)
942,5,"PAIN, tearing, Dorsal region, scapulæ, left, bending back the arm",carb-v(1)
942,5,"PAIN, tearing, Dorsal region, scapulæ, left, sitting, while","mang(1), sulph(1)"
942,4,"PAIN, tearing, Dorsal region, scapulæ, morning",kali-c(2)
942,4,"PAIN, tearing, Dorsal region, scapulæ, evening","alum(1), olnd(1)"
942,4,"PAIN, tearing, Dorsal region, scapulæ, bending body backwards","aur(1), sep(1)"
942,4,"PAIN, tearing, Dorsal region, scapulæ, inspiration, on",chin(1)
942,4,"PAIN, tearing, Dorsal region, scapulæ, moving head",nat-s(1)
942,4,"PAIN, tearing, Dorsal region, scapulæ, rubbing amel.",phos(1)
942,4,"PAIN, tearing, Dorsal region, scapulæ, sitting, while",mang(1)
942,5,"PAIN, tearing, Dorsal region, scapulæ, sitting, while, bent","bov(1), ph-ac(1)"
942,4,"PAIN, tearing, Dorsal region, scapulæ, waking, on",nicc(1)
942,4,"PAIN, tearing, Dorsal region, scapulæ, walking, while",nat-s(1)
942,4,"PAIN, tearing, Dorsal region, scapulæ, extending to arm",coc-c(1)
942,5,"PAIN, tearing, Dorsal region, scapulæ, extending to arm, to sides",anac(1)
942,4,"PAIN, tearing, Dorsal region, scapulæ, below","agar(1), alumn(1), dig(1), lyc(1), sil(2)"
942,5,"PAIN, tearing, Dorsal region, scapulæ, below, on walking",sil(2)
942,4,"PAIN, tearing, Dorsal region, scapulæ, between","agar(1), anac(1), bar-c(1), berb(2), bor(1), calc(2), calc-caust(1), canth(1), caust(2), cocc(1), ferr(1), kali-c(1), kali-n(1), lach(2), mag-m(1), meny(1), nat-c(1), nat-s(2), petr(1), psor(1), puls(1), rhus-t(1), sil(2), thuj(1), zinc(1)"
943,5,"PAIN, tearing, Dorsal region, scapulæ, between, morning, on waking",kali-bi(2)
943,6,"PAIN, tearing, Dorsal region, scapulæ, between, morning, on waking, 4 p.m.",caust(1)
943,5,"PAIN, tearing, Dorsal region, scapulæ, between, afternoon","canth(1), caust(1)"
943,5,"PAIN, tearing, Dorsal region, scapulæ, between, evening","cocc(1), sulph(1)"
943,6,"PAIN, tearing, Dorsal region, scapulæ, between, evening, in bed",thuj(1)
943,5,"PAIN, tearing, Dorsal region, scapulæ, between, midnight, after",mag-s(1)
943,5,"PAIN, tearing, Dorsal region, scapulæ, between, deep breathing",meny(1)
943,5,"PAIN, tearing, Dorsal region, scapulæ, between, motion, on",petr(1)
943,5,"PAIN, tearing, Dorsal region, scapulæ, between, stooping agg.",bor(1)
943,5,"PAIN, tearing, Dorsal region, scapulæ, between, turning, on",verat(1)
943,5,"PAIN, tearing, Dorsal region, scapulæ, between, walking, on",ferr(1)
943,4,"PAIN, tearing, Dorsal region, scapulæ, inner edge of",aur(1)
943,5,"PAIN, tearing, Dorsal region, scapulæ, inner edge of, bending back or to left agg.",aur(1)
943,4,"PAIN, tearing, Dorsal region, scapulæ, tip of","alumn(1), berb(1), mez(1)"
943,5,"PAIN, tearing, Dorsal region, scapulæ, tip of, motion amel.",alum(1)
943,4,"PAIN, tearing, Dorsal region, scapulæ, spine","berb(2), bor(1), mag-m(1), nat-c(1), nat-s(2), psor(1), sil(2), zinc(1)"
943,2,"PAIN, tearing, Lumbar region","acon(1), aesc(2), agar(2), alum(3), ambr(1), ant-c(1), arn(1), ars(2), berb(2), brom(1), bry(2), calc(1), calc-p(2), canth(1), carb-s(1), carb-v(2), carl(1), caust(2), chel(2), chin(1), cina(1), cinnb(1), coc-c(1), cocc(1), colch(2), croc(1), cupr(1), dig(1), eupi(1), ham(2), hura(1), ign(1), kali-c(2), kali-p(1), lyc(1), mag-c(1), mag-m(2), mag-s(1), merl(1), mez(2), mur-ac(1), nat-c(1), nat-s(2), nux-v(1), ph-ac(1), phyt(2), rhod(2), rhus-t(1), sabin(1), sep(1), spig(1), stann(2), stront(1), thuj(1)"
943,3,"PAIN, tearing, Lumbar region, morning",stront(1)
943,4,"PAIN, tearing, Lumbar region, morning, 4 a.m.",ruta(1)
943,4,"PAIN, tearing, Lumbar region, morning, 9 a.m., amel.",ruta(1)
943,3,"PAIN, tearing, Lumbar region, afternoon",mag-m(1)
943,4,"PAIN, tearing, Lumbar region, afternoon, standing",plb(1)
943,3,"PAIN, tearing, Lumbar region, evening in bed",alum(1)
943,3,"PAIN, tearing, Lumbar region, night","mag-m(1), mag-s(1)"
943,3,"PAIN, tearing, Lumbar region, bending forward, when",chel(1)
943,3,"PAIN, tearing, Lumbar region, breathing agg.",kali-c(2)
943,3,"PAIN, tearing, Lumbar region, lying, while",berb(1)
943,4,"PAIN, tearing, Lumbar region, lying, while, amel.","bry(2), nux-v(1)"
943,4,"PAIN, tearing, Lumbar region, lying, while, on back",mag-s(1)
943,5,"PAIN, tearing, Lumbar region, lying, while, on back, amel.",ambr(1)
943,3,"PAIN, tearing, Lumbar region, menses, on appearance",caust(2)
943,4,"PAIN, tearing, Lumbar region, menses, on appearance, before",eupi(1)
943,4,"PAIN, tearing, Lumbar region, menses, on appearance, during","caust(2), guare(1), lachn(1)"
943,3,"PAIN, tearing, Lumbar region, motion, on","brom(1), bry(2), calc-p(1), caust(2), croc(1), stann(1), sulph(1)"
943,3,"PAIN, tearing, Lumbar region, pressure, on",acon(1)
943,3,"PAIN, tearing, Lumbar region, rising, on",iris(1)
943,4,"PAIN, tearing, Lumbar region, rising, on, from a chair",merl(1)
943,5,"PAIN, tearing, Lumbar region, rising, on, from a chair, stooping","berb(1), chel(1), ph-ac(1)"
943,3,"PAIN, tearing, Lumbar region, sitting, while","asaf(1), berb(1), bry(1), kali-c(1), lyc(2), nux-v(1)"
943,3,"PAIN, tearing, Lumbar region, standing, while","berb(1), bry(1), ph-ac(1)"
943,4,"PAIN, tearing, Lumbar region, standing, while, amel.",berb(1)
943,3,"PAIN, tearing, Lumbar region, as from something alive",ph-ac(1)
943,3,"PAIN, tearing, Lumbar region, stooping","bry(2), chel(1), sabin(1)"
943,3,"PAIN, tearing, Lumbar region, walking","aesc(2), agar(1), nux-v(1)"
943,3,"PAIN, tearing, Lumbar region, extending to hips",carb-v(1)
943,4,"PAIN, tearing, Lumbar region, extending to hips, in a circle to linea alba",caust(1)
943,4,"PAIN, tearing, Lumbar region, extending to hips, occiput",led(1)
943,4,"PAIN, tearing, Lumbar region, extending to hips, toes",eupi(1)
943,4,"PAIN, tearing, Lumbar region, extending to hips, between ribs and ilium",teucr(2)
943,2,"PAIN, tearing, Sacrum","aesc(2), asar(1), bry(2), coloc(2), helon(1), lyc(2), mag-m(1), mez(2), mur-ac(1), spong(1)"
943,3,"PAIN, tearing, Sacrum, and hips while walking",aesc(3)
943,3,"PAIN, tearing, Sacrum, pressure amel.",mag-m(1)
943,3,"PAIN, tearing, Sacrum, sitting erect, while",lyc(1)
943,3,"PAIN, tearing, Sacrum, walking",asar(1)
943,3,"PAIN, tearing, Sacrum, extending to occiput",led(1)
943,4,"PAIN, tearing, Sacrum, extending to occiput, toward lumbar region",mur-ac(1)
943,4,"PAIN, tearing, Sacrum, extending to occiput, down the sciatic nerve",coloc(2)
943,5,"PAIN, tearing, Sacrum, extending to occiput, down the sciatic nerve, to coccyx and thighs",thuj(1)
943,3,"PAIN, tearing, Sacrum, sacro-iliac symphyses",bry(2)
943,2,"PAIN, tearing, Coccyx","ant-c(1), calc-caust(2), calc-p(2), canth(2), cic(2), mag-c(2), merc(2), nat-s(1), sil(2)"
943,3,"PAIN, tearing, Coccyx, menses, during","canth(1), cic(2), merc(1)"
943,3,"PAIN, tearing, Coccyx, pressing on abdomen amel.",merc(2)
943,3,"PAIN, tearing, Coccyx, sitting, while","par(1), rhus-t(1), zinc(1)"
943,2,"PAIN, tearing, Spine","aur-s(1), berb(1), camph(1), caps(1), chel(1), chin(1), chin-s(1), cina(2), cocc(1), hyper(3), mag-c(1), mang(2), nat-m(1), nat-s(2), nux-v(1)"
944,3,"PAIN, tearing, Spine, extending downward","cina(2), mang(2), nat-m(1)"
944,3,"PAIN, tearing, Spine, anterior superior spinous process of left ilium",dros(1)
944,3,"PAIN, tearing, Spine, lower part","ars(1), chel(1)"
944,3,"PAIN, tearing, Spine, upper part",cina(1)
944,0,PARALYSIS of muscles of back,"cupr(2), gels(2), led(2)"
944,1,"PARALYSIS of muscles of back, sensation of, Sacrum",phos(2)
944,1,"PARALYSIS of muscles of back, Spine",aesc(3)
944,0,PERSPIRATION,"acon(1), anac(3), ars(1), calc(2), calc-s(1), camph(1), casc(1), caust(1), chin(3), chin-s(3), coff(1), dig(1), dulc(2), guai(1), hep(1), hyos(1), ip(1), kali-bi(1), lac-c(1), lach(1), laur(1), led(2), lyc(2), morph(1), mur-ac(2), nat-c(1), nat-p(1), nit-ac(1), nux-v(3), par(1), petr(2), ph-ac(2), phos(2), puls(2), rhus-t(2), sabin(1), sep(3), sil(1), stann(1), stram(1), sulph(2)"
944,1,"PERSPIRATION, daytime, while at rest",petr(1)
944,1,"PERSPIRATION, morning",chim(1)
944,1,"PERSPIRATION, night","anac(1), ars(1), calc(1), coc-c(1), coff(1), guai(1), lyc(1), sep(2)"
944,2,"PERSPIRATION, night, after midnight",hep(3)
944,2,"PERSPIRATION, night, 3 a.m.",rhus-t(3)
944,2,"PERSPIRATION, night, woke him at 4 a.m.",petr(1)
944,1,"PERSPIRATION, chill, during",cann-s(1)
944,1,"PERSPIRATION, cold","acon(1), chin(1), colch(1), cub(1), ph-ac(1), sep(2)"
944,2,"PERSPIRATION, cold, during and after coughing",cub(1)
944,1,"PERSPIRATION, eating, after","card-m(1), par(1)"
944,1,"PERSPIRATION, emissions, after",sil(1)
944,1,"PERSPIRATION, menses, before",nit-ac(2)
944,2,"PERSPIRATION, menses, before, during",kreos(2)
944,1,"PERSPIRATION, motion, on",chin(3)
944,1,"PERSPIRATION, sleep, during",tab(1)
944,1,"PERSPIRATION, stool, during effort at",kali-bi(2)
944,1,"PERSPIRATION, waking, on",hep(1)
944,1,"PERSPIRATION, walking, on","caust(2), lach(1), lact-ac(1), nat-c(1), petr(1), phos(1), rhus-t(2), sep(2)"
944,1,"PERSPIRATION, Cervical region","anac(2), ars(1), calc(3), cann-s(1), chel(1), chin(3), elaps(1), ferr(1), fl-ac(1), mag-c(1), mosch(1), nit-ac(2), nux-v(1), ph-ac(3), phel(1), sep(2), sil(2), spig(1), stann(1), sulph(3)"
944,2,"PERSPIRATION, Cervical region, daytime",ph-ac(1)
944,2,"PERSPIRATION, Cervical region, morning",nux-v(1)
944,2,"PERSPIRATION, Cervical region, evening",fl-ac(1)
944,2,"PERSPIRATION, Cervical region, night","calc(2), sulph(2)"
944,2,"PERSPIRATION, Cervical region, menses, before",nit-ac(2)
944,2,"PERSPIRATION, Cervical region, motion, least",chin(3)
944,2,"PERSPIRATION, Cervical region, sleep, in","calc(3), lach(2), ph-ac(1)"
944,3,"PERSPIRATION, Cervical region, sleep, in, amel.",samb(1)
944,2,"PERSPIRATION, Cervical region, walking",camph(1)
944,1,"PERSPIRATION, Lumbar region","asaf(1), clem(1), hyos(1), sil(3)"
944,2,"PERSPIRATION, Lumbar region, night",sil(1)
944,2,"PERSPIRATION, Lumbar region, cold",plan(1)
944,2,"PERSPIRATION, Lumbar region, menses, before",nit-ac(2)
944,1,"PERSPIRATION, Sacrum",plan(1)
944,2,"PERSPIRATION, Sacrum, cold",plan(1)
944,0,POLYPUS,con(2)
944,0,PRICKLING,"acon(1), aesc(1), apis(1), aur(1), aur-m(1), ox-ac(1), ran-s(1), sol-t-ae(1), verat(1)"
944,1,"PRICKLING, sleep, during",sol-t-ae(1)
944,1,"PRICKLING, Cervical region",carb-an(2)
944,1,"PRICKLING, Scapulæ",mez(2)
944,0,PULSATING,"agar(1), aloe(1), ars(1), asc-t(1), bar-c(3), bell(1), berb(1), calc-ar(1), calc-p(1), cann-i(1), cann-s(1), carb-s(1), chin(1), cimic(1), cur(1), daph(1), eup-pur(2), ferr(1), ferr-ar(1), glon(1), iod(1), kali-c(2), lac-c(1), lach(2), lyc(1), nat-m(3), nit-ac(2), phos(2), puls(1), sep(1), sil(2), sumb(1), thuj(2)"
944,1,"PULSATING, alternating with pains in back",kali-c(2)
944,1,"PULSATING, coughing agg.",nit-ac(2)
944,1,"PULSATING, emotional excitement, after",bar-c(1)
944,1,"PULSATING, express an idea, when wishing to",raph(1)
944,1,"PULSATING, motion, during",phos(1)
944,2,"PULSATING, motion, during, amel.",bar-c(1)
944,1,"PULSATING, sitting, while","calc-p(1), cur(1), thuj(1)"
944,1,"PULSATING, stool, after","alum(1), caps(1)"
944,1,"PULSATING, Cervical region","apis(3), calc-p(2), chel(1), con(1), cur(1), daph(1), eup-per(2), ferr(1), glon(1), lyss(1), manc(1), nat-m(1), nat-s(2), nit-ac(2), op(1), phos(2), raph(1), staph(1), sulph(1), sumb(1), verat-v(3)"
945,2,"PULSATING, Cervical region, holding head backward amel.","lyss(1), manc(1)"
945,2,"PULSATING, Cervical region, lying down, on",plb(1)
945,2,"PULSATING, Cervical region, menses, before",nit-ac(2)
945,3,"PULSATING, Cervical region, menses, before, during","nit-ac(2), verat-v(3)"
945,2,"PULSATING, Cervical region, motion agg.",ferr(2)
945,2,"PULSATING, Cervical region, sitting, while",calc-p(2)
945,2,"PULSATING, Cervical region, writing agg.",manc(1)
945,2,"PULSATING, Cervical region, extending to forehead on moving or stooping",ter(1)
945,3,"PULSATING, Cervical region, extending to forehead on moving or stooping, to forehead and occiput",chel(1)
945,3,"PULSATING, Cervical region, extending to forehead on moving or stooping, to lumbar region",cur(1)
945,3,"PULSATING, Cervical region, extending to forehead on moving or stooping, to shoulder","apis(3), con(1)"
945,1,"PULSATING, Dorsal region","calc-p(1), carb-s(1), cur(1), phos(1)"
945,2,"PULSATING, Dorsal region, scapulæ","bar-c(1), calc-p(1), kali-c(1), merc(1), ph-ac(1), phos(1), zinc(1)"
945,3,"PULSATING, Dorsal region, scapulæ, between","bar-c(2), hura(1), kali-i(1), merc-i-f(1), phos(2), plan(1), sumb(1), ter(1)"
945,4,"PULSATING, Dorsal region, scapulæ, between, rising from stooping",kali-n(1)
945,3,"PULSATING, Dorsal region, scapulæ, under right",merc-i-f(1)
945,4,"PULSATING, Dorsal region, scapulæ, under right, left",zinc(1)
945,2,"PULSATING, Dorsal region, spine","dulc(1), lach(2), phos(3)"
945,1,"PULSATING, Lumbar region","am-c(1), bar-c(3), bry(2), caust(2), cimic(1), colch(1), coloc(2), graph(1), hura(1), kali-c(1), lac-c(3), lach(1), nat-m(2), nit-ac(2), ruta(1), sep(3), sil(3), sulph(1), sumb(1), thuj(1), vib(1)"
945,2,"PULSATING, Lumbar region, evening, after lying down",nat-m(1)
945,2,"PULSATING, Lumbar region, night",ars(1)
945,2,"PULSATING, Lumbar region, alternating with pain",kali-c(1)
945,2,"PULSATING, Lumbar region, chill, during",nux-v(1)
945,2,"PULSATING, Lumbar region, fever",hura(1)
945,2,"PULSATING, Lumbar region, inspiration, on deep",benz(1)
945,2,"PULSATING, Lumbar region, menses, before",nit-ac(2)
945,2,"PULSATING, Lumbar region, motion amel.","am-c(1), bar-c(1)"
945,2,"PULSATING, Lumbar region, sitting",colch(1)
945,2,"PULSATING, Lumbar region, stool, after",alum(1)
945,2,"PULSATING, Lumbar region, above hips",coloc(2)
945,1,"PULSATING, Sacral region","bar-c(2), berb(1), caust(1), graph(1), ign(1), kali-c(1), lach(1), nat-m(3), nit-ac(1), nux-v(1), ol-an(1), sabin(1), sars(1), sep(1), sil(2), tab(1)"
945,2,"PULSATING, Sacral region, evening",tab(1)
945,1,"PULSATING, Coccyx","agar(1), par(1)"
945,1,"PULSATING, Spine","agar(1), bar-c(1), carb-s(1), cur(1), lach(3), thuj(1)"
945,0,QUIVERING in cervical region,ang(2)
945,0,"REDNESS, cervical region","aml-n(1), bell(2), crot-h(2), iod(1), lac-d(1), merc(1), rhus-t(2), vesp(1)"
945,0,"RESTLESSNESS, lumbar region","bar-c(2), calc-f(2), cedr(1), chin-s(1)"
945,1,"RESTLESSNESS, lumbar region, passing flatus amel.",bar-c(2)
945,0,"SENSITIVE to hot sponge, lumbar region",agar(2)
945,0,SHIVERING,"acon(1), agar(1), all-c(1), anac(1), apis(1), ars(1), bar-ac(1), bell(1), bor(1), bry(1), calc(1), caps(1), carb-v(1), carl(1), cast(1), cham(1), clem(1), cocc(1), coff(1), colch(2), crot-t(1), dig(1), eup-per(1), gamb(1), gels(1), guai(1), ign(1), kali-bi(1), lach(1), lyc(1), mag-c(1), mang(1), meny(1), mez(2), nat-m(1), nicc(1), osm(1), phos(1), puls(1), rhus-t(1), rumx(1), ruta(1), sabad(1), sang(1), sec(1), seneg(1), sep(1), spong(1), stann(2), staph(1), stram(1), stront(1), sulph(2), thuj(1), verat(1)"
945,1,"SHIVERING, morning","apis(1), cham(1), meny(1), staph(1)"
945,2,"SHIVERING, morning, bed, in",kali-c(1)
945,2,"SHIVERING, morning, rising, after",staph(1)
945,1,"SHIVERING, forenoon","graph(1), mag-c(1)"
945,1,"SHIVERING, afternoon",mag-c(1)
945,1,"SHIVERING, evening","apis(1), bry(1), canth(1), caps(1), cham(1), cocc(1), mag-m(1), mag-s(1), verat(1)"
945,2,"SHIVERING, evening, bed, in",sang(1)
945,1,"SHIVERING, night",carb-v(1)
945,2,"SHIVERING, night, bed, in",raph(1)
945,1,"SHIVERING, lying down, on",nat-c(1)
945,1,"SHIVERING, stool, during","coloc(1), trom(1)"
945,1,"SHIVERING, warm room",petr(1)
945,2,"SHIVERING, warm room, stove amel.",nicc(1)
945,1,"SHIVERING, extending down the back","agar(1), all-c(1), bry(1), calc-caust(1), chel(1), colch(2), mag-c(1), rhus-v(1)"
945,2,"SHIVERING, extending down the back, up the back","canth(1), dig(1), puls(1), rhus-v(1)"
945,1,"SHIVERING, Lumbar region","coff-t(1), jatr(1), lyc(1), petr(1)"
945,2,"SHIVERING, Lumbar region, after stool",puls(2)
945,2,"SHIVERING, Lumbar region, warm room",petr(1)
946,0,"SHOCKS, electric like, along the spine","agar(1), ang(1), cic(1), corn(1)"
946,1,"SHOCKS, electric like, along the spine, Cervical region","corn(1), manc(2)"
946,2,"SHOCKS, electric like, along the spine, Cervical region, on waking",manc(2)
946,1,"SHOCKS, electric like, along the spine, Dorsal region","bell(1), cic(1)"
946,1,"SHOCKS, electric like, along the spine, Scapulæ, between",bell(1)
946,1,"SHOCKS, electric like, along the spine, flank, left",stann(1)
946,1,"SHOCKS, electric like, along the spine, Sacrum, in",cupr(1)
946,0,SHORTENED (See Tension),
946,0,SOFTENING of cord,"crot-h(1), kali-p(3), merc(1), phos(2), sulph(2)"
946,0,SPASMS (See Opisthotonos),"acon(1), ars(2), calc-p(2), crot-c(2), lach(2), mygal(2), nat-m(2), nat-s(2), nux-v(2), oena(1), phys(2), stram(1), syph(1), tab(1)"
946,1,"SPASMS (See Opisthotonos), nursing, while","arn(1), cham(2), puls(2)"
946,1,"SPASMS (See Opisthotonos), touch, on",acon(1)
946,0,"SPASMODIC drawing, cervical region (head bent back)","acon(2), alum(1), ant-c(1), apis(2), bell(3), calc(1), camph(1), cann-i(1), cedr(1), cham(2), chin(1), cic(3), cimic(3), cina(2), cupr(2), eup-per(1), gels(2), glon(2), hell(2), hep(2), hyos(1), hyper(1), ign(2), ip(2), kreos(1), lyc(2), mez(2), mur-ac(1), nat-m(2), nat-s(2), nux-v(2), op(3), phel(2), samb(1), stram(1), tab(2), verat-v(1), zinc(2)"
946,1,"SPASMODIC drawing, cervical region (head bent back), evening",ant-c(1)
946,1,"SPASMODIC drawing, cervical region (head bent back), during sleep",alum(1)
946,1,"SPASMODIC drawing, cervical region (head bent back), lying",ant-c(1)
946,1,"SPASMODIC drawing, cervical region (head bent back), sensation between shoulders while walking",calad(1)
946,2,"SPASMODIC drawing, cervical region (head bent back), sensation between shoulders while walking, morning","apis(1), cham(1), meny(1), staph(1)"
946,0,SPOTS,"calc(1), cist(1), lach(1), lyc(2), sep(1), spong(1), sulph(1), sumb(1), zinc(1)"
946,1,"SPOTS, brown",thuj(1)
946,1,"SPOTS, red","ant-c(1), bell(1), carb-v(1), cist(1), cocc(1), lach(1), sep(1), stann(1), vip(1)"
946,1,"SPOTS, Cervical region","carb-v(2), hyos(1), petr(1)"
946,2,"SPOTS, Cervical region, red","carb-v(2), lyc(2), sep(1), stann(1)"
946,2,"SPOTS, Cervical region, yellow",iod(1)
946,1,"SPOTS, Scapulæ, on","calc(1), cist(1), lach(1), sumb(1)"
946,0,STIFFNESS,"acon(1), aesc(1), agar(2), alum(2), am-m(2), anac(2), anan(1), ang(2), apis(2), arg-n(1), ars(2), aur(1), aur-m(1), bapt(2), bar-c(2), bell(2), benz-ac(2), berb(3), bol(2), bry(2), calc(2), calc-s(2), carb-an(2), carb-s(1), carb-v(2), carl(2), caust(3), cedr(1), chel(2), cic(2), cimic(3), cocc(1), con(1), cop(1), cupr(1), cupr-ar(1), dig(1), gins(1), guai(2), helon(2), hydr(1), ign(2), ind(1), iris(1), jac(1), kali-ar(2), kali-bi(1), kali-c(2), kali-p(2), kali-s(2), lach(2), led(3), lyc(2), manc(2), med(1), nat-a(1), nat-m(1), nat-s(1), nit-ac(2), nux-v(3), ol-an(1), olnd(1), op(1), petr(2), phos(2), phyt(2), prun-s(2), puls(2), rheum(1), rhus-t(3), rhus-v(1), sep(3), sil(3), staph(2), stram(2), stry(2), sul-ac(1), sulph(3), tab(1), thuj(2), tub(1), verat(1), zinc(1), zing(1)"
946,1,"STIFFNESS, morning","ang(1), carb-v(1), ox-ac(1), phyt(2), sep(2), stry(1), sul-ac(1), zinc(2)"
946,2,"STIFFNESS, morning, bed, in, amel. on rising",anac(1)
946,2,"STIFFNESS, morning, rising, on","bar-c(1), calc-s(1), carb-v(2), ferr-i(1), ign(1), staph(1), sul-ac(1)"
946,2,"STIFFNESS, morning, waking, on","calc(1), lach(2), led(2), sep(2)"
946,1,"STIFFNESS, noon",valer(1)
946,1,"STIFFNESS, evening","bar-c(1), dios(1), lyc(1), petr(1)"
946,1,"STIFFNESS, night",lyc(2)
946,1,"STIFFNESS, chill, during","lyc(2), nat-s(2), tub(2)"
946,1,"STIFFNESS, cramp-like",nit-ac(2)
946,1,"STIFFNESS, draft, from a",rhus-t(3)
946,1,"STIFFNESS, exertion, after",lyc(1)
946,1,"STIFFNESS, lying, while",puls(1)
946,1,"STIFFNESS, moving","acon(1), aesc(2), calc(2), cupr-ar(2), guai(2)"
946,2,"STIFFNESS, moving, amel.","rhus-t(3), sul-ac(1)"
946,2,"STIFFNESS, moving, shoulders","cocc(1), guai(1)"
946,2,"STIFFNESS, moving, on beginning","aesc(2), anac(1), con(1), cupr-s(1), ind(1), lyc(2), rhus-t(3)"
946,1,"STIFFNESS, painful","am-m(2), calc(2), caust(3), helon(2), manc(2), nit-ac(2), puls(2), rhus-t(3)"
946,1,"STIFFNESS, rising","agar(2), bry(2), cham(1)"
946,2,"STIFFNESS, rising, from a seat","agar(2), am-m(1), ambr(3), anac(1), bar-c(2), bell(3), berb(1), bry(1), carl(1), caust(3), hydr(2), ind(1), led(2), lyc(2), petr(2), puls(2), rhus-t(3), sil(2), sulph(2)"
946,1,"STIFFNESS, sitting, after","am-m(1), ambr(3), bar-c(2), bell(2), caust(1), cham(1), con(1), cupr-ar(1), ind(1), led(1), phos(2), rhus-t(3), sil(2), sulph(2)"
946,1,"STIFFNESS, bent amel.",anac(1)
946,1,"STIFFNESS, standing",stry(1)
946,2,"STIFFNESS, standing, erect agg.",bry(1)
947,1,"STIFFNESS, stool, after",sep(1)
947,1,"STIFFNESS, stooping","berb(2), caps(1), cic(1), kali-c(1)"
947,2,"STIFFNESS, stooping, after",bov(1)
947,1,"STIFFNESS, turning in bed",sulph(2)
947,1,"STIFFNESS, walking, must walk about some time before he can straighten up",hydr(1)
947,1,"STIFFNESS, walking","aur(1), stry(1)"
947,2,"STIFFNESS, walking, amel.","bry(1), calc-s(1), cop(1), rhus-t(3), sep(1), sulph(2)"
947,1,"STIFFNESS, wet weather","phyt(2), rhus-t(3)"
947,1,"STIFFNESS, writing",laur(1)
947,1,"STIFFNESS, Cervical region","acon(1), aesc(2), agar(3), alum(1), am-c(1), am-m(2), anac(3), anan(1), ang(2), ant-t(2), apis(2), arg-m(3), ars(2), arum-t(1), asar(1), aur(1), bad(1), bapt(2), bar-c(3), bell(3), berb(1), brach(1), brom(2), bry(2), calad(1), calc(3), calc-p(2), calc-s(1), camph(1), cann-i(1), canth(2), caps(1), carb-ac(1), carb-an(1), carb-s(1), carb-v(2), caul(1), caust(3), cedr(2), chel(3), chin(2), chin-a(1), cic(3), cimic(3), cocc(2), colch(1), coloc(2), com(1), con(2), cor-r(1), cupr-ac(1), cupr-ar(1), cycl(1), dig(2), dros(2), dulc(2), elaps(1), eup-pur(1), eupho(3), fago(1), ferr(2), ferr-ar(1), ferr-i(1), ferr-p(1), fl-ac(2), form(1), gels(2), glon(2), graph(2), guai(2), hell(3), hep(2), hura(1), hyos(1), ign(3), ind(3), kali-bi(2), kali-c(3), kali-chl(2), kali-i(2), kali-n(2), kali-p(1), kali-s(2), kalm(1), lac-c(2), lach(3), lachn(3), laur(1), led(2), lyc(3), lyss(2), mag-c(3), manc(2), mang(2), meny(1), merc(2), merc-i-f(1), mez(2), morph(1), myric(1), nat-a(1), nat-c(2), nat-m(2), nat-p(1), nat-s(2), nit-ac(3), nux-v(3), ol-an(1), pall(1), par(2), petr(2), ph-ac(1), phos(2), phys(2), phyt(2), plat(2), plb(1), podo(2), psor(2), puls(2), rat(2), rhod(2), rhus-t(3), rhus-v(2), sang(2), sec(1), sel(1), sep(2), sil(3), spig(2), spong(2), squil(1), staph(2), stram(1), stry(2), sulph(2), syph(2), tab(2), tarent(2), tep(1), thuj(2), verat(1), zinc(2), zing(1)"
947,2,"STIFFNESS, Cervical region, morning","ang(1), asar(1), bov(1), brom(2), bufo(1), calc(2), chel(2), dig(1), ferr(1), kali-c(2), lyss(1), manc(1), rhod(2), ruta(1), spig(1), sulph(2), zinc(2)"
947,3,"STIFFNESS, Cervical region, morning, rising, on","bov(1), rhod(1)"
947,3,"STIFFNESS, Cervical region, morning, waking, on","anac(1), arg-m(1), calc(2), eupi(1), kali-c(2), manc(1), phyt(2), rhod(2)"
947,2,"STIFFNESS, Cervical region, afternoon","brom(1), ptel(1), thuj(1)"
947,3,"STIFFNESS, Cervical region, afternoon, waking, on",bar-c(1)
947,2,"STIFFNESS, Cervical region, evening","acon(1), am-m(1), cast(1), cimic(1), meny(1), sel(1)"
947,2,"STIFFNESS, Cervical region, night","dulc(2), gels(1), kali-c(1), phyt(3)"
947,2,"STIFFNESS, Cervical region, air, draft of","calc-p(3), cimic(2), rhus-t(3)"
947,2,"STIFFNESS, Cervical region, cold, after taking","dulc(2), guai(2), nit-ac(2), rhus-t(3)"
947,2,"STIFFNESS, Cervical region, coryza, during","ars(1), bell(2), dulc(1), lach(3), lachn(1), lyc(2), nux-v(2), rhus-t(2), sulph(1)"
947,2,"STIFFNESS, Cervical region, eating, after",nux-v(2)
947,2,"STIFFNESS, Cervical region, headache, during","am-c(1), ant-c(1), arg-m(1), bar-c(1), bell(2), calc(2), caps(1), carb-s(1), crot-h(1), cur(1), cycl(1), glon(2), graph(2), ign(2), kali-c(1), kali-n(1), lach(2), mag-c(1), merc-i-f(1), mur-ac(1), myric(1), nat-c(1), ph-ac(1), sang(1), sep(1), sil(1), spig(1), tarent(1), verat(1)"
947,3,"STIFFNESS, Cervical region, headache, during, in occiput",graph(1)
947,2,"STIFFNESS, Cervical region, intermittent, during",cocc(2)
947,2,"STIFFNESS, Cervical region, lifting, from","calc(3), lyc(1), rhus-t(3)"
947,2,"STIFFNESS, Cervical region, lying on back",spig(1)
947,2,"STIFFNESS, Cervical region, menses, during",calc(2)
947,2,"STIFFNESS, Cervical region, rest, during","ph-ac(1), rat(1), rhod(2), rhus-t(2)"
947,2,"STIFFNESS, Cervical region, sleep, during",alum(2)
947,2,"STIFFNESS, Cervical region, stool, after",puls(2)
947,2,"STIFFNESS, Cervical region, turning head, on","alum(1), am-c(1), am-m(2), aur(1), bry(2), calad(1), calc(2), chel(2), coloc(2), dulc(2), kali-n(1), par(1), rat(1), tarent(1)"
947,3,"STIFFNESS, Cervical region, turning head, on, to left",alum(1)
947,3,"STIFFNESS, Cervical region, turning head, on, to painful side",anac(1)
947,2,"STIFFNESS, Cervical region, violent motion amel.",rat(1)
947,2,"STIFFNESS, Cervical region, waking, on","anac(1), kali-c(1), lach(2), manc(2), phys(1)"
947,2,"STIFFNESS, Cervical region, walking in open air","camph(2), lyc(2)"
947,2,"STIFFNESS, Cervical region, washing, from","dulc(2), rhus-t(3)"
947,2,"STIFFNESS, Cervical region, yawning, on",nat-m(1)
947,1,"STIFFNESS, Sacral region","acon(1), am-m(1), apis(1), bar-c(2), berb(1), bry(2), caust(2), lach(2), laur(1), led(2), lyc(2), mang(1), meph(1), prun-s(1), puls(1), rheum(1), rhus-t(2), sil(1), sulph(2), thuj(1)"
947,2,"STIFFNESS, Sacral region, morning",thuj(1)
947,2,"STIFFNESS, Sacral region, evening",bar-ac(1)
947,2,"STIFFNESS, Sacral region, move, beginning to",lach(2)
947,2,"STIFFNESS, Sacral region, sitting, after",ambr(1)
947,0,"STRAINING, easy","bor(1), calc(3), graph(3), lyc(3), nux-v(2), ph-ac(1), rhus-t(3), sang(1), sep(2)"
948,0,SWELLING of nape of neck,"apis(1), bar-c(2), der(1), puls(1), sep(1), sumb(1)"
948,1,"SWELLING of nape of neck, glands of nape","bar-c(3), bell(2), calc(2), carb-v(2), hell(2), iod(1), kali-p(1), mur-ac(1), nat-p(1), petr(2), phos(1), sil(2), staph(1), sulph(1)"
948,1,"SWELLING of nape of neck, Dorsal region","am-m(1), calc(3), carb-an(2), kali-c(2), lyc(1), sil(1), spig(1), spong(1)"
948,0,TENSION,"aeth(1), agar(2), am-m(1), arg-n(1), ars(2), bar-c(1), berb(1), bry(1), coloc(1), con(1), hep(1), ign(1), lil-t(2), lyc(2), med(1), mez(1), mosch(1), nat-c(1), nat-m(1), ol-an(1), olnd(1), puls(2), rat(1), sars(1), sep(1), sulph(2), tarax(1), teucr(1), thuj(1), zinc(1)"
948,1,"TENSION, right side",sep(1)
948,1,"TENSION, forenoon",bry(1)
948,1,"TENSION, night",nat-c(1)
948,2,"TENSION, night, on turning the body",hep(1)
948,1,"TENSION, dinner, before",nicc(1)
948,2,"TENSION, dinner, before, after",nat-c(1)
948,1,"TENSION, lying on other side agg.",sep(1)
948,1,"TENSION, motion, during",colch(1)
948,2,"TENSION, motion, during, amel.",am-m(1)
948,1,"TENSION, moving trunk, amel. walking in evening",nat-c(1)
948,2,"TENSION, moving trunk, amel. walking in evening, arm",sulph(1)
948,1,"TENSION, sitting, while","am-m(1), nat-c(1)"
948,2,"TENSION, sitting, while, bent",sulph(1)
948,1,"TENSION, standing, on",ign(1)
948,1,"TENSION, straighten up, on attempting to",bell(1)
948,1,"TENSION, extending to anus while lying and sitting",nat-c(1)
948,2,"TENSION, extending to anus while lying and sitting, to chest, agg. stooping",chel(1)
948,2,"TENSION, extending to anus while lying and sitting, to neck",laur(1)
948,1,"TENSION, Cervical region (See Spasmodic drawing)","agar(1), aloe(1), alum(3), am-m(1), ant-c(1), apis(2), aur(1), bar-c(2), bell(3), berb(1), bov(1), bry(2), calc(1), camph(1), carb-an(1), carb-s(2), carb-v(2), caust(2), chel(2), cic(3), cimic(3), cinnb(1), colch(1), cupr(1), dig(1), dulc(1), elaps(1), eupho(1), gels(2), glon(1), graph(1), hell(2), hyos(1), hyper(1), iod(1), ip(1), kali-c(1), kali-s(1), lac-c(2), lyc(2), mag-s(2), med(1), mez(1), mosch(1), nat-c(2), nat-m(2), nat-s(2), nicc(1), nit-ac(1), nux-m(2), ol-an(2), par(1), plat(2), plb(1), psor(1), puls(2), rat(2), rhod(2), rhus-t(2), sars(1), sep(1), sil(1), spong(2), staph(2), stram(2), stront(1), sulph(2), thuj(2), verat(1), verat-v(1), zinc(2)"
948,2,"TENSION, Cervical region (See Spasmodic drawing), left",rat(1)
948,2,"TENSION, Cervical region (See Spasmodic drawing), morning","mag-s(1), sulph(1)"
948,3,"TENSION, Cervical region (See Spasmodic drawing), morning, on rising",mag-s(1)
948,2,"TENSION, Cervical region (See Spasmodic drawing), evening","am-m(1), nat-m(1), rat(1)"
948,2,"TENSION, Cervical region (See Spasmodic drawing), midnight, before",sulph(2)
948,2,"TENSION, Cervical region (See Spasmodic drawing), cold, damp air",nux-m(2)
948,2,"TENSION, Cervical region (See Spasmodic drawing), menses, before","iod(1), nat-c(2), nux-v(1)"
948,2,"TENSION, Cervical region (See Spasmodic drawing), motion, on","bry(1), graph(1), kali-c(1), nat-c(1), nicc(1), rhus-t(2), sars(1)"
948,3,"TENSION, Cervical region (See Spasmodic drawing), motion, on, amel.","con(1), rhod(2), rhus-t(2)"
948,2,"TENSION, Cervical region (See Spasmodic drawing), sitting, while","nat-c(1), sulph(1)"
948,2,"TENSION, Cervical region (See Spasmodic drawing), sleep, during",alum(1)
948,2,"TENSION, Cervical region (See Spasmodic drawing), standing, when",rat(1)
948,2,"TENSION, Cervical region (See Spasmodic drawing), stooping","am-c(1), ant-c(1), aur(1), canth(2)"
948,2,"TENSION, Cervical region (See Spasmodic drawing), stretching out amel.",sulph(1)
948,2,"TENSION, Cervical region (See Spasmodic drawing), turning head","spong(1), verat(2)"
948,2,"TENSION, Cervical region (See Spasmodic drawing), waking, on","anac(1), psor(1)"
948,2,"TENSION, Cervical region (See Spasmodic drawing), walking while",nat-c(1)
948,3,"TENSION, Cervical region (See Spasmodic drawing), walking while, amel.","mag-s(1), rhod(2), rhus-t(2), sulph(1)"
948,3,"TENSION, Cervical region (See Spasmodic drawing), walking while, in open air",lyc(2)
948,2,"TENSION, Cervical region (See Spasmodic drawing), warm, becoming, amel.",mosch(1)
948,2,"TENSION, Cervical region (See Spasmodic drawing), writing, while",lyc(1)
948,1,"TENSION, Dorsal region","aur-m(1), crot-c(1), lyc(1), mag-s(1), rhus-t(2), zinc(2)"
948,2,"TENSION, Dorsal region, walking amel.",mag-s(1)
948,2,"TENSION, Dorsal region, scapulæ","alum(1), bar-c(2), carb-an(3), cic(1), colch(1), coloc(2), con(1), kali-c(1), lyc(1), mag-m(1), merc(1), merc-c(1), mez(2), mur-ac(1), nat-c(1), nux-v(2), op(1), rhus-t(2), sep(1), sil(1), sulph(1), zinc(1)"
948,3,"TENSION, Dorsal region, scapulæ, evening",sep(1)
948,3,"TENSION, Dorsal region, scapulæ, turning the head","caust(1), merc(1)"
948,3,"TENSION, Dorsal region, scapulæ, below","con(1), zinc(1)"
948,4,"TENSION, Dorsal region, scapulæ, below, raising arm",con(1)
948,3,"TENSION, Dorsal region, scapulæ, between","colch(2), ferr(1), hep(2), nat-c(2), nux-v(2), zinc(1)"
948,4,"TENSION, Dorsal region, scapulæ, between, excitement, after",phos(1)
948,4,"TENSION, Dorsal region, scapulæ, between, lying",sulph(1)
948,4,"TENSION, Dorsal region, scapulæ, between, moving",sulph(1)
949,1,"TENSION, Lumbar region","acon(1), agar(2), ambr(1), aur-m(1), bar-c(2), berb(3), bov(1), brom(1), bry(1), carb-s(1), carb-v(1), carl(2), caust(1), chin(2), clem(1), coc-c(1), colch(2), cycl(1), lyc(1), merl(1), nat-m(2), nit-ac(1), nux-v(2), phos(2), puls(2), rheum(1), sep(1), sil(1), sulph(2), thuj(1), verat(1), zinc(2)"
949,2,"TENSION, Lumbar region, morning, in bed",sulph(1)
949,3,"TENSION, Lumbar region, morning, in bed, 4 a.m., on waking",sulph(1)
949,2,"TENSION, Lumbar region, evening",bar-c(2)
949,3,"TENSION, Lumbar region, evening, standing",agar(1)
949,3,"TENSION, Lumbar region, evening, stepping",acon(1)
949,2,"TENSION, Lumbar region, air, open",lyc(1)
949,2,"TENSION, Lumbar region, ascending steps",carb-s(1)
949,2,"TENSION, Lumbar region, bending backward amel.",acon(1)
949,2,"TENSION, Lumbar region, motion, on",brom(1)
949,2,"TENSION, Lumbar region, rising up","bar-c(1), sulph(1)"
949,2,"TENSION, Lumbar region, sitting",zinc(1)
949,2,"TENSION, Lumbar region, standing","agar(1), lyc(1)"
949,3,"TENSION, Lumbar region, standing, erect",ign(1)
949,2,"TENSION, Lumbar region, stool, after","berb(1), plat(1)"
949,2,"TENSION, Lumbar region, stooping","sabin(1), sulph(3)"
949,2,"TENSION, Lumbar region, stretching agg.",agar(1)
949,2,"TENSION, Lumbar region, touch agg.",agar(1)
949,2,"TENSION, Lumbar region, walking","bry(1), lyc(1)"
949,1,"TENSION, Sacrum","bar-c(2), berb(1), caust(1), puls(1), sars(1), sulph(2), tarax(1), zinc(2)"
949,2,"TENSION, Sacrum, evening",bar-c(1)
949,2,"TENSION, Sacrum, ascending agg.",carb-s(1)
949,2,"TENSION, Sacrum, lying",berb(2)
949,2,"TENSION, Sacrum, sitting",berb(2)
949,0,TINGLING (See Formication),
949,0,TREMBLING,"apis(1), carb-v(1), cimic(1), cocc(2), eup-per(1), lil-t(1)"
949,1,"TREMBLING, morning",apis(1)
949,1,"TREMBLING, fever, during",eup-per(2)
949,1,"TREMBLING, paroxysmal",carb-v(1)
949,1,"TREMBLING, Scapulæ",sulph(2)
949,2,"TREMBLING, Scapulæ, forenoon",sulph(1)
949,1,"TREMBLING, Lumbar region","benz-ac(1), berb(1), cimic(1), merc(1), oci(1)"
949,0,TUBERCLES non-suppurative in the right scapula,am-m(1)
949,0,"TUMORS, pediculated bluish as large as a cherry","con(2), thuj(1)"
949,1,"TUMORS, pediculated bluish as large as a cherry, fatty, on neck","bar-c(3), calc(1), thuj(2)"
949,1,"TUMORS, pediculated bluish as large as a cherry, malignant on neck",calc-p(1)
949,1,"TUMORS, pediculated bluish as large as a cherry, sarcoma",bar-c(2)
949,0,TWITCHING,"agar(2), alum(1), calc(1), chel(1), jatr(1), kali-bi(1), merc(1), mez(1), morph(1), mygal(1), nat-m(1), petr(1), phys(1), spig(1), stry(1), sulph(1), zinc(2)"
949,1,"TWITCHING, right",calc(1)
949,1,"TWITCHING, breathing","alum(1), calc(1)"
949,1,"TWITCHING, lying on back, while",agar(1)
949,1,"TWITCHING, like electric shocks","ang(2), nux-v(2)"
949,1,"TWITCHING, opening the mouth, on",stry(1)
949,1,"TWITCHING, Cervical region","aeth(1), arn(1), bufo(1), caust(1), coloc(1), mag-m(1), nat-m(1), ph-ac(1), ran-b(1), sep(1), sulph(1)"
949,2,"TWITCHING, Cervical region, rest, during",ph-ac(1)
949,2,"TWITCHING, Cervical region, tearing, extending into vertex, while walking",rat(1)
949,1,"TWITCHING, Dorsal region","nit-ac(1), stry(2)"
949,2,"TWITCHING, Dorsal region, manual labor",nit-ac(1)
949,2,"TWITCHING, Dorsal region, scapulæ","calc(1), calc-p(1), lyc(1), merc(1), mez(1), nat-c(1), phos(1), rhus-t(1), sep(1), squil(1), thuj(1)"
949,1,"TWITCHING, Lumbar region","agar(2), alum(2), calc(1), coloc(2), con(1), crot-t(1), dulc(1), lach(1), petr(1), rat(1), sumb(1)"
949,2,"TWITCHING, Lumbar region, 1 p.m.",mag-c(1)
949,2,"TWITCHING, Lumbar region, evening",agar(1)
949,3,"TWITCHING, Lumbar region, evening, in bed",sulph(1)
949,2,"TWITCHING, Lumbar region, lifting, after",nat-c(1)
949,2,"TWITCHING, Lumbar region, lying, while",bry(1)
949,2,"TWITCHING, Lumbar region, motion, on",petr(1)
949,2,"TWITCHING, Lumbar region, sitting","bry(1), meny(1)"
949,2,"TWITCHING, Lumbar region, stooping",kali-c(1)
949,2,"TWITCHING, Lumbar region, walking",rhus-t(1)
949,1,"TWITCHING, Coccyx","alum(1), cic(2)"
949,2,"TWITCHING, Coccyx, menses, during",cic(2)
949,2,"TWITCHING, Coccyx, painful",alum(1)
950,0,ULCERS,"cist(2), merc-c(2)"
950,1,"ULCERS, Cervical region",sil(1)
950,1,"ULCERS, Dorsal region, scapulæ","kali-bi(1), merc(1)"
950,1,"ULCERS, Sacrum","arg-n(2), ars(2), crot-h(1), paeon(2), zinc(2)"
950,2,"ULCERS, Sacrum, burn like fire",ars(2)
950,1,"ULCERS, Coccyx",paeon(1)
950,0,"WARM, sense of warm air steaming up spine into head (See Heat)",ars(2)
950,0,WARTS,"nit-ac(1), sil(1), thuj(1)"
950,1,"WARTS, Cervical region","nit-ac(1), thuj(1)"
950,0,WAVE like sensation going up back,laur(1)
950,0,"WEAKNESS (tired feeling, in spine)","abrot(1), aesc(2), aeth(1), agar(2), alumn(1), anan(1), ant-t(1), apis(1), ars(3), bar-c(1), berb(1), brach(2), calc(3), calc-s(1), carb-ac(1), carb-s(1), carb-v(1), casc(2), cast(1), chin-a(1), cic(2), cimic(1), coloc(1), cupr-ar(1), cur(1), eup-per(2), gels(2), gins(1), graph(3), guai(1), helon(1), hep(1), hydr(1), iris(1), kali-cy(1), kali-p(1), lach(2), lob(1), lyss(2), med(1), murx(2), nat-a(1), nat-m(3), nat-p(1), nit-ac(1), nux-v(3), ol-j(1), ox-ac(1), pall(1), petr(1), ph-ac(3), phos(2), phys(1), pic-ac(2), plb(1), podo(1), psor(1), puls(2), raph(1), rhus-t(2), sarr(1), sel(3), sep(3), sil(3), sul-ac(1), sulph(3), tell(1), ther(1), verat-v(1), zinc(3)"
950,1,"WEAKNESS (tired feeling, in spine), morning","coloc(1), dios(1), ox-ac(1), pall(1), ther(1)"
950,2,"WEAKNESS (tired feeling, in spine), morning, on rising",nat-m(1)
950,1,"WEAKNESS (tired feeling, in spine), forenoon",calc-s(1)
950,1,"WEAKNESS (tired feeling, in spine), evening",nat-p(1)
950,1,"WEAKNESS (tired feeling, in spine), night",petr(1)
950,1,"WEAKNESS (tired feeling, in spine), deep breathing, on",carb-v(1)
950,1,"WEAKNESS (tired feeling, in spine), eating agg.",nat-m(2)
950,1,"WEAKNESS (tired feeling, in spine), emissions, from",sel(3)
950,1,"WEAKNESS (tired feeling, in spine), leucorrhœa",graph(1)
950,1,"WEAKNESS (tired feeling, in spine), lying down","cic(1), phos(1)"
950,2,"WEAKNESS (tired feeling, in spine), lying down, amel.","casc(2), nat-m(2)"
950,1,"WEAKNESS (tired feeling, in spine), manual labor","lach(2), nat-m(3), sil(2)"
950,1,"WEAKNESS (tired feeling, in spine), mental exertion, after",calc(2)
950,1,"WEAKNESS (tired feeling, in spine), motion of arms, on","clem(1), par(2), sil(2)"
950,1,"WEAKNESS (tired feeling, in spine), riding",calc-s(1)
950,1,"WEAKNESS (tired feeling, in spine), sexual excesses","agar(1), calc(2), nat-m(2), nux-v(3), ph-ac(3), phos(2), sel(3)"
950,1,"WEAKNESS (tired feeling, in spine), sitting, while","agar(1), calc(3), cic(1), graph(2), lyss(2), sulph(3), zinc(3)"
950,2,"WEAKNESS (tired feeling, in spine), sitting, while, after",sil(2)
950,1,"WEAKNESS (tired feeling, in spine), standing almost impossible",sul-ac(1)
950,1,"WEAKNESS (tired feeling, in spine), stool, after",sumb(1)
950,1,"WEAKNESS (tired feeling, in spine), typhoid fever, after",sel(3)
950,1,"WEAKNESS (tired feeling, in spine), walking, while","graph(2), sabad(1), sep(1), sulph(3)"
950,2,"WEAKNESS (tired feeling, in spine), walking, while, amel.",hydr(2)
950,2,"WEAKNESS (tired feeling, in spine), walking, while, after","bapt(1), petr(1)"
950,1,"WEAKNESS (tired feeling, in spine), writing",lyc(1)
950,1,"WEAKNESS (tired feeling, in spine), Cervical region","acon(1), aesc(2), agar(2), aloe(1), ars-m(1), cact(2), cimic(1), cocc(3), gels(2), glon(2), kali-c(2), lach(2), nit-ac(1), par(2), petr(1), phos(1), pic-ac(1), plat(2), sil(2), stann(2), staph(1), verat(2), viol-o(1), zinc(2)"
950,2,"WEAKNESS (tired feeling, in spine), Cervical region, manual labor","agar(2), kali-c(2), lach(2), nit-ac(1), sil(2), verat(1)"
950,2,"WEAKNESS (tired feeling, in spine), Cervical region, writing, while",zinc(3)
950,1,"WEAKNESS (tired feeling, in spine), Dorsal region, scapulæ, amel. stooping",alumn(1)
950,2,"WEAKNESS (tired feeling, in spine), Dorsal region, scapulæ, amel. stooping, between","agar(2), sarr(1)"
950,2,"WEAKNESS (tired feeling, in spine), Dorsal region, scapulæ, amel. stooping, leaning on something, amel.",sarr(1)
950,1,"WEAKNESS (tired feeling, in spine), Lumbar region","aesc(2), agar(2), all-s(1), alum(2), alumn(1), am-c(1), ambr(1), arg-n(2), arn(1), ars(3), aur(1), aur-m(1), bar-c(1), bell(2), benz-ac(1), calc(3), calc-s(3), camph(1), carb-ac(1), carb-s(1), carl(1), chel(1), cimic(1), cimx(1), cina(2), clem(1), cocc(3), coloc(2), con(1), dios(1), eup-per(2), graph(2), helon(2), hep(2), hura(1), hydr(1), kali-bi(2), kali-c(2), kali-cy(1), kali-i(1), kali-s(1), lach(2), laur(1), lec(2), led(2), lil-t(1), lycps(2), lyss(1), manc(1), meph(1), merc(2), merc-i-f(1), morph(1), mur-ac(2), murx(2), naja(1), nat-c(1), nat-m(3), nat-p(1), nux-m(2), nux-v(1), nym(2), ox-ac(2), pall(2), petr(1), phos(2), phyt(1), pic-ac(3), plan(1), psor(2), ptel(1), puls(3), raph(1), rhus-t(3), rhus-v(2), rumx(1), ruta(2), sabin(1), sanic(1), sec(2), sel(3), senec(1), sep(3), sil(2), sul-ac(1), sul-i(1), sulph(3), thuj(1), zinc(2)"
950,2,"WEAKNESS (tired feeling, in spine), Lumbar region, morning",hura(1)
950,2,"WEAKNESS (tired feeling, in spine), Lumbar region, evening","alum(1), alumn(1), coloc(2), hura(1)"
950,2,"WEAKNESS (tired feeling, in spine), Lumbar region, eating agg.",nat-m(1)
950,2,"WEAKNESS (tired feeling, in spine), Lumbar region, emissions, after","ham(1), nat-p(2), phos(1)"
950,2,"WEAKNESS (tired feeling, in spine), Lumbar region, exertion, after","phys(1), plan(1)"
950,2,"WEAKNESS (tired feeling, in spine), Lumbar region, fever, during",hura(1)
951,2,"WEAKNESS (tired feeling, in spine), Lumbar region, leucorrhœa, during","con(2), graph(3)"
951,2,"WEAKNESS (tired feeling, in spine), Lumbar region, lying on back, while","calc-s(1), nat-p(1)"
951,3,"WEAKNESS (tired feeling, in spine), Lumbar region, lying on back, while, amel.",nat-m(1)
951,2,"WEAKNESS (tired feeling, in spine), Lumbar region, motion, on","pic-ac(1), sulph(2)"
951,2,"WEAKNESS (tired feeling, in spine), Lumbar region, riding","berb(1), cere-b(1)"
951,2,"WEAKNESS (tired feeling, in spine), Lumbar region, sitting","alum(1), canth(1), ferr-p(2), helon(1), hep(1), ir-foe(1), phos(2), thuj(1), zinc(1)"
951,2,"WEAKNESS (tired feeling, in spine), Lumbar region, standing","chel(2), cic(2), sulph(3)"
951,2,"WEAKNESS (tired feeling, in spine), Lumbar region, urinating, when",puls(1)
951,2,"WEAKNESS (tired feeling, in spine), Lumbar region, walking","brach(1), camph(1), cocc(3), petr(1), zinc(2)"
951,3,"WEAKNESS (tired feeling, in spine), Lumbar region, walking, on beginning to walk",zinc(2)
951,3,"WEAKNESS (tired feeling, in spine), Lumbar region, walking, child does not learn to walk",all-s(1)
951,1,"WEAKNESS (tired feeling, in spine), Sacrum","ars(1), coloc(1), helod(1), kalm(1), lith(1), merc(1), nat-a(1), nat-m(1), nux-m(1), petr(1), phos(2), pic-ac(1), sep(2), sil(1), sulph(1), zinc(2)"
951,2,"WEAKNESS (tired feeling, in spine), Sacrum, night",lith(2)
951,2,"WEAKNESS (tired feeling, in spine), Sacrum, sacro-iliac synchondroses","arg-n(1), sep(2)"
951,0,"WIND, as if blowing between shoulders","caust(1), hep(2), sulph(1)"
951,1,"WIND, as if blowing between shoulders, Lumbar region",sumb(2)
