abducted, lies with limbs, convulsion, during	=اعضا — کھینچے ہوئے، اعضاء کے ساتھ لیٹتا ہے، تشنج کے دوران
abscess, knee, gonarthrocace	=اعضا — پھوڑا، گھٹنے کی ہڈی کا گلنا
arthritic nodosities, elbow, above	=اعضا — گٹھیا کا، گٹھلیاں، کہنی کے اوپر
arthritic nodosities, elbow, on olecranon	=اعضا — گٹھیا کا، گٹھلیاں، کہنی کی نوک (اولیکرینن) پر
awkwardness, hands, menses, during	=اعضا — بے ڈھنگا پن، ہاتھ، حیض کے دوران
awkwardness, fingers, as if were thumbs	=اعضا — بے ڈھنگا پن، انگلیاں، جیسے تھے، انگوٹھے
blood, rush of, hands, stomach, from	=اعضا — خون، دوڑ کا، ہاتھ، معدہ سے
blowing, as of wind issuing from toes	=اعضا — پھونک جیسا، جیسے ہوا، نکلتا ہوا سے، پاؤں کی انگلیاں
bound, left arm feels as if bound to the side	=اعضا — بندھا ہوا، بائیں، بازو، محسوس ہوتا ہے، جیسے بندھا ہوا تک، طرف
bubbling sensation, knee, popliteus	=اعضا — بلبلے اٹھنے کا احساس، گھٹنے کے پیچھے کا پٹھا
bubbling sensation, knee, patella, in	=اعضا — بلبلے اٹھنے کا احساس، گھٹنے کی کاسہ (پیٹیلا) میں
callosities, horny, soles, on	=اعضا — سخت گٹھے، سینگ جیسا، تلے پر
callosities, horny, soles, on, tenderness	=اعضا — سخت گٹھے، سینگ جیسا، تلے پر، نرمی (چھونے پر درد)
callosities, horny, toes, on	=اعضا — سخت گٹھے، سینگ جیسا، انگوٹھوں پر
chilliness, upper limbs, stool, after	=اعضا — سردی محسوس ہونا، اوپری اعضاء، پاخانہ کے بعد
chilliness, feet, motion, after	=اعضا — سردی محسوس ہونا، پاؤں، حرکت کے بعد
chorea, fear, from	=اعضا — رقص (کوریا)، خوف سے
clenching, fingers, noon	=اعضا — بھینچنا، انگلیاں پر
clenching, thumbs, rheumatism, in	=اعضا — بھینچنا، انگوٹھے، جوڑوں کا درد (ریمیٹزم) میں
clenching, thumbs, sleep, during	=اعضا — بھینچنا، انگوٹھے، نیند کے دوران
closed fingers, sleep, during	=اعضا — بند، انگلیاں، نیند کے دوران
coldness, evening, stool, during	=اعضا — ٹھنڈک، شام، پاخانہ کے دوران
coldness, night, bed, in	=اعضا — ٹھنڈک، رات، بستر میں
coldness, abdomen, pain in, with	=اعضا — ٹھنڈک، پیٹ، درد کے ساتھ
coldness, air, open, exercising, in	=اعضا — ٹھنڈک، کھلی ہوا میں، ورزش کرنے میں
coldness, company, in	=اعضا — ٹھنڈک، لوگ میں
coldness, convulsion, with	=اعضا — ٹھنڈک، تشنج کے ساتھ
coldness, diarrhoea, with	=اعضا — ٹھنڈک، دست کے ساتھ
coldness, fever, during	=اعضا — ٹھنڈک، بخار کے دوران
coldness, heat of, face, with	=اعضا — ٹھنڈک، گرمی، چہرہ کے ساتھ
coldness, menses, during	=اعضا — ٹھنڈک، حیض کے دوران
coldness, joints, morning, bed, in	=اعضا — ٹھنڈک، جوڑوں میں، صبح، بستر میں
coldness, upper limbs, afternoon, 2 p.m.	=اعضا — ٹھنڈک، اوپری اعضاء، سہ پہر 2 بجے
coldness, upper limbs, afternoon, 5 p.m.	=اعضا — ٹھنڈک، اوپری اعضاء، سہ پہر 5 بجے
coldness, upper limbs, evening, lying down, after	=اعضا — ٹھنڈک، اوپری اعضاء، شام، لیٹنا کے بعد
coldness, upper limbs, air, as if blew upon left arm	=اعضا — ٹھنڈک، اوپری اعضاء، ہوا، جیسے پھونکا پر، بائیں، بازو
coldness, upper limbs, air, as if passing down to fingers	=اعضا — ٹھنڈک، اوپری اعضاء، ہوا، جیسے گزرنا، نیچے، انگلیوں تک
coldness, upper limbs, chill, during	=اعضا — ٹھنڈک، اوپری اعضاء، سردی لگنا کے دوران
coldness, upper limbs, cough, during	=اعضا — ٹھنڈک، اوپری اعضاء، کھانسی کے دوران
coldness, upper limbs, eating, after	=اعضا — ٹھنڈک، اوپری اعضاء، کھانا کے بعد
coldness, upper limbs, fever, after	=اعضا — ٹھنڈک، اوپری اعضاء، بخار کے بعد
coldness, upper limbs, menses, before	=اعضا — ٹھنڈک، اوپری اعضاء، حیض سے پہلے
coldness, upper limbs, menses, during	=اعضا — ٹھنڈک، اوپری اعضاء، حیض کے دوران
coldness, upper limbs, pain, during	=اعضا — ٹھنڈک، اوپری اعضاء، درد کے دوران
coldness, upper limbs, rest, during	=اعضا — ٹھنڈک، اوپری اعضاء، آرام کے دوران
coldness, upper limbs, rheumatism, in	=اعضا — ٹھنڈک، اوپری اعضاء، جوڑوں کا درد (ریمیٹزم) میں
coldness, upper limbs, water, as if dashed with cold	=اعضا — ٹھنڈک، اوپری اعضاء، پانی، جیسے پھینکا ہوا کے ساتھ، ٹھنڈا
coldness, upper limbs, wind, as from cold	=اعضا — ٹھنڈک، اوپری اعضاء، ہوا، جیسے ٹھنڈا
coldness, shoulder, evening, 10 p.m.	=اعضا — ٹھنڈک، کندھا، شام 10 بجے
coldness, shoulder, evening, 9 p.m.	=اعضا — ٹھنڈک، کندھا، شام 9 بجے
coldness, shoulder, evening, supper, after	=اعضا — ٹھنڈک، کندھا، شام، رات کا کھانا کے بعد
coldness, shoulder, eating, after	=اعضا — ٹھنڈک، کندھا، کھانا کے بعد
coldness, shoulder, epilepsy, in	=اعضا — ٹھنڈک، کندھا، مرگی میں
coldness, upper arm, burning, with	=اعضا — ٹھنڈک، اوپری بازو، جلتا ہوا کے ساتھ
coldness, upper arm, dinner, after	=اعضا — ٹھنڈک، اوپری بازو، دوپہر کا کھانا کے بعد
coldness, upper arm, eating, after	=اعضا — ٹھنڈک، اوپری بازو، کھانا کے بعد
coldness, upper arm, supper, after	=اعضا — ٹھنڈک، اوپری بازو، رات کا کھانا کے بعد
coldness, upper arm, wind, as if, blew on them	=اعضا — ٹھنڈک، اوپری بازو، ہوا، جیسے پھونکا پر، اُن
coldness, elbow, olecranon	=اعضا — ٹھنڈک، کہنی کی نوک (اولیکرینن)
coldness, forearm, menses, during	=اعضا — ٹھنڈک، کلائی سے کہنی تک بازو، حیض کے دوران
coldness, hands, morning, 7-30 a.m.	=اعضا — ٹھنڈک، ہاتھ، صبح 7:30 بجے
coldness, hands, morning, 8 a.m.	=اعضا — ٹھنڈک، ہاتھ، صبح 8 بجے
coldness, hands, morning, 8-30 a.m.	=اعضا — ٹھنڈک، ہاتھ، صبح 8:30 بجے
coldness, hands, afternoon, 1 p.m.	=اعضا — ٹھنڈک، ہاتھ، سہ پہر 1 بجے
coldness, hands, afternoon, 2 p.m. to 3 p.m.	=اعضا — ٹھنڈک، ہاتھ، سہ پہر 2 سے 3 بجے تک
coldness, hands, afternoon, 4 p.m.	=اعضا — ٹھنڈک، ہاتھ، سہ پہر 4 بجے
coldness, hands, afternoon, 4-30 p.m.	=اعضا — ٹھنڈک، ہاتھ، سہ پہر 4:30 بجے
coldness, hands, afternoon, 5 p.m.	=اعضا — ٹھنڈک، ہاتھ، سہ پہر 5 بجے
coldness, hands, evening, bed, in	=اعضا — ٹھنڈک، ہاتھ، شام، بستر میں
coldness, hands, evening, heat, after	=اعضا — ٹھنڈک، ہاتھ، شام، گرمی کے بعد
coldness, hands, evening, heat, during	=اعضا — ٹھنڈک، ہاتھ، شام، گرمی کے دوران
coldness, hands, evening, 7 p.m.	=اعضا — ٹھنڈک، ہاتھ، شام 7 بجے
coldness, hands, evening, 8 p.m.	=اعضا — ٹھنڈک، ہاتھ، شام 8 بجے
coldness, hands, breakfast, after	=اعضا — ٹھنڈک، ہاتھ، ناشتہ کے بعد
coldness, hands, chill, during	=اعضا — ٹھنڈک، ہاتھ، سردی لگنا کے دوران
coldness, hands, cough, during	=اعضا — ٹھنڈک، ہاتھ، کھانسی کے دوران
coldness, hands, dinner, after	=اعضا — ٹھنڈک، ہاتھ، دوپہر کا کھانا کے بعد
coldness, hands, eating, after	=اعضا — ٹھنڈک، ہاتھ، کھانا کے بعد
coldness, hands, emission, after	=اعضا — ٹھنڈک، ہاتھ، منی کا اخراج کے بعد
coldness, hands, excitement, from	=اعضا — ٹھنڈک، ہاتھ، ہیجان سے
coldness, hands, fever, during	=اعضا — ٹھنڈک، ہاتھ، بخار کے دوران
coldness, hands, heat, of one side of body, with	=اعضا — ٹھنڈک، ہاتھ، گرمی، جسم کے ایک طرف کا کے ساتھ
coldness, hands, hot head, with	=اعضا — ٹھنڈک، ہاتھ، گرم، سر کے ساتھ
coldness, hands, hot head, forehead, with	=اعضا — ٹھنڈک، ہاتھ، گرم، سر، ماتھا کے ساتھ
coldness, hands, hottest weather, in	=اعضا — ٹھنڈک، ہاتھ، سب سے گرم موسم میں
coldness, hands, menses, during	=اعضا — ٹھنڈک، ہاتھ، حیض کے دوران
coldness, hands, menses, during, with pain	=اعضا — ٹھنڈک، ہاتھ، حیض کے دوران، درد کے ساتھ
coldness, hands, motion, after	=اعضا — ٹھنڈک، ہاتھ، حرکت کے بعد
coldness, hands, nausea, during	=اعضا — ٹھنڈک، ہاتھ، متلی کے دوران
coldness, hands, perspiration, during	=اعضا — ٹھنڈک، ہاتھ، پسینہ کے دوران
coldness, hands, rising, after	=اعضا — ٹھنڈک، ہاتھ، اٹھنا کے بعد
coldness, hands, sacrum, pain in, during	=اعضا — ٹھنڈک، ہاتھ، تعلق کی ہڈی، درد کے دوران
coldness, hands, sleep, during	=اعضا — ٹھنڈک، ہاتھ، نیند کے دوران
coldness, hands, urination, during	=اعضا — ٹھنڈک، ہاتھ، پیشاب کے دوران
coldness, hands, vertigo, with	=اعضا — ٹھنڈک، ہاتھ، چکر کے ساتھ
coldness, hands, vexation, after	=اعضا — ٹھنڈک، ہاتھ، جھنجھلاہٹ کے بعد
coldness, hands, waking, on	=اعضا — ٹھنڈک، ہاتھ، جاگنے پر
coldness, hands, wine, after	=اعضا — ٹھنڈک، ہاتھ، شراب کے بعد
coldness, hands, writing, after	=اعضا — ٹھنڈک، ہاتھ، لکھنا کے بعد
coldness, hands, back of hands	=اعضا — ٹھنڈک، ہاتھوں کا پچھلا حصہ
coldness, hands, back of hands, afternoon	=اعضا — ٹھنڈک، ہاتھوں کا پچھلا حصہ، سہ پہر
coldness, hands, back of hands, heat of palms, with	=اعضا — ٹھنڈک، ہاتھوں کا پچھلا حصہ، گرمی، ہتھیلیاں، گرمی، ہتھیلیاں کے ساتھ
coldness, fingers, afternoon, 2 p.m.	=اعضا — ٹھنڈک، انگلیاں، سہ پہر 2 بجے
coldness, fingers, tips, chill, during	=اعضا — ٹھنڈک، انگلیاں، سرے، سردی لگنا کے دوران
coldness, fingers, tips, heat, during	=اعضا — ٹھنڈک، انگلیاں، سرے، گرمی کے دوران
coldness, fingers, tips, writing, after	=اعضا — ٹھنڈک، انگلیاں، سرے، لکھنا کے بعد
coldness, lower limbs, menses, during	=اعضا — ٹھنڈک، نچلے اعضاء، حیض کے دوران
coldness, lower limbs, nausea, during	=اعضا — ٹھنڈک، نچلے اعضاء، متلی کے دوران
coldness, nates, menses, during	=اعضا — ٹھنڈک، سُرین، حیض کے دوران
coldness, nates, gluteal region	=اعضا — ٹھنڈک، سُرین کا علاقہ
coldness, thigh, evening, 6 p.m.	=اعضا — ٹھنڈک، ران، شام 6 بجے
coldness, thigh, chill, during	=اعضا — ٹھنڈک، ران، سردی لگنا کے دوران
coldness, thigh, colic, during	=اعضا — ٹھنڈک، ران، قولنج کے دوران
coldness, thigh, convulsion, with	=اعضا — ٹھنڈک، ران، تشنج کے ساتھ
coldness, thigh, icy cold, as if ice water poured down sciatic	=اعضا — ٹھنڈک، ران، برف جیسا ٹھنڈا، جیسے برف، پانی، ڈالا، نیچے، عرق النسا کا
coldness, knee, evening, waking, on	=اعضا — ٹھنڈک، گھٹنا، شام، جاگنے پر
coldness, knee, night, bed, in	=اعضا — ٹھنڈک، گھٹنا، رات، بستر میں
coldness, knee, night, waking, on	=اعضا — ٹھنڈک، گھٹنا، رات، جاگنے پر
coldness, knee, chill, during	=اعضا — ٹھنڈک، گھٹنا، سردی لگنا کے دوران
coldness, knee, hottest weather, in	=اعضا — ٹھنڈک، گھٹنا، سب سے گرم موسم میں
coldness, knee, menses, during	=اعضا — ٹھنڈک، گھٹنا، حیض کے دوران
coldness, knee, walking in open air, after	=اعضا — ٹھنڈک، گھٹنا، کھلی ہوا میں چلنا کے بعد
coldness, knee, water, cold, as if, poured over	=اعضا — ٹھنڈک، گھٹنا، پانی، ٹھنڈا، جیسے ڈالا، اوپر
coldness, knee, patella	=اعضا — ٹھنڈک، گھٹنے کی کاسہ (پیٹیلا)
coldness, leg, right, chill, during	=اعضا — ٹھنڈک، ٹانگ، دائیں، سردی لگنا کے دوران
coldness, leg, left, chill, during	=اعضا — ٹھنڈک، ٹانگ، بائیں، سردی لگنا کے دوران
coldness, leg, morning, 7 a.m.	=اعضا — ٹھنڈک، ٹانگ، صبح 7 بجے
coldness, leg, afternoon, 4 p.m.	=اعضا — ٹھنڈک، ٹانگ، سہ پہر 4 بجے
coldness, leg, night, as from snow water	=اعضا — ٹھنڈک، ٹانگ، رات، جیسے برف، پانی
coldness, leg, night, waking, on	=اعضا — ٹھنڈک، ٹانگ، رات، جاگنے پر
coldness, leg, coition, after	=اعضا — ٹھنڈک، ٹانگ، جماع کے بعد
coldness, leg, dinner, after	=اعضا — ٹھنڈک، ٹانگ، دوپہر کا کھانا کے بعد
coldness, leg, fever, during	=اعضا — ٹھنڈک، ٹانگ، بخار کے دوران
coldness, leg, heat of, face, with	=اعضا — ٹھنڈک، ٹانگ، گرمی، چہرہ کے ساتھ
coldness, leg, menses, before	=اعضا — ٹھنڈک، ٹانگ، حیض سے پہلے
coldness, leg, menses, during	=اعضا — ٹھنڈک، ٹانگ، حیض کے دوران
coldness, leg, snow, as from being in	=اعضا — ٹھنڈک، ٹانگ، برف، جیسے ہوتے ہوئے میں
coldness, ankles, malleolus, inner, in spots	=اعضا — ٹھنڈک، ٹخنے کی ہڈی کا ابھار، اندرونی، دھبوں میں
coldness, foot, morning, breakfast, after	=اعضا — ٹھنڈک، پاؤں، صبح، ناشتہ کے بعد
coldness, foot, morning, breakfast, after, during headache	=اعضا — ٹھنڈک، پاؤں، صبح، ناشتہ کے بعد، سر درد کے دوران
coldness, foot, morning, 5 a.m.	=اعضا — ٹھنڈک، پاؤں، صبح 5 بجے
coldness, foot, morning, 7-30 a.m.	=اعضا — ٹھنڈک، پاؤں، صبح 7:30 بجے
coldness, foot, afternoon, 1 p.m.	=اعضا — ٹھنڈک، پاؤں، سہ پہر 1 بجے
coldness, foot, afternoon, 2 p.m.	=اعضا — ٹھنڈک، پاؤں، سہ پہر 2 بجے
coldness, foot, afternoon, 3 p.m.	=اعضا — ٹھنڈک، پاؤں، سہ پہر 3 بجے
coldness, foot, afternoon, 4 p.m.	=اعضا — ٹھنڈک، پاؤں، سہ پہر 4 بجے
coldness, foot, afternoon, 4 p.m., in open air amel.	=اعضا — ٹھنڈک، پاؤں، سہ پہر 4 بجے، کھلی ہوا میں، آرام
coldness, foot, evening, bed, in agg.	=اعضا — ٹھنڈک، پاؤں، شام، بستر میں بگاڑ
coldness, foot, evening, 6 p.m.	=اعضا — ٹھنڈک، پاؤں، شام 6 بجے
coldness, foot, evening, 8 p.m.	=اعضا — ٹھنڈک، پاؤں، شام 8 بجے
coldness, foot, evening, 9 p.m.	=اعضا — ٹھنڈک، پاؤں، شام 9 بجے
coldness, foot, evening, 11 p.m.	=اعضا — ٹھنڈک، پاؤں، شام 11 بجے
coldness, foot, night, bed, in	=اعضا — ٹھنڈک، پاؤں، رات، بستر میں
coldness, foot, night, waking, on	=اعضا — ٹھنڈک، پاؤں، رات، جاگنے پر
coldness, foot, alternating, with, pain in limbs	=اعضا — ٹھنڈک، پاؤں، باری باری کے ساتھ، اعضاء کے درد کے ساتھ
coldness, foot, anxiety, during	=اعضا — ٹھنڈک، پاؤں، بے چینی کے دوران
coldness, foot, bed, in	=اعضا — ٹھنڈک، پاؤں، بستر میں
coldness, foot, diarrhoea, with	=اعضا — ٹھنڈک، پاؤں، دست کے ساتھ
coldness, foot, dinner, during	=اعضا — ٹھنڈک، پاؤں، دوپہر کا کھانا کے دوران
coldness, foot, dinner, after	=اعضا — ٹھنڈک، پاؤں، دوپہر کا کھانا کے بعد
coldness, foot, eating, after	=اعضا — ٹھنڈک، پاؤں، کھانا کے بعد
coldness, foot, emission, after	=اعضا — ٹھنڈک، پاؤں، منی کا اخراج کے بعد
coldness, foot, excitement, during	=اعضا — ٹھنڈک، پاؤں، ہیجان کے دوران
coldness, foot, fever, during	=اعضا — ٹھنڈک، پاؤں، بخار کے دوران
coldness, foot, headache, during	=اعضا — ٹھنڈک، پاؤں، سر درد کے دوران
coldness, foot, headache, during, after menses	=اعضا — ٹھنڈک، پاؤں، سر درد کے دوران، حیض کے بعد
coldness, foot, hottest weather, in	=اعضا — ٹھنڈک، پاؤں، سب سے گرم موسم میں
coldness, foot, house, in, amel.	=اعضا — ٹھنڈک، پاؤں، گھر میں، آرام
coldness, foot, icy cold, chill, during	=اعضا — ٹھنڈک، پاؤں، برف جیسا ٹھنڈا، سردی لگنا کے دوران
coldness, foot, menses, before	=اعضا — ٹھنڈک، پاؤں، حیض سے پہلے
coldness, foot, menses, during	=اعضا — ٹھنڈک، پاؤں، حیض کے دوران
coldness, foot, menses, after	=اعضا — ٹھنڈک، پاؤں، حیض کے بعد
coldness, foot, motion, after	=اعضا — ٹھنڈک، پاؤں، حرکت کے بعد
coldness, foot, pregnancy, during	=اعضا — ٹھنڈک، پاؤں، حمل کے دوران
coldness, foot, sleep, during	=اعضا — ٹھنڈک، پاؤں، نیند کے دوران
coldness, foot, sleep, during, with heat of body	=اعضا — ٹھنڈک، پاؤں، نیند کے دوران، جسم کی گرمی کے ساتھ
coldness, foot, stool, after	=اعضا — ٹھنڈک، پاؤں، پاخانہ کے بعد
coldness, foot, supper, during	=اعضا — ٹھنڈک، پاؤں، رات کا کھانا کے دوران
coldness, foot, supper, after	=اعضا — ٹھنڈک، پاؤں، رات کا کھانا کے بعد
coldness, foot, urination, during	=اعضا — ٹھنڈک، پاؤں، پیشاب کے دوران
coldness, foot, vomiting, after	=اعضا — ٹھنڈک، پاؤں، قے کے بعد
coldness, foot, waking, on	=اعضا — ٹھنڈک، پاؤں، جاگنے پر
coldness, foot, walking, after	=اعضا — ٹھنڈک، پاؤں، چلنا کے بعد
coldness, foot, water, as though in	=اعضا — ٹھنڈک، پاؤں، پانی، جیسے اگرچہ میں
coldness, foot, wine, after	=اعضا — ٹھنڈک، پاؤں، شراب کے بعد
coldness, foot, soles, menses, during	=اعضا — ٹھنڈک، پاؤں، تلے، حیض کے دوران
coldness, foot, hot, hands, with	=اعضا — ٹھنڈک، پاؤں، گرم، ہاتھ کے ساتھ
coldness, foot, hot, head, with	=اعضا — ٹھنڈک، پاؤں، گرم، سر کے ساتھ
coldness, foot, chill, during	=اعضا — ٹھنڈک، پاؤں، سردی لگنا کے دوران
coldness, toes, sitting, after	=اعضا — ٹھنڈک، انگوٹھوں، بیٹھنا کے بعد
constriction, elbow, bend of, bending, on	=اعضا — جکڑن، کہنی، موڑ، جھکنے پر
constriction, thigh, as by a band	=اعضا — جکڑن، ران، جیسے پٹی
constriction, thigh, as by a string	=اعضا — جکڑن، ران، جیسے رسی
constriction, thigh, as from a tightly drawn bandage	=اعضا — جکڑن، ران، جیسے کس کر، کھنچا ہوا، پٹی
constriction, ankles, as if tied with a string	=اعضا — جکڑن، ٹخنے، جیسے بندھا ہوا کے ساتھ، رسی
contraction, fingers, chill, before	=اعضا — سکڑاؤ، انگلیاں، سردی لگنے سے پہلے
contraction, lower limbs, menses, during	=اعضا — سکڑاؤ، نچلے اعضاء، حیض کے دوران
contraction, lower limbs, rousing, on	=اعضا — سکڑاؤ، نچلے اعضاء، جگانے پر
contraction, thigh, as if drawn together	=اعضا — سکڑاؤ، ران، جیسے کھنچا ہوا، اکٹھے
contraction, thigh, menses, before	=اعضا — سکڑاؤ، ران، حیض سے پہلے
contraction, thigh, hamstrings	=اعضا — سکڑاؤ، ران کے پچھلے کنڈرے
contraction, thigh, hamstrings, abscess, after	=اعضا — سکڑاؤ، ران کے پچھلے کنڈرے، پھوڑا کے بعد
contraction, thigh, hamstrings, chill, during	=اعضا — سکڑاؤ، ران کے پچھلے کنڈرے، سردی لگنا کے دوران
contraction, thigh, hamstrings, menses, after	=اعضا — سکڑاؤ، ران کے پچھلے کنڈرے، حیض کے بعد
contraction, thigh, hamstrings, walking, while	=اعضا — سکڑاؤ، ران کے پچھلے کنڈرے، چلتے ہوئے
contraction, knee, hollow of, chill, during	=اعضا — سکڑاؤ، گھٹنا گڑھا، سردی لگنا کے دوران
contraction, leg, sciatica, in	=اعضا — سکڑاؤ، ٹانگ، عرق النساء (سیاٹیکا) میں
contraction, upper limbs, paralysis, during	=اعضا — سکڑاؤ، اوپری اعضاء، فالج کے دوران
contraction, chill, during	=اعضا — سکڑاؤ، سردی لگنا کے دوران
convulsion, chill, during	=اعضا — تشنج، سردی لگنا کے دوران
convulsion, coition, during	=اعضا — تشنج، جماع کے دوران
convulsion, cough, during	=اعضا — تشنج، کھانسی کے دوران
convulsion, hiccough, after	=اعضا — تشنج، ہچکی کے بعد
convulsion, tetanic	=اعضا — تشنجی دوروں میں
convulsion, vertigo, after, on rising from a chair	=اعضا — تشنج، چکر کے بعد، اٹھنے پر، کسی چیز سے، کرسی
convulsion, upper limbs, miscarriage, after	=اعضا — تشنج، اوپری اعضاء، اسقاط کے بعد
convulsion, upper limbs, prosopalgia, in	=اعضا — تشنج، اوپری اعضاء، چہرے کا درد (پروسوپالجیا) میں
convulsion, hand, menses, during	=اعضا — تشنج، ہاتھ، حیض کے دوران
convulsion, menses, before	=اعضا — تشنج، حیض سے پہلے
convulsion, menses, during	=اعضا — تشنج، حیض کے دوران
convulsion, foot, menses, during	=اعضا — تشنج، پاؤں، حیض کے دوران
cracking, joints, in, convulsions, during	=اعضا — چٹخنا، جوڑوں میں، تشنج کے دوران
cracking, knee, cartilage, as if slipped	=اعضا — چٹخنا، گھٹنا، کری (کارٹلیج)، جیسے پھسل گیا
cracking, knee, patella	=اعضا — چٹخنا، گھٹنے کی کاسہ (پیٹیلا)
cracking, ankle, stretching, on	=اعضا — چٹخنا، ٹخنے تک، تاننے پر
cracks skin, fingers, between	=اعضا — دراڑیں، جلد، انگلیاں کے درمیان
cracks skin, fingers, nails, on	=اعضا — دراڑیں، جلد، انگلیاں، ناخن پر
cracks skin, hands, cold, from	=اعضا — دراڑیں، جلد، ہاتھ، ٹھنڈا سے
cracks skin, hands, wetting, from	=اعضا — دراڑیں، جلد، ہاتھ، گیلا کرنے سے
cracks skin, toes, between	=اعضا — دراڑیں، جلد، انگوٹھوں کے درمیان
cracks skin, toes, between, deep	=اعضا — دراڑیں، جلد، انگوٹھوں کے درمیان، گہرا
cracks skin, toes, between, violent itching	=اعضا — دراڑیں، جلد، انگوٹھوں کے درمیان، تیز، خارش
cracks skin, toes, under	=اعضا — دراڑیں، جلد، انگوٹھوں کے نیچے
cramps, chill, during	=اعضا — اینٹھن، سردی لگنا کے دوران
cramps, exertion, after	=اعضا — اینٹھن، محنت کے بعد
cramps, motion, on	=اعضا — اینٹھن، حرکت پر
cramps, stool, during	=اعضا — اینٹھن، پاخانہ کے دوران
cramps, upper limbs, midnight, after	=اعضا — اینٹھن، اوپری اعضاء، آدھی رات کے بعد
cramps, upper limbs, evening, 9 p.m.	=اعضا — اینٹھن، اوپری اعضاء، شام 9 بجے
cramps, upper arm, exertion, on	=اعضا — اینٹھن، اوپری بازو، محنت پر
cramps, upper arm, raising arm, on	=اعضا — اینٹھن، اوپری بازو، بازو اٹھانے پر
cramps, wrist, motion, on	=اعضا — اینٹھن، کلائی تک، حرکت پر
cramps, hand, afternoon, 3 p.m.	=اعضا — اینٹھن، ہاتھ، سہ پہر 3 بجے
cramps, hand, evening, 9 p.m.	=اعضا — اینٹھن، ہاتھ، شام 9 بجے
cramps, hand, night, bed, in	=اعضا — اینٹھن، ہاتھ، رات، بستر میں
cramps, hand, closing hand, on	=اعضا — اینٹھن، ہاتھ بند کرنے پر
cramps, hand, flexing, after	=اعضا — اینٹھن، ہاتھ، موڑنا کے بعد
cramps, hand, resting, after	=اعضا — اینٹھن، ہاتھ، آرام کرنا کے بعد
cramps, fingers, cholera, with	=اعضا — اینٹھن، انگلیاں، ہیضہ کے ساتھ
cramps, fingers, moving, on	=اعضا — اینٹھن، انگلیاں، ہلنے پر
cramps, fingers, parturition, during	=اعضا — اینٹھن، انگلیاں، زچگی کے دوران
cramps, thumb, twitching, with	=اعضا — اینٹھن، انگوٹھا، پھڑکن کے ساتھ
cramps, lower limbs, colic, with	=اعضا — اینٹھن، نچلے اعضاء، قولنج کے ساتھ
cramps, lower limbs, sitting, walking, after	=اعضا — اینٹھن، نچلے اعضاء، بیٹھنا، چلنا کے بعد
cramps, lower limbs, sitting, after	=اعضا — اینٹھن، نچلے اعضاء، بیٹھنا کے بعد
cramps, hip, labor, during	=اعضا — اینٹھن، کولھا، زچگی کے دوران
cramps, hip, menses, during	=اعضا — اینٹھن، کولھا، حیض کے دوران
cramps, thigh, daytime, during	=اعضا — اینٹھن، ران، دن کے وقت کے دوران
cramps, thigh, menses, during	=اعضا — اینٹھن، ران، حیض کے دوران
cramps, thigh, sleep, during	=اعضا — اینٹھن، ران، نیند کے دوران
cramps, knee, afternoon, 3 p.m.	=اعضا — اینٹھن، گھٹنا، سہ پہر 3 بجے
cramps, knee, waking, on	=اعضا — اینٹھن، گھٹنا، جاگنے پر
cramps, leg, morning, 4 a.m. to 5 a.m.	=اعضا — اینٹھن، ٹانگ، صبح 4 سے 5 بجے تک
cramps, leg, evening, 9 p.m.	=اعضا — اینٹھن، ٹانگ، شام 9 بجے
cramps, leg, bed, in	=اعضا — اینٹھن، ٹانگ، بستر میں
cramps, leg, chill, during	=اعضا — اینٹھن، ٹانگ، سردی لگنا کے دوران
cramps, leg, cough, during	=اعضا — اینٹھن، ٹانگ، کھانسی کے دوران
cramps, leg, extension, on	=اعضا — اینٹھن، ٹانگ، پھیلاؤ پر
cramps, leg, labor, during	=اعضا — اینٹھن، ٹانگ، زچگی کے دوران
cramps, leg, menses, during	=اعضا — اینٹھن، ٹانگ، حیض کے دوران
cramps, leg, motion, on	=اعضا — اینٹھن، ٹانگ، حرکت پر
cramps, leg, pregnancy, during	=اعضا — اینٹھن، ٹانگ، حمل کے دوران
cramps, leg, stool, during	=اعضا — اینٹھن، ٹانگ، پاخانہ کے دوران
cramps, calf, morning, bed, in	=اعضا — اینٹھن، پنڈلی تک، صبح، بستر میں
cramps, calf, morning, rising, on	=اعضا — اینٹھن، پنڈلی تک، صبح، اٹھنے پر
cramps, calf, morning, waking, on	=اعضا — اینٹھن، پنڈلی تک، صبح، جاگنے پر
cramps, calf, evening, bed, in	=اعضا — اینٹھن، پنڈلی تک، شام، بستر میں
cramps, calf, bed, in	=اعضا — اینٹھن، پنڈلی تک، بستر میں
cramps, calf, bed, in, flexing thigh, on	=اعضا — اینٹھن، پنڈلی تک، بستر میں، موڑنا، ران، موڑنا، ران پر
cramps, calf, cholera, in	=اعضا — اینٹھن، پنڈلی تک، ہیضہ میں
cramps, calf, coition, during	=اعضا — اینٹھن، پنڈلی تک، جماع کے دوران
cramps, calf, coition, after	=اعضا — اینٹھن، پنڈلی تک، جماع کے بعد
cramps, calf, descending, on	=اعضا — اینٹھن، پنڈلی تک، اترنے پر
cramps, calf, flexing leg, on	=اعضا — اینٹھن، پنڈلی تک، ٹانگ موڑنے پر
cramps, calf, labor, during	=اعضا — اینٹھن، پنڈلی تک، زچگی کے دوران
cramps, calf, menses, before	=اعضا — اینٹھن، پنڈلی تک، حیض سے پہلے
cramps, calf, menses, during	=اعضا — اینٹھن، پنڈلی تک، حیض کے دوران
cramps, calf, motion, on agg.	=اعضا — اینٹھن، پنڈلی تک، حرکت پر بگاڑ
cramps, calf, pregnancy, during	=اعضا — اینٹھن، پنڈلی تک، حمل کے دوران
cramps, calf, sleep, before	=اعضا — اینٹھن، پنڈلی تک، نیند سے پہلے
cramps, calf, sleep, during	=اعضا — اینٹھن، پنڈلی تک، نیند کے دوران
cramps, calf, standing, on	=اعضا — اینٹھن، پنڈلی تک، کھڑا ہونے پر
cramps, calf, stool, after	=اعضا — اینٹھن، پنڈلی تک، پاخانہ کے بعد
cramps, calf, waking, on	=اعضا — اینٹھن، پنڈلی تک، جاگنے پر
cramps, calf, walking, on	=اعضا — اینٹھن، پنڈلی تک، چلنے پر
cramps, calf, walking, after	=اعضا — اینٹھن، پنڈلی تک، چلنا کے بعد
cramps, foot, morning, 9 a.m.	=اعضا — اینٹھن، پاؤں، صبح 9 بجے
cramps, foot, bed, in	=اعضا — اینٹھن، پاؤں، بستر میں
cramps, foot, chill, during	=اعضا — اینٹھن، پاؤں، سردی لگنا کے دوران
cramps, foot, cholera, in	=اعضا — اینٹھن، پاؤں، ہیضہ میں
cramps, foot, menses, during	=اعضا — اینٹھن، پاؤں، حیض کے دوران
cramps, foot, motion, on	=اعضا — اینٹھن، پاؤں، حرکت پر
cramps, foot, motion, on, first, after resting	=اعضا — اینٹھن، پاؤں، حرکت پر، پہلا، آرام کرنا کے بعد
cramps, foot, sitting, on	=اعضا — اینٹھن، پاؤں، بیٹھنے پر
cramps, foot, stretching, on	=اعضا — اینٹھن، پاؤں، تاننے پر
cramps, foot, sole, evening, lying down, after	=اعضا — اینٹھن، پاؤں، تلا، شام، لیٹنا کے بعد
cramps, foot, sole, evening, 7 p.m.	=اعضا — اینٹھن، پاؤں، تلا، شام 7 بجے
cramps, foot, sole, morning, 3 a.m.	=اعضا — اینٹھن، پاؤں، تلا، صبح 3 بجے
cramps, foot, sole, night, cholera, in	=اعضا — اینٹھن، پاؤں، تلا، رات، ہیضہ میں
cramps, foot, sole, bed, in	=اعضا — اینٹھن، پاؤں، تلا، بستر میں
cramps, foot, sole, intermittent fever, in	=اعضا — اینٹھن، پاؤں، تلا، وقفے وقفے سے بخار میں
cramps, foot, sole, menses, during	=اعضا — اینٹھن، پاؤں، تلا، حیض کے دوران
cramps, foot, sole, moving, on	=اعضا — اینٹھن، پاؤں، تلا، ہلنے پر
cramps, foot, sole, pregnancy, during	=اعضا — اینٹھن، پاؤں، تلا، حمل کے دوران
cramps, foot, sole, smoking, from	=اعضا — اینٹھن، پاؤں، تلا، تمباکو پینے سے
cramps, foot, sole, stepping, on	=اعضا — اینٹھن، پاؤں، تلا، قدم رکھنے پر
cramps, foot, sole, stretching, on	=اعضا — اینٹھن، پاؤں، تلا، تاننے پر
cramps, foot, sole, walking, after	=اعضا — اینٹھن، پاؤں، تلا، چلنا کے بعد
cramps, foot, evening, 9 p.m.	=اعضا — اینٹھن، پاؤں، شام 9 بجے
cramps, foot, evening, drawing up limbs, on	=اعضا — اینٹھن، پاؤں، شام، اعضاء سمیٹنے پر
cramps, toes, night, bed, in	=اعضا — اینٹھن، انگوٹھوں، رات، بستر میں
cramps, toes, midnight, bed, in	=اعضا — اینٹھن، انگوٹھوں، آدھی رات، بستر میں
cramps, toes, labor, during	=اعضا — اینٹھن، انگوٹھوں، زچگی کے دوران
cramps, toes, menses, during	=اعضا — اینٹھن، انگوٹھوں، حیض کے دوران
cramps, toes, pregnancy, during	=اعضا — اینٹھن، انگوٹھوں، حمل کے دوران
cramps, toes, first, bed, in	=اعضا — اینٹھن، انگوٹھوں، پہلا، بستر میں
discoloration, ankle, redness, spots, in	=اعضا — رنگت بدلنا، ٹخنے تک، سرخی، دھبے میں
discoloration, lividity, spots, in	=اعضا — رنگت بدلنا، سیاہی مائل نیلا (کالا پڑ جانا)، دھبے میں
discoloration, redness, spots, in	=اعضا — رنگت بدلنا، سرخی، دھبے میں
discoloration, redness, spots, washing, after	=اعضا — رنگت بدلنا، سرخی، دھبے، دھونا کے بعد
discoloration, yellowish, spots, in	=اعضا — رنگت بدلنا، زردی مائل، دھبے میں
discoloration, knee, patella on going up-stairs	=اعضا — رنگت بدلنا، گھٹنے کی کاسہ (پیٹیلا) پر، جانا، سیڑھیاں چڑھنا
discoloration, hand, back of, brown, as if bruised	=اعضا — رنگت بدلنا، ہاتھ، پچھلا حصہ، بھورا، جیسے کچلا ہوا
discoloration, hand, blueness, night, waking, after	=اعضا — رنگت بدلنا، ہاتھ، نیلا پن، رات، جاگنا کے بعد
discoloration, hand, blueness, chill, during	=اعضا — رنگت بدلنا، ہاتھ، نیلا پن، سردی لگنا کے دوران
discoloration, hand, blueness, coldness, with	=اعضا — رنگت بدلنا، ہاتھ، نیلا پن، ٹھنڈک کے ساتھ
discoloration, hand, blueness, convulsion, with	=اعضا — رنگت بدلنا، ہاتھ، نیلا پن، تشنج کے ساتھ
discoloration, hand, blueness, washing in cold water, after	=اعضا — رنگت بدلنا، ہاتھ، نیلا پن، ٹھنڈے پانی سے دھونے کے بعد
discoloration, hand, yellowness, spots, in	=اعضا — رنگت بدلنا، ہاتھ، زردی، دھبے میں
discoloration, hips, redness, in, stripes, extending to umbilicus	=اعضا — رنگت بدلنا، کولھوں، سرخی میں، لکیروں میں، ناف تک پھیلتا ہوا
discoloration, fingers, nails, blueness, chill, during	=اعضا — رنگت بدلنا، انگلیاں، ناخن، نیلا پن، سردی لگنا کے دوران
discoloration, fingers, nails, blueness, menses, during	=اعضا — رنگت بدلنا، انگلیاں، ناخن، نیلا پن، حیض کے دوران
discoloration, foot, sole of, white, as if bleached	=اعضا — رنگت بدلنا، پاؤں، تلا کا، سفید، جیسے رنگ اترا ہوا
discoloration, lower limbs, greenish, yellow as from a bruise	=اعضا — رنگت بدلنا، نچلے اعضاء، سبزی مائل، زرد، جیسے کچلا ہوا داغ
discoloration, toes, redness, wetting feet, after	=اعضا — رنگت بدلنا، انگوٹھوں، سرخی، پاؤں گیلا کرنا کے بعد
dislocation, spontaneous, hip, pain, from	=اعضا — ہڈی کا کھسکنا، خود بخود، کولھا، درد سے
drawn, backwards, legs, thigh, on the	=اعضا — کھنچا ہوا، پیچھے، ٹانگیں، ران پر
drawn, backwards, legs, thigh, on the, when attempting to walk	=اعضا — کھنچا ہوا، پیچھے، ٹانگیں، ران پر، کوشش کرتے ہوئے تک، چلتے وقت
drawn, upwards, morning, waking, on	=اعضا — کھنچا ہوا، اوپر کی طرف، صبح، جاگنے پر
drawn, upwards, night, waking, on	=اعضا — کھنچا ہوا، اوپر کی طرف، رات، جاگنے پر
drawn, upwards, abdomen, on	=اعضا — کھنچا ہوا، اوپر کی طرف، پیٹ پر
drawn, upwards, abdomen, on, in necrosis of femur	=اعضا — کھنچا ہوا، اوپر کی طرف، پیٹ پر، ران کی ہڈی کے مر جانے میں
drawn, upwards, chill, during	=اعضا — کھنچا ہوا، اوپر کی طرف، سردی لگنا کے دوران
drawn, upwards, motion, on	=اعضا — کھنچا ہوا، اوپر کی طرف، حرکت پر
drawn, upwards, stepping, on	=اعضا — کھنچا ہوا، اوپر کی طرف، قدم رکھنے پر
emaciation, upper limbs, vaccination, after	=اعضا — دبلا ہونا، اوپری اعضاء، ٹیکہ لگانا کے بعد
enlargement, sensation of, foot, walking in open air, after	=اعضا — بڑھ جانا، کا احساس، پاؤں، کھلی ہوا میں چلنا کے بعد
eruption, upper limbs, pimples, burning, scratching, after	=اعضا — دانے، اوپری اعضاء، پھنسیاں، جلتا ہوا، کھجانا کے بعد
eruption, upper limbs, pimples, menses, during	=اعضا — دانے، اوپری اعضاء، پھنسیاں، حیض کے دوران
eruption, upper limbs, red, scarlet fever, like	=اعضا — دانے، اوپری اعضاء، سرخ بخار (سرخ کوری) میں، جیسا
eruption, upper limbs, vesicles, scratching, after	=اعضا — دانے، اوپری اعضاء، آبلے، کھجانا کے بعد
eruption, elbow, olecranon	=اعضا — دانے، کہنی کی نوک (اولیکرینن)
eruption, elbow, olecranon, dry, furfuraceous	=اعضا — دانے، کہنی کی نوک (اولیکرینن)، خشک، بھوسی جیسا
eruption, elbow, olecranon, pimples	=اعضا — دانے، کہنی کی نوک (اولیکرینن)، پھنسیاں
eruption, forearm, pimples, menses, during	=اعضا — دانے، کلائی سے کہنی تک بازو، پھنسیاں، حیض کے دوران
eruption, forearm, pimples, scratching, after	=اعضا — دانے، کلائی سے کہنی تک بازو، پھنسیاں، کھجانا کے بعد
eruption, forearm, pimples, scratching, after, oozing	=اعضا — دانے، کلائی سے کہنی تک بازو، پھنسیاں، کھجانا کے بعد، رسنا
eruption, forearm, pimples, washing, from	=اعضا — دانے، کلائی سے کہنی تک بازو، پھنسیاں، دھونے سے
eruption, forearm, urticaria, heat, during	=اعضا — دانے، کلائی سے کہنی تک بازو، پِتّی، گرمی کے دوران
eruption, forearm, urticaria, scratching, after	=اعضا — دانے، کلائی سے کہنی تک بازو، پِتّی، کھجانا کے بعد
eruption, forearm, vesicles, scratching, after	=اعضا — دانے، کلائی سے کہنی تک بازو، آبلے، کھجانا کے بعد
eruption, wrists, pustules, red, areola	=اعضا — دانے، کلائیاں، پیپ والے دانے، سرخ گول حلقہ
eruption, hand, urticaria, spots, in	=اعضا — دانے، ہاتھ، پِتّی، دھبے میں
eruption, hand, vesicles, denuded spots, on	=اعضا — دانے، ہاتھ، آبلے، چھلے ہوئے دھبے پر
eruption, hand, vesicles, spots, in	=اعضا — دانے، ہاتھ، آبلے، دھبے میں
eruption, hand, back of, vesicles, spots, in	=اعضا — دانے، ہاتھ، پچھلا حصہ، آبلے، دھبے میں
eruption, hand, between	=اعضا — دانے، ہاتھ کے درمیان
eruption, hand, between, second and third fingers	=اعضا — دانے، ہاتھ کے درمیان، دوسری اور تیسری انگلی
eruption, hand, between, second and third fingers, vesicles	=اعضا — دانے، ہاتھ کے درمیان، دوسری اور تیسری انگلی، آبلے
eruption, hand, between, third and fourth fingers	=اعضا — دانے، ہاتھ کے درمیان، تیسری اور چوتھی انگلی
eruption, hand, between, third and fourth fingers, pimples	=اعضا — دانے، ہاتھ کے درمیان، تیسری اور چوتھی انگلی، پھنسیاں
eruption, hand, between, third and fourth fingers, vesicles	=اعضا — دانے، ہاتھ کے درمیان، تیسری اور چوتھی انگلی، آبلے
eruption, fingers, nails, about	=اعضا — دانے، انگلیاں، ناخن کے ارد گرد
eruption, fingers, nails, about, crusts	=اعضا — دانے، انگلیاں، ناخن کے ارد گرد، کھرنڈ
eruption, fingers, nails, about, desquamation	=اعضا — دانے، انگلیاں، ناخن کے ارد گرد، چھلکے اترنا
eruption, fingers, nails, about, pustules spreading over hand to wrist	=اعضا — دانے، انگلیاں، ناخن کے ارد گرد، پیپ والے دانے، پھیلتا ہوا، اوپر تک، ہاتھ، کلائی تک
eruption, fingers, nails, about, ulcers	=اعضا — دانے، انگلیاں، ناخن کے ارد گرد، ناسور (زخم)
eruption, fingers, nails, about, vesicles	=اعضا — دانے، انگلیاں، ناخن کے ارد گرد، آبلے
eruption, lower limbs, pustules, red, areola	=اعضا — دانے، نچلے اعضاء، پیپ والے دانے، سرخ گول حلقہ
eruption, lower limbs, vesicles, scratching, after	=اعضا — دانے، نچلے اعضاء، آبلے، کھجانا کے بعد
eruption, lower limbs, vesicles, water, fetid, with	=اعضا — دانے، نچلے اعضاء، آبلے، پانی، بدبودار کے ساتھ
eruption, nates, between	=اعضا — دانے، سُرین کے درمیان
eruption, nates, between, moisture	=اعضا — دانے، سُرین کے درمیان، نمی
eruption, nates, between, pimples	=اعضا — دانے، سُرین کے درمیان، پھنسیاں
eruption, nates, between, pustules	=اعضا — دانے، سُرین کے درمیان، پیپ والے دانے
eruption, nates, between, upper part of	=اعضا — دانے، سُرین کے درمیان، اوپری حصے میں
eruption, nates, between, rawness	=اعضا — دانے، سُرین کے درمیان، چھلا ہوا پن (کچا پن)
eruption, thigh, vesicles, scratching, after	=اعضا — دانے، ران، آبلے، کھجانا کے بعد
eruption, thigh, between	=اعضا — دانے، ران کے درمیان
eruption, knee, vesicles, scratching, after	=اعضا — دانے، گھٹنا، آبلے، کھجانا کے بعد
eruption, leg, menses, during, spots painful	=اعضا — دانے، ٹانگ، حیض کے دوران، دھبے، دردناک
eruption, leg, patches, large as the hand	=اعضا — دانے، ٹانگ، دھبے، بڑا، جیسے ہاتھ
eruption, leg, pustules, vaccination, after	=اعضا — دانے، ٹانگ، پیپ والے دانے، ٹیکہ لگانا کے بعد
eruption, foot, vesicles, rubbing, from	=اعضا — دانے، پاؤں، آبلے، رگڑنے سے
eruption, foot, sole of, vesicles, yellow fluid, with	=اعضا — دانے، پاؤں، تلا کا، آبلے، زرد رطوبت کے ساتھ
eruption, toes, between	=اعضا — دانے، انگوٹھوں کے درمیان
eruption, toes, between, herpes	=اعضا — دانے، انگوٹھوں کے درمیان، ہرپیز
eruption, toes, between, pimples	=اعضا — دانے، انگوٹھوں کے درمیان، پھنسیاں
eruption, toes, between, rash	=اعضا — دانے، انگوٹھوں کے درمیان، ریش
eruption, toes, between, soreness	=اعضا — دانے، انگوٹھوں کے درمیان، دکھن
eruption, toes, between, vesicles	=اعضا — دانے، انگوٹھوں کے درمیان، آبلے
eruption, toes, between, walking, from	=اعضا — دانے، انگوٹھوں کے درمیان، چلنے سے
excoriation, bends of, joints, thighs, between, leucorrh&#156;a, from	=اعضا — چھل جانا، موڑ، جوڑوں میں، رانیں کے درمیان، سفید پانی (لیوکوریا) سے
excoriation, bends of, joints, thighs, between, menses, during	=اعضا — چھل جانا، موڑ، جوڑوں میں، رانیں کے درمیان، حیض کے دوران
excoriation, nates, between	=اعضا — چھل جانا، سُرین کے درمیان
excoriation, thighs, between	=اعضا — چھل جانا، رانیں کے درمیان
excoriation, thighs, between, walking, from	=اعضا — چھل جانا، رانیں کے درمیان، چلنے سے
excoriation, toes, between	=اعضا — چھل جانا، انگوٹھوں کے درمیان
exostoses, fingers, on	=اعضا — ہڈی کا ابھار، انگلیاں پر
extended arms, as if he had intended to take hold of something	=اعضا — پھیلا ہوا، بازو، جیسے وہ، تھا، ارادہ کیا ہوا تک، لینا، پکڑنے کا، کوئی چیز
extended arms, paroxysms, during	=اعضا — پھیلا ہوا، بازو، دورے کے دوران
extension, legs, paroxysm, before	=اعضا — پھیلاؤ، ٹانگیں، دورہ سے پہلے
extension, legs, paroxysm, during	=اعضا — پھیلاؤ، ٹانگیں، دورہ کے دوران
felon, beginning in nail, at root of nail	=اعضا — ناخن کے گرد پھوڑا (فیلون)، شروع میں، ناخن کی جڑ پر
felon, hangnails, from	=اعضا — ناخن کے گرد پھوڑا (فیلون)، ناخن کے کنارے کا پھٹنے سے
felon, injury, from	=اعضا — ناخن کے گرد پھوڑا (فیلون)، نقصان پہنچنے کا سے
felon, run-around, vaccination, after	=اعضا — ناخن کے گرد پھوڑا (فیلون)، ناخن کے گرد پھوڑا، ٹیکہ لگانا کے بعد
felon, sloughing, with	=اعضا — ناخن کے گرد پھوڑا (فیلون)، گل کر جھڑتے ہوئے کے ساتھ
felon, splinters, from	=اعضا — ناخن کے گرد پھوڑا (فیلون)، جیسے پھانس چبھی ہو سے
felon, splinters, from, sensation of	=اعضا — ناخن کے گرد پھوڑا (فیلون)، جیسے پھانس چبھی ہو سے، کا احساس
flexed, convulsion, during	=اعضا — موڑے ہوئے، تشنج کے دوران
flexed, upper limbs, chest, over	=اعضا — موڑے ہوئے، اوپری اعضاء، سینہ کے اوپر
flexed, upper limbs, elbow, at	=اعضا — موڑے ہوئے، اوپری اعضاء، کہنی پر
flexed, upper limbs, sleep, in	=اعضا — موڑے ہوئے، اوپری اعضاء، نیند میں
formication, convulsion, after	=اعضا — چیونٹیاں رینگنے کا احساس، تشنج کے بعد
formication, menses, during	=اعضا — چیونٹیاں رینگنے کا احساس، حیض کے دوران
formication, paralysis, in	=اعضا — چیونٹیاں رینگنے کا احساس، فالج میں
formication, waking, on	=اعضا — چیونٹیاں رینگنے کا احساس، جاگنے پر
formication, waking, on, in side lain on	=اعضا — چیونٹیاں رینگنے کا احساس، جاگنے پر، جس کروٹ لیٹا میں
formication, upper limbs, midnight, before, on waking	=اعضا — چیونٹیاں رینگنے کا احساس، اوپری اعضاء، آدھی رات سے پہلے، جاگنے پر
formication, shoulder, urination, during	=اعضا — چیونٹیاں رینگنے کا احساس، کندھا، پیشاب کے دوران
formication, hand, chill, during	=اعضا — چیونٹیاں رینگنے کا احساس، ہاتھ، سردی لگنا کے دوران
formication, hand, menses, during	=اعضا — چیونٹیاں رینگنے کا احساس، ہاتھ، حیض کے دوران
formication, hand, ulnar side of, writing, after	=اعضا — چیونٹیاں رینگنے کا احساس، ہاتھ، النہ کی طرف، لکھنا کے بعد
formication, lower limbs, menses, during	=اعضا — چیونٹیاں رینگنے کا احساس، نچلے اعضاء، حیض کے دوران
formication, lower limbs, sitting, after	=اعضا — چیونٹیاں رینگنے کا احساس، نچلے اعضاء، بیٹھنا کے بعد
formication, foot, chill, during	=اعضا — چیونٹیاں رینگنے کا احساس، پاؤں، سردی لگنا کے دوران
formication, foot, heat, after	=اعضا — چیونٹیاں رینگنے کا احساس، پاؤں، گرمی کے بعد
formication, toes, first, twitching, with	=اعضا — چیونٹیاں رینگنے کا احساس، انگوٹھوں، پہلا، پھڑکن کے ساتھ
fullness, hand, veins of, chill, during	=اعضا — بھراؤ (بھرا بھرا لگنا)، ہاتھ، رگیں، سردی لگنا کے دوران
fullness, hand, veins of, fever, during	=اعضا — بھراؤ (بھرا بھرا لگنا)، ہاتھ، رگیں، بخار کے دوران
fullness, hand, veins of, washing in cold water, after	=اعضا — بھراؤ (بھرا بھرا لگنا)، ہاتھ، رگیں، ٹھنڈے پانی سے دھونے کے بعد
fullness, leg, fever, during	=اعضا — بھراؤ (بھرا بھرا لگنا)، ٹانگ، بخار کے دوران
fullness, leg, menses, during	=اعضا — بھراؤ (بھرا بھرا لگنا)، ٹانگ، حیض کے دوران
fullness, foot, sole of, veins, network as if marbled	=اعضا — بھراؤ (بھرا بھرا لگنا)، پاؤں، تلا کا، رگیں، جال جیسا، جیسے سنگ مرمر جیسا
ganglion, instep, on the	=اعضا — گٹھلی (گینگلیون)، پاؤں کا اوپر کا حصہ پر
gangrene, spots, in	=اعضا — گلنا (گینگرین)، دھبے میں
heat, upper limbs, water, hot, as if were running through	=اعضا — گرمی، اوپری اعضاء، پانی، گرم، جیسے تھے، دوڑنا، آر پار
heat, shoulder, acromion	=اعضا — گرمی، کندھے کی ہڈی کی نوک
heat, hand, morning, coldness, during	=اعضا — گرمی، ہاتھ، صبح، ٹھنڈک کے دوران
heat, hand, morning, 8 a.m.	=اعضا — گرمی، ہاتھ، صبح 8 بجے
heat, hand, afternoon, 2 p.m.	=اعضا — گرمی، ہاتھ، سہ پہر 2 بجے
heat, hand, afternoon, 3 p.m. to 5 p.m.	=اعضا — گرمی، ہاتھ، سہ پہر 3 سے 5 بجے تک
heat, hand, afternoon, 4 p.m.	=اعضا — گرمی، ہاتھ، سہ پہر 4 بجے
heat, hand, afternoon, 5 p.m.	=اعضا — گرمی، ہاتھ، سہ پہر 5 بجے
heat, hand, evening, chilliness, during	=اعضا — گرمی، ہاتھ، شام، سردی محسوس ہونا کے دوران
heat, hand, evening, lying, after	=اعضا — گرمی، ہاتھ، شام، لیٹنا کے بعد
heat, hand, evening, 6 p.m.	=اعضا — گرمی، ہاتھ، شام 6 بجے
heat, hand, evening, 7 p.m.	=اعضا — گرمی، ہاتھ، شام 7 بجے
heat, hand, evening, 8 p.m.	=اعضا — گرمی، ہاتھ، شام 8 بجے
heat, hand, evening, 9 p.m.	=اعضا — گرمی، ہاتھ، شام 9 بجے
heat, hand, night, bed, in	=اعضا — گرمی، ہاتھ، رات، بستر میں
heat, hand, night, bed, in, after walking in open air	=اعضا — گرمی، ہاتھ، رات، بستر میں، کھلی ہوا میں چلنے کے بعد
heat, hand, night, bed, in, with cold feet	=اعضا — گرمی، ہاتھ، رات، بستر میں، ٹھنڈا پاؤں کے ساتھ
heat, hand, anxiety, with	=اعضا — گرمی، ہاتھ، بے چینی کے ساتھ
heat, hand, chill, during	=اعضا — گرمی، ہاتھ، سردی لگنا کے دوران
heat, hand, cold, during	=اعضا — گرمی، ہاتھ، ٹھنڈا کے دوران
heat, hand, cold, internal, during	=اعضا — گرمی، ہاتھ، ٹھنڈا، اندرونی کے دوران
heat, hand, cold, after	=اعضا — گرمی، ہاتھ، ٹھنڈا کے بعد
heat, hand, coldness, of feet, during	=اعضا — گرمی، ہاتھ، ٹھنڈک، کا پاؤں کے دوران
heat, hand, eating, after, hot and burning	=اعضا — گرمی، ہاتھ، کھانا کے بعد، گرم اور، جلتا ہوا
heat, hand, excitement, from	=اعضا — گرمی، ہاتھ، ہیجان سے
heat, hand, flushes, in	=اعضا — گرمی، ہاتھ، گرمی کے جھونکے میں
heat, hand, flushes, in, beginning in hands	=اعضا — گرمی، ہاتھ، گرمی کے جھونکے میں، شروع میں، ہاتھ
heat, hand, fright, after	=اعضا — گرمی، ہاتھ، ڈر کے بعد
heat, hand, menses, during	=اعضا — گرمی، ہاتھ، حیض کے دوران
heat, hand, perspiration, cold, during	=اعضا — گرمی، ہاتھ، پسینہ، ٹھنڈا کے دوران
heat, hand, shivering, during	=اعضا — گرمی، ہاتھ، کانپنا کے دوران
heat, hand, stool, during	=اعضا — گرمی، ہاتھ، پاخانہ کے دوران
heat, hand, talking, from	=اعضا — گرمی، ہاتھ، بولنے سے
heat, hand, vomiting, after	=اعضا — گرمی، ہاتھ، قے کے بعد
heat, hand, palm, afternoon, 5 p.m.	=اعضا — گرمی، ہاتھ، ہتھیلی، سہ پہر 5 بجے
heat, hand, palm, coldness, after	=اعضا — گرمی، ہاتھ، ہتھیلی، ٹھنڈک کے بعد
heat, hand, palm, menses, during	=اعضا — گرمی، ہاتھ، ہتھیلی، حیض کے دوران
heat, hand, palm, walking in open air, after	=اعضا — گرمی، ہاتھ، ہتھیلی، کھلی ہوا میں چلنا کے بعد
heat, fingers, alternately hot and cold as if dead	=اعضا — گرمی، انگلیاں، باری باری گرم اور ٹھنڈا، جیسے بے حس
heat, lower limbs, chilliness, after	=اعضا — گرمی، نچلے اعضاء، سردی محسوس ہونا کے بعد
heat, lower limbs, cold, back, with	=اعضا — گرمی، نچلے اعضاء، ٹھنڈا، پیٹھ کے ساتھ
heat, lower limbs, sitting, after, agg.	=اعضا — گرمی، نچلے اعضاء، بیٹھنا کے بعد، بگاڑ
heat, lower limbs, stool, after	=اعضا — گرمی، نچلے اعضاء، پاخانہ کے بعد
heat, lower limbs, pregnancy, during	=اعضا — گرمی، نچلے اعضاء، حمل کے دوران
heat, leg, afternoon, 3 p.m.	=اعضا — گرمی، ٹانگ، سہ پہر 3 بجے
heat, leg, evening, 8 p.m.	=اعضا — گرمی، ٹانگ، شام 8 بجے
heat, leg, walking, after	=اعضا — گرمی، ٹانگ، چلنا کے بعد
heat, foot, evening, 8 p.m.	=اعضا — گرمی، پاؤں، شام 8 بجے
heat, foot, night, midnight, before	=اعضا — گرمی، پاؤں، رات، آدھی رات سے پہلے
heat, foot, night, midnight, after	=اعضا — گرمی، پاؤں، رات، آدھی رات کے بعد
heat, foot, bed, in	=اعضا — گرمی، پاؤں، بستر میں
heat, foot, chill, during	=اعضا — گرمی، پاؤں، سردی لگنا کے دوران
heat, foot, cold, hands, with	=اعضا — گرمی، پاؤں، ٹھنڈا، ہاتھ کے ساتھ
heat, foot, dinner, after	=اعضا — گرمی، پاؤں، دوپہر کا کھانا کے بعد
heat, foot, eating, after	=اعضا — گرمی، پاؤں، کھانا کے بعد
heat, foot, fire, as if, were forcing to head	=اعضا — گرمی، پاؤں، آگ، جیسے تھے، مجبور کرنے تک، سر
heat, foot, perspiration, cold, after	=اعضا — گرمی، پاؤں، پسینہ، ٹھنڈا کے بعد
heat, foot, walking, after	=اعضا — گرمی، پاؤں، چلنا کے بعد
heat, foot, sole, evening, after, wine	=اعضا — گرمی، پاؤں، تلا، شام کے بعد، شراب
heat, foot, sole, fever, during	=اعضا — گرمی، پاؤں، تلا، بخار کے دوران
heat, foot, sole, flushes, in	=اعضا — گرمی، پاؤں، تلا، گرمی کے جھونکے میں
heat, foot, sole, menses, during	=اعضا — گرمی، پاؤں، تلا، حیض کے دوران
heat, foot, sole, sitting, after	=اعضا — گرمی، پاؤں، تلا، بیٹھنا کے بعد
heaviness, morning, bed, in	=اعضا — بھاری پن، صبح، بستر میں
heaviness, morning, breakfast, after	=اعضا — بھاری پن، صبح، ناشتہ کے بعد
heaviness, morning, rising, on	=اعضا — بھاری پن، صبح، اٹھنے پر
heaviness, morning, rising, after, amel.	=اعضا — بھاری پن، صبح، اٹھنا کے بعد، آرام
heaviness, morning, waking, on	=اعضا — بھاری پن، صبح، جاگنے پر
heaviness, morning, 6 a.m.	=اعضا — بھاری پن، صبح 6 بجے
heaviness, afternoon, 3 p.m.	=اعضا — بھاری پن، سہ پہر 3 بجے
heaviness, afternoon, 4 p.m.	=اعضا — بھاری پن، سہ پہر 4 بجے
heaviness, evening, 9 p.m.	=اعضا — بھاری پن، شام 9 بجے
heaviness, breakfast, after	=اعضا — بھاری پن، ناشتہ کے بعد
heaviness, chill, before	=اعضا — بھاری پن، سردی لگنے سے پہلے
heaviness, chill, during	=اعضا — بھاری پن، سردی لگنا کے دوران
heaviness, coition, after	=اعضا — بھاری پن، جماع کے بعد
heaviness, dinner, after	=اعضا — بھاری پن، دوپہر کا کھانا کے بعد
heaviness, emissions, after	=اعضا — بھاری پن، احتلام کے بعد
heaviness, exertion, on	=اعضا — بھاری پن، محنت پر
heaviness, fever, during	=اعضا — بھاری پن، بخار کے دوران
heaviness, menses, before	=اعضا — بھاری پن، حیض سے پہلے
heaviness, menses, during	=اعضا — بھاری پن، حیض کے دوران
heaviness, mental exertion, from	=اعضا — بھاری پن، ذہنی محنت سے
heaviness, playing piano, after	=اعضا — بھاری پن، پیانو بجانا کے بعد
heaviness, pregnancy, during	=اعضا — بھاری پن، حمل کے دوران
heaviness, storm, during	=اعضا — بھاری پن، طوفان کے دوران
heaviness, waking, on	=اعضا — بھاری پن، جاگنے پر
heaviness, upper limbs, morning, waking, on	=اعضا — بھاری پن، اوپری اعضاء، صبح، جاگنے پر
heaviness, upper limbs, morning, washing, on	=اعضا — بھاری پن، اوپری اعضاء، صبح، دھونے پر
heaviness, upper limbs, afternoon, 3 p.m.	=اعضا — بھاری پن، اوپری اعضاء، سہ پہر 3 بجے
heaviness, upper limbs, bed, in	=اعضا — بھاری پن، اوپری اعضاء، بستر میں
heaviness, upper limbs, dinner, after	=اعضا — بھاری پن، اوپری اعضاء، دوپہر کا کھانا کے بعد
heaviness, upper limbs, emissions, after	=اعضا — بھاری پن، اوپری اعضاء، احتلام کے بعد
heaviness, upper limbs, exertion, on	=اعضا — بھاری پن، اوپری اعضاء، محنت پر
heaviness, upper limbs, menses, suppressed, during	=اعضا — بھاری پن، اوپری اعضاء، حیض، دبا ہوا کے دوران
heaviness, upper limbs, motion, on agg.	=اعضا — بھاری پن، اوپری اعضاء، حرکت پر بگاڑ
heaviness, upper limbs, numbness, with	=اعضا — بھاری پن، اوپری اعضاء، سن ہونا کے ساتھ
heaviness, upper limbs, raising them, on	=اعضا — بھاری پن، اوپری اعضاء، اُن کو اٹھانے پر
heaviness, upper limbs, washing, on	=اعضا — بھاری پن، اوپری اعضاء، دھونے پر
heaviness, shoulder, waking, on	=اعضا — بھاری پن، کندھا، جاگنے پر
heaviness, forearm, coition, after	=اعضا — بھاری پن، کلائی سے کہنی تک بازو، جماع کے بعد
heaviness, forearm, rest, during	=اعضا — بھاری پن، کلائی سے کہنی تک بازو، آرام کے دوران
heaviness, forearm, waking, on	=اعضا — بھاری پن، کلائی سے کہنی تک بازو، جاگنے پر
heaviness, hand, menses, before	=اعضا — بھاری پن، ہاتھ، حیض سے پہلے
heaviness, lower limbs, morning, bed, in	=اعضا — بھاری پن، نچلے اعضاء، صبح، بستر میں
heaviness, lower limbs, morning, waking, on	=اعضا — بھاری پن، نچلے اعضاء، صبح، جاگنے پر
heaviness, lower limbs, afternoon, 3 p.m.	=اعضا — بھاری پن، نچلے اعضاء، سہ پہر 3 بجے
heaviness, lower limbs, afternoon, 4 p.m.	=اعضا — بھاری پن، نچلے اعضاء، سہ پہر 4 بجے
heaviness, lower limbs, evening, bed, in	=اعضا — بھاری پن، نچلے اعضاء، شام، بستر میں
heaviness, lower limbs, evening, 6 p.m.	=اعضا — بھاری پن، نچلے اعضاء، شام 6 بجے
heaviness, lower limbs, evening, 9 p.m.	=اعضا — بھاری پن، نچلے اعضاء، شام 9 بجے
heaviness, lower limbs, midnight, after	=اعضا — بھاری پن، نچلے اعضاء، آدھی رات کے بعد
heaviness, lower limbs, night, bed, in	=اعضا — بھاری پن، نچلے اعضاء، رات، بستر میں
heaviness, lower limbs, dinner, after	=اعضا — بھاری پن، نچلے اعضاء، دوپہر کا کھانا کے بعد
heaviness, lower limbs, exertion, after	=اعضا — بھاری پن، نچلے اعضاء، محنت کے بعد
heaviness, lower limbs, menses, before	=اعضا — بھاری پن، نچلے اعضاء، حیض سے پہلے
heaviness, lower limbs, menses, during	=اعضا — بھاری پن، نچلے اعضاء، حیض کے دوران
heaviness, lower limbs, riding, during	=اعضا — بھاری پن، نچلے اعضاء، سواری کے دوران
heaviness, lower limbs, sleep, after	=اعضا — بھاری پن، نچلے اعضاء، نیند کے بعد
heaviness, lower limbs, vexation, after	=اعضا — بھاری پن، نچلے اعضاء، جھنجھلاہٹ کے بعد
heaviness, lower limbs, walking, after agg.	=اعضا — بھاری پن، نچلے اعضاء، چلنا کے بعد بگاڑ
heaviness, lower limbs, walking, after, amel.	=اعضا — بھاری پن، نچلے اعضاء، چلنا کے بعد، آرام
heaviness, motion, on agg.	=اعضا — بھاری پن، حرکت پر بگاڑ
heaviness, thigh, menses, before	=اعضا — بھاری پن، ران، حیض سے پہلے
heaviness, thigh, menses, during	=اعضا — بھاری پن، ران، حیض کے دوران
heaviness, thigh, midnight, after	=اعضا — بھاری پن، ران، آدھی رات کے بعد
heaviness, knee, rising from a seat, after	=اعضا — بھاری پن، گھٹنا، نشست سے اٹھنے کے بعد
heaviness, knee, walking, after	=اعضا — بھاری پن، گھٹنا، چلنا کے بعد
heaviness, leg, chill, before	=اعضا — بھاری پن، ٹانگ، سردی لگنے سے پہلے
heaviness, leg, eating, after	=اعضا — بھاری پن، ٹانگ، کھانا کے بعد
heaviness, leg, menses, before	=اعضا — بھاری پن، ٹانگ، حیض سے پہلے
heaviness, leg, menses, during	=اعضا — بھاری پن، ٹانگ، حیض کے دوران
heaviness, foot, morning, bed, in	=اعضا — بھاری پن، پاؤں، صبح، بستر میں
heaviness, foot, morning, waking, on	=اعضا — بھاری پن، پاؤں، صبح، جاگنے پر
heaviness, foot, evening, 6 p.m.	=اعضا — بھاری پن، پاؤں، شام 6 بجے
heaviness, foot, night, bed, in	=اعضا — بھاری پن، پاؤں، رات، بستر میں
heaviness, foot, chilliness, during	=اعضا — بھاری پن، پاؤں، سردی محسوس ہونا کے دوران
heaviness, foot, dinner, after	=اعضا — بھاری پن، پاؤں، دوپہر کا کھانا کے بعد
heaviness, foot, eating, after	=اعضا — بھاری پن، پاؤں، کھانا کے بعد
heaviness, foot, menses, before	=اعضا — بھاری پن، پاؤں، حیض سے پہلے
heaviness, foot, menses, during agg.	=اعضا — بھاری پن، پاؤں، حیض کے دوران بگاڑ
heaviness, foot, menses, during, amel.	=اعضا — بھاری پن، پاؤں، حیض کے دوران، آرام
heaviness, foot, walking, after	=اعضا — بھاری پن، پاؤں، چلنا کے بعد
inflammation, upper limbs, spots, in	=اعضا — سوزش، اوپری اعضاء، دھبے میں
inflammation, fingers, nails, around	=اعضا — سوزش، انگلیاں، ناخن کے ارد گرد
inflammation, leg, dancing, after	=اعضا — سوزش، ٹانگ، رقص کے بعد
inflammation, leg, epistaxis, with	=اعضا — سوزش، ٹانگ، نکسیر کے ساتھ
inflammation, foot, erysipelatous, spots, in	=اعضا — سوزش، پاؤں، سرخ بادہ جیسی، دھبے میں
inflammation, toes, wetting feet, after	=اعضا — سوزش، انگوٹھوں، پاؤں گیلا کرنا کے بعد
ingrowing toe nails, ulceration, with	=اعضا — گوشت میں دھنسے، پاؤں کے ناخن، ناسور (زخم) کے ساتھ
injuries, shoulders, straining, after	=اعضا — چوٹیں، کندھے، زور لگانا کے بعد
itching, night, bed, in	=اعضا — خارش، رات، بستر میں
itching, bed, in	=اعضا — خارش، بستر میں
itching, coition, after	=اعضا — خارش، جماع کے بعد
itching, upper limbs, afternoon, menses, during	=اعضا — خارش، اوپری اعضاء، سہ پہر، حیض کے دوران
itching, upper limbs, afternoon, 2 p.m.	=اعضا — خارش، اوپری اعضاء، سہ پہر 2 بجے
itching, upper limbs, bed, in	=اعضا — خارش، اوپری اعضاء، بستر میں
itching, upper limbs, lying down, after, agg.	=اعضا — خارش، اوپری اعضاء، لیٹنا کے بعد، بگاڑ
itching, upper limbs, menses, during	=اعضا — خارش، اوپری اعضاء، حیض کے دوران
itching, upper limbs, suppressed eruption, after	=اعضا — خارش، اوپری اعضاء، دبا ہوا دانہ کے بعد
itching, shoulder, afternoon, menses, during	=اعضا — خارش، کندھا، سہ پہر، حیض کے دوران
itching, shoulder, afternoon, 2 p.m.	=اعضا — خارش، کندھا، سہ پہر 2 بجے
itching, shoulder, evening, lying down, on	=اعضا — خارش، کندھا، شام، لیٹنے پر
itching, shoulder, menses, during	=اعضا — خارش، کندھا، حیض کے دوران
itching, upper arm, coldness, during	=اعضا — خارش، اوپری بازو، ٹھنڈک کے دوران
itching, elbow, olecranon	=اعضا — خارش، کہنی کی نوک (اولیکرینن)
itching, forearm, evening, bed, in, agg.	=اعضا — خارش، کلائی سے کہنی تک بازو، شام، بستر میں، بگاڑ
itching, forearm, lying down, after	=اعضا — خارش، کلائی سے کہنی تک بازو، لیٹنا کے بعد
itching, forearm, spots, in	=اعضا — خارش، کلائی سے کہنی تک بازو، دھبے میں
itching, wrist, evening, 9 p.m.	=اعضا — خارش، کلائی تک، شام 9 بجے
itching, wrist, spots, in	=اعضا — خارش، کلائی تک، دھبے میں
itching, hand, morning, rising, on	=اعضا — خارش، ہاتھ، صبح، اٹھنے پر
itching, hand, morning, waking, on	=اعضا — خارش، ہاتھ، صبح، جاگنے پر
itching, hand, evening, bed, in	=اعضا — خارش، ہاتھ، شام، بستر میں
itching, hand, evening, lying down, after	=اعضا — خارش، ہاتھ، شام، لیٹنا کے بعد
itching, hand, night, midnight, lying down, after	=اعضا — خارش، ہاتھ، رات، آدھی رات، لیٹنا کے بعد
itching, hand, rubbing, after	=اعضا — خارش، ہاتھ، رگڑنا کے بعد
itching, hand, touch, on	=اعضا — خارش، ہاتھ، چھونے پر
itching, hand, back of, night, rubbing, after	=اعضا — خارش، ہاتھ، پچھلا حصہ، رات، رگڑنا کے بعد
itching, hand, between fingers, morning, waking, on	=اعضا — خارش، ہاتھ، انگلیوں کے درمیان، صبح، جاگنے پر
itching, hand, ball of, spots, in	=اعضا — خارش، ہاتھ، گول ابھار، دھبے میں
itching, palm, burning, rubbing, after	=اعضا — خارش، ہتھیلی، جلتا ہوا، رگڑنا کے بعد
itching, palm, washing, after	=اعضا — خارش، ہتھیلی، دھونا کے بعد
itching, fingers, evening, bed, in	=اعضا — خارش، انگلیاں، شام، بستر میں
itching, fingers, smoking, from	=اعضا — خارش، انگلیاں، تمباکو پینے سے
itching, fingers, nails, around	=اعضا — خارش، انگلیاں، ناخن کے ارد گرد
itching, lower limbs, afternoon, 2 p.m.	=اعضا — خارش، نچلے اعضاء، سہ پہر 2 بجے
itching, lower limbs, afternoon, 5 p.m.	=اعضا — خارش، نچلے اعضاء، سہ پہر 5 بجے
itching, lower limbs, evening, 6 p.m.	=اعضا — خارش، نچلے اعضاء، شام 6 بجے
itching, lower limbs, evening, 8 p.m.	=اعضا — خارش، نچلے اعضاء، شام 8 بجے
itching, lower limbs, evening, 10 p.m.	=اعضا — خارش، نچلے اعضاء، شام 10 بجے
itching, lower limbs, bed, in	=اعضا — خارش، نچلے اعضاء، بستر میں
itching, lower limbs, burning, scratching, after	=اعضا — خارش، نچلے اعضاء، جلتا ہوا، کھجانا کے بعد
itching, lower limbs, burning, spots, in	=اعضا — خارش، نچلے اعضاء، جلتا ہوا، دھبے میں
itching, lower limbs, dinner, after	=اعضا — خارش، نچلے اعضاء، دوپہر کا کھانا کے بعد
itching, lower limbs, heat, after	=اعضا — خارش، نچلے اعضاء، گرمی کے بعد
itching, lower limbs, menses, during	=اعضا — خارش، نچلے اعضاء، حیض کے دوران
itching, lower limbs, pain, during	=اعضا — خارش، نچلے اعضاء، درد کے دوران
itching, lower limbs, spots, in	=اعضا — خارش، نچلے اعضاء، دھبے میں
itching, lower limbs, sticking, spots, in	=اعضا — خارش، نچلے اعضاء، گڑتا ہوا، دھبے میں
itching, lower limbs, waking, on	=اعضا — خارش، نچلے اعضاء، جاگنے پر
itching, lower limbs, walking, after	=اعضا — خارش، نچلے اعضاء، چلنا کے بعد
itching, lower limbs, wine, after	=اعضا — خارش، نچلے اعضاء، شراب کے بعد
itching, nates, morning, rising, on	=اعضا — خارش، سُرین، صبح، اٹھنے پر
itching, nates, evening, bed, in	=اعضا — خارش، سُرین، شام، بستر میں
itching, nates, night, bed, in	=اعضا — خارش، سُرین، رات، بستر میں
itching, nates, bed, in	=اعضا — خارش، سُرین، بستر میں
itching, nates, dinner, after	=اعضا — خارش، سُرین، دوپہر کا کھانا کے بعد
itching, nates, between	=اعضا — خارش، سُرین کے درمیان
itching, hip, spots, in	=اعضا — خارش، کولھا، دھبے میں
itching, thigh, afternoon, 5 p.m.	=اعضا — خارش، ران، سہ پہر 5 بجے
itching, thigh, evening, bed, in	=اعضا — خارش، ران، شام، بستر میں
itching, thigh, burning, spots, in	=اعضا — خارش، ران، جلتا ہوا، دھبے میں
itching, thigh, pain, during	=اعضا — خارش، ران، درد کے دوران
itching, thigh, sticking, spots, in	=اعضا — خارش، ران، گڑتا ہوا، دھبے میں
itching, thigh, between	=اعضا — خارش، ران کے درمیان
itching, knee, patella	=اعضا — خارش، گھٹنے کی کاسہ (پیٹیلا)
itching, leg, morning, walking, after	=اعضا — خارش، ٹانگ، صبح، چلنا کے بعد
itching, leg, evening, 6 p.m.	=اعضا — خارش، ٹانگ، شام 6 بجے
itching, leg, evening, 8 p.m.	=اعضا — خارش، ٹانگ، شام 8 بجے
itching, leg, bed, in	=اعضا — خارش، ٹانگ، بستر میں
itching, leg, menses, during	=اعضا — خارش، ٹانگ، حیض کے دوران
itching, leg, waking, on	=اعضا — خارش، ٹانگ، جاگنے پر
itching, leg, calf, evening, lying down, on	=اعضا — خارش، ٹانگ، پنڈلی تک، شام، لیٹنے پر
itching, leg, calf, spots, in	=اعضا — خارش، ٹانگ، پنڈلی تک، دھبے میں
itching, leg, tibia, over	=اعضا — خارش، ٹانگ، پنڈلی کی ہڈی کے اوپر
itching, ankle, morning, bed, in	=اعضا — خارش، ٹخنے تک، صبح، بستر میں
itching, foot, night, midnight, before	=اعضا — خارش، پاؤں، رات، آدھی رات سے پہلے
itching, foot, bed, in	=اعضا — خارش، پاؤں، بستر میں
itching, foot, cold, from	=اعضا — خارش، پاؤں، ٹھنڈا سے
itching, foot, walking, after	=اعضا — خارش، پاؤں، چلنا کے بعد
itching, foot, back of, morning, bed, in	=اعضا — خارش، پاؤں، پچھلا حصہ، صبح، بستر میں
itching, foot, sole of, afternoon, 2 p.m.	=اعضا — خارش، پاؤں، تلا کا، سہ پہر 2 بجے
itching, foot, sole of, voluptuous, scratching, after	=اعضا — خارش، پاؤں، تلا کا، شہوانی، کھجانا کے بعد
itching, foot, sole of, wine, after	=اعضا — خارش، پاؤں، تلا کا، شراب کے بعد
itching, toes, evening, lying down, after	=اعضا — خارش، انگوٹھوں، شام، لیٹنا کے بعد
itching, toes, dinner, after	=اعضا — خارش، انگوٹھوں، دوپہر کا کھانا کے بعد
itching, toes, walking, after	=اعضا — خارش، انگوٹھوں، چلنا کے بعد
itching, toes, between	=اعضا — خارش، انگوٹھوں کے درمیان
itching, toes, first, freezing, after	=اعضا — خارش، انگوٹھوں، پہلا، جمنا کے بعد
jerking, sleep, during	=اعضا — جھٹکے دار، نیند کے دوران
jerking, upper limbs, air, in windy weather	=اعضا — جھٹکے دار، اوپری اعضاء، ہوادار موسم میں
jerking, upper limbs, falling asleep, on	=اعضا — جھٹکے دار، اوپری اعضاء، سونے لگتے وقت پر
jerking, upper limbs, sleep, during	=اعضا — جھٹکے دار، اوپری اعضاء، نیند کے دوران
jerking, hand, exertion, on	=اعضا — جھٹکے دار، ہاتھ، محنت پر
jerking, hand, grasping, on	=اعضا — جھٹکے دار، ہاتھ، پکڑنے پر
jerking, lower limbs, motion, on agg.	=اعضا — جھٹکے دار، نچلے اعضاء، حرکت پر بگاڑ
jerking, lower limbs, sleep, during	=اعضا — جھٹکے دار، نچلے اعضاء، نیند کے دوران
jerking, lower limbs, sleeplessness, during	=اعضا — جھٹکے دار، نچلے اعضاء، بے خوابی کے دوران
jerking, lower limbs, stepping out, on	=اعضا — جھٹکے دار، نچلے اعضاء، قدم باہر رکھنے پر
jerking, motion, on agg.	=اعضا — جھٹکے دار، حرکت پر بگاڑ
jerking, leg, sleep, during	=اعضا — جھٹکے دار، ٹانگ، نیند کے دوران
jerking, foot, sleep, in	=اعضا — جھٹکے دار، پاؤں، نیند میں
jerking, foot, spasm, in	=اعضا — جھٹکے دار، پاؤں، اینٹھن میں
knocked together, knees, fright, after	=اعضا — آپس میں ٹکرانا، گھٹنوں، ڈر کے بعد
lameness, morning, waking, on	=اعضا — لنگڑا پن، صبح، جاگنے پر
lameness, joints, chill, during	=اعضا — لنگڑا پن، جوڑوں میں، سردی لگنا کے دوران
lameness, joints, sprain, after	=اعضا — لنگڑا پن، جوڑوں میں، جیسے موچ آ گئی ہو کے بعد
lameness, joints, waking, after	=اعضا — لنگڑا پن، جوڑوں میں، جاگنا کے بعد
lameness, upper limbs, morning, waking, on	=اعضا — لنگڑا پن، اوپری اعضاء، صبح، جاگنے پر
lameness, upper limbs, neuralgia, after	=اعضا — لنگڑا پن، اوپری اعضاء، عصبی درد کے بعد
lameness, upper limbs, waking, on	=اعضا — لنگڑا پن، اوپری اعضاء، جاگنے پر
lameness, upper limbs, writing, after	=اعضا — لنگڑا پن، اوپری اعضاء، لکھنا کے بعد
lameness, shoulder, raising arm, on	=اعضا — لنگڑا پن، کندھا، بازو اٹھانے پر
lameness, upper arm, raising it, on	=اعضا — لنگڑا پن، اوپری بازو، اُس کو اٹھانے پر
lameness, upper arm, writing, from	=اعضا — لنگڑا پن، اوپری بازو، لکھنے سے
lameness, wrist, sprain, after	=اعضا — لنگڑا پن، کلائی تک، جیسے موچ آ گئی ہو کے بعد
lameness, hand, exertion, after	=اعضا — لنگڑا پن، ہاتھ، محنت کے بعد
lameness, fingers, third, writing, after	=اعضا — لنگڑا پن، انگلیاں، تیسرا، لکھنا کے بعد
lameness, lower limbs, chill, during	=اعضا — لنگڑا پن، نچلے اعضاء، سردی لگنا کے دوران
lameness, lower limbs, fever, during	=اعضا — لنگڑا پن، نچلے اعضاء، بخار کے دوران
lameness, lower limbs, menses, before	=اعضا — لنگڑا پن، نچلے اعضاء، حیض سے پہلے
lameness, lower limbs, menses, during	=اعضا — لنگڑا پن، نچلے اعضاء، حیض کے دوران
lameness, hip, afternoon, 2 p.m.	=اعضا — لنگڑا پن، کولھا، سہ پہر 2 بجے
lameness, hip, rising from a seat, after	=اعضا — لنگڑا پن، کولھا، نشست سے اٹھنے کے بعد
lameness, thigh, menses, during	=اعضا — لنگڑا پن، ران، حیض کے دوران
lameness, thigh, walking, on	=اعضا — لنگڑا پن، ران، چلنے پر
lameness, knee, kneeling, when	=اعضا — لنگڑا پن، گھٹنوں کے بل بیٹھے وقت
lameness, knee, rising from a seat, after	=اعضا — لنگڑا پن، گھٹنا، نشست سے اٹھنے کے بعد
lameness, ankles, morning, rising, after	=اعضا — لنگڑا پن، ٹخنے، صبح، اٹھنا کے بعد
lameness, ankles, sprain, after	=اعضا — لنگڑا پن، ٹخنے، جیسے موچ آ گئی ہو کے بعد
lameness, foot, pregnancy, during	=اعضا — لنگڑا پن، پاؤں، حمل کے دوران
lightness, sensation of, lower limbs, walking, after	=اعضا — ہلکا پن، کا احساس، نچلے اعضاء، چلنا کے بعد
loose, as if flesh were	=اعضا — ڈھیلی، جیسے گوشت، تھے
milk-leg, contractions, with	=اعضا — زچگی کے بعد ٹانگ کی سوجن (ملک لیگ)، سکڑاؤ کے ساتھ
motion, constant, convulsions, between	=اعضا — حرکت، مسلسل، تشنج کے درمیان
motion, constant, sleep, during	=اعضا — حرکت، مسلسل، نیند کے دوران
motion, difficult, walking, after	=اعضا — حرکت، مشکل، چلنا کے بعد
motion, sleep, during	=اعضا — حرکت، نیند کے دوران
motion, upper limbs, dry, as if joints were	=اعضا — حرکت، اوپری اعضاء، خشک، جیسے جوڑ، تھے
motion, upper limbs, side to side, from	=اعضا — حرکت، اوپری اعضاء، ایک طرف سے دوسری طرف سے
motion, fingers, counting, as if he were, with	=اعضا — حرکت، انگلیاں، گننا، جیسے وہ، تھے، جیسے وہ، تھے کے ساتھ
motion, foot, downward, as if stamping	=اعضا — حرکت، پاؤں، نیچے کی طرف، جیسے پاؤں مارنا
motion, hands, playing, with	=اعضا — حرکت، ہاتھ، کھیلنا کے ساتھ
numbness, morning, waking, on	=اعضا — سن ہونا، صبح، جاگنے پر
numbness, morning, 10 a.m.	=اعضا — سن ہونا، صبح 10 بجے
numbness, afternoon, 4 p.m.	=اعضا — سن ہونا، سہ پہر 4 بجے
numbness, evening, perspiration, after	=اعضا — سن ہونا، شام، پسینہ کے بعد
numbness, night, waking, on	=اعضا — سن ہونا، رات، جاگنے پر
numbness, chill, during	=اعضا — سن ہونا، سردی لگنا کے دوران
numbness, exaltation, with	=اعضا — سن ہونا، جوش کے ساتھ
numbness, heat, during	=اعضا — سن ہونا، گرمی کے دوران
numbness, menses, during	=اعضا — سن ہونا، حیض کے دوران
numbness, waking, on	=اعضا — سن ہونا، جاگنے پر
numbness, upper limbs, right, lying on the right side	=اعضا — سن ہونا، اوپری اعضاء، دائیں کروٹ لیٹنے پر
numbness, upper limbs, morning, bed, in	=اعضا — سن ہونا، اوپری اعضاء، صبح، بستر میں
numbness, upper limbs, morning, waking, on	=اعضا — سن ہونا، اوپری اعضاء، صبح، جاگنے پر
numbness, upper limbs, evening, 7 p.m.	=اعضا — سن ہونا، اوپری اعضاء، شام 7 بجے
numbness, upper limbs, evening, 8 p.m.	=اعضا — سن ہونا، اوپری اعضاء، شام 8 بجے
numbness, upper limbs, night, sleep, in	=اعضا — سن ہونا، اوپری اعضاء، رات، نیند میں
numbness, upper limbs, colic, with	=اعضا — سن ہونا، اوپری اعضاء، قولنج کے ساتھ
numbness, upper limbs, covers, under	=اعضا — سن ہونا، اوپری اعضاء، چادریں کے نیچے
numbness, upper limbs, eating, after	=اعضا — سن ہونا، اوپری اعضاء، کھانا کے بعد
numbness, upper limbs, exertion, during, cramp-like numbness	=اعضا — سن ہونا، اوپری اعضاء، محنت کے دوران، اینٹھن جیسا سن ہونا
numbness, upper limbs, intermittent fever, in	=اعضا — سن ہونا، اوپری اعضاء، وقفے وقفے سے بخار میں
numbness, upper limbs, measles, in	=اعضا — سن ہونا، اوپری اعضاء، خسرہ میں
numbness, upper limbs, menses, during	=اعضا — سن ہونا، اوپری اعضاء، حیض کے دوران
numbness, upper limbs, scratching, after	=اعضا — سن ہونا، اوپری اعضاء، کھجانا کے بعد
numbness, upper limbs, siesta, during	=اعضا — سن ہونا، اوپری اعضاء، دوپہر کی نیند کے دوران
numbness, upper limbs, bed, in	=اعضا — سن ہونا، اوپری اعضاء، بستر میں
numbness, upper arm, morning, bed, in	=اعضا — سن ہونا، اوپری بازو، صبح، بستر میں
numbness, upper arm, sitting, on	=اعضا — سن ہونا، اوپری بازو، بیٹھنے پر
numbness, forearm, morning, 5 a.m.	=اعضا — سن ہونا، کلائی سے کہنی تک بازو، صبح 5 بجے
numbness, forearm, morning, 5 a.m., lying on right side	=اعضا — سن ہونا، کلائی سے کہنی تک بازو، صبح 5 بجے، دائیں کروٹ لیٹنا
numbness, forearm, morning, waking, on	=اعضا — سن ہونا، کلائی سے کہنی تک بازو، صبح، جاگنے پر
numbness, forearm, afternoon, 5 p.m.	=اعضا — سن ہونا، کلائی سے کہنی تک بازو، سہ پہر 5 بجے
numbness, forearm, evening, 10 p.m.	=اعضا — سن ہونا، کلائی سے کہنی تک بازو، شام 10 بجے
numbness, hand, morning, bed, in	=اعضا — سن ہونا، ہاتھ، صبح، بستر میں
numbness, hand, morning, waking, on	=اعضا — سن ہونا، ہاتھ، صبح، جاگنے پر
numbness, hand, morning, washing, on	=اعضا — سن ہونا، ہاتھ، صبح، دھونے پر
numbness, hand, morning, 4 a.m.	=اعضا — سن ہونا، ہاتھ، صبح 4 بجے
numbness, hand, morning, 5 a.m.	=اعضا — سن ہونا، ہاتھ، صبح 5 بجے
numbness, hand, morning, 7 a.m.	=اعضا — سن ہونا، ہاتھ، صبح 7 بجے
numbness, hand, night, sleep, in	=اعضا — سن ہونا، ہاتھ، رات، نیند میں
numbness, hand, chill, during	=اعضا — سن ہونا، ہاتھ، سردی لگنا کے دوران
numbness, hand, eating, after	=اعضا — سن ہونا، ہاتھ، کھانا کے بعد
numbness, hand, excitement, during	=اعضا — سن ہونا، ہاتھ، ہیجان کے دوران
numbness, hand, lying, on	=اعضا — سن ہونا، ہاتھ، لیٹنے پر
numbness, hand, menses, during	=اعضا — سن ہونا، ہاتھ، حیض کے دوران
numbness, hand, motion, on agg.	=اعضا — سن ہونا، ہاتھ، حرکت پر بگاڑ
numbness, hand, using, on	=اعضا — سن ہونا، ہاتھ، آنکھوں سے کام لینے پر
numbness, hand, waking, on	=اعضا — سن ہونا، ہاتھ، جاگنے پر
numbness, hand, wetting, on agg.	=اعضا — سن ہونا، ہاتھ، گیلا کرنے پر بگاڑ
numbness, hand, writing, on	=اعضا — سن ہونا، ہاتھ، لکھنے پر
numbness, fingers, morning, bed, in	=اعضا — سن ہونا، انگلیاں، صبح، بستر میں
numbness, fingers, morning, rising, on	=اعضا — سن ہونا، انگلیاں، صبح، اٹھنے پر
numbness, fingers, chill, during	=اعضا — سن ہونا، انگلیاں، سردی لگنا کے دوران
numbness, fingers, convulsion, between	=اعضا — سن ہونا، انگلیاں، تشنج کے درمیان
numbness, fingers, eating, after	=اعضا — سن ہونا، انگلیاں، کھانا کے بعد
numbness, fingers, epileptic, during	=اعضا — سن ہونا، انگلیاں، مرگی جیسا کے دوران
numbness, fingers, perspiration, during	=اعضا — سن ہونا، انگلیاں، پسینہ کے دوران
numbness, fingers, writing, after	=اعضا — سن ہونا، انگلیاں، لکھنا کے بعد
numbness, fingers, fever, during	=اعضا — سن ہونا، انگلیاں، بخار کے دوران
numbness, fingers, tips of, chill, during	=اعضا — سن ہونا، انگلیاں، سرے، سردی لگنا کے دوران
numbness, fingers, tips of, wetting, after a	=اعضا — سن ہونا، انگلیاں، سرے، گیلا کرنا کے بعد
numbness, fingers, third finger, morning, waking, on	=اعضا — سن ہونا، انگلیاں، تیسری انگلی، صبح، جاگنے پر
numbness, fingers, third finger, evening, 7 p.m.	=اعضا — سن ہونا، انگلیاں، تیسری انگلی، شام 7 بجے
numbness, fingers, fourth finger, evening, bed, in	=اعضا — سن ہونا، انگلیاں، چوتھی انگلی، شام، بستر میں
numbness, fingers, fourth finger, sitting, after	=اعضا — سن ہونا، انگلیاں، چوتھی انگلی، بیٹھنا کے بعد
numbness, fingers, fourth finger, waking, on	=اعضا — سن ہونا، انگلیاں، چوتھی انگلی، جاگنے پر
numbness, lower limbs, morning, bed, in	=اعضا — سن ہونا، نچلے اعضاء، صبح، بستر میں
numbness, lower limbs, chill, during	=اعضا — سن ہونا، نچلے اعضاء، سردی لگنا کے دوران
numbness, lower limbs, exertion, during, cramp-like numbness	=اعضا — سن ہونا، نچلے اعضاء، محنت کے دوران، اینٹھن جیسا سن ہونا
numbness, lower limbs, kneeling, after	=اعضا — سن ہونا، نچلے اعضاء، گھٹنوں کے بل بیٹھنا کے بعد
numbness, lower limbs, meals, after	=اعضا — سن ہونا، نچلے اعضاء، کھانے کے بعد
numbness, lower limbs, menses, before	=اعضا — سن ہونا، نچلے اعضاء، حیض سے پہلے
numbness, lower limbs, menses, during	=اعضا — سن ہونا، نچلے اعضاء، حیض کے دوران
numbness, lower limbs, pain, after the pain has left	=اعضا — سن ہونا، نچلے اعضاء، درد ہے بائیں کے بعد
numbness, lower limbs, resting, after	=اعضا — سن ہونا، نچلے اعضاء، آرام کرنا کے بعد
numbness, lower limbs, siesta, during	=اعضا — سن ہونا، نچلے اعضاء، دوپہر کی نیند کے دوران
numbness, lower limbs, sitting, after	=اعضا — سن ہونا، نچلے اعضاء، بیٹھنا کے بعد
numbness, lower limbs, stool, after	=اعضا — سن ہونا، نچلے اعضاء، پاخانہ کے بعد
numbness, nates, rising, on, after sitting	=اعضا — سن ہونا، سُرین، اٹھنے پر، بیٹھنے کے بعد
numbness, thigh, heat, during	=اعضا — سن ہونا، ران، گرمی کے دوران
numbness, thigh, menses, before	=اعضا — سن ہونا، ران، حیض سے پہلے
numbness, knee, sitting, after	=اعضا — سن ہونا، گھٹنا، بیٹھنا کے بعد
numbness, knee, sleep, during	=اعضا — سن ہونا، گھٹنا، نیند کے دوران
numbness, knee, walking fast, on	=اعضا — سن ہونا، گھٹنا، تیز چلنے پر
numbness, knee, hollow of knee	=اعضا — سن ہونا، گھٹنے کا گڑھا
numbness, leg, morning, bed, in	=اعضا — سن ہونا، ٹانگ، صبح، بستر میں
numbness, leg, bed, in	=اعضا — سن ہونا، ٹانگ، بستر میں
numbness, leg, chill, during	=اعضا — سن ہونا، ٹانگ، سردی لگنا کے دوران
numbness, leg, convulsion, before	=اعضا — سن ہونا، ٹانگ، تشنج سے پہلے
numbness, leg, excitement, during	=اعضا — سن ہونا، ٹانگ، ہیجان کے دوران
numbness, leg, menses, during	=اعضا — سن ہونا، ٹانگ، حیض کے دوران
numbness, leg, motion, during	=اعضا — سن ہونا، ٹانگ، حرکت کے دوران
numbness, leg, sitting, after	=اعضا — سن ہونا، ٹانگ، بیٹھنا کے بعد
numbness, leg, sleep, after	=اعضا — سن ہونا، ٹانگ، نیند کے بعد
numbness, leg, tibia, about	=اعضا — سن ہونا، ٹانگ، پنڈلی کی ہڈی کے ارد گرد
numbness, foot, morning, bed, in	=اعضا — سن ہونا، پاؤں، صبح، بستر میں
numbness, foot, afternoon, 2 p.m.	=اعضا — سن ہونا، پاؤں، سہ پہر 2 بجے
numbness, foot, evening, bed, in	=اعضا — سن ہونا، پاؤں، شام، بستر میں
numbness, foot, night, bed, in	=اعضا — سن ہونا، پاؤں، رات، بستر میں
numbness, foot, chill, with	=اعضا — سن ہونا، پاؤں، سردی لگنا کے ساتھ
numbness, foot, dinner, during	=اعضا — سن ہونا، پاؤں، دوپہر کا کھانا کے دوران
numbness, foot, dinner, after	=اعضا — سن ہونا، پاؤں، دوپہر کا کھانا کے بعد
numbness, foot, eating, after	=اعضا — سن ہونا، پاؤں، کھانا کے بعد
numbness, foot, excitement, during	=اعضا — سن ہونا، پاؤں، ہیجان کے دوران
numbness, foot, menses, before	=اعضا — سن ہونا، پاؤں، حیض سے پہلے
numbness, foot, motion, on	=اعضا — سن ہونا، پاؤں، حرکت پر
numbness, foot, riding, while	=اعضا — سن ہونا، پاؤں، سواری کے دوران
numbness, foot, walking, after	=اعضا — سن ہونا، پاؤں، چلنا کے بعد
numbness, foot, heel, morning, rising, on	=اعضا — سن ہونا، پاؤں، ایڑی، صبح، اٹھنے پر
pain, morning, bed, in	=اعضا — درد، صبح، بستر میں
pain, morning, waking, on	=اعضا — درد، صبح، جاگنے پر
pain, morning, 4 a.m.	=اعضا — درد، صبح 4 بجے
pain, night, midnight, before	=اعضا — درد، رات، آدھی رات سے پہلے
pain, night, midnight, after	=اعضا — درد، رات، آدھی رات کے بعد
pain, chill, before	=اعضا — درد، سردی لگنے سے پہلے
pain, chill, during	=اعضا — درد، سردی لگنا کے دوران
pain, coition, after	=اعضا — درد، جماع کے بعد
pain, convulsions, after	=اعضا — درد، تشنج کے بعد
pain, eating, after	=اعضا — درد، کھانا کے بعد
pain, exertion, slight, after	=اعضا — درد، محنت، ہلکا کے بعد
pain, fever, during	=اعضا — درد، بخار کے دوران
pain, fright, from	=اعضا — درد، ڈر سے
pain, influenza, during	=اعضا — درد، فلو کے دوران
pain, menses, during	=اعضا — درد، حیض کے دوران
pain, parturition, after	=اعضا — درد، زچگی کے بعد
pain, rheumatic, cold, after a	=اعضا — درد، گٹھیا والا، ٹھنڈا کے بعد
pain, rheumatic, diarrhoea, chronic, in	=اعضا — درد، گٹھیا والا، دست، پرانا (مزمن) میں
pain, rheumatic, diarrhoea, following	=اعضا — درد، گٹھیا والا، دست کے بعد
pain, rheumatic, eruptions, acute, after	=اعضا — درد، گٹھیا والا، دانے، تیز کے بعد
pain, rheumatic, perspiration, with	=اعضا — درد، گٹھیا والا، پسینہ کے ساتھ
pain, sleep, during	=اعضا — درد، نیند کے دوران
pain, sleep, after agg.	=اعضا — درد، نیند کے بعد بگاڑ
pain, walking, on agg.	=اعضا — درد، چلنے پر بگاڑ
pain, walking, after	=اعضا — درد، چلنا کے بعد
pain, flexor muscles, exertion, from	=اعضا — درد، اندر موڑنے والے پٹھے، محنت سے
pain, flexor muscles, waking, on	=اعضا — درد، اندر موڑنے والے پٹھے، جاگنے پر
pain, joints, morning, bed, in	=اعضا — درد، جوڑوں میں، صبح، بستر میں
pain, joints, morning, waking, on	=اعضا — درد، جوڑوں میں، صبح، جاگنے پر
pain, joints, afternoon, sleeping, after	=اعضا — درد، جوڑوں میں، سہ پہر، سوتے ہوئے کے بعد
pain, joints, night, 10 p.m. until 6 a.m.	=اعضا — درد، جوڑوں میں، رات 10 بجے تک، 6، صبح
pain, joints, bed, in	=اعضا — درد، جوڑوں میں، بستر میں
pain, joints, bending, on	=اعضا — درد، جوڑوں میں، جھکنے پر
pain, joints, chill, during	=اعضا — درد، جوڑوں میں، سردی لگنا کے دوران
pain, joints, cold, weather, in	=اعضا — درد، جوڑوں میں، ٹھنڈا، موسم میں
pain, joints, eating, after	=اعضا — درد، جوڑوں میں، کھانا کے بعد
pain, joints, exertion, after	=اعضا — درد، جوڑوں میں، محنت کے بعد
pain, joints, gouty, increase as cough diminishes	=اعضا — درد، جوڑوں میں، گٹھیا والی، بڑھنا، جیسے کھانسی، گھٹتا ہے
pain, joints, numbness, with	=اعضا — درد، جوڑوں میں، سن ہونا کے ساتھ
pain, joints, rheumatic, gonorrhoea, after, suppressed	=اعضا — درد، جوڑوں میں، گٹھیا والا، سوزاک کے بعد، دبا ہوا
pain, joints, sleep, during	=اعضا — درد، جوڑوں میں، نیند کے دوران
pain, joints, walking, after	=اعضا — درد، جوڑوں میں، چلنا کے بعد
pain, joints, wine, after	=اعضا — درد، جوڑوں میں، شراب کے بعد
pain, dislocation, as if, ankle	=اعضا — درد، ہڈی کا کھسکنا، جیسے ٹخنے تک
pain, dislocation, as if, feeling, upper limbs	=اعضا — درد، ہڈی کا کھسکنا، جیسے احساس، اوپری اعضاء
pain, dislocation, as if, feeling, upper limbs, joints	=اعضا — درد، ہڈی کا کھسکنا، جیسے احساس، اوپری اعضاء، جوڑوں میں
pain, dislocation, as if, feeling, upper limbs, joints, left	=اعضا — درد، ہڈی کا کھسکنا، جیسے احساس، اوپری اعضاء، جوڑوں میں، بائیں
pain, dislocation, as if, finger joints	=اعضا — درد، ہڈی کا کھسکنا، جیسے انگلیوں کے جوڑ
pain, dislocation, as if, foot	=اعضا — درد، ہڈی کا کھسکنا، جیسے پاؤں
pain, dislocation, as if, hip	=اعضا — درد، ہڈی کا کھسکنا، جیسے کولھا
pain, dislocation, as if, hip, left	=اعضا — درد، ہڈی کا کھسکنا، جیسے کولھا، بائیں
pain, dislocation, as if, hip, sitting, while	=اعضا — درد، ہڈی کا کھسکنا، جیسے کولھا، بیٹھے ہوئے
pain, dislocation, as if, hip, stepping	=اعضا — درد، ہڈی کا کھسکنا، جیسے کولھا، قدم رکھنا
pain, dislocation, as if, knee	=اعضا — درد، ہڈی کا کھسکنا، جیسے گھٹنا
pain, dislocation, as if, lower limbs	=اعضا — درد، ہڈی کا کھسکنا، جیسے نچلے اعضاء
pain, dislocation, as if, shoulder	=اعضا — درد، ہڈی کا کھسکنا، جیسے کندھا
pain, dislocation, as if, thumb joint	=اعضا — درد، ہڈی کا کھسکنا، جیسے انگوٹھا، جوڑ
pain, dislocation, as if, toes	=اعضا — درد، ہڈی کا کھسکنا، جیسے انگوٹھوں
pain, dislocation, as if, wrist, on motion	=اعضا — درد، ہڈی کا کھسکنا، جیسے کلائی تک، حرکت پر
pain, motion, on agg.	=اعضا — درد، حرکت پر بگاڑ
pain, upper limbs, right, heart symptoms, with	=اعضا — درد، اوپری اعضاء، دائیں، دل کی علامات کے ساتھ
pain, upper limbs, left, epilepsy, before	=اعضا — درد، اوپری اعضاء، بائیں، مرگی سے پہلے
pain, upper limbs, left, heart symptoms, with	=اعضا — درد، اوپری اعضاء، بائیں، دل کی علامات کے ساتھ
pain, upper limbs, morning, motion, on	=اعضا — درد، اوپری اعضاء، صبح، حرکت پر
pain, upper limbs, morning, waking, on	=اعضا — درد، اوپری اعضاء، صبح، جاگنے پر
pain, upper limbs, noon, walking, after	=اعضا — درد، اوپری اعضاء، دوپہر، چلنا کے بعد
pain, upper limbs, evening, bed, in	=اعضا — درد، اوپری اعضاء، شام، بستر میں
pain, upper limbs, evening, 6 p.m.	=اعضا — درد، اوپری اعضاء، شام 6 بجے
pain, upper limbs, night, midnight, after	=اعضا — درد، اوپری اعضاء، رات، آدھی رات کے بعد
pain, upper limbs, amputation, after	=اعضا — درد، اوپری اعضاء، کاٹ دینا کے بعد
pain, upper limbs, bed, in	=اعضا — درد، اوپری اعضاء، بستر میں
pain, upper limbs, bed, in, weight of clothing	=اعضا — درد، اوپری اعضاء، بستر میں، وزن کا، لباس
pain, upper limbs, cough, during	=اعضا — درد، اوپری اعضاء، کھانسی کے دوران
pain, upper limbs, dinner, during	=اعضا — درد، اوپری اعضاء، دوپہر کا کھانا کے دوران
pain, upper limbs, eating, after	=اعضا — درد، اوپری اعضاء، کھانا کے بعد
pain, upper limbs, epileptic, before	=اعضا — درد، اوپری اعضاء، مرگی جیسا سے پہلے
pain, upper limbs, exertion, during	=اعضا — درد، اوپری اعضاء، محنت کے دوران
pain, upper limbs, exertion, after	=اعضا — درد، اوپری اعضاء، محنت کے بعد
pain, upper limbs, hanging down, on	=اعضا — درد، اوپری اعضاء، لٹکتا ہوا پر
pain, upper limbs, menses, during	=اعضا — درد، اوپری اعضاء، حیض کے دوران
pain, upper limbs, palpitation, with	=اعضا — درد، اوپری اعضاء، دل کی دھڑکن کے ساتھ
pain, upper limbs, pronation, during	=اعضا — درد، اوپری اعضاء، ہتھیلی نیچے کی طرف موڑنا کے دوران
pain, upper limbs, siesta, during	=اعضا — درد، اوپری اعضاء، دوپہر کی نیند کے دوران
pain, upper limbs, sleep, after	=اعضا — درد، اوپری اعضاء، نیند کے بعد
pain, upper limbs, waking, on	=اعضا — درد، اوپری اعضاء، جاگنے پر
pain, upper limbs, walking, after	=اعضا — درد، اوپری اعضاء، چلنا کے بعد
pain, upper limbs, chill, before	=اعضا — درد، اوپری اعضاء، سردی لگنے سے پہلے
pain, upper limbs, chill, during	=اعضا — درد، اوپری اعضاء، سردی لگنا کے دوران
pain, upper limbs, joints, motion, on agg.	=اعضا — درد، اوپری اعضاء، جوڑوں میں، حرکت پر بگاڑ
pain, shoulder, left, cough, during	=اعضا — درد، کندھا، بائیں، کھانسی کے دوران
pain, shoulder, morning, 5 a.m. to 6 a.m.	=اعضا — درد، کندھا، صبح 5 سے 6 بجے تک
pain, shoulder, morning, bed, in	=اعضا — درد، کندھا، صبح، بستر میں
pain, shoulder, morning, rising, on	=اعضا — درد، کندھا، صبح، اٹھنے پر
pain, shoulder, morning, waking, on	=اعضا — درد، کندھا، صبح، جاگنے پر
pain, shoulder, evening, bed, in	=اعضا — درد، کندھا، شام، بستر میں
pain, shoulder, evening, 7 p.m.	=اعضا — درد، کندھا، شام 7 بجے
pain, shoulder, night, bed, in	=اعضا — درد، کندھا، رات، بستر میں
pain, shoulder, bending head, on	=اعضا — درد، کندھا، سر جھکانے پر
pain, shoulder, cough, during	=اعضا — درد، کندھا، کھانسی کے دوران
pain, shoulder, dinner, after	=اعضا — درد، کندھا، دوپہر کا کھانا کے بعد
pain, shoulder, menses, during	=اعضا — درد، کندھا، حیض کے دوران
pain, shoulder, motion, on agg.	=اعضا — درد، کندھا، حرکت پر بگاڑ
pain, shoulder, respiration, during	=اعضا — درد، کندھا، سانس لینا کے دوران
pain, shoulder, thunderstorm, before	=اعضا — درد، کندھا، گرج چمک سے پہلے
pain, shoulder, turning, over, after, amel.	=اعضا — درد، کندھا، مڑنا کے اوپر کے بعد، آرام
pain, shoulder, vexation, after	=اعضا — درد، کندھا، جھنجھلاہٹ کے بعد
pain, shoulder, waking, on	=اعضا — درد، کندھا، جاگنے پر
pain, shoulder, acromion	=اعضا — درد، کندھے کی ہڈی کی نوک
pain, upper arm, morning, rising, after	=اعضا — درد، اوپری بازو، صبح، اٹھنا کے بعد
pain, upper arm, morning, waking, on	=اعضا — درد، اوپری بازو، صبح، جاگنے پر
pain, upper arm, noon, lying down, after	=اعضا — درد، اوپری بازو، دوپہر، لیٹنا کے بعد
pain, upper arm, afternoon, 1 p.m., while riding	=اعضا — درد، اوپری بازو، سہ پہر 1 بجے، سواری کے دوران
pain, upper arm, afternoon, 2 p.m.	=اعضا — درد، اوپری بازو، سہ پہر 2 بجے
pain, upper arm, afternoon, 3 p.m.	=اعضا — درد، اوپری بازو، سہ پہر 3 بجے
pain, upper arm, evening, bed, in	=اعضا — درد، اوپری بازو، شام، بستر میں
pain, upper arm, night, sleep, during	=اعضا — درد، اوپری بازو، رات، نیند کے دوران
pain, upper arm, bed, in	=اعضا — درد، اوپری بازو، بستر میں
pain, upper arm, chill, after	=اعضا — درد، اوپری بازو، سردی لگنا کے بعد
pain, upper arm, lifting, after	=اعضا — درد، اوپری بازو، اٹھانا کے بعد
pain, upper arm, menses, during	=اعضا — درد، اوپری بازو، حیض کے دوران
pain, upper arm, bone, afternoon, 3 p.m.	=اعضا — درد، اوپری بازو، ہڈی میں، سہ پہر 3 بجے
pain, upper arm, pressure, on agg.	=اعضا — درد، اوپری بازو، دباؤ پر بگاڑ
pain, upper arm, motion, on agg.	=اعضا — درد، اوپری بازو، حرکت پر بگاڑ
pain, elbow, morning, 6 a.m.	=اعضا — درد، کہنی، صبح 6 بجے
pain, elbow, afternoon, 4 p.m.	=اعضا — درد، کہنی، سہ پہر 4 بجے
pain, elbow, evening, 7 p.m.	=اعضا — درد، کہنی، شام 7 بجے
pain, elbow, evening, 9 p.m.	=اعضا — درد، کہنی، شام 9 بجے
pain, elbow, night, 11 p.m. until morning	=اعضا — درد، کہنی، رات 11 بجے تک، صبح
pain, elbow, carrying a weight, after	=اعضا — درد، کہنی، وزن اٹھاتے ہوئے کے بعد
pain, elbow, chill, during	=اعضا — درد، کہنی، سردی لگنا کے دوران
pain, elbow, riding, after	=اعضا — درد، کہنی، سواری کے بعد
pain, elbow, walking, after	=اعضا — درد، کہنی، چلنا کے بعد
pain, elbow, bend of, motion, on agg.	=اعضا — درد، کہنی، موڑ، حرکت پر بگاڑ
pain, elbow, bend of, stretching arm, on	=اعضا — درد، کہنی، موڑ، بازو تاننے پر
pain, elbow, bend of, writing, after	=اعضا — درد، کہنی، موڑ، لکھنا کے بعد
pain, elbow, olecranon	=اعضا — درد، کہنی کی نوک (اولیکرینن)
pain, elbow, olecranon, motion, on	=اعضا — درد، کہنی کی نوک (اولیکرینن)، حرکت پر
pain, forearm, morning, waking, on	=اعضا — درد، کلائی سے کہنی تک بازو، صبح، جاگنے پر
pain, forearm, evening, 8 p.m.	=اعضا — درد، کلائی سے کہنی تک بازو، شام 8 بجے
pain, forearm, bed, in	=اعضا — درد، کلائی سے کہنی تک بازو، بستر میں
pain, forearm, grasping, on	=اعضا — درد، کلائی سے کہنی تک بازو، پکڑنے پر
pain, forearm, motion, on agg.	=اعضا — درد، کلائی سے کہنی تک بازو، حرکت پر بگاڑ
pain, forearm, waking, on	=اعضا — درد، کلائی سے کہنی تک بازو، جاگنے پر
pain, wrist, morning, bed, in	=اعضا — درد، کلائی تک، صبح، بستر میں
pain, wrist, morning, twisting, on	=اعضا — درد، کلائی تک، صبح، مروڑنے پر
pain, wrist, morning, waking, on	=اعضا — درد، کلائی تک، صبح، جاگنے پر
pain, wrist, night, waking, on	=اعضا — درد، کلائی تک، رات، جاگنے پر
pain, wrist, bending, on	=اعضا — درد، کلائی تک، جھکنے پر
pain, wrist, exertion, after	=اعضا — درد، کلائی تک، محنت کے بعد
pain, wrist, lying down, after	=اعضا — درد، کلائی تک، لیٹنا کے بعد
pain, wrist, pressure, on	=اعضا — درد، کلائی تک، دباؤ پر
pain, wrist, rheumatic, writing, after	=اعضا — درد، کلائی تک، گٹھیا والا، لکھنا کے بعد
pain, wrist, stool, after	=اعضا — درد، کلائی تک، پاخانہ کے بعد
pain, wrist, twitching, with	=اعضا — درد، کلائی تک، پھڑکن کے ساتھ
pain, wrist, wind, in	=اعضا — درد، کلائی تک، ہوا میں
pain, wrist, writing, as after much rapid writing	=اعضا — درد، کلائی تک، لکھنا، جیسے بہت، تیز، لکھنا
pain, wrist, front of, walking in open air, after	=اعضا — درد، کلائی تک، سامنے کا حصہ، کھلی ہوا میں چلنا کے بعد
pain, wrist, motion, on agg.	=اعضا — درد، کلائی تک، حرکت پر بگاڑ
pain, hand, morning, waking, on	=اعضا — درد، ہاتھ، صبح، جاگنے پر
pain, hand, bed, in	=اعضا — درد، ہاتھ، بستر میں
pain, hand, chill, during	=اعضا — درد، ہاتھ، سردی لگنا کے دوران
pain, hand, closing hand, on	=اعضا — درد، ہاتھ بند کرنے پر
pain, hand, touch, on	=اعضا — درد، ہاتھ، چھونے پر
pain, hand, uncovering hands, during fever, from	=اعضا — درد، ہاتھ، کھولنا، ہاتھ، بخار کے دوران سے
pain, hand, waking, on	=اعضا — درد، ہاتھ، جاگنے پر
pain, hand, washing, on	=اعضا — درد، ہاتھ، دھونے پر
pain, hand, joints of, waking, on	=اعضا — درد، ہاتھ، جوڑ، جاگنے پر
pain, hand, motion, on agg.	=اعضا — درد، ہاتھ، حرکت پر بگاڑ
pain, hand, palm, motion, on	=اعضا — درد، ہاتھ، ہتھیلی، حرکت پر
pain, fingers, morning, rising, after	=اعضا — درد، انگلیاں، صبح، اٹھنا کے بعد
pain, fingers, chill, during	=اعضا — درد، انگلیاں، سردی لگنا کے دوران
pain, fingers, exertion, on	=اعضا — درد، انگلیاں، محنت پر
pain, fingers, variola, in	=اعضا — درد، انگلیاں، چیچک (ویریولا) میں
pain, fingers, walking, after	=اعضا — درد، انگلیاں، چلنا کے بعد
pain, fingers, joints, short, as if tendons were too	=اعضا — درد، انگلیاں، جوڑوں میں، مختصر، جیسے کنڈریں، تھے، بہت
pain, fingers, joints, waking, on	=اعضا — درد، انگلیاں، جوڑوں میں، جاگنے پر
pain, fingers, joints, third, motion, on	=اعضا — درد، انگلیاں، جوڑوں میں، تیسرا، حرکت پر
pain, fingers, nails, around the nails	=اعضا — درد، انگلیاں، ناخن کے ارد گرد
pain, fingers, nails, under the nails	=اعضا — درد، انگلیاں، ناخن کے نیچے
pain, fingers, nails, under the nails, horny growths, from	=اعضا — درد، انگلیاں، ناخن کے نیچے، سینگ جیسا، بڑھوتیاں، سینگ جیسا، بڑھوتیاں سے
pain, fingers, nails, under the nails, pressure, on	=اعضا — درد، انگلیاں، ناخن کے نیچے، دباؤ پر
pain, fingers, nails, under the nails, splinters, as from	=اعضا — درد، انگلیاں، ناخن کے نیچے، جیسے پھانس چبھی ہو، جیسے
pain, fingers, nails, under the nails, touched, when	=اعضا — درد، انگلیاں، ناخن کے نیچے، چھونے کے وقت
pain, fingers, second, motion, during	=اعضا — درد، انگلیاں، دوسرا، حرکت کے دوران
pain, fingers, third, coldness, during	=اعضا — درد، انگلیاں، تیسرا، ٹھنڈک کے دوران
pain, thumb, morning, rising, after	=اعضا — درد، انگوٹھا، صبح، اٹھنا کے بعد
pain, thumb, motion, on agg.	=اعضا — درد، انگوٹھا، حرکت پر بگاڑ
pain, thumb, abduction, on	=اعضا — درد، انگوٹھا، عضو کا کھینچاؤ پر
pain, thumb, lifting, on	=اعضا — درد، انگوٹھا، اٹھانے پر
pain, lower limbs, morning, bed, in	=اعضا — درد، نچلے اعضاء، صبح، بستر میں
pain, lower limbs, morning, rising, on	=اعضا — درد، نچلے اعضاء، صبح، اٹھنے پر
pain, lower limbs, morning, waking, on	=اعضا — درد، نچلے اعضاء، صبح، جاگنے پر
pain, lower limbs, morning, 9 a.m.	=اعضا — درد، نچلے اعضاء، صبح 9 بجے
pain, lower limbs, afternoon, 4 p.m.	=اعضا — درد، نچلے اعضاء، سہ پہر 4 بجے
pain, lower limbs, evening, bed, in	=اعضا — درد، نچلے اعضاء، شام، بستر میں
pain, lower limbs, night, bed, in	=اعضا — درد، نچلے اعضاء، رات، بستر میں
pain, lower limbs, night, midnight, before	=اعضا — درد، نچلے اعضاء، رات، آدھی رات سے پہلے
pain, lower limbs, night, midnight, after	=اعضا — درد، نچلے اعضاء، رات، آدھی رات کے بعد
pain, lower limbs, eating, after	=اعضا — درد، نچلے اعضاء، کھانا کے بعد
pain, lower limbs, exertion, from	=اعضا — درد، نچلے اعضاء، محنت سے
pain, lower limbs, flexing limb, on	=اعضا — درد، نچلے اعضاء، عضو موڑنے پر
pain, lower limbs, menses, before	=اعضا — درد، نچلے اعضاء، حیض سے پہلے
pain, lower limbs, menses, during	=اعضا — درد، نچلے اعضاء، حیض کے دوران
pain, lower limbs, move, beginning to	=اعضا — درد، نچلے اعضاء، ہلنا شروع کرنے پر
pain, lower limbs, sciatica, night, midnight, before	=اعضا — درد، نچلے اعضاء، عرق النساء (سیاٹیکا)، رات، آدھی رات سے پہلے
pain, lower limbs, sciatica, night, midnight, after	=اعضا — درد، نچلے اعضاء، عرق النساء (سیاٹیکا)، رات، آدھی رات کے بعد
pain, lower limbs, sciatica, atrophy, with	=اعضا — درد، نچلے اعضاء، عرق النساء (سیاٹیکا)، سکڑاؤ (دبلانا) کے ساتھ
pain, lower limbs, sciatica, bed, in	=اعضا — درد، نچلے اعضاء، عرق النساء (سیاٹیکا)، بستر میں
pain, lower limbs, sciatica, burning, with	=اعضا — درد، نچلے اعضاء، عرق النساء (سیاٹیکا)، جلتا ہوا کے ساتھ
pain, lower limbs, sciatica, injury, after	=اعضا — درد، نچلے اعضاء، عرق النساء (سیاٹیکا)، نقصان پہنچنے کا کے بعد
pain, lower limbs, sciatica, lying, back, on agg.	=اعضا — درد، نچلے اعضاء، عرق النساء (سیاٹیکا)، لیٹنا، پیٹھ پر بگاڑ
pain, lower limbs, sciatica, lying, back, on, amel.	=اعضا — درد، نچلے اعضاء، عرق النساء (سیاٹیکا)، لیٹنا، پیٹھ پر، آرام
pain, lower limbs, sciatica, numbness, with	=اعضا — درد، نچلے اعضاء، عرق النساء (سیاٹیکا)، سن ہونا کے ساتھ
pain, lower limbs, sciatica, sleep, after, agg.	=اعضا — درد، نچلے اعضاء، عرق النساء (سیاٹیکا)، نیند کے بعد، بگاڑ
pain, lower limbs, stool, before	=اعضا — درد، نچلے اعضاء، پاخانہ سے پہلے
pain, lower limbs, stool, during	=اعضا — درد، نچلے اعضاء، پاخانہ کے دوران
pain, lower limbs, vexation, after	=اعضا — درد، نچلے اعضاء، جھنجھلاہٹ کے بعد
pain, lower limbs, weakness, with	=اعضا — درد، نچلے اعضاء، کمزوری کے ساتھ
pain, lower limbs, chill, before	=اعضا — درد، نچلے اعضاء، سردی لگنے سے پہلے
pain, lower limbs, chill, during	=اعضا — درد، نچلے اعضاء، سردی لگنا کے دوران
pain, nates, morning, 6 a.m. until night	=اعضا — درد، سُرین، صبح 6 بجے تک، رات
pain, nates, night, sitting, after	=اعضا — درد، سُرین، رات، بیٹھنا کے بعد
pain, hip, morning, waking, on	=اعضا — درد، کولھا، صبح، جاگنے پر
pain, hip, morning, 5 a.m.	=اعضا — درد، کولھا، صبح 5 بجے
pain, hip, afternoon, 1 p.m.	=اعضا — درد، کولھا، سہ پہر 1 بجے
pain, hip, afternoon, 3 p.m.	=اعضا — درد، کولھا، سہ پہر 3 بجے
pain, hip, evening, 9 p.m.	=اعضا — درد، کولھا، شام 9 بجے
pain, hip, night, bed, in	=اعضا — درد، کولھا، رات، بستر میں
pain, hip, night, midnight, before	=اعضا — درد، کولھا، رات، آدھی رات سے پہلے
pain, hip, chill, during	=اعضا — درد، کولھا، سردی لگنا کے دوران
pain, hip, confinement, after	=اعضا — درد، کولھا، زچگی کے بعد
pain, hip, coughing, on	=اعضا — درد، کولھا، کھانسی پر
pain, hip, eating, after	=اعضا — درد، کولھا، کھانا کے بعد
pain, hip, exertion, after	=اعضا — درد، کولھا، محنت کے بعد
pain, hip, lying, after	=اعضا — درد، کولھا، لیٹنا کے بعد
pain, hip, lying, on	=اعضا — درد، کولھا، لیٹنے پر
pain, hip, lying, on, opposite side	=اعضا — درد، کولھا، لیٹنے پر، دوسری طرف، طرف
pain, hip, lying, on, painful side amel.	=اعضا — درد، کولھا، لیٹنے پر، دردناک، طرف، آرام
pain, hip, lying, on, side	=اعضا — درد، کولھا، لیٹنے پر، طرف
pain, hip, menses, before	=اعضا — درد، کولھا، حیض سے پہلے
pain, hip, menses, during	=اعضا — درد، کولھا، حیض کے دوران
pain, hip, move, beginning to	=اعضا — درد، کولھا، ہلنا شروع کرنے پر
pain, hip, parturition, during	=اعضا — درد، کولھا، زچگی کے دوران
pain, hip, rising, on	=اعضا — درد، کولھا، اٹھنے پر
pain, hip, sleep, after	=اعضا — درد، کولھا، نیند کے بعد
pain, hip, stool, during	=اعضا — درد، کولھا، پاخانہ کے دوران
pain, hip, stooping, on	=اعضا — درد، کولھا، جھکنے پر
pain, hip, touch, on	=اعضا — درد، کولھا، چھونے پر
pain, hip, vexation, from	=اعضا — درد، کولھا، جھنجھلاہٹ سے
pain, hip, walking, after agg.	=اعضا — درد، کولھا، چلنا کے بعد بگاڑ
pain, hip, walking, on agg.	=اعضا — درد، کولھا، چلنے پر بگاڑ
pain, hip, walking, after, amel.	=اعضا — درد، کولھا، چلنا کے بعد، آرام
pain, hip, gluteal region, sitting, after	=اعضا — درد، کولھا، سُرین کا علاقہ، بیٹھنا کے بعد
pain, hip, motion, bed, in	=اعضا — درد، کولھا، حرکت، بستر میں
pain, hip, motion, on agg.	=اعضا — درد، کولھا، حرکت پر بگاڑ
pain, thigh, morning, rising, on	=اعضا — درد، ران، صبح، اٹھنے پر
pain, thigh, morning, waking, on	=اعضا — درد، ران، صبح، جاگنے پر
pain, thigh, morning, 9 a.m.	=اعضا — درد، ران، صبح 9 بجے
pain, thigh, noon, walking, after	=اعضا — درد، ران، دوپہر، چلنا کے بعد
pain, thigh, evening, lying down, after	=اعضا — درد، ران، شام، لیٹنا کے بعد
pain, thigh, night, sleep, during	=اعضا — درد، ران، رات، نیند کے دوران
pain, thigh, bed, in	=اعضا — درد، ران، بستر میں
pain, thigh, break, as if it would	=اعضا — درد، ران، ٹوٹنا، جیسے اُس، ہوتا
pain, thigh, chill, during	=اعضا — درد، ران، سردی لگنا کے دوران
pain, thigh, coition, after	=اعضا — درد، ران، جماع کے بعد
pain, thigh, coughing, on, extending to knee	=اعضا — درد، ران، کھانسی پر، گھٹنا تک پھیلتا ہوا
pain, thigh, descending, on	=اعضا — درد، ران، اترنے پر
pain, thigh, dinner, after	=اعضا — درد، ران، دوپہر کا کھانا کے بعد
pain, thigh, emissions, after	=اعضا — درد، ران، احتلام کے بعد
pain, thigh, exertion, from	=اعضا — درد، ران، محنت سے
pain, thigh, extending, down thigh, stool, during	=اعضا — درد، ران، پھیلتا ہوا، نیچے، ران، پاخانہ کے دوران
pain, thigh, menses, before	=اعضا — درد، ران، حیض سے پہلے
pain, thigh, menses, during	=اعضا — درد، ران، حیض کے دوران
pain, thigh, rising, on	=اعضا — درد، ران، اٹھنے پر
pain, thigh, scratching, after	=اعضا — درد، ران، کھجانا کے بعد
pain, thigh, sleep, during	=اعضا — درد، ران، نیند کے دوران
pain, thigh, sleep, after agg.	=اعضا — درد، ران، نیند کے بعد بگاڑ
pain, thigh, sleep, after, amel.	=اعضا — درد، ران، نیند کے بعد، آرام
pain, thigh, spots, in	=اعضا — درد، ران، دھبے میں
pain, thigh, stool, during	=اعضا — درد، ران، پاخانہ کے دوران
pain, thigh, straining at stool, after	=اعضا — درد، ران، پاخانے پر زور لگاتے ہوئے کے بعد
pain, thigh, touch, on	=اعضا — درد، ران، چھونے پر
pain, thigh, bone, in, evening, lying down, after	=اعضا — درد، ران، ہڈی میں، شام، لیٹنا کے بعد
pain, thigh, bone, in, night, sleep, during	=اعضا — درد، ران، ہڈی میں، رات، نیند کے دوران
pain, thigh, bone, in, crossing limbs, on	=اعضا — درد، ران، ہڈی میں، اعضاء کوڑے کرنے پر
pain, thigh, crural nerves	=اعضا — درد، ران کے اعصاب
pain, thigh, groin, near	=اعضا — درد، ران، کچھے کے قریب
pain, thigh, hamstrings	=اعضا — درد، ران کے پچھلے کنڈرے
pain, thigh, middle, of, as if tendon would snap on stepping	=اعضا — درد، ران، بیچ میں کا، جیسے کنڈرا، ہوتا، چٹکی پر، قدم رکھنا
pain, thigh, middle, of, menses, before	=اعضا — درد، ران، بیچ میں کا، حیض سے پہلے
pain, thigh, middle, of, anterior part of, rest, during	=اعضا — درد، ران، بیچ میں کا، سامنے کا حصہ، آرام کے دوران
pain, thigh, motion, on agg.	=اعضا — درد، ران، حرکت پر بگاڑ
pain, knee, evening, bed, in	=اعضا — درد، گھٹنا، شام، بستر میں
pain, knee, night, 11 p.m. until 7 a.m.	=اعضا — درد، گھٹنا، رات 11 بجے تک، 7، صبح
pain, knee, bending, on	=اعضا — درد، گھٹنا، جھکنے پر
pain, knee, chill, during	=اعضا — درد، گھٹنا، سردی لگنا کے دوران
pain, knee, cough, during	=اعضا — درد، گھٹنا، کھانسی کے دوران
pain, knee, eruption, suppressed, after	=اعضا — درد، گھٹنا، دانے، دبا ہوا کے بعد
pain, knee, exertion, after	=اعضا — درد، گھٹنا، محنت کے بعد
pain, knee, kneeling, when	=اعضا — درد، گھٹنوں کے بل بیٹھے وقت
pain, knee, menses, during	=اعضا — درد، گھٹنا، حیض کے دوران
pain, knee, sitting, after	=اعضا — درد، گھٹنا، بیٹھنا کے بعد
pain, knee, stool, after	=اعضا — درد، گھٹنا، پاخانہ کے بعد
pain, knee, stooping, after	=اعضا — درد، گھٹنا، جھکنا کے بعد
pain, knee, touch, on	=اعضا — درد، گھٹنا، چھونے پر
pain, knee, waking, on	=اعضا — درد، گھٹنا، جاگنے پر
pain, knee, walking, after	=اعضا — درد، گھٹنا، چلنا کے بعد
pain, knee, walking, on agg.	=اعضا — درد، گھٹنا، چلنے پر بگاڑ
pain, knee, hollow of, motion, on	=اعضا — درد، گھٹنا، گڑھا، حرکت پر
pain, knee, hollow of, standing, as if tendons were too short	=اعضا — درد، گھٹنا، گڑھا، کھڑا ہونا، جیسے کنڈریں، تھے، بہت، تھوڑا
pain, knee, hollow of, walking, on	=اعضا — درد، گھٹنا، گڑھا، چلنے پر
pain, knee, patella	=اعضا — درد، گھٹنے کی کاسہ (پیٹیلا)
pain, knee, patella, forenoon	=اعضا — درد، گھٹنے کی کاسہ (پیٹیلا)، دوپہر سے پہلے
pain, knee, patella, evening	=اعضا — درد، گھٹنے کی کاسہ (پیٹیلا)، شام
pain, knee, patella, night	=اعضا — درد، گھٹنے کی کاسہ (پیٹیلا)، رات
pain, knee, patella, bending	=اعضا — درد، گھٹنے کی کاسہ (پیٹیلا)، جھکنا
pain, knee, patella, motion, amel.	=اعضا — درد، گھٹنے کی کاسہ (پیٹیلا)، حرکت، آرام
pain, knee, patella, paralytic	=اعضا — درد، گھٹنے کی کاسہ (پیٹیلا)، فالج جیسا
pain, knee, patella, pressure agg.	=اعضا — درد، گھٹنے کی کاسہ (پیٹیلا)، دباؤ، بگاڑ
pain, knee, patella, rheumatic	=اعضا — درد، گھٹنے کی کاسہ (پیٹیلا)، گٹھیا والا
pain, knee, patella, rising from a seat	=اعضا — درد، گھٹنے کی کاسہ (پیٹیلا)، نشست سے اٹھنے پر
pain, knee, patella, sitting, while	=اعضا — درد، گھٹنے کی کاسہ (پیٹیلا)، بیٹھے ہوئے
pain, knee, patella, ulcerative	=اعضا — درد، گھٹنے کی کاسہ (پیٹیلا)، ناسور والا
pain, knee, patella, walking	=اعضا — درد، گھٹنے کی کاسہ (پیٹیلا)، چلنا
pain, knee, patella, wandering	=اعضا — درد، گھٹنے کی کاسہ (پیٹیلا)، گھومتا پھرتا
pain, knee, patella, extending to back	=اعضا — درد، گھٹنے کی کاسہ (پیٹیلا)، پیٹھ تک پھیلتا ہوا
pain, knee, patella, tendon of	=اعضا — درد، گھٹنے کی کاسہ (پیٹیلا)، کنڈرا
pain, knee, patella, tendon of, on walking	=اعضا — درد، گھٹنے کی کاسہ (پیٹیلا)، کنڈرا، چلنے پر
pain, knee, patella, motion agg.	=اعضا — درد، گھٹنے کی کاسہ (پیٹیلا)، حرکت، بگاڑ
pain, leg, morning, bed, in	=اعضا — درد، ٹانگ، صبح، بستر میں
pain, leg, morning, waking, on	=اعضا — درد، ٹانگ، صبح، جاگنے پر
pain, leg, morning, 5 a.m.	=اعضا — درد، ٹانگ، صبح 5 بجے
pain, leg, evening, bed, in	=اعضا — درد، ٹانگ، شام، بستر میں
pain, leg, evening, 6 p.m.	=اعضا — درد، ٹانگ، شام 6 بجے
pain, leg, evening, 7 p.m.	=اعضا — درد، ٹانگ، شام 7 بجے
pain, leg, cough, during	=اعضا — درد، ٹانگ، کھانسی کے دوران
pain, leg, eating, after	=اعضا — درد، ٹانگ، کھانا کے بعد
pain, leg, exertion, on	=اعضا — درد، ٹانگ، محنت پر
pain, leg, exertion, after	=اعضا — درد، ٹانگ، محنت کے بعد
pain, leg, fever, with	=اعضا — درد، ٹانگ، بخار کے ساتھ
pain, leg, flexing, on	=اعضا — درد، ٹانگ، موڑنے پر
pain, leg, lying, on	=اعضا — درد، ٹانگ، لیٹنے پر
pain, leg, menses, during	=اعضا — درد، ٹانگ، حیض کے دوران
pain, leg, menses, after	=اعضا — درد، ٹانگ، حیض کے بعد
pain, leg, rheumatic, gonorrhoea, after	=اعضا — درد، ٹانگ، گٹھیا والا، سوزاک کے بعد
pain, leg, rising, on	=اعضا — درد، ٹانگ، اٹھنے پر
pain, leg, sleep, after, amel.	=اعضا — درد، ٹانگ، نیند کے بعد، آرام
pain, leg, touch, on	=اعضا — درد، ٹانگ، چھونے پر
pain, leg, vexation, after	=اعضا — درد، ٹانگ، جھنجھلاہٹ کے بعد
pain, leg, tendo achillis, exertion, on	=اعضا — درد، ٹانگ، ایڑی کی رسی (ٹینڈو اکیلس)، محنت پر
pain, leg, tendo achillis, walking, after	=اعضا — درد، ٹانگ، ایڑی کی رسی (ٹینڈو اکیلس)، چلنا کے بعد
pain, leg, tibia, motion, on agg.	=اعضا — درد، ٹانگ، پنڈلی کی ہڈی، حرکت پر بگاڑ
pain, leg, calf, morning, waking, on	=اعضا — درد، ٹانگ، پنڈلی تک، صبح، جاگنے پر
pain, leg, calf, afternoon, 4 p.m., lying on back with leg flexed	=اعضا — درد، ٹانگ، پنڈلی تک، سہ پہر 4 بجے، پیٹھ کے بل لیٹنے کے ساتھ، ٹانگ، موڑے ہوئے
pain, leg, calf, evening, bed, in	=اعضا — درد، ٹانگ، پنڈلی تک، شام، بستر میں
pain, leg, calf, bathing, after	=اعضا — درد، ٹانگ، پنڈلی تک، نہانا کے بعد
pain, leg, calf, bending foot, on	=اعضا — درد، ٹانگ، پنڈلی تک، پاؤں موڑنے پر
pain, leg, calf, chill, during	=اعضا — درد، ٹانگ، پنڈلی تک، سردی لگنا کے دوران
pain, leg, calf, coughing, on	=اعضا — درد، ٹانگ، پنڈلی تک، کھانسی پر
pain, leg, calf, deep, in	=اعضا — درد، ٹانگ، پنڈلی تک، گہرا میں
pain, leg, calf, menses, during	=اعضا — درد، ٹانگ، پنڈلی تک، حیض کے دوران
pain, leg, calf, motion, on agg.	=اعضا — درد، ٹانگ، پنڈلی تک، حرکت پر بگاڑ
pain, leg, calf, walking, after	=اعضا — درد، ٹانگ، پنڈلی تک، چلنا کے بعد
pain, leg, chill, before	=اعضا — درد، ٹانگ، سردی لگنے سے پہلے
pain, leg, chill, during	=اعضا — درد، ٹانگ، سردی لگنا کے دوران
pain, ankle, afternoon, 3 p.m.	=اعضا — درد، ٹخنے تک، سہ پہر 3 بجے
pain, ankle, menses, after	=اعضا — درد، ٹخنے تک، حیض کے بعد
pain, ankle, waking, on	=اعضا — درد، ٹخنے تک، جاگنے پر
pain, foot, morning, rising, on	=اعضا — درد، پاؤں، صبح، اٹھنے پر
pain, foot, morning, waking, on	=اعضا — درد، پاؤں، صبح، جاگنے پر
pain, foot, morning, 8 a.m. until afternoon	=اعضا — درد، پاؤں، صبح 8 بجے تک، سہ پہر
pain, foot, morning, 11 a.m.	=اعضا — درد، پاؤں، صبح 11 بجے
pain, foot, chill, during	=اعضا — درد، پاؤں، سردی لگنا کے دوران
pain, foot, coffee, after, amel.	=اعضا — درد، پاؤں، کافی کے بعد، آرام
pain, foot, dinner, after	=اعضا — درد، پاؤں، دوپہر کا کھانا کے بعد
pain, foot, exertion, from	=اعضا — درد، پاؤں، محنت سے
pain, foot, menses, during	=اعضا — درد، پاؤں، حیض کے دوران
pain, foot, motion, on agg.	=اعضا — درد، پاؤں، حرکت پر بگاڑ
pain, foot, waking, on	=اعضا — درد، پاؤں، جاگنے پر
pain, foot, warm bed, in agg.	=اعضا — درد، پاؤں، گرم بستر میں بگاڑ
pain, foot, warm bed, in, amel.	=اعضا — درد، پاؤں، گرم بستر میں، آرام
pain, foot, back of, menses, during	=اعضا — درد، پاؤں، پچھلا حصہ، حیض کے دوران
pain, foot, back of, motion, on	=اعضا — درد، پاؤں، پچھلا حصہ، حرکت پر
pain, foot, back of, stretching out, on	=اعضا — درد، پاؤں، پچھلا حصہ، تاننے پر
pain, foot, back of, touch, on	=اعضا — درد، پاؤں، پچھلا حصہ، چھونے پر
pain, foot, sole, afternoon, 4 p.m.	=اعضا — درد، پاؤں، تلا، سہ پہر 4 بجے
pain, foot, sole, rising, on	=اعضا — درد، پاؤں، تلا، اٹھنے پر
pain, foot, sole, sitting, on	=اعضا — درد، پاؤں، تلا، بیٹھنے پر
pain, foot, sole, spikes, as if stepping on	=اعضا — درد، پاؤں، تلا، کیل جیسے ابھار، جیسے قدم رکھنے پر
pain, foot, heel, morning, waking, on	=اعضا — درد، پاؤں، ایڑی، صبح، جاگنے پر
pain, foot, heel, night, bed, in	=اعضا — درد، پاؤں، ایڑی، رات، بستر میں
pain, foot, heel, wine, after	=اعضا — درد، پاؤں، ایڑی، شراب کے بعد
pain, toes, motion, on	=اعضا — درد، انگوٹھوں، حرکت پر
pain, toes, sleep, during	=اعضا — درد، انگوٹھوں، نیند کے دوران
pain, toes, touch, on	=اعضا — درد، انگوٹھوں، چھونے پر
pain, toes, joints of, stepping, on	=اعضا — درد، انگوٹھوں، جوڑ، قدم رکھنے پر
pain, toes, nails, under	=اعضا — درد، انگوٹھوں، ناخن کے نیچے
pain, toes, nails, under, in intermittent fever	=اعضا — درد، انگوٹھوں، ناخن کے نیچے، وقفے وقفے سے بخار میں
pain, toes, first, evening, bed, in	=اعضا — درد، انگوٹھوں، پہلا، شام، بستر میں
pain, toes, first, hiccoughs, from	=اعضا — درد، انگوٹھوں، پہلا، ہچکی سے
pain, toes, first, nail, as, from a splinter	=اعضا — درد، انگوٹھوں، پہلا، کیل جیسا، جیسے کسی چیز سے، کرچی
pain, toes, first, nail, as, if nail would be torn out	=اعضا — درد، انگوٹھوں، پہلا، کیل جیسا، جیسے اگر، ناخن، ہوتا، ہو، پھٹا ہوا، باہر
pain, toes, first, nail, as if nail would enter flesh	=اعضا — درد، انگوٹھوں، پہلا، کیل جیسا، جیسے ناخن، ہوتا، داخل ہونا، گوشت
pain, toes, first, nail, as from inflammation	=اعضا — درد، انگوٹھوں، پہلا، کیل جیسا، جیسے سوزش
pain, toes, first, nail, under	=اعضا — درد، انگوٹھوں، پہلا، کیل جیسا کے نیچے
pain, toes, third, nail, under, as from splinter	=اعضا — درد، انگوٹھوں، تیسرا، کیل جیسا کے نیچے، جیسے کرچی
pain, toes, fifth, as from chilblains	=اعضا — درد، انگوٹھوں، پانچواں، جیسے سردی کے دانے
pain, aching, morning, 7 a.m.	=اعضا — درد، مسلسل درد، صبح 7 بجے
pain, aching, bed, in	=اعضا — درد، مسلسل درد، بستر میں
pain, aching, chill, during	=اعضا — درد، مسلسل درد، سردی لگنا کے دوران
pain, aching, coition, after	=اعضا — درد، مسلسل درد، جماع کے بعد
pain, aching, fever, during	=اعضا — درد، مسلسل درد، بخار کے دوران
pain, aching, waking, on	=اعضا — درد، مسلسل درد، جاگنے پر
pain, aching, bones, chill, during	=اعضا — درد، مسلسل درد، ہڈیوں میں، سردی لگنا کے دوران
pain, aching, joints, chill, during	=اعضا — درد، مسلسل درد، جوڑوں میں، سردی لگنا کے دوران
pain, aching, upper limbs, eating, after	=اعضا — درد، مسلسل درد، اوپری اعضاء، کھانا کے بعد
pain, aching, shoulder, morning, waking, on	=اعضا — درد، مسلسل درد، کندھا، صبح، جاگنے پر
pain, aching, shoulder, morning, 4 a.m.	=اعضا — درد، مسلسل درد، کندھا، صبح 4 بجے
pain, aching, shoulder, afternoon, 1 p.m.	=اعضا — درد، مسلسل درد، کندھا، سہ پہر 1 بجے
pain, aching, shoulder, afternoon, 1-30 p.m.	=اعضا — درد، مسلسل درد، کندھا، سہ پہر 1:30 بجے
pain, aching, shoulder, bed, in	=اعضا — درد، مسلسل درد، کندھا، بستر میں
pain, aching, shoulder, moving arm, on	=اعضا — درد، مسلسل درد، کندھا، بازو ہلانے پر
pain, aching, upper arm, touch, on	=اعضا — درد، مسلسل درد، اوپری بازو، چھونے پر
pain, aching, elbow, morning, bed, in	=اعضا — درد، مسلسل درد، کہنی، صبح، بستر میں
pain, aching, elbow, motion, during agg.	=اعضا — درد، مسلسل درد، کہنی، حرکت کے دوران بگاڑ
pain, aching, elbow, about the	=اعضا — درد، مسلسل درد، کہنی کے ارد گرد
pain, aching, elbow, olecranon	=اعضا — درد، مسلسل درد، کہنی کی نوک (اولیکرینن)
pain, aching, elbow, olecranon, motion, on	=اعضا — درد، مسلسل درد، کہنی کی نوک (اولیکرینن)، حرکت پر
pain, aching, forearm, afternoon, 4 p.m.	=اعضا — درد، مسلسل درد، کلائی سے کہنی تک بازو، سہ پہر 4 بجے
pain, aching, forearm, motion, during agg.	=اعضا — درد، مسلسل درد، کلائی سے کہنی تک بازو، حرکت کے دوران بگاڑ
pain, aching, forearm, waking, on	=اعضا — درد، مسلسل درد، کلائی سے کہنی تک بازو، جاگنے پر
pain, aching, wrist, morning, stool, after	=اعضا — درد، مسلسل درد، کلائی تک، صبح، پاخانہ کے بعد
pain, aching, wrist, evening, 9 p.m.	=اعضا — درد، مسلسل درد، کلائی تک، شام 9 بجے
pain, aching, wrist, night, waking, on	=اعضا — درد، مسلسل درد، کلائی تک، رات، جاگنے پر
pain, aching, wrist, chill, before	=اعضا — درد، مسلسل درد، کلائی تک، سردی لگنے سے پہلے
pain, aching, wrist, menses, during	=اعضا — درد، مسلسل درد، کلائی تک، حیض کے دوران
pain, aching, hand, back of, midnight, after	=اعضا — درد، مسلسل درد، ہاتھ، پچھلا حصہ، آدھی رات کے بعد
pain, aching, fingers, nails, under	=اعضا — درد، مسلسل درد، انگلیاں، ناخن کے نیچے
pain, aching, fingers, first, motion, on	=اعضا — درد، مسلسل درد، انگلیاں، پہلا، حرکت پر
pain, aching, lower limbs, motion, after	=اعضا — درد، مسلسل درد، نچلے اعضاء، حرکت کے بعد
pain, aching, lower limbs, chill, during	=اعضا — درد، مسلسل درد، نچلے اعضاء، سردی لگنا کے دوران
pain, aching, lower limbs, fever, during	=اعضا — درد، مسلسل درد، نچلے اعضاء، بخار کے دوران
pain, aching, lower limbs, menses, during	=اعضا — درد، مسلسل درد، نچلے اعضاء، حیض کے دوران
pain, aching, lower limbs, wet weather, during	=اعضا — درد، مسلسل درد، نچلے اعضاء، گیلا موسم کے دوران
pain, aching, hip, night, waking, on	=اعضا — درد، مسلسل درد، کولھا، رات، جاگنے پر
pain, aching, hip, dinner, after	=اعضا — درد، مسلسل درد، کولھا، دوپہر کا کھانا کے بعد
pain, aching, hip, menses, before	=اعضا — درد، مسلسل درد، کولھا، حیض سے پہلے
pain, aching, hip, waking, on	=اعضا — درد، مسلسل درد، کولھا، جاگنے پر
pain, aching, thigh, motion, on agg.	=اعضا — درد، مسلسل درد، ران، حرکت پر بگاڑ
pain, aching, thigh, evening, 7 p.m.	=اعضا — درد، مسلسل درد، ران، شام 7 بجے
pain, aching, thigh, evening, sleep, after	=اعضا — درد، مسلسل درد، ران، شام، نیند کے بعد
pain, aching, thigh, fever, during	=اعضا — درد، مسلسل درد، ران، بخار کے دوران
pain, aching, knee, morning, bed, in	=اعضا — درد، مسلسل درد، گھٹنا، صبح، بستر میں
pain, aching, knee, chill, during	=اعضا — درد، مسلسل درد، گھٹنا، سردی لگنا کے دوران
pain, aching, knee, lying down, after	=اعضا — درد، مسلسل درد، گھٹنا، لیٹنا کے بعد
pain, aching, knee, patella	=اعضا — درد، مسلسل درد، گھٹنے کی کاسہ (پیٹیلا)
pain, aching, leg, morning, waking, on	=اعضا — درد، مسلسل درد، ٹانگ، صبح، جاگنے پر
pain, aching, leg, evening, 10 p.m.	=اعضا — درد، مسلسل درد، ٹانگ، شام 10 بجے
pain, aching, leg, cough, with	=اعضا — درد، مسلسل درد، ٹانگ، کھانسی کے ساتھ
pain, aching, leg, fever, during	=اعضا — درد، مسلسل درد، ٹانگ، بخار کے دوران
pain, aching, leg, menses, during	=اعضا — درد، مسلسل درد، ٹانگ، حیض کے دوران
pain, aching, leg, menses, after	=اعضا — درد، مسلسل درد، ٹانگ، حیض کے بعد
pain, aching, leg, chill, before	=اعضا — درد، مسلسل درد، ٹانگ، سردی لگنے سے پہلے
pain, aching, leg, chill, during	=اعضا — درد، مسلسل درد، ٹانگ، سردی لگنا کے دوران
pain, aching, ankles, menses, after	=اعضا — درد، مسلسل درد، ٹخنے، حیض کے بعد
pain, aching, ankles, walking, after	=اعضا — درد، مسلسل درد، ٹخنے، چلنا کے بعد
pain, aching, foot, night, waking, on	=اعضا — درد، مسلسل درد، پاؤں، رات، جاگنے پر
pain, aching, foot, periosteum, in	=اعضا — درد، مسلسل درد، پاؤں، ہڈی کی جھلی کی میں
pain, aching, foot, sole, sitting, on	=اعضا — درد، مسلسل درد، پاؤں، تلا، بیٹھنے پر
pain, air, cold, from	=اعضا — درد، ہوا، ٹھنڈا سے
pain, boring, chill, before	=اعضا — درد، برما سا، سردی لگنے سے پہلے
pain, boring, shoulder, morning, bed, in	=اعضا — درد، برما سا، کندھا، صبح، بستر میں
pain, boring, shoulder, dinner, after	=اعضا — درد، برما سا، کندھا، دوپہر کا کھانا کے بعد
pain, boring, upper arm, morning, waking, on	=اعضا — درد، برما سا، اوپری بازو، صبح، جاگنے پر
pain, boring, elbow, olecranon	=اعضا — درد، برما سا، کہنی کی نوک (اولیکرینن)
pain, boring, thigh, crural nerves	=اعضا — درد، برما سا، ران کے اعصاب
pain, boring, knee, patella	=اعضا — درد، برما سا، گھٹنے کی کاسہ (پیٹیلا)
pain, boring, knee, patella, forenoon	=اعضا — درد، برما سا، گھٹنے کی کاسہ (پیٹیلا)، دوپہر سے پہلے
pain, boring, leg, malleoli, outer, morning, bed, in	=اعضا — درد، برما سا، ٹانگ، ٹخنے کی ہڈی کے ابھار، باہر کا، صبح، بستر میں
pain, boring, foot, heel, wine, after	=اعضا — درد، برما سا، پاؤں، ایڑی، شراب کے بعد
pain, boring, toes, first, lying down, after	=اعضا — درد، برما سا، انگوٹھوں، پہلا، لیٹنا کے بعد
pain, boring, toes, first, rest, during	=اعضا — درد، برما سا، انگوٹھوں، پہلا، آرام کے دوران
pain, broken, sensation as if, joints, motion, on	=اعضا — درد، ٹوٹا ہوا، احساس جیسے، جوڑوں میں، حرکت پر
pain, broken, sensation as if, upper arm, as if would break	=اعضا — درد، ٹوٹا ہوا، احساس جیسے، اوپری بازو، جیسے ہوتا، ٹوٹنا
pain, broken, sensation as if, knee, patella	=اعضا — درد، ٹوٹا ہوا، احساس جیسے، گھٹنے کی کاسہ (پیٹیلا)
pain, burning, bed, in	=اعضا — درد، جلتا ہوا، بستر میں
pain, burning, menses, during	=اعضا — درد، جلتا ہوا، حیض کے دوران
pain, burning, scratching, after	=اعضا — درد، جلتا ہوا، کھجانا کے بعد
pain, burning, upper limbs, night, bed, in	=اعضا — درد، جلتا ہوا، اوپری اعضاء، رات، بستر میں
pain, burning, upper limbs, motion, on	=اعضا — درد، جلتا ہوا، اوپری اعضاء، حرکت پر
pain, burning, upper limbs, scratching, after	=اعضا — درد، جلتا ہوا، اوپری اعضاء، کھجانا کے بعد
pain, burning, upper limbs, vexation, after	=اعضا — درد، جلتا ہوا، اوپری اعضاء، جھنجھلاہٹ کے بعد
pain, burning, upper limbs, washing, after	=اعضا — درد، جلتا ہوا، اوپری اعضاء، دھونا کے بعد
pain, burning, shoulder, evening, lying down, after	=اعضا — درد، جلتا ہوا، کندھا، شام، لیٹنا کے بعد
pain, burning, shoulder, scratching, after	=اعضا — درد، جلتا ہوا، کندھا، کھجانا کے بعد
pain, burning, shoulder, spots, in	=اعضا — درد، جلتا ہوا، کندھا، دھبے میں
pain, burning, shoulder, acromion	=اعضا — درد، جلتا ہوا، کندھے کی ہڈی کی نوک
pain, burning, shoulder, beneath	=اعضا — درد، جلتا ہوا، کندھا کے نیچے
pain, burning, upper arm, scratching, after	=اعضا — درد، جلتا ہوا، اوپری بازو، کھجانا کے بعد
pain, burning, upper arm, spots, in	=اعضا — درد، جلتا ہوا، اوپری بازو، دھبے میں
pain, burning, elbow, olecranon	=اعضا — درد، جلتا ہوا، کہنی کی نوک (اولیکرینن)
pain, burning, forearm, motion, during	=اعضا — درد، جلتا ہوا، کلائی سے کہنی تک بازو، حرکت کے دوران
pain, burning, forearm, scratching, after	=اعضا — درد، جلتا ہوا، کلائی سے کہنی تک بازو، کھجانا کے بعد
pain, burning, wrist, scratching, after	=اعضا — درد، جلتا ہوا، کلائی تک، کھجانا کے بعد
pain, burning, hand, morning, waking, on	=اعضا — درد، جلتا ہوا، ہاتھ، صبح، جاگنے پر
pain, burning, hand, afternoon, 2 p.m.	=اعضا — درد، جلتا ہوا، ہاتھ، سہ پہر 2 بجے
pain, burning, hand, chill, during	=اعضا — درد، جلتا ہوا، ہاتھ، سردی لگنا کے دوران
pain, burning, hand, eating, after	=اعضا — درد، جلتا ہوا، ہاتھ، کھانا کے بعد
pain, burning, hand, eczema, in	=اعضا — درد، جلتا ہوا، ہاتھ، ایگزیما (چھالے دار خارش) میں
pain, burning, hand, fever, during	=اعضا — درد، جلتا ہوا، ہاتھ، بخار کے دوران
pain, burning, hand, menses, during	=اعضا — درد، جلتا ہوا، ہاتھ، حیض کے دوران
pain, burning, hand, spots, in	=اعضا — درد، جلتا ہوا، ہاتھ، دھبے میں
pain, burning, hand, steam, from	=اعضا — درد، جلتا ہوا، ہاتھ، بھاپ سے
pain, burning, hand, between, fingers	=اعضا — درد، جلتا ہوا، ہاتھ کے درمیان، انگلیاں
pain, burning, hand, palm, bath, warm, after	=اعضا — درد، جلتا ہوا، ہاتھ، ہتھیلی، غسل، گرم کے بعد
pain, burning, hand, palm, menses, during	=اعضا — درد، جلتا ہوا، ہاتھ، ہتھیلی، حیض کے دوران
pain, burning, hand, palm, rubbing, after	=اعضا — درد، جلتا ہوا، ہاتھ، ہتھیلی، رگڑنا کے بعد
pain, burning, fingers, nails, around	=اعضا — درد، جلتا ہوا، انگلیاں، ناخن کے ارد گرد
pain, burning, fingers, nails, under	=اعضا — درد، جلتا ہوا، انگلیاں، ناخن کے نیچے
pain, burning, lower limbs, night, bed, in	=اعضا — درد، جلتا ہوا، نچلے اعضاء، رات، بستر میں
pain, burning, nates, between	=اعضا — درد، جلتا ہوا، سُرین کے درمیان
pain, burning, hip, evening, after, scratching	=اعضا — درد، جلتا ہوا، کولھا، شام کے بعد، کھجانا
pain, burning, hip, rest, during	=اعضا — درد، جلتا ہوا، کولھا، آرام کے دوران
pain, burning, hip, menses, before	=اعضا — درد، جلتا ہوا، کولھا، حیض سے پہلے
pain, burning, hip, menses, during	=اعضا — درد، جلتا ہوا، کولھا، حیض کے دوران
pain, burning, thigh, night, bed, in	=اعضا — درد، جلتا ہوا، ران، رات، بستر میں
pain, burning, thigh, rubbing, after	=اعضا — درد، جلتا ہوا، ران، رگڑنا کے بعد
pain, burning, thigh, scratching, after	=اعضا — درد، جلتا ہوا، ران، کھجانا کے بعد
pain, burning, thigh, inner side of, menses, during	=اعضا — درد، جلتا ہوا، ران، اندر کی طرف، حیض کے دوران
pain, burning, thigh, inner side of, rubbing, after	=اعضا — درد، جلتا ہوا، ران، اندر کی طرف، رگڑنا کے بعد
pain, burning, knee, patella	=اعضا — درد، جلتا ہوا، گھٹنے کی کاسہ (پیٹیلا)
pain, burning, leg, dinner, after	=اعضا — درد، جلتا ہوا، ٹانگ، دوپہر کا کھانا کے بعد
pain, burning, foot, night, bed, in	=اعضا — درد، جلتا ہوا، پاؤں، رات، بستر میں
pain, burning, foot, night, bed, in, during menses	=اعضا — درد، جلتا ہوا، پاؤں، رات، بستر میں، حیض کے دوران
pain, burning, foot, night, sleep, during	=اعضا — درد، جلتا ہوا، پاؤں، رات، نیند کے دوران
pain, burning, foot, perspiration, with	=اعضا — درد، جلتا ہوا، پاؤں، پسینہ کے ساتھ
pain, burning, foot, walking, after	=اعضا — درد، جلتا ہوا، پاؤں، چلنا کے بعد
pain, burning, foot, warmth of bed, from	=اعضا — درد، جلتا ہوا، پاؤں، بستر کی گرمی سے
pain, burning, foot, between the toes	=اعضا — درد، جلتا ہوا، پاؤں کی انگلیوں کے درمیان
pain, burning, foot, sole, bed, in agg.	=اعضا — درد، جلتا ہوا، پاؤں، تلا، بستر میں بگاڑ
pain, burning, foot, sole, eating, after	=اعضا — درد، جلتا ہوا، پاؤں، تلا، کھانا کے بعد
pain, burning, foot, sole, menses, during	=اعضا — درد، جلتا ہوا، پاؤں، تلا، حیض کے دوران
pain, burning, foot, sole, standing, after	=اعضا — درد، جلتا ہوا، پاؤں، تلا، کھڑا ہونا کے بعد
pain, burning, toes, walking, on	=اعضا — درد، جلتا ہوا، انگوٹھوں، چلنے پر
pain, burning, toes, wetting feet, after	=اعضا — درد، جلتا ہوا، انگوٹھوں، پاؤں گیلا کرنا کے بعد
pain, burning, toes, first, nail, under	=اعضا — درد، جلتا ہوا، انگوٹھوں، پہلا، کیل جیسا کے نیچے
pain, cutting, sneezing, on	=اعضا — درد، کاٹتا ہوا، چھینکنے پر
pain, cutting, elbow, bend of, flexion, on	=اعضا — درد، کاٹتا ہوا، کہنی، موڑنے پر
pain, cutting, hip, motion, on	=اعضا — درد، کاٹتا ہوا، کولھا، حرکت پر
pain, cutting, thigh, crossing limbs, on	=اعضا — درد، کاٹتا ہوا، ران، اعضاء کوڑے کرنے پر
pain, cutting, thigh, menses, during	=اعضا — درد، کاٹتا ہوا، ران، حیض کے دوران
pain, cutting, thigh, motion, on	=اعضا — درد، کاٹتا ہوا، ران، حرکت پر
pain, cutting, leg, motion, on	=اعضا — درد، کاٹتا ہوا، ٹانگ، حرکت پر
pain, cutting, leg, standing, on	=اعضا — درد، کاٹتا ہوا، ٹانگ، کھڑا ہونے پر
pain, cutting, foot, chill, during	=اعضا — درد، کاٹتا ہوا، پاؤں، سردی لگنا کے دوران
pain, drawing, evening, 6 p.m.	=اعضا — درد، کھینچتا ہوا، شام 6 بجے
pain, drawing, evening, 9 p.m.	=اعضا — درد، کھینچتا ہوا، شام 9 بجے
pain, drawing, coldness, during	=اعضا — درد، کھینچتا ہوا، ٹھنڈک کے دوران
pain, drawing, convulsions, before	=اعضا — درد، کھینچتا ہوا، تشنج سے پہلے
pain, drawing, menses, during	=اعضا — درد، کھینچتا ہوا، حیض کے دوران
pain, drawing, wine, after, agg.	=اعضا — درد، کھینچتا ہوا، شراب کے بعد، بگاڑ
pain, drawing, chill, during	=اعضا — درد، کھینچتا ہوا، سردی لگنا کے دوران
pain, drawing, chill, after	=اعضا — درد، کھینچتا ہوا، سردی لگنا کے بعد
pain, drawing, joints, chill, before	=اعضا — درد، کھینچتا ہوا، جوڑوں میں، سردی لگنے سے پہلے
pain, drawing, joints, chill, during	=اعضا — درد، کھینچتا ہوا، جوڑوں میں، سردی لگنا کے دوران
pain, drawing, joints, waking, after	=اعضا — درد، کھینچتا ہوا، جوڑوں میں، جاگنا کے بعد
pain, drawing, joints, wine, after	=اعضا — درد، کھینچتا ہوا، جوڑوں میں، شراب کے بعد
pain, drawing, upper limbs, chill, during	=اعضا — درد، کھینچتا ہوا، اوپری اعضاء، سردی لگنا کے دوران
pain, drawing, upper limbs, epilepsy, before	=اعضا — درد، کھینچتا ہوا، اوپری اعضاء، مرگی سے پہلے
pain, drawing, upper limbs, menses, during	=اعضا — درد، کھینچتا ہوا، اوپری اعضاء، حیض کے دوران
pain, drawing, upper limbs, writing, after	=اعضا — درد، کھینچتا ہوا، اوپری اعضاء، لکھنا کے بعد
pain, drawing, shoulder, morning, bed, in	=اعضا — درد، کھینچتا ہوا، کندھا، صبح، بستر میں
pain, drawing, shoulder, morning, waking, on	=اعضا — درد، کھینچتا ہوا، کندھا، صبح، جاگنے پر
pain, drawing, shoulder, night, bed, in	=اعضا — درد، کھینچتا ہوا، کندھا، رات، بستر میں
pain, drawing, shoulder, bed, in, agg.	=اعضا — درد، کھینچتا ہوا، کندھا، بستر میں، بگاڑ
pain, drawing, shoulder, extending, neck, nape of	=اعضا — درد، کھینچتا ہوا، کندھا، پھیلتا ہوا، گردن کے پچھلے حصے کا
pain, drawing, shoulder, raising arms, on	=اعضا — درد، کھینچتا ہوا، کندھا، اٹھانا، بازو پر
pain, drawing, shoulder, rising, after	=اعضا — درد، کھینچتا ہوا، کندھا، اٹھنا کے بعد
pain, drawing, shoulder, walking, after	=اعضا — درد، کھینچتا ہوا، کندھا، چلنا کے بعد
pain, drawing, upper arm, epilepsy, before	=اعضا — درد، کھینچتا ہوا، اوپری بازو، مرگی سے پہلے
pain, drawing, upper arm, lying down, after	=اعضا — درد، کھینچتا ہوا، اوپری بازو، لیٹنا کے بعد
pain, drawing, upper arm, raising arm, on	=اعضا — درد، کھینچتا ہوا، اوپری بازو، بازو اٹھانے پر
pain, drawing, upper arm, rising, after	=اعضا — درد، کھینچتا ہوا، اوپری بازو، اٹھنا کے بعد
pain, drawing, upper arm, bone, midnight, after	=اعضا — درد، کھینچتا ہوا، اوپری بازو، ہڈی میں، آدھی رات کے بعد
pain, drawing, upper arm, bone, lying down, after	=اعضا — درد، کھینچتا ہوا، اوپری بازو، ہڈی میں، لیٹنا کے بعد
pain, drawing, elbow, afternoon, 3 p.m.	=اعضا — درد، کھینچتا ہوا، کہنی، سہ پہر 3 بجے
pain, drawing, elbow, evening, bed, in	=اعضا — درد، کھینچتا ہوا، کہنی، شام، بستر میں
pain, drawing, elbow, bending, on	=اعضا — درد، کھینچتا ہوا، کہنی، جھکنے پر
pain, drawing, elbow, wind, in	=اعضا — درد، کھینچتا ہوا، کہنی، ہوا میں
pain, drawing, elbow, motion, during agg.	=اعضا — درد، کھینچتا ہوا، کہنی، حرکت کے دوران بگاڑ
pain, drawing, elbow, olecranon	=اعضا — درد، کھینچتا ہوا، کہنی کی نوک (اولیکرینن)
pain, drawing, forearm, exertion, on	=اعضا — درد، کھینچتا ہوا، کلائی سے کہنی تک بازو، محنت پر
pain, drawing, forearm, exertion, after	=اعضا — درد، کھینچتا ہوا، کلائی سے کہنی تک بازو، محنت کے بعد
pain, drawing, forearm, headache, with	=اعضا — درد، کھینچتا ہوا، کلائی سے کہنی تک بازو، سر درد کے ساتھ
pain, drawing, wrist, menses, during	=اعضا — درد، کھینچتا ہوا، کلائی تک، حیض کے دوران
pain, drawing, wrist, motion, on agg.	=اعضا — درد، کھینچتا ہوا، کلائی تک، حرکت پر بگاڑ
pain, drawing, wrist, rising, after	=اعضا — درد، کھینچتا ہوا، کلائی تک، اٹھنا کے بعد
pain, drawing, wrist, syphilitics, in	=اعضا — درد، کھینچتا ہوا، کلائی تک، آتشکی مریضوں میں
pain, drawing, wrist, wind, in	=اعضا — درد، کھینچتا ہوا، کلائی تک، ہوا میں
pain, drawing, hand, closing hand, on	=اعضا — درد، کھینچتا ہوا، ہاتھ بند کرنے پر
pain, drawing, hand, cold, as from taking	=اعضا — درد، کھینچتا ہوا، ہاتھ، ٹھنڈا، جیسے لینا
pain, drawing, hand, dinner, after	=اعضا — درد، کھینچتا ہوا، ہاتھ، دوپہر کا کھانا کے بعد
pain, drawing, hand, motion, on	=اعضا — درد، کھینچتا ہوا، ہاتھ، حرکت پر
pain, drawing, hand, spots, in	=اعضا — درد، کھینچتا ہوا، ہاتھ، دھبے میں
pain, drawing, hand, waking, on	=اعضا — درد، کھینچتا ہوا، ہاتھ، جاگنے پر
pain, drawing, hand, wetting with warm water, after	=اعضا — درد، کھینچتا ہوا، ہاتھ، گرم پانی سے گیلا کرنا کے بعد
pain, drawing, hand, joints of, rest, during	=اعضا — درد، کھینچتا ہوا، ہاتھ، جوڑ، آرام کے دوران
pain, drawing, fingers, evening, bed, in	=اعضا — درد، کھینچتا ہوا، انگلیاں، شام، بستر میں
pain, drawing, fingers, sleep, during	=اعضا — درد، کھینچتا ہوا، انگلیاں، نیند کے دوران
pain, drawing, fingers, wetting with warm water, after	=اعضا — درد، کھینچتا ہوا، انگلیاں، گرم پانی سے گیلا کرنا کے بعد
pain, drawing, fingers, first, evening, bed, in	=اعضا — درد، کھینچتا ہوا، انگلیاں، پہلا، شام، بستر میں
pain, drawing, fingers, second, evening, bed, in	=اعضا — درد، کھینچتا ہوا، انگلیاں، دوسرا، شام، بستر میں
pain, drawing, fingers, fourth, morning, rising, on	=اعضا — درد، کھینچتا ہوا، انگلیاں، چوتھا، صبح، اٹھنے پر
pain, drawing, thumb, nail, under	=اعضا — درد، کھینچتا ہوا، انگوٹھا، کیل جیسا کے نیچے
pain, drawing, motion, from agg.	=اعضا — درد، کھینچتا ہوا، حرکت سے بگاڑ
pain, drawing, lower limbs, morning, bed, in	=اعضا — درد، کھینچتا ہوا، نچلے اعضاء، صبح، بستر میں
pain, drawing, lower limbs, morning, rising, after	=اعضا — درد، کھینچتا ہوا، نچلے اعضاء، صبح، اٹھنا کے بعد
pain, drawing, lower limbs, evening, bed, in	=اعضا — درد، کھینچتا ہوا، نچلے اعضاء، شام، بستر میں
pain, drawing, lower limbs, menses, before	=اعضا — درد، کھینچتا ہوا، نچلے اعضاء، حیض سے پہلے
pain, drawing, lower limbs, menses, during	=اعضا — درد، کھینچتا ہوا، نچلے اعضاء، حیض کے دوران
pain, drawing, lower limbs, motion, during agg.	=اعضا — درد، کھینچتا ہوا، نچلے اعضاء، حرکت کے دوران بگاڑ
pain, drawing, nates, wine, after	=اعضا — درد، کھینچتا ہوا، سُرین، شراب کے بعد
pain, drawing, hip, coryza, during	=اعضا — درد، کھینچتا ہوا، کولھا، زکام کے دوران
pain, drawing, hip, motion, on agg.	=اعضا — درد، کھینچتا ہوا، کولھا، حرکت پر بگاڑ
pain, drawing, hip, spots, in	=اعضا — درد، کھینچتا ہوا، کولھا، دھبے میں
pain, drawing, thigh, evening, bed, in	=اعضا — درد، کھینچتا ہوا، ران، شام، بستر میں
pain, drawing, thigh, evening, sleeping, after	=اعضا — درد، کھینچتا ہوا، ران، شام، سوتے ہوئے کے بعد
pain, drawing, thigh, night, midnight, after	=اعضا — درد، کھینچتا ہوا، ران، رات، آدھی رات کے بعد
pain, drawing, thigh, chill, before	=اعضا — درد، کھینچتا ہوا، ران، سردی لگنے سے پہلے
pain, drawing, thigh, chill, during	=اعضا — درد، کھینچتا ہوا، ران، سردی لگنا کے دوران
pain, drawing, thigh, coition, after	=اعضا — درد، کھینچتا ہوا، ران، جماع کے بعد
pain, drawing, thigh, coryza, during	=اعضا — درد، کھینچتا ہوا، ران، زکام کے دوران
pain, drawing, thigh, dinner, during	=اعضا — درد، کھینچتا ہوا، ران، دوپہر کا کھانا کے دوران
pain, drawing, thigh, dinner, after	=اعضا — درد، کھینچتا ہوا، ران، دوپہر کا کھانا کے بعد
pain, drawing, thigh, menses, before	=اعضا — درد، کھینچتا ہوا، ران، حیض سے پہلے
pain, drawing, thigh, menses, during	=اعضا — درد، کھینچتا ہوا، ران، حیض کے دوران
pain, drawing, thigh, menses, as if, would appear	=اعضا — درد، کھینچتا ہوا، ران، حیض، جیسے ہوتا، نکلنا
pain, drawing, thigh, standing, on	=اعضا — درد، کھینچتا ہوا، ران، کھڑا ہونے پر
pain, drawing, thigh, warm bed, in agg.	=اعضا — درد، کھینچتا ہوا، ران، گرم بستر میں بگاڑ
pain, drawing, thigh, anterior part, menses, before	=اعضا — درد، کھینچتا ہوا، ران، سامنے کا حصہ، حیض سے پہلے
pain, drawing, thigh, femur	=اعضا — درد، کھینچتا ہوا، ران کی ہڈی
pain, drawing, knee, morning, bed, in	=اعضا — درد، کھینچتا ہوا، گھٹنا، صبح، بستر میں
pain, drawing, knee, morning, rising, after	=اعضا — درد، کھینچتا ہوا، گھٹنا، صبح، اٹھنا کے بعد
pain, drawing, knee, afternoon, sleep, after	=اعضا — درد، کھینچتا ہوا، گھٹنا، سہ پہر، نیند کے بعد
pain, drawing, knee, bed, in	=اعضا — درد، کھینچتا ہوا، گھٹنا، بستر میں
pain, drawing, knee, menses, during	=اعضا — درد، کھینچتا ہوا، گھٹنا، حیض کے دوران
pain, drawing, knee, motion, on agg.	=اعضا — درد، کھینچتا ہوا، گھٹنا، حرکت پر بگاڑ
pain, drawing, knee, rising, after	=اعضا — درد، کھینچتا ہوا، گھٹنا، اٹھنا کے بعد
pain, drawing, knee, waking, on	=اعضا — درد، کھینچتا ہوا، گھٹنا، جاگنے پر
pain, drawing, knee, walking, after, amel.	=اعضا — درد، کھینچتا ہوا، گھٹنا، چلنا کے بعد، آرام
pain, drawing, knee, wine, after	=اعضا — درد، کھینچتا ہوا، گھٹنا، شراب کے بعد
pain, drawing, knee, hollow of, lying down, on	=اعضا — درد، کھینچتا ہوا، گھٹنا، گڑھا، لیٹنے پر
pain, drawing, knee, patella	=اعضا — درد، کھینچتا ہوا، گھٹنے کی کاسہ (پیٹیلا)
pain, drawing, knee, patella, gouty	=اعضا — درد، کھینچتا ہوا، گھٹنے کی کاسہ (پیٹیلا)، گٹھیا والی
pain, drawing, knee, patella, walking	=اعضا — درد، کھینچتا ہوا، گھٹنے کی کاسہ (پیٹیلا)، چلنا
pain, drawing, knee, patella, extending into leg	=اعضا — درد، کھینچتا ہوا، گھٹنے کی کاسہ (پیٹیلا)، ٹانگ تک پھیلتا ہوا
pain, drawing, leg, bed, in	=اعضا — درد، کھینچتا ہوا، ٹانگ، بستر میں
pain, drawing, leg, menses, during	=اعضا — درد، کھینچتا ہوا، ٹانگ، حیض کے دوران
pain, drawing, leg, rising, after	=اعضا — درد، کھینچتا ہوا، ٹانگ، اٹھنا کے بعد
pain, drawing, leg, tibia, evening, 6 p.m.	=اعضا — درد، کھینچتا ہوا، ٹانگ، پنڈلی کی ہڈی، شام 6 بجے
pain, drawing, leg, tibia, evening, 7 p.m.	=اعضا — درد، کھینچتا ہوا، ٹانگ، پنڈلی کی ہڈی، شام 7 بجے
pain, drawing, leg, tibia, evening, 9 p.m.	=اعضا — درد، کھینچتا ہوا، ٹانگ، پنڈلی کی ہڈی، شام 9 بجے
pain, drawing, leg, calf, chill, during	=اعضا — درد، کھینچتا ہوا، ٹانگ، پنڈلی تک، سردی لگنا کے دوران
pain, drawing, leg, calf, motion, on	=اعضا — درد، کھینچتا ہوا، ٹانگ، پنڈلی تک، حرکت پر
pain, drawing, leg, calf, rising, on	=اعضا — درد، کھینچتا ہوا، ٹانگ، پنڈلی تک، اٹھنے پر
pain, drawing, leg, chill, before	=اعضا — درد، کھینچتا ہوا، ٹانگ، سردی لگنے سے پہلے
pain, drawing, leg, chill, during	=اعضا — درد، کھینچتا ہوا، ٹانگ، سردی لگنا کے دوران
pain, drawing, ankles, morning, waking, on	=اعضا — درد، کھینچتا ہوا، ٹخنے، صبح، جاگنے پر
pain, drawing, ankles, night, waking, on	=اعضا — درد، کھینچتا ہوا، ٹخنے، رات، جاگنے پر
pain, drawing, ankles, rising, after	=اعضا — درد، کھینچتا ہوا، ٹخنے، اٹھنا کے بعد
pain, drawing, ankles, stepping, on	=اعضا — درد، کھینچتا ہوا، ٹخنے، قدم رکھنے پر
pain, drawing, foot, evening, bed, in	=اعضا — درد، کھینچتا ہوا، پاؤں، شام، بستر میں
pain, drawing, foot, rising, after	=اعضا — درد، کھینچتا ہوا، پاؤں، اٹھنا کے بعد
pain, drawing, foot, spots, in	=اعضا — درد، کھینچتا ہوا، پاؤں، دھبے میں
pain, drawing, foot, back of, motion, on	=اعضا — درد، کھینچتا ہوا، پاؤں، پچھلا حصہ، حرکت پر
pain, drawing, foot, sole, morning, bed, in	=اعضا — درد، کھینچتا ہوا، پاؤں، تلا، صبح، بستر میں
pain, drawing, foot, sole, stepping, on, while	=اعضا — درد، کھینچتا ہوا، پاؤں، تلا، قدم رکھنے کے دوران
pain, drawing, foot, heel, standing, after	=اعضا — درد، کھینچتا ہوا، پاؤں، ایڑی، کھڑا ہونا کے بعد
pain, drawing, toes, evening, bed, in	=اعضا — درد، کھینچتا ہوا، انگوٹھوں، شام، بستر میں
pain, drawing, toes, first, motion, on agg.	=اعضا — درد، کھینچتا ہوا، انگوٹھوں، پہلا، حرکت پر بگاڑ
pain, gnawing, fingers, convulsions, during	=اعضا — درد، کترتا ہوا، انگلیاں، تشنج کے دوران
pain, gnawing, fingers, nails, under	=اعضا — درد، کترتا ہوا، انگلیاں، ناخن کے نیچے
pain, gnawing, thumb, scratching, from	=اعضا — درد، کترتا ہوا، انگوٹھا، کھجانے سے
pain, gnawing, nates, as if gnawed by dogs	=اعضا — درد، کترتا ہوا، سُرین، جیسے کڑا ہوا سے، کتے
pain, pinching, forearm, rest, during	=اعضا — درد، چٹکی جیسا، کلائی سے کہنی تک بازو، آرام کے دوران
pain, pressing, waking, on	=اعضا — درد، دبانے والا، جاگنے پر
pain, pressing, walking in open air, after	=اعضا — درد، دبانے والا، کھلی ہوا میں چلنا کے بعد
pain, pressing, upper limbs, cough, during	=اعضا — درد، دبانے والا، اوپری اعضاء، کھانسی کے دوران
pain, pressing, shoulder, cough, during	=اعضا — درد، دبانے والا، کندھا، کھانسی کے دوران
pain, pressing, shoulder, waking, on	=اعضا — درد، دبانے والا، کندھا، جاگنے پر
pain, pressing, upper arm, morning, waking, on	=اعضا — درد، دبانے والا، اوپری بازو، صبح، جاگنے پر
pain, pressing, upper arm, menses, during	=اعضا — درد، دبانے والا، اوپری بازو، حیض کے دوران
pain, pressing, elbow, siesta, after	=اعضا — درد، دبانے والا، کہنی، دوپہر کی نیند کے بعد
pain, pressing, elbow, walking, after	=اعضا — درد، دبانے والا، کہنی، چلنا کے بعد
pain, pressing, forearm, bed, in	=اعضا — درد، دبانے والا، کلائی سے کہنی تک بازو، بستر میں
pain, pressing, forearm, motion, on agg.	=اعضا — درد، دبانے والا، کلائی سے کہنی تک بازو، حرکت پر بگاڑ
pain, pressing, hand, closing hand	=اعضا — درد، دبانے والا، ہاتھ بند کرنا
pain, pressing, hand, waking, on	=اعضا — درد، دبانے والا، ہاتھ، جاگنے پر
pain, pressing, fingers, as if bones were crushed	=اعضا — درد، دبانے والا، انگلیاں، جیسے ہڈیاں، تھے، کچلا ہوا
pain, pressing, fingers, fourth, rest, during	=اعضا — درد، دبانے والا، انگلیاں، چوتھا، آرام کے دوران
pain, pressing, thumb, rest, during	=اعضا — درد، دبانے والا، انگوٹھا، آرام کے دوران
pain, pressing, hip, left, as from a ball	=اعضا — درد، دبانے والا، کولھا، بائیں، جیسے گدی
pain, pressing, hip, coughing, on	=اعضا — درد، دبانے والا، کولھا، کھانسی پر
pain, pressing, hip, labor, during	=اعضا — درد، دبانے والا، کولھا، زچگی کے دوران
pain, pressing, hip, stepping, on	=اعضا — درد، دبانے والا، کولھا، قدم رکھنے پر
pain, pressing, hip, stool, during	=اعضا — درد، دبانے والا، کولھا، پاخانہ کے دوران
pain, pressing, thigh, cough, during	=اعضا — درد، دبانے والا، ران، کھانسی کے دوران
pain, pressing, thigh, menses, during	=اعضا — درد، دبانے والا، ران، حیض کے دوران
pain, pressing, thigh, stool, after	=اعضا — درد، دبانے والا، ران، پاخانہ کے بعد
pain, pressing, knee, walking, after	=اعضا — درد، دبانے والا، گھٹنا، چلنا کے بعد
pain, pressing, knee, motion, on agg.	=اعضا — درد، دبانے والا، گھٹنا، حرکت پر بگاڑ
pain, pressing, knee, patella	=اعضا — درد، دبانے والا، گھٹنے کی کاسہ (پیٹیلا)
pain, pressing, leg, menses, during	=اعضا — درد، دبانے والا، ٹانگ، حیض کے دوران
pain, pressing, leg, sitting, on	=اعضا — درد، دبانے والا، ٹانگ، بیٹھنے پر
pain, pressing, ankle, morning, waking, on	=اعضا — درد، دبانے والا، ٹخنے تک، صبح، جاگنے پر
pain, pressing, ankle, dinner, after	=اعضا — درد، دبانے والا، ٹخنے تک، دوپہر کا کھانا کے بعد
pain, pressing, ankle, waking, on	=اعضا — درد، دبانے والا، ٹخنے تک، جاگنے پر
pain, pressing, foot, eating, after	=اعضا — درد، دبانے والا، پاؤں، کھانا کے بعد
pain, pressing, foot, back of, evening, 10 p.m.	=اعضا — درد، دبانے والا، پاؤں، پچھلا حصہ، شام 10 بجے
pain, pressing, foot, sole, motion, on	=اعضا — درد، دبانے والا، پاؤں، تلا، حرکت پر
pain, pressing, toes, first, as if tightly enveloped	=اعضا — درد، دبانے والا، انگوٹھوں، پہلا، جیسے کس کر، لپیٹا ہوا
pain, scraping, knee, patella	=اعضا — درد، کھرچتا ہوا، گھٹنے کی کاسہ (پیٹیلا)
pain, shooting, coughing, on	=اعضا — درد، دوڑتا ہوا، کھانسی پر
pain, shooting, noise, from	=اعضا — درد، دوڑتا ہوا، شور سے
pain, shooting, sneezing, on	=اعضا — درد، دوڑتا ہوا، چھینکنے پر
pain, shooting, upper limbs, rest, during	=اعضا — درد، دوڑتا ہوا، اوپری اعضاء، آرام کے دوران
pain, shooting, shoulder, morning, bed, in	=اعضا — درد، دوڑتا ہوا، کندھا، صبح، بستر میں
pain, shooting, shoulder, morning, breakfast, after	=اعضا — درد، دوڑتا ہوا، کندھا، صبح، ناشتہ کے بعد
pain, shooting, shoulder, walking, on	=اعضا — درد، دوڑتا ہوا، کندھا، چلنے پر
pain, shooting, forearm, motion, on	=اعضا — درد، دوڑتا ہوا، کلائی سے کہنی تک بازو، حرکت پر
pain, shooting, fingers, nails, around	=اعضا — درد، دوڑتا ہوا، انگلیاں، ناخن کے ارد گرد
pain, shooting, fingers, nails, under	=اعضا — درد، دوڑتا ہوا، انگلیاں، ناخن کے نیچے
pain, shooting, fingers, tips, child, during	=اعضا — درد، دوڑتا ہوا، انگلیاں، سرے، بچہ کے دوران
pain, shooting, lower limbs, stool, during	=اعضا — درد، دوڑتا ہوا، نچلے اعضاء، پاخانہ کے دوران
pain, shooting, hip, evening, 7 p.m.	=اعضا — درد، دوڑتا ہوا، کولھا، شام 7 بجے
pain, shooting, thigh, crural nerves	=اعضا — درد، دوڑتا ہوا، ران کے اعصاب
pain, shooting, knee, kneeling, when	=اعضا — درد، دوڑتا ہوا، گھٹنوں کے بل بیٹھے وقت
pain, shooting, knee, side to side, from	=اعضا — درد، دوڑتا ہوا، گھٹنا، ایک طرف سے دوسری طرف سے
pain, shooting, knee, patella	=اعضا — درد، دوڑتا ہوا، گھٹنے کی کاسہ (پیٹیلا)
pain, shooting, leg, periosteum, in	=اعضا — درد، دوڑتا ہوا، ٹانگ، ہڈی کی جھلی کی میں
pain, sore, bruised, morning, rising, after	=اعضا — درد، دکھتا، کچلا ہوا، صبح، اٹھنا کے بعد
pain, sore, bruised, morning, 4 a.m.	=اعضا — درد، دکھتا، کچلا ہوا، صبح 4 بجے
pain, sore, bruised, morning, 6 a.m.	=اعضا — درد، دکھتا، کچلا ہوا، صبح 6 بجے
pain, sore, bruised, evening, lying down, on	=اعضا — درد، دکھتا، کچلا ہوا، شام، لیٹنے پر
pain, sore, bruised, chill, during	=اعضا — درد، دکھتا، کچلا ہوا، سردی لگنا کے دوران
pain, sore, bruised, coition, after	=اعضا — درد، دکھتا، کچلا ہوا، جماع کے بعد
pain, sore, bruised, coldness, during	=اعضا — درد، دکھتا، کچلا ہوا، ٹھنڈک کے دوران
pain, sore, bruised, elbow, morning, bed, in	=اعضا — درد، دکھتا، کچلا ہوا، کہنی، صبح، بستر میں
pain, sore, bruised, elbow, bend of, extending arm, on	=اعضا — درد، دکھتا، کچلا ہوا، کہنی، موڑ، بازو تک پھیلتا ہوا پر
pain, sore, bruised, elbow, lifting, on	=اعضا — درد، دکھتا، کچلا ہوا، کہنی، اٹھانے پر
pain, sore, bruised, elbow, olecranon	=اعضا — درد، دکھتا، کچلا ہوا، کہنی کی نوک (اولیکرینن)
pain, sore, bruised, elbow, olecranon, on bending arm	=اعضا — درد، دکھتا، کچلا ہوا، کہنی کی نوک (اولیکرینن)، بازو موڑنے پر
pain, sore, bruised, elbow, walking, after	=اعضا — درد، دکھتا، کچلا ہوا، کہنی، چلنا کے بعد
pain, sore, bruised, exertion, after	=اعضا — درد، دکھتا، کچلا ہوا، محنت کے بعد
pain, sore, bruised, foot, morning, stepping, on	=اعضا — درد، دکھتا، کچلا ہوا، پاؤں، صبح، قدم رکھنے پر
pain, sore, bruised, foot, eating, after	=اعضا — درد، دکھتا، کچلا ہوا، پاؤں، کھانا کے بعد
pain, sore, bruised, foot, perspiration, from	=اعضا — درد، دکھتا، کچلا ہوا، پاؤں، پسینہ سے
pain, sore, bruised, foot, pressure, on	=اعضا — درد، دکھتا، کچلا ہوا، پاؤں، دباؤ پر
pain, sore, bruised, forearm, coition, after, on flexing	=اعضا — درد، دکھتا، کچلا ہوا، کلائی سے کہنی تک بازو، جماع کے بعد، موڑنے پر
pain, sore, bruised, forearm, motion, on agg.	=اعضا — درد، دکھتا، کچلا ہوا، کلائی سے کہنی تک بازو، حرکت پر بگاڑ
pain, sore, bruised, forearm, ulna, near, wrist	=اعضا — درد، دکھتا، کچلا ہوا، کلائی سے کہنی تک بازو، بازو کی اندر والی ہڈی (النہ) کے قریب، کلائی تک
pain, sore, bruised, fright, during	=اعضا — درد، دکھتا، کچلا ہوا، ڈر کے دوران
pain, sore, bruised, heat, during	=اعضا — درد، دکھتا، کچلا ہوا، گرمی کے دوران
pain, sore, bruised, hip, morning, rising, after	=اعضا — درد، دکھتا، کچلا ہوا، کولھا، صبح، اٹھنا کے بعد
pain, sore, bruised, hip, night, bed, in	=اعضا — درد، دکھتا، کچلا ہوا، کولھا، رات، بستر میں
pain, sore, bruised, hip, chill, during	=اعضا — درد، دکھتا، کچلا ہوا، کولھا، سردی لگنا کے دوران
pain, sore, bruised, hip, menses, before	=اعضا — درد، دکھتا، کچلا ہوا، کولھا، حیض سے پہلے
pain, sore, bruised, hip, menses, during	=اعضا — درد، دکھتا، کچلا ہوا، کولھا، حیض کے دوران
pain, sore, bruised, hip, motion, on	=اعضا — درد، دکھتا، کچلا ہوا، کولھا، حرکت پر
pain, sore, bruised, hip, pressure, on	=اعضا — درد، دکھتا، کچلا ہوا، کولھا، دباؤ پر
pain, sore, bruised, hip, walking, on agg.	=اعضا — درد، دکھتا، کچلا ہوا، کولھا، چلنے پر بگاڑ
pain, sore, bruised, paralyzed parts, in	=اعضا — درد، دکھتا، کچلا ہوا، مفلوج حصے میں
pain, sore, bruised, pressure, on	=اعضا — درد، دکھتا، کچلا ہوا، دباؤ پر
pain, sore, bruised, rising, on	=اعضا — درد، دکھتا، کچلا ہوا، اٹھنے پر
pain, sore, bruised, rising, after, amel.	=اعضا — درد، دکھتا، کچلا ہوا، اٹھنا کے بعد، آرام
pain, sore, bruised, sleep, after	=اعضا — درد، دکھتا، کچلا ہوا، نیند کے بعد
pain, sore, bruised, standing, on	=اعضا — درد، دکھتا، کچلا ہوا، کھڑا ہونے پر
pain, sore, bruised, waking, on	=اعضا — درد، دکھتا، کچلا ہوا، جاگنے پر
pain, sore, bruised, walking, after	=اعضا — درد، دکھتا، کچلا ہوا، چلنا کے بعد
pain, sore, bruised, wrist, rest, during	=اعضا — درد، دکھتا، کچلا ہوا، کلائی تک، آرام کے دوران
pain, sore, bruised, joints, morning, bed, in	=اعضا — درد، دکھتا، کچلا ہوا، جوڑوں میں، صبح، بستر میں
pain, sore, bruised, joints, morning, waking, on	=اعضا — درد، دکھتا، کچلا ہوا، جوڑوں میں، صبح، جاگنے پر
pain, sore, bruised, joints, evening, 7 p.m.	=اعضا — درد، دکھتا، کچلا ہوا، جوڑوں میں، شام 7 بجے
pain, sore, bruised, joints, bending, after	=اعضا — درد، دکھتا، کچلا ہوا، جوڑوں میں، جھکنا کے بعد
pain, sore, bruised, joints, descending, on	=اعضا — درد، دکھتا، کچلا ہوا، جوڑوں میں، اترنے پر
pain, sore, bruised, joints, epistaxis, after	=اعضا — درد، دکھتا، کچلا ہوا، جوڑوں میں، نکسیر کے بعد
pain, sore, bruised, joints, motion, on agg.	=اعضا — درد، دکھتا، کچلا ہوا، جوڑوں میں، حرکت پر بگاڑ
pain, sore, bruised, joints, rising, on, amel.	=اعضا — درد، دکھتا، کچلا ہوا، جوڑوں میں، اٹھنے پر، آرام
pain, sore, bruised, knee, morning, bed, in	=اعضا — درد، دکھتا، کچلا ہوا، گھٹنا، صبح، بستر میں
pain, sore, bruised, knee, morning, rising, after, amel.	=اعضا — درد، دکھتا، کچلا ہوا، گھٹنا، صبح، اٹھنا کے بعد، آرام
pain, sore, bruised, knee, evening, bed, in	=اعضا — درد، دکھتا، کچلا ہوا، گھٹنا، شام، بستر میں
pain, sore, bruised, knee, bending it, on	=اعضا — درد، دکھتا، کچلا ہوا، گھٹنا، اُس کو موڑنے پر
pain, sore, bruised, knee, chill, before	=اعضا — درد، دکھتا، کچلا ہوا، گھٹنا، سردی لگنے سے پہلے
pain, sore, bruised, knee, chill, during	=اعضا — درد، دکھتا، کچلا ہوا، گھٹنا، سردی لگنا کے دوران
pain, sore, bruised, knee, descending stairs, on	=اعضا — درد، دکھتا، کچلا ہوا، گھٹنا، سیڑھیاں اترتے ہوئے پر
pain, sore, bruised, knee, menses, during	=اعضا — درد، دکھتا، کچلا ہوا، گھٹنا، حیض کے دوران
pain, sore, bruised, knee, motion, on agg.	=اعضا — درد، دکھتا، کچلا ہوا، گھٹنا، حرکت پر بگاڑ
pain, sore, bruised, knee, patella	=اعضا — درد، دکھتا، کچلا ہوا، گھٹنے کی کاسہ (پیٹیلا)
pain, sore, bruised, knee, patella, bending the knee	=اعضا — درد، دکھتا، کچلا ہوا، گھٹنے کی کاسہ (پیٹیلا)، موڑنا، گھٹنا
pain, sore, bruised, knee, patella, descending steps	=اعضا — درد، دکھتا، کچلا ہوا، گھٹنے کی کاسہ (پیٹیلا)، سیڑھیاں اترنے پر
pain, sore, bruised, knee, patella, sitting amel.	=اعضا — درد، دکھتا، کچلا ہوا، گھٹنے کی کاسہ (پیٹیلا)، بیٹھنا، آرام
pain, sore, bruised, knee, patella, walking	=اعضا — درد، دکھتا، کچلا ہوا، گھٹنے کی کاسہ (پیٹیلا)، چلنا
pain, sore, bruised, knee, patella, walking, on level amel.	=اعضا — درد، دکھتا، کچلا ہوا، گھٹنے کی کاسہ (پیٹیلا)، چلنا، ہموار سطح پر، آرام
pain, sore, bruised, knee, patella, walking, while	=اعضا — درد، دکھتا، کچلا ہوا، گھٹنے کی کاسہ (پیٹیلا)، چلنا، چلتے ہوئے
pain, sore, bruised, knee, pressure, on	=اعضا — درد، دکھتا، کچلا ہوا، گھٹنا، دباؤ پر
pain, sore, bruised, knee, rising, after, amel.	=اعضا — درد، دکھتا، کچلا ہوا، گھٹنا، اٹھنا کے بعد، آرام
pain, sore, bruised, knee, sneezing, on	=اعضا — درد، دکھتا، کچلا ہوا، گھٹنا، چھینکنے پر
pain, sore, bruised, knee, walking, after	=اعضا — درد، دکھتا، کچلا ہوا، گھٹنا، چلنا کے بعد
pain, sore, bruised, leg, morning, bed, in	=اعضا — درد، دکھتا، کچلا ہوا، ٹانگ، صبح، بستر میں
pain, sore, bruised, leg, morning, rising, after	=اعضا — درد، دکھتا، کچلا ہوا، ٹانگ، صبح، اٹھنا کے بعد
pain, sore, bruised, leg, morning, waking, on	=اعضا — درد، دکھتا، کچلا ہوا، ٹانگ، صبح، جاگنے پر
pain, sore, bruised, leg, calf, eating, after	=اعضا — درد، دکھتا، کچلا ہوا، ٹانگ، پنڈلی تک، کھانا کے بعد
pain, sore, bruised, leg, fatigue, after	=اعضا — درد، دکھتا، کچلا ہوا، ٹانگ، تھکن کے بعد
pain, sore, bruised, leg, menses, during	=اعضا — درد، دکھتا، کچلا ہوا، ٹانگ، حیض کے دوران
pain, sore, bruised, leg, motion, on	=اعضا — درد، دکھتا، کچلا ہوا، ٹانگ، حرکت پر
pain, sore, bruised, leg, rising, after, amel.	=اعضا — درد، دکھتا، کچلا ہوا، ٹانگ، اٹھنا کے بعد، آرام
pain, sore, bruised, leg, urination, during	=اعضا — درد، دکھتا، کچلا ہوا، ٹانگ، پیشاب کے دوران
pain, sore, bruised, leg, walking, after	=اعضا — درد، دکھتا، کچلا ہوا، ٹانگ، چلنا کے بعد
pain, sore, bruised, lower limbs, menses, before	=اعضا — درد، دکھتا، کچلا ہوا، نچلے اعضاء، حیض سے پہلے
pain, sore, bruised, lower limbs, menses, during	=اعضا — درد، دکھتا، کچلا ہوا، نچلے اعضاء، حیض کے دوران
pain, sore, bruised, lower limbs, paroxysms, in	=اعضا — درد، دکھتا، کچلا ہوا، نچلے اعضاء، دورے میں
pain, sore, bruised, lower limbs, walking, after, agg.	=اعضا — درد، دکھتا، کچلا ہوا، نچلے اعضاء، چلنا کے بعد، بگاڑ
pain, sore, bruised, menses, before	=اعضا — درد، دکھتا، کچلا ہوا، حیض سے پہلے
pain, sore, bruised, menses, during	=اعضا — درد، دکھتا، کچلا ہوا، حیض کے دوران
pain, sore, bruised, menses, during, scanty menses	=اعضا — درد، دکھتا، کچلا ہوا، حیض کے دوران، تھوڑا، حیض
pain, sore, bruised, thigh, morning, waking, on	=اعضا — درد، دکھتا، کچلا ہوا، ران، صبح، جاگنے پر
pain, sore, bruised, thigh, anterior part of, pressure, on	=اعضا — درد، دکھتا، کچلا ہوا، ران، سامنے کا حصہ، دباؤ پر
pain, sore, bruised, thigh, bend of, menses, before	=اعضا — درد، دکھتا، کچلا ہوا، ران، موڑ، حیض سے پہلے
pain, sore, bruised, thigh, bend of, menses, during	=اعضا — درد، دکھتا، کچلا ہوا، ران، موڑ، حیض کے دوران
pain, sore, bruised, thigh, between	=اعضا — درد، دکھتا، کچلا ہوا، ران کے درمیان
pain, sore, bruised, thigh, chill, during	=اعضا — درد، دکھتا، کچلا ہوا، ران، سردی لگنا کے دوران
pain, sore, bruised, thigh, inner side, menses, during	=اعضا — درد، دکھتا، کچلا ہوا، ران، اندر کی طرف، حیض کے دوران
pain, sore, bruised, thigh, menses, during	=اعضا — درد، دکھتا، کچلا ہوا، ران، حیض کے دوران
pain, sore, bruised, thigh, middle of, menses, during	=اعضا — درد، دکھتا، کچلا ہوا، ران، بیچ میں، حیض کے دوران
pain, sore, bruised, thigh, motion, on agg.	=اعضا — درد، دکھتا، کچلا ہوا، ران، حرکت پر بگاڑ
pain, sore, bruised, thigh, skated, as if, too much	=اعضا — درد، دکھتا، کچلا ہوا، ران، سکیٹنگ کی، جیسے بہت
pain, sore, bruised, thigh, stretching out, on	=اعضا — درد، دکھتا، کچلا ہوا، ران، تاننے پر
pain, sore, bruised, thigh, walking, after	=اعضا — درد، دکھتا، کچلا ہوا، ران، چلنا کے بعد
pain, sore, bruised, thigh, walking, after, in open air	=اعضا — درد، دکھتا، کچلا ہوا، ران، چلنا کے بعد، کھلی ہوا میں
pain, sore, bruised, thigh, walking, on beginning to walk	=اعضا — درد، دکھتا، کچلا ہوا، ران، چلنا شروع کرنے پر
pain, sore, bruised, toes, between	=اعضا — درد، دکھتا، کچلا ہوا، انگوٹھوں کے درمیان
pain, sore, bruised, toes, perspiration, from	=اعضا — درد، دکھتا، کچلا ہوا، انگوٹھوں، پسینہ سے
pain, sore, bruised, toes, pressure, on	=اعضا — درد، دکھتا، کچلا ہوا، انگوٹھوں، دباؤ پر
pain, sore, bruised, upper limbs, eating, after	=اعضا — درد، دکھتا، کچلا ہوا، اوپری اعضاء، کھانا کے بعد
pain, sore, bruised, upper limbs, motion, on agg.	=اعضا — درد، دکھتا، کچلا ہوا، اوپری اعضاء، حرکت پر بگاڑ
pain, sore, bruised, upper limbs, pressure, on	=اعضا — درد، دکھتا، کچلا ہوا، اوپری اعضاء، دباؤ پر
pain, sore, bruised, upper limbs, waking, on	=اعضا — درد، دکھتا، کچلا ہوا، اوپری اعضاء، جاگنے پر
pain, sore, bruised, shoulder, morning, rising, on	=اعضا — درد، دکھتا، کچلا ہوا، کندھا، صبح، اٹھنے پر
pain, sore, bruised, shoulder, morning, waking, on	=اعضا — درد، دکھتا، کچلا ہوا، کندھا، صبح، جاگنے پر
pain, sore, bruised, shoulder, sleeping, after	=اعضا — درد، دکھتا، کچلا ہوا، کندھا، سوتے ہوئے کے بعد
pain, sore, bruised, shoulder, waking, on	=اعضا — درد، دکھتا، کچلا ہوا، کندھا، جاگنے پر
pain, sore, bruised, shoulder, under, left	=اعضا — درد، دکھتا، کچلا ہوا، کندھا کے نیچے، بائیں
pain, sore, bruised, upper arm, dinner, after	=اعضا — درد، دکھتا، کچلا ہوا، اوپری بازو، دوپہر کا کھانا کے بعد
pain, sore, bruised, upper arm, raising arm, on	=اعضا — درد، دکھتا، کچلا ہوا، اوپری بازو، بازو اٹھانے پر
pain, sore, bruised, upper arm, motion, on agg.	=اعضا — درد، دکھتا، کچلا ہوا، اوپری بازو، حرکت پر بگاڑ
pain, sore, bruised, motion, during agg.	=اعضا — درد، دکھتا، کچلا ہوا، حرکت کے دوران بگاڑ
pain, sprained, wrist, motion, on agg.	=اعضا — درد، موچ والا، کلائی تک، حرکت پر بگاڑ
pain, sprained, wrist, work, during	=اعضا — درد، موچ والا، کلائی تک، کام کے دوران
pain, sprained, lower limbs, sitting, on	=اعضا — درد، موچ والا، نچلے اعضاء، بیٹھنے پر
pain, sprained, hip, stepping, on	=اعضا — درد، موچ والا، کولھا، قدم رکھنے پر
pain, sprained, hip, walking, after	=اعضا — درد، موچ والا، کولھا، چلنا کے بعد
pain, sprained, knee, heat, during	=اعضا — درد، موچ والا، گھٹنا، گرمی کے دوران
pain, sprained, knee, moving, on	=اعضا — درد، موچ والا، گھٹنا، ہلنے پر
pain, sprained, knee, rising, on	=اعضا — درد، موچ والا، گھٹنا، اٹھنے پر
pain, sprained, knee, walking, after	=اعضا — درد، موچ والا، گھٹنا، چلنا کے بعد
pain, sprained, ankle, motion, on	=اعضا — درد، موچ والا، ٹخنے تک، حرکت پر
pain, sprained, ankle, stooping, on	=اعضا — درد، موچ والا، ٹخنے تک، جھکنے پر
pain, sprained, toes, first, morning, bed, in	=اعضا — درد، موچ والا، انگوٹھوں، پہلا، صبح، بستر میں
pain, sprained, toes, first, bed, in	=اعضا — درد، موچ والا، انگوٹھوں، پہلا، بستر میں
pain, stitching, morning, bed, in	=اعضا — درد، چبھتا ہوا، صبح، بستر میں
pain, stitching, afternoon, 4 p.m.	=اعضا — درد، چبھتا ہوا، سہ پہر 4 بجے
pain, stitching, evening, sleep, before	=اعضا — درد، چبھتا ہوا، شام، نیند سے پہلے
pain, stitching, coughing, on	=اعضا — درد، چبھتا ہوا، کھانسی پر
pain, stitching, eruption, after	=اعضا — درد، چبھتا ہوا، دانے کے بعد
pain, stitching, fever, during	=اعضا — درد، چبھتا ہوا، بخار کے دوران
pain, stitching, menses, during	=اعضا — درد، چبھتا ہوا، حیض کے دوران
pain, stitching, pressure, from agg.	=اعضا — درد، چبھتا ہوا، دباؤ سے بگاڑ
pain, stitching, spots, in	=اعضا — درد، چبھتا ہوا، دھبے میں
pain, stitching, joints, chill, before	=اعضا — درد، چبھتا ہوا، جوڑوں میں، سردی لگنے سے پہلے
pain, stitching, joints, chill, during	=اعضا — درد، چبھتا ہوا، جوڑوں میں، سردی لگنا کے دوران
pain, stitching, joints, exercise, during	=اعضا — درد، چبھتا ہوا، جوڑوں میں، ورزش کے دوران
pain, stitching, joints, fever, during	=اعضا — درد، چبھتا ہوا، جوڑوں میں، بخار کے دوران
pain, stitching, joints, motion, on agg.	=اعضا — درد، چبھتا ہوا، جوڑوں میں، حرکت پر بگاڑ
pain, stitching, joints, pressure, on	=اعضا — درد، چبھتا ہوا، جوڑوں میں، دباؤ پر
pain, stitching, joints, touch, on	=اعضا — درد، چبھتا ہوا، جوڑوں میں، چھونے پر
pain, stitching, upper limbs, morning, 7-30 a.m.	=اعضا — درد، چبھتا ہوا، اوپری اعضاء، صبح 7:30 بجے
pain, stitching, upper limbs, motion, on agg.	=اعضا — درد، چبھتا ہوا، اوپری اعضاء، حرکت پر بگاڑ
pain, stitching, upper limbs, evening, 7 p.m.	=اعضا — درد، چبھتا ہوا، اوپری اعضاء، شام 7 بجے
pain, stitching, upper limbs, coughing, on	=اعضا — درد، چبھتا ہوا، اوپری اعضاء، کھانسی پر
pain, stitching, upper limbs, chill, during	=اعضا — درد، چبھتا ہوا، اوپری اعضاء، سردی لگنا کے دوران
pain, stitching, chill, during	=اعضا — درد، چبھتا ہوا، سردی لگنا کے دوران
pain, stitching, shoulder, morning, bed, in	=اعضا — درد، چبھتا ہوا، کندھا، صبح، بستر میں
pain, stitching, shoulder, morning, cough, during	=اعضا — درد، چبھتا ہوا، کندھا، صبح، کھانسی کے دوران
pain, stitching, shoulder, morning, eating, after	=اعضا — درد، چبھتا ہوا، کندھا، صبح، کھانا کے بعد
pain, stitching, shoulder, morning, 10 a.m.	=اعضا — درد، چبھتا ہوا، کندھا، صبح 10 بجے
pain, stitching, shoulder, afternoon, 2 p.m.	=اعضا — درد، چبھتا ہوا، کندھا، سہ پہر 2 بجے
pain, stitching, shoulder, afternoon, 4 p.m.	=اعضا — درد، چبھتا ہوا، کندھا، سہ پہر 4 بجے
pain, stitching, shoulder, chill, during	=اعضا — درد، چبھتا ہوا، کندھا، سردی لگنا کے دوران
pain, stitching, shoulder, coughing, from	=اعضا — درد، چبھتا ہوا، کندھا، کھانسی سے
pain, stitching, shoulder, dinner, after	=اعضا — درد، چبھتا ہوا، کندھا، دوپہر کا کھانا کے بعد
pain, stitching, shoulder, expiration, on	=اعضا — درد، چبھتا ہوا، کندھا، سانس چھوڑنے پر
pain, stitching, shoulder, inspiration, on	=اعضا — درد، چبھتا ہوا، کندھا، سانس اندر لینے پر
pain, stitching, shoulder, motion, during agg.	=اعضا — درد، چبھتا ہوا، کندھا، حرکت کے دوران بگاڑ
pain, stitching, shoulder, respiration, on	=اعضا — درد، چبھتا ہوا، کندھا، سانس لینے پر
pain, stitching, shoulder, sleep, before	=اعضا — درد، چبھتا ہوا، کندھا، نیند سے پہلے
pain, stitching, upper arm, dinner, after	=اعضا — درد، چبھتا ہوا، اوپری بازو، دوپہر کا کھانا کے بعد
pain, stitching, elbow, morning, 8 a.m.	=اعضا — درد، چبھتا ہوا، کہنی، صبح 8 بجے
pain, stitching, elbow, motion, during agg.	=اعضا — درد، چبھتا ہوا، کہنی، حرکت کے دوران بگاڑ
pain, stitching, elbow, chill, during	=اعضا — درد، چبھتا ہوا، کہنی، سردی لگنا کے دوران
pain, stitching, elbow, bend of, chill, before	=اعضا — درد، چبھتا ہوا، کہنی، موڑ، سردی لگنے سے پہلے
pain, stitching, elbow, bend of, rest, during	=اعضا — درد، چبھتا ہوا، کہنی، موڑ، آرام کے دوران
pain, stitching, elbow, olecranon	=اعضا — درد، چبھتا ہوا، کہنی کی نوک (اولیکرینن)
pain, stitching, elbow, olecranon, night	=اعضا — درد، چبھتا ہوا، کہنی کی نوک (اولیکرینن)، رات
pain, stitching, elbow, olecranon, bending arm	=اعضا — درد، چبھتا ہوا، کہنی کی نوک (اولیکرینن)، بازو جھکانے پر
pain, stitching, elbow, olecranon, rest, during	=اعضا — درد، چبھتا ہوا، کہنی کی نوک (اولیکرینن)، آرام کے دوران
pain, stitching, forearm, exertion, on	=اعضا — درد، چبھتا ہوا، کلائی سے کہنی تک بازو، محنت پر
pain, stitching, forearm, motion, on	=اعضا — درد، چبھتا ہوا، کلائی سے کہنی تک بازو، حرکت پر
pain, stitching, wrist, work, at	=اعضا — درد، چبھتا ہوا، کلائی تک، کام پر
pain, stitching, hand, motion, on agg.	=اعضا — درد، چبھتا ہوا، ہاتھ، حرکت پر بگاڑ
pain, stitching, hand, evening, bed, in	=اعضا — درد، چبھتا ہوا، ہاتھ، شام، بستر میں
pain, stitching, hand, splinters, as of, on touching hair on hand	=اعضا — درد، چبھتا ہوا، ہاتھ، جیسے پھانس چبھی ہو، جیسے چھوتے ہوئے بال پر ہاتھ پر
pain, stitching, hand, washing, after	=اعضا — درد، چبھتا ہوا، ہاتھ، دھونا کے بعد
pain, stitching, hand, palm, evening, 10 p.m.	=اعضا — درد، چبھتا ہوا، ہاتھ، ہتھیلی، شام 10 بجے
pain, stitching, fingers, morning, 7 a.m.	=اعضا — درد، چبھتا ہوا، انگلیاں، صبح 7 بجے
pain, stitching, fingers, coldness, during	=اعضا — درد، چبھتا ہوا، انگلیاں، ٹھنڈک کے دوران
pain, stitching, fingers, nails, under	=اعضا — درد، چبھتا ہوا، انگلیاں، ناخن کے نیچے
pain, stitching, fingers, nails, around	=اعضا — درد، چبھتا ہوا، انگلیاں، ناخن کے ارد گرد
pain, stitching, fingers, tips of, chill, during	=اعضا — درد، چبھتا ہوا، انگلیاں، سرے، سردی لگنا کے دوران
pain, stitching, fingers, first, as from a thistle	=اعضا — درد، چبھتا ہوا، انگلیاں، پہلا، جیسے کانٹے دار پودا
pain, stitching, fingers, first, motion, on	=اعضا — درد، چبھتا ہوا، انگلیاں، پہلا، حرکت پر
pain, stitching, fingers, first, evening, 8 p.m.	=اعضا — درد، چبھتا ہوا، انگلیاں، پہلا، شام 8 بجے
pain, stitching, fingers, second, afternoon, 5 p.m.	=اعضا — درد، چبھتا ہوا، انگلیاں، دوسرا، سہ پہر 5 بجے
pain, stitching, thumb, morning, bed, in	=اعضا — درد، چبھتا ہوا، انگوٹھا، صبح، بستر میں
pain, stitching, thumb, ball of, as if stung	=اعضا — درد، چبھتا ہوا، انگوٹھا، گول ابھار، جیسے ڈنک مارا
pain, stitching, thumb, nail, under	=اعضا — درد، چبھتا ہوا، انگوٹھا، کیل جیسا کے نیچے
pain, stitching, thumb, tip, dinner, after	=اعضا — درد، چبھتا ہوا، انگوٹھا، سرا، دوپہر کا کھانا کے بعد
pain, stitching, thumb, tip, waking, on	=اعضا — درد، چبھتا ہوا، انگوٹھا، سرا، جاگنے پر
pain, stitching, lower limbs, chill, during	=اعضا — درد، چبھتا ہوا، نچلے اعضاء، سردی لگنا کے دوران
pain, stitching, lower limbs, kneeling, after	=اعضا — درد، چبھتا ہوا، نچلے اعضاء، گھٹنوں کے بل بیٹھنا کے بعد
pain, stitching, lower limbs, resting, after	=اعضا — درد، چبھتا ہوا، نچلے اعضاء، آرام کرنا کے بعد
pain, stitching, lower limbs, scratching, from	=اعضا — درد، چبھتا ہوا، نچلے اعضاء، کھجانے سے
pain, stitching, lower limbs, stool, during	=اعضا — درد، چبھتا ہوا، نچلے اعضاء، پاخانہ کے دوران
pain, stitching, nates, afternoon, 3-30 p.m.	=اعضا — درد، چبھتا ہوا، سُرین، سہ پہر 3:30 بجے
pain, stitching, nates, scratching, from agg.	=اعضا — درد، چبھتا ہوا، سُرین، کھجانے سے بگاڑ
pain, stitching, nates, dinner, during	=اعضا — درد، چبھتا ہوا، سُرین، دوپہر کا کھانا کے دوران
pain, stitching, hip, morning, rising, on	=اعضا — درد، چبھتا ہوا، کولھا، صبح، اٹھنے پر
pain, stitching, hip, motion, on agg.	=اعضا — درد، چبھتا ہوا، کولھا، حرکت پر بگاڑ
pain, stitching, hip, afternoon, 4 p.m.	=اعضا — درد، چبھتا ہوا، کولھا، سہ پہر 4 بجے
pain, stitching, hip, evening, bed, in	=اعضا — درد، چبھتا ہوا، کولھا، شام، بستر میں
pain, stitching, hip, coughing, on	=اعضا — درد، چبھتا ہوا، کولھا، کھانسی پر
pain, stitching, hip, inspiration, on	=اعضا — درد، چبھتا ہوا، کولھا، سانس اندر لینے پر
pain, stitching, hip, stool, during	=اعضا — درد، چبھتا ہوا، کولھا، پاخانہ کے دوران
pain, stitching, hip, stooping, on	=اعضا — درد، چبھتا ہوا، کولھا، جھکنے پر
pain, stitching, thigh, morning, rising, on	=اعضا — درد، چبھتا ہوا، ران، صبح، اٹھنے پر
pain, stitching, thigh, morning, sitting, on	=اعضا — درد، چبھتا ہوا، ران، صبح، بیٹھنے پر
pain, stitching, thigh, afternoon, walking, on	=اعضا — درد، چبھتا ہوا، ران، سہ پہر، چلنے پر
pain, stitching, thigh, night, bed, in agg.	=اعضا — درد، چبھتا ہوا، ران، رات، بستر میں بگاڑ
pain, stitching, thigh, night, bed, in, amel.	=اعضا — درد، چبھتا ہوا، ران، رات، بستر میں، آرام
pain, stitching, thigh, bed, in	=اعضا — درد، چبھتا ہوا، ران، بستر میں
pain, stitching, thigh, menses, before	=اعضا — درد، چبھتا ہوا، ران، حیض سے پہلے
pain, stitching, thigh, motion, on agg.	=اعضا — درد، چبھتا ہوا، ران، حرکت پر بگاڑ
pain, stitching, thigh, sleep, before	=اعضا — درد، چبھتا ہوا، ران، نیند سے پہلے
pain, stitching, thigh, sleep, after	=اعضا — درد، چبھتا ہوا، ران، نیند کے بعد
pain, stitching, thigh, crural nerves	=اعضا — درد، چبھتا ہوا، ران کے اعصاب
pain, stitching, thigh, inner side, stepping, on	=اعضا — درد، چبھتا ہوا، ران، اندر کی طرف، قدم رکھنے پر
pain, stitching, thigh, inner side, touch, on	=اعضا — درد، چبھتا ہوا، ران، اندر کی طرف، چھونے پر
pain, stitching, knee, morning, 4 a.m. to 8 a.m.	=اعضا — درد، چبھتا ہوا، گھٹنا، صبح 4 سے 8 بجے تک
pain, stitching, knee, morning, motion, on	=اعضا — درد، چبھتا ہوا، گھٹنا، صبح، حرکت پر
pain, stitching, knee, morning, rising, after	=اعضا — درد، چبھتا ہوا، گھٹنا، صبح، اٹھنا کے بعد
pain, stitching, knee, morning, sitting, on	=اعضا — درد، چبھتا ہوا، گھٹنا، صبح، بیٹھنے پر
pain, stitching, knee, afternoon, 4 p.m., while walking	=اعضا — درد، چبھتا ہوا، گھٹنا، سہ پہر 4 بجے، چلتے ہوئے
pain, stitching, knee, evening, bed, in	=اعضا — درد، چبھتا ہوا، گھٹنا، شام، بستر میں
pain, stitching, knee, evening, 9 p.m.	=اعضا — درد، چبھتا ہوا، گھٹنا، شام 9 بجے
pain, stitching, knee, bed, in	=اعضا — درد، چبھتا ہوا، گھٹنا، بستر میں
pain, stitching, knee, bending, on	=اعضا — درد، چبھتا ہوا، گھٹنا، جھکنے پر
pain, stitching, knee, coughing, on	=اعضا — درد، چبھتا ہوا، گھٹنا، کھانسی پر
pain, stitching, knee, drawing, after	=اعضا — درد، چبھتا ہوا، گھٹنا، کھینچتا ہوا کے بعد
pain, stitching, knee, kneeling, when	=اعضا — درد، چبھتا ہوا، گھٹنوں کے بل بیٹھے وقت
pain, stitching, knee, motion, on agg.	=اعضا — درد، چبھتا ہوا، گھٹنا، حرکت پر بگاڑ
pain, stitching, knee, stepping, on	=اعضا — درد، چبھتا ہوا، گھٹنا، قدم رکھنے پر
pain, stitching, knee, stretching, on agg.	=اعضا — درد، چبھتا ہوا، گھٹنا، تاننے پر بگاڑ
pain, stitching, knee, thunderstorm, during	=اعضا — درد، چبھتا ہوا، گھٹنا، گرج چمک کے دوران
pain, stitching, knee, touch, on	=اعضا — درد، چبھتا ہوا، گھٹنا، چھونے پر
pain, stitching, knee, hollow of, chill, during	=اعضا — درد، چبھتا ہوا، گھٹنا، گڑھا، سردی لگنا کے دوران
pain, stitching, knee, hollow of, motion, on	=اعضا — درد، چبھتا ہوا، گھٹنا، گڑھا، حرکت پر
pain, stitching, knee, inner side, dinner, after	=اعضا — درد، چبھتا ہوا، گھٹنا، اندر کی طرف، دوپہر کا کھانا کے بعد
pain, stitching, knee, tendons, motion, on	=اعضا — درد، چبھتا ہوا، گھٹنا، کنڈریں، حرکت پر
pain, stitching, knee, tendons, touch, on	=اعضا — درد، چبھتا ہوا، گھٹنا، کنڈریں، چھونے پر
pain, stitching, knee, patella	=اعضا — درد، چبھتا ہوا، گھٹنے کی کاسہ (پیٹیلا)
pain, stitching, knee, patella, right	=اعضا — درد، چبھتا ہوا، گھٹنے کی کاسہ (پیٹیلا)، دائیں
pain, stitching, knee, patella, afternoon	=اعضا — درد، چبھتا ہوا، گھٹنے کی کاسہ (پیٹیلا)، سہ پہر
pain, stitching, knee, patella, ascending stairs	=اعضا — درد، چبھتا ہوا، گھٹنے کی کاسہ (پیٹیلا)، سیڑھیاں چڑھنے پر
pain, stitching, knee, patella, burning	=اعضا — درد، چبھتا ہوا، گھٹنے کی کاسہ (پیٹیلا)، جلتا ہوا
pain, stitching, knee, patella, drawing	=اعضا — درد، چبھتا ہوا، گھٹنے کی کاسہ (پیٹیلا)، کھینچتا ہوا
pain, stitching, knee, patella, electric sparks, like	=اعضا — درد، چبھتا ہوا، گھٹنے کی کاسہ (پیٹیلا)، بجلی کی چنگاریاں، جیسا
pain, stitching, knee, patella, kneeling, when	=اعضا — درد، چبھتا ہوا، گھٹنے کی کاسہ (پیٹیلا)، گھٹنوں کے بل بیٹھے وقت
pain, stitching, knee, patella, motion agg.	=اعضا — درد، چبھتا ہوا، گھٹنے کی کاسہ (پیٹیلا)، حرکت، بگاڑ
pain, stitching, knee, patella, motion, amel.	=اعضا — درد، چبھتا ہوا، گھٹنے کی کاسہ (پیٹیلا)، حرکت، آرام
pain, stitching, knee, patella, rising from a seat, after	=اعضا — درد، چبھتا ہوا، گھٹنے کی کاسہ (پیٹیلا)، نشست سے اٹھنے کے بعد
pain, stitching, knee, patella, rubbing amel.	=اعضا — درد، چبھتا ہوا، گھٹنے کی کاسہ (پیٹیلا)، رگڑنا، آرام
pain, stitching, knee, patella, sitting, while	=اعضا — درد، چبھتا ہوا، گھٹنے کی کاسہ (پیٹیلا)، بیٹھے ہوئے
pain, stitching, knee, patella, tearing	=اعضا — درد، چبھتا ہوا، گھٹنے کی کاسہ (پیٹیلا)، چیرتا ہوا
pain, stitching, knee, patella, tensive	=اعضا — درد، چبھتا ہوا، گھٹنے کی کاسہ (پیٹیلا)، تناؤ کے ساتھ
pain, stitching, knee, patella, walking	=اعضا — درد، چبھتا ہوا، گھٹنے کی کاسہ (پیٹیلا)، چلنا
pain, stitching, knee, patella, walking, while	=اعضا — درد، چبھتا ہوا، گھٹنے کی کاسہ (پیٹیلا)، چلنا، چلتے ہوئے
pain, stitching, knee, patella, walking, continued amel.	=اعضا — درد، چبھتا ہوا، گھٹنے کی کاسہ (پیٹیلا)، چلنا، جاری رہنے والا، آرام
pain, stitching, knee, patella, extending to hip	=اعضا — درد، چبھتا ہوا، گھٹنے کی کاسہ (پیٹیلا)، کولھا تک پھیلتا ہوا
pain, stitching, leg, chill, during	=اعضا — درد، چبھتا ہوا، ٹانگ، سردی لگنا کے دوران
pain, stitching, leg, crossing legs	=اعضا — درد، چبھتا ہوا، ٹانگیں کوڑے کرنا
pain, stitching, leg, falling asleep, on	=اعضا — درد، چبھتا ہوا، ٹانگ، سونے لگتے وقت پر
pain, stitching, leg, menses, during	=اعضا — درد، چبھتا ہوا، ٹانگ، حیض کے دوران
pain, stitching, leg, motion, during agg.	=اعضا — درد، چبھتا ہوا، ٹانگ، حرکت کے دوران بگاڑ
pain, stitching, leg, rising, on	=اعضا — درد، چبھتا ہوا، ٹانگ، اٹھنے پر
pain, stitching, leg, stool, during	=اعضا — درد، چبھتا ہوا، ٹانگ، پاخانہ کے دوران
pain, stitching, leg, tendo achillis, rest, during	=اعضا — درد، چبھتا ہوا، ٹانگ، ایڑی کی رسی (ٹینڈو اکیلس)، آرام کے دوران
pain, stitching, leg, calf, dinner, after	=اعضا — درد، چبھتا ہوا، ٹانگ، پنڈلی تک، دوپہر کا کھانا کے بعد
pain, stitching, leg, calf, lying, on	=اعضا — درد، چبھتا ہوا، ٹانگ، پنڈلی تک، لیٹنے پر
pain, stitching, leg, calf, motion, on	=اعضا — درد، چبھتا ہوا، ٹانگ، پنڈلی تک، حرکت پر
pain, stitching, leg, calf, room, in a, amel.	=اعضا — درد، چبھتا ہوا، ٹانگ، پنڈلی تک، کمرہ میں، آرام
pain, stitching, leg, calf, rubbing, after	=اعضا — درد، چبھتا ہوا، ٹانگ، پنڈلی تک، رگڑنا کے بعد
pain, stitching, leg, calf, stepping, on	=اعضا — درد، چبھتا ہوا، ٹانگ، پنڈلی تک، قدم رکھنے پر
pain, stitching, leg, calf, walk, after a	=اعضا — درد، چبھتا ہوا، ٹانگ، پنڈلی تک، چلنا کے بعد
pain, stitching, ankle, motion, on agg.	=اعضا — درد، چبھتا ہوا، ٹخنے تک، حرکت پر بگاڑ
pain, stitching, ankle, running, on	=اعضا — درد، چبھتا ہوا، ٹخنے تک، دوڑنے پر
pain, stitching, ankle, stepping, on	=اعضا — درد، چبھتا ہوا، ٹخنے تک، قدم رکھنے پر
pain, stitching, ankle, extending, heel, over	=اعضا — درد، چبھتا ہوا، ٹخنے تک، پھیلتا ہوا، ایڑی کے اوپر
pain, stitching, foot, morning, 10 a.m.	=اعضا — درد، چبھتا ہوا، پاؤں، صبح 10 بجے
pain, stitching, foot, motion, on agg.	=اعضا — درد، چبھتا ہوا، پاؤں، حرکت پر بگاڑ
pain, stitching, foot, chill, during	=اعضا — درد، چبھتا ہوا، پاؤں، سردی لگنا کے دوران
pain, stitching, foot, eating, after	=اعضا — درد، چبھتا ہوا، پاؤں، کھانا کے بعد
pain, stitching, foot, standing, on	=اعضا — درد، چبھتا ہوا، پاؤں، کھڑا ہونے پر
pain, stitching, foot, stepping, on	=اعضا — درد، چبھتا ہوا، پاؤں، قدم رکھنے پر
pain, stitching, foot, walking, after	=اعضا — درد، چبھتا ہوا، پاؤں، چلنا کے بعد
pain, stitching, foot, sole, motion, during agg.	=اعضا — درد، چبھتا ہوا، پاؤں، تلا، حرکت کے دوران بگاڑ
pain, stitching, foot, sole, evening, 10-30 p.m.	=اعضا — درد، چبھتا ہوا، پاؤں، تلا، شام 10:30 بجے
pain, stitching, foot, sole, menses, during	=اعضا — درد، چبھتا ہوا، پاؤں، تلا، حیض کے دوران
pain, stitching, foot, sole, stepping, on	=اعضا — درد، چبھتا ہوا، پاؤں، تلا، قدم رکھنے پر
pain, stitching, foot, sole, touch, from	=اعضا — درد، چبھتا ہوا، پاؤں، تلا، چھونے سے
pain, stitching, foot, sole, walking, as if walking on needles	=اعضا — درد، چبھتا ہوا، پاؤں، تلا، چلنا، جیسے چلنے پر، سوئیاں
pain, stitching, foot, sole, ball, on the	=اعضا — درد، چبھتا ہوا، پاؤں، تلا، گیند پر
pain, stitching, foot, heel, morning, bed, in	=اعضا — درد، چبھتا ہوا، پاؤں، ایڑی، صبح، بستر میں
pain, stitching, foot, heel, night, bed, in	=اعضا — درد، چبھتا ہوا، پاؤں، ایڑی، رات، بستر میں
pain, stitching, foot, heel, moving, on agg.	=اعضا — درد، چبھتا ہوا، پاؤں، ایڑی، ہلنے پر بگاڑ
pain, stitching, foot, heel, walking, after	=اعضا — درد، چبھتا ہوا، پاؤں، ایڑی، چلنا کے بعد
pain, stitching, toes, bed, in	=اعضا — درد، چبھتا ہوا، انگوٹھوں، بستر میں
pain, stitching, toes, chill, during	=اعضا — درد، چبھتا ہوا، انگوٹھوں، سردی لگنا کے دوران
pain, stitching, toes, stool, during	=اعضا — درد، چبھتا ہوا، انگوٹھوں، پاخانہ کے دوران
pain, stitching, toes, tips of, falling asleep, on	=اعضا — درد، چبھتا ہوا، انگوٹھوں، سرے، سونے لگتے وقت پر
pain, stitching, toes, first, evening, motion, on	=اعضا — درد، چبھتا ہوا، انگوٹھوں، پہلا، شام، حرکت پر
pain, stitching, toes, first, dinner, after	=اعضا — درد، چبھتا ہوا، انگوٹھوں، پہلا، دوپہر کا کھانا کے بعد
pain, stitching, toes, first, pressure, on	=اعضا — درد، چبھتا ہوا، انگوٹھوں، پہلا، دباؤ پر
pain, stitching, toes, first, nails, under	=اعضا — درد، چبھتا ہوا، انگوٹھوں، پہلا، ناخن کے نیچے
pain, tearing, evening, bed, in	=اعضا — درد، چیرتا ہوا، شام، بستر میں
pain, tearing, evening, sitting, on	=اعضا — درد، چیرتا ہوا، شام، بیٹھنے پر
pain, tearing, asunder, as if they would be torn	=اعضا — درد، چیرتا ہوا، الگ الگ، جیسے وہ، ہوتا، ہو، پھٹا ہوا
pain, tearing, chill, before	=اعضا — درد، چیرتا ہوا، سردی لگنے سے پہلے
pain, tearing, chill, during	=اعضا — درد، چیرتا ہوا، سردی لگنا کے دوران
pain, tearing, eating, after	=اعضا — درد، چیرتا ہوا، کھانا کے بعد
pain, tearing, exertion, after	=اعضا — درد، چیرتا ہوا، محنت کے بعد
pain, tearing, fever, during	=اعضا — درد، چیرتا ہوا، بخار کے دوران
pain, tearing, menses, before	=اعضا — درد، چیرتا ہوا، حیض سے پہلے
pain, tearing, menses, during	=اعضا — درد، چیرتا ہوا، حیض کے دوران
pain, tearing, move, when beginning to	=اعضا — درد، چیرتا ہوا، ہلنا شروع کرنے پر کے وقت
pain, tearing, thunderstorm, during	=اعضا — درد، چیرتا ہوا، گرج چمک کے دوران
pain, tearing, warm bed, in	=اعضا — درد، چیرتا ہوا، گرم بستر میں
pain, tearing, joints, chill, during	=اعضا — درد، چیرتا ہوا، جوڑوں میں، سردی لگنا کے دوران
pain, tearing, joints, fever, during	=اعضا — درد، چیرتا ہوا، جوڑوں میں، بخار کے دوران
pain, tearing, joints, fever, during, in limbs not lain on	=اعضا — درد، چیرتا ہوا، جوڑوں میں، بخار کے دوران، اعضاء جس پر نہیں لیٹا میں
pain, tearing, upper limbs, morning, bed, in	=اعضا — درد، چیرتا ہوا، اوپری اعضاء، صبح، بستر میں
pain, tearing, upper limbs, night, bed, in	=اعضا — درد، چیرتا ہوا، اوپری اعضاء، رات، بستر میں
pain, tearing, upper limbs, chill, during	=اعضا — درد، چیرتا ہوا، اوپری اعضاء، سردی لگنا کے دوران
pain, tearing, upper limbs, cold air, from	=اعضا — درد، چیرتا ہوا، اوپری اعضاء، ٹھنڈی ہوا سے
pain, tearing, upper limbs, manual labor, from	=اعضا — درد، چیرتا ہوا، اوپری اعضاء، محنت مزدوری سے
pain, tearing, upper limbs, menses, during	=اعضا — درد، چیرتا ہوا، اوپری اعضاء، حیض کے دوران
pain, tearing, upper limbs, motion, on agg.	=اعضا — درد، چیرتا ہوا، اوپری اعضاء، حرکت پر بگاڑ
pain, tearing, upper limbs, pressure, on	=اعضا — درد، چیرتا ہوا، اوپری اعضاء، دباؤ پر
pain, tearing, upper limbs, stretching them, on	=اعضا — درد، چیرتا ہوا، اوپری اعضاء، اُن کو تاننے پر
pain, tearing, upper limbs, lying, side, on the	=اعضا — درد، چیرتا ہوا، اوپری اعضاء، لیٹنا، طرف پر
pain, tearing, shoulder, morning, 2 a.m. to 5 a.m.	=اعضا — درد، چیرتا ہوا، کندھا، صبح 2 سے 5 بجے تک
pain, tearing, shoulder, morning, bed, in	=اعضا — درد، چیرتا ہوا، کندھا، صبح، بستر میں
pain, tearing, shoulder, morning, walking, on	=اعضا — درد، چیرتا ہوا، کندھا، صبح، چلنے پر
pain, tearing, shoulder, morning, 6 a.m.	=اعضا — درد، چیرتا ہوا، کندھا، صبح 6 بجے
pain, tearing, shoulder, afternoon, 4 p.m.	=اعضا — درد، چیرتا ہوا، کندھا، سہ پہر 4 بجے
pain, tearing, shoulder, afternoon, 5 p.m.	=اعضا — درد، چیرتا ہوا، کندھا، سہ پہر 5 بجے
pain, tearing, shoulder, evening, bed, in	=اعضا — درد، چیرتا ہوا، کندھا، شام، بستر میں
pain, tearing, shoulder, night, bed, in	=اعضا — درد، چیرتا ہوا، کندھا، رات، بستر میں
pain, tearing, shoulder, air, open, in	=اعضا — درد، چیرتا ہوا، کندھا، ہوا، کھلا میں
pain, tearing, shoulder, dinner, after	=اعضا — درد، چیرتا ہوا، کندھا، دوپہر کا کھانا کے بعد
pain, tearing, shoulder, motion, on agg.	=اعضا — درد، چیرتا ہوا، کندھا، حرکت پر بگاڑ
pain, tearing, shoulder, stooping, on	=اعضا — درد، چیرتا ہوا، کندھا، جھکنے پر
pain, tearing, upper arm, morning, 6 a.m.	=اعضا — درد، چیرتا ہوا، اوپری بازو، صبح 6 بجے
pain, tearing, upper arm, morning, 11 a.m.	=اعضا — درد، چیرتا ہوا، اوپری بازو، صبح 11 بجے
pain, tearing, upper arm, night, midnight, after	=اعضا — درد، چیرتا ہوا، اوپری بازو، رات، آدھی رات کے بعد
pain, tearing, upper arm, bed, in	=اعضا — درد، چیرتا ہوا، اوپری بازو، بستر میں
pain, tearing, upper arm, chill, during	=اعضا — درد، چیرتا ہوا، اوپری بازو، سردی لگنا کے دوران
pain, tearing, upper arm, exertion, from	=اعضا — درد، چیرتا ہوا، اوپری بازو، محنت سے
pain, tearing, upper arm, touch, on	=اعضا — درد، چیرتا ہوا، اوپری بازو، چھونے پر
pain, tearing, upper arm, walking, in, open air amel.	=اعضا — درد، چیرتا ہوا، اوپری بازو، چلنے میں، کھلی ہوا میں، آرام
pain, tearing, upper arm, bone, condyles, in	=اعضا — درد، چیرتا ہوا، اوپری بازو، ہڈی میں، ہڈی کے گول ابھار (کنڈائل) میں
pain, tearing, elbow, afternoon, 1 p.m.	=اعضا — درد، چیرتا ہوا، کہنی، سہ پہر 1 بجے
pain, tearing, elbow, night, bed, in	=اعضا — درد، چیرتا ہوا، کہنی، رات، بستر میں
pain, tearing, elbow, motion, during agg.	=اعضا — درد، چیرتا ہوا، کہنی، حرکت کے دوران بگاڑ
pain, tearing, elbow, olecranon	=اعضا — درد، چیرتا ہوا، کہنی کی نوک (اولیکرینن)
pain, tearing, elbow, olecranon, rest, during	=اعضا — درد، چیرتا ہوا، کہنی کی نوک (اولیکرینن)، آرام کے دوران
pain, tearing, forearm, morning, walking, on	=اعضا — درد، چیرتا ہوا، کلائی سے کہنی تک بازو، صبح، چلنے پر
pain, tearing, wrist, afternoon, 2 p.m.	=اعضا — درد، چیرتا ہوا، کلائی تک، سہ پہر 2 بجے
pain, tearing, wrist, evening, 7 p.m.	=اعضا — درد، چیرتا ہوا، کلائی تک، شام 7 بجے
pain, tearing, wrist, night, bed, in	=اعضا — درد، چیرتا ہوا، کلائی تک، رات، بستر میں
pain, tearing, wrist, motion, on agg.	=اعضا — درد، چیرتا ہوا، کلائی تک، حرکت پر بگاڑ
pain, tearing, hand, afternoon, 2 p.m.	=اعضا — درد، چیرتا ہوا، ہاتھ، سہ پہر 2 بجے
pain, tearing, hand, evening, bed, in	=اعضا — درد، چیرتا ہوا، ہاتھ، شام، بستر میں
pain, tearing, hand, night, bed, in	=اعضا — درد، چیرتا ہوا، ہاتھ، رات، بستر میں
pain, tearing, hand, between	=اعضا — درد، چیرتا ہوا، ہاتھ کے درمیان
pain, tearing, hand, between, extensor tendons	=اعضا — درد، چیرتا ہوا، ہاتھ کے درمیان، باہر موڑنے والی کنڈریں
pain, tearing, hand, between, index finger and thumb	=اعضا — درد، چیرتا ہوا، ہاتھ کے درمیان، شہادت کی انگلی اور انگوٹھا
pain, tearing, hand, between, index finger and thumb, while writing	=اعضا — درد، چیرتا ہوا، ہاتھ کے درمیان، شہادت کی انگلی اور انگوٹھا، لکھتے ہوئے
pain, tearing, hand, between, second and third fingers	=اعضا — درد، چیرتا ہوا، ہاتھ کے درمیان، دوسری اور تیسری انگلی
pain, tearing, hand, between, third and fourth fingers	=اعضا — درد، چیرتا ہوا، ہاتھ کے درمیان، تیسری اور چوتھی انگلی
pain, tearing, hand, between, wrist and knuckle of thumb	=اعضا — درد، چیرتا ہوا، ہاتھ کے درمیان، کلائی اور، انگلی کا جوڑ کا، انگوٹھا
pain, tearing, hand, feather covering, under	=اعضا — درد، چیرتا ہوا، ہاتھ، نرم پر کا ڈھانپنا کے نیچے
pain, tearing, hand, ball of, evening, bed, in	=اعضا — درد، چیرتا ہوا، ہاتھ، گول ابھار، شام، بستر میں
pain, tearing, hand, joints, motion, on	=اعضا — درد، چیرتا ہوا، ہاتھ، جوڑوں میں، حرکت پر
pain, tearing, hand, palm, radial side of, as, if flesh would be torn from bone	=اعضا — درد، چیرتا ہوا، ہاتھ، ہتھیلی، ریڈیئس کی طرف (انگوٹھے کی طرف) کا، جیسے اگر، گوشت، ہوتا، ہو، پھٹا ہوا سے، ہڈی
pain, tearing, fingers, evening, bed, in	=اعضا — درد، چیرتا ہوا، انگلیاں، شام، بستر میں
pain, tearing, fingers, evening, 6 p.m.	=اعضا — درد، چیرتا ہوا، انگلیاں، شام 6 بجے
pain, tearing, fingers, evening, 8 p.m., when spinning	=اعضا — درد، چیرتا ہوا، انگلیاں، شام 8 بجے، کاتتے وقت
pain, tearing, fingers, night, bed, in	=اعضا — درد، چیرتا ہوا، انگلیاں، رات، بستر میں
pain, tearing, fingers, motion, during	=اعضا — درد، چیرتا ہوا، انگلیاں، حرکت کے دوران
pain, tearing, fingers, joints of, night, bed, in	=اعضا — درد، چیرتا ہوا، انگلیاں، جوڑ، رات، بستر میں
pain, tearing, fingers, joints of, motion, on	=اعضا — درد، چیرتا ہوا، انگلیاں، جوڑ، حرکت پر
pain, tearing, fingers, joints of, rising, after	=اعضا — درد، چیرتا ہوا، انگلیاں، جوڑ، اٹھنا کے بعد
pain, tearing, fingers, nails, under	=اعضا — درد، چیرتا ہوا، انگلیاں، ناخن کے نیچے
pain, tearing, fingers, first, evening, bed, in	=اعضا — درد، چیرتا ہوا، انگلیاں، پہلا، شام، بستر میں
pain, tearing, fingers, second, afternoon, 3 p.m.	=اعضا — درد، چیرتا ہوا، انگلیاں، دوسرا، سہ پہر 3 بجے
pain, tearing, fingers, second, dinner, after	=اعضا — درد، چیرتا ہوا، انگلیاں، دوسرا، دوپہر کا کھانا کے بعد
pain, tearing, fingers, second, feather covering, under	=اعضا — درد، چیرتا ہوا، انگلیاں، دوسرا، نرم پر کا ڈھانپنا کے نیچے
pain, tearing, thumb, torn out, as if would be	=اعضا — درد، چیرتا ہوا، انگوٹھا، پھٹا ہوا، باہر، جیسے ہوتا، ہو
pain, tearing, thumb, nail, under	=اعضا — درد، چیرتا ہوا، انگوٹھا، کیل جیسا کے نیچے
pain, tearing, thumb, nail, under, night, in bed	=اعضا — درد، چیرتا ہوا، انگوٹھا، کیل جیسا کے نیچے، رات، بستر میں
pain, tearing, thumb, nail, under, extending upward	=اعضا — درد، چیرتا ہوا، انگوٹھا، کیل جیسا کے نیچے، پھیلتا ہوا، اوپر کی طرف
pain, tearing, lower limbs, evening, bed, in	=اعضا — درد، چیرتا ہوا، نچلے اعضاء، شام، بستر میں
pain, tearing, lower limbs, chill, during	=اعضا — درد، چیرتا ہوا، نچلے اعضاء، سردی لگنا کے دوران
pain, tearing, lower limbs, menses, during	=اعضا — درد، چیرتا ہوا، نچلے اعضاء، حیض کے دوران
pain, tearing, lower limbs, motion, during agg.	=اعضا — درد، چیرتا ہوا، نچلے اعضاء، حرکت کے دوران بگاڑ
pain, tearing, lower limbs, stool, during	=اعضا — درد، چیرتا ہوا، نچلے اعضاء، پاخانہ کے دوران
pain, tearing, lower limbs, storm, during	=اعضا — درد، چیرتا ہوا، نچلے اعضاء، طوفان کے دوران
pain, tearing, nates, between	=اعضا — درد، چیرتا ہوا، سُرین کے درمیان
pain, tearing, hip, afternoon, 4 p.m., lasting all night	=اعضا — درد، چیرتا ہوا، کولھا، سہ پہر 4 بجے، دیر تک رہنے والا، سارے، رات
pain, tearing, hip, menses, during	=اعضا — درد، چیرتا ہوا، کولھا، حیض کے دوران
pain, tearing, hip, motion, during agg.	=اعضا — درد، چیرتا ہوا، کولھا، حرکت کے دوران بگاڑ
pain, tearing, thigh, morning, rising, after	=اعضا — درد، چیرتا ہوا، ران، صبح، اٹھنا کے بعد
pain, tearing, thigh, afternoon, sleep, after	=اعضا — درد، چیرتا ہوا، ران، سہ پہر، نیند کے بعد
pain, tearing, thigh, afternoon, menses, during	=اعضا — درد، چیرتا ہوا، ران، سہ پہر، حیض کے دوران
pain, tearing, thigh, dining, after	=اعضا — درد، چیرتا ہوا، ران، کھانے کے وقت کے بعد
pain, tearing, thigh, eating, after	=اعضا — درد، چیرتا ہوا، ران، کھانا کے بعد
pain, tearing, thigh, menses, during	=اعضا — درد، چیرتا ہوا، ران، حیض کے دوران
pain, tearing, thigh, night, bed, in agg.	=اعضا — درد، چیرتا ہوا، ران، رات، بستر میں بگاڑ
pain, tearing, thigh, night, bed, in, amel.	=اعضا — درد، چیرتا ہوا، ران، رات، بستر میں، آرام
pain, tearing, thigh, numbness, with	=اعضا — درد، چیرتا ہوا، ران، سن ہونا کے ساتھ
pain, tearing, thigh, riding, after	=اعضا — درد، چیرتا ہوا، ران، سواری کے بعد
pain, tearing, thigh, rising from seat, on agg.	=اعضا — درد، چیرتا ہوا، ران، نشست سے اٹھنے پر بگاڑ
pain, tearing, thigh, supper, after	=اعضا — درد، چیرتا ہوا، ران، رات کا کھانا کے بعد
pain, tearing, thigh, above the knee, evening, bed, in	=اعضا — درد، چیرتا ہوا، ران، گھٹنے کے اوپر، شام، بستر میں
pain, tearing, thigh, walking, after	=اعضا — درد، چیرتا ہوا، ران، چلنا کے بعد
pain, tearing, knee, morning, bed, in	=اعضا — درد، چیرتا ہوا، گھٹنا، صبح، بستر میں
pain, tearing, knee, morning, rising, on	=اعضا — درد، چیرتا ہوا، گھٹنا، صبح، اٹھنے پر
pain, tearing, knee, afternoon, 1 p.m.	=اعضا — درد، چیرتا ہوا، گھٹنا، سہ پہر 1 بجے
pain, tearing, knee, afternoon, 2 p.m.	=اعضا — درد، چیرتا ہوا، گھٹنا، سہ پہر 2 بجے
pain, tearing, knee, afternoon, 3 p.m.	=اعضا — درد، چیرتا ہوا، گھٹنا، سہ پہر 3 بجے
pain, tearing, knee, afternoon, 4 p.m.	=اعضا — درد، چیرتا ہوا، گھٹنا، سہ پہر 4 بجے
pain, tearing, knee, afternoon, 5 p.m.	=اعضا — درد، چیرتا ہوا، گھٹنا، سہ پہر 5 بجے
pain, tearing, knee, evening, lying, after	=اعضا — درد، چیرتا ہوا، گھٹنا، شام، لیٹنا کے بعد
pain, tearing, knee, night, bed, in	=اعضا — درد، چیرتا ہوا، گھٹنا، رات، بستر میں
pain, tearing, knee, bed, in	=اعضا — درد، چیرتا ہوا، گھٹنا، بستر میں
pain, tearing, knee, dinner, after agg.	=اعضا — درد، چیرتا ہوا، گھٹنا، دوپہر کا کھانا کے بعد بگاڑ
pain, tearing, knee, dinner, after, amel.	=اعضا — درد، چیرتا ہوا، گھٹنا، دوپہر کا کھانا کے بعد، آرام
pain, tearing, knee, eating, after	=اعضا — درد، چیرتا ہوا، گھٹنا، کھانا کے بعد
pain, tearing, knee, lying down, after, amel.	=اعضا — درد، چیرتا ہوا، گھٹنا، لیٹنا کے بعد، آرام
pain, tearing, knee, motion, on agg.	=اعضا — درد، چیرتا ہوا، گھٹنا، حرکت پر بگاڑ
pain, tearing, knee, supper, after	=اعضا — درد، چیرتا ہوا، گھٹنا، رات کا کھانا کے بعد
pain, tearing, knee, torn off, as if, open	=اعضا — درد، چیرتا ہوا، گھٹنا، پھٹا ہوا، الگ، جیسے کھلا
pain, tearing, knee, walking, after	=اعضا — درد، چیرتا ہوا، گھٹنا، چلنا کے بعد
pain, tearing, knee, patella	=اعضا — درد، چیرتا ہوا، گھٹنے کی کاسہ (پیٹیلا)
pain, tearing, knee, patella, night	=اعضا — درد، چیرتا ہوا، گھٹنے کی کاسہ (پیٹیلا)، رات
pain, tearing, knee, patella, dinner, after	=اعضا — درد، چیرتا ہوا، گھٹنے کی کاسہ (پیٹیلا)، دوپہر کا کھانا کے بعد
pain, tearing, knee, patella, drawing	=اعضا — درد، چیرتا ہوا، گھٹنے کی کاسہ (پیٹیلا)، کھینچتا ہوا
pain, tearing, knee, patella, motion	=اعضا — درد، چیرتا ہوا، گھٹنے کی کاسہ (پیٹیلا)، حرکت
pain, tearing, knee, patella, motion, amel.	=اعضا — درد، چیرتا ہوا، گھٹنے کی کاسہ (پیٹیلا)، حرکت، آرام
pain, tearing, knee, patella, motion, on agg.	=اعضا — درد، چیرتا ہوا، گھٹنے کی کاسہ (پیٹیلا)، حرکت پر بگاڑ
pain, tearing, knee, patella, rubbing amel.	=اعضا — درد، چیرتا ہوا، گھٹنے کی کاسہ (پیٹیلا)، رگڑنا، آرام
pain, tearing, knee, patella, sitting, while	=اعضا — درد، چیرتا ہوا، گھٹنے کی کاسہ (پیٹیلا)، بیٹھے ہوئے
pain, tearing, knee, patella, waking, on	=اعضا — درد، چیرتا ہوا، گھٹنے کی کاسہ (پیٹیلا)، جاگنے پر
pain, tearing, knee, pressure, on agg.	=اعضا — درد، چیرتا ہوا، گھٹنا، دباؤ پر بگاڑ
pain, tearing, leg, morning, bed, in	=اعضا — درد، چیرتا ہوا، ٹانگ، صبح، بستر میں
pain, tearing, leg, afternoon, 2 p.m. to 5 p.m.	=اعضا — درد، چیرتا ہوا، ٹانگ، سہ پہر 2 سے 5 بجے تک
pain, tearing, leg, chill, during	=اعضا — درد، چیرتا ہوا، ٹانگ، سردی لگنا کے دوران
pain, tearing, leg, menses, during	=اعضا — درد، چیرتا ہوا، ٹانگ، حیض کے دوران
pain, tearing, leg, numbness in the other, with	=اعضا — درد، چیرتا ہوا، ٹانگ، دوسرے میں سن ہونا کے ساتھ
pain, tearing, leg, pregnancy, during	=اعضا — درد، چیرتا ہوا، ٹانگ، حمل کے دوران
pain, tearing, leg, tibia, evening, bed, in	=اعضا — درد، چیرتا ہوا، ٹانگ، پنڈلی کی ہڈی، شام، بستر میں
pain, tearing, leg, tibia, menses, during	=اعضا — درد، چیرتا ہوا، ٹانگ، پنڈلی کی ہڈی، حیض کے دوران
pain, tearing, leg, tendo achillis, exertion, on	=اعضا — درد، چیرتا ہوا، ٹانگ، ایڑی کی رسی (ٹینڈو اکیلس)، محنت پر
pain, tearing, leg, tendo achillis, insertion, at the	=اعضا — درد، چیرتا ہوا، ٹانگ، ایڑی کی رسی (ٹینڈو اکیلس)، لگانے پر
pain, tearing, leg, calf, afternoon, 4 p.m., when lying right limb across the leg	=اعضا — درد، چیرتا ہوا، ٹانگ، پنڈلی تک، سہ پہر 4 بجے، لیٹنا، دائیں، عضو، آر پار، ٹانگ کے وقت
pain, tearing, leg, calf, afternoon, 5 p.m.	=اعضا — درد، چیرتا ہوا، ٹانگ، پنڈلی تک، سہ پہر 5 بجے
pain, tearing, leg, calf, evening, bed, in	=اعضا — درد، چیرتا ہوا، ٹانگ، پنڈلی تک، شام، بستر میں
pain, tearing, leg, calf, bed, in	=اعضا — درد، چیرتا ہوا، ٹانگ، پنڈلی تک، بستر میں
pain, tearing, leg, calf, dinner, after	=اعضا — درد، چیرتا ہوا، ٹانگ، پنڈلی تک، دوپہر کا کھانا کے بعد
pain, tearing, leg, calf, eating, after, agg.	=اعضا — درد، چیرتا ہوا، ٹانگ، پنڈلی تک، کھانا کے بعد، بگاڑ
pain, tearing, ankle, afternoon, 5 p.m.	=اعضا — درد، چیرتا ہوا، ٹخنے تک، سہ پہر 5 بجے
pain, tearing, ankle, night, midnight, waking, on	=اعضا — درد، چیرتا ہوا، ٹخنے تک، رات، آدھی رات، جاگنے پر
pain, tearing, ankle, night, waking, on	=اعضا — درد، چیرتا ہوا، ٹخنے تک، رات، جاگنے پر
pain, tearing, foot, chill, after	=اعضا — درد، چیرتا ہوا، پاؤں، سردی لگنا کے بعد
pain, tearing, foot, dinner, after	=اعضا — درد، چیرتا ہوا، پاؤں، دوپہر کا کھانا کے بعد
pain, tearing, foot, menses, during	=اعضا — درد، چیرتا ہوا، پاؤں، حیض کے دوران
pain, tearing, foot, pregnancy, during	=اعضا — درد، چیرتا ہوا، پاؤں، حمل کے دوران
pain, tearing, foot, storm, during	=اعضا — درد، چیرتا ہوا، پاؤں، طوفان کے دوران
pain, tearing, foot, heel, morning, waking, on	=اعضا — درد، چیرتا ہوا، پاؤں، ایڑی، صبح، جاگنے پر
pain, tearing, foot, heel, morning, 3 a.m.	=اعضا — درد، چیرتا ہوا، پاؤں، ایڑی، صبح 3 بجے
pain, tearing, foot, heel, evening, 9 p.m., while spinning	=اعضا — درد، چیرتا ہوا، پاؤں، ایڑی، شام 9 بجے، کاتتے ہوئے
pain, tearing, foot, heel, night, bed, in	=اعضا — درد، چیرتا ہوا، پاؤں، ایڑی، رات، بستر میں
pain, tearing, foot, heel, bed, in	=اعضا — درد، چیرتا ہوا، پاؤں، ایڑی، بستر میں
pain, tearing, foot, heel, motion, on	=اعضا — درد، چیرتا ہوا، پاؤں، ایڑی، حرکت پر
pain, tearing, foot, heel, stepping, on	=اعضا — درد، چیرتا ہوا، پاؤں، ایڑی، قدم رکھنے پر
pain, tearing, toes, evening, 6 p.m.	=اعضا — درد، چیرتا ہوا، انگوٹھوں، شام 6 بجے
pain, tearing, toes, evening, 8 p.m.	=اعضا — درد، چیرتا ہوا، انگوٹھوں، شام 8 بجے
pain, tearing, toes, rising, after	=اعضا — درد، چیرتا ہوا، انگوٹھوں، اٹھنا کے بعد
pain, tearing, toes, waking, on	=اعضا — درد، چیرتا ہوا، انگوٹھوں، جاگنے پر
pain, tearing, toes, first, afternoon, 2 p.m.	=اعضا — درد، چیرتا ہوا، انگوٹھوں، پہلا، سہ پہر 2 بجے
pain, tearing, toes, first, evening, bed, in	=اعضا — درد، چیرتا ہوا، انگوٹھوں، پہلا، شام، بستر میں
paralysis, morning, bed, in	=اعضا — فالج، صبح، بستر میں
paralysis, anger, after	=اعضا — فالج، غصہ کے بعد
paralysis, apoplexy, after	=اعضا — فالج (اپوپلیکسی) کے بعد
paralysis, cholera, after	=اعضا — فالج، ہیضہ کے بعد
paralysis, coition, after	=اعضا — فالج، جماع کے بعد
paralysis, exertion, after	=اعضا — فالج، محنت کے بعد
paralysis, hemiplegia, anger, after	=اعضا — فالج، آدھے جسم کا فالج، غصہ کے بعد
paralysis, hemiplegia, mental, shock, after	=اعضا — فالج، آدھے جسم کا فالج، ذہنی، جھٹکا کے بعد
paralysis, hemiplegia, spasms, after	=اعضا — فالج، آدھے جسم کا فالج، اینٹھن کے بعد
paralysis, pain, from	=اعضا — فالج، درد سے
paralysis, stiffness, with	=اعضا — فالج، اکڑن کے ساتھ
paralysis, typhoid, in	=اعضا — فالج، ٹائیفائیڈ میں
paralysis, sensation of, fever, after	=اعضا — فالج، کا احساس، بخار کے بعد
paralysis, upper limbs, left, hysteria, in	=اعضا — فالج، اوپری اعضاء، بائیں، ہسٹیریا میں
paralysis, upper limbs, left, vertigo, during	=اعضا — فالج، اوپری اعضاء، بائیں، چکر کے دوران
paralysis, upper limbs, coldness, with	=اعضا — فالج، اوپری اعضاء، ٹھنڈک کے ساتھ
paralysis, upper limbs, coldness, with, icy during rest	=اعضا — فالج، اوپری اعضاء، ٹھنڈک کے ساتھ، برف جیسا، آرام کے دوران
paralysis, upper limbs, diphtheria, after	=اعضا — فالج، اوپری اعضاء، خناق (ڈفتھیریا) کے بعد
paralysis, upper limbs, fright, from	=اعضا — فالج، اوپری اعضاء، ڈر سے
paralysis, upper limbs, insensibility, with	=اعضا — فالج، اوپری اعضاء، بے حسی کے ساتھ
paralysis, upper limbs, lead, from	=اعضا — فالج، اوپری اعضاء، سیسہ سے
paralysis, upper limbs, meningitis, during	=اعضا — فالج، اوپری اعضاء، دماغ کی جھلی کی سوزش کے دوران
paralysis, upper limbs, pain in heart, with	=اعضا — فالج، اوپری اعضاء، دل میں درد کے ساتھ
paralysis, upper limbs, shocks, with	=اعضا — فالج، اوپری اعضاء، جھٹکے کے ساتھ
paralysis, upper limbs, sleep, during	=اعضا — فالج، اوپری اعضاء، نیند کے دوران
paralysis, upper limbs, suppressed eruption, from	=اعضا — فالج، اوپری اعضاء، دبا ہوا دانہ سے
paralysis, upper limbs, writing, from	=اعضا — فالج، اوپری اعضاء، لکھنے سے
paralysis, upper limbs, sensation of, morning, bed, in	=اعضا — فالج، اوپری اعضاء، کا احساس، صبح، بستر میں
paralysis, upper limbs, sensation of, morning, waking, on	=اعضا — فالج، اوپری اعضاء، کا احساس، صبح، جاگنے پر
paralysis, upper limbs, sensation of, afternoon, nap, after	=اعضا — فالج، اوپری اعضاء، کا احساس، سہ پہر، جھپکی کے بعد
paralysis, upper limbs, sensation of, eating, after	=اعضا — فالج، اوپری اعضاء، کا احساس، کھانا کے بعد
paralysis, upper limbs, sensation of, motion, during agg.	=اعضا — فالج، اوپری اعضاء، کا احساس، حرکت کے دوران بگاڑ
paralysis, upper limbs, sensation of, sleep, during	=اعضا — فالج، اوپری اعضاء، کا احساس، نیند کے دوران
paralysis, shoulder, morning, rising, on	=اعضا — فالج، کندھا، صبح، اٹھنے پر
paralysis, shoulder, rising, after	=اعضا — فالج، کندھا، اٹھنا کے بعد
paralysis, elbow, sensation of, motion, during	=اعضا — فالج، کہنی، کا احساس، حرکت کے دوران
paralysis, hand, sensation of, morning, 3 a.m.	=اعضا — فالج، ہاتھ، کا احساس، صبح 3 بجے
paralysis, hand, sensation of, pressure, on	=اعضا — فالج، ہاتھ، کا احساس، دباؤ پر
paralysis, hand, sensation of, sleep, during	=اعضا — فالج، ہاتھ، کا احساس، نیند کے دوران
paralysis, fingers, first, cramps, with	=اعضا — فالج، انگلیاں، پہلا، اینٹھن کے ساتھ
paralysis, lower limbs, anger, after	=اعضا — فالج، نچلے اعضاء، غصہ کے بعد
paralysis, lower limbs, apoplexy, after	=اعضا — فالج، نچلے اعضاء، فالج (اپوپلیکسی) کے بعد
paralysis, lower limbs, cold, from	=اعضا — فالج، نچلے اعضاء، ٹھنڈا سے
paralysis, lower limbs, colic, with	=اعضا — فالج، نچلے اعضاء، قولنج کے ساتھ
paralysis, lower limbs, exertion, following	=اعضا — فالج، نچلے اعضاء، محنت کے بعد
paralysis, lower limbs, grief, from	=اعضا — فالج، نچلے اعضاء، غم سے
paralysis, lower limbs, parturition, after	=اعضا — فالج، نچلے اعضاء، زچگی کے بعد
paralysis, lower limbs, sitting, after	=اعضا — فالج، نچلے اعضاء، بیٹھنا کے بعد
paralysis, lower limbs, spasms, after	=اعضا — فالج، نچلے اعضاء، اینٹھن کے بعد
paralysis, lower limbs, vaccination, after	=اعضا — فالج، نچلے اعضاء، ٹیکہ لگانا کے بعد
paralysis, knee, sensation of, walking, after	=اعضا — فالج، گھٹنا، کا احساس، چلنا کے بعد
paralysis, leg, sensation of, chill, during	=اعضا — فالج، ٹانگ کا احساس، سردی لگنا کے دوران
paralysis, leg, sensation of, walking, after	=اعضا — فالج، ٹانگ کا احساس، چلنا کے بعد
paralysis, foot, right, from	=اعضا — فالج، پاؤں، دائیں سے
paralysis, foot, sensation of, stepping, on	=اعضا — فالج، پاؤں، کا احساس، قدم رکھنے پر
perspiration, cold, menses, during	=اعضا — پسینہ، ٹھنڈا، حیض کے دوران
perspiration, stool, during	=اعضا — پسینہ، پاخانہ کے دوران
perspiration, upper limbs, coition, after	=اعضا — پسینہ، اوپری اعضاء، جماع کے بعد
perspiration, shoulder, coition, after	=اعضا — پسینہ، کندھا، جماع کے بعد
perspiration, shoulder, under, dinner amel.	=اعضا — پسینہ، کندھا کے نیچے، دوپہر کا کھانا، آرام
perspiration, hand, morning, bed, in	=اعضا — پسینہ، ہاتھ، صبح، بستر میں
perspiration, hand, morning, rising, after	=اعضا — پسینہ، ہاتھ، صبح، اٹھنا کے بعد
perspiration, hand, chill, during	=اعضا — پسینہ، ہاتھ، سردی لگنا کے دوران
perspiration, hand, coughing, on	=اعضا — پسینہ، ہاتھ، کھانسی پر
perspiration, hand, heat, with	=اعضا — پسینہ، ہاتھ، گرمی کے ساتھ
perspiration, hand, itching, with	=اعضا — پسینہ، ہاتھ، خارش کے ساتھ
perspiration, hand, megrim, in	=اعضا — پسینہ، ہاتھ، آدھے سر کا درد میں
perspiration, hand, only, on	=اعضا — پسینہ، ہاتھ، صرف پر
perspiration, hand, rising, on	=اعضا — پسینہ، ہاتھ، اٹھنے پر
perspiration, hand, stool, after	=اعضا — پسینہ، ہاتھ، پاخانہ کے بعد
perspiration, hand, palm, night, midnight, after	=اعضا — پسینہ، ہاتھ، ہتھیلی، رات، آدھی رات کے بعد
perspiration, hand, palm, coldness, during	=اعضا — پسینہ، ہاتھ، ہتھیلی، ٹھنڈک کے دوران
perspiration, hand, palm, coldness, on back, during	=اعضا — پسینہ، ہاتھ، ہتھیلی، ٹھنڈک، پیٹھ کے بل کے دوران
perspiration, hand, palm, coldness, back of hand, with	=اعضا — پسینہ، ہاتھ، ہتھیلی، ٹھنڈک، ہاتھ کا پچھلا حصہ کے ساتھ
perspiration, hand, palm, exertion, on	=اعضا — پسینہ، ہاتھ، ہتھیلی، محنت پر
perspiration, hand, palm, room, in	=اعضا — پسینہ، ہاتھ، ہتھیلی، کمرہ میں
perspiration, hand, palm, soup, after	=اعضا — پسینہ، ہاتھ، ہتھیلی، شوربہ کے بعد
perspiration, lower limbs, morning, bed, in	=اعضا — پسینہ، نچلے اعضاء، صبح، بستر میں
perspiration, lower limbs, morning, bed, in, waking, after	=اعضا — پسینہ، نچلے اعضاء، صبح، بستر میں، جاگنا کے بعد
perspiration, lower limbs, menses, during	=اعضا — پسینہ، نچلے اعضاء، حیض کے دوران
perspiration, thigh, night, midnight, after	=اعضا — پسینہ، ران، رات، آدھی رات کے بعد
perspiration, thigh, spots, in	=اعضا — پسینہ، ران، دھبے میں
perspiration, thigh, between	=اعضا — پسینہ، ران کے درمیان
perspiration, thigh, between, morning	=اعضا — پسینہ، ران کے درمیان، صبح
perspiration, thigh, between, night	=اعضا — پسینہ، ران کے درمیان، رات
perspiration, thigh, between, corrosive	=اعضا — پسینہ، ران کے درمیان، کھا جانے والا
perspiration, thigh, between, offensive	=اعضا — پسینہ، ران کے درمیان، بدبودار
perspiration, thigh, between, walking, while	=اعضا — پسینہ، ران کے درمیان، چلتے ہوئے
perspiration, knee, fever, after	=اعضا — پسینہ، گھٹنا، بخار کے بعد
perspiration, knee, swelling, with	=اعضا — پسینہ، گھٹنا، سوجن کے ساتھ
perspiration, knee, popliteus	=اعضا — پسینہ، گھٹنے کے پیچھے کا پٹھا
perspiration, leg, morning, waking, on	=اعضا — پسینہ، ٹانگ، صبح، جاگنے پر
perspiration, leg, morning, 5 a.m.	=اعضا — پسینہ، ٹانگ، صبح 5 بجے
perspiration, leg, evening, bed, in	=اعضا — پسینہ، ٹانگ، شام، بستر میں
perspiration, foot, morning, bed, in	=اعضا — پسینہ، پاؤں، صبح، بستر میں
perspiration, foot, morning, rising, after	=اعضا — پسینہ، پاؤں، صبح، اٹھنا کے بعد
perspiration, foot, evening, bed, in	=اعضا — پسینہ، پاؤں، شام، بستر میں
perspiration, foot, burning, with	=اعضا — پسینہ، پاؤں، جلتا ہوا کے ساتھ
perspiration, foot, chill, during	=اعضا — پسینہ، پاؤں، سردی لگنا کے دوران
perspiration, foot, diarrhoea, during	=اعضا — پسینہ، پاؤں، دست کے دوران
perspiration, foot, menses, after	=اعضا — پسینہ، پاؤں، حیض کے بعد
perspiration, foot, offensive, menses, after	=اعضا — پسینہ، پاؤں، بدبودار، حیض کے بعد
perspiration, foot, stool, after	=اعضا — پسینہ، پاؤں، پاخانہ کے بعد
perspiration, foot, waking, on	=اعضا — پسینہ، پاؤں، جاگنے پر
perspiration, toes, between	=اعضا — پسینہ، انگوٹھوں کے درمیان
perspiration, toes, between, evening	=اعضا — پسینہ، انگوٹھوں کے درمیان، شام
perspiration, toes, between, offensive	=اعضا — پسینہ، انگوٹھوں کے درمیان، بدبودار
perspiration, toes, between, rawness, causing	=اعضا — پسینہ، انگوٹھوں کے درمیان، چھلا ہوا پن (کچا پن)، سبب بنتا ہے
playing, organ, from	=اعضا — کھیلنا، عضو سے
playing, violin, from	=اعضا — کھیلنا، وائلن سے
playing the piano, from	=اعضا — پیانو بجانے سے
playing the piano, from, sensation of heaviness	=اعضا — پیانو بجانے سے، کا احساس بھاری پن
pulling, upper limbs, pregnancy, during	=اعضا — کھینچنا، اوپری اعضاء، حمل کے دوران
pulsation, chill, during	=اعضا — دھڑکن، سردی لگنا کے دوران
pulsation, rest, during	=اعضا — دھڑکن، آرام کے دوران
pulsation, upper limbs, eating, after	=اعضا — دھڑکن، اوپری اعضاء، کھانا کے بعد
pulsation, shoulder, acromion	=اعضا — دھڑکن، کندھے کی ہڈی کی نوک
pulsation, elbow, olecranon	=اعضا — دھڑکن، کہنی کی نوک (اولیکرینن)
pulsation, hand, morning, bed, in	=اعضا — دھڑکن، ہاتھ، صبح، بستر میں
pulsation, hand, dinner, after	=اعضا — دھڑکن، ہاتھ، دوپہر کا کھانا کے بعد
pulsation, hand, heat, in	=اعضا — دھڑکن، ہاتھ، گرمی میں
pulsation, fingers, nails, around	=اعضا — دھڑکن، انگلیاں، ناخن کے ارد گرد
pulsation, fingers, nails, under	=اعضا — دھڑکن، انگلیاں، ناخن کے نیچے
pulsation, thumb, eating, after	=اعضا — دھڑکن، انگوٹھا، کھانا کے بعد
pulsation, thumb, nail, under	=اعضا — دھڑکن، انگوٹھا، کیل جیسا کے نیچے
pulsation, knee, walking, after	=اعضا — دھڑکن، گھٹنا، چلنا کے بعد
pulsation, knee, patella	=اعضا — دھڑکن، گھٹنے کی کاسہ (پیٹیلا)
pulsation, knee, patella, evening	=اعضا — دھڑکن، گھٹنے کی کاسہ (پیٹیلا)، شام
pulsation, leg, rest, during	=اعضا — دھڑکن، ٹانگ، آرام کے دوران
pulsation, leg, spots, in	=اعضا — دھڑکن، ٹانگ، دھبے میں
pulsation, leg, walking, on	=اعضا — دھڑکن، ٹانگ، چلنے پر
pulsation, foot, dinner, after	=اعضا — دھڑکن، پاؤں، دوپہر کا کھانا کے بعد
pulsation, foot, sole, rest, during	=اعضا — دھڑکن، پاؤں، تلا، آرام کے دوران
raised, upper limbs, sleep, in	=اعضا — اونچا کرنا، اوپری اعضاء، نیند میں
relaxation, dinner, after	=اعضا — ڈھیلا پن، دوپہر کا کھانا کے بعد
restlessness, evening, bed, in	=اعضا — بے چینی، شام، بستر میں
restlessness, evening, sitting, after	=اعضا — بے چینی، شام، بیٹھنا کے بعد
restlessness, night, midnight, before	=اعضا — بے چینی، رات، آدھی رات سے پہلے
restlessness, convulsions, before	=اعضا — بے چینی، تشنج سے پہلے
restlessness, sleep, during	=اعضا — بے چینی، نیند کے دوران
restlessness, upper limbs, night, sleep, during	=اعضا — بے چینی، اوپری اعضاء، رات، نیند کے دوران
restlessness, hand, night, sleep, during	=اعضا — بے چینی، ہاتھ، رات، نیند کے دوران
restlessness, hand, delirium, during	=اعضا — بے چینی، ہاتھ، ہذیان کے دوران
restlessness, hand, sleep, during	=اعضا — بے چینی، ہاتھ، نیند کے دوران
restlessness, lower limbs, morning, bed, in	=اعضا — بے چینی، نچلے اعضاء، صبح، بستر میں
restlessness, lower limbs, evening, bed, in	=اعضا — بے چینی، نچلے اعضاء، شام، بستر میں
restlessness, lower limbs, night, bed, in	=اعضا — بے چینی، نچلے اعضاء، رات، بستر میں
restlessness, lower limbs, menses, during	=اعضا — بے چینی، نچلے اعضاء، حیض کے دوران
restlessness, leg, night, bed, in	=اعضا — بے چینی، ٹانگ، رات، بستر میں
restlessness, leg, heat, during	=اعضا — بے چینی، ٹانگ، گرمی کے دوران
restlessness, leg, rising, after	=اعضا — بے چینی، ٹانگ، اٹھنا کے بعد
restlessness, leg, sleep, before	=اعضا — بے چینی، ٹانگ، نیند سے پہلے
restlessness, leg, sleep, during	=اعضا — بے چینی، ٹانگ، نیند کے دوران
restlessness, feet, evening, beer, after	=اعضا — بے چینی، پاؤں، شام، بیئر کے بعد
restlessness, feet, evening, bed, in	=اعضا — بے چینی، پاؤں، شام، بستر میں
restlessness, feet, beer, after	=اعضا — بے چینی، پاؤں، بیئر کے بعد
restlessness, feet, heat, after	=اعضا — بے چینی، پاؤں، گرمی کے بعد
restlessness, feet, menses, during	=اعضا — بے چینی، پاؤں، حیض کے دوران
restlessness, feet, waking, on	=اعضا — بے چینی، پاؤں، جاگنے پر
rolling, hand, in	=اعضا — لڑھکنا، ہاتھ میں
separated, sensation, legs, as if severed from his body	=اعضا — الگ ہو جانا، احساس، ٹانگیں، جیسے کٹا ہوا سے، اُس کا، جسم
shaking, faintness, after	=اعضا — ہلنا (کپکپی)، غشی کے بعد
shocks, jarring of the carriage	=اعضا — جھٹکا کا، بگھی
shocks, noise, from	=اعضا — جھٹکے، شور سے
shocks, lower limbs, sleep, during	=اعضا — جھٹکے، نچلے اعضاء، نیند کے دوران
shocks, foot, sleep, during	=اعضا — جھٹکے، پاؤں، نیند کے دوران
shrivelled (shrunken), fingers, perspiration, during	=اعضا — سکڑا ہوا، (سکڑا ہوا)، انگلیاں، پسینہ کے دوران
stiffness, morning, bed, in	=اعضا — اکڑن، صبح، بستر میں
stiffness, morning, rising, after	=اعضا — اکڑن، صبح، اٹھنا کے بعد
stiffness, morning, waking, on	=اعضا — اکڑن، صبح، جاگنے پر
stiffness, evening, sleep, after	=اعضا — اکڑن، شام، نیند کے بعد
stiffness, cold air, in	=اعضا — اکڑن، ٹھنڈی ہوا میں
stiffness, convulsion, during	=اعضا — اکڑن، تشنج کے دوران
stiffness, cough, before	=اعضا — اکڑن، کھانسی سے پہلے
stiffness, cough, during	=اعضا — اکڑن، کھانسی کے دوران
stiffness, epilepsy, before	=اعضا — اکڑن، مرگی سے پہلے
stiffness, exertion, after	=اعضا — اکڑن، محنت کے بعد
stiffness, fright, after	=اعضا — اکڑن، ڈر کے بعد
stiffness, grasping, on	=اعضا — اکڑن، پکڑنے پر
stiffness, menses, during	=اعضا — اکڑن، حیض کے دوران
stiffness, rising, on	=اعضا — اکڑن، اٹھنے پر
stiffness, sleep, after	=اعضا — اکڑن، نیند کے بعد
stiffness, swoon, during	=اعضا — اکڑن، غشی کے دوران
stiffness, warm stove, as approaching a	=اعضا — اکڑن، گرم، چولہا، جیسے قریب آتے ہوئے
stiffness, joints, afternoon, sleeping, after	=اعضا — اکڑن، جوڑوں میں، سہ پہر، سوتے ہوئے کے بعد
stiffness, joints, evening, 9 p.m.	=اعضا — اکڑن، جوڑوں میں، شام 9 بجے
stiffness, joints, chill, during	=اعضا — اکڑن، جوڑوں میں، سردی لگنا کے دوران
stiffness, joints, lying down, after	=اعضا — اکڑن، جوڑوں میں، لیٹنا کے بعد
stiffness, joints, numbness, with	=اعضا — اکڑن، جوڑوں میں، سن ہونا کے ساتھ
stiffness, joints, rising, on	=اعضا — اکڑن، جوڑوں میں، اٹھنے پر
stiffness, joints, sleep, after	=اعضا — اکڑن، جوڑوں میں، نیند کے بعد
stiffness, upper limbs, chill, during	=اعضا — اکڑن، اوپری اعضاء، سردی لگنا کے دوران
stiffness, upper limbs, epilepsy, before	=اعضا — اکڑن، اوپری اعضاء، مرگی سے پہلے
stiffness, upper limbs, manual labor, after	=اعضا — اکڑن، اوپری اعضاء، محنت مزدوری کے بعد
stiffness, upper limbs, motion, after	=اعضا — اکڑن، اوپری اعضاء، حرکت کے بعد
stiffness, walking, after	=اعضا — اکڑن، چلنا کے بعد
stiffness, hand, cold, from	=اعضا — اکڑن، ہاتھ، ٹھنڈا سے
stiffness, hand, waking, on	=اعضا — اکڑن، ہاتھ، جاگنے پر
stiffness, hand, work, at	=اعضا — اکڑن، ہاتھ، کام پر
stiffness, forenoon, standing, after	=اعضا — اکڑن، دوپہر سے پہلے، کھڑا ہونا کے بعد
stiffness, fingers, chill, during	=اعضا — اکڑن، انگلیاں، سردی لگنا کے دوران
stiffness, fingers, exertion, after	=اعضا — اکڑن، انگلیاں، محنت کے بعد
stiffness, fingers, extending them, with	=اعضا — اکڑن، انگلیاں، اُن کو پھیلانا کے ساتھ
stiffness, lower limbs, evening, nap, after a	=اعضا — اکڑن، نچلے اعضاء، شام، جھپکی کے بعد
stiffness, lower limbs, evening, rising, on, amel.	=اعضا — اکڑن، نچلے اعضاء، شام، اٹھنے پر، آرام
stiffness, lower limbs, bending, on	=اعضا — اکڑن، نچلے اعضاء، جھکنے پر
stiffness, lower limbs, chill, before	=اعضا — اکڑن، نچلے اعضاء، سردی لگنے سے پہلے
stiffness, lower limbs, chill, during	=اعضا — اکڑن، نچلے اعضاء، سردی لگنا کے دوران
stiffness, lower limbs, epilepsy, before	=اعضا — اکڑن، نچلے اعضاء، مرگی سے پہلے
stiffness, lower limbs, paralysis, with	=اعضا — اکڑن، نچلے اعضاء، فالج کے ساتھ
stiffness, lower limbs, rising, on	=اعضا — اکڑن، نچلے اعضاء، اٹھنے پر
stiffness, lower limbs, sitting, after	=اعضا — اکڑن، نچلے اعضاء، بیٹھنا کے بعد
stiffness, lower limbs, sleep, after	=اعضا — اکڑن، نچلے اعضاء، نیند کے بعد
stiffness, lower limbs, walking, after	=اعضا — اکڑن، نچلے اعضاء، چلنا کے بعد
stiffness, hip, turning over, on	=اعضا — اکڑن، کولھا، کروٹ بدلنے پر
stiffness, thigh, morning, rising, on	=اعضا — اکڑن، ران، صبح، اٹھنے پر
stiffness, knee, morning, rising, on	=اعضا — اکڑن، گھٹنا، صبح، اٹھنے پر
stiffness, knee, kneeling, when	=اعضا — اکڑن، گھٹنوں کے بل بیٹھے وقت
stiffness, knee, sitting, after	=اعضا — اکڑن، گھٹنا، بیٹھنا کے بعد
stiffness, knee, stretching out, on	=اعضا — اکڑن، گھٹنا، تاننے پر
stiffness, knee, walking, after	=اعضا — اکڑن، گھٹنا، چلنا کے بعد
stiffness, chill, before	=اعضا — اکڑن، سردی لگنے سے پہلے
stiffness, chill, during	=اعضا — اکڑن، سردی لگنا کے دوران
stiffness, foot, eating, after	=اعضا — اکڑن، پاؤں، کھانا کے بعد
stiffness, foot, tearing, in, after	=اعضا — اکڑن، پاؤں، چیرتا ہوا میں، چیرتا ہوا کے بعد
stiffness, foot, walking, on	=اعضا — اکڑن، پاؤں، چلنے پر
stiffness, toes, sitting, after	=اعضا — اکڑن، انگوٹھوں، بیٹھنا کے بعد
stretched out, leg, epilepsy, before	=اعضا — تنا ہوا، باہر، ٹانگ، مرگی سے پہلے
suppuration, fingers, nails, around	=اعضا — پیپ پڑنا، انگلیاں، ناخن کے ارد گرد
suppuration, fingers, nails, under	=اعضا — پیپ پڑنا، انگلیاں، ناخن کے نیچے
swelling, joints, exertion, after	=اعضا — سوجن، جوڑوں میں، محنت کے بعد
swelling, upper limbs, paralysis, after	=اعضا — سوجن، اوپری اعضاء، فالج کے بعد
swelling, upper limbs, rigidity, with	=اعضا — سوجن، اوپری اعضاء، سختی کے ساتھ
swelling, shoulder, pustules, after	=اعضا — سوجن، کندھا، پیپ والے دانے کے بعد
swelling, shoulder, vaccination, after	=اعضا — سوجن، کندھا، ٹیکہ لگانا کے بعد
swelling, wrist, motion, on	=اعضا — سوجن، کلائی تک، حرکت پر
swelling, wrist, pain, after	=اعضا — سوجن، کلائی تک، درد کے بعد
swelling, wrist, spots, in	=اعضا — سوجن، کلائی تک، دھبے میں
swelling, hand, eczema, with	=اعضا — سوجن، ہاتھ، ایگزیما (چھالے دار خارش) کے ساتھ
swelling, hand, menses, during	=اعضا — سوجن، ہاتھ، حیض کے دوران
swelling, hand, phthisis, in	=اعضا — سوجن، ہاتھ، دق (ٹی بی) میں
swelling, hand, veins, afternoon, 5 p.m.	=اعضا — سوجن، ہاتھ، رگیں، سہ پہر 5 بجے
swelling, hand, veins, eating, after	=اعضا — سوجن، ہاتھ، رگیں، کھانا کے بعد
swelling, hand, sensation of, walking in open air, after	=اعضا — سوجن، ہاتھ، کا احساس، کھلی ہوا میں چلنا کے بعد
swelling, fingers, burning, with	=اعضا — سوجن، انگلیاں، جلتا ہوا کے ساتھ
swelling, fingers, eruptions, with	=اعضا — سوجن، انگلیاں، دانے کے ساتھ
swelling, fingers, walking, after	=اعضا — سوجن، انگلیاں، چلنا کے بعد
swelling, fingers, second, afternoon, 5 p.m.	=اعضا — سوجن، انگلیاں، دوسرا، سہ پہر 5 بجے
swelling, lower limbs, dropsical, albuminuria, in	=اعضا — سوجن، نچلے اعضاء، استسقائی (پانی بھری)، پیشاب میں پروٹین میں
swelling, lower limbs, menses, during	=اعضا — سوجن، نچلے اعضاء، حیض کے دوران
swelling, thigh, femur	=اعضا — سوجن، ران کی ہڈی
swelling, knee, gonorrhoea, after	=اعضا — سوجن، گھٹنا، سوزاک کے بعد
swelling, knee, patella	=اعضا — سوجن، گھٹنے کی کاسہ (پیٹیلا)
swelling, leg, afternoon, 4 p.m.	=اعضا — سوجن، ٹانگ، سہ پہر 4 بجے
swelling, leg, exertion, from	=اعضا — سوجن، ٹانگ، محنت سے
swelling, leg, menses, during	=اعضا — سوجن، ٹانگ، حیض کے دوران
swelling, ankle, dyspnoea, with	=اعضا — سوجن، ٹخنے تک، جیسے سانس پھولے کے ساتھ
swelling, ankle, menses, during	=اعضا — سوجن، ٹخنے تک، حیض کے دوران
swelling, foot, evening, bed, in	=اعضا — سوجن، پاؤں، شام، بستر میں
swelling, foot, chlorosis, in	=اعضا — سوجن، پاؤں، خون کی کمی (کلوروسس) میں
swelling, foot, dancing, after	=اعضا — سوجن، پاؤں، رقص کے بعد
swelling, foot, walking, after	=اعضا — سوجن، پاؤں، چلنا کے بعد
swelling, foot, washing, after	=اعضا — سوجن، پاؤں، دھونا کے بعد
swelling, foot, menses, before	=اعضا — سوجن، پاؤں، حیض سے پہلے
swelling, foot, menses, during	=اعضا — سوجن، پاؤں، حیض کے دوران
swelling, toes, wetting feet, after	=اعضا — سوجن، انگوٹھوں، پاؤں گیلا کرنا کے بعد
tension, upper limbs, stretching, on	=اعضا — تناؤ، اوپری اعضاء، تاننے پر
tension, upper limbs, walking, on	=اعضا — تناؤ، اوپری اعضاء، چلنے پر
tension, shoulder, menses, during	=اعضا — تناؤ، کندھا، حیض کے دوران
tension, shoulder, motion, of arm, on	=اعضا — تناؤ، کندھا، حرکت کا بازو پر
tension, shoulder, waking, on	=اعضا — تناؤ، کندھا، جاگنے پر
tension, upper arm, motion, during	=اعضا — تناؤ، اوپری بازو، حرکت کے دوران
tension, upper arm, motion, certain, during	=اعضا — تناؤ، اوپری بازو، حرکت، کچھ خاص کے دوران
tension, elbow, olecranon	=اعضا — تناؤ، کہنی کی نوک (اولیکرینن)
tension, elbow, olecranon, bending arm	=اعضا — تناؤ، کہنی کی نوک (اولیکرینن)، بازو جھکانے پر
tension, forearm, motion, on	=اعضا — تناؤ، کلائی سے کہنی تک بازو، حرکت پر
tension, wrist, bending, on	=اعضا — تناؤ، کلائی تک، جھکنے پر
tension, wrist, motion, on	=اعضا — تناؤ، کلائی تک، حرکت پر
tension, hand, stretching, on agg.	=اعضا — تناؤ، ہاتھ، تاننے پر بگاڑ
tension, fingers, eruption, with	=اعضا — تناؤ، انگلیاں، دانے کے ساتھ
tension, fingers, motion, during	=اعضا — تناؤ، انگلیاں، حرکت کے دوران
tension, thigh, menses, during	=اعضا — تناؤ، ران، حیض کے دوران
tension, thigh, hamstrings	=اعضا — تناؤ، ران کے پچھلے کنڈرے
tension, knee, kneeling, when	=اعضا — تناؤ، گھٹنوں کے بل بیٹھے وقت
tension, knee, sleep, after	=اعضا — تناؤ، گھٹنا، نیند کے بعد
tension, knee, hollow of, menses, during	=اعضا — تناؤ، گھٹنا، گڑھا، حیض کے دوران
tension, knee, hollow of, stooping, on	=اعضا — تناؤ، گھٹنا، گڑھا، جھکنے پر
tension, leg, dinner, after	=اعضا — تناؤ، ٹانگ، دوپہر کا کھانا کے بعد
tension, leg, kneeling, on	=اعضا — تناؤ، ٹانگ، گھٹنوں کے بل بیٹھنے پر
tension, leg, menses, during	=اعضا — تناؤ، ٹانگ، حیض کے دوران
tension, leg, rising, after	=اعضا — تناؤ، ٹانگ، اٹھنا کے بعد
tension, leg, calf, afternoon, 5 p.m.	=اعضا — تناؤ، ٹانگ، پنڈلی تک، سہ پہر 5 بجے
tension, leg, calf, dinner, after	=اعضا — تناؤ، ٹانگ، پنڈلی تک، دوپہر کا کھانا کے بعد
tension, leg, calf, motion, on	=اعضا — تناؤ، ٹانگ، پنڈلی تک، حرکت پر
tension, leg, calf, stool, after	=اعضا — تناؤ، ٹانگ، پنڈلی تک، پاخانہ کے بعد
tension, leg, calf, stretching, on agg.	=اعضا — تناؤ، ٹانگ، پنڈلی تک، تاننے پر بگاڑ
tension, chill, before	=اعضا — تناؤ، سردی لگنے سے پہلے
tension, chill, during	=اعضا — تناؤ، سردی لگنا کے دوران
tension, foot, dinner, after	=اعضا — تناؤ، پاؤں، دوپہر کا کھانا کے بعد
tension, foot, stepping, on	=اعضا — تناؤ، پاؤں، قدم رکھنے پر
tension, foot, walking, on	=اعضا — تناؤ، پاؤں، چلنے پر
tension, foot, motion, on agg.	=اعضا — تناؤ، پاؤں، حرکت پر بگاڑ
tension, toes, motion, on	=اعضا — تناؤ، انگوٹھوں، حرکت پر
thrilling sensation, excitement, from	=اعضا — رومنچ، احساس، ہیجان سے
tingling, morning, rest, during	=اعضا — جھنجھناہٹ (سنسناہٹ)، صبح، آرام کے دوران
tingling, upper limbs, morning, waking, on	=اعضا — جھنجھناہٹ (سنسناہٹ)، اوپری اعضاء، صبح، جاگنے پر
tingling, upper limbs, midnight, before	=اعضا — جھنجھناہٹ (سنسناہٹ)، اوپری اعضاء، آدھی رات سے پہلے
tingling, hand, waking, on	=اعضا — جھنجھناہٹ (سنسناہٹ)، ہاتھ، جاگنے پر
tingling, hand, washing, after	=اعضا — جھنجھناہٹ (سنسناہٹ)، ہاتھ، دھونا کے بعد
tingling, fingers, morning, waking, on	=اعضا — جھنجھناہٹ (سنسناہٹ)، انگلیاں، صبح، جاگنے پر
tingling, fingers, nail, under	=اعضا — جھنجھناہٹ (سنسناہٹ)، انگلیاں، کیل جیسا کے نیچے
tingling, lower limbs, kneeling, after	=اعضا — جھنجھناہٹ (سنسناہٹ)، نچلے اعضاء، گھٹنوں کے بل بیٹھنا کے بعد
tingling, lower limbs, menses, during	=اعضا — جھنجھناہٹ (سنسناہٹ)، نچلے اعضاء، حیض کے دوران
tingling, lower limbs, resting, after	=اعضا — جھنجھناہٹ (سنسناہٹ)، نچلے اعضاء، آرام کرنا کے بعد
tingling, thigh, menses, during	=اعضا — جھنجھناہٹ (سنسناہٹ)، ران، حیض کے دوران
tingling, leg, excitement, from	=اعضا — جھنجھناہٹ (سنسناہٹ)، ٹانگ، ہیجان سے
tingling, foot, eating, after	=اعضا — جھنجھناہٹ (سنسناہٹ)، پاؤں، کھانا کے بعد
tingling, foot, scratching, after	=اعضا — جھنجھناہٹ (سنسناہٹ)، پاؤں، کھجانا کے بعد
tingling, toes, nails, under	=اعضا — جھنجھناہٹ (سنسناہٹ)، انگوٹھوں، ناخن کے نیچے
trembling, night, walking, on	=اعضا — لرزش، رات، چلنے پر
trembling, anger, after	=اعضا — لرزش، غصہ کے بعد
trembling, chill, during	=اعضا — لرزش، سردی لگنا کے دوران
trembling, cigar, after	=اعضا — لرزش، سگار کے بعد
trembling, colic, after	=اعضا — لرزش، قولنج کے بعد
trembling, coition, after	=اعضا — لرزش، جماع کے بعد
trembling, conversation, from	=اعضا — لرزش، بات چیت سے
trembling, coughing, from	=اعضا — لرزش، کھانسی سے
trembling, dinner, after	=اعضا — لرزش، دوپہر کا کھانا کے بعد
trembling, drunkards, in	=اعضا — لرزش، شرابی میں
trembling, emissions, after	=اعضا — لرزش، احتلام کے بعد
trembling, exertion, after	=اعضا — لرزش، محنت کے بعد
trembling, fever, during	=اعضا — لرزش، بخار کے دوران
trembling, fright, after	=اعضا — لرزش، ڈر کے بعد
trembling, frightened, as tho'	=اعضا — لرزش، ڈرا ہوا، جیسے اگرچہ
trembling, menses, before	=اعضا — لرزش، حیض سے پہلے
trembling, menses, during	=اعضا — لرزش، حیض کے دوران
trembling, motion, on	=اعضا — لرزش، حرکت پر
trembling, sexual excitement, during	=اعضا — لرزش، جنسی ہیجان کے دوران
trembling, standing, on	=اعضا — لرزش، کھڑا ہونے پر
trembling, stool, after	=اعضا — لرزش، پاخانہ کے بعد
trembling, vomiting, after	=اعضا — لرزش، قے کے بعد
trembling, upper limbs, evening, 7 p.m.	=اعضا — لرزش، اوپری اعضاء، شام 7 بجے
trembling, upper limbs, convulsions, during	=اعضا — لرزش، اوپری اعضاء، تشنج کے دوران
trembling, upper limbs, eating, after	=اعضا — لرزش، اوپری اعضاء، کھانا کے بعد
trembling, upper limbs, epilepsy, before	=اعضا — لرزش، اوپری اعضاء، مرگی سے پہلے
trembling, upper limbs, exertion, moderate, after	=اعضا — لرزش، اوپری اعضاء، محنت، معتدل کے بعد
trembling, upper limbs, motion, on agg.	=اعضا — لرزش، اوپری اعضاء، حرکت پر بگاڑ
trembling, upper limbs, motion, after	=اعضا — لرزش، اوپری اعضاء، حرکت کے بعد
trembling, upper limbs, paroxysms, in	=اعضا — لرزش، اوپری اعضاء، دورے میں
trembling, upper limbs, rising, after	=اعضا — لرزش، اوپری اعضاء، اٹھنا کے بعد
trembling, upper limbs, sleep, during	=اعضا — لرزش، اوپری اعضاء، نیند کے دوران
trembling, upper limbs, standing, on	=اعضا — لرزش، اوپری اعضاء، کھڑا ہونے پر
trembling, upper limbs, writing, after	=اعضا — لرزش، اوپری اعضاء، لکھنا کے بعد
trembling, wrist, emotion, from	=اعضا — لرزش، کلائی تک، جذبات سے
trembling, wrist, headache, during	=اعضا — لرزش، کلائی تک، سر درد کے دوران
trembling, wrist, motion, from	=اعضا — لرزش، کلائی تک، حرکت سے
trembling, hand, morning, breakfast, at	=اعضا — لرزش، ہاتھ، صبح، ناشتہ پر
trembling, hand, morning, rising, on	=اعضا — لرزش، ہاتھ، صبح، اٹھنے پر
trembling, hand, evening, bed, in	=اعضا — لرزش، ہاتھ، شام، بستر میں
trembling, hand, anger, after	=اعضا — لرزش، ہاتھ، غصہ کے بعد
trembling, hand, anxiety, with	=اعضا — لرزش، ہاتھ، بے چینی کے ساتھ
trembling, hand, chill, during	=اعضا — لرزش، ہاتھ، سردی لگنا کے دوران
trembling, hand, contradiction, after	=اعضا — لرزش، ہاتھ، مخالفت (کوئی بات کاٹے) کے بعد
trembling, hand, dinner, during	=اعضا — لرزش، ہاتھ، دوپہر کا کھانا کے دوران
trembling, hand, emotions, from	=اعضا — لرزش، ہاتھ، جذبات سے
trembling, hand, exercise, after	=اعضا — لرزش، ہاتھ، ورزش کے بعد
trembling, hand, fright, after	=اعضا — لرزش، ہاتھ، ڈر کے بعد
trembling, hand, headache, with	=اعضا — لرزش، ہاتھ، سر درد کے ساتھ
trembling, hand, hunger, with	=اعضا — لرزش، ہاتھ، بھوک کے ساتھ
trembling, hand, menses, during	=اعضا — لرزش، ہاتھ، حیض کے دوران
trembling, hand, moving them, on	=اعضا — لرزش، ہاتھ، اُن کو ہلانے پر
trembling, hand, pain, with	=اعضا — لرزش، ہاتھ، درد کے ساتھ
trembling, hand, rising, after	=اعضا — لرزش، ہاتھ، اٹھنا کے بعد
trembling, hand, sleeping, after	=اعضا — لرزش، ہاتھ، سوتے ہوئے کے بعد
trembling, hand, tobacco, from	=اعضا — لرزش، ہاتھ، تمباکو سے
trembling, hand, typesetting, from	=اعضا — لرزش، ہاتھ، چھپائی کا کام سے
trembling, hand, typhoid, in	=اعضا — لرزش، ہاتھ، ٹائیفائیڈ میں
trembling, hand, vertigo, from	=اعضا — لرزش، ہاتھ، چکر سے
trembling, hand, vertigo, after	=اعضا — لرزش، ہاتھ، چکر کے بعد
trembling, hand, waking, on	=اعضا — لرزش، ہاتھ، جاگنے پر
trembling, hand, walking, after	=اعضا — لرزش، ہاتھ، چلنا کے بعد
trembling, hand, weather, moist, in	=اعضا — لرزش، ہاتھ، موسم، نم میں
trembling, fingers, motion, on	=اعضا — لرزش، انگلیاں، حرکت پر
trembling, lower limbs, chagrin, from	=اعضا — لرزش، نچلے اعضاء، رنج سے
trembling, lower limbs, coition, after	=اعضا — لرزش، نچلے اعضاء، جماع کے بعد
trembling, lower limbs, menses, during	=اعضا — لرزش، نچلے اعضاء، حیض کے دوران
trembling, lower limbs, motion, after	=اعضا — لرزش، نچلے اعضاء، حرکت کے بعد
trembling, lower limbs, rising, after sitting, on	=اعضا — لرزش، نچلے اعضاء، اٹھنا، بیٹھنے کے بعد پر
trembling, lower limbs, stool, after	=اعضا — لرزش، نچلے اعضاء، پاخانہ کے بعد
trembling, lower limbs, vexation, after	=اعضا — لرزش، نچلے اعضاء، جھنجھلاہٹ کے بعد
trembling, thigh, coition, after	=اعضا — لرزش، ران، جماع کے بعد
trembling, thigh, kneeling, on	=اعضا — لرزش، ران، گھٹنوں کے بل بیٹھنے پر
trembling, knee, emissions, after	=اعضا — لرزش، گھٹنا، احتلام کے بعد
trembling, leg, coition, after	=اعضا — لرزش، ٹانگ، جماع کے بعد
trembling, leg, menses, before	=اعضا — لرزش، ٹانگ، حیض سے پہلے
trembling, leg, room, in, amel.	=اعضا — لرزش، ٹانگ، کمرہ میں، آرام
trembling, leg, stool, after	=اعضا — لرزش، ٹانگ، پاخانہ کے بعد
trembling, foot, chill, during	=اعضا — لرزش، پاؤں، سردی لگنا کے دوران
trembling, foot, dinner, after	=اعضا — لرزش، پاؤں، دوپہر کا کھانا کے بعد
trembling, foot, menses, during	=اعضا — لرزش، پاؤں، حیض کے دوران
trembling, foot, motion, during agg.	=اعضا — لرزش، پاؤں، حرکت کے دوران بگاڑ
trembling, foot, music, from	=اعضا — لرزش، پاؤں، موسیقی سے
trembling, foot, standing, on	=اعضا — لرزش، پاؤں، کھڑا ہونے پر
tumors, thigh, between thigh and vulva	=اعضا — رسولی، ران اور بیرونی شرمگاہ کے درمیان
twitching, evening, bed, in	=اعضا — پھڑکن، شام، بستر میں
twitching, bed, in	=اعضا — پھڑکن، بستر میں
twitching, chill, during	=اعضا — پھڑکن، سردی لگنا کے دوران
twitching, chill, after	=اعضا — پھڑکن، سردی لگنا کے بعد
twitching, convulsions, during	=اعضا — پھڑکن، تشنج کے دوران
twitching, convulsions, after	=اعضا — پھڑکن، تشنج کے بعد
twitching, heat, during	=اعضا — پھڑکن، گرمی کے دوران
twitching, menses, during	=اعضا — پھڑکن، حیض کے دوران
twitching, sleep, before	=اعضا — پھڑکن، نیند سے پہلے
twitching, sleep, during	=اعضا — پھڑکن، نیند کے دوران
twitching, thunderstorm, during	=اعضا — پھڑکن، گرج چمک کے دوران
twitching, vexation, after	=اعضا — پھڑکن، جھنجھلاہٹ کے بعد
twitching, vomiting, during	=اعضا — پھڑکن، قے کے دوران
twitching, waking, on	=اعضا — پھڑکن، جاگنے پر
twitching, upper limbs, morning, rising, after	=اعضا — پھڑکن، اوپری اعضاء، صبح، اٹھنا کے بعد
twitching, upper limbs, morning, sleep, during	=اعضا — پھڑکن، اوپری اعضاء، صبح، نیند کے دوران
twitching, upper limbs, evening, bed, in	=اعضا — پھڑکن، اوپری اعضاء، شام، بستر میں
twitching, upper limbs, night, bed, in	=اعضا — پھڑکن، اوپری اعضاء، رات، بستر میں
twitching, upper limbs, bending, on	=اعضا — پھڑکن، اوپری اعضاء، جھکنے پر
twitching, upper limbs, grasping, on	=اعضا — پھڑکن، اوپری اعضاء، پکڑنے پر
twitching, upper limbs, sleep, during	=اعضا — پھڑکن، اوپری اعضاء، نیند کے دوران
twitching, shoulder, rest, during	=اعضا — پھڑکن، کندھا، آرام کے دوران
twitching, shoulder, sleep, during	=اعضا — پھڑکن، کندھا، نیند کے دوران
twitching, upper arm, siesta, during	=اعضا — پھڑکن، اوپری بازو، دوپہر کی نیند کے دوران
twitching, elbow, afternoon, 3 p.m.	=اعضا — پھڑکن، کہنی، سہ پہر 3 بجے
twitching, forearm, chill, during	=اعضا — پھڑکن، کلائی سے کہنی تک بازو، سردی لگنا کے دوران
twitching, forearm, rest, during	=اعضا — پھڑکن، کلائی سے کہنی تک بازو، آرام کے دوران
twitching, wrist, motion, on	=اعضا — پھڑکن، کلائی تک، حرکت پر
twitching, hand, morning, rising, after	=اعضا — پھڑکن، ہاتھ، صبح، اٹھنا کے بعد
twitching, hand, night, sleep, during	=اعضا — پھڑکن، ہاتھ، رات، نیند کے دوران
twitching, hand, night, waking, on	=اعضا — پھڑکن، ہاتھ، رات، جاگنے پر
twitching, hand, midnight, before	=اعضا — پھڑکن، ہاتھ، آدھی رات سے پہلے
twitching, hand, midnight, after	=اعضا — پھڑکن، ہاتھ، آدھی رات کے بعد
twitching, hand, midnight, after, during sleep	=اعضا — پھڑکن، ہاتھ، آدھی رات کے بعد، نیند کے دوران
twitching, hand, chill, during	=اعضا — پھڑکن، ہاتھ، سردی لگنا کے دوران
twitching, hand, fright, after	=اعضا — پھڑکن، ہاتھ، ڈر کے بعد
twitching, hand, rising, on	=اعضا — پھڑکن، ہاتھ، اٹھنے پر
twitching, hand, sleep, during	=اعضا — پھڑکن، ہاتھ، نیند کے دوران
twitching, fingers, morning, rising, after	=اعضا — پھڑکن، انگلیاں، صبح، اٹھنا کے بعد
twitching, fingers, evening, lying down, after	=اعضا — پھڑکن، انگلیاں، شام، لیٹنا کے بعد
twitching, fingers, night, sleep, during	=اعضا — پھڑکن، انگلیاں، رات، نیند کے دوران
twitching, fingers, motion, during	=اعضا — پھڑکن، انگلیاں، حرکت کے دوران
twitching, fingers, sleep, during	=اعضا — پھڑکن، انگلیاں، نیند کے دوران
twitching, fingers, toothache, with	=اعضا — پھڑکن، انگلیاں، دانت کا درد کے ساتھ
twitching, lower limbs, night, bed, in	=اعضا — پھڑکن، نچلے اعضاء، رات، بستر میں
twitching, lower limbs, night, falling asleep, on	=اعضا — پھڑکن، نچلے اعضاء، رات، سونے لگتے وقت پر
twitching, lower limbs, menses, during	=اعضا — پھڑکن، نچلے اعضاء، حیض کے دوران
twitching, lower limbs, motion, on	=اعضا — پھڑکن، نچلے اعضاء، حرکت پر
twitching, lower limbs, rest, during	=اعضا — پھڑکن، نچلے اعضاء، آرام کے دوران
twitching, lower limbs, sleeplessness, during	=اعضا — پھڑکن، نچلے اعضاء، بے خوابی کے دوران
twitching, lower limbs, stool, during	=اعضا — پھڑکن، نچلے اعضاء، پاخانہ کے دوران
twitching, lower limbs, waking, on	=اعضا — پھڑکن، نچلے اعضاء، جاگنے پر
twitching, lower limbs, walking, after	=اعضا — پھڑکن، نچلے اعضاء، چلنا کے بعد
twitching, thigh, evening, bed, in	=اعضا — پھڑکن، ران، شام، بستر میں
twitching, thigh, chilliness, during	=اعضا — پھڑکن، ران، سردی محسوس ہونا کے دوران
twitching, thigh, sleep, during	=اعضا — پھڑکن، ران، نیند کے دوران
twitching, thigh, posterior part, crossing limbs, on	=اعضا — پھڑکن، ران، پچھلے حصے میں، اعضاء کوڑے کرنے پر
twitching, knee, hollow of, walking in open air, after	=اعضا — پھڑکن، گھٹنا، گڑھا، کھلی ہوا میں چلنا کے بعد
twitching, knee, patella	=اعضا — پھڑکن، گھٹنے کی کاسہ (پیٹیلا)
twitching, knee, patella, evening	=اعضا — پھڑکن، گھٹنے کی کاسہ (پیٹیلا)، شام
twitching, knee, patella, standing	=اعضا — پھڑکن، گھٹنے کی کاسہ (پیٹیلا)، کھڑا ہونا
twitching, leg, evening, bed, in	=اعضا — پھڑکن، ٹانگ، شام، بستر میں
twitching, leg, exertion, from	=اعضا — پھڑکن، ٹانگ، محنت سے
twitching, leg, siesta, during	=اعضا — پھڑکن، ٹانگ، دوپہر کی نیند کے دوران
twitching, leg, sleep, during	=اعضا — پھڑکن، ٹانگ، نیند کے دوران
twitching, leg, sticking, with	=اعضا — پھڑکن، ٹانگ، گڑتا ہوا کے ساتھ
twitching, leg, calf, morning, bed, in	=اعضا — پھڑکن، ٹانگ، پنڈلی تک، صبح، بستر میں
twitching, foot, midnight, after, during sleep	=اعضا — پھڑکن، پاؤں، آدھی رات کے بعد، نیند کے دوران
twitching, foot, bed, in	=اعضا — پھڑکن، پاؤں، بستر میں
twitching, foot, sleep, during	=اعضا — پھڑکن، پاؤں، نیند کے دوران
twitching, toes, first, morning, bed, in	=اعضا — پھڑکن، انگوٹھوں، پہلا، صبح، بستر میں
twitching, toes, first, evening, bed, in	=اعضا — پھڑکن، انگوٹھوں، پہلا، شام، بستر میں
ulcers, fingers, nails, around	=اعضا — ناسور (زخم)، انگلیاں، ناخن کے ارد گرد
ulcers, fingers, nails, under	=اعضا — ناسور (زخم)، انگلیاں، ناخن کے نیچے
ulcers, thumb, nail, under	=اعضا — ناسور (زخم)، انگوٹھا، کیل جیسا کے نیچے
ulcers, leg, tibia, on	=اعضا — ناسور (زخم)، ٹانگ، پنڈلی کی ہڈی پر
ulcers, foot, blisters, from	=اعضا — ناسور (زخم)، پاؤں، آبلے سے
ulcers, foot, sole, blisters, from	=اعضا — ناسور (زخم)، پاؤں، تلا، آبلے سے
uncover, inclination to, upper limbs, sleep, during	=اعضا — کھولنا، چاہتا ہے (بیٹھے رہنے کی طرف رجحان)، اوپری اعضاء، نیند کے دوران
varices, lower limbs, pregnancy, during	=اعضا — پھولی رگیں، نچلے اعضاء، حمل کے دوران
varices, leg, left, menses, during	=اعضا — پھولی رگیں، ٹانگ، بائیں، حیض کے دوران
varices, leg, painful, menses, during	=اعضا — پھولی رگیں، ٹانگ، دردناک، حیض کے دوران
varices, leg, pregnancy, during	=اعضا — پھولی رگیں، ٹانگ، حمل کے دوران
weakness, morning, bed, in	=اعضا — کمزوری، صبح، بستر میں
weakness, morning, rising, on	=اعضا — کمزوری، صبح، اٹھنے پر
weakness, morning, waking, on	=اعضا — کمزوری، صبح، جاگنے پر
weakness, afternoon, 4 p.m.	=اعضا — کمزوری، سہ پہر 4 بجے
weakness, evening, lying down, on	=اعضا — کمزوری، شام، لیٹنے پر
weakness, night, toothache, during	=اعضا — کمزوری، رات، دانت کا درد کے دوران
weakness, chill, during	=اعضا — کمزوری، سردی لگنا کے دوران
weakness, dinner, after	=اعضا — کمزوری، دوپہر کا کھانا کے بعد
weakness, eating, after agg.	=اعضا — کمزوری، کھانا کے بعد بگاڑ
weakness, emissions, after	=اعضا — کمزوری، احتلام کے بعد
weakness, exertion, least, after	=اعضا — کمزوری، محنت، ذرا سا کے بعد
weakness, heat, from	=اعضا — کمزوری، گرمی سے
weakness, menses, during	=اعضا — کمزوری، حیض کے دوران
weakness, mental exertion, from	=اعضا — کمزوری، ذہنی محنت سے
weakness, motion, during agg.	=اعضا — کمزوری، حرکت کے دوران بگاڑ
weakness, pregnancy, during	=اعضا — کمزوری، حمل کے دوران
weakness, pressure, on	=اعضا — کمزوری، دباؤ پر
weakness, rising, after	=اعضا — کمزوری، اٹھنا کے بعد
weakness, stiffness, with	=اعضا — کمزوری، اکڑن کے ساتھ
weakness, stool, after	=اعضا — کمزوری، پاخانہ کے بعد
weakness, urination, after, amel.	=اعضا — کمزوری، پیشاب کے بعد، آرام
weakness, waking, on	=اعضا — کمزوری، جاگنے پر
weakness, weeping, after	=اعضا — کمزوری، رونا کے بعد
weakness, joints, morning, motion, on	=اعضا — کمزوری، جوڑوں میں، صبح، حرکت پر
weakness, joints, chill, during	=اعضا — کمزوری، جوڑوں میں، سردی لگنا کے دوران
weakness, joints, diarrhoea, after	=اعضا — کمزوری، جوڑوں میں، دست کے بعد
weakness, joints, motion, on	=اعضا — کمزوری، جوڑوں میں، حرکت پر
weakness, joints, walking, after	=اعضا — کمزوری، جوڑوں میں، چلنا کے بعد
weakness, upper limbs, morning, bed, in	=اعضا — کمزوری، اوپری اعضاء، صبح، بستر میں
weakness, upper limbs, morning, rising, on	=اعضا — کمزوری، اوپری اعضاء، صبح، اٹھنے پر
weakness, upper limbs, morning, waking, on	=اعضا — کمزوری، اوپری اعضاء، صبح، جاگنے پر
weakness, upper limbs, afternoon, 2 p.m.	=اعضا — کمزوری، اوپری اعضاء، سہ پہر 2 بجے
weakness, upper limbs, evening, bed, in	=اعضا — کمزوری، اوپری اعضاء، شام، بستر میں
weakness, upper limbs, evening, vomiting, after	=اعضا — کمزوری، اوپری اعضاء، شام، قے کے بعد
weakness, upper limbs, chilliness, during	=اعضا — کمزوری، اوپری اعضاء، سردی محسوس ہونا کے دوران
weakness, upper limbs, dinner, after	=اعضا — کمزوری، اوپری اعضاء، دوپہر کا کھانا کے بعد
weakness, upper limbs, eating, after	=اعضا — کمزوری، اوپری اعضاء، کھانا کے بعد
weakness, upper limbs, emissions, after	=اعضا — کمزوری، اوپری اعضاء، احتلام کے بعد
weakness, upper limbs, motion, on agg.	=اعضا — کمزوری، اوپری اعضاء، حرکت پر بگاڑ
weakness, upper limbs, spasms, after	=اعضا — کمزوری، اوپری اعضاء، اینٹھن کے بعد
weakness, shoulder, walking, after	=اعضا — کمزوری، کندھا، چلنا کے بعد
weakness, upper arm, motion, on agg.	=اعضا — کمزوری، اوپری بازو، حرکت پر بگاڑ
weakness, upper arm, exertion, after	=اعضا — کمزوری، اوپری بازو، محنت کے بعد
weakness, upper arm, rising, on	=اعضا — کمزوری، اوپری بازو، اٹھنے پر
weakness, upper arm, waking, after	=اعضا — کمزوری، اوپری بازو، جاگنا کے بعد
weakness, wrist, menses, after	=اعضا — کمزوری، کلائی تک، حیض کے بعد
weakness, hand, morning, bed, in	=اعضا — کمزوری، ہاتھ، صبح، بستر میں
weakness, hand, morning, rising, on	=اعضا — کمزوری، ہاتھ، صبح، اٹھنے پر
weakness, hand, morning, waking, on	=اعضا — کمزوری، ہاتھ، صبح، جاگنے پر
weakness, hand, afternoon, 5 p.m.	=اعضا — کمزوری، ہاتھ، سہ پہر 5 بجے
weakness, hand, chill, during	=اعضا — کمزوری، ہاتھ، سردی لگنا کے دوران
weakness, hand, dinner, after	=اعضا — کمزوری، ہاتھ، دوپہر کا کھانا کے بعد
weakness, hand, eating, after	=اعضا — کمزوری، ہاتھ، کھانا کے بعد
weakness, hand, headache, during	=اعضا — کمزوری، ہاتھ، سر درد کے دوران
weakness, hand, motion, on	=اعضا — کمزوری، ہاتھ، حرکت پر
weakness, hand, numb as from electric shocks	=اعضا — کمزوری، ہاتھ، سن، جیسے بجلی کے جھٹکے
weakness, hand, pressure, on	=اعضا — کمزوری، ہاتھ، دباؤ پر
weakness, hand, rising, after	=اعضا — کمزوری، ہاتھ، اٹھنا کے بعد
weakness, hand, supper, after	=اعضا — کمزوری، ہاتھ، رات کا کھانا کے بعد
weakness, hand, waking, on	=اعضا — کمزوری، ہاتھ، جاگنے پر
weakness, hand, writing, after	=اعضا — کمزوری، ہاتھ، لکھنا کے بعد
weakness, lower limbs, morning, bed, in	=اعضا — کمزوری، نچلے اعضاء، صبح، بستر میں
weakness, lower limbs, morning, waking, on	=اعضا — کمزوری، نچلے اعضاء، صبح، جاگنے پر
weakness, lower limbs, afternoon, 1 p.m.	=اعضا — کمزوری، نچلے اعضاء، سہ پہر 1 بجے
weakness, lower limbs, evening, menses, during	=اعضا — کمزوری، نچلے اعضاء، شام، حیض کے دوران
weakness, lower limbs, evening, 10 p.m.	=اعضا — کمزوری، نچلے اعضاء، شام 10 بجے
weakness, lower limbs, coition, after	=اعضا — کمزوری، نچلے اعضاء، جماع کے بعد
weakness, lower limbs, eating, after	=اعضا — کمزوری، نچلے اعضاء، کھانا کے بعد
weakness, lower limbs, exertion, after	=اعضا — کمزوری، نچلے اعضاء، محنت کے بعد
weakness, lower limbs, false step, from	=اعضا — کمزوری، نچلے اعضاء، غلط قدم سے
weakness, lower limbs, fever, catarrhal, during	=اعضا — کمزوری، نچلے اعضاء، بخار، زکامی کے دوران
weakness, lower limbs, hunger, during	=اعضا — کمزوری، نچلے اعضاء، بھوک کے دوران
weakness, lower limbs, menses, during	=اعضا — کمزوری، نچلے اعضاء، حیض کے دوران
weakness, lower limbs, parturition, after	=اعضا — کمزوری، نچلے اعضاء، زچگی کے بعد
weakness, lower limbs, pregnancy, during	=اعضا — کمزوری، نچلے اعضاء، حمل کے دوران
weakness, lower limbs, smoking, from	=اعضا — کمزوری، نچلے اعضاء، تمباکو پینے سے
weakness, lower limbs, stool, after	=اعضا — کمزوری، نچلے اعضاء، پاخانہ کے بعد
weakness, lower limbs, vexation, after	=اعضا — کمزوری، نچلے اعضاء، جھنجھلاہٹ کے بعد
weakness, lower limbs, walking, after	=اعضا — کمزوری، نچلے اعضاء، چلنا کے بعد
weakness, hip, morning, waking, on	=اعضا — کمزوری، کولھا، صبح، جاگنے پر
weakness, thigh, morning, chill, during	=اعضا — کمزوری، ران، صبح، سردی لگنا کے دوران
weakness, thigh, morning, rising, after	=اعضا — کمزوری، ران، صبح، اٹھنا کے بعد
weakness, thigh, night, sleep, during	=اعضا — کمزوری، ران، رات، نیند کے دوران
weakness, thigh, midnight, after	=اعضا — کمزوری، ران، آدھی رات کے بعد
weakness, thigh, coition, after	=اعضا — کمزوری، ران، جماع کے بعد
weakness, thigh, emission, after	=اعضا — کمزوری، ران، منی کا اخراج کے بعد
weakness, thigh, menses, during	=اعضا — کمزوری، ران، حیض کے دوران
weakness, thigh, rising, on	=اعضا — کمزوری، ران، اٹھنے پر
weakness, thigh, sitting, after	=اعضا — کمزوری، ران، بیٹھنا کے بعد
weakness, thigh, stool, after	=اعضا — کمزوری، ران، پاخانہ کے بعد
weakness, thigh, waking, on, amel.	=اعضا — کمزوری، ران، جاگنے پر، آرام
weakness, thigh, walking, after	=اعضا — کمزوری، ران، چلنا کے بعد
weakness, knee, morning, rising, after	=اعضا — کمزوری، گھٹنا، صبح، اٹھنا کے بعد
weakness, knee, coition, after	=اعضا — کمزوری، گھٹنا، جماع کے بعد
weakness, knee, dinner, after	=اعضا — کمزوری، گھٹنا، دوپہر کا کھانا کے بعد
weakness, knee, eating, after	=اعضا — کمزوری، گھٹنا، کھانا کے بعد
weakness, knee, fright, after	=اعضا — کمزوری، گھٹنا، ڈر کے بعد
weakness, knee, kneeling, when	=اعضا — کمزوری، گھٹنوں کے بل بیٹھے وقت
weakness, knee, knock together, as if they would	=اعضا — کمزوری، گھٹنا، ضرب، اکٹھے، جیسے وہ، ہوتا
weakness, knee, motion, on agg.	=اعضا — کمزوری، گھٹنا، حرکت پر بگاڑ
weakness, knee, rising, after	=اعضا — کمزوری، گھٹنا، اٹھنا کے بعد
weakness, knee, stool, after	=اعضا — کمزوری، گھٹنا، پاخانہ کے بعد
weakness, knee, vexation, after	=اعضا — کمزوری، گھٹنا، جھنجھلاہٹ کے بعد
weakness, knee, walk, as after a long	=اعضا — کمزوری، گھٹنا، چلنا، جیسے دیر تک
weakness, knee, walking, after	=اعضا — کمزوری، گھٹنا، چلنا کے بعد
weakness, leg, morning, bed, in	=اعضا — کمزوری، ٹانگ، صبح، بستر میں
weakness, leg, morning, rising, on	=اعضا — کمزوری، ٹانگ، صبح، اٹھنے پر
weakness, leg, morning, waking, on	=اعضا — کمزوری، ٹانگ، صبح، جاگنے پر
weakness, leg, diarrhoea, after	=اعضا — کمزوری، ٹانگ، دست کے بعد
weakness, leg, dinner, after	=اعضا — کمزوری، ٹانگ، دوپہر کا کھانا کے بعد
weakness, leg, journey, after	=اعضا — کمزوری، ٹانگ، سفر کے بعد
weakness, leg, menses, during	=اعضا — کمزوری، ٹانگ، حیض کے دوران
weakness, leg, motion, during agg.	=اعضا — کمزوری، ٹانگ، حرکت کے دوران بگاڑ
weakness, leg, parturition, after	=اعضا — کمزوری، ٹانگ، زچگی کے بعد
weakness, leg, rising, on	=اعضا — کمزوری، ٹانگ، اٹھنے پر
weakness, leg, room, in a, amel.	=اعضا — کمزوری، ٹانگ، کمرہ میں، آرام
weakness, leg, sexual excesses, after	=اعضا — کمزوری، ٹانگ، جنسی زیادتی کے بعد
weakness, leg, stool, after	=اعضا — کمزوری، ٹانگ، پاخانہ کے بعد
weakness, leg, waking, on	=اعضا — کمزوری، ٹانگ، جاگنے پر
weakness, leg, calf, chill, during	=اعضا — کمزوری، ٹانگ، پنڈلی تک، سردی لگنا کے دوران
weakness, leg, calf, motion, on	=اعضا — کمزوری، ٹانگ، پنڈلی تک، حرکت پر
weakness, leg, calf, walking, amel., after	=اعضا — کمزوری، ٹانگ، پنڈلی تک، چلنا، آرام کے بعد
weakness, ankle, bath, warm, after	=اعضا — کمزوری، ٹخنے تک، غسل، گرم کے بعد
weakness, ankle, motion, on	=اعضا — کمزوری، ٹخنے تک، حرکت پر
weakness, foot, morning, bed, in	=اعضا — کمزوری، پاؤں، صبح، بستر میں
weakness, foot, morning, rising, on	=اعضا — کمزوری، پاؤں، صبح، اٹھنے پر
weakness, foot, morning, 4 a.m.	=اعضا — کمزوری، پاؤں، صبح 4 بجے
weakness, foot, afternoon, 4 p.m.	=اعضا — کمزوری، پاؤں، سہ پہر 4 بجے
weakness, foot, afternoon, 5 p.m.	=اعضا — کمزوری، پاؤں، سہ پہر 5 بجے
weakness, foot, evening, walking, after	=اعضا — کمزوری، پاؤں، شام، چلنا کے بعد
weakness, foot, evening, 7 p.m.	=اعضا — کمزوری، پاؤں، شام 7 بجے
weakness, foot, night, menses, before	=اعضا — کمزوری، پاؤں، رات، حیض سے پہلے
weakness, foot, bending, on	=اعضا — کمزوری، پاؤں، جھکنے پر
weakness, foot, chilliness, during	=اعضا — کمزوری، پاؤں، سردی محسوس ہونا کے دوران
weakness, foot, coition, after	=اعضا — کمزوری، پاؤں، جماع کے بعد
weakness, foot, dinner, after	=اعضا — کمزوری، پاؤں، دوپہر کا کھانا کے بعد
weakness, foot, eating, after	=اعضا — کمزوری، پاؤں، کھانا کے بعد
weakness, foot, fever, after	=اعضا — کمزوری، پاؤں، بخار کے بعد
weakness, foot, headache, during	=اعضا — کمزوری، پاؤں، سر درد کے دوران
weakness, foot, menses, during	=اعضا — کمزوری، پاؤں، حیض کے دوران
weakness, foot, waking, on	=اعضا — کمزوری، پاؤں، جاگنے پر
weakness, foot, sole, dinner, after	=اعضا — کمزوری، پاؤں، تلا، دوپہر کا کھانا کے بعد
weakness, sleep, after	=اعضا — کمزوری، نیند کے بعد
weakness, sleep, insufficient, after	=اعضا — کمزوری، نیند، ناکافی کے بعد
