key	depth	en	ur
pain, forehead	1	PAIN, forehead	ماتھے میں
pain, forehead, above the	2	PAIN, forehead, above the	=درد، ماتھے کے اوپر
pain, forehead, above the, mental exertion, on	3	PAIN, forehead, above the, mental exertion, on	=درد، ماتھے کے اوپر، ذہنی محنت پر
pain, forehead, afternoon	2	PAIN, forehead, afternoon	=درد، ماتھے میں، سہ پہر
pain, forehead, afternoon, 3 p.m.	3	PAIN, forehead, afternoon, 3 p.m.	=درد، ماتھے میں، سہ پہر 3 بجے
pain, forehead, afternoon, 3 p.m. to 7 p.m.	3	PAIN, forehead, afternoon, 3 p.m. to 7 p.m.	=درد، ماتھے میں، سہ پہر 3 سے شام 7 بجے تک
pain, forehead, afternoon, 3 p.m. to 8 p.m.	3	PAIN, forehead, afternoon, 3 p.m. to 8 p.m.	=درد، ماتھے میں، سہ پہر 3 سے رات 8 بجے تک
pain, forehead, afternoon, 4 p.m.	3	PAIN, forehead, afternoon, 4 p.m.	=درد، ماتھے میں، سہ پہر 4 بجے
pain, forehead, afternoon, 5 p.m.	3	PAIN, forehead, afternoon, 5 p.m.	=درد، ماتھے میں، سہ پہر 5 بجے
pain, forehead, afternoon, riding in a carriage, while	3	PAIN, forehead, afternoon, riding in a carriage, while	=درد، ماتھے میں، سہ پہر گاڑی میں سواری کرتے ہوئے
pain, forehead, afternoon, waking, on	3	PAIN, forehead, afternoon, waking, on	=درد، ماتھے میں، سہ پہر جاگنے پر
pain, forehead, afternoon, walking, while	3	PAIN, forehead, afternoon, walking, while	=درد، ماتھے میں، سہ پہر چلتے ہوئے
pain, forehead, air	2	PAIN, forehead, air	=درد، ماتھے میں، ہوا
pain, forehead, air, cold agg.	3	PAIN, forehead, air, cold agg.	=درد، ماتھے میں، ٹھنڈی ہوا سے بگاڑ
pain, forehead, air, cold, amel.	3	PAIN, forehead, air, cold, amel.	=درد، ماتھے میں، ٹھنڈی ہوا سے آرام
pain, forehead, air, open agg.	3	PAIN, forehead, air, open agg.	=درد، ماتھے میں، کھلی ہوا میں بگاڑ
pain, forehead, air, open, amel.	3	PAIN, forehead, air, open, amel.	=درد، ماتھے میں، کھلی ہوا میں آرام
pain, forehead, alternating with pain in small of back	2	PAIN, forehead, alternating with pain in small of back	=درد، ماتھے میں، باری باری کمر کے نچلے حصے کے درد کے ساتھ
pain, forehead, alternating	2	PAIN, forehead, alternating	=درد، ماتھے میں، باری باری
pain, forehead, alternating, crampy pain in chest at last tearing in nose and shoulders, with	3	PAIN, forehead, alternating, crampy pain in chest at last tearing in nose and shoulders, with	=درد، ماتھے میں، باری باری سینے کے مروڑ والے درد کے ساتھ، آخر میں ناک اور کندھوں میں چیرتا درد
pain, forehead, alternating, from side to side	3	PAIN, forehead, alternating, from side to side	=درد، ماتھے میں، باری باری ایک طرف سے دوسری طرف
pain, forehead, alternating, gouty pain in joints	3	PAIN, forehead, alternating, gouty pain in joints	=درد، ماتھے میں، باری باری جوڑوں کے نقرسی درد کے ساتھ
pain, forehead, alternating, pain in occiput, with	3	PAIN, forehead, alternating, pain in occiput, with	=درد، ماتھے میں، باری باری گدی کے درد کے ساتھ
pain, forehead, anger, after	2	PAIN, forehead, anger, after	=درد، ماتھے میں، غصے کے بعد
pain, forehead, ascending steps	2	PAIN, forehead, ascending steps	=درد، ماتھے میں، سیڑھیاں چڑھتے ہوئے
pain, forehead, bending the head backward agg.	2	PAIN, forehead, bending the head backward agg.	=درد، ماتھے میں، سر پیچھے جھکانے سے بگاڑ
pain, forehead, bending the head backward, amel.	2	PAIN, forehead, bending the head backward, amel.	=درد، ماتھے میں، سر پیچھے جھکانے سے آرام
pain, forehead, bending the head forward	2	PAIN, forehead, bending the head forward	=درد، ماتھے میں، سر آگے جھکانے پر
pain, forehead, binding up, amel.	2	PAIN, forehead, binding up, amel.	=درد، ماتھے میں، باندھنے سے آرام
pain, forehead, blowing nose	2	PAIN, forehead, blowing nose	=درد، ماتھے میں، ناک سنکنے پر
pain, forehead, business men	2	PAIN, forehead, business men	=درد، ماتھے میں، کاروباری لوگوں میں
pain, forehead, chill	2	PAIN, forehead, chill	=درد، ماتھے میں، سردی لگنا
pain, forehead, chill, after	3	PAIN, forehead, chill, after	=درد، ماتھے میں، سردی لگنے کے بعد
pain, forehead, chill, during	3	PAIN, forehead, chill, during	=درد، ماتھے میں، سردی لگنے کے دوران
pain, forehead, closed, eyes forcibly	2	PAIN, forehead, closed, eyes forcibly	=درد، ماتھے میں، آنکھیں زور سے بند کیے ہوئے
pain, forehead, closing eyes amel.	2	PAIN, forehead, closing eyes amel.	=درد، ماتھے میں، آنکھیں بند کرنے سے آرام
pain, forehead, cold applications amel.	2	PAIN, forehead, cold applications amel.	=درد، ماتھے میں، ٹھنڈی پٹیوں سے آرام
pain, forehead, cold applications, hand amel.	2	PAIN, forehead, cold applications, hand amel.	=درد، ماتھے میں، ٹھنڈے ہاتھ سے آرام
pain, forehead, cold forehead, with	2	PAIN, forehead, cold forehead, with	=درد، ماتھے میں، ماتھا ٹھنڈا
pain, forehead, cold, wet weather	2	PAIN, forehead, cold, wet weather	=درد، ماتھے میں، سرد نم موسم میں
pain, forehead, company agg.	2	PAIN, forehead, company agg.	=درد، ماتھے میں، لوگوں میں بگاڑ
pain, forehead, coughing agg.	2	PAIN, forehead, coughing agg.	=درد، ماتھے میں، کھانسنے سے بگاڑ
pain, forehead, coughing, amel.	2	PAIN, forehead, coughing, amel.	=درد، ماتھے میں، کھانسنے سے آرام
pain, forehead, daytime	2	PAIN, forehead, daytime	=درد، ماتھے میں، دن کے وقت
pain, forehead, descending	2	PAIN, forehead, descending	=درد، ماتھے میں، نیچے اترتے ہوئے
pain, forehead, dinner, after	2	PAIN, forehead, dinner, after	=درد، ماتھے میں، دوپہر کے کھانے کے بعد
pain, forehead, diversion	2	PAIN, forehead, diversion	=درد، ماتھے میں، دھیان بٹانے سے
pain, forehead, eating agg.	2	PAIN, forehead, eating agg.	=درد، ماتھے میں، کھانے سے بگاڑ
pain, forehead, eating, amel.	2	PAIN, forehead, eating, amel.	=درد، ماتھے میں، کھانے سے آرام
pain, forehead, eminence, frontal	2	PAIN, forehead, eminence, frontal	=درد، ماتھے کے ابھار میں
pain, forehead, eminence, frontal, afternoon	3	PAIN, forehead, eminence, frontal, afternoon	=درد، ماتھے کے ابھار میں، سہ پہر
pain, forehead, eminence, frontal, afternoon, 4 p.m.	4	PAIN, forehead, eminence, frontal, afternoon, 4 p.m.	=درد، ماتھے کے ابھار میں، سہ پہر 4 بجے
pain, forehead, eminence, frontal, air open, amel.	3	PAIN, forehead, eminence, frontal, air open, amel.	=درد، ماتھے کے ابھار میں، کھلی ہوا میں آرام
pain, forehead, eminence, frontal, air, draft of, in	3	PAIN, forehead, eminence, frontal, air, draft of, in	=درد، ماتھے کے ابھار میں، ہوا کے جھونکے میں
pain, forehead, eminence, frontal, alternating with pain in cervical region	3	PAIN, forehead, eminence, frontal, alternating with pain in cervical region	=درد، ماتھے کے ابھار میں، باری باری گردن کے درد کے ساتھ
pain, forehead, eminence, frontal, catarrhal	3	PAIN, forehead, eminence, frontal, catarrhal	=درد، ماتھے کے ابھار میں، نزلے والا
pain, forehead, eminence, frontal, descending steps	3	PAIN, forehead, eminence, frontal, descending steps	=درد، ماتھے کے ابھار میں، سیڑھیاں اترتے ہوئے
pain, forehead, eminence, frontal, dinner, after	3	PAIN, forehead, eminence, frontal, dinner, after	=درد، ماتھے کے ابھار میں، دوپہر کے کھانے کے بعد
pain, forehead, eminence, frontal, evening	3	PAIN, forehead, eminence, frontal, evening	=درد، ماتھے کے ابھار میں، شام
pain, forehead, eminence, frontal, evening, 7 p.m.	4	PAIN, forehead, eminence, frontal, evening, 7 p.m.	=درد، ماتھے کے ابھار میں، شام 7 بجے
pain, forehead, eminence, frontal, evening, 8 p.m.	4	PAIN, forehead, eminence, frontal, evening, 8 p.m.	=درد، ماتھے کے ابھار میں، رات 8 بجے
pain, forehead, eminence, frontal, extending outward	3	PAIN, forehead, eminence, frontal, extending outward	=درد، ماتھے کے ابھار میں، باہر کی طرف پھیلتا ہوا
pain, forehead, eminence, frontal, extending to ears	3	PAIN, forehead, eminence, frontal, extending to ears	=درد، ماتھے کے ابھار سے کانوں تک
pain, forehead, eminence, frontal, extending to eyes	3	PAIN, forehead, eminence, frontal, extending to eyes	=درد، ماتھے کے ابھار سے آنکھوں تک
pain, forehead, eminence, frontal, extending to jaw	3	PAIN, forehead, eminence, frontal, extending to jaw	=درد، ماتھے کے ابھار سے جبڑے تک
pain, forehead, eminence, frontal, extending to nose	3	PAIN, forehead, eminence, frontal, extending to nose	=درد، ماتھے کے ابھار سے ناک تک
pain, forehead, eminence, frontal, extending to occiput	3	PAIN, forehead, eminence, frontal, extending to occiput	=درد، ماتھے کے ابھار سے گدی تک
pain, forehead, eminence, frontal, extending to supra-orbital foramen	3	PAIN, forehead, eminence, frontal, extending to supra-orbital foramen	=درد، ماتھے کے ابھار سے آنکھ کے اوپر کے سوراخ (اعصاب) تک
pain, forehead, eminence, frontal, extending to temple	3	PAIN, forehead, eminence, frontal, extending to temple	=درد، ماتھے کے ابھار سے کنپٹی تک
pain, forehead, eminence, frontal, extending to vertex	3	PAIN, forehead, eminence, frontal, extending to vertex	=درد، ماتھے کے ابھار سے چوٹی تک
pain, forehead, eminence, frontal, left	3	PAIN, forehead, eminence, frontal, left	=درد، ماتھے کے بائیں ابھار میں
pain, forehead, eminence, frontal, looking steadily	3	PAIN, forehead, eminence, frontal, looking steadily	=درد، ماتھے کے ابھار میں، ایک ٹک دیکھنے سے
pain, forehead, eminence, frontal, morning	3	PAIN, forehead, eminence, frontal, morning	=درد، ماتھے کے ابھار میں، صبح
pain, forehead, eminence, frontal, morning, 10 a.m.	4	PAIN, forehead, eminence, frontal, morning, 10 a.m.	=درد، ماتھے کے ابھار میں، صبح 10 بجے
pain, forehead, eminence, frontal, morning, 3-30 a.m.	4	PAIN, forehead, eminence, frontal, morning, 3-30 a.m.	=درد، ماتھے کے ابھار میں، رات ساڑھے 3 بجے
pain, forehead, eminence, frontal, morning, waking, on	4	PAIN, forehead, eminence, frontal, morning, waking, on	=درد، ماتھے کے ابھار میں، صبح جاگنے پر
pain, forehead, eminence, frontal, pressure amel.	3	PAIN, forehead, eminence, frontal, pressure amel.	=درد، ماتھے کے ابھار میں، دبانے سے آرام
pain, forehead, eminence, frontal, pulsating	3	PAIN, forehead, eminence, frontal, pulsating	=درد، ماتھے کے ابھار میں، دھڑکتا ہوا
pain, forehead, eminence, frontal, rest, during	3	PAIN, forehead, eminence, frontal, rest, during	=درد، ماتھے کے ابھار میں، آرام کے دوران
pain, forehead, eminence, frontal, right	3	PAIN, forehead, eminence, frontal, right	=درد، ماتھے کے دائیں ابھار میں
pain, forehead, eminence, frontal, shaking head, on	3	PAIN, forehead, eminence, frontal, shaking head, on	=درد، ماتھے کے ابھار میں، سر ہلانے پر
pain, forehead, eminence, frontal, sitting, while	3	PAIN, forehead, eminence, frontal, sitting, while	=درد، ماتھے کے ابھار میں، بیٹھے ہوئے
pain, forehead, eminence, frontal, stooping, on	3	PAIN, forehead, eminence, frontal, stooping, on	=درد، ماتھے کے ابھار میں، جھکنے پر
pain, forehead, eminence, frontal, waking, on	3	PAIN, forehead, eminence, frontal, waking, on	=درد، ماتھے کے ابھار میں، جاگنے پر
pain, forehead, eminence, frontal, walking in open air	3	PAIN, forehead, eminence, frontal, walking in open air	=درد، ماتھے کے ابھار میں، کھلی ہوا میں چلتے ہوئے
pain, forehead, eminence, frontal, warm bed agg.	3	PAIN, forehead, eminence, frontal, warm bed agg.	=درد، ماتھے کے ابھار میں، گرم بستر سے بگاڑ
pain, forehead, eminence, frontal, warm room agg.	3	PAIN, forehead, eminence, frontal, warm room agg.	=درد، ماتھے کے ابھار میں، گرم کمرے میں بگاڑ
pain, forehead, evening agg.	2	PAIN, forehead, evening agg.	=درد، ماتھے میں، شام کو بگاڑ
pain, forehead, evening	2	PAIN, forehead, evening	=درد، ماتھے میں، شام
pain, forehead, evening, 7 p.m.	3	PAIN, forehead, evening, 7 p.m.	=درد، ماتھے میں، شام 7 بجے
pain, forehead, evening, 7 p.m. to 8 p.m.	3	PAIN, forehead, evening, 7 p.m. to 8 p.m.	=درد، ماتھے میں، شام 7 سے رات 8 بجے تک
pain, forehead, evening, 7 p.m. to 9 p.m.	3	PAIN, forehead, evening, 7 p.m. to 9 p.m.	=درد، ماتھے میں، شام 7 سے رات 9 بجے تک
pain, forehead, evening, 8 p.m.	3	PAIN, forehead, evening, 8 p.m.	=درد، ماتھے میں، رات 8 بجے
pain, forehead, evening, amel.	3	PAIN, forehead, evening, amel.	=درد، ماتھے میں، شام کو آرام
pain, forehead, evening, bed, in	3	PAIN, forehead, evening, bed, in	=درد، ماتھے میں، شام بستر میں
pain, forehead, evening, singing, after	3	PAIN, forehead, evening, singing, after	=درد، ماتھے میں، شام گانے کے بعد
pain, forehead, exercise, from slight	2	PAIN, forehead, exercise, from slight	=درد، ماتھے میں، ہلکی ورزش سے
pain, forehead, extending backward	2	PAIN, forehead, extending backward	=درد، ماتھے سے پیچھے کی طرف پھیلتا ہوا
pain, forehead, extending backward, whole head	3	PAIN, forehead, extending backward, whole head (See Backwards)	=درد، ماتھے سے پیچھے پورے سر میں پھیلتا ہوا
pain, forehead, extending	2	PAIN, forehead, extending	=درد، ماتھے سے پھیلتا ہوا
pain, forehead, extending, cheeks, to	3	PAIN, forehead, extending, cheeks, to	=درد، ماتھے سے گالوں تک
pain, forehead, extending, ears, to	3	PAIN, forehead, extending, ears, to	=درد، ماتھے سے کانوں تک
pain, forehead, extending, eye, teeth, to	3	PAIN, forehead, extending, eye, teeth, to	=درد، ماتھے سے آنکھ اور دانتوں تک
pain, forehead, extending, eyes, to	3	PAIN, forehead, extending, eyes, to	=درد، ماتھے سے آنکھوں تک
pain, forehead, extending, face, to	3	PAIN, forehead, extending, face, to	=درد، ماتھے سے چہرے تک
pain, forehead, extending, lower jaw, to	3	PAIN, forehead, extending, lower jaw, to	=درد، ماتھے سے نچلے جبڑے تک
pain, forehead, extending, molars, upper	3	PAIN, forehead, extending, molars, upper	=درد، ماتھے سے اوپر کی داڑھوں تک
pain, forehead, extending, neck, to	3	PAIN, forehead, extending, neck, to	=درد، ماتھے سے گردن تک
pain, forehead, extending, nose	3	PAIN, forehead, extending, nose	=درد، ماتھے سے ناک
pain, forehead, extending, nose, root of	4	PAIN, forehead, extending, nose, root of	=درد، ماتھے سے ناک کی جڑ تک
pain, forehead, extending, nose, to	4	PAIN, forehead, extending, nose, to	=درد، ماتھے سے ناک تک
pain, forehead, extending, occiput, to	3	PAIN, forehead, extending, occiput, to	=درد، ماتھے سے گدی تک
pain, forehead, extending, orbits, to	3	PAIN, forehead, extending, orbits, to	=درد، ماتھے سے آنکھوں کے حلقوں تک
pain, forehead, extending, outward	3	PAIN, forehead, extending, outward	=درد، ماتھے سے باہر کی طرف
pain, forehead, extending, over whole head	3	PAIN, forehead, extending, over whole head	=درد، ماتھے سے پورے سر پر
pain, forehead, extending, parietal bone, to	3	PAIN, forehead, extending, parietal bone, to	=درد، ماتھے سے سر کی پہلو کی ہڈی تک
pain, forehead, extending, shoulder, to	3	PAIN, forehead, extending, shoulder, to	=درد، ماتھے سے کندھے تک
pain, forehead, extending, temples, to	3	PAIN, forehead, extending, temples, to	=درد، ماتھے سے کنپٹیوں تک
pain, forehead, extending, vertex, to	3	PAIN, forehead, extending, vertex, to	=درد، ماتھے سے چوٹی تک
pain, forehead, eyes	2	PAIN, forehead, eyes	=درد، ماتھے میں، آنکھیں
pain, forehead, eyes, above	3	PAIN, forehead, eyes, above	=درد، آنکھوں کے اوپر
pain, forehead, eyes, above, afternoon	4	PAIN, forehead, eyes, above, afternoon	=درد، آنکھوں کے اوپر، سہ پہر
pain, forehead, eyes, above, afternoon, 1 p.m.	5	PAIN, forehead, eyes, above, afternoon, 1 p.m.	=درد، آنکھوں کے اوپر، سہ پہر 1 بجے
pain, forehead, eyes, above, afternoon, 3 p.m.	5	PAIN, forehead, eyes, above, afternoon, 3 p.m.	=درد، آنکھوں کے اوپر، سہ پہر 3 بجے
pain, forehead, eyes, above, afternoon, 4 p.m.	5	PAIN, forehead, eyes, above, afternoon, 4 p.m.	=درد، آنکھوں کے اوپر، سہ پہر 4 بجے
pain, forehead, eyes, above, afternoon, motion	5	PAIN, forehead, eyes, above, afternoon, motion	=درد، آنکھوں کے اوپر، سہ پہر حرکت سے
pain, forehead, eyes, above, air	4	PAIN, forehead, eyes, above, air	=درد، آنکھوں کے اوپر، ہوا
pain, forehead, eyes, above, air, cold, in	5	PAIN, forehead, eyes, above, air, cold, in	=درد، آنکھوں کے اوپر، ٹھنڈی ہوا میں
pain, forehead, eyes, above, air, open	5	PAIN, forehead, eyes, above, air, open	=درد، آنکھوں کے اوپر، کھلی ہوا
pain, forehead, eyes, above, air, open, amel.	6	PAIN, forehead, eyes, above, air, open, amel.	=درد، آنکھوں کے اوپر، کھلی ہوا میں آرام
pain, forehead, eyes, above, air, open, in agg.	6	PAIN, forehead, eyes, above, air, open, in agg.	=درد، آنکھوں کے اوپر، کھلی ہوا میں بگاڑ
pain, forehead, eyes, above, alternating sides	4	PAIN, forehead, eyes, above, alternating sides	=درد، آنکھوں کے اوپر، باری باری دونوں طرف
pain, forehead, eyes, above, bed, on going to	4	PAIN, forehead, eyes, above, bed, on going to	=درد، آنکھوں کے اوپر، بستر پر جاتے وقت
pain, forehead, eyes, above, breakfast, after	4	PAIN, forehead, eyes, above, breakfast, after	=درد، آنکھوں کے اوپر، ناشتے کے بعد
pain, forehead, eyes, above, close the eyes, compels him to	4	PAIN, forehead, eyes, above, close the eyes, compels him to	=درد، آنکھوں کے اوپر، آنکھیں بند کرنے پر مجبور کرے
pain, forehead, eyes, above, coition, after	4	PAIN, forehead, eyes, above, coition, after	=درد، آنکھوں کے اوپر، مباشرت کے بعد
pain, forehead, eyes, above, cold applications amel.	4	PAIN, forehead, eyes, above, cold applications amel.	=درد، آنکھوں کے اوپر، ٹھنڈی پٹیوں سے آرام
pain, forehead, eyes, above, cold damp weather	4	PAIN, forehead, eyes, above, cold damp weather	=درد، آنکھوں کے اوپر، سرد نم موسم میں
pain, forehead, eyes, above, cold dry wind	4	PAIN, forehead, eyes, above, cold dry wind	=درد، آنکھوں کے اوپر، سرد خشک ہوا سے
pain, forehead, eyes, above, contraction of brow	4	PAIN, forehead, eyes, above, contraction of brow	=درد، آنکھوں کے اوپر، بھنویں سکیڑنے سے
pain, forehead, eyes, above, coughing, after	4	PAIN, forehead, eyes, above, coughing, after	=درد، آنکھوں کے اوپر، کھانسنے کے بعد
pain, forehead, eyes, above, dark, in the	4	PAIN, forehead, eyes, above, dark, in the	=درد، آنکھوں کے اوپر، اندھیرے میں
pain, forehead, eyes, above, daytime	4	PAIN, forehead, eyes, above, daytime	=درد، آنکھوں کے اوپر، دن کے وقت
pain, forehead, eyes, above, eating	4	PAIN, forehead, eyes, above, eating	=درد، آنکھوں کے اوپر، کھانا
pain, forehead, eyes, above, eating, after	5	PAIN, forehead, eyes, above, eating, after	=درد، آنکھوں کے اوپر، کھانے کے بعد
pain, forehead, eyes, above, eating, amel.	5	PAIN, forehead, eyes, above, eating, amel.	=درد، آنکھوں کے اوپر، کھانے سے آرام
pain, forehead, eyes, above, evening	4	PAIN, forehead, eyes, above, evening	=درد، آنکھوں کے اوپر، شام
pain, forehead, eyes, above, evening, 6 p.m.	5	PAIN, forehead, eyes, above, evening, 6 p.m.	=درد، آنکھوں کے اوپر، شام 6 بجے
pain, forehead, eyes, above, evening, 8 p.m.	5	PAIN, forehead, eyes, above, evening, 8 p.m.	=درد، آنکھوں کے اوپر، رات 8 بجے
pain, forehead, eyes, above, evening, 9 p.m.	5	PAIN, forehead, eyes, above, evening, 9 p.m.	=درد، آنکھوں کے اوپر، رات 9 بجے
pain, forehead, eyes, above, evening, reading, while	5	PAIN, forehead, eyes, above, evening, reading, while	=درد، آنکھوں کے اوپر، شام پڑھتے ہوئے
pain, forehead, eyes, above, extending to ear	4	PAIN, forehead, eyes, above, extending to ear	=درد، آنکھوں کے اوپر سے کان تک
pain, forehead, eyes, above, extending	4	PAIN, forehead, eyes, above, extending	=درد، آنکھوں کے اوپر سے پھیلتا ہوا
pain, forehead, eyes, above, extending, eyes, to	5	PAIN, forehead, eyes, above, extending, eyes, to	=درد، آنکھوں کے اوپر سے آنکھوں تک
pain, forehead, eyes, above, extending, face, to	5	PAIN, forehead, eyes, above, extending, face, to	=درد، آنکھوں کے اوپر سے چہرے تک
pain, forehead, eyes, above, extending, head, to	5	PAIN, forehead, eyes, above, extending, head, to	=درد، آنکھوں کے اوپر سے سر تک
pain, forehead, eyes, above, extending, nose, to	5	PAIN, forehead, eyes, above, extending, nose, to	=درد، آنکھوں کے اوپر سے ناک تک
pain, forehead, eyes, above, extending, occiput, to	5	PAIN, forehead, eyes, above, extending, occiput, to	=درد، آنکھوں کے اوپر سے گدی تک
pain, forehead, eyes, above, extending, outward	5	PAIN, forehead, eyes, above, extending, outward	=درد، آنکھوں کے اوپر سے باہر کی طرف
pain, forehead, eyes, above, extending, root of nose, to	5	PAIN, forehead, eyes, above, extending, root of nose, to	=درد، آنکھوں کے اوپر سے ناک کی جڑ تک
pain, forehead, eyes, above, extending, temples, to	5	PAIN, forehead, eyes, above, extending, temples, to	=درد، آنکھوں کے اوپر سے کنپٹیوں تک
pain, forehead, eyes, above, extending, vertex, to	5	PAIN, forehead, eyes, above, extending, vertex, to	=درد، آنکھوں کے اوپر سے چوٹی تک
pain, forehead, eyes, above, forenoon	4	PAIN, forehead, eyes, above, forenoon	=درد، آنکھوں کے اوپر، دوپہر سے پہلے
pain, forehead, eyes, above, forenoon, 10 a.m.	5	PAIN, forehead, eyes, above, forenoon, 10 a.m.	=درد، آنکھوں کے اوپر، صبح 10 بجے
pain, forehead, eyes, above, forenoon, 10 a.m. to 4 p.m.	5	PAIN, forehead, eyes, above, forenoon, 10 a.m. to 4 p.m.	=درد، آنکھوں کے اوپر، صبح 10 سے سہ پہر 4 بجے تک
pain, forehead, eyes, above, forenoon, 11 a.m.	5	PAIN, forehead, eyes, above, forenoon, 11 a.m.	=درد، آنکھوں کے اوپر، صبح 11 بجے
pain, forehead, eyes, above, forenoon, 8 a.m.	5	PAIN, forehead, eyes, above, forenoon, 8 a.m.	=درد، آنکھوں کے اوپر، صبح 8 بجے
pain, forehead, eyes, above, forenoon, 9 a.m.	5	PAIN, forehead, eyes, above, forenoon, 9 a.m.	=درد، آنکھوں کے اوپر، صبح 9 بجے
pain, forehead, eyes, above, forenoon, 9 a.m. until 3 p.m.	5	PAIN, forehead, eyes, above, forenoon, 9 a.m. until 3 p.m.	=درد، آنکھوں کے اوپر، صبح 9 سے سہ پہر 3 بجے تک
pain, forehead, eyes, above, forenoon, walking, while	5	PAIN, forehead, eyes, above, forenoon, walking, while	=درد، آنکھوں کے اوپر، دوپہر سے پہلے چلتے ہوئے
pain, forehead, eyes, above, heat of stove agg.	4	PAIN, forehead, eyes, above, heat of stove agg.	=درد، آنکھوں کے اوپر، چولہے کی گرمی سے بگاڑ
pain, forehead, eyes, above, left	4	PAIN, forehead, eyes, above, left	=درد، بائیں آنکھ کے اوپر
pain, forehead, eyes, above, left, coition, after	5	PAIN, forehead, eyes, above, left, coition, after	=درد، بائیں آنکھ کے اوپر، مباشرت کے بعد
pain, forehead, eyes, above, left, extending over whole forehead, increasing and decreasing gradually	5	PAIN, forehead, eyes, above, left, extending over whole forehead, increasing and decreasing gradually	=درد، بائیں آنکھ کے اوپر، پورے ماتھے پر پھیلے، آہستہ آہستہ بڑھے اور گھٹے
pain, forehead, eyes, above, left, extending to occiput and finally over whole body	5	PAIN, forehead, eyes, above, left, extending to occiput and finally over whole body	=درد، بائیں آنکھ کے اوپر، گدی تک اور آخر میں پورے جسم پر پھیلے
pain, forehead, eyes, above, left, extending, vertex, to	5	PAIN, forehead, eyes, above, left, extending, vertex, to	=درد، بائیں آنکھ کے اوپر سے چوٹی تک
pain, forehead, eyes, above, left, lying on left side amel.	5	PAIN, forehead, eyes, above, left, lying on left side amel.	=درد، بائیں آنکھ کے اوپر، بائیں پہلو لیٹنے سے آرام
pain, forehead, eyes, above, left, periodical	5	PAIN, forehead, eyes, above, left, periodical	=درد، بائیں آنکھ کے اوپر، وقفے وقفے سے
pain, forehead, eyes, above, left, then right	5	PAIN, forehead, eyes, above, left, then right	=درد، بائیں آنکھ کے اوپر، پھر دائیں
pain, forehead, eyes, above, light, from	4	PAIN, forehead, eyes, above, light, from	=درد، آنکھوں کے اوپر، روشنی سے
pain, forehead, eyes, above, looking at bright objects	4	PAIN, forehead, eyes, above, looking at bright objects	=درد، آنکھوں کے اوپر، چمکدار چیزیں دیکھنے سے
pain, forehead, eyes, above, looking	4	PAIN, forehead, eyes, above, looking	=درد، آنکھوں کے اوپر، دیکھنا
pain, forehead, eyes, above, looking, down	5	PAIN, forehead, eyes, above, looking, down	=درد، آنکھوں کے اوپر، نیچے دیکھنے پر
pain, forehead, eyes, above, looking, intently at anything	5	PAIN, forehead, eyes, above, looking, intently at anything	=درد، آنکھوں کے اوپر، کسی چیز کو غور سے دیکھنے پر
pain, forehead, eyes, above, lying down	4	PAIN, forehead, eyes, above, lying down	=درد، آنکھوں کے اوپر، لیٹنا
pain, forehead, eyes, above, lying down, after	5	PAIN, forehead, eyes, above, lying down, after	=درد، آنکھوں کے اوپر، لیٹنے کے بعد
pain, forehead, eyes, above, lying down, amel.	5	PAIN, forehead, eyes, above, lying down, amel.	=درد، آنکھوں کے اوپر، لیٹنے سے آرام
pain, forehead, eyes, above, menses	4	PAIN, forehead, eyes, above, menses	=درد، آنکھوں کے اوپر، حیض
pain, forehead, eyes, above, menses, after	5	PAIN, forehead, eyes, above, menses, after	=درد، آنکھوں کے اوپر، حیض کے بعد
pain, forehead, eyes, above, menses, before	5	PAIN, forehead, eyes, above, menses, before	=درد، آنکھوں کے اوپر، حیض سے پہلے
pain, forehead, eyes, above, menses, during agg.	5	PAIN, forehead, eyes, above, menses, during agg.	=درد، آنکھوں کے اوپر، حیض کے دوران بگاڑ
pain, forehead, eyes, above, menses, during, amel.	5	PAIN, forehead, eyes, above, menses, during, amel.	=درد، آنکھوں کے اوپر، حیض کے دوران آرام
pain, forehead, eyes, above, mental exertion, during	4	PAIN, forehead, eyes, above, mental exertion, during	=درد، آنکھوں کے اوپر، ذہنی محنت کے دوران
pain, forehead, eyes, above, morning	4	PAIN, forehead, eyes, above, morning	=درد، آنکھوں کے اوپر، صبح
pain, forehead, eyes, above, morning, 4 a.m.	5	PAIN, forehead, eyes, above, morning, 4 a.m.	=درد، آنکھوں کے اوپر، رات 4 بجے
pain, forehead, eyes, above, morning, 6 a.m. to 12 a.m.	5	PAIN, forehead, eyes, above, morning, 6 a.m. to 12 a.m.	=درد، آنکھوں کے اوپر، صبح 6 سے دوپہر 12 بجے تک
pain, forehead, eyes, above, morning, in bed	5	PAIN, forehead, eyes, above, morning, in bed	=درد، آنکھوں کے اوپر، صبح بستر میں
pain, forehead, eyes, above, morning, until 4 p.m.	5	PAIN, forehead, eyes, above, morning, until 4 p.m.	=درد، آنکھوں کے اوپر، صبح سے سہ پہر 4 بجے تک
pain, forehead, eyes, above, motion	4	PAIN, forehead, eyes, above, motion	=درد، آنکھوں کے اوپر، حرکت
pain, forehead, eyes, above, motion, amel.	5	PAIN, forehead, eyes, above, motion, amel.	=درد، آنکھوں کے اوپر، حرکت سے آرام
pain, forehead, eyes, above, motion, during agg.	5	PAIN, forehead, eyes, above, motion, during agg.	=درد، آنکھوں کے اوپر، حرکت کے دوران بگاڑ
pain, forehead, eyes, above, narrow line, in a	4	PAIN, forehead, eyes, above, narrow line, in a	=درد، آنکھوں کے اوپر، ایک پتلی لکیر میں
pain, forehead, eyes, above, night	4	PAIN, forehead, eyes, above, night	=درد، آنکھوں کے اوپر، رات
pain, forehead, eyes, above, night, midnight	5	PAIN, forehead, eyes, above, night, midnight	=درد، آنکھوں کے اوپر، آدھی رات
pain, forehead, eyes, above, noise	4	PAIN, forehead, eyes, above, noise	=درد، آنکھوں کے اوپر، شور سے
pain, forehead, eyes, above, noon	4	PAIN, forehead, eyes, above, noon	=درد، آنکھوں کے اوپر، دوپہر
pain, forehead, eyes, above, numbness, followed by	4	PAIN, forehead, eyes, above, numbness, followed by	=درد، آنکھوں کے اوپر، بعد میں سن پن
pain, forehead, eyes, above, periodical	4	PAIN, forehead, eyes, above, periodical	=درد، آنکھوں کے اوپر، وقفے وقفے سے
pain, forehead, eyes, above, pressure amel.	4	PAIN, forehead, eyes, above, pressure amel.	=درد، آنکھوں کے اوپر، دبانے سے آرام
pain, forehead, eyes, above, pulsating	4	PAIN, forehead, eyes, above, pulsating	=درد، آنکھوں کے اوپر، دھڑکتا ہوا
pain, forehead, eyes, above, reading	4	PAIN, forehead, eyes, above, reading	=درد، آنکھوں کے اوپر، پڑھنے سے
pain, forehead, eyes, above, right	4	PAIN, forehead, eyes, above, right	=درد، دائیں آنکھ کے اوپر
pain, forehead, eyes, above, right, then left	5	PAIN, forehead, eyes, above, right, then left	=درد، دائیں آنکھ کے اوپر، پھر بائیں
pain, forehead, eyes, above, sewing, while	4	PAIN, forehead, eyes, above, sewing, while	=درد، آنکھوں کے اوپر، سلائی کرتے ہوئے
pain, forehead, eyes, above, sitting, while	4	PAIN, forehead, eyes, above, sitting, while	=درد، آنکھوں کے اوپر، بیٹھے ہوئے
pain, forehead, eyes, above, sleep amel.	4	PAIN, forehead, eyes, above, sleep amel.	=درد، آنکھوں کے اوپر، نیند سے آرام
pain, forehead, eyes, above, sneezing, when	4	PAIN, forehead, eyes, above, sneezing, when	=درد، آنکھوں کے اوپر، چھینکتے وقت
pain, forehead, eyes, above, standing amel.	4	PAIN, forehead, eyes, above, standing amel.	=درد، آنکھوں کے اوپر، کھڑے ہونے سے آرام
pain, forehead, eyes, above, stooping, when	4	PAIN, forehead, eyes, above, stooping, when	=درد، آنکھوں کے اوپر، جھکنے پر
pain, forehead, eyes, above, sudden	4	PAIN, forehead, eyes, above, sudden	=درد، آنکھوں کے اوپر، اچانک
pain, forehead, eyes, above, supper, during	4	PAIN, forehead, eyes, above, supper, during	=درد، آنکھوں کے اوپر، رات کے کھانے کے دوران
pain, forehead, eyes, above, waking, on	4	PAIN, forehead, eyes, above, waking, on	=درد، آنکھوں کے اوپر، جاگنے پر
pain, forehead, eyes, above, walking	4	PAIN, forehead, eyes, above, walking	=درد، آنکھوں کے اوپر، چلنا
pain, forehead, eyes, above, walking, amel.	5	PAIN, forehead, eyes, above, walking, amel.	=درد، آنکھوں کے اوپر، چلنے سے آرام
pain, forehead, eyes, above, walking, in open air, amel.	5	PAIN, forehead, eyes, above, walking, in open air, amel.	=درد، آنکھوں کے اوپر، کھلی ہوا میں چلنے سے آرام
pain, forehead, eyes, above, walking, while agg.	5	PAIN, forehead, eyes, above, walking, while agg.	=درد، آنکھوں کے اوپر، چلتے ہوئے بگاڑ
pain, forehead, eyes, above, warm applications amel.	4	PAIN, forehead, eyes, above, warm applications amel.	=درد، آنکھوں کے اوپر، گرم پٹیوں سے آرام
pain, forehead, eyes, above, warm room	4	PAIN, forehead, eyes, above, warm room	=درد، آنکھوں کے اوپر، گرم کمرے میں
pain, forehead, eyes, above, warmth	4	PAIN, forehead, eyes, above, warmth	=درد، آنکھوں کے اوپر، گرمائش سے
pain, forehead, eyes, behind	3	PAIN, forehead, eyes, behind	=درد، آنکھوں کے پیچھے
pain, forehead, eyes, behind, between	4	PAIN, forehead, eyes, behind, between	=درد، آنکھوں کے پیچھے، دونوں کے بیچ
pain, forehead, eyes, behind, extending to upper jaw	4	PAIN, forehead, eyes, behind, extending to upper jaw	=درد، آنکھوں کے پیچھے سے اوپر کے جبڑے تک
pain, forehead, fire, near a	2	PAIN, forehead, fire, near a	=درد، ماتھے میں، آگ کے پاس
pain, forehead, foot-steps	2	PAIN, forehead, foot-steps	=درد، ماتھے میں، قدموں کی آواز سے
pain, forehead, forenoon agg.	2	PAIN, forehead, forenoon agg.	=درد، ماتھے میں، دوپہر سے پہلے بگاڑ
pain, forehead, forenoon	2	PAIN, forehead, forenoon	=درد، ماتھے میں، دوپہر سے پہلے
pain, forehead, forenoon, 10 a.m.	3	PAIN, forehead, forenoon, 10 a.m.	=درد، ماتھے میں، صبح 10 بجے
pain, forehead, forenoon, amel.	3	PAIN, forehead, forenoon, amel.	=درد، ماتھے میں، دوپہر سے پہلے آرام
pain, forehead, hammering in	2	PAIN, forehead, hammering in	=درد، ماتھے میں، ہتھوڑے جیسا
pain, forehead, hat, from the	2	PAIN, forehead, hat, from the	=درد، ماتھے میں، ٹوپی سے
pain, forehead, heat	2	PAIN, forehead, heat	=درد، ماتھے میں، گرمی
pain, forehead, heat, amel.	3	PAIN, forehead, heat, amel.	=درد، ماتھے میں، گرمائش سے آرام
pain, forehead, heat, during agg.	3	PAIN, forehead, heat, during agg.	=درد، ماتھے میں، بخار کی گرمی کے دوران بگاڑ
pain, forehead, in	2	PAIN, forehead, in	=درد، ماتھے کے اندر
pain, forehead, increase gradually	2	PAIN, forehead, increase gradually	=درد، ماتھے میں، آہستہ آہستہ بڑھے
pain, forehead, intermittent	2	PAIN, forehead, intermittent	=درد، ماتھے میں، وقفے وقفے سے
pain, forehead, laughing	2	PAIN, forehead, laughing	=درد، ماتھے میں، ہنسنے سے
pain, forehead, leaning forward sewing	2	PAIN, forehead, leaning forward sewing	=درد، ماتھے میں، آگے جھک کر سلائی کرنے سے
pain, forehead, left side	2	PAIN, forehead, left side	=درد، ماتھے کے بائیں حصے میں
pain, forehead, left	2	PAIN, forehead, left	=درد، ماتھے میں، بائیں طرف
pain, forehead, left, extending to occiput	3	PAIN, forehead, left, extending to occiput	=درد، ماتھے کے بائیں حصے سے گدی تک
pain, forehead, left, extending to right side	3	PAIN, forehead, left, extending to right side	=درد، ماتھے کے بائیں حصے سے دائیں طرف تک
pain, forehead, looking steadily	2	PAIN, forehead, looking steadily	=درد، ماتھے میں، ایک ٹک دیکھنے سے
pain, forehead, lying	2	PAIN, forehead, lying	=درد، ماتھے میں، لیٹنا
pain, forehead, lying, amel.	3	PAIN, forehead, lying, amel.	=درد، ماتھے میں، لیٹنے سے آرام
pain, forehead, lying, head low, with amel.	3	PAIN, forehead, lying, head low, with amel.	=درد، ماتھے میں، سر نیچا رکھ کر لیٹنے سے آرام
pain, forehead, lying, on back agg.	3	PAIN, forehead, lying, on back agg.	=درد، ماتھے میں، پیٹھ کے بل لیٹنے سے بگاڑ
pain, forehead, lying, on back, amel.	3	PAIN, forehead, lying, on back, amel.	=درد، ماتھے میں، پیٹھ کے بل لیٹنے سے آرام
pain, forehead, lying, on side amel.	3	PAIN, forehead, lying, on side amel.	=درد، ماتھے میں، پہلو پر لیٹنے سے آرام
pain, forehead, lying, on side	3	PAIN, forehead, lying, on side	=درد، ماتھے میں، پہلو پر لیٹنا
pain, forehead, lying, on side, left agg.	4	PAIN, forehead, lying, on side, left agg.	=درد، ماتھے میں، بائیں پہلو لیٹنے سے بگاڑ
pain, forehead, lying, on side, right amel.	4	PAIN, forehead, lying, on side, right amel.	=درد، ماتھے میں، دائیں پہلو لیٹنے سے آرام
pain, forehead, lying, while agg.	3	PAIN, forehead, lying, while agg.	=درد، ماتھے میں، لیٹے ہوئے بگاڑ
pain, forehead, menses	2	PAIN, forehead, menses	=درد، ماتھے میں، حیض
pain, forehead, menses, after	3	PAIN, forehead, menses, after	=درد، ماتھے میں، حیض کے بعد
pain, forehead, menses, at close of	3	PAIN, forehead, menses, at close of	=درد، ماتھے میں، حیض کے آخر میں
pain, forehead, menses, before	3	PAIN, forehead, menses, before	=درد، ماتھے میں، حیض سے پہلے
pain, forehead, menses, during	3	PAIN, forehead, menses, during	=درد، ماتھے میں، حیض کے دوران
pain, forehead, mental exertion	2	PAIN, forehead, mental exertion	=درد، ماتھے میں، ذہنی محنت سے
pain, forehead, middle	2	PAIN, forehead, middle	=درد، ماتھے کے بیچ میں
pain, forehead, middle, football, during	3	PAIN, forehead, middle, football, during	=درد، ماتھے کے بیچ میں، فٹ بال کھیلتے ہوئے
pain, forehead, middle, frontal sinuses from chronic coryza	3	PAIN, forehead, middle, frontal sinuses from chronic coryza	=درد، ماتھے کے بیچ میں، پرانے زکام سے ماتھے کے اندرونی خانوں (سائنس) میں
pain, forehead, middle, hammering	3	PAIN, forehead, middle, hammering	=درد، ماتھے کے بیچ میں، ہتھوڑے جیسا
pain, forehead, middle, hat agg.	3	PAIN, forehead, middle, hat agg.	=درد، ماتھے کے بیچ میں، ٹوپی سے بگاڑ
pain, forehead, middle, menses, before	3	PAIN, forehead, middle, menses, before	=درد، ماتھے کے بیچ میں، حیض سے پہلے
pain, forehead, middle, straining at stool	3	PAIN, forehead, middle, straining at stool	=درد، ماتھے کے بیچ میں، پاخانے پر زور لگاتے ہوئے
pain, forehead, middle, walking	3	PAIN, forehead, middle, walking	=درد، ماتھے کے بیچ میں، چلنا
pain, forehead, middle, walking, in open air	4	PAIN, forehead, middle, walking, in open air	=درد، ماتھے کے بیچ میں، کھلی ہوا میں چلتے ہوئے
pain, forehead, middle, walking, while	4	PAIN, forehead, middle, walking, while	=درد، ماتھے کے بیچ میں، چلتے ہوئے
pain, forehead, morning agg.	2	PAIN, forehead, morning agg.	=درد، ماتھے میں، صبح بگاڑ
pain, forehead, morning	2	PAIN, forehead, morning	=درد، ماتھے میں، صبح
pain, forehead, morning, 6 a.m.	3	PAIN, forehead, morning, 6 a.m.	=درد، ماتھے میں، صبح 6 بجے
pain, forehead, morning, amel.	3	PAIN, forehead, morning, amel.	=درد، ماتھے میں، صبح آرام
pain, forehead, morning, bed, in	3	PAIN, forehead, morning, bed, in	=درد، ماتھے میں، صبح بستر میں
pain, forehead, morning, every other morning lasting all day	3	PAIN, forehead, morning, every other morning lasting all day	=درد، ماتھے میں، ہر دوسری صبح، سارا دن رہے
pain, forehead, morning, rising	3	PAIN, forehead, morning, rising	=درد، ماتھے میں، صبح اٹھنا
pain, forehead, morning, rising, amel.	4	PAIN, forehead, morning, rising, amel.	=درد، ماتھے میں، صبح اٹھنے سے آرام
pain, forehead, morning, rising, on agg.	4	PAIN, forehead, morning, rising, on agg.	=درد، ماتھے میں، صبح اٹھنے پر بگاڑ
pain, forehead, morning, waking, on	3	PAIN, forehead, morning, waking, on	=درد، ماتھے میں، صبح جاگنے پر
pain, forehead, motion	2	PAIN, forehead, motion	=درد، ماتھے میں، حرکت
pain, forehead, motion, amel.	3	PAIN, forehead, motion, amel.	=درد، ماتھے میں، حرکت سے آرام
pain, forehead, motion, eyelids, of	3	PAIN, forehead, motion, eyelids, of	=درد، ماتھے میں، پلکیں ہلانے پر
pain, forehead, motion, eyes of the	3	PAIN, forehead, motion, eyes of the	=درد، ماتھے میں، آنکھیں ہلانے پر
pain, forehead, motion, hands of	3	PAIN, forehead, motion, hands of	=درد، ماتھے میں، ہاتھ ہلانے پر
pain, forehead, motion, must move the head to and fro	3	PAIN, forehead, motion, must move the head to and fro	=درد، ماتھے میں، سر آگے پیچھے ہلانا پڑے
pain, forehead, motion, on agg.	3	PAIN, forehead, motion, on agg.	=درد، ماتھے میں، حرکت پر بگاڑ
pain, forehead, motion, rapid	3	PAIN, forehead, motion, rapid	=درد، ماتھے میں، تیز حرکت سے
pain, forehead, night agg.	2	PAIN, forehead, night agg.	=درد، ماتھے میں، رات کو بگاڑ
pain, forehead, night	2	PAIN, forehead, night	=درد، ماتھے میں، رات
pain, forehead, night, amel.	3	PAIN, forehead, night, amel.	=درد، ماتھے میں، رات کو آرام
pain, forehead, night, midnight	3	PAIN, forehead, night, midnight	=درد، ماتھے میں، آدھی رات
pain, forehead, night, midnight, after	4	PAIN, forehead, night, midnight, after	=درد، ماتھے میں، آدھی رات کے بعد
pain, forehead, night, midnight, after 2 a.m.	4	PAIN, forehead, night, midnight, after 2 a.m.	=درد، ماتھے میں، رات 2 بجے کے بعد
pain, forehead, night, midnight, until morning	4	PAIN, forehead, night, midnight, until morning	=درد، ماتھے میں، آدھی رات سے صبح تک
pain, forehead, night, waking, on	3	PAIN, forehead, night, waking, on	=درد، ماتھے میں، رات جاگنے پر
pain, forehead, noise	2	PAIN, forehead, noise	=درد، ماتھے میں، شور سے
pain, forehead, noon	2	PAIN, forehead, noon	=درد، ماتھے میں، دوپہر
pain, forehead, nose, above root of	2	PAIN, forehead, nose, above root of	=درد، ناک کی جڑ کے اوپر
pain, forehead, nose, above root of, evening	3	PAIN, forehead, nose, above root of, evening	=درد، ناک کی جڑ کے اوپر، شام
pain, forehead, nose, above root of, left half	3	PAIN, forehead, nose, above root of, left half	=درد، ناک کی جڑ کے اوپر، بائیں آدھے حصے میں
pain, forehead, nose, above root of, menses, during	3	PAIN, forehead, nose, above root of, menses, during	=درد، ناک کی جڑ کے اوپر، حیض کے دوران
pain, forehead, nose, above root of, night	3	PAIN, forehead, nose, above root of, night	=درد، ناک کی جڑ کے اوپر، رات
pain, forehead, nose, above root of, pulsating	3	PAIN, forehead, nose, above root of, pulsating	=درد، ناک کی جڑ کے اوپر، دھڑکتا ہوا
pain, forehead, odors, strong	2	PAIN, forehead, odors, strong	=درد، ماتھے میں، تیز بو سے
pain, forehead, paroxysmal	2	PAIN, forehead, paroxysmal	=درد، ماتھے میں، دوروں کی شکل میں
pain, forehead, periodic	2	PAIN, forehead, periodic	=درد، ماتھے میں، وقفے وقفے سے، باقاعدہ
pain, forehead, periodic, on alternate days	3	PAIN, forehead, periodic, on alternate days	=درد، ماتھے میں، ایک دن چھوڑ کر
pain, forehead, pressure agg.	2	PAIN, forehead, pressure agg.	=درد، ماتھے میں، دبانے سے بگاڑ
pain, forehead, pressure, amel.	2	PAIN, forehead, pressure, amel.	=درد، ماتھے میں، دبانے سے آرام
pain, forehead, pulsating	2	PAIN, forehead, pulsating	=درد، ماتھے میں، دھڑکتا ہوا
pain, forehead, reading	2	PAIN, forehead, reading	=درد، ماتھے میں، پڑھنا
pain, forehead, reading, by candle light	3	PAIN, forehead, reading, by candle light	=درد، ماتھے میں، موم بتی کی روشنی میں پڑھنے سے
pain, forehead, reading, while	3	PAIN, forehead, reading, while	=درد، ماتھے میں، پڑھتے ہوئے
pain, forehead, riding in a carriage agg.	2	PAIN, forehead, riding in a carriage agg.	=درد، ماتھے میں، گاڑی میں سواری سے بگاڑ
pain, forehead, riding in a carriage	2	PAIN, forehead, riding in a carriage	=درد، ماتھے میں، گاڑی میں سواری
pain, forehead, riding in a carriage, amel.	3	PAIN, forehead, riding in a carriage, amel.	=درد، ماتھے میں، گاڑی میں سواری سے آرام
pain, forehead, riding in a carriage, in cold wind	3	PAIN, forehead, riding in a carriage, in cold wind	=درد، ماتھے میں، ٹھنڈی ہوا میں گاڑی کی سواری سے
pain, forehead, right side	2	PAIN, forehead, right side	=درد، ماتھے کے دائیں حصے میں
pain, forehead, right	2	PAIN, forehead, right	=درد، ماتھے میں، دائیں طرف
pain, forehead, right, afternoon	3	PAIN, forehead, right, afternoon	=درد، ماتھے میں، دائیں طرف، سہ پہر
pain, forehead, right, evening	3	PAIN, forehead, right, evening	=درد، ماتھے میں، دائیں طرف، شام
pain, forehead, right, extending to cheek	3	PAIN, forehead, right, extending to cheek	=درد، ماتھے کے دائیں حصے سے گال تک
pain, forehead, right, extending to left side	3	PAIN, forehead, right, extending to left side	=درد، ماتھے کے دائیں حصے سے بائیں طرف تک
pain, forehead, right, extending to occiput, through head	3	PAIN, forehead, right, extending to occiput, through head	=درد، ماتھے کے دائیں حصے سے سر کے آر پار گدی تک
pain, forehead, right, forenoon	3	PAIN, forehead, right, forenoon	=درد، ماتھے میں، دائیں طرف، دوپہر سے پہلے
pain, forehead, right, morning on waking	3	PAIN, forehead, right, morning on waking	=درد، ماتھے میں، دائیں طرف، صبح جاگنے پر
pain, forehead, right, night	3	PAIN, forehead, right, night	=درد، ماتھے میں، دائیں طرف، رات
pain, forehead, rising	2	PAIN, forehead, rising	=درد، ماتھے میں، اٹھنا
pain, forehead, rising, after	3	PAIN, forehead, rising, after	=درد، ماتھے میں، اٹھنے کے بعد
pain, forehead, rising, amel.	3	PAIN, forehead, rising, amel.	=درد، ماتھے میں، اٹھنے سے آرام
pain, forehead, rising, from stooping	3	PAIN, forehead, rising, from stooping	=درد، ماتھے میں، جھک کر سیدھا ہونے پر
pain, forehead, room	2	PAIN, forehead, room	=درد، ماتھے میں، کمرہ
pain, forehead, room, in a agg.	3	PAIN, forehead, room, in a agg.	=درد، ماتھے میں، کمرے میں بگاڑ
pain, forehead, room, in a, amel.	3	PAIN, forehead, room, in a, amel.	=درد، ماتھے میں، کمرے میں آرام
pain, forehead, room, warm agg.	3	PAIN, forehead, room, warm agg.	=درد، ماتھے میں، گرم کمرے میں بگاڑ
pain, forehead, room, warm, amel.	3	PAIN, forehead, room, warm, amel.	=درد، ماتھے میں، گرم کمرے میں آرام
pain, forehead, rubbing amel.	2	PAIN, forehead, rubbing amel.	=درد، ماتھے میں، ملنے سے آرام
pain, forehead, sewing, from	2	PAIN, forehead, sewing, from	=درد، ماتھے میں، سلائی سے
pain, forehead, shaking the head	2	PAIN, forehead, shaking the head	=درد، ماتھے میں، سر ہلانے پر
pain, forehead, sitting	2	PAIN, forehead, sitting	=درد، ماتھے میں، بیٹھنا
pain, forehead, sitting, amel.	3	PAIN, forehead, sitting, amel.	=درد، ماتھے میں، بیٹھنے سے آرام
pain, forehead, sitting, while agg.	3	PAIN, forehead, sitting, while agg.	=درد، ماتھے میں، بیٹھے ہوئے بگاڑ
pain, forehead, sleep	2	PAIN, forehead, sleep	=درد، ماتھے میں، نیند
pain, forehead, sleep, after agg.	3	PAIN, forehead, sleep, after agg.	=درد، ماتھے میں، نیند کے بعد بگاڑ
pain, forehead, sleep, after, amel.	3	PAIN, forehead, sleep, after, amel.	=درد، ماتھے میں، نیند کے بعد آرام
pain, forehead, smoking, from	2	PAIN, forehead, smoking, from	=درد، ماتھے میں، تمباکو نوشی سے
pain, forehead, sneezing	2	PAIN, forehead, sneezing	=درد، ماتھے میں، چھینک سے
pain, forehead, standing	2	PAIN, forehead, standing	=درد، ماتھے میں، کھڑا ہونا
pain, forehead, standing, amel.	3	PAIN, forehead, standing, amel.	=درد، ماتھے میں، کھڑے ہونے سے آرام
pain, forehead, standing, while agg.	3	PAIN, forehead, standing, while agg.	=درد، ماتھے میں، کھڑے ہوئے بگاڑ
pain, forehead, stepping	2	PAIN, forehead, stepping	=درد، ماتھے میں، قدم رکھنے پر
pain, forehead, stool	2	PAIN, forehead, stool	=درد، ماتھے میں، پاخانہ
pain, forehead, stool, after	3	PAIN, forehead, stool, after	=درد، ماتھے میں، پاخانے کے بعد
pain, forehead, stool, during	3	PAIN, forehead, stool, during	=درد، ماتھے میں، پاخانے کے دوران
pain, forehead, stooping	2	PAIN, forehead, stooping	=درد، ماتھے میں، جھکنا
pain, forehead, stooping, amel.	3	PAIN, forehead, stooping, amel.	=درد، ماتھے میں، جھکنے سے آرام
pain, forehead, stooping, from agg.	3	PAIN, forehead, stooping, from agg.	=درد، ماتھے میں، جھکنے سے بگاڑ
pain, forehead, sunlight	2	PAIN, forehead, sunlight	=درد، ماتھے میں، دھوپ سے
pain, forehead, talking	2	PAIN, forehead, talking	=درد، ماتھے میں، باتیں کرنے سے
pain, forehead, touch agg.	2	PAIN, forehead, touch agg.	=درد، ماتھے میں، چھونے سے بگاڑ
pain, forehead, touch, amel.	2	PAIN, forehead, touch, amel.	=درد، ماتھے میں، چھونے سے آرام
pain, forehead, turning eyes upward	2	PAIN, forehead, turning eyes upward	=درد، ماتھے میں، آنکھیں اوپر گھمانے پر
pain, forehead, turning head	2	PAIN, forehead, turning head	=درد، ماتھے میں، سر گھمانا
pain, forehead, turning head, quickly	3	PAIN, forehead, turning head, quickly	=درد، ماتھے میں، سر جلدی گھمانے پر
pain, forehead, turning head, to right	3	PAIN, forehead, turning head, to right	=درد، ماتھے میں، سر دائیں گھمانے پر
pain, forehead, using eyes	2	PAIN, forehead, using eyes	=درد، ماتھے میں، آنکھوں سے کام لینے پر
pain, forehead, walking in open air	2	PAIN, forehead, walking in open air	=درد، ماتھے میں، کھلی ہوا میں چلنا
pain, forehead, walking in open air, amel.	3	PAIN, forehead, walking in open air, amel.	=درد، ماتھے میں، کھلی ہوا میں چلنے سے آرام
pain, forehead, walking in open air, while agg.	3	PAIN, forehead, walking in open air, while agg.	=درد، ماتھے میں، کھلی ہوا میں چلتے ہوئے بگاڑ
pain, forehead, walking	2	PAIN, forehead, walking	=درد، ماتھے میں، چلنا
pain, forehead, walking, amel.	3	PAIN, forehead, walking, amel.	=درد، ماتھے میں، چلنے سے آرام
pain, forehead, walking, while agg.	3	PAIN, forehead, walking, while agg.	=درد، ماتھے میں، چلتے ہوئے بگاڑ
pain, forehead, wandering	2	PAIN, forehead, wandering	=درد، ماتھے میں، گھومتا پھرتا
pain, forehead, warm applications amel.	2	PAIN, forehead, warm applications amel.	=درد، ماتھے میں، گرم پٹیوں سے آرام
pain, forehead, warmth, in	2	PAIN, forehead, warmth, in	=درد، ماتھے میں، گرمائش میں
pain, forehead, waves of pain	2	PAIN, forehead, waves of pain	=درد، ماتھے میں، لہروں کی صورت
pain, forehead, weight of the hat	2	PAIN, forehead, weight of the hat	=درد، ماتھے میں، ٹوپی کے وزن سے
pain, forehead, wet feet, from	2	PAIN, forehead, wet feet, from	=درد، ماتھے میں، پاؤں بھیگنے سے
pain, forehead, wind, cold	2	PAIN, forehead, wind, cold	=درد، ماتھے میں، ٹھنڈی ہوا (آندھی) سے
pain, forehead, wine, after	2	PAIN, forehead, wine, after	=درد، ماتھے میں، شراب کے بعد
pain, forehead, wrinkling forehead agg.	2	PAIN, forehead, wrinkling forehead agg.	=درد، ماتھے میں، ماتھے پر شکنیں ڈالنے سے بگاڑ
pain, forehead, wrinkling forehead, amel.	2	PAIN, forehead, wrinkling forehead, amel.	=درد، ماتھے میں، ماتھے پر شکنیں ڈالنے سے آرام
pain, forehead, writing, while	2	PAIN, forehead, writing, while	=درد، ماتھے میں، لکھتے ہوئے
pain, occiput	1	PAIN, occiput	گدی میں
pain, occiput, afternoon	2	PAIN, occiput, afternoon	=درد، گدی میں، سہ پہر
pain, occiput, afternoon, 1 p.m.	3	PAIN, occiput, afternoon, 1 p.m.	=درد، گدی میں، سہ پہر 1 بجے
pain, occiput, afternoon, 3 p.m. to 6 p.m.	3	PAIN, occiput, afternoon, 3 p.m. to 6 p.m.	=درد، گدی میں، سہ پہر 3 سے شام 6 بجے تک
pain, occiput, afternoon, 4 p.m.	3	PAIN, occiput, afternoon, 4 p.m.	=درد، گدی میں، سہ پہر 4 بجے
pain, occiput, air	2	PAIN, occiput, air	=درد، گدی میں، ہوا
pain, occiput, air, open agg.	3	PAIN, occiput, air, open agg.	=درد، گدی میں، کھلی ہوا میں بگاڑ
pain, occiput, air, open, amel.	3	PAIN, occiput, air, open, amel.	=درد، گدی میں، کھلی ہوا میں آرام
pain, occiput, alternating with pain in forehead	2	PAIN, occiput, alternating with pain in forehead	=درد، گدی میں، باری باری ماتھے کے درد کے ساتھ
pain, occiput, alternating with pain in joints	2	PAIN, occiput, alternating with pain in joints	=درد، گدی میں، باری باری جوڑوں کے درد کے ساتھ
pain, occiput, alternating with pain in sacrum	2	PAIN, occiput, alternating with pain in sacrum	=درد، گدی میں، باری باری ریڑھ کے نچلے سرے کے درد کے ساتھ
pain, occiput, alternating with pain in temples	2	PAIN, occiput, alternating with pain in temples	=درد، گدی میں، باری باری کنپٹیوں کے درد کے ساتھ
pain, occiput, anger, from	2	PAIN, occiput, anger, from	=درد، گدی میں، غصے سے
pain, occiput, ascending steps	2	PAIN, occiput, ascending steps	=درد، گدی میں، سیڑھیاں چڑھتے ہوئے
pain, occiput, bandaging the head agg.	2	PAIN, occiput, bandaging the head agg.	=درد، گدی میں، سر باندھنے سے بگاڑ
pain, occiput, bandaging the head, amel.	2	PAIN, occiput, bandaging the head, amel.	=درد، گدی میں، سر باندھنے سے آرام
pain, occiput, bending head backward agg.	2	PAIN, occiput, bending head backward agg.	=درد، گدی میں، سر پیچھے جھکانے سے بگاڑ
pain, occiput, bending head backward, amel.	2	PAIN, occiput, bending head backward, amel.	=درد، گدی میں، سر پیچھے جھکانے سے آرام
pain, occiput, binding up hair	2	PAIN, occiput, binding up hair	=درد، گدی میں، بال باندھنے سے
pain, occiput, blindness, with	2	PAIN, occiput, blindness, with	=درد، گدی میں، اندھے پن کے ساتھ
pain, occiput, breakfast, after	2	PAIN, occiput, breakfast, after	=درد، گدی میں، ناشتے کے بعد
pain, occiput, chagrin, after	2	PAIN, occiput, chagrin, after	=درد، گدی میں، رنج و ندامت کے بعد
pain, occiput, chill, during	2	PAIN, occiput, chill, during	=درد، گدی میں، سردی لگنے کے دوران
pain, occiput, closing eyes agg.	2	PAIN, occiput, closing eyes agg.	=درد، گدی میں، آنکھیں بند کرنے سے بگاڑ
pain, occiput, closing eyes, amel.	2	PAIN, occiput, closing eyes, amel.	=درد، گدی میں، آنکھیں بند کرنے سے آرام
pain, occiput, coition, after	2	PAIN, occiput, coition, after	=درد، گدی میں، مباشرت کے بعد
pain, occiput, cold air agg.	2	PAIN, occiput, cold air agg.	=درد، گدی میں، ٹھنڈی ہوا سے بگاڑ
pain, occiput, cold air, amel.	2	PAIN, occiput, cold air, amel.	=درد، گدی میں، ٹھنڈی ہوا سے آرام
pain, occiput, cold application amel.	2	PAIN, occiput, cold application amel.	=درد، گدی میں، ٹھنڈی پٹی سے آرام
pain, occiput, coughing, on	2	PAIN, occiput, coughing, on	=درد، گدی میں، کھانستے وقت
pain, occiput, damp weather	2	PAIN, occiput, damp weather	=درد، گدی میں، نم موسم میں
pain, occiput, dark agg.	2	PAIN, occiput, dark agg.	=درد، گدی میں، اندھیرے میں بگاڑ
pain, occiput, dark, amel.	2	PAIN, occiput, dark, amel.	=درد، گدی میں، اندھیرے میں آرام
pain, occiput, daytime	2	PAIN, occiput, daytime	=درد، گدی میں، دن کے وقت
pain, occiput, drawing the eyes together	2	PAIN, occiput, drawing the eyes together	=درد، گدی میں، آنکھیں سکیڑنے پر
pain, occiput, eating, after	2	PAIN, occiput, eating, after	=درد، گدی میں، کھانے کے بعد
pain, occiput, emotions, from	2	PAIN, occiput, emotions, from	=درد، گدی میں، جذبات سے
pain, occiput, evening agg.	2	PAIN, occiput, evening agg.	=درد، گدی میں، شام کو بگاڑ
pain, occiput, evening	2	PAIN, occiput, evening	=درد، گدی میں، شام
pain, occiput, evening, amel.	3	PAIN, occiput, evening, amel.	=درد، گدی میں، شام کو آرام
pain, occiput, evening, bed, in	3	PAIN, occiput, evening, bed, in	=درد، گدی میں، شام بستر میں
pain, occiput, evening, gas light	3	PAIN, occiput, evening, gas light	=درد، گدی میں، شام گیس کی روشنی سے
pain, occiput, exercise amel.	2	PAIN, occiput, exercise amel.	=درد، گدی میں، ورزش سے آرام
pain, occiput, exertion, after	2	PAIN, occiput, exertion, after	=درد، گدی میں، محنت کے بعد
pain, occiput, extending down back	2	PAIN, occiput, extending down back	=درد، گدی سے کمر میں نیچے تک
pain, occiput, extending	2	PAIN, occiput, extending	=درد، گدی سے پھیلتا ہوا
pain, occiput, extending, chest, to	3	PAIN, occiput, extending, chest, to	=درد، گدی سے سینے تک
pain, occiput, extending, ears, to	3	PAIN, occiput, extending, ears, to	=درد، گدی سے کانوں تک
pain, occiput, extending, eyes, to	3	PAIN, occiput, extending, eyes, to	=درد، گدی سے آنکھوں تک
pain, occiput, extending, forehead, to	3	PAIN, occiput, extending, forehead, to	=درد، گدی سے ماتھے تک
pain, occiput, extending, forehead, to, in waves	4	PAIN, occiput, extending, forehead, to, in waves	=درد، گدی سے ماتھے تک، لہروں کی صورت
pain, occiput, extending, forward	3	PAIN, occiput, extending, forward	=درد، گدی سے آگے کی طرف
pain, occiput, extending, head, to	3	PAIN, occiput, extending, head, to	=درد، گدی سے سر تک
pain, occiput, extending, jaw	3	PAIN, occiput, extending, jaw	=درد، گدی سے جبڑا
pain, occiput, extending, jaw, lower, to	4	PAIN, occiput, extending, jaw, lower, to	=درد، گدی سے نچلے جبڑے تک
pain, occiput, extending, jaw, to	4	PAIN, occiput, extending, jaw, to	=درد، گدی سے جبڑے تک
pain, occiput, extending, nec, down back of neck	3	PAIN, occiput, extending, nec, down back of neck	=درد، گدی سے گردن کے پچھلے حصے میں نیچے تک
pain, occiput, extending, neck, to	3	PAIN, occiput, extending, neck, to	=درد، گدی سے گردن تک
pain, occiput, extending, nose, to	3	PAIN, occiput, extending, nose, to	=درد، گدی سے ناک تک
pain, occiput, extending, over whole head	3	PAIN, occiput, extending, over whole head	=درد، گدی سے پورے سر پر
pain, occiput, extending, right to left	3	PAIN, occiput, extending, right to left	=درد، گدی میں، دائیں سے بائیں
pain, occiput, extending, shoulders, to	3	PAIN, occiput, extending, shoulders, to	=درد، گدی سے کندھوں تک
pain, occiput, extending, shoulders, to, while lying on back	4	PAIN, occiput, extending, shoulders, to, while lying on back	=درد، گدی سے کندھوں تک، پیٹھ کے بل لیٹے ہوئے
pain, occiput, extending, temples, to	3	PAIN, occiput, extending, temples, to	=درد، گدی سے کنپٹیوں تک
pain, occiput, extending, throat, to	3	PAIN, occiput, extending, throat, to	=درد، گدی سے حلق تک
pain, occiput, extending, upward	3	PAIN, occiput, extending, upward	=درد، گدی سے اوپر کی طرف
pain, occiput, extending, vertex, to	3	PAIN, occiput, extending, vertex, to	=درد، گدی سے چوٹی تک
pain, occiput, fanning amel.	2	PAIN, occiput, fanning amel.	=درد، گدی میں، پنکھا جھلنے سے آرام
pain, occiput, fever, during	2	PAIN, occiput, fever, during	=درد، گدی میں، بخار کے دوران
pain, occiput, foreign body, as if	2	PAIN, occiput, foreign body, as if	=درد، گدی میں، جیسے کوئی باہری چیز ہو
pain, occiput, forenoon	2	PAIN, occiput, forenoon	=درد، گدی میں، دوپہر سے پہلے
pain, occiput, forenoon, 11 a.m.	3	PAIN, occiput, forenoon, 11 a.m.	=درد، گدی میں، صبح 11 بجے
pain, occiput, forenoon, mental exertion, after	3	PAIN, occiput, forenoon, mental exertion, after	=درد، گدی میں، دوپہر سے پہلے ذہنی محنت کے بعد
pain, occiput, forenoon, shaking head	3	PAIN, occiput, forenoon, shaking head	=درد، گدی میں، دوپہر سے پہلے سر ہلانے پر
pain, occiput, forenoon, sitting, while	3	PAIN, occiput, forenoon, sitting, while	=درد، گدی میں، دوپہر سے پہلے بیٹھے ہوئے
pain, occiput, grief, after	2	PAIN, occiput, grief, after	=درد، گدی میں، غم کے بعد
pain, occiput, hammering	2	PAIN, occiput, hammering	=درد، گدی میں، ہتھوڑے جیسا
pain, occiput, heat agg.	2	PAIN, occiput, heat agg.	=درد، گدی میں، گرمی سے بگاڑ
pain, occiput, heat, of stove	2	PAIN, occiput, heat, of stove	=درد، گدی میں، چولہے کی گرمی سے
pain, occiput, heated, from becoming	2	PAIN, occiput, heated, from becoming	=درد، گدی میں، گرم ہو جانے سے
pain, occiput, hot applications amel.	2	PAIN, occiput, hot applications amel.	=درد، گدی میں، گرم پٹیوں سے آرام
pain, occiput, indigestion, after	2	PAIN, occiput, indigestion, after	=درد، گدی میں، بدہضمی کے بعد
pain, occiput, jarring agg.	2	PAIN, occiput, jarring agg.	=درد، گدی میں، جھٹکے سے بگاڑ
pain, occiput, laughing agg.	2	PAIN, occiput, laughing agg.	=درد، گدی میں، ہنسنے سے بگاڑ
pain, occiput, leaning head back agg.	2	PAIN, occiput, leaning head back agg.	=درد، گدی میں، سر پیچھے ٹیکنے سے بگاڑ
pain, occiput, leaning head back, amel.	2	PAIN, occiput, leaning head back, amel.	=درد، گدی میں، سر پیچھے ٹیکنے سے آرام
pain, occiput, light amel.	2	PAIN, occiput, light amel.	=درد، گدی میں، روشنی سے آرام
pain, occiput, looking at bright objects	2	PAIN, occiput, looking at bright objects	=درد، گدی میں، چمکدار چیزیں دیکھنے سے
pain, occiput, lying	2	PAIN, occiput, lying	=درد، گدی میں، لیٹنا
pain, occiput, lying, abdomen, on, amel.	3	PAIN, occiput, lying, abdomen, on, amel.	=درد، گدی میں، پیٹ کے بل لیٹنے سے آرام
pain, occiput, lying, amel.	3	PAIN, occiput, lying, amel.	=درد، گدی میں، لیٹنے سے آرام
pain, occiput, lying, back of head	3	PAIN, occiput, lying, back of head	=درد، گدی میں، گدی کے بل لیٹنا
pain, occiput, lying, back of head, on agg.	4	PAIN, occiput, lying, back of head, on agg.	=درد، گدی میں، گدی کے بل لیٹنے سے بگاڑ
pain, occiput, lying, back of head, on, amel.	4	PAIN, occiput, lying, back of head, on, amel.	=درد، گدی میں، گدی کے بل لیٹنے سے آرام
pain, occiput, lying, head high, with, amel.	3	PAIN, occiput, lying, head high, with, amel.	=درد، گدی میں، سر اونچا رکھ کر لیٹنے سے آرام
pain, occiput, lying, head low amel.	3	PAIN, occiput, lying, head low amel.	=درد، گدی میں، سر نیچا رکھ کر لیٹنے سے آرام
pain, occiput, lying, side of head, on amel.	3	PAIN, occiput, lying, side of head, on amel.	=درد، گدی میں، سر کے پہلو کے بل لیٹنے سے آرام
pain, occiput, lying, side	3	PAIN, occiput, lying, side	=درد، گدی میں، پہلو پر لیٹنا
pain, occiput, lying, side, either side agg.	4	PAIN, occiput, lying, side, either side agg.	=درد، گدی میں، کسی بھی پہلو لیٹنے سے بگاڑ
pain, occiput, lying, side, left amel.	4	PAIN, occiput, lying, side, left amel.	=درد، گدی میں، بائیں پہلو لیٹنے سے آرام
pain, occiput, lying, side, right	4	PAIN, occiput, lying, side, right	=درد، گدی میں، دائیں پہلو لیٹنے پر
pain, occiput, lying, while agg.	3	PAIN, occiput, lying, while agg.	=درد، گدی میں، لیٹے ہوئے بگاڑ
pain, occiput, menses	2	PAIN, occiput, menses	=درد، گدی میں، حیض
pain, occiput, menses, after	3	PAIN, occiput, menses, after	=درد، گدی میں، حیض کے بعد
pain, occiput, menses, before	3	PAIN, occiput, menses, before	=درد، گدی میں، حیض سے پہلے
pain, occiput, menses, during	3	PAIN, occiput, menses, during	=درد، گدی میں، حیض کے دوران
pain, occiput, menses, during, contracting the eyes	4	PAIN, occiput, menses, during, contracting the eyes	=درد، گدی میں، حیض کے دوران، آنکھیں سکیڑ دے
pain, occiput, menses, during, scanty flow	4	PAIN, occiput, menses, during, scanty flow	=درد، گدی میں، حیض کے دوران، کم مقدار میں خون
pain, occiput, mental labor agg.	2	PAIN, occiput, mental labor agg.	=درد، گدی میں، ذہنی کام سے بگاڑ
pain, occiput, mental labor, amel.	2	PAIN, occiput, mental labor, amel.	=درد، گدی میں، ذہنی کام سے آرام
pain, occiput, morning	2	PAIN, occiput, morning	=درد، گدی میں، صبح
pain, occiput, morning, bed	3	PAIN, occiput, morning, bed	=درد، گدی میں، صبح بستر
pain, occiput, morning, bed, in	4	PAIN, occiput, morning, bed, in	=درد، گدی میں، صبح بستر میں
pain, occiput, morning, bed, lying on back	4	PAIN, occiput, morning, bed, lying on back	=درد، گدی میں، صبح بستر میں پیٹھ کے بل لیٹے
pain, occiput, morning, rising	3	PAIN, occiput, morning, rising	=درد، گدی میں، صبح اٹھنا
pain, occiput, morning, rising, amel.	4	PAIN, occiput, morning, rising, amel.	=درد، گدی میں، صبح اٹھنے سے آرام
pain, occiput, morning, rising, on agg.	4	PAIN, occiput, morning, rising, on agg.	=درد، گدی میں، صبح اٹھنے پر بگاڑ
pain, occiput, morning, room, in, amel.	3	PAIN, occiput, morning, room, in, amel.	=درد، گدی میں، صبح کمرے میں آرام
pain, occiput, morning, until 2 p.m.	3	PAIN, occiput, morning, until 2 p.m.	=درد، گدی میں، صبح سے سہ پہر 2 بجے تک
pain, occiput, morning, until 3 p.m.	3	PAIN, occiput, morning, until 3 p.m.	=درد، گدی میں، صبح سے سہ پہر 3 بجے تک
pain, occiput, morning, until 5 p.m.	3	PAIN, occiput, morning, until 5 p.m.	=درد، گدی میں، صبح سے سہ پہر 5 بجے تک
pain, occiput, morning, waking	3	PAIN, occiput, morning, waking	=درد، گدی میں، صبح جاگنا
pain, occiput, morning, waking, amel. at noon	4	PAIN, occiput, morning, waking, amel. at noon	=درد، گدی میں، صبح جاگنے پر، دوپہر کو آرام
pain, occiput, morning, waking, on	4	PAIN, occiput, morning, waking, on	=درد، گدی میں، صبح جاگنے پر
pain, occiput, motion agg.	2	PAIN, occiput, motion agg.	=درد، گدی میں، حرکت سے بگاڑ
pain, occiput, motion	2	PAIN, occiput, motion	=درد، گدی میں، حرکت
pain, occiput, motion, amel.	3	PAIN, occiput, motion, amel.	=درد، گدی میں، حرکت سے آرام
pain, occiput, motion, eyelids	3	PAIN, occiput, motion, eyelids	=درد، گدی میں، پلکیں ہلانے پر
pain, occiput, motion, head, of	3	PAIN, occiput, motion, head, of	=درد، گدی میں، سر ہلانے پر
pain, occiput, night	2	PAIN, occiput, night	=درد، گدی میں، رات
pain, occiput, night, 1 a.m.	3	PAIN, occiput, night, 1 a.m.	=درد، گدی میں، رات 1 بجے
pain, occiput, night, 2 a.m.	3	PAIN, occiput, night, 2 a.m.	=درد، گدی میں، رات 2 بجے
pain, occiput, night, 3 a.m.	3	PAIN, occiput, night, 3 a.m.	=درد، گدی میں، رات 3 بجے
pain, occiput, night, 3 a.m. to 4 a.m.	3	PAIN, occiput, night, 3 a.m. to 4 a.m.	=درد، گدی میں، رات 3 سے 4 بجے
pain, occiput, night, midnight	3	PAIN, occiput, night, midnight	=درد، گدی میں، آدھی رات
pain, occiput, noise agg.	2	PAIN, occiput, noise agg.	=درد، گدی میں، شور سے بگاڑ
pain, occiput, noon	2	PAIN, occiput, noon	=درد، گدی میں، دوپہر
pain, occiput, occipital protuberance	2	PAIN, occiput, occipital protuberance	=درد، گدی کے ابھار میں
pain, occiput, occipital protuberance, afternoon	3	PAIN, occiput, occipital protuberance, afternoon	=درد، گدی کے ابھار میں، سہ پہر
pain, occiput, occipital protuberance, heat, from	3	PAIN, occiput, occipital protuberance, heat, from	=درد، گدی کے ابھار میں، گرمی سے
pain, occiput, occipital protuberance, motion agg.	3	PAIN, occiput, occipital protuberance, motion agg.	=درد، گدی کے ابھار میں، حرکت سے بگاڑ
pain, occiput, occipital protuberance, pressure of hat agg.	3	PAIN, occiput, occipital protuberance, pressure of hat agg.	=درد، گدی کے ابھار میں، ٹوپی کے دباؤ سے بگاڑ
pain, occiput, occipital protuberance, walking in wind	3	PAIN, occiput, occipital protuberance, walking in wind	=درد، گدی کے ابھار میں، ہوا میں چلتے ہوئے
pain, occiput, paroxysmal	2	PAIN, occiput, paroxysmal	=درد، گدی میں، دوروں کی شکل میں
pain, occiput, perspiration amel.	2	PAIN, occiput, perspiration amel.	=درد، گدی میں، پسینے سے آرام
pain, occiput, pressure agg.	2	PAIN, occiput, pressure agg.	=درد، گدی میں، دبانے سے بگاڑ
pain, occiput, pressure of hat agg.	2	PAIN, occiput, pressure of hat agg.	=درد، گدی میں، ٹوپی کے دباؤ سے بگاڑ
pain, occiput, pressure, amel.	2	PAIN, occiput, pressure, amel.	=درد، گدی میں، دبانے سے آرام
pain, occiput, pulsating	2	PAIN, occiput, pulsating	=درد، گدی میں، دھڑکتا ہوا
pain, occiput, rheumatic	2	PAIN, occiput, rheumatic	=درد، گدی میں، گٹھیا والا
pain, occiput, riding agg.	2	PAIN, occiput, riding agg.	=درد، گدی میں، سواری سے بگاڑ
pain, occiput, rising	2	PAIN, occiput, rising	=درد، گدی میں، اٹھنا
pain, occiput, rising, after	3	PAIN, occiput, rising, after	=درد، گدی میں، اٹھنے کے بعد
pain, occiput, rising, amel.	3	PAIN, occiput, rising, amel.	=درد، گدی میں، اٹھنے سے آرام
pain, occiput, rising, from bed, agg.	3	PAIN, occiput, rising, from bed, agg.	=درد، گدی میں، بستر سے اٹھنے پر بگاڑ
pain, occiput, rubbing amel.	2	PAIN, occiput, rubbing amel.	=درد، گدی میں، ملنے سے آرام
pain, occiput, screwed together, as if	2	PAIN, occiput, screwed together, as if	=درد، گدی میں، جیسے پیچ کس کر جوڑ دی گئی ہو
pain, occiput, sexual excesses, after	2	PAIN, occiput, sexual excesses, after	=درد، گدی میں، جنسی زیادتیوں کے بعد
pain, occiput, shaking head agg.	2	PAIN, occiput, shaking head agg.	=درد، گدی میں، سر ہلانے سے بگاڑ
pain, occiput, shaking head, amel.	2	PAIN, occiput, shaking head, amel.	=درد، گدی میں، سر ہلانے سے آرام
pain, occiput, sides of	2	PAIN, occiput, sides of	=درد، گدی کے پہلوؤں میں
pain, occiput, sides of, bending backward	3	PAIN, occiput, sides of, bending backward	=درد، گدی کے پہلوؤں میں، پیچھے جھکنے پر
pain, occiput, sides of, daytime	3	PAIN, occiput, sides of, daytime	=درد، گدی کے پہلوؤں میں، دن کے وقت
pain, occiput, sides of, evening, 8 p.m.	3	PAIN, occiput, sides of, evening, 8 p.m.	=درد، گدی کے پہلوؤں میں، رات 8 بجے
pain, occiput, sides of, forenoon	3	PAIN, occiput, sides of, forenoon	=درد، گدی کے پہلوؤں میں، دوپہر سے پہلے
pain, occiput, sides of, left	3	PAIN, occiput, sides of, left	=درد، گدی کے بائیں پہلو میں
pain, occiput, sides of, left, sitting, while	4	PAIN, occiput, sides of, left, sitting, while	=درد، گدی کے بائیں پہلو میں، بیٹھے ہوئے
pain, occiput, sides of, left, to right	4	PAIN, occiput, sides of, left, to right	=درد، گدی کے بائیں پہلو سے دائیں تک
pain, occiput, sides of, morning	3	PAIN, occiput, sides of, morning	=درد، گدی کے پہلوؤں میں، صبح
pain, occiput, sides of, pressure amel.	3	PAIN, occiput, sides of, pressure amel.	=درد، گدی کے پہلوؤں میں، دبانے سے آرام
pain, occiput, sides of, right	3	PAIN, occiput, sides of, right	=درد، گدی کے دائیں پہلو میں
pain, occiput, sides of, right, to left	4	PAIN, occiput, sides of, right, to left	=درد، گدی کے دائیں پہلو سے بائیں تک
pain, occiput, sides of, right, to left eye	4	PAIN, occiput, sides of, right, to left eye	=درد، گدی کے دائیں پہلو سے بائیں آنکھ تک
pain, occiput, sides of, shaking head	3	PAIN, occiput, sides of, shaking head	=درد، گدی کے پہلوؤں میں، سر ہلانے پر
pain, occiput, sides of, waking, after	3	PAIN, occiput, sides of, waking, after	=درد، گدی کے پہلوؤں میں، جاگنے کے بعد
pain, occiput, sides of, walking, on	3	PAIN, occiput, sides of, walking, on	=درد، گدی کے پہلوؤں میں، چلنے پر
pain, occiput, sitting	2	PAIN, occiput, sitting	=درد، گدی میں، بیٹھنا
pain, occiput, sitting, amel.	3	PAIN, occiput, sitting, amel.	=درد، گدی میں، بیٹھنے سے آرام
pain, occiput, sitting, while agg.	3	PAIN, occiput, sitting, while agg.	=درد، گدی میں، بیٹھے ہوئے بگاڑ
pain, occiput, sleep	2	PAIN, occiput, sleep	=درد، گدی میں، نیند
pain, occiput, sleep, after	3	PAIN, occiput, sleep, after	=درد، گدی میں، نیند کے بعد
pain, occiput, sleep, amel.	3	PAIN, occiput, sleep, amel.	=درد، گدی میں، نیند سے آرام
pain, occiput, sneezing	2	PAIN, occiput, sneezing	=درد، گدی میں، چھینک سے
pain, occiput, standing	2	PAIN, occiput, standing	=درد، گدی میں، کھڑا ہونا
pain, occiput, standing, amel.	3	PAIN, occiput, standing, amel.	=درد، گدی میں، کھڑے ہونے سے آرام
pain, occiput, standing, in one position	3	PAIN, occiput, standing, in one position	=درد، گدی میں، ایک ہی حالت میں کھڑے رہنے سے
pain, occiput, standing, while agg.	3	PAIN, occiput, standing, while agg.	=درد، گدی میں، کھڑے ہوئے بگاڑ
pain, occiput, stool, while pressing at	2	PAIN, occiput, stool, while pressing at	=درد، گدی میں، پاخانے پر زور لگاتے ہوئے
pain, occiput, stooping agg.	2	PAIN, occiput, stooping agg.	=درد، گدی میں، جھکنے سے بگاڑ
pain, occiput, stooping	2	PAIN, occiput, stooping	=درد، گدی میں، جھکنا
pain, occiput, stooping, amel.	3	PAIN, occiput, stooping, amel.	=درد، گدی میں، جھکنے سے آرام
pain, occiput, stooping, changes to forehead, on	3	PAIN, occiput, stooping, changes to forehead, on	=درد، گدی میں، جھکنے پر ماتھے میں چلا جائے
pain, occiput, sun, heat of	2	PAIN, occiput, sun, heat of	=درد، گدی میں، دھوپ کی گرمی سے
pain, occiput, suppurating, as if	2	PAIN, occiput, suppurating, as if	=درد، گدی میں، جیسے پیپ پڑ رہی ہو
pain, occiput, swallowing agg.	2	PAIN, occiput, swallowing agg.	=درد، گدی میں، نگلنے سے بگاڑ
pain, occiput, thinking agg.	2	PAIN, occiput, thinking agg.	=درد، گدی میں، سوچنے سے بگاڑ
pain, occiput, touch agg.	2	PAIN, occiput, touch agg.	=درد، گدی میں، چھونے سے بگاڑ
pain, occiput, touch	2	PAIN, occiput, touch	=درد، گدی میں، چھونا
pain, occiput, touch, amel.	3	PAIN, occiput, touch, amel.	=درد، گدی میں، چھونے سے آرام
pain, occiput, touch, the hair agg.	3	PAIN, occiput, touch, the hair agg.	=درد، گدی میں، بال چھونے سے بگاڑ
pain, occiput, turning head	2	PAIN, occiput, turning head	=درد، گدی میں، سر گھمانے پر
pain, occiput, turning, eyes	2	PAIN, occiput, turning, eyes	=درد، گدی میں، آنکھیں گھمانا
pain, occiput, turning, eyes, agg.	3	PAIN, occiput, turning, eyes, agg.	=درد، گدی میں، آنکھیں گھمانے سے بگاڑ
pain, occiput, turning, eyes, upward	3	PAIN, occiput, turning, eyes, upward	=درد، گدی میں، آنکھیں اوپر گھمانے پر
pain, occiput, urinate, if desire to, be delayed	2	PAIN, occiput, urinate, if desire to, be delayed	=درد، گدی میں، اگر پیشاب کی حاجت روکی جائے
pain, occiput, urine, copious flow of, amel.	2	PAIN, occiput, urine, copious flow of, amel.	=درد، گدی میں، کھل کر پیشاب آنے سے آرام
pain, occiput, vexation, after	2	PAIN, occiput, vexation, after	=درد، گدی میں، کوفت کے بعد
pain, occiput, walking	2	PAIN, occiput, walking	=درد، گدی میں، چلنا
pain, occiput, walking, in open air agg.	3	PAIN, occiput, walking, in open air agg.	=درد، گدی میں، کھلی ہوا میں چلنے سے بگاڑ
pain, occiput, walking, in open air	3	PAIN, occiput, walking, in open air	=درد، گدی میں، کھلی ہوا میں چلنا
pain, occiput, walking, in open air, amel.	4	PAIN, occiput, walking, in open air, amel.	=درد، گدی میں، کھلی ہوا میں چلنے سے آرام
pain, occiput, walking, in open air, slowly amel.	4	PAIN, occiput, walking, in open air, slowly amel.	=درد، گدی میں، کھلی ہوا میں آہستہ چلنے سے آرام
pain, occiput, wandering	2	PAIN, occiput, wandering	=درد، گدی میں، گھومتا پھرتا
pain, occiput, warm clothing agg.	2	PAIN, occiput, warm clothing agg.	=درد، گدی میں، گرم لباس سے بگاڑ
pain, occiput, warm wrapping up amel.	2	PAIN, occiput, warm wrapping up amel.	=درد، گدی میں، گرم لپیٹنے سے آرام
pain, occiput, warm	2	PAIN, occiput, warm	=درد، گدی میں، گرم
pain, occiput, warm, food	3	PAIN, occiput, warm, food	=درد، گدی میں، گرم کھانے سے
pain, occiput, warm, room agg.	3	PAIN, occiput, warm, room agg.	=درد، گدی میں، گرم کمرے میں بگاڑ
pain, occiput, warm, room, amel.	3	PAIN, occiput, warm, room, amel.	=درد، گدی میں، گرم کمرے میں آرام
pain, occiput, wet weather	2	PAIN, occiput, wet weather	=درد، گدی میں، نم موسم میں
pain, occiput, wine agg.	2	PAIN, occiput, wine agg.	=درد، گدی میں، شراب سے بگاڑ
pain, occiput, wine, amel.	2	PAIN, occiput, wine, amel.	=درد، گدی میں، شراب سے آرام
pain, occiput, writing, from	2	PAIN, occiput, writing, from	=درد، گدی میں، لکھنے سے
pain, occiput, yawning amel.	2	PAIN, occiput, yawning amel.	=درد، گدی میں، جمائی سے آرام
pain, sides	1	PAIN, sides	پہلوؤں میں
pain, sides, afternoon	2	PAIN, sides, afternoon	=درد، پہلوؤں میں، سہ پہر
pain, sides, air, open	2	PAIN, sides, air, open	=درد، پہلوؤں میں، کھلی ہوا
pain, sides, air, open, amel.	3	PAIN, sides, air, open, amel.	=درد، پہلوؤں میں، کھلی ہوا میں آرام
pain, sides, air, open, in agg.	3	PAIN, sides, air, open, in agg.	=درد، پہلوؤں میں، کھلی ہوا میں بگاڑ
pain, sides, appearing gradually	2	PAIN, sides, appearing gradually	=درد، پہلوؤں میں، آہستہ آہستہ نمودار ہو
pain, sides, ascending steps	2	PAIN, sides, ascending steps	=درد، پہلوؤں میں، سیڑھیاں چڑھتے ہوئے
pain, sides, bed	2	PAIN, sides, bed	=درد، پہلوؤں میں، بستر
pain, sides, bed, amel.	3	PAIN, sides, bed, amel.	=درد، پہلوؤں میں، بستر میں آرام
pain, sides, bed, in agg.	3	PAIN, sides, bed, in agg.	=درد، پہلوؤں میں، بستر میں بگاڑ
pain, sides, both	2	PAIN, sides, both	=درد، دونوں پہلوؤں میں
pain, sides, breakfast, at	2	PAIN, sides, breakfast, at	=درد، پہلوؤں میں، ناشتے کے وقت
pain, sides, bright light	2	PAIN, sides, bright light	=درد، پہلوؤں میں، تیز روشنی سے
pain, sides, cold applications amel.	2	PAIN, sides, cold applications amel.	=درد، پہلوؤں میں، ٹھنڈی پٹیوں سے آرام
pain, sides, combing hair	2	PAIN, sides, combing hair	=درد، پہلوؤں میں، کنگھی کرنے سے
pain, sides, coughing, on	2	PAIN, sides, coughing, on	=درد، پہلوؤں میں، کھانستے وقت
pain, sides, daytime	2	PAIN, sides, daytime	=درد، پہلوؤں میں، دن کے وقت
pain, sides, dinner, after	2	PAIN, sides, dinner, after	=درد، پہلوؤں میں، دوپہر کے کھانے کے بعد
pain, sides, eating	2	PAIN, sides, eating	=درد، پہلوؤں میں، کھانا
pain, sides, eating, after	3	PAIN, sides, eating, after	=درد، پہلوؤں میں، کھانے کے بعد
pain, sides, eating, amel.	3	PAIN, sides, eating, amel.	=درد، پہلوؤں میں، کھانے سے آرام
pain, sides, evening agg.	2	PAIN, sides, evening agg.	=درد، پہلوؤں میں، شام کو بگاڑ
pain, sides, evening	2	PAIN, sides, evening	=درد، پہلوؤں میں، شام
pain, sides, evening, amel.	3	PAIN, sides, evening, amel.	=درد، پہلوؤں میں، شام کو آرام
pain, sides, evening, bed, in	3	PAIN, sides, evening, bed, in	=درد، پہلوؤں میں، شام بستر میں
pain, sides, extending to arm	2	PAIN, sides, extending to arm	=درد، پہلوؤں سے بازو تک
pain, sides, extending	2	PAIN, sides, extending	=درد، پہلوؤں سے پھیلتا ہوا
pain, sides, extending, backward	3	PAIN, sides, extending, backward	=درد، پہلوؤں سے پیچھے کی طرف
pain, sides, extending, brow	3	PAIN, sides, extending, brow	=درد، پہلوؤں سے بھنووں تک
pain, sides, extending, ear	3	PAIN, sides, extending, ear	=درد، پہلوؤں سے کان تک
pain, sides, extending, ear, behind	4	PAIN, sides, extending, ear, behind	=درد، پہلوؤں سے کان کے پیچھے تک
pain, sides, extending, eye	3	PAIN, sides, extending, eye	=درد، پہلوؤں سے آنکھ تک
pain, sides, extending, face	3	PAIN, sides, extending, face	=درد، پہلوؤں سے چہرے تک
pain, sides, extending, forehead	3	PAIN, sides, extending, forehead	=درد، پہلوؤں سے ماتھے تک
pain, sides, extending, forward	3	PAIN, sides, extending, forward	=درد، پہلوؤں سے آگے کی طرف
pain, sides, extending, nape	3	PAIN, sides, extending, nape	=درد، پہلوؤں سے گردن کے پچھلے حصے تک
pain, sides, extending, neck	3	PAIN, sides, extending, neck	=درد، پہلوؤں سے گردن تک
pain, sides, extending, occiput	3	PAIN, sides, extending, occiput	=درد، پہلوؤں سے گدی تک
pain, sides, extending, one side to the other	3	PAIN, sides, extending, one side to the other	=درد، ایک پہلو سے دوسرے تک
pain, sides, extending, scapula	3	PAIN, sides, extending, scapula	=درد، پہلوؤں سے شانے کی ہڈی تک
pain, sides, extending, shoulders	3	PAIN, sides, extending, shoulders	=درد، پہلوؤں سے کندھوں تک
pain, sides, extending, teeth	3	PAIN, sides, extending, teeth	=درد، پہلوؤں سے دانتوں تک
pain, sides, extending, temples	3	PAIN, sides, extending, temples	=درد، پہلوؤں سے کنپٹیوں تک
pain, sides, extending, waist	3	PAIN, sides, extending, waist	=درد، پہلوؤں سے کمر تک
pain, sides, foreign body, as of	2	PAIN, sides, foreign body, as of	=درد، پہلوؤں میں، جیسے کوئی باہری چیز ہو
pain, sides, forenoon	2	PAIN, sides, forenoon	=درد، پہلوؤں میں، دوپہر سے پہلے
pain, sides, hammering	2	PAIN, sides, hammering	=درد، پہلوؤں میں، ہتھوڑے جیسا
pain, sides, jarring	2	PAIN, sides, jarring	=درد، پہلوؤں میں، جھٹکے سے
pain, sides, leaning on the affected side	2	PAIN, sides, leaning on the affected side	=درد، پہلوؤں میں، دکھتی طرف ٹیک لگانے پر
pain, sides, left	2	PAIN, sides, left	=درد، بائیں پہلو میں
pain, sides, left, head and face, of, extending to neck	3	PAIN, sides, left, head and face, of, extending to neck	=درد، بائیں پہلو میں، سر اور چہرے کا، گردن تک پھیلتا ہوا
pain, sides, left, lying on left side agg.	3	PAIN, sides, left, lying on left side agg.	=درد، بائیں پہلو میں، بائیں پہلو لیٹنے سے بگاڑ
pain, sides, left, lying on right side amel.	3	PAIN, sides, left, lying on right side amel.	=درد، بائیں پہلو میں، دائیں پہلو لیٹنے سے آرام
pain, sides, left, then right	3	PAIN, sides, left, then right	=درد، بائیں پہلو میں، پھر دائیں
pain, sides, looking intently	2	PAIN, sides, looking intently	=درد، پہلوؤں میں، غور سے دیکھنے پر
pain, sides, lying	2	PAIN, sides, lying	=درد، پہلوؤں میں، لیٹنا
pain, sides, lying, amel.	3	PAIN, sides, lying, amel.	=درد، پہلوؤں میں، لیٹنے سے آرام
pain, sides, lying, on right side with hands over head amel.	3	PAIN, sides, lying, on right side with hands over head amel.	=درد، پہلوؤں میں، دائیں پہلو ہاتھ سر پر رکھ کر لیٹنے سے آرام
pain, sides, lying, on the painful side amel.	3	PAIN, sides, lying, on the painful side amel.	=درد، پہلوؤں میں، دکھتے پہلو پر لیٹنے سے آرام
pain, sides, lying, on the painless side amel.	3	PAIN, sides, lying, on the painless side amel.	=درد، پہلوؤں میں، بے درد پہلو پر لیٹنے سے آرام
pain, sides, lying, side lain on	3	PAIN, sides, lying, side lain on	=درد، پہلوؤں میں، جس پہلو پر لیٹے
pain, sides, lying, side not lain on	3	PAIN, sides, lying, side not lain on	=درد، پہلوؤں میں، جس پہلو پر نہ لیٹے
pain, sides, lying, while agg.	3	PAIN, sides, lying, while agg.	=درد، پہلوؤں میں، لیٹے ہوئے بگاڑ
pain, sides, menses	2	PAIN, sides, menses	=درد، پہلوؤں میں، حیض
pain, sides, menses, after	3	PAIN, sides, menses, after	=درد، پہلوؤں میں، حیض کے بعد
pain, sides, menses, before	3	PAIN, sides, menses, before	=درد، پہلوؤں میں، حیض سے پہلے
pain, sides, menses, during	3	PAIN, sides, menses, during	=درد، پہلوؤں میں، حیض کے دوران
pain, sides, mental exertion	2	PAIN, sides, mental exertion	=درد، پہلوؤں میں، ذہنی محنت سے
pain, sides, milk, after	2	PAIN, sides, milk, after	=درد، پہلوؤں میں، دودھ کے بعد
pain, sides, morning	2	PAIN, sides, morning	=درد، پہلوؤں میں، صبح
pain, sides, morning, 7 a.m. till 5 p.m.	3	PAIN, sides, morning, 7 a.m. till 5 p.m.	=درد، پہلوؤں میں، صبح 7 سے سہ پہر 5 بجے تک
pain, sides, morning, bed, in	3	PAIN, sides, morning, bed, in	=درد، پہلوؤں میں، صبح بستر میں
pain, sides, morning, rising	3	PAIN, sides, morning, rising	=درد، پہلوؤں میں، صبح اٹھنا
pain, sides, morning, rising, amel.	4	PAIN, sides, morning, rising, amel.	=درد، پہلوؤں میں، صبح اٹھنے سے آرام
pain, sides, morning, rising, on agg.	4	PAIN, sides, morning, rising, on agg.	=درد، پہلوؤں میں، صبح اٹھنے پر بگاڑ
pain, sides, morning, waking, on	3	PAIN, sides, morning, waking, on	=درد، پہلوؤں میں، صبح جاگنے پر
pain, sides, motion	2	PAIN, sides, motion	=درد، پہلوؤں میں، حرکت
pain, sides, motion, amel.	3	PAIN, sides, motion, amel.	=درد، پہلوؤں میں، حرکت سے آرام
pain, sides, motion, on agg.	3	PAIN, sides, motion, on agg.	=درد، پہلوؤں میں، حرکت پر بگاڑ
pain, sides, night agg.	2	PAIN, sides, night agg.	=درد، پہلوؤں میں، رات کو بگاڑ
pain, sides, night	2	PAIN, sides, night	=درد، پہلوؤں میں، رات
pain, sides, night, amel.	3	PAIN, sides, night, amel.	=درد، پہلوؤں میں، رات کو آرام
pain, sides, night, midnight, after	3	PAIN, sides, night, midnight, after	=درد، پہلوؤں میں، آدھی رات کے بعد
pain, sides, noise, from	2	PAIN, sides, noise, from	=درد، پہلوؤں میں، شور سے
pain, sides, noon	2	PAIN, sides, noon	=درد، پہلوؤں میں، دوپہر
pain, sides, one side	2	PAIN, sides, one side	=درد، ایک پہلو میں
pain, sides, one side, alternating from one to the other	3	PAIN, sides, one side, alternating from one to the other	=درد، ایک پہلو میں، باری باری ایک سے دوسرے میں
pain, sides, one side, alternating with pain in left arm	3	PAIN, sides, one side, alternating with pain in left arm	=درد، ایک پہلو میں، باری باری بائیں بازو کے درد کے ساتھ
pain, sides, one side, ceases on one side, becomes more violent on the other	3	PAIN, sides, one side, ceases on one side, becomes more violent on the other	=درد، ایک پہلو میں، ایک طرف ختم ہو تو دوسری طرف زیادہ شدید
pain, sides, one side, coffee, from excessive use of	3	PAIN, sides, one side, coffee, from excessive use of	=درد، ایک پہلو میں، بہت زیادہ کافی پینے سے
pain, sides, one side, ears	3	PAIN, sides, one side, ears	=درد، ایک پہلو میں، کان
pain, sides, one side, ears, air, open	4	PAIN, sides, one side, ears, air, open	=درد، ایک پہلو میں، کان، کھلی ہوا میں
pain, sides, one side, ears, behind the	4	PAIN, sides, one side, ears, behind the	=درد، ایک پہلو میں، کان کے پیچھے
pain, sides, one side, ears, behind the left	4	PAIN, sides, one side, ears, behind the left	=درد، ایک پہلو میں، بائیں کان کے پیچھے
pain, sides, one side, ears, motion	4	PAIN, sides, one side, ears, motion	=درد، ایک پہلو میں، کان، حرکت سے
pain, sides, one side, extending side to side, from, through temples	3	PAIN, sides, one side, extending side to side, from, through temples	=درد، ایک پہلو میں، ایک طرف سے دوسری طرف کنپٹیوں کے آر پار
pain, sides, one side, extending to eye	3	PAIN, sides, one side, extending to eye	=درد، ایک پہلو میں، آنکھ تک پھیلتا ہوا
pain, sides, one side, extending to neck	3	PAIN, sides, one side, extending to neck	=درد، ایک پہلو میں، گردن تک پھیلتا ہوا
pain, sides, one side, extending to neck and shoulders, neck stiff	3	PAIN, sides, one side, extending to neck and shoulders, neck stiff	=درد، ایک پہلو میں، گردن اور کندھوں تک، گردن اکڑی ہوئی
pain, sides, one side, extending to waist	3	PAIN, sides, one side, extending to waist	=درد، ایک پہلو میں، کمر تک پھیلتا ہوا
pain, sides, one side, spots, in	3	PAIN, sides, one side, spots, in	=درد، ایک پہلو میں، دھبوں میں
pain, sides, paroxysmal	2	PAIN, sides, paroxysmal	=درد، پہلوؤں میں، دوروں کی شکل میں
pain, sides, periodic	2	PAIN, sides, periodic	=درد، پہلوؤں میں، وقفے وقفے سے، باقاعدہ
pain, sides, pressure	2	PAIN, sides, pressure	=درد، پہلوؤں میں، دباؤ
pain, sides, pressure, amel.	3	PAIN, sides, pressure, amel.	=درد، پہلوؤں میں، دبانے سے آرام
pain, sides, pressure, on agg.	3	PAIN, sides, pressure, on agg.	=درد، پہلوؤں میں، دبانے پر بگاڑ
pain, sides, pulsating	2	PAIN, sides, pulsating	=درد، پہلوؤں میں، دھڑکتا ہوا
pain, sides, raising head	2	PAIN, sides, raising head	=درد، پہلوؤں میں، سر اٹھانے پر
pain, sides, riding, while	2	PAIN, sides, riding, while	=درد، پہلوؤں میں، سواری کرتے ہوئے
pain, sides, right	2	PAIN, sides, right	=درد، دائیں پہلو میں
pain, sides, right, blurred vision before the attack	3	PAIN, sides, right, blurred vision before the attack	=درد، دائیں پہلو میں، دورے سے پہلے نظر دھندلی
pain, sides, right, dimness of left eye, with	3	PAIN, sides, right, dimness of left eye, with	=درد، دائیں پہلو میں، بائیں آنکھ کی دھندلاہٹ کے ساتھ
pain, sides, right, evening in bed	3	PAIN, sides, right, evening in bed	=درد، دائیں پہلو میں، شام بستر میں
pain, sides, right, foreign body, as of a	3	PAIN, sides, right, foreign body, as of a	=درد، دائیں پہلو میں، جیسے کوئی باہری چیز ہو
pain, sides, right, lying on painful side amel.	3	PAIN, sides, right, lying on painful side amel.	=درد، دائیں پہلو میں، دکھتے پہلو پر لیٹنے سے آرام
pain, sides, right, lying on right side agg.	3	PAIN, sides, right, lying on right side agg.	=درد، دائیں پہلو میں، دائیں پہلو لیٹنے سے بگاڑ
pain, sides, right, morning, left side, evening	3	PAIN, sides, right, morning, left side, evening	=درد، دائیں پہلو میں صبح، بائیں میں شام
pain, sides, right, periodic	3	PAIN, sides, right, periodic	=درد، دائیں پہلو میں، وقفے وقفے سے
pain, sides, right, stroke of an anvil, as of	3	PAIN, sides, right, stroke of an anvil, as of	=درد، دائیں پہلو میں، جیسے نہائی پر ضرب
pain, sides, right, then left	3	PAIN, sides, right, then left	=درد، دائیں پہلو میں، پھر بائیں
pain, sides, right, warm room, entering	3	PAIN, sides, right, warm room, entering	=درد، دائیں پہلو میں، گرم کمرے میں داخل ہونے پر
pain, sides, rising	2	PAIN, sides, rising	=درد، پہلوؤں میں، اٹھنا
pain, sides, rising, after	3	PAIN, sides, rising, after	=درد، پہلوؤں میں، اٹھنے کے بعد
pain, sides, rising, amel.	3	PAIN, sides, rising, amel.	=درد، پہلوؤں میں، اٹھنے سے آرام
pain, sides, rising, from stooping	3	PAIN, sides, rising, from stooping	=درد، پہلوؤں میں، جھک کر سیدھا ہونے پر
pain, sides, room agg.	2	PAIN, sides, room agg.	=درد، پہلوؤں میں، کمرے میں بگاڑ
pain, sides, room, amel.	2	PAIN, sides, room, amel.	=درد، پہلوؤں میں، کمرے میں آرام
pain, sides, rubbing amel.	2	PAIN, sides, rubbing amel.	=درد، پہلوؤں میں، ملنے سے آرام
pain, sides, shaking the head	2	PAIN, sides, shaking the head	=درد، پہلوؤں میں، سر ہلانے پر
pain, sides, sitting agg.	2	PAIN, sides, sitting agg.	=درد، پہلوؤں میں، بیٹھنے سے بگاڑ
pain, sides, sitting, amel.	2	PAIN, sides, sitting, amel.	=درد، پہلوؤں میں، بیٹھنے سے آرام
pain, sides, sneezing agg.	2	PAIN, sides, sneezing agg.	=درد، پہلوؤں میں، چھینک سے بگاڑ
pain, sides, sound of talking	2	PAIN, sides, sound of talking	=درد، پہلوؤں میں، باتوں کی آواز سے
pain, sides, spot, small	2	PAIN, sides, spot, small	=درد، پہلوؤں میں، چھوٹے سے دھبے میں
pain, sides, standing, while	2	PAIN, sides, standing, while	=درد، پہلوؤں میں، کھڑے ہوئے
pain, sides, stepping, on	2	PAIN, sides, stepping, on	=درد، پہلوؤں میں، قدم رکھنے پر
pain, sides, stool, during	2	PAIN, sides, stool, during	=درد، پہلوؤں میں، پاخانے کے دوران
pain, sides, stooping agg.	2	PAIN, sides, stooping agg.	=درد، پہلوؤں میں، جھکنے سے بگاڑ
pain, sides, stooping, amel.	2	PAIN, sides, stooping, amel.	=درد، پہلوؤں میں، جھکنے سے آرام
pain, sides, supper, after, amel.	2	PAIN, sides, supper, after, amel.	=درد، پہلوؤں میں، رات کے کھانے کے بعد آرام
pain, sides, talking	2	PAIN, sides, talking	=درد، پہلوؤں میں، باتیں کرنے سے
pain, sides, touch agg.	2	PAIN, sides, touch agg.	=درد، پہلوؤں میں، چھونے سے بگاڑ
pain, sides, touch, amel.	2	PAIN, sides, touch, amel.	=درد، پہلوؤں میں، چھونے سے آرام
pain, sides, turning eye outward	2	PAIN, sides, turning eye outward	=درد، پہلوؤں میں، آنکھ باہر کی طرف گھمانے پر
pain, sides, turning eyes to affected side	2	PAIN, sides, turning eyes to affected side	=درد، پہلوؤں میں، آنکھیں دکھتی طرف گھمانے پر
pain, sides, walking	2	PAIN, sides, walking	=درد، پہلوؤں میں، چلنا
pain, sides, walking, fast	3	PAIN, sides, walking, fast	=درد، پہلوؤں میں، تیز چلنے سے
pain, sides, walking, in open air agg.	3	PAIN, sides, walking, in open air agg.	=درد، پہلوؤں میں، کھلی ہوا میں چلنے سے بگاڑ
pain, sides, walking, in open air, amel.	3	PAIN, sides, walking, in open air, amel.	=درد، پہلوؤں میں، کھلی ہوا میں چلنے سے آرام
pain, sides, wandering	2	PAIN, sides, wandering	=درد، پہلوؤں میں، گھومتا پھرتا
pain, sides, warm applications amel.	2	PAIN, sides, warm applications amel.	=درد، پہلوؤں میں، گرم پٹیوں سے آرام
pain, sides, warm room, on entering, from open air	2	PAIN, sides, warm room, on entering, from open air	=درد، پہلوؤں میں، کھلی ہوا سے گرم کمرے میں داخل ہونے پر
pain, sides, writing	2	PAIN, sides, writing	=درد، پہلوؤں میں، لکھنا
pain, sides, writing, while	3	PAIN, sides, writing, while	=درد، پہلوؤں میں، لکھتے ہوئے
pain, sides, writing, with head inclined to left	3	PAIN, sides, writing, with head inclined to left	=درد، پہلوؤں میں، سر بائیں طرف جھکا کر لکھتے ہوئے
pain, temples	1	PAIN, temples	کنپٹیوں میں
pain, temples, afternoon	2	PAIN, temples, afternoon	=درد، کنپٹیوں میں، سہ پہر
pain, temples, afternoon, 5 p.m.	3	PAIN, temples, afternoon, 5 p.m.	=درد، کنپٹیوں میں، سہ پہر 5 بجے
pain, temples, air	2	PAIN, temples, air	=درد، کنپٹیوں میں، ہوا
pain, temples, air, cold	3	PAIN, temples, air, cold	=درد، کنپٹیوں میں، ٹھنڈی ہوا سے
pain, temples, air, open agg.	3	PAIN, temples, air, open agg.	=درد، کنپٹیوں میں، کھلی ہوا میں بگاڑ
pain, temples, air, open, amel.	3	PAIN, temples, air, open, amel.	=درد، کنپٹیوں میں، کھلی ہوا میں آرام
pain, temples, alternating with heat of face	2	PAIN, temples, alternating with heat of face	=درد، کنپٹیوں میں، باری باری چہرے کی گرمی کے ساتھ
pain, temples, alternating, sides	2	PAIN, temples, alternating, sides	=درد، کنپٹیوں میں، باری باری دونوں طرف
pain, temples, ascending steps	2	PAIN, temples, ascending steps	=درد، کنپٹیوں میں، سیڑھیاں چڑھتے ہوئے
pain, temples, bending head backwards, on	2	PAIN, temples, bending head backwards, on	=درد، کنپٹیوں میں، سر پیچھے جھکانے پر
pain, temples, chill, after	2	PAIN, temples, chill, after	=درد، کنپٹیوں میں، سردی لگنے کے بعد
pain, temples, cold water amel.	2	PAIN, temples, cold water amel.	=درد، کنپٹیوں میں، ٹھنڈے پانی سے آرام
pain, temples, coughing, on	2	PAIN, temples, coughing, on	=درد، کنپٹیوں میں، کھانستے وقت
pain, temples, damp cold weather	2	PAIN, temples, damp cold weather	=درد، کنپٹیوں میں، سرد نم موسم میں
pain, temples, dark, in the	2	PAIN, temples, dark, in the	=درد، کنپٹیوں میں، اندھیرے میں
pain, temples, daytime	2	PAIN, temples, daytime	=درد، کنپٹیوں میں، دن کے وقت
pain, temples, dinner	2	PAIN, temples, dinner	=درد، کنپٹیوں میں، دوپہر کا کھانا
pain, temples, dinner, after	3	PAIN, temples, dinner, after	=درد، کنپٹیوں میں، دوپہر کے کھانے کے بعد
pain, temples, dinner, getting dinner too late	3	PAIN, temples, dinner, getting dinner too late	=درد، کنپٹیوں میں، دوپہر کا کھانا دیر سے ملنے سے
pain, temples, driving or riding in a carriage	2	PAIN, temples, driving or riding in a carriage	=درد، کنپٹیوں میں، گاڑی چلانے یا سواری سے
pain, temples, eating, after	2	PAIN, temples, eating, after	=درد، کنپٹیوں میں، کھانے کے بعد
pain, temples, evening	2	PAIN, temples, evening	=درد، کنپٹیوں میں، شام
pain, temples, evening, bed, in	3	PAIN, temples, evening, bed, in	=درد، کنپٹیوں میں، شام بستر میں
pain, temples, exertion, after	2	PAIN, temples, exertion, after	=درد، کنپٹیوں میں، محنت کے بعد
pain, temples, extending backward over ears	2	PAIN, temples, extending backward over ears	=درد، کنپٹیوں سے پیچھے کانوں کے اوپر تک
pain, temples, extending	2	PAIN, temples, extending	=درد، کنپٹیوں سے پھیلتا ہوا
pain, temples, extending, over forehead	3	PAIN, temples, extending, over forehead	=درد، کنپٹیوں سے پورے ماتھے پر
pain, temples, extending, temple to temple	3	PAIN, temples, extending, temple to temple	=درد، کنپٹی سے کنپٹی تک
pain, temples, extending, temple to temple, and back again	4	PAIN, temples, extending, temple to temple, and back again	=درد، کنپٹی سے کنپٹی تک اور واپس
pain, temples, extending, to centre of head	3	PAIN, temples, extending, to centre of head	=درد، کنپٹیوں سے سر کے بیچ تک
pain, temples, extending, to ear	3	PAIN, temples, extending, to ear	=درد، کنپٹیوں سے کان تک
pain, temples, extending, to eye	3	PAIN, temples, extending, to eye	=درد، کنپٹیوں سے آنکھ تک
pain, temples, extending, to eyebrows	3	PAIN, temples, extending, to eyebrows	=درد، کنپٹیوں سے بھنووں تک
pain, temples, extending, to face	3	PAIN, temples, extending, to face	=درد، کنپٹیوں سے چہرے تک
pain, temples, extending, to jaw	3	PAIN, temples, extending, to jaw	=درد، کنپٹیوں سے جبڑے تک
pain, temples, extending, to neck	3	PAIN, temples, extending, to neck	=درد، کنپٹیوں سے گردن تک
pain, temples, extending, to nose	3	PAIN, temples, extending, to nose	=درد، کنپٹیوں سے ناک تک
pain, temples, extending, to occiput	3	PAIN, temples, extending, to occiput	=درد، کنپٹیوں سے گدی تک
pain, temples, extending, to shoulder, face distorted	3	PAIN, temples, extending, to shoulder, face distorted	=درد، کنپٹیوں سے کندھے تک، چہرہ بگڑ جائے
pain, temples, extending, to teeth	3	PAIN, temples, extending, to teeth	=درد، کنپٹیوں سے دانتوں تک
pain, temples, extending, to teeth, last molar	4	PAIN, temples, extending, to teeth, last molar	=درد، کنپٹیوں سے آخری داڑھ تک
pain, temples, extending, to vertex	3	PAIN, temples, extending, to vertex	=درد، کنپٹیوں سے چوٹی تک
pain, temples, extending, to zygoma	3	PAIN, temples, extending, to zygoma	=درد، کنپٹیوں سے گال کی ہڈی تک
pain, temples, extending, upwards	3	PAIN, temples, extending, upwards	=درد، کنپٹیوں سے اوپر کی طرف
pain, temples, forenoon	2	PAIN, temples, forenoon	=درد، کنپٹیوں میں، دوپہر سے پہلے
pain, temples, hammering	2	PAIN, temples, hammering	=درد، کنپٹیوں میں، ہتھوڑے جیسا
pain, temples, heat amel.	2	PAIN, temples, heat amel.	=درد، کنپٹیوں میں، گرمائش سے آرام
pain, temples, intermitting	2	PAIN, temples, intermitting	=درد، کنپٹیوں میں، وقفے وقفے سے
pain, temples, left	2	PAIN, temples, left	=درد، بائیں کنپٹی میں
pain, temples, left, alternating with pain in right knee	3	PAIN, temples, left, alternating with pain in right knee	=درد، بائیں کنپٹی میں، باری باری دائیں گھٹنے کے درد کے ساتھ
pain, temples, left, periodical	3	PAIN, temples, left, periodical	=درد، بائیں کنپٹی میں، وقفے وقفے سے
pain, temples, left, pulsating	3	PAIN, temples, left, pulsating	=درد، بائیں کنپٹی میں، دھڑکتا ہوا
pain, temples, left, to right	3	PAIN, temples, left, to right	=درد، بائیں کنپٹی سے دائیں تک
pain, temples, lying	2	PAIN, temples, lying	=درد، کنپٹیوں میں، لیٹنا
pain, temples, lying, amel.	3	PAIN, temples, lying, amel.	=درد، کنپٹیوں میں، لیٹنے سے آرام
pain, temples, lying, while agg.	3	PAIN, temples, lying, while agg.	=درد، کنپٹیوں میں، لیٹے ہوئے بگاڑ
pain, temples, menses	2	PAIN, temples, menses	=درد، کنپٹیوں میں، حیض
pain, temples, menses, before	3	PAIN, temples, menses, before	=درد، کنپٹیوں میں، حیض سے پہلے
pain, temples, menses, during	3	PAIN, temples, menses, during	=درد، کنپٹیوں میں، حیض کے دوران
pain, temples, mental exertion agg.	2	PAIN, temples, mental exertion agg.	=درد، کنپٹیوں میں، ذہنی محنت سے بگاڑ
pain, temples, mental exertion, amel.	2	PAIN, temples, mental exertion, amel.	=درد، کنپٹیوں میں، ذہنی محنت سے آرام
pain, temples, morning agg.	2	PAIN, temples, morning agg.	=درد، کنپٹیوں میں، صبح بگاڑ
pain, temples, morning	2	PAIN, temples, morning	=درد، کنپٹیوں میں، صبح
pain, temples, morning, amel.	3	PAIN, temples, morning, amel.	=درد، کنپٹیوں میں، صبح آرام
pain, temples, morning, rising, on	3	PAIN, temples, morning, rising, on	=درد، کنپٹیوں میں، صبح اٹھتے وقت
pain, temples, morning, waking, on	3	PAIN, temples, morning, waking, on	=درد، کنپٹیوں میں، صبح جاگنے پر
pain, temples, motion agg.	2	PAIN, temples, motion agg.	=درد، کنپٹیوں میں، حرکت سے بگاڑ
pain, temples, motion, amel.	2	PAIN, temples, motion, amel.	=درد، کنپٹیوں میں، حرکت سے آرام
pain, temples, moving the eyes	2	PAIN, temples, moving the eyes	=درد، کنپٹیوں میں، آنکھیں ہلانے پر
pain, temples, night	2	PAIN, temples, night	=درد، کنپٹیوں میں، رات
pain, temples, noise agg.	2	PAIN, temples, noise agg.	=درد، کنپٹیوں میں، شور سے بگاڑ
pain, temples, noon	2	PAIN, temples, noon	=درد، کنپٹیوں میں، دوپہر
pain, temples, opera, from attending	2	PAIN, temples, opera, from attending	=درد، کنپٹیوں میں، اوپیرا (تھیٹر) دیکھنے سے
pain, temples, paroxysmal	2	PAIN, temples, paroxysmal	=درد، کنپٹیوں میں، دوروں کی شکل میں
pain, temples, pressure agg.	2	PAIN, temples, pressure agg.	=درد، کنپٹیوں میں، دبانے سے بگاڑ
pain, temples, pressure	2	PAIN, temples, pressure	=درد، کنپٹیوں میں، دباؤ
pain, temples, pressure, amel.	3	PAIN, temples, pressure, amel.	=درد، کنپٹیوں میں، دبانے سے آرام
pain, temples, pressure, on opposite side amel.	3	PAIN, temples, pressure, on opposite side amel.	=درد، کنپٹیوں میں، مخالف طرف دبانے سے آرام
pain, temples, pulsating	2	PAIN, temples, pulsating	=درد، کنپٹیوں میں، دھڑکتا ہوا
pain, temples, pulsating, mastoid process	3	PAIN, temples, pulsating, mastoid process	=درد، کنپٹیوں میں، دھڑکتا ہوا، کان کے پیچھے کی ہڈی میں
pain, temples, pulsating, reading, while	3	PAIN, temples, pulsating, reading, while	=درد، کنپٹیوں میں، دھڑکتا ہوا، پڑھتے ہوئے
pain, temples, right	2	PAIN, temples, right	=درد، دائیں کنپٹی میں
pain, temples, right, alternating with pain in right knee	3	PAIN, temples, right, alternating with pain in right knee	=درد، دائیں کنپٹی میں، باری باری دائیں گھٹنے کے درد کے ساتھ
pain, temples, right, lying upon it, while	3	PAIN, temples, right, lying upon it, while	=درد، دائیں کنپٹی میں، اس پر لیٹے ہوئے
pain, temples, right, to left	3	PAIN, temples, right, to left	=درد، دائیں کنپٹی سے بائیں تک
pain, temples, rising	2	PAIN, temples, rising	=درد، کنپٹیوں میں، اٹھنا
pain, temples, rising, after	3	PAIN, temples, rising, after	=درد، کنپٹیوں میں، اٹھنے کے بعد
pain, temples, rising, amel.	3	PAIN, temples, rising, amel.	=درد، کنپٹیوں میں، اٹھنے سے آرام
pain, temples, room	2	PAIN, temples, room	=درد، کنپٹیوں میں، کمرہ
pain, temples, room, amel.	3	PAIN, temples, room, amel.	=درد، کنپٹیوں میں، کمرے میں آرام
pain, temples, room, in agg.	3	PAIN, temples, room, in agg.	=درد، کنپٹیوں میں، کمرے میں بگاڑ
pain, temples, rubbing amel.	2	PAIN, temples, rubbing amel.	=درد، کنپٹیوں میں، ملنے سے آرام
pain, temples, shaking the head	2	PAIN, temples, shaking the head	=درد، کنپٹیوں میں، سر ہلانے پر
pain, temples, side lain on	2	PAIN, temples, side lain on	=درد، کنپٹیوں میں، جس طرف لیٹے
pain, temples, side, not lain on	2	PAIN, temples, side, not lain on	=درد، کنپٹیوں میں، جس طرف نہ لیٹے
pain, temples, sitting	2	PAIN, temples, sitting	=درد، کنپٹیوں میں، بیٹھنا
pain, temples, sitting, amel.	3	PAIN, temples, sitting, amel.	=درد، کنپٹیوں میں، بیٹھنے سے آرام
pain, temples, sitting, while agg.	3	PAIN, temples, sitting, while agg.	=درد، کنپٹیوں میں، بیٹھے ہوئے بگاڑ
pain, temples, sleep, during	2	PAIN, temples, sleep, during	=درد، کنپٹیوں میں، نیند کے دوران
pain, temples, sneezing	2	PAIN, temples, sneezing	=درد، کنپٹیوں میں، چھینک سے
pain, temples, standing	2	PAIN, temples, standing	=درد، کنپٹیوں میں، کھڑا ہونا
pain, temples, standing, amel.	3	PAIN, temples, standing, amel.	=درد، کنپٹیوں میں، کھڑے ہونے سے آرام
pain, temples, standing, while agg.	3	PAIN, temples, standing, while agg.	=درد، کنپٹیوں میں، کھڑے ہوئے بگاڑ
pain, temples, stepping, on	2	PAIN, temples, stepping, on	=درد، کنپٹیوں میں، قدم رکھنے پر
pain, temples, stool, straining at	2	PAIN, temples, stool, straining at	=درد، کنپٹیوں میں، پاخانے پر زور لگاتے ہوئے
pain, temples, stooping	2	PAIN, temples, stooping	=درد، کنپٹیوں میں، جھکنا
pain, temples, stooping, amel.	3	PAIN, temples, stooping, amel.	=درد، کنپٹیوں میں، جھکنے سے آرام
pain, temples, stooping, from agg.	3	PAIN, temples, stooping, from agg.	=درد، کنپٹیوں میں، جھکنے سے بگاڑ
pain, temples, sun, exposure to	2	PAIN, temples, sun, exposure to	=درد، کنپٹیوں میں، دھوپ میں رہنے سے
pain, temples, talking	2	PAIN, temples, talking	=درد، کنپٹیوں میں، باتیں کرنے سے
pain, temples, touch agg.	2	PAIN, temples, touch agg.	=درد، کنپٹیوں میں، چھونے سے بگاڑ
pain, temples, touch, amel.	2	PAIN, temples, touch, amel.	=درد، کنپٹیوں میں، چھونے سے آرام
pain, temples, turning eyes up	2	PAIN, temples, turning eyes up	=درد، کنپٹیوں میں، آنکھیں اوپر گھمانے پر
pain, temples, turning, eyes out	2	PAIN, temples, turning, eyes out	=درد، کنپٹیوں میں، آنکھیں باہر کی طرف گھمانے پر
pain, temples, walking in open air agg.	2	PAIN, temples, walking in open air agg.	=درد، کنپٹیوں میں، کھلی ہوا میں چلنے سے بگاڑ
pain, temples, walking in open air, amel.	2	PAIN, temples, walking in open air, amel.	=درد، کنپٹیوں میں، کھلی ہوا میں چلنے سے آرام
pain, temples, walking	2	PAIN, temples, walking	=درد، کنپٹیوں میں، چلنا
pain, temples, walking, amel.	3	PAIN, temples, walking, amel.	=درد، کنپٹیوں میں، چلنے سے آرام
pain, temples, walking, from agg.	3	PAIN, temples, walking, from agg.	=درد، کنپٹیوں میں، چلنے سے بگاڑ
pain, temples, wandering	2	PAIN, temples, wandering	=درد، کنپٹیوں میں، گھومتا پھرتا
pain, temples, wind, riding against the	2	PAIN, temples, wind, riding against the	=درد، کنپٹیوں میں، ہوا کے مخالف سواری کرنے سے
pain, temples, wine, from	2	PAIN, temples, wine, from	=درد، کنپٹیوں میں، شراب سے
pain, temples, winking agg.	2	PAIN, temples, winking agg.	=درد، کنپٹیوں میں، پلک جھپکنے سے بگاڑ
pain, temples, wrapping up amel.	2	PAIN, temples, wrapping up amel.	=درد، کنپٹیوں میں، لپیٹنے سے آرام
pain, vertex	1	PAIN, vertex	چوٹی میں
pain, vertex, afternoon	2	PAIN, vertex, afternoon	=درد، چوٹی میں، سہ پہر
pain, vertex, air	2	PAIN, vertex, air	=درد، چوٹی میں، ہوا
pain, vertex, air, cold, amel.	3	PAIN, vertex, air, cold, amel.	=درد، چوٹی میں، ٹھنڈی ہوا سے آرام
pain, vertex, air, open agg.	3	PAIN, vertex, air, open agg.	=درد، چوٹی میں، کھلی ہوا میں بگاڑ
pain, vertex, air, open, amel.	3	PAIN, vertex, air, open, amel.	=درد، چوٹی میں، کھلی ہوا میں آرام
pain, vertex, alternate days	2	PAIN, vertex, alternate days	=درد، چوٹی میں، ایک دن چھوڑ کر
pain, vertex, ascending steps	2	PAIN, vertex, ascending steps	=درد، چوٹی میں، سیڑھیاں چڑھتے ہوئے
pain, vertex, cold applications amel.	2	PAIN, vertex, cold applications amel.	=درد، چوٹی میں، ٹھنڈی پٹیوں سے آرام
pain, vertex, coughing, on	2	PAIN, vertex, coughing, on	=درد، چوٹی میں، کھانستے وقت
pain, vertex, daytime	2	PAIN, vertex, daytime	=درد، چوٹی میں، دن کے وقت
pain, vertex, deep inspiration, on	2	PAIN, vertex, deep inspiration, on	=درد، چوٹی میں، گہری سانس لینے پر
pain, vertex, dinner, after	2	PAIN, vertex, dinner, after	=درد، چوٹی میں، دوپہر کے کھانے کے بعد
pain, vertex, driving or riding in a carriage	2	PAIN, vertex, driving or riding in a carriage	=درد، چوٹی میں، گاڑی چلانے یا سواری سے
pain, vertex, eating, after	2	PAIN, vertex, eating, after	=درد، چوٹی میں، کھانے کے بعد
pain, vertex, evening	2	PAIN, vertex, evening	=درد، چوٹی میں، شام
pain, vertex, evening, bed, in	3	PAIN, vertex, evening, bed, in	=درد، چوٹی میں، شام بستر میں
pain, vertex, extending backward	2	PAIN, vertex, extending backward	=درد، چوٹی سے پیچھے کی طرف
pain, vertex, extending to ear	2	PAIN, vertex, extending to ear	=درد، چوٹی سے کان تک
pain, vertex, extending to ear, from one to other	3	PAIN, vertex, extending to ear, from one to other	=درد، چوٹی سے ایک کان سے دوسرے تک
pain, vertex, extending to eyes	2	PAIN, vertex, extending to eyes	=درد، چوٹی سے آنکھوں تک
pain, vertex, extending to forehead	2	PAIN, vertex, extending to forehead	=درد، چوٹی سے ماتھے تک
pain, vertex, extending to malar bones	2	PAIN, vertex, extending to malar bones	=درد، چوٹی سے گال کی ہڈیوں تک
pain, vertex, extending to neck	2	PAIN, vertex, extending to neck	=درد، چوٹی سے گردن تک
pain, vertex, extending to nose, while eating	2	PAIN, vertex, extending to nose, while eating	=درد، چوٹی سے ناک تک، کھاتے ہوئے
pain, vertex, extending to occiput	2	PAIN, vertex, extending to occiput	=درد، چوٹی سے گدی تک
pain, vertex, extending to palate	2	PAIN, vertex, extending to palate	=درد، چوٹی سے تالو تک
pain, vertex, extending to shoulder	2	PAIN, vertex, extending to shoulder	=درد، چوٹی سے کندھے تک
pain, vertex, extending to temples	2	PAIN, vertex, extending to temples	=درد، چوٹی سے کنپٹیوں تک
pain, vertex, extending to throat	2	PAIN, vertex, extending to throat	=درد، چوٹی سے حلق تک
pain, vertex, extending to zygoma	2	PAIN, vertex, extending to zygoma	=درد، چوٹی سے گال کی ہڈی تک
pain, vertex, forenoon	2	PAIN, vertex, forenoon	=درد، چوٹی میں، دوپہر سے پہلے
pain, vertex, forenoon, 10 a.m.	3	PAIN, vertex, forenoon, 10 a.m.	=درد، چوٹی میں، صبح 10 بجے
pain, vertex, forenoon, 11 a.m.	3	PAIN, vertex, forenoon, 11 a.m.	=درد، چوٹی میں، صبح 11 بجے
pain, vertex, hammering	2	PAIN, vertex, hammering	=درد، چوٹی میں، ہتھوڑے جیسا
pain, vertex, heat, during	2	PAIN, vertex, heat, during	=درد، چوٹی میں، بخار کی گرمی کے دوران
pain, vertex, jarring agg.	2	PAIN, vertex, jarring agg.	=درد، چوٹی میں، جھٹکے سے بگاڑ
pain, vertex, lying	2	PAIN, vertex, lying	=درد، چوٹی میں، لیٹنا
pain, vertex, lying, amel.	3	PAIN, vertex, lying, amel.	=درد، چوٹی میں، لیٹنے سے آرام
pain, vertex, lying, on left side	3	PAIN, vertex, lying, on left side	=درد، چوٹی میں، بائیں پہلو لیٹنے پر
pain, vertex, lying, while agg.	3	PAIN, vertex, lying, while agg.	=درد، چوٹی میں، لیٹے ہوئے بگاڑ
pain, vertex, meditating, while	2	PAIN, vertex, meditating, while	=درد، چوٹی میں، غور و فکر کرتے ہوئے
pain, vertex, menses, during	2	PAIN, vertex, menses, during	=درد، چوٹی میں، حیض کے دوران
pain, vertex, mental exertion	2	PAIN, vertex, mental exertion	=درد، چوٹی میں، ذہنی محنت سے
pain, vertex, morning agg.	2	PAIN, vertex, morning agg.	=درد، چوٹی میں، صبح بگاڑ
pain, vertex, morning	2	PAIN, vertex, morning	=درد، چوٹی میں، صبح
pain, vertex, morning, amel.	3	PAIN, vertex, morning, amel.	=درد، چوٹی میں، صبح آرام
pain, vertex, morning, bed, in	3	PAIN, vertex, morning, bed, in	=درد، چوٹی میں، صبح بستر میں
pain, vertex, morning, rising	3	PAIN, vertex, morning, rising	=درد، چوٹی میں، صبح اٹھنا
pain, vertex, morning, rising, amel.	4	PAIN, vertex, morning, rising, amel.	=درد، چوٹی میں، صبح اٹھنے سے آرام
pain, vertex, morning, rising, on agg.	4	PAIN, vertex, morning, rising, on agg.	=درد، چوٹی میں، صبح اٹھنے پر بگاڑ
pain, vertex, motion, on	2	PAIN, vertex, motion, on	=درد، چوٹی میں، حرکت پر
pain, vertex, moving the eyes, on	2	PAIN, vertex, moving the eyes, on	=درد، چوٹی میں، آنکھیں ہلانے پر
pain, vertex, moving, head	2	PAIN, vertex, moving, head	=درد، چوٹی میں، سر ہلانے پر
pain, vertex, night agg.	2	PAIN, vertex, night agg.	=درد، چوٹی میں، رات کو بگاڑ
pain, vertex, night	2	PAIN, vertex, night	=درد، چوٹی میں، رات
pain, vertex, night, amel.	3	PAIN, vertex, night, amel.	=درد، چوٹی میں، رات کو آرام
pain, vertex, night, on going to sleep, amel.	3	PAIN, vertex, night, on going to sleep, amel.	=درد، چوٹی میں، رات سوتے وقت آرام
pain, vertex, noise, from	2	PAIN, vertex, noise, from	=درد، چوٹی میں، شور سے
pain, vertex, noon	2	PAIN, vertex, noon	=درد، چوٹی میں، دوپہر
pain, vertex, paroxysmal	2	PAIN, vertex, paroxysmal	=درد، چوٹی میں، دوروں کی شکل میں
pain, vertex, periodic	2	PAIN, vertex, periodic	=درد، چوٹی میں، وقفے وقفے سے، باقاعدہ
pain, vertex, pressure agg.	2	PAIN, vertex, pressure agg.	=درد، چوٹی میں، دبانے سے بگاڑ
pain, vertex, pressure, amel.	2	PAIN, vertex, pressure, amel.	=درد، چوٹی میں، دبانے سے آرام
pain, vertex, pulsating	2	PAIN, vertex, pulsating	=درد، چوٹی میں، دھڑکتا ہوا
pain, vertex, reading, while	2	PAIN, vertex, reading, while	=درد، چوٹی میں، پڑھتے ہوئے
pain, vertex, rising from a seat	2	PAIN, vertex, rising from a seat	=درد، چوٹی میں، نشست سے اٹھنے پر
pain, vertex, room, on entering	2	PAIN, vertex, room, on entering	=درد، چوٹی میں، کمرے میں داخل ہونے پر
pain, vertex, rubbing amel.	2	PAIN, vertex, rubbing amel.	=درد، چوٹی میں، ملنے سے آرام
pain, vertex, sitting	2	PAIN, vertex, sitting	=درد، چوٹی میں، بیٹھنا
pain, vertex, sitting, amel.	3	PAIN, vertex, sitting, amel.	=درد، چوٹی میں، بیٹھنے سے آرام
pain, vertex, sitting, while agg.	3	PAIN, vertex, sitting, while agg.	=درد، چوٹی میں، بیٹھے ہوئے بگاڑ
pain, vertex, sleep amel.	2	PAIN, vertex, sleep amel.	=درد، چوٹی میں، نیند سے آرام
pain, vertex, sneezing, on	2	PAIN, vertex, sneezing, on	=درد، چوٹی میں، چھینکتے وقت
pain, vertex, spots, in	2	PAIN, vertex, spots, in	=درد، چوٹی میں، دھبوں میں
pain, vertex, standing, while	2	PAIN, vertex, standing, while	=درد، چوٹی میں، کھڑے ہوئے
pain, vertex, stool, during	2	PAIN, vertex, stool, during	=درد، چوٹی میں، پاخانے کے دوران
pain, vertex, stooping	2	PAIN, vertex, stooping	=درد، چوٹی میں، جھکنا
pain, vertex, stooping, amel.	3	PAIN, vertex, stooping, amel.	=درد، چوٹی میں، جھکنے سے آرام
pain, vertex, stooping, from agg.	3	PAIN, vertex, stooping, from agg.	=درد، چوٹی میں، جھکنے سے بگاڑ
pain, vertex, touch agg.	2	PAIN, vertex, touch agg.	=درد، چوٹی میں، چھونے سے بگاڑ
pain, vertex, touch, by laying hand on it, amel.	2	PAIN, vertex, touch, by laying hand on it, amel.	=درد، چوٹی میں، ہاتھ رکھنے سے آرام
pain, vertex, touching the hair agg.	2	PAIN, vertex, touching the hair agg.	=درد، چوٹی میں، بال چھونے سے بگاڑ
pain, vertex, urinating, after	2	PAIN, vertex, urinating, after	=درد، چوٹی میں، پیشاب کے بعد
pain, vertex, voices agg.	2	PAIN, vertex, voices agg.	=درد، چوٹی میں، آوازوں سے بگاڑ
pain, vertex, waking, on	2	PAIN, vertex, waking, on	=درد، چوٹی میں، جاگنے پر
pain, vertex, waking, on, 5 a.m.	3	PAIN, vertex, waking, on, 5 a.m.	=درد، چوٹی میں، جاگنے پر، صبح 5 بجے
pain, vertex, walking in open air agg.	2	PAIN, vertex, walking in open air agg.	=درد، چوٹی میں، کھلی ہوا میں چلنے سے بگاڑ
pain, vertex, walking in open air, amel.	2	PAIN, vertex, walking in open air, amel.	=درد، چوٹی میں، کھلی ہوا میں چلنے سے آرام
pain, vertex, walking in the sun	2	PAIN, vertex, walking in the sun	=درد، چوٹی میں، دھوپ میں چلنے سے
pain, vertex, walking	2	PAIN, vertex, walking	=درد، چوٹی میں، چلنا
pain, vertex, walking, amel.	3	PAIN, vertex, walking, amel.	=درد، چوٹی میں، چلنے سے آرام
pain, vertex, walking, from agg.	3	PAIN, vertex, walking, from agg.	=درد، چوٹی میں، چلنے سے بگاڑ
pain, vertex, walking, rapidly agg.	3	PAIN, vertex, walking, rapidly agg.	=درد، چوٹی میں، تیز چلنے سے بگاڑ
pain, vertex, wet weather	2	PAIN, vertex, wet weather	=درد، چوٹی میں، نم موسم میں
pain, vertex, writing, from	2	PAIN, vertex, writing, from	=درد، چوٹی میں، لکھنے سے
