key	depth	en	ur
abscess	0	ABSCESS	پھوڑا
adhesion of skin of forehead	0	ADHESION of skin of forehead	ماتھے کی جلد کا چپک جانا
air or wind	0	AIR or wind	ہوا (سر میں ہوا کا احساس)
air or wind, passing through head, sensation as of	1	AIR or wind, passing through head, sensation as of	=جیسے سر میں سے ہوا گزر رہی ہو
air or wind, passing through head, sensation as of, extending to abdomen	2	AIR or wind, passing through head, sensation as of, extending to abdomen	=جیسے سر میں سے ہوا گزر رہی ہو، پیٹ تک پھیلتی ہوئی
air or wind, passing through head, sensation as of, rocking, on	2	AIR or wind, passing through head, sensation as of, rocking, on	=جیسے سر میں سے ہوا گزر رہی ہو، جھولنے پر
air or wind, sensation of a current of	1	AIR or wind, sensation of a current of	=ہوا کے جھونکے کا احساس
air or wind, sensation of a current of, above the eyes	2	AIR or wind, sensation of a current of, above the eyes	=ہوا کے جھونکے کا احساس، آنکھوں کے اوپر
air or wind, sensation of a current of, vertex	2	AIR or wind, sensation of a current of, vertex	=ہوا کے جھونکے کا احساس، چوٹی پر
air or wind, sensitive to draft	1	AIR or wind, sensitive to draft	=ہوا کے جھونکے سے حساس
air or wind, passing through head, sensation as of, sensitive to	0	AIR OR WIND, passing through head, sensation as of, sensitive to (See Cold)	جیسے سر میں سے ہوا گزرے، اس کے لیے حساس
alive	0	ALIVE	کچھ زندہ چیز
alive, sensation as if something, were in head	1	ALIVE, sensation as if something, were in head	=جیسے سر میں کوئی زندہ چیز ہو
alive, sensation	1	ALIVE, sensation	=زندہ چیز کا احساس
alive, sensation, brain were an ant-hill, as if	2	ALIVE, sensation, brain were an ant-hill, as if	=جیسے دماغ چیونٹیوں کا بل ہو
alive, sensation, crawling in forehead, as of a worm	2	ALIVE, sensation, crawling in forehead, as of a worm	=جیسے ماتھے میں کیڑا رینگ رہا ہو
alive, sensation, everything in head were, as if	2	ALIVE, sensation, everything in head were, as if	=جیسے سر کی ہر چیز زندہ ہو
alive, sensation, night	2	ALIVE, sensation, night	=زندہ چیز کا احساس، رات
alive, sensation, night, in bed	3	ALIVE, sensation, night, in bed	=زندہ چیز کا احساس، رات بستر میں
alive, sensation, pressing, crawling pain, spreading out from centre, as of something alive	2	ALIVE, sensation, pressing, crawling pain, spreading out from centre, as of something alive	=دبانے والا رینگتا درد جو مرکز سے پھیلے، جیسے کوئی زندہ چیز ہو
alive, sensation, walking, while	2	ALIVE, sensation, walking, while	=زندہ چیز کا احساس، چلتے ہوئے
anaemia of the brain	0	ANAEMIA of the brain	دماغ میں خون کی کمی
asleep	0	ASLEEP	سن ہو جانا (سویا ہوا احساس)
asleep, debauch, after a	1	ASLEEP, debauch, after a	=سویا ہوا احساس، عیاشی (شراب نوشی) کے بعد
asleep, eating, after	1	ASLEEP, eating, after	=سویا ہوا احساس، کھانے کے بعد
asleep, forehead, in	1	ASLEEP, forehead, in	=سویا ہوا احساس، ماتھے میں
asleep, forehead, in, left half of	2	ASLEEP, forehead, in, left half of	=سویا ہوا احساس، ماتھے کے بائیں آدھے حصے میں
asleep, left side	1	ASLEEP, left side	=سویا ہوا احساس، بائیں طرف
asleep, lying, while	1	ASLEEP, lying, while	=سویا ہوا احساس، لیٹے ہوئے
asleep, sensation as if	1	ASLEEP, sensation as if	=جیسے سو گیا ہو (سن)
balancing sensation in	0	BALANCING sensation in	ڈولنے کا احساس
balancing	0	BALANCING	ڈولنا
balancing, difficulty to keep the head erect	1	BALANCING, difficulty to keep the head erect	=سر سیدھا رکھنا مشکل
balancing, motion, on	1	BALANCING, motion, on	=ڈولنا، حرکت پر
balancing, pendulum-like	1	BALANCING, pendulum-like	=پنڈولم کی طرح ڈولنا
baldness	0	BALDNESS (See Hair)	گنج پن
ball	0	BALL	گیند
ball, sensation as of a	1	BALL, sensation as of a	=جیسے کوئی گیند ہو
ball, sensation as of a, beating against skull on beginning to walk	2	BALL, sensation as of a, beating against skull on beginning to walk	=جیسے گیند چلنا شروع کرتے ہی کھوپڑی سے ٹکرائے
ball, sensation as of a, fast in brain	2	BALL, sensation as of a, fast in brain	=جیسے دماغ میں گیند پھنسی ہو
ball, sensation as of a, forehead, in	2	BALL, sensation as of a, forehead, in	=جیسے ماتھے میں گیند ہو
ball, sensation as of a, lying on right side	2	BALL, sensation as of a, lying on right side	=جیسے گیند ہو، دائیں پہلو لیٹنے پر
ball, sensation as of a, rising up	2	BALL, sensation as of a, rising up	=جیسے گیند اوپر چڑھ رہی ہو
ball, sensation as of a, rolling in brain	2	BALL, sensation as of a, rolling in brain	=جیسے دماغ میں گیند لڑھک رہی ہو
band	0	BAND (See Constriction)	پٹی بندھی ہو (جکڑن)
beats against the bed	0	BEATS against the bed (See Striking)	بستر سے ٹکراتا ہے
beats against the wall in sleep	0	BEATS against the wall in sleep	نیند میں دیوار سے ٹکراتا ہے
beats	0	BEATS	ٹکرانا، پیٹنا
beats, feels as if he could beat head to pieces	1	BEATS, feels as if he could beat head to pieces	=لگتا ہے سر پیٹ پیٹ کر ٹکڑے کر دے
bend head backward	0	BEND head backward	سر پیچھے کو جھکانا
bend head backward, must	1	BEND head backward, must	=سر پیچھے جھکانا پڑتا ہے
bend head backward, walks with head thrown backward	1	BEND head backward, walks with head thrown backward	=سر پیچھے ڈال کر چلتا ہے
board or bar before	0	BOARD or bar before	تختہ یا سلاخ سامنے
board or bar before, sensation as of	1	BOARD or bar before, sensation as of	=جیسے سامنے تختہ یا سلاخ ہو
board or bar before, sensation as of, 11 a.m.	2	BOARD or bar before, sensation as of, 11 a.m.	=جیسے سامنے تختہ یا سلاخ ہو، دوپہر سے پہلے 11 بجے
boiling sensation	0	BOILING sensation (See Bubbling)	ابلنے کا احساس
boiling sensation, seething in left side of vertex	1	BOILING sensation (See Bubbling), seething in left side of vertex	=چوٹی کے بائیں حصے میں کھولنے کا احساس
boiling sensation, side lain on	1	BOILING sensation (See Bubbling), side lain on	=ابلنے کا احساس، جس پہلو پر لیٹے
boiling water	0	BOILING water	کھولتا پانی
boiling water, as of	1	BOILING water, as of	=جیسے کھولتا پانی ہو
bores head in pillow	0	BORES head in pillow	تکیے میں سر گھساتا ہے
bores head in pillow, sleep, during	1	BORES head in pillow, sleep, during	=نیند میں تکیے میں سر گھساتا ہے
bubbling sensation is	0	BUBBLING sensation is	بلبلے اٹھنے کا احساس
bubbling sensation is, forehead, bubble bursting in, as if	1	BUBBLING sensation is, forehead, bubble bursting in, as if	=جیسے ماتھے میں بلبلہ پھٹے
bubbling sensation is, leaning back while sitting amel.	1	BUBBLING sensation is, leaning back while sitting amel.	=بلبلے اٹھنے کا احساس، بیٹھ کر پیچھے ٹیک لگانے سے آرام
bubbling sensation is, night	1	BUBBLING sensation is, night	=بلبلے اٹھنے کا احساس، رات
bubbling sensation is, occiput, in	1	BUBBLING sensation is, occiput, in	=بلبلے اٹھنے کا احساس، گدی میں
bubbling sensation is, walking, while	1	BUBBLING sensation is, walking, while	=بلبلے اٹھنے کا احساس، چلتے ہوئے
caries	0	CARIES	ہڈی کا گلنا
caries, mastoid process, of	1	CARIES, mastoid process, of (See Ear)	=کان کے پیچھے کی ہڈی کا گلنا
cephalaematoma	0	CEPHALAEMATOMA	نوزائیدہ کے سر پر خون کی رسولی
cerebral haemorrhage	0	CEREBRAL haemorrhage	دماغ میں خون کا رساؤ (دماغی نکسیر)
clucking in	0	CLUCKING in	کٹ کٹ کی آواز
cold air	0	COLD air	ٹھنڈی ہوا
cold air, head sensitive to	1	COLD air, head sensitive to	=سر ٹھنڈی ہوا سے حساس
cold air, head sensitive to, evening	2	COLD air, head sensitive to, evening	=سر ٹھنڈی ہوا سے حساس، شام
cold air, head sensitive to, morning	2	COLD air, head sensitive to, morning	=سر ٹھنڈی ہوا سے حساس، صبح
cold air, head sensitive to, night	2	COLD air, head sensitive to, night	=سر ٹھنڈی ہوا سے حساس، رات
cold air, head sensitive to, walking in cold air	2	COLD air, head sensitive to, walking in cold air	=سر ٹھنڈی ہوا سے حساس، ٹھنڈی ہوا میں چلتے ہوئے
coldness	0	COLDNESS	ٹھنڈک
coldness, afternoon	1	COLDNESS, afternoon	سہ پہر
coldness, air	1	COLDNESS, air	ہوا
coldness, air, as from cold	2	COLDNESS, air, as from cold	=ٹھنڈک، جیسے ٹھنڈی ہوا سے
coldness, air, as if cold air passed over brain	2	COLDNESS, air, as if cold air passed over brain	=ٹھنڈک، جیسے دماغ پر سے ٹھنڈی ہوا گزری ہو
coldness, air, in open agg.	2	COLDNESS, air, in open agg.	=ٹھنڈک، کھلی ہوا میں بگاڑ
coldness, air, in open, amel.	2	COLDNESS, air, in open, amel.	=ٹھنڈک، کھلی ہوا میں آرام
coldness, alternating with heat	1	COLDNESS, alternating with heat	باری باری گرمی کے ساتھ
coldness, begins in head	1	COLDNESS, begins in head	سر سے شروع ہو
coldness, begins in head, spreads from the	2	COLDNESS, begins in head, spreads from the	=ٹھنڈک، سر سے شروع ہو کر پھیلے
coldness, breakfast, after	1	COLDNESS, breakfast, after	ناشتے کے بعد
coldness, burning, after	1	COLDNESS, burning, after	جلن کے بعد
coldness, chilliness, etc.	1	COLDNESS, chilliness, etc.	کپکپی وغیرہ کے ساتھ
coldness, cold cloth around the brain, as if	1	COLDNESS, cold cloth around the brain, as if	جیسے دماغ کے گرد ٹھنڈا کپڑا لپٹا ہو
coldness, congestion of, with	1	COLDNESS, congestion of, with	خون کے جماؤ کے ساتھ
coldness, covered	1	COLDNESS, covered	ڈھانپنا
coldness, covered, amel.	2	COLDNESS, covered, amel.	=ٹھنڈک، ڈھانپنے سے آرام
coldness, covered, even when agg.	2	COLDNESS, covered, even when agg.	=ٹھنڈک، ڈھانپنے پر بھی بگاڑ
coldness, evening	1	COLDNESS, evening	شام
coldness, forehead	1	COLDNESS, forehead	ماتھا
coldness, forehead, afternoon	2	COLDNESS, forehead, afternoon	=ٹھنڈک، ماتھے میں، سہ پہر
coldness, forehead, air	2	COLDNESS, forehead, air	=ٹھنڈک، ماتھے میں، ہوا
coldness, forehead, air, as from a draft	3	COLDNESS, forehead, air, as from a draft	=ٹھنڈک، ماتھے میں، جیسے ہوا کے جھونکے سے
coldness, forehead, air, cold, penetrates painfully	3	COLDNESS, forehead, air, cold, penetrates painfully	=ٹھنڈک، ماتھے میں، ٹھنڈی ہوا دردناک طور پر گھسے
coldness, forehead, evening	2	COLDNESS, forehead, evening	=ٹھنڈک، ماتھے میں، شام
coldness, forehead, externally	2	COLDNESS, forehead, externally	=ٹھنڈک، ماتھے میں، باہر سے
coldness, forehead, heat	2	COLDNESS, forehead, heat	=ٹھنڈک، ماتھے میں، گرمی
coldness, forehead, heat, during	3	COLDNESS, forehead, heat, during	=ٹھنڈک، ماتھے میں، بخار کی گرمی کے دوران
coldness, forehead, heat, with external heat	3	COLDNESS, forehead, heat, with external heat	=ٹھنڈک، ماتھے میں، باہر سے گرمی کے ساتھ
coldness, forehead, ice, as from	2	COLDNESS, forehead, ice, as from	=ٹھنڈک، ماتھے میں، جیسے برف سے
coldness, forehead, menses, during	2	COLDNESS, forehead, menses, during	=ٹھنڈک، ماتھے میں، حیض کے دوران
coldness, forehead, morning	2	COLDNESS, forehead, morning	=ٹھنڈک، ماتھے میں، صبح
coldness, forehead, night	2	COLDNESS, forehead, night	=ٹھنڈک، ماتھے میں، رات
coldness, forehead, spots in small, as of cold finger	2	COLDNESS, forehead, spots in small, as of cold finger	=ٹھنڈک، ماتھے میں، چھوٹے چھوٹے دھبوں میں، جیسے ٹھنڈی انگلی
coldness, forehead, warm room, in	2	COLDNESS, forehead, warm room, in	=ٹھنڈک، ماتھے میں، گرم کمرے میں
coldness, headache, during	1	COLDNESS, headache, during	سر درد کے دوران
coldness, heat, with	1	COLDNESS, heat, with	گرمی کے ساتھ
coldness, heated, from being	1	COLDNESS, heated, from being	گرم ہو جانے سے
coldness, icy	1	COLDNESS, icy	برف جیسی
coldness, internally	1	COLDNESS, internally	اندر سے
coldness, lying, while, amel.	1	COLDNESS, lying, while, amel.	لیٹے ہوئے آرام
coldness, menses, during	1	COLDNESS, menses, during	حیض کے دوران
coldness, morning	1	COLDNESS, morning	صبح
coldness, motion, on	1	COLDNESS, motion, on	حرکت پر
coldness, night	1	COLDNESS, night	رات
coldness, occiput	1	COLDNESS, occiput	گدی
coldness, occiput, air, like cool	2	COLDNESS, occiput, air, like cool	=ٹھنڈک، گدی میں، ٹھنڈی ہوا جیسی
coldness, occiput, as if frozen	2	COLDNESS, occiput, as if frozen	=ٹھنڈک، گدی میں، جیسے جم گئی ہو
coldness, occiput, cold damp weather	2	COLDNESS, occiput, cold damp weather	=ٹھنڈک، گدی میں، ٹھنڈے نم موسم میں
coldness, occiput, evening	2	COLDNESS, occiput, evening	=ٹھنڈک، گدی میں، شام
coldness, occiput, right side	2	COLDNESS, occiput, right side	=ٹھنڈک، گدی میں، دائیں طرف
coldness, occiput, rising from neck like cold air	2	COLDNESS, occiput, rising from neck like cold air	=ٹھنڈک، گدی میں، گردن سے ٹھنڈی ہوا کی طرح اوپر اٹھتی ہوئی
coldness, pain, with	1	COLDNESS, pain, with	درد کے ساتھ
coldness, painful parts	1	COLDNESS, painful parts	دکھتے حصوں میں
coldness, perspiration, with	1	COLDNESS, perspiration, with	پسینے کے ساتھ
coldness, pressure of hat, from	1	COLDNESS, pressure of hat, from	ٹوپی کے دباؤ سے
coldness, riding, after	1	COLDNESS, riding, after	سواری کے بعد
coldness, scratching, after	1	COLDNESS, scratching, after	کھجانے کے بعد
coldness, sides	1	COLDNESS, sides	پہلوؤں میں
coldness, sides, but feels burning hot	2	COLDNESS, sides, but feels burning hot	=ٹھنڈک، پہلوؤں میں، مگر جلتے ہوئے گرم محسوس ہوں
coldness, sides, evening	2	COLDNESS, sides, evening	=ٹھنڈک، پہلوؤں میں، شام
coldness, sides, left	2	COLDNESS, sides, left	=ٹھنڈک، بائیں پہلو میں
coldness, sides, one-sided	2	COLDNESS, sides, one-sided	=ٹھنڈک، ایک پہلو میں
coldness, sides, right	2	COLDNESS, sides, right	=ٹھنڈک، دائیں پہلو میں
coldness, sides, spots in	2	COLDNESS, sides, spots in	=ٹھنڈک، پہلوؤں میں دھبوں کی صورت
coldness, sides, spots in, above the ear	3	COLDNESS, sides, spots in, above the ear	=ٹھنڈک، کان کے اوپر دھبے کی صورت
coldness, sides, warmth amel.	2	COLDNESS, sides, warmth amel.	=ٹھنڈک، پہلوؤں میں، گرمائش سے آرام
coldness, sitting, while	1	COLDNESS, sitting, while	بیٹھے ہوئے
coldness, spot, as of a cold	1	COLDNESS, spot, as of a cold	جیسے ایک ٹھنڈا دھبہ ہو
coldness, stool	1	COLDNESS, stool	پاخانہ
coldness, stool, after	2	COLDNESS, stool, after	=ٹھنڈک، پاخانے کے بعد
coldness, stool, before	2	COLDNESS, stool, before	=ٹھنڈک، پاخانے سے پہلے
coldness, stooping agg.	1	COLDNESS, stooping agg.	جھکنے سے بگاڑ
coldness, temples	1	COLDNESS, temples	کنپٹیاں
coldness, temples, right	2	COLDNESS, temples, right	=ٹھنڈک، دائیں کنپٹی میں
coldness, vertex	1	COLDNESS, vertex	چوٹی
coldness, vertex, afternoon	2	COLDNESS, vertex, afternoon	=ٹھنڈک، چوٹی پر، سہ پہر
coldness, vertex, as if without covering upper part	2	COLDNESS, vertex, as if without covering upper part	=ٹھنڈک، چوٹی پر، جیسے اوپر کا حصہ ڈھکا ہی نہ ہو
coldness, vertex, covered, even when	2	COLDNESS, vertex, covered, even when	=ٹھنڈک، چوٹی پر، ڈھانپنے پر بھی
coldness, vertex, extending to sacrum	2	COLDNESS, vertex, extending to sacrum	=ٹھنڈک، چوٹی سے ریڑھ کے نچلے سرے تک
coldness, vertex, icy coldness	2	COLDNESS, vertex, icy coldness	=ٹھنڈک، چوٹی پر، برف جیسی
coldness, vertex, icy coldness, when covered	3	COLDNESS, vertex, icy coldness, when covered	=ٹھنڈک، چوٹی پر، برف جیسی، ڈھانپنے پر بھی
coldness, vertex, menses, during	2	COLDNESS, vertex, menses, during	=ٹھنڈک، چوٹی پر، حیض کے دوران
coldness, vertex, motion, during	2	COLDNESS, vertex, motion, during	=ٹھنڈک، چوٹی پر، حرکت کے دوران
coldness, vertex, spots, in	2	COLDNESS, vertex, spots, in	=ٹھنڈک، چوٹی پر دھبوں کی صورت
coldness, vertex, spots, in, a small	3	COLDNESS, vertex, spots, in, a small	=ٹھنڈک، چوٹی پر ایک چھوٹے دھبے کی صورت
coldness, vertex, stooping, on	2	COLDNESS, vertex, stooping, on	=ٹھنڈک، چوٹی پر، جھکنے پر
coldness, vertex, warm room	2	COLDNESS, vertex, warm room	=ٹھنڈک، چوٹی پر، گرم کمرے میں
coldness, vertex, water, as from cold	2	COLDNESS, vertex, water, as from cold	=ٹھنڈک، چوٹی پر، جیسے ٹھنڈے پانی سے
coldness, walking amel.	1	COLDNESS, walking amel.	چلنے سے آرام
coldness, warm room	1	COLDNESS, warm room	گرم کمرے میں
coldness, water, as from cold	1	COLDNESS, water, as from cold	جیسے ٹھنڈے پانی سے
commotion	0	COMMOTION	ہلچل (اندر سب کچھ ہلتا ہوا)
commotion, painless, in	1	COMMOTION, painless, in	=ہلچل، بغیر درد کے
compression	0	COMPRESSION (See Constriction, Pressing)	دباؤ، سکڑاؤ
concussion of brain	0	CONCUSSION of brain	دماغ کی چوٹ (جھٹکا)
congestion	0	CONGESTION	خون کا جماؤ (سر کو خون چڑھنا)
congestion, afternoon	1	CONGESTION, afternoon	سہ پہر
congestion, afternoon, 5 p.m., to midnight	2	CONGESTION, afternoon, 5 p.m., to midnight	=خون کا جماؤ، سہ پہر 5 بجے سے آدھی رات تک
congestion, air	1	CONGESTION, air	ہوا
congestion, air, in open agg.	2	CONGESTION, air, in open agg.	=خون کا جماؤ، کھلی ہوا میں بگاڑ
congestion, air, in open, amel.	2	CONGESTION, air, in open, amel.	=خون کا جماؤ، کھلی ہوا میں آرام
congestion, alcoholic liquors agg.	1	CONGESTION, alcoholic liquors agg.	شراب سے بگاڑ
congestion, alternating with congestion to heart	1	CONGESTION, alternating with congestion to heart	باری باری دل کو خون چڑھنے کے ساتھ
congestion, alternating with icy cold sensation	1	CONGESTION, alternating with icy cold sensation	باری باری برف جیسی ٹھنڈک کے احساس کے ساتھ
congestion, anger, after	1	CONGESTION, anger, after	غصے کے بعد
congestion, anxiety, with	1	CONGESTION, anxiety, with	بے چینی کے ساتھ
congestion, bed, while in	1	CONGESTION, bed, while in	بستر میں
congestion, bending head backward, on	1	CONGESTION, bending head backward, on	سر پیچھے جھکانے پر
congestion, bending head, forward	1	CONGESTION, bending head, forward	سر آگے جھکانے پر
congestion, blowing nose, on	1	CONGESTION, blowing nose, on	ناک سنکنے پر
congestion, chest, during shocks in	1	CONGESTION, chest, during shocks in	سینے میں جھٹکوں کے دوران
congestion, coffee, from	1	CONGESTION, coffee, from	کافی سے
congestion, constipation, during	1	CONGESTION, constipation, during	قبض کے دوران
congestion, convulsions	1	CONGESTION, convulsions	تشنج
congestion, convulsions, before	2	CONGESTION, convulsions, before	=خون کا جماؤ، تشنج سے پہلے
congestion, convulsions, during	2	CONGESTION, convulsions, during	=خون کا جماؤ، تشنج کے دوران
congestion, coughing, on	1	CONGESTION, coughing, on	کھانستے وقت
congestion, dinner, after	1	CONGESTION, dinner, after	دوپہر کے کھانے کے بعد
congestion, eating	1	CONGESTION, eating	کھانا
congestion, eating, after	2	CONGESTION, eating, after	=خون کا جماؤ، کھانے کے بعد
congestion, eating, before	2	CONGESTION, eating, before	=خون کا جماؤ، کھانے سے پہلے
congestion, eating, high living, from	2	CONGESTION, eating, high living, from	=خون کا جماؤ، مرغن اور بھاری کھانے سے
congestion, epilepsy, before	1	CONGESTION, epilepsy, before	مرگی کے دورے سے پہلے
congestion, epistaxis	1	CONGESTION, epistaxis	نکسیر
congestion, epistaxis, feels as if, were coming on	2	CONGESTION, epistaxis, feels as if, were coming on	=خون کا جماؤ، لگتا ہے نکسیر پھوٹنے والی ہے
congestion, epistaxis, with	2	CONGESTION, epistaxis, with	=خون کا جماؤ، نکسیر کے ساتھ
congestion, evening	1	CONGESTION, evening	شام
congestion, excitement	1	CONGESTION, excitement	جوش
congestion, excitement, after a pleasant surprise	2	CONGESTION, excitement, after a pleasant surprise	=خون کا جماؤ، خوشگوار حیرت کے بعد
congestion, excitement, during	2	CONGESTION, excitement, during	=خون کا جماؤ، جوش کے دوران
congestion, exercise, on taking	1	CONGESTION, exercise, on taking	ورزش کرنے پر
congestion, extending to	1	CONGESTION, extending to	پھیلتا ہوا
congestion, extending to, from abdomen	2	CONGESTION, extending to, from abdomen	=خون کا جماؤ، پیٹ سے سر کی طرف
congestion, extending to, from back	2	CONGESTION, extending to, from back	=خون کا جماؤ، کمر سے سر کی طرف
congestion, extending to, from chest	2	CONGESTION, extending to, from chest	=خون کا جماؤ، سینے سے سر کی طرف
congestion, forehead, in	1	CONGESTION, forehead, in	ماتھے میں
congestion, forenoon	1	CONGESTION, forenoon	دوپہر سے پہلے
congestion, fright or grief, from	1	CONGESTION, fright or grief, from	ڈر یا غم سے
congestion, heart	1	CONGESTION, heart	دل
congestion, heart, as if blood rushed from heart to head	2	CONGESTION, heart, as if blood rushed from heart to head	=خون کا جماؤ، جیسے دل سے خون سر کی طرف دوڑا ہو
congestion, heart, at every throb of	2	CONGESTION, heart, at every throb of	=خون کا جماؤ، دل کی ہر دھڑکن پر
congestion, heat of face, with	1	CONGESTION, heat of face, with	چہرے کی گرمی کے ساتھ
congestion, hyperaemia, etc.	1	CONGESTION, hyperaemia, etc.	خون کی زیادتی وغیرہ
congestion, lifting, after	1	CONGESTION, lifting, after	وزن اٹھانے کے بعد
congestion, lochia, from suppressed	1	CONGESTION, lochia, from suppressed	زچگی کے بعد کا خون رک جانے سے
congestion, lying on temple, right	1	CONGESTION, lying on temple, right	دائیں کنپٹی کے بل لیٹنے پر
congestion, lying	1	CONGESTION, lying	لیٹنا
congestion, lying, amel.	2	CONGESTION, lying, amel.	=خون کا جماؤ، لیٹنے سے آرام
congestion, lying, on the back	2	CONGESTION, lying, on the back	=خون کا جماؤ، پیٹھ کے بل لیٹنے پر
congestion, lying, while agg.	2	CONGESTION, lying, while agg.	=خون کا جماؤ، لیٹے ہوئے بگاڑ
congestion, menses	1	CONGESTION, menses	حیض
congestion, menses, after	2	CONGESTION, menses, after	=خون کا جماؤ، حیض کے بعد
congestion, menses, before	2	CONGESTION, menses, before	=خون کا جماؤ، حیض سے پہلے
congestion, menses, during	2	CONGESTION, menses, during	=خون کا جماؤ، حیض کے دوران
congestion, menses, suppressed, from	2	CONGESTION, menses, suppressed, from	=خون کا جماؤ، رکے ہوئے حیض سے
congestion, mental exertion, from	1	CONGESTION, mental exertion, from	ذہنی محنت سے
congestion, morning	1	CONGESTION, morning	صبح
congestion, morning, rising, on	2	CONGESTION, morning, rising, on	=خون کا جماؤ، صبح اٹھتے وقت
congestion, morning, waking, on	2	CONGESTION, morning, waking, on	=خون کا جماؤ، صبح جاگنے پر
congestion, motion	1	CONGESTION, motion	حرکت
congestion, motion, from	2	CONGESTION, motion, from	=خون کا جماؤ، حرکت سے
congestion, motion, rapid, from	2	CONGESTION, motion, rapid, from	=خون کا جماؤ، تیز حرکت سے
congestion, music, from	1	CONGESTION, music, from	موسیقی سے
congestion, night	1	CONGESTION, night	رات
congestion, night, a stream, from chest to head like a gust of wind with epistaxis	2	CONGESTION, night, a stream, from chest to head like a gust of wind with epistaxis	=خون کا جماؤ، رات، سینے سے سر کی طرف ہوا کے جھونکے جیسی لہر، نکسیر کے ساتھ
congestion, noon	1	CONGESTION, noon	دوپہر
congestion, noon, agg. toward, gradually ceasing toward evening, with terrible pain, would press head against wall; fears going mad	2	CONGESTION, noon, agg. toward, gradually ceasing toward evening, with terrible pain, would press head against wall; fears going mad	=خون کا جماؤ، دوپہر کی طرف بڑھے، شام تک آہستہ آہستہ ختم، سخت درد کے ساتھ، سر دیوار سے دبانا چاہے؛ پاگل ہونے کا ڈر
congestion, occiput	1	CONGESTION, occiput	گدی میں
congestion, pains, when, suddenly cease	1	CONGESTION, pains, when, suddenly cease	جب درد اچانک رک جائیں
congestion, pale face, with	1	CONGESTION, pale face, with	زرد چہرے کے ساتھ
congestion, periodical	1	CONGESTION, periodical	وقفے وقفے سے، باقاعدہ
congestion, perspiration	1	CONGESTION, perspiration	پسینہ
congestion, perspiration, during	2	CONGESTION, perspiration, during	=خون کا جماؤ، پسینے کے دوران
congestion, perspiration, where perspiration fails in ague	2	CONGESTION, perspiration, where perspiration fails in ague	=خون کا جماؤ، جب باری کے بخار میں پسینہ نہ آئے
congestion, rage, during	1	CONGESTION, rage, during	طیش کے دوران
congestion, raising the head	1	CONGESTION, raising the head	سر اٹھانے پر
congestion, redness of face, with	1	CONGESTION, redness of face, with	چہرے کی سرخی کے ساتھ
congestion, riding, from	1	CONGESTION, riding, from	سواری سے
congestion, rising	1	CONGESTION, rising	اٹھنا
congestion, rising, amel.	2	CONGESTION, rising, amel.	=خون کا جماؤ، اٹھنے سے آرام
congestion, rising, on agg.	2	CONGESTION, rising, on agg.	=خون کا جماؤ، اٹھنے پر بگاڑ
congestion, room, on entering	1	CONGESTION, room, on entering	کمرے میں داخل ہونے پر
congestion, shaking the head, on	1	CONGESTION, shaking the head, on	سر ہلانے پر
congestion, sitting	1	CONGESTION, sitting	بیٹھنا
congestion, sitting, must sit up	2	CONGESTION, sitting, must sit up	=خون کا جماؤ، اٹھ کر بیٹھنا پڑتا ہے
congestion, sitting, while	2	CONGESTION, sitting, while	=خون کا جماؤ، بیٹھے ہوئے
congestion, sleep	1	CONGESTION, sleep	نیند
congestion, sleep, amel., after	2	CONGESTION, sleep, amel., after	=خون کا جماؤ، نیند کے بعد آرام
congestion, sleep, during	2	CONGESTION, sleep, during	=خون کا جماؤ، نیند کے دوران
congestion, smoking, from	1	CONGESTION, smoking, from	تمباکو نوشی سے
congestion, speaking	1	CONGESTION, speaking	بولنا
congestion, speaking, when	2	CONGESTION, speaking, when	=خون کا جماؤ، بولتے وقت
congestion, speaking, when spoken to harshly	2	CONGESTION, speaking, when spoken to harshly	=خون کا جماؤ، جب کوئی سختی سے بات کرے
congestion, standing, from	1	CONGESTION, standing, from	کھڑے ہونے سے
congestion, stepping heavily, from	1	CONGESTION, stepping heavily, from	زور سے قدم رکھنے سے
congestion, stool	1	CONGESTION, stool	پاخانہ
congestion, stool, after	2	CONGESTION, stool, after	=خون کا جماؤ، پاخانے کے بعد
congestion, stool, before	2	CONGESTION, stool, before	=خون کا جماؤ، پاخانے سے پہلے
congestion, stool, during	2	CONGESTION, stool, during	=خون کا جماؤ، پاخانے کے دوران
congestion, stooping, when	1	CONGESTION, stooping, when	جھکنے پر
congestion, streamed, as if blood from below upwards or within outwards	1	CONGESTION, streamed, as if blood from below upwards or within outwards	جیسے خون نیچے سے اوپر یا اندر سے باہر کو بہا ہو
congestion, sun, from exposure	1	CONGESTION, sun, from exposure	دھوپ میں رہنے سے
congestion, suppressed discharges or suddenly ceasing pains	1	CONGESTION, suppressed discharges or suddenly ceasing pains	رکے ہوئے اخراجات یا اچانک رکے ہوئے درد سے
congestion, talking	1	CONGESTION, talking	باتیں کرنے سے
congestion, temples	1	CONGESTION, temples	کنپٹیوں میں
congestion, uremic poison, from	1	CONGESTION, uremic poison, from	پیشاب کے زہر (یوریمیا) سے
congestion, vertex	1	CONGESTION, vertex	چوٹی میں
congestion, waking, on	1	CONGESTION, waking, on	جاگنے پر
congestion, walking	1	CONGESTION, walking	چلنا
congestion, walking, in open air agg.	2	CONGESTION, walking, in open air agg.	=خون کا جماؤ، کھلی ہوا میں چلنے سے بگاڑ
congestion, walking, in open air	2	CONGESTION, walking, in open air	=خون کا جماؤ، کھلی ہوا میں چلنا
congestion, walking, in open air, amel.	3	CONGESTION, walking, in open air, amel.	=خون کا جماؤ، کھلی ہوا میں چلنے سے آرام
congestion, walking, in open air, fast	3	CONGESTION, walking, in open air, fast	=خون کا جماؤ، کھلی ہوا میں تیز چلنے سے
congestion, walking, while	2	CONGESTION, walking, while	=خون کا جماؤ، چلتے ہوئے
congestion, warm room	1	CONGESTION, warm room	گرم کمرے میں
congestion, wet, from getting the feet	1	CONGESTION, wet, from getting the feet	پاؤں بھیگ جانے سے
congestion, wine, after	1	CONGESTION, wine, after	شراب (وائن) کے بعد
congestion, writing, while	1	CONGESTION, writing, while	لکھتے ہوئے
constriction	0	CONSTRICTION	جکڑن (کساؤ)
constriction, afternoon	1	CONSTRICTION, afternoon	سہ پہر
constriction, air, open	1	CONSTRICTION, air, open	کھلی ہوا
constriction, air, open, agg.	2	CONSTRICTION, air, open, agg.	=جکڑن، کھلی ہوا میں بگاڑ
constriction, air, open, amel.	2	CONSTRICTION, air, open, amel.	=جکڑن، کھلی ہوا میں آرام
constriction, alternating with relaxation	1	CONSTRICTION, alternating with relaxation	باری باری ڈھیلے پن کے ساتھ
constriction, armor, as if in	1	CONSTRICTION, armor, as if in	جیسے زرہ (لوہے کے خول) میں ہو
constriction, band or hoop	1	CONSTRICTION, band or hoop	پٹی یا حلقہ
constriction, band or hoop, after dinner	2	CONSTRICTION, band or hoop, after dinner	=جکڑن، جیسے پٹی یا حلقہ، دوپہر کے کھانے کے بعد
constriction, band or hoop, hot	2	CONSTRICTION, band or hoop, hot	=جکڑن، جیسے گرم پٹی یا حلقہ
constriction, bending backward amel.	1	CONSTRICTION, bending backward amel.	پیچھے جھکنے سے آرام
constriction, breakfast amel.	1	CONSTRICTION, breakfast amel.	ناشتے سے آرام
constriction, chill, during	1	CONSTRICTION, chill, during	سردی لگنے کے دوران
constriction, closing eyes amel.	1	CONSTRICTION, closing eyes amel.	آنکھیں بند کرنے سے آرام
constriction, coughing, on	1	CONSTRICTION, coughing, on	کھانستے وقت
constriction, dinner, after	1	CONSTRICTION, dinner, after	دوپہر کے کھانے کے بعد
constriction, drinking agg.	1	CONSTRICTION, drinking agg.	پینے سے بگاڑ
constriction, eating, after	1	CONSTRICTION, eating, after	کھانے کے بعد
constriction, evening	1	CONSTRICTION, evening	شام
constriction, evening, in bed	2	CONSTRICTION, evening, in bed	=جکڑن، شام بستر میں
constriction, extending to eyes and nose	1	CONSTRICTION, extending to eyes and nose	آنکھوں اور ناک تک پھیلتی ہوئی
constriction, forehead	1	CONSTRICTION, forehead	ماتھا
constriction, forehead, above	2	CONSTRICTION, forehead, above	=جکڑن، ماتھے کے اوپر
constriction, forehead, across	2	CONSTRICTION, forehead, across	=جکڑن، ماتھے کے آر پار
constriction, forehead, alternating with expansion	2	CONSTRICTION, forehead, alternating with expansion	=جکڑن، ماتھے میں، باری باری پھیلاؤ کے ساتھ
constriction, forehead, band, as from	2	CONSTRICTION, forehead, band, as from	=جکڑن، ماتھے میں، جیسے پٹی سے
constriction, forehead, band, as from, closing eyes amel.	3	CONSTRICTION, forehead, band, as from, closing eyes amel.	=جکڑن، ماتھے میں، جیسے پٹی سے، آنکھیں بند کرنے سے آرام
constriction, forehead, band, as from, laughing, from	3	CONSTRICTION, forehead, band, as from, laughing, from	=جکڑن، ماتھے میں، جیسے پٹی سے، ہنسنے سے
constriction, forehead, band, as from, noon	3	CONSTRICTION, forehead, band, as from, noon	=جکڑن، ماتھے میں، جیسے پٹی سے، دوپہر
constriction, forehead, coughing, on	2	CONSTRICTION, forehead, coughing, on	=جکڑن، ماتھے میں، کھانستے وقت
constriction, forehead, eating, after	2	CONSTRICTION, forehead, eating, after	=جکڑن، ماتھے میں، کھانے کے بعد
constriction, forehead, from margin of orbits to temples	2	CONSTRICTION, forehead, from margin of orbits to temples	=جکڑن، آنکھوں کے حلقوں کے کنارے سے کنپٹیوں تک
constriction, forehead, from margin of orbits to temples, pressure amel.	3	CONSTRICTION, forehead, from margin of orbits to temples, pressure amel.	=جکڑن، آنکھوں کے حلقوں کے کنارے سے کنپٹیوں تک، دبانے سے آرام
constriction, forehead, intermittent	2	CONSTRICTION, forehead, intermittent	=جکڑن، ماتھے میں، وقفے وقفے سے
constriction, forehead, morning	2	CONSTRICTION, forehead, morning	=جکڑن، ماتھے میں، صبح
constriction, forehead, morning, rising, on	3	CONSTRICTION, forehead, morning, rising, on	=جکڑن، ماتھے میں، صبح اٹھتے وقت
constriction, forehead, narrow, as if too	2	CONSTRICTION, forehead, narrow, as if too	=جکڑن، ماتھے میں، جیسے بہت تنگ ہو
constriction, forehead, over the eyes	2	CONSTRICTION, forehead, over the eyes	=جکڑن، آنکھوں کے اوپر
constriction, forehead, over the eyes, left	3	CONSTRICTION, forehead, over the eyes, left	=جکڑن، بائیں آنکھ کے اوپر
constriction, forehead, over the eyes, looking intently	3	CONSTRICTION, forehead, over the eyes, looking intently	=جکڑن، آنکھوں کے اوپر، غور سے دیکھنے پر
constriction, forehead, string, as by	2	CONSTRICTION, forehead, string, as by	=جکڑن، ماتھے میں، جیسے ڈوری سے
constriction, hat	1	CONSTRICTION, hat	ٹوپی
constriction, hat, as of a tight	2	CONSTRICTION, hat, as of a tight	=جکڑن، جیسے تنگ ٹوپی ہو
constriction, hat, pressure of, agg.	2	CONSTRICTION, hat, pressure of, agg.	=جکڑن، ٹوپی کے دباؤ سے بگاڑ
constriction, heat of sun amel.	1	CONSTRICTION, heat of sun amel.	دھوپ کی گرمی سے آرام
constriction, heated, when	1	CONSTRICTION, heated, when	گرم ہونے پر
constriction, laughing, when	1	CONSTRICTION, laughing, when	ہنستے وقت
constriction, light from candle	1	CONSTRICTION, light from candle	موم بتی کی روشنی سے
constriction, looking steadily agg.	1	CONSTRICTION, looking steadily agg.	ایک ٹک دیکھنے سے بگاڑ
constriction, looking, sideways	1	CONSTRICTION, looking, sideways	ترچھا دیکھنے پر
constriction, lying amel.	1	CONSTRICTION, lying amel.	لیٹنے سے آرام
constriction, lying, back, on, while	1	CONSTRICTION, lying, back, on, while	پیٹھ کے بل لیٹے ہوئے
constriction, menses	1	CONSTRICTION, menses	حیض
constriction, menses, before	2	CONSTRICTION, menses, before	=جکڑن، حیض سے پہلے
constriction, menses, during	2	CONSTRICTION, menses, during	=جکڑن، حیض کے دوران
constriction, mental exertion, from	1	CONSTRICTION, mental exertion, from	ذہنی محنت سے
constriction, morning agg.	1	CONSTRICTION, morning agg.	صبح بگاڑ
constriction, morning	1	CONSTRICTION, morning	صبح
constriction, morning, amel.	2	CONSTRICTION, morning, amel.	=جکڑن، صبح آرام
constriction, morning, rising, after	2	CONSTRICTION, morning, rising, after	=جکڑن، صبح اٹھنے کے بعد
constriction, motion	1	CONSTRICTION, motion	حرکت
constriction, motion, amel.	2	CONSTRICTION, motion, amel.	=جکڑن، حرکت سے آرام
constriction, motion, from agg.	2	CONSTRICTION, motion, from agg.	=جکڑن، حرکت سے بگاڑ
constriction, motion, in open air amel.	2	CONSTRICTION, motion, in open air amel.	=جکڑن، کھلی ہوا میں حرکت سے آرام
constriction, net, as if in a	1	CONSTRICTION, net, as if in a	جیسے جال میں ہو
constriction, night	1	CONSTRICTION, night	رات
constriction, occiput	1	CONSTRICTION, occiput	گدی
constriction, occiput, alternating with tension of face	2	CONSTRICTION, occiput, alternating with tension of face	=جکڑن، گدی میں، باری باری چہرے کے تناؤ کے ساتھ
constriction, occiput, coughing, on	2	CONSTRICTION, occiput, coughing, on	=جکڑن، گدی میں، کھانستے وقت
constriction, occiput, evening	2	CONSTRICTION, occiput, evening	=جکڑن، گدی میں، شام
constriction, occiput, extending to finger joints	2	CONSTRICTION, occiput, extending to finger joints	=جکڑن، گدی میں، انگلیوں کے جوڑوں تک پھیلتی ہوئی
constriction, occiput, extending	2	CONSTRICTION, occiput, extending	=جکڑن، گدی میں، پھیلتی ہوئی
constriction, occiput, extending, into nape of neck	3	CONSTRICTION, occiput, extending, into nape of neck	=جکڑن، گدی سے گردن کے پچھلے حصے تک
constriction, occiput, extending, upward, downward and toward ears	3	CONSTRICTION, occiput, extending, upward, downward and toward ears	=جکڑن، گدی سے اوپر، نیچے اور کانوں کی طرف
constriction, occiput, forenoon	2	CONSTRICTION, occiput, forenoon	=جکڑن، گدی میں، دوپہر سے پہلے
constriction, occiput, night	2	CONSTRICTION, occiput, night	=جکڑن، گدی میں، رات
constriction, occiput, night, lying on back	3	CONSTRICTION, occiput, night, lying on back	=جکڑن، گدی میں، رات پیٹھ کے بل لیٹے
constriction, occiput, night, lying on, side	3	CONSTRICTION, occiput, night, lying on, side	=جکڑن، گدی میں، رات پہلو پر لیٹے
constriction, occiput, standing, on	2	CONSTRICTION, occiput, standing, on	=جکڑن، گدی میں، کھڑے ہونے پر
constriction, occiput, swallowing	2	CONSTRICTION, occiput, swallowing	=جکڑن، گدی میں، نگلتے وقت
constriction, occiput, waking, on	2	CONSTRICTION, occiput, waking, on	=جکڑن، گدی میں، جاگنے پر
constriction, occiput, writing, while	2	CONSTRICTION, occiput, writing, while	=جکڑن، گدی میں، لکھتے ہوئے
constriction, paroxysmal	1	CONSTRICTION, paroxysmal	دوروں کی شکل میں
constriction, periodic	1	CONSTRICTION, periodic	وقفے وقفے سے، باقاعدہ
constriction, pressure amel.	1	CONSTRICTION, pressure amel.	دبانے سے آرام
constriction, reading while	1	CONSTRICTION, reading while	پڑھتے ہوئے
constriction, rising amel.	1	CONSTRICTION, rising amel.	اٹھنے سے آرام
constriction, room	1	CONSTRICTION, room	کمرہ
constriction, room, amel.	2	CONSTRICTION, room, amel.	=جکڑن، کمرے میں آرام
constriction, room, on entering	2	CONSTRICTION, room, on entering	=جکڑن، کمرے میں داخل ہونے پر
constriction, side	1	CONSTRICTION, side	پہلو
constriction, side, extending into orbits and teeth	2	CONSTRICTION, side, extending into orbits and teeth	=جکڑن، پہلو میں، آنکھوں کے حلقوں اور دانتوں تک پھیلتی ہوئی
constriction, side, extending to left upper teeth, stitch-like in spots, on stooping; amel. on rising	2	CONSTRICTION, side, extending to left upper teeth, stitch-like in spots, on stooping; amel. on rising	=جکڑن، پہلو میں، بائیں اوپر کے دانتوں تک، جگہ جگہ چبھن جیسی، جھکنے پر؛ اٹھنے سے آرام
constriction, sitting agg.	1	CONSTRICTION, sitting agg.	بیٹھنے سے بگاڑ
constriction, sitting	1	CONSTRICTION, sitting	بیٹھنا
constriction, sitting, amel.	2	CONSTRICTION, sitting, amel.	=جکڑن، بیٹھنے سے آرام
constriction, sitting, bent forward agg.	2	CONSTRICTION, sitting, bent forward agg.	=جکڑن، آگے جھک کر بیٹھنے سے بگاڑ
constriction, sleeping agg.	1	CONSTRICTION, sleeping agg.	سونے سے بگاڑ
constriction, sleeping, on affected side	1	CONSTRICTION, sleeping, on affected side	متاثرہ پہلو پر سونے سے
constriction, sneezing, on	1	CONSTRICTION, sneezing, on	چھینکتے وقت
constriction, standing agg.	1	CONSTRICTION, standing agg.	کھڑے ہونے سے بگاڑ
constriction, stool, during	1	CONSTRICTION, stool, during	پاخانے کے دوران
constriction, stooping agg.	1	CONSTRICTION, stooping agg.	جھکنے سے بگاڑ
constriction, string, as if by	1	CONSTRICTION, string, as if by	جیسے ڈوری سے
constriction, string, as if by, from nape to ears	2	CONSTRICTION, string, as if by, from nape to ears	=جکڑن، جیسے گردن کے پچھلے حصے سے کانوں تک ڈوری بندھی ہو
constriction, swallowing, on	1	CONSTRICTION, swallowing, on	نگلتے وقت
constriction, talking	1	CONSTRICTION, talking	باتیں کرنے سے
constriction, temples	1	CONSTRICTION, temples	کنپٹیاں
constriction, temples, band from temple to temple, like a	2	CONSTRICTION, temples, band from temple to temple, like a	=جکڑن، کنپٹی سے کنپٹی تک پٹی کی طرح
constriction, temples, cough, during	2	CONSTRICTION, temples, cough, during	=جکڑن، کنپٹیوں میں، کھانسی کے دوران
constriction, temples, morning	2	CONSTRICTION, temples, morning	=جکڑن، کنپٹیوں میں، صبح
constriction, tension	1	CONSTRICTION, tension	تناؤ
constriction, thread were stretched from nape to eyes, as if	1	CONSTRICTION, thread were stretched from nape to eyes, as if	جیسے گردن کے پچھلے حصے سے آنکھوں تک دھاگہ تنا ہو
constriction, uncovering head amel.	1	CONSTRICTION, uncovering head amel.	سر کھولنے (ننگا کرنے) سے آرام
constriction, vertex	1	CONSTRICTION, vertex	چوٹی
constriction, vertex, exertion of vision	2	CONSTRICTION, vertex, exertion of vision	=جکڑن، چوٹی میں، نظر پر زور دینے سے
constriction, vertex, extending to jaw	2	CONSTRICTION, vertex, extending to jaw	=جکڑن، چوٹی سے جبڑے تک پھیلتی ہوئی
constriction, vertex, menses, during	2	CONSTRICTION, vertex, menses, during	=جکڑن، چوٹی میں، حیض کے دوران
constriction, vertex, mental exertion	2	CONSTRICTION, vertex, mental exertion	=جکڑن، چوٹی میں، ذہنی محنت سے
constriction, vomiting amel.	1	CONSTRICTION, vomiting amel.	قے سے آرام
constriction, waking, on	1	CONSTRICTION, waking, on	جاگنے پر
constriction, walking	1	CONSTRICTION, walking	چلنا
constriction, walking, in open air amel.	2	CONSTRICTION, walking, in open air amel.	=جکڑن، کھلی ہوا میں چلنے سے آرام
constriction, walking, while	2	CONSTRICTION, walking, while	=جکڑن، چلتے ہوئے
constriction, warm room	1	CONSTRICTION, warm room	گرم کمرے میں
constriction, warmth amel.	1	CONSTRICTION, warmth amel.	گرمائش سے آرام
constriction, washing, after	1	CONSTRICTION, washing, after	دھونے کے بعد
constriction, wet weather agg.	1	CONSTRICTION, wet weather agg.	نم موسم میں بگاڑ
constriction, writing, while	1	CONSTRICTION, writing, while	لکھتے ہوئے
constriction, forehead, nose, over root of	1	CONSTRICTION, Forehead, nose, over root of (See Pressing Pain)	ناک کی جڑ کے اوپر ماتھے میں
contraction of scalp	0	CONTRACTION of scalp	سر کی کھال کا سکڑاؤ
contraction of scalp, sensation of	1	CONTRACTION of scalp, sensation of	=سر کی کھال سکڑنے کا احساس
contraction of scalp, sensation of, forehead	2	CONTRACTION of scalp, sensation of, forehead	=سر کی کھال سکڑنے کا احساس، ماتھے میں
convulsions of the right side of head	0	CONVULSIONS of the right side of head	سر کے دائیں حصے میں تشنج
covers head	0	COVERS head (See Coldness, uncovering)	سر ڈھانپتا ہے
crackling sensation in	0	CRACKLING sensation in	چٹخنے کا احساس
crackling sensation in, as if something broke	1	CRACKLING sensation in, as if something broke	=جیسے کچھ ٹوٹ گیا ہو
crackling sensation in, blowing nose, after	1	CRACKLING sensation in, blowing nose, after	=چٹخنے کا احساس، ناک سنکنے کے بعد
crackling sensation in, evening	1	CRACKLING sensation in, evening	=چٹخنے کا احساس، شام
crackling sensation in, forehead	1	CRACKLING sensation in, forehead	=چٹخنے کا احساس، ماتھے میں
crackling sensation in, motion agg.	1	CRACKLING sensation in, motion agg.	=چٹخنے کا احساس، حرکت سے بگاڑ
crackling sensation in, occiput	1	CRACKLING sensation in, occiput	=چٹخنے کا احساس، گدی میں
crackling sensation in, shivering, with	1	CRACKLING sensation in, shivering, with	=چٹخنے کا احساس، کپکپی کے ساتھ
crackling sensation in, side	1	CRACKLING sensation in, side	=چٹخنے کا احساس، پہلو میں
crackling sensation in, siesta, during	1	CRACKLING sensation in, siesta, during	=چٹخنے کا احساس، دوپہر کی نیند کے دوران
crackling sensation in, sitting	1	CRACKLING sensation in, sitting	=چٹخنے کا احساس، بیٹھنا
crackling sensation in, sitting, amel.	2	CRACKLING sensation in, sitting, amel.	=چٹخنے کا احساس، بیٹھنے سے آرام
crackling sensation in, sitting, while agg.	2	CRACKLING sensation in, sitting, while agg.	=چٹخنے کا احساس، بیٹھے ہوئے بگاڑ
crackling sensation in, turning the head, when	1	CRACKLING sensation in, turning the head, when	=چٹخنے کا احساس، سر گھمانے پر
crackling sensation in, vertex	1	CRACKLING sensation in, vertex	=چٹخنے کا احساس، چوٹی میں
crawling, creeping sensation	0	CRAWLING, creeping sensation (See Formication)	رینگنے کا احساس
dandruff	0	DANDRUFF	سکری (بھوسی)
dandruff, white	1	DANDRUFF, white	=سفید سکری
dandruff, yellow	1	DANDRUFF, yellow	=زرد سکری
distention	0	DISTENTION (See Enlarged, Swollen, Fullness, etc.)	پھیلاؤ، تناؤ
distention, blood vessels	1	DISTENTION (See Enlarged, Swollen, Fullness, etc.), blood vessels	=خون کی نالیوں کا پھیلاؤ
distention, blood vessels, during menses	2	DISTENTION (See Enlarged, Swollen, Fullness, etc.), blood vessels, during menses	=خون کی نالیوں کا پھیلاؤ، حیض کے دوران
dilated	0	DILATED (See Expanded)	پھیلا ہوا
dragging sensation in	0	DRAGGING sensation in	کھنچاؤ کا احساس
dragging sensation in, extending to shoulders	1	DRAGGING sensation in, extending to shoulders	=کھنچاؤ کا احساس، کندھوں تک پھیلتا ہوا
dragging sensation in, sitting and leaning against high pillow amel.	1	DRAGGING sensation in, sitting and leaning against high pillow amel.	=کھنچاؤ کا احساس، بیٹھ کر اونچے تکیے سے ٹیک لگانے سے آرام
drawn backward	0	DRAWN backward (See Falling)	پیچھے کو کھنچنا
drawn backward, convulsions, in	1	DRAWN backward (See Falling), convulsions, in	=پیچھے کو کھنچنا، تشنج میں
drawn backward, menses, during	1	DRAWN backward (See Falling), menses, during	=پیچھے کو کھنچنا، حیض کے دوران
drawn backward, sleep, during	1	DRAWN backward (See Falling), sleep, during	=پیچھے کو کھنچنا، نیند کے دوران
drawn	0	DRAWN	کھنچنا
drawn, forwards	1	DRAWN, forwards	=آگے کو کھنچنا
drawn, sideways	1	DRAWN, sideways	=ایک طرف کو کھنچنا
drawn, sideways, epilepsy, before	2	DRAWN, sideways, epilepsy, before	=ایک طرف کو کھنچنا، مرگی کے دورے سے پہلے
drawn, sideways, first left then right	2	DRAWN, sideways, first left then right	=ایک طرف کو کھنچنا، پہلے بائیں پھر دائیں
drawn, sideways, first right then left	2	DRAWN, sideways, first right then left	=ایک طرف کو کھنچنا، پہلے دائیں پھر بائیں
drawn, sideways, right, to	2	DRAWN, sideways, right, to	=دائیں طرف کو کھنچنا
drawn, sideways, upon shoulders	2	DRAWN, sideways, upon shoulders	=ایک طرف کو کھنچنا، کندھوں پر
elongated sensation	0	ELONGATED sensation	لمبا ہو جانے کا احساس
empty	0	EMPTY	خالی پن
empty, hollow sensation	1	EMPTY, hollow sensation	=کھوکھلا پن کا احساس
empty, hollow sensation, afternoon	2	EMPTY, hollow sensation, afternoon	=کھوکھلا پن کا احساس، سہ پہر
empty, hollow sensation, air, in open	2	EMPTY, hollow sensation, air, in open	=کھوکھلا پن کا احساس، کھلی ہوا میں
empty, hollow sensation, bed, amel., on getting warm in	2	EMPTY, hollow sensation, bed, amel., on getting warm in	=کھوکھلا پن کا احساس، بستر میں گرم ہونے پر آرام
empty, hollow sensation, eating, after	2	EMPTY, hollow sensation, eating, after	=کھوکھلا پن کا احساس، کھانے کے بعد
empty, hollow sensation, forehead, in	2	EMPTY, hollow sensation, forehead, in	=کھوکھلا پن کا احساس، ماتھے میں
empty, hollow sensation, forehead, in, as if between forehead and brain	3	EMPTY, hollow sensation, forehead, in, as if between forehead and brain	=کھوکھلا پن کا احساس، ماتھے میں، جیسے ماتھے اور دماغ کے بیچ خلا ہو
empty, hollow sensation, intoxication, as after	2	EMPTY, hollow sensation, intoxication, as after	=کھوکھلا پن کا احساس، جیسے نشے کے بعد
empty, hollow sensation, morning	2	EMPTY, hollow sensation, morning	=کھوکھلا پن کا احساس، صبح
empty, hollow sensation, night agg. lying on occiput; amel. by pressure of hand	2	EMPTY, hollow sensation, night agg. lying on occiput; amel. by pressure of hand	=کھوکھلا پن کا احساس، رات گدی کے بل لیٹنے سے بگاڑ؛ ہاتھ کے دباؤ سے آرام
empty, hollow sensation, pressure of hand amel.	2	EMPTY, hollow sensation, pressure of hand amel.	=کھوکھلا پن کا احساس، ہاتھ کے دباؤ سے آرام
empty, hollow sensation, riding amel.	2	EMPTY, hollow sensation, riding amel.	=کھوکھلا پن کا احساس، سواری سے آرام
empty, hollow sensation, sitting, while	2	EMPTY, hollow sensation, sitting, while	=کھوکھلا پن کا احساس، بیٹھے ہوئے
empty, hollow sensation, sleep, after restless	2	EMPTY, hollow sensation, sleep, after restless	=کھوکھلا پن کا احساس، بے قرار نیند کے بعد
empty, hollow sensation, talking, while	2	EMPTY, hollow sensation, talking, while	=کھوکھلا پن کا احساس، باتیں کرتے ہوئے
empty, hollow sensation, warm bed amel.	2	EMPTY, hollow sensation, warm bed amel.	=کھوکھلا پن کا احساس، گرم بستر سے آرام
empty, occiput	1	EMPTY, occiput	=خالی پن، گدی میں
empty, occiput, while brain in front seems too large	2	EMPTY, occiput, while brain in front seems too large	=خالی پن، گدی میں، جبکہ سامنے کا دماغ بہت بڑا لگے
empty, temple	1	EMPTY, temple	=خالی پن، کنپٹی میں
enlarged sensation	0	ENLARGED sensation (See Expanded, Swollen)	بڑا ہونے کا احساس
enlarged	0	ENLARGED	بڑا ہو جانا (پھول جانے کا احساس)
enlarged, 4 p.m.	1	ENLARGED, 4 p.m.	سہ پہر 4 بجے
enlarged, bandaging amel.	1	ENLARGED, bandaging amel.	پٹی باندھنے سے آرام
enlarged, elongated	1	ENLARGED, elongated	لمبا ہو گیا
enlarged, extended upward, the vertex seems	1	ENLARGED, extended upward, the vertex seems	چوٹی اوپر کو کھنچی ہوئی لگے
enlarged, extended upward, the vertex seems, and as if split open by a wedge from the outside body icy cold, skin moist and sticky	2	ENLARGED, extended upward, the vertex seems, and as if split open by a wedge from the outside body icy cold, skin moist and sticky	=چوٹی اوپر کو کھنچی ہوئی لگے اور جیسے باہر سے پھانے سے چیر دی گئی ہو؛ جسم برف جیسا ٹھنڈا، جلد نم اور چپچپی
enlarged, fever, with intermittent	1	ENLARGED, fever, with intermittent	باری کے بخار کے ساتھ
enlarged, headache, with	1	ENLARGED, headache, with	سر درد کے ساتھ
enlarged, lying	1	ENLARGED, lying	لیٹنا
enlarged, lying, amel.	2	ENLARGED, lying, amel.	=بڑا ہو جانا، لیٹنے سے آرام
enlarged, lying, while, rising agg.	2	ENLARGED, lying, while, rising agg.	=بڑا ہو جانا، لیٹے ہوئے، اٹھنے پر بگاڑ
enlarged, menses, during	1	ENLARGED, menses, during	حیض کے دوران
enlarged, occiput	1	ENLARGED, occiput	گدی
enlarged, pregnancy, during	1	ENLARGED, pregnancy, during	حمل کے دوران
enlarged, pulling on boots agg.	1	ENLARGED, pulling on boots agg.	جوتے کھینچ کر پہننے سے بگاڑ
enlarged, stool, during	1	ENLARGED, stool, during	پاخانے کے دوران
enlarged, weather, in cold, damp	1	ENLARGED, weather, in cold, damp	ٹھنڈے نم موسم میں
enlarged, widened, sensation as if	1	ENLARGED, widened, sensation as if	جیسے چوڑا ہو گیا ہو
eruption	0	ERUPTION	دانے، پھنسیاں (سر کی کھال پر)
eruption, bleeding after scratching	1	ERUPTION, bleeding after scratching	کھجانے کے بعد خون آئے
eruption, blotches	1	ERUPTION, blotches	دھبے، چکتے
eruption, blotches, moist	2	ERUPTION, blotches, moist	=دانے، نم چکتے
eruption, boils	1	ERUPTION, boils	پھوڑے
eruption, boils, occiput	2	ERUPTION, boils, occiput	=پھوڑے، گدی پر
eruption, boils, temple, right	2	ERUPTION, boils, temple, right	=پھوڑے، دائیں کنپٹی پر
eruption, boils, forehead	2	ERUPTION, boils, Forehead (See Face)	=پھوڑے، ماتھے پر
eruption, burning	1	ERUPTION, burning	جلن والے
eruption, carbuncles	1	ERUPTION, carbuncles	بڑے زہریلے پھوڑے (کاربنکل)
eruption, copper-colored	1	ERUPTION, copper-colored	تانبے جیسے رنگ کے
eruption, cracks	1	ERUPTION, cracks	دراڑیں
eruption, crusts, scabs	1	ERUPTION, crusts, scabs	کھرنڈ، پپڑیاں
eruption, crusts, scabs, bloody	2	ERUPTION, crusts, scabs, bloody	=کھرنڈ، خونی
eruption, crusts, scabs, brown	2	ERUPTION, crusts, scabs, brown	=کھرنڈ، بھورے
eruption, crusts, scabs, greenish	2	ERUPTION, crusts, scabs, greenish	=کھرنڈ، سبزی مائل
eruption, crusts, scabs, malignant	2	ERUPTION, crusts, scabs, malignant	=کھرنڈ، خبیث (بدخو)
eruption, crusts, scabs, moist	2	ERUPTION, crusts, scabs, moist	=کھرنڈ، نم
eruption, crusts, scabs, occiput	2	ERUPTION, crusts, scabs, occiput	=کھرنڈ، گدی پر
eruption, crusts, scabs, serpiginous	2	ERUPTION, crusts, scabs, serpiginous	=کھرنڈ، رینگتے ہوئے (سانپ کی چال کی طرح پھیلتے)
eruption, crusts, scabs, temples	2	ERUPTION, crusts, scabs, temples	=کھرنڈ، کنپٹیوں پر
eruption, crusts, scabs, ulcerated	2	ERUPTION, crusts, scabs, ulcerated	=کھرنڈ، ناسور زدہ
eruption, crusts, scabs, vermin, with	2	ERUPTION, crusts, scabs, vermin, with	=کھرنڈ، جوؤں کے ساتھ
eruption, crusts, scabs, white	2	ERUPTION, crusts, scabs, white	=کھرنڈ، سفید
eruption, crusts, scabs, white, with thick white pus beneath	3	ERUPTION, crusts, scabs, white, with thick white pus beneath	=کھرنڈ، سفید، نیچے گاڑھی سفید پیپ
eruption, crusts, scabs, yellow	2	ERUPTION, crusts, scabs, yellow	=کھرنڈ، زرد
eruption, desquamating	1	ERUPTION, desquamating	چھلکے اترتے ہوئے
eruption, dirty	1	ERUPTION, dirty	گندے
eruption, dry	1	ERUPTION, dry	خشک
eruption, dry, offensive	2	ERUPTION, dry, offensive	=دانے، خشک، بدبودار
eruption, eczema	1	ERUPTION, eczema	ایگزیما
eruption, eczema, margin of hair from ear to ear posteriorly	2	ERUPTION, eczema, margin of hair from ear to ear posteriorly	=ایگزیما، بالوں کے کنارے پر کان سے کان تک پیچھے
eruption, eczema, occiput	2	ERUPTION, eczema, occiput	=ایگزیما، گدی پر
eruption, excoriating	1	ERUPTION, excoriating	چھیلنے والے (کھال اتارنے والے)
eruption, hard	1	ERUPTION, hard	سخت
eruption, herpes	1	ERUPTION, herpes	ہرپیز (چھالوں والے دانے)
eruption, herpes, circinatus	2	ERUPTION, herpes, circinatus	=ہرپیز، دائرے کی شکل میں
eruption, herpes, occiput	2	ERUPTION, herpes, occiput	=ہرپیز، گدی پر
eruption, herpes, temples	2	ERUPTION, herpes, temples	=ہرپیز، کنپٹیوں پر
eruption, impetigo	1	ERUPTION, impetigo	پیپ والے چھالے (امپیٹیگو)
eruption, impetigo, margin of the hair	2	ERUPTION, impetigo, margin of the hair	=پیپ والے چھالے، بالوں کے کنارے پر
eruption, itching	1	ERUPTION, itching	خارش والے
eruption, itching, menses, before	2	ERUPTION, itching, menses, before	=دانے، خارش، حیض سے پہلے
eruption, itching, moist, when	2	ERUPTION, itching, moist, when	=دانے، خارش، جب نم ہوں
eruption, itching, morning	2	ERUPTION, itching, morning	=دانے، خارش، صبح
eruption, itching, night agg.	2	ERUPTION, itching, night agg.	=دانے، خارش، رات بگاڑ
eruption, itching, rainy weather, in	2	ERUPTION, itching, rainy weather, in	=دانے، خارش، برسات کے موسم میں
eruption, itching, warm evening agg.	2	ERUPTION, itching, warm evening agg.	=دانے، خارش، گرم شام میں بگاڑ
eruption, itching, warm room agg.	2	ERUPTION, itching, warm room agg.	=دانے، خارش، گرم کمرے میں بگاڑ
eruption, margin of hair	1	ERUPTION, margin of hair	بالوں کے کنارے پر
eruption, moist	1	ERUPTION, moist	نم، رستے ہوئے
eruption, moist, glutinous moisture	2	ERUPTION, moist, glutinous moisture	=دانے، نم، لیس دار رطوبت
eruption, moist, occiput	2	ERUPTION, moist, occiput	=دانے، نم، گدی پر
eruption, moist, that eats the hair	2	ERUPTION, moist, that eats the hair	=دانے، نم، جو بال کھا جائے
eruption, moist, yellow	2	ERUPTION, moist, yellow	=دانے، نم، زرد
eruption, nodes	1	ERUPTION, nodes	گلٹیاں
eruption, nodes, occiput	2	ERUPTION, nodes, occiput	=گلٹیاں، گدی پر
eruption, occiput	1	ERUPTION, occiput	گدی پر
eruption, offensive	1	ERUPTION, offensive	بدبودار
eruption, painful	1	ERUPTION, painful	دردناک
eruption, pimples	1	ERUPTION, pimples	پھنسیاں
eruption, pimples, margin of hair in front	2	ERUPTION, pimples, margin of hair in front	=پھنسیاں، سامنے بالوں کے کنارے پر
eruption, pimples, occiput, on	2	ERUPTION, pimples, occiput, on	=پھنسیاں، گدی پر
eruption, pustules	1	ERUPTION, pustules	پیپ والی پھنسیاں
eruption, pustules, occiput	2	ERUPTION, pustules, occiput	=پیپ والی پھنسیاں، گدی پر
eruption, scales	1	ERUPTION, scales	چھلکے (پپڑی)
eruption, scales, bleeding after scratching	2	ERUPTION, scales, bleeding after scratching	=چھلکے، کھجانے کے بعد خون آئے
eruption, scales, dry	2	ERUPTION, scales, dry	=چھلکے، خشک
eruption, scales, fine	2	ERUPTION, scales, fine	=چھلکے، باریک
eruption, scales, fish scales, like	2	ERUPTION, scales, fish scales, like	=چھلکے، مچھلی کے چھلکوں جیسے
eruption, scales, offensive	2	ERUPTION, scales, offensive	=چھلکے، بدبودار
eruption, scales, patches	2	ERUPTION, scales, patches	=چھلکے، چکتوں میں
eruption, scales, washing amel.	2	ERUPTION, scales, washing amel.	=چھلکے، دھونے سے آرام
eruption, scales, white	2	ERUPTION, scales, white	=چھلکے، سفید
eruption, scales, winter agg.	2	ERUPTION, scales, winter agg.	=چھلکے، سردیوں میں بگاڑ
eruption, scurfy	1	ERUPTION, scurfy	بھوسی دار (سکری والے)
eruption, scurfy, black	2	ERUPTION, scurfy, black	=بھوسی دار، کالے
eruption, scurfy, dry	2	ERUPTION, scurfy, dry	=بھوسی دار، خشک
eruption, scurfy, moist	2	ERUPTION, scurfy, moist	=بھوسی دار، نم
eruption, scurfy, white	2	ERUPTION, scurfy, white	=بھوسی دار، سفید
eruption, sensitive, extremely	1	ERUPTION, sensitive, extremely	انتہائی حساس
eruption, serpiginous	1	ERUPTION, serpiginous	رینگتے ہوئے پھیلنے والے
eruption, sore	1	ERUPTION, sore	دکھتے ہوئے
eruption, spots	1	ERUPTION, spots	دھبے
eruption, suppurating	1	ERUPTION, suppurating	پیپ بہاتے ہوئے
eruption, tubercles on scalp	1	ERUPTION, tubercles on scalp	سر کی کھال پر گلٹیاں (ٹیوبرکل)
eruption, urticaria	1	ERUPTION, urticaria	چھپاکی (پتی اچھلنا)
eruption, vesicles	1	ERUPTION, vesicles	چھالے (آبلے)
eruption, smarting	1	ERUPTION, smarting (See Burning)	چرچراہٹ (جلن)
erysipelas	0	ERYSIPELAS	سرخ بادہ (ایریسیپلس)
erysipelas, extending to face	1	ERYSIPELAS, extending to face	=سرخ بادہ، چہرے تک پھیلتا ہوا
erysipelas, forehead	1	ERYSIPELAS, forehead	=سرخ بادہ، ماتھے پر
erysipelas, forehead, spots	2	ERYSIPELAS, forehead, spots	=سرخ بادہ، ماتھے پر دھبوں کی صورت
erysipelas, left	1	ERYSIPELAS, left	=سرخ بادہ، بائیں طرف
erysipelas, left to right	1	ERYSIPELAS, left to right	=سرخ بادہ، بائیں سے دائیں
erysipelas, occiput	1	ERYSIPELAS, occiput	=سرخ بادہ، گدی پر
exostoses	0	EXOSTOSES	ہڈی کی ابھار (بڑھی ہوئی ہڈی)
exostoses, painful	1	EXOSTOSES, painful	=ہڈی کی ابھار، دردناک
expanded	0	EXPANDED	پھیلا ہوا
expanded, sensation	1	EXPANDED, sensation	=پھیلنے کا احساس
expanded, sensation, forehead	2	EXPANDED, sensation, forehead	=پھیلنے کا احساس، ماتھے میں
expanded, sensation, forehead, relaxed and, alternately	3	EXPANDED, sensation, forehead, relaxed and, alternately	=پھیلنے کا احساس، ماتھے میں، باری باری ڈھیلا اور پھیلا ہوا
expanded, sensation, inflated, feels	2	EXPANDED, sensation, inflated, feels	=پھیلنے کا احساس، جیسے ہوا بھر دی گئی ہو
expanded, sensation, ring-like	2	EXPANDED, sensation, ring-like	=پھیلنے کا احساس، حلقے کی طرح
expanded, sensation, shaking head agg.	2	EXPANDED, sensation, shaking head agg.	=پھیلنے کا احساس، سر ہلانے سے بگاڑ
expanded, sensation, stool, during	2	EXPANDED, sensation, stool, during	=پھیلنے کا احساس، پاخانے کے دوران
falling backward of head	0	FALLING backward of head (See Heaviness)	سر پیچھے کو گر جانا
falling backward	0	FALLING backward	پیچھے کو گرنا
falling backward, sitting, while	1	FALLING backward, sitting, while	=سر پیچھے کو گرے، بیٹھے ہوئے
falling backward, vertigo, during	1	FALLING backward, vertigo, during	=سر پیچھے کو گرے، چکر کے دوران
falling backward, walking, while	1	FALLING backward, walking, while	=سر پیچھے کو گرے، چلتے ہوئے
falling	0	FALLING	گرنا
falling, forehead	1	FALLING, forehead	ماتھا
falling, forehead, as if everything would fall out	2	FALLING, forehead, as if everything would fall out	=گرنا، ماتھے میں، جیسے سب کچھ باہر گر پڑے گا
falling, forehead, coughing, while	2	FALLING, forehead, coughing, while	=گرنا، ماتھے میں، کھانستے ہوئے
falling, forehead, moving the eyes, on	2	FALLING, forehead, moving the eyes, on	=گرنا، ماتھے میں، آنکھیں ہلانے پر
falling, forehead, stool, during	2	FALLING, forehead, stool, during	=گرنا، ماتھے میں، پاخانے کے دوران
falling, forehead, stooping, on	2	FALLING, forehead, stooping, on	=گرنا، ماتھے میں، جھکنے پر
falling, forward	1	FALLING, forward	آگے کو
falling, forward, looking at anything, when, sinking of head forward	2	FALLING, forward, looking at anything, when, sinking of head forward	=سر آگے کو گرے، کسی چیز کو دیکھنے پر، سر آگے کو ڈھلک جائے
falling, forward, rising, on	2	FALLING, forward, rising, on	=سر آگے کو گرے، اٹھنے پر
falling, forward, sensation of, in brain	2	FALLING, forward, sensation of, in brain	=آگے کو گرنے کا احساس، دماغ میں
falling, forward, sensation of, in brain, pain, as if fell forward and came up again	3	FALLING, forward, sensation of, in brain, pain, as if fell forward and came up again	=آگے کو گرنے کا احساس، دماغ میں، درد جیسے آگے گر کر پھر اوپر آ گیا ہو
falling, forward, sensation of, in brain, raising head amel.	3	FALLING, forward, sensation of, in brain, raising head amel.	=آگے کو گرنے کا احساس، دماغ میں، سر اٹھانے سے آرام
falling, forward, sensation of, in brain, stooping, on	3	FALLING, forward, sensation of, in brain, stooping, on	=آگے کو گرنے کا احساس، دماغ میں، جھکنے پر
falling, forward, sitting, while	2	FALLING, forward, sitting, while	=سر آگے کو گرے، بیٹھے ہوئے
falling, forward, stooping, when	2	FALLING, forward, stooping, when	=سر آگے کو گرے، جھکنے پر
falling, forward, walking, while	2	FALLING, forward, walking, while	=سر آگے کو گرے، چلتے ہوئے
falling, forward, wrinkling of forehead and open air amel.	2	FALLING, forward, wrinkling of forehead and open air amel.	=سر آگے کو گرے، ماتھے پر شکنیں ڈالنے اور کھلی ہوا سے آرام
falling, hither and thither	1	FALLING, hither and thither	ادھر ادھر گرنا
falling, pieces, sensation as if head would fall in, when stooping	1	FALLING, pieces, sensation as if head would fall in, when stooping	جیسے جھکنے پر سر ٹکڑے ہو کر گر پڑے گا
falling, side to side in brain	1	FALLING, side to side in brain	دماغ میں ایک طرف سے دوسری طرف
falling, side to side in brain, to left temple on stooping	2	FALLING, side to side in brain, to left temple on stooping	=گرنا، دماغ میں ایک طرف سے دوسری طرف، جھکنے پر بائیں کنپٹی کی طرف
falling, side to side in brain, to side to which stoops	2	FALLING, side to side in brain, to side to which stoops	=گرنا، دماغ میں ایک طرف سے دوسری طرف، جس طرف جھکے اسی طرف
falling, side to side in brain, walking in the open air	2	FALLING, side to side in brain, walking in the open air	=گرنا، دماغ میں ایک طرف سے دوسری طرف، کھلی ہوا میں چلتے ہوئے
falling, sideways of head	1	FALLING, sideways of head	سر ایک طرف کو گرنا
falling, sideways of head, child leans head, all time	2	FALLING, sideways of head, child leans head, all time	=سر ایک طرف کو گرنا، بچہ ہر وقت سر جھکائے رکھتا ہے
falling, sideways of head, left side, to	2	FALLING, sideways of head, left side, to	=سر بائیں طرف کو گرنا
falling, sideways of head, right side, to	2	FALLING, sideways of head, right side, to	=سر دائیں طرف کو گرنا
falling, sideways of head, waking, on	2	FALLING, sideways of head, waking, on	=سر ایک طرف کو گرنا، جاگنے پر
falling, sideways of head, walking, while	2	FALLING, sideways of head, walking, while	=سر ایک طرف کو گرنا، چلتے ہوئے
flattened sensation in forehead	0	FLATTENED sensation in forehead	ماتھے میں چپٹا ہونے کا احساس
flattened sensation in forehead, as if pressed flat	1	FLATTENED sensation in forehead, as if pressed flat	=جیسے ماتھا دبا کر چپٹا کر دیا گیا ہو
fluctuation	0	FLUCTUATION (See Waving)	لہر کا احساس
fontanelles	0	FONTANELLES (See Open)	تالو (سر کی نرم ہڈی)
foreign body in right side of brain	0	FOREIGN body in right side of brain	دماغ کے دائیں حصے میں کوئی باہری چیز
foreign body in right side of brain, as if	1	FOREIGN body in right side of brain, as if	=جیسے دماغ کے دائیں حصے میں کوئی باہری چیز ہو
formication	0	FORMICATION	چیونٹیاں رینگنے کا احساس
formication, evening	1	FORMICATION, evening	شام
formication, evening, in bed	2	FORMICATION, evening, in bed	=چیونٹیاں رینگنے کا احساس، شام بستر میں
formication, forehead	1	FORMICATION, forehead	ماتھے میں
formication, forehead, above the	2	FORMICATION, forehead, above the	=چیونٹیاں رینگنے کا احساس، ماتھے کے اوپر
formication, heat amel.	1	FORMICATION, heat amel.	گرمائش سے آرام
formication, morning	1	FORMICATION, morning	صبح
formication, occiput	1	FORMICATION, occiput	گدی میں
formication, scratching until parts bleed	1	FORMICATION, scratching until parts bleed	کھجائے یہاں تک کہ خون نکل آئے
formication, vertex	1	FORMICATION, vertex	چوٹی میں
formication, walking	1	FORMICATION, walking	چلنا
formication, walking, in open air	2	FORMICATION, walking, in open air	=چیونٹیاں رینگنے کا احساس، کھلی ہوا میں چلتے ہوئے
formication, walking, on	2	FORMICATION, walking, on	=چیونٹیاں رینگنے کا احساس، چلنے پر
fullness	0	FULLNESS (See Enlarged)	بھراؤ (بھرا بھرا لگنا)
fullness, afternoon	1	FULLNESS (See Enlarged), afternoon	سہ پہر
fullness, afternoon, to night	2	FULLNESS (See Enlarged), afternoon, to night	=بھراؤ، سہ پہر سے رات تک
fullness, afternoon, waking, on	2	FULLNESS (See Enlarged), afternoon, waking, on	=بھراؤ، سہ پہر جاگنے پر
fullness, air, in open amel.	1	FULLNESS (See Enlarged), air, in open amel.	کھلی ہوا میں آرام
fullness, ascending, on	1	FULLNESS (See Enlarged), ascending, on	اوپر چڑھنے پر
fullness, bending head backwards	1	FULLNESS (See Enlarged), bending head backwards	سر پیچھے جھکانے پر
fullness, breakfast, after	1	FULLNESS (See Enlarged), breakfast, after	ناشتے کے بعد
fullness, burst, as if would	1	FULLNESS (See Enlarged), burst, as if would	جیسے پھٹ جائے گا
fullness, coitus, after	1	FULLNESS (See Enlarged), coitus, after	مباشرت کے بعد
fullness, descending, on	1	FULLNESS (See Enlarged), descending, on	نیچے اترنے پر
fullness, dinner, after	1	FULLNESS (See Enlarged), dinner, after	دوپہر کے کھانے کے بعد
fullness, eating	1	FULLNESS (See Enlarged), eating	کھانا
fullness, eating, after	2	FULLNESS (See Enlarged), eating, after	=بھراؤ، کھانے کے بعد
fullness, eating, amel.	2	FULLNESS (See Enlarged), eating, amel.	=بھراؤ، کھانے سے آرام
fullness, eating, before	2	FULLNESS (See Enlarged), eating, before	=بھراؤ، کھانے سے پہلے
fullness, eating, during agg.	2	FULLNESS (See Enlarged), eating, during agg.	=بھراؤ، کھاتے ہوئے بگاڑ
fullness, evening	1	FULLNESS (See Enlarged), evening	شام
fullness, forehead	1	FULLNESS (See Enlarged), forehead	ماتھا
fullness, forehead, afternoon	2	FULLNESS (See Enlarged), forehead, afternoon	=بھراؤ، ماتھے میں، سہ پہر
fullness, forehead, closing eyes amel.	2	FULLNESS (See Enlarged), forehead, closing eyes amel.	=بھراؤ، ماتھے میں، آنکھیں بند کرنے سے آرام
fullness, forehead, coitus, after	2	FULLNESS (See Enlarged), forehead, coitus, after	=بھراؤ، ماتھے میں، مباشرت کے بعد
fullness, forehead, eating amel.	2	FULLNESS (See Enlarged), forehead, eating amel.	=بھراؤ، ماتھے میں، کھانے سے آرام
fullness, forehead, evening	2	FULLNESS (See Enlarged), forehead, evening	=بھراؤ، ماتھے میں، شام
fullness, forehead, eyes, over	2	FULLNESS (See Enlarged), forehead, eyes, over	=بھراؤ، آنکھوں کے اوپر
fullness, forehead, eyes, over, with vertigo	3	FULLNESS (See Enlarged), forehead, eyes, over, with vertigo	=بھراؤ، آنکھوں کے اوپر، چکر کے ساتھ
fullness, forehead, forenoon	2	FULLNESS (See Enlarged), forehead, forenoon	=بھراؤ، ماتھے میں، دوپہر سے پہلے
fullness, forehead, morning	2	FULLNESS (See Enlarged), forehead, morning	=بھراؤ، ماتھے میں، صبح
fullness, forehead, morning, walking, while	3	FULLNESS (See Enlarged), forehead, morning, walking, while	=بھراؤ، ماتھے میں، صبح چلتے ہوئے
fullness, forehead, nose, over, evening	2	FULLNESS (See Enlarged), forehead, nose, over, evening	=بھراؤ، ناک کے اوپر، شام
fullness, forehead, reading, while	2	FULLNESS (See Enlarged), forehead, reading, while	=بھراؤ، ماتھے میں، پڑھتے ہوئے
fullness, forehead, stool amel.	2	FULLNESS (See Enlarged), forehead, stool amel.	=بھراؤ، ماتھے میں، پاخانے سے آرام
fullness, forehead, stooping, on	2	FULLNESS (See Enlarged), forehead, stooping, on	=بھراؤ، ماتھے میں، جھکنے پر
fullness, forehead, waking, while	2	FULLNESS (See Enlarged), forehead, waking, while	=بھراؤ، ماتھے میں، جاگتے وقت
fullness, forehead, washing amel.	2	FULLNESS (See Enlarged), forehead, washing amel.	=بھراؤ، ماتھے میں، دھونے سے آرام
fullness, heat, during	1	FULLNESS (See Enlarged), heat, during	بخار کی گرمی کے دوران
fullness, intermittent	1	FULLNESS (See Enlarged), intermittent	وقفے وقفے سے
fullness, leaning head to left	1	FULLNESS (See Enlarged), leaning head to left	سر بائیں طرف جھکانے پر
fullness, lying, while	1	FULLNESS (See Enlarged), lying, while	لیٹے ہوئے
fullness, menses	1	FULLNESS (See Enlarged), menses	حیض
fullness, menses, before	2	FULLNESS (See Enlarged), menses, before	=بھراؤ، حیض سے پہلے
fullness, menses, during	2	FULLNESS (See Enlarged), menses, during	=بھراؤ، حیض کے دوران
fullness, menses, on appearance of	2	FULLNESS (See Enlarged), menses, on appearance of	=بھراؤ، حیض شروع ہونے پر
fullness, mental exertion	1	FULLNESS (See Enlarged), mental exertion	ذہنی محنت
fullness, mental exertion, amel., when mind is employed	2	FULLNESS (See Enlarged), mental exertion, amel., when mind is employed	=بھراؤ، ذہن مصروف ہو تو آرام
fullness, mental exertion, from	2	FULLNESS (See Enlarged), mental exertion, from	=بھراؤ، ذہنی محنت سے
fullness, morning	1	FULLNESS (See Enlarged), morning	صبح
fullness, morning, 10 a.m. to 10 p.m.	2	FULLNESS (See Enlarged), morning, 10 a.m. to 10 p.m.	=بھراؤ، صبح 10 سے رات 10 بجے تک
fullness, morning, waking, on	2	FULLNESS (See Enlarged), morning, waking, on	=بھراؤ، صبح جاگنے پر
fullness, motion agg.	1	FULLNESS (See Enlarged), motion agg.	حرکت سے بگاڑ
fullness, night	1	FULLNESS (See Enlarged), night	رات
fullness, noon to 2 p.m.	1	FULLNESS (See Enlarged), noon to 2 p.m.	دوپہر سے 2 بجے تک
fullness, occiput	1	FULLNESS (See Enlarged), occiput	گدی
fullness, occiput, coughing, on	2	FULLNESS (See Enlarged), occiput, coughing, on	=بھراؤ، گدی میں، کھانستے وقت
fullness, occiput, evening in	2	FULLNESS (See Enlarged), occiput, evening in	=بھراؤ، گدی میں، شام
fullness, occiput, evening in, walking in open air	3	FULLNESS (See Enlarged), occiput, evening in, walking in open air	=بھراؤ، گدی میں، شام کھلی ہوا میں چلتے ہوئے
fullness, occiput, lying on face amel.	2	FULLNESS (See Enlarged), occiput, lying on face amel.	=بھراؤ، گدی میں، منہ کے بل لیٹنے سے آرام
fullness, pressure of hat agg.	1	FULLNESS (See Enlarged), pressure of hat agg.	ٹوپی کے دباؤ سے بگاڑ
fullness, pressure of hat, amel.	1	FULLNESS (See Enlarged), pressure of hat, amel.	ٹوپی کے دباؤ سے آرام
fullness, raising head, on	1	FULLNESS (See Enlarged), raising head, on	سر اٹھانے پر
fullness, reading, while	1	FULLNESS (See Enlarged), reading, while	پڑھتے ہوئے
fullness, rising, on	1	FULLNESS (See Enlarged), rising, on	اٹھنے پر
fullness, sewing agg.	1	FULLNESS (See Enlarged), sewing agg.	سلائی سے بگاڑ
fullness, shaking head, on	1	FULLNESS (See Enlarged), shaking head, on	سر ہلانے پر
fullness, side	1	FULLNESS (See Enlarged), side	پہلو میں
fullness, siesta, after	1	FULLNESS (See Enlarged), siesta, after	دوپہر کی نیند کے بعد
fullness, sitting	1	FULLNESS (See Enlarged), sitting	بیٹھنا
fullness, sitting, up agg.	2	FULLNESS (See Enlarged), sitting, up agg.	=بھراؤ، اٹھ کر بیٹھنے سے بگاڑ
fullness, sitting, while	2	FULLNESS (See Enlarged), sitting, while	=بھراؤ، بیٹھے ہوئے
fullness, sleep	1	FULLNESS (See Enlarged), sleep	نیند
fullness, sleep, agg., after	2	FULLNESS (See Enlarged), sleep, agg., after	=بھراؤ، نیند کے بعد بگاڑ
fullness, sleep, amel.	2	FULLNESS (See Enlarged), sleep, amel.	=بھراؤ، نیند سے آرام
fullness, sneezing, on	1	FULLNESS (See Enlarged), sneezing, on	چھینکتے وقت
fullness, stool	1	FULLNESS (See Enlarged), stool	پاخانہ
fullness, stool, amel., after	2	FULLNESS (See Enlarged), stool, amel., after	=بھراؤ، پاخانے کے بعد آرام
fullness, stool, when straining at	2	FULLNESS (See Enlarged), stool, when straining at	=بھراؤ، پاخانے پر زور لگاتے ہوئے
fullness, stooping, when	1	FULLNESS (See Enlarged), stooping, when	جھکنے پر
fullness, talking, after	1	FULLNESS (See Enlarged), talking, after	باتیں کرنے کے بعد
fullness, temple	1	FULLNESS (See Enlarged), temple	کنپٹی
fullness, temple, first right, then left, then to nape where it disappears	2	FULLNESS (See Enlarged), temple, first right, then left, then to nape where it disappears	=بھراؤ، کنپٹی میں، پہلے دائیں، پھر بائیں، پھر گردن کے پچھلے حصے میں جا کر غائب
fullness, urine, copious flow amel.	1	FULLNESS (See Enlarged), urine, copious flow amel.	کھل کر پیشاب آنے سے آرام
fullness, vertex	1	FULLNESS (See Enlarged), vertex	چوٹی
fullness, vertex, eating, after	2	FULLNESS (See Enlarged), vertex, eating, after	=بھراؤ، چوٹی میں، کھانے کے بعد
fullness, vertex, evening	2	FULLNESS (See Enlarged), vertex, evening	=بھراؤ، چوٹی میں، شام
fullness, vertex, reading, while	2	FULLNESS (See Enlarged), vertex, reading, while	=بھراؤ، چوٹی میں، پڑھتے ہوئے
fullness, vertex, sitting up agg.	2	FULLNESS (See Enlarged), vertex, sitting up agg.	=بھراؤ، چوٹی میں، اٹھ کر بیٹھنے سے بگاڑ
fullness, vertex, stooping	2	FULLNESS (See Enlarged), vertex, stooping	=بھراؤ، چوٹی میں، جھکنے پر
fullness, vertigo, during	1	FULLNESS (See Enlarged), vertigo, during	چکر کے دوران
fullness, waking, on	1	FULLNESS (See Enlarged), waking, on	جاگنے پر
fullness, walking in open air amel.	1	FULLNESS (See Enlarged), walking in open air amel.	کھلی ہوا میں چلنے سے آرام
fullness, warm room	1	FULLNESS (See Enlarged), warm room	گرم کمرے میں
fullness, wine, after	1	FULLNESS (See Enlarged), wine, after	شراب (وائن) کے بعد
fullness, writing, while	1	FULLNESS (See Enlarged), writing, while	لکھتے ہوئے
fungus	0	FUNGUS	پھپھوندی جیسی رسولی
gurgling	0	GURGLING (See Bubbling)	غڑغڑاہٹ
gurgling, temples	1	GURGLING (See Bubbling), temples	=غڑغڑاہٹ، کنپٹیوں میں
hair baldness	0	HAIR baldness	بال، گنج پن
hair	0	HAIR	بال
hair, baldness	1	HAIR, baldness	=گنج پن
hair, baldness, patches	2	HAIR, baldness, patches	=گنج پن، چکتوں میں
hair, baldness, young people	2	HAIR, baldness, young people	=گنج پن، نوجوانوں میں
hair, bristling	1	HAIR, bristling	=بال کھڑے ہو جائیں
hair, bristling, coming in from open air	2	HAIR, bristling, coming in from open air	=بال کھڑے ہو جائیں، کھلی ہوا سے اندر آنے پر
hair, brittleness	1	HAIR, brittleness	=بال ٹوٹنے والے (بھربھرے)
hair, color changes	1	HAIR, color changes	=بالوں کا رنگ بدل جائے
hair, curly, becomes	1	HAIR, curly, becomes	=بال گھنگھریالے ہو جائیں
hair, dryness	1	HAIR, dryness	=بال خشک
hair, falling	1	HAIR, falling	=بال گرنا
hair, falling, forehead	2	HAIR, falling, forehead	=بال گرنا، ماتھے سے
hair, falling, grief, from	2	HAIR, falling, grief, from	=بال گرنا، غم سے
hair, falling, handfuls, in	2	HAIR, falling, handfuls, in	=بال گرنا، مٹھیاں بھر بھر کر
hair, falling, menopause	2	HAIR, falling, menopause	=بال گرنا، سنِ یاس میں
hair, falling, occiput, on	2	HAIR, falling, occiput, on	=بال گرنا، گدی سے
hair, falling, parturition, after	2	HAIR, falling, parturition, after	=بال گرنا، زچگی کے بعد
hair, falling, pregnancy, during	2	HAIR, falling, pregnancy, during	=بال گرنا، حمل کے دوران
hair, falling, sides	2	HAIR, falling, sides	=بال گرنا، پہلوؤں سے
hair, falling, spots in	2	HAIR, falling, spots in	=بال گرنا، جگہ جگہ سے
hair, falling, spots in, and comes in white	3	HAIR, falling, spots in, and comes in white	=بال گرنا، جگہ جگہ سے، اور سفید نکلیں
hair, falling, temples	2	HAIR, falling, temples	=بال گرنا، کنپٹیوں سے
hair, gray	1	HAIR, gray	=بال سفید
hair, gray, becomes	2	HAIR, gray, becomes	=بال سفید ہو جائیں
hair, gray, in spots	2	HAIR, gray, in spots	=بال جگہ جگہ سے سفید
hair, greasy	1	HAIR, greasy	=بال چکنے
hair, lustreless	1	HAIR, lustreless	=بال بے رونق
hair, painful when touched	1	HAIR, painful when touched	=بال چھونے سے دکھیں
hair, sticks together	1	HAIR, sticks together	=بال آپس میں چپک جائیں
hair, sticks together, ends at	2	HAIR, sticks together, ends at	=بال سروں پر آپس میں چپک جائیں
hair, tangles easily	1	HAIR, tangles easily	=بال جلدی الجھ جائیں
hands	0	HANDS	ہاتھ
hands, holds head with	1	HANDS, holds head with	=سر ہاتھوں سے تھامتا ہے
hands, holds head with, on coughing	2	HANDS, holds head with, on coughing	=سر ہاتھوں سے تھامتا ہے، کھانستے وقت
hands, leans on	1	HANDS, leans on	=سر ہاتھوں پر ٹیکتا ہے
hands, rubs with	1	HANDS, rubs with	=سر ہاتھوں سے ملتا (رگڑتا) ہے
hat	0	HAT	ٹوپی
hat, aversion to	1	HAT, aversion to	=ٹوپی سے بیزار
headless	0	HEADLESS	بے سر
headless, sensation of being	1	HEADLESS, sensation of being	=جیسے سر ہے ہی نہیں
heat	0	HEAT	گرمی
heat, abdomen, from pain in	1	HEAT, abdomen, from pain in	پیٹ کے درد سے
heat, afternoon	1	HEAT, afternoon	سہ پہر
heat, afternoon, 4 p.m.	2	HEAT, afternoon, 4 p.m.	=گرمی، سہ پہر 4 بجے
heat, agreeable	1	HEAT, agreeable	خوشگوار
heat, air	1	HEAT, air	ہوا
heat, air, in open	2	HEAT, air, in open	=گرمی، کھلی ہوا میں
heat, air, in open, agg.	3	HEAT, air, in open, agg.	=گرمی، کھلی ہوا میں بگاڑ
heat, air, in open, amel.	3	HEAT, air, in open, amel.	=گرمی، کھلی ہوا میں آرام
heat, air, surrounded by hot, as if	2	HEAT, air, surrounded by hot, as if	=گرمی، جیسے گرم ہوا نے گھیر رکھا ہو
heat, alternating with chilliness	1	HEAT, alternating with chilliness	باری باری سردی محسوس ہونے کے ساتھ
heat, alternating with diarrhoea	1	HEAT, alternating with diarrhoea	باری باری دستوں کے ساتھ
heat, alternating with rigor in back	1	HEAT, alternating with rigor in back	باری باری کمر میں کپکپی کے ساتھ
heat, anxiety, with	1	HEAT, anxiety, with	بے چینی کے ساتھ
heat, back, with coldness of	1	HEAT, back, with coldness of	کمر کی ٹھنڈک کے ساتھ
heat, bed	1	HEAT, bed	بستر
heat, bed, amel.	2	HEAT, bed, amel.	=گرمی، بستر میں آرام
heat, bed, in agg.	2	HEAT, bed, in agg.	=گرمی، بستر میں بگاڑ
heat, beer, after	1	HEAT, beer, after	بیئر کے بعد
heat, breakfast, after	1	HEAT, breakfast, after	ناشتے کے بعد
heat, burning	1	HEAT, burning	جلتی ہوئی
heat, chill	1	HEAT, chill	سردی لگنا
heat, chill, after	2	HEAT, chill, after	=گرمی، سردی لگنے کے بعد
heat, chill, before	2	HEAT, chill, before	=گرمی، سردی لگنے سے پہلے
heat, chill, during	2	HEAT, chill, during	=گرمی، سردی لگنے کے دوران
heat, chilliness, during	1	HEAT, chilliness, during	سردی محسوس ہونے کے دوران
heat, cold bath amel.	1	HEAT, cold bath amel.	ٹھنڈے پانی سے نہانے پر آرام
heat, cold to touch, though	1	HEAT, cold to touch, though	چھونے میں ٹھنڈا، پھر بھی گرمی
heat, cold water, amel.	1	HEAT, cold water, amel.	ٹھنڈے پانی سے آرام
heat, coldness of body, with	1	HEAT, coldness of body, with	جسم کی ٹھنڈک کے ساتھ
heat, coldness	1	HEAT, coldness	ٹھنڈک
heat, coldness, feet, with	2	HEAT, coldness, feet, with	=گرمی، پاؤں کی ٹھنڈک کے ساتھ
heat, coldness, fingers, with	2	HEAT, coldness, fingers, with	=گرمی، انگلیوں کی ٹھنڈک کے ساتھ
heat, coldness, hands, with	2	HEAT, coldness, hands, with	=گرمی، ہاتھوں کی ٹھنڈک کے ساتھ
heat, coldness, of extremities, with	2	HEAT, coldness, of extremities, with	=گرمی، ہاتھ پاؤں کی ٹھنڈک کے ساتھ
heat, coldness, of face, with	2	HEAT, coldness, of face, with	=گرمی، چہرے کی ٹھنڈک کے ساتھ
heat, contradiction, from	1	HEAT, contradiction, from	بات کاٹنے پر
heat, coryza, during	1	HEAT, coryza, during	زکام کے دوران
heat, cough, during	1	HEAT, cough, during	کھانسی کے دوران
heat, descending to toes	1	HEAT, descending to toes	پاؤں کی انگلیوں تک اترتی ہوئی
heat, diarrhoea, during	1	HEAT, diarrhoea, during	دستوں کے دوران
heat, dinner	1	HEAT, dinner	دوپہر کا کھانا
heat, dinner, after	2	HEAT, dinner, after	=گرمی، دوپہر کے کھانے کے بعد
heat, dinner, during	2	HEAT, dinner, during	=گرمی، دوپہر کے کھانے کے دوران
heat, eating	1	HEAT, eating	کھانا
heat, eating, after	2	HEAT, eating, after	=گرمی، کھانے کے بعد
heat, eating, hot food	2	HEAT, eating, hot food	=گرمی، گرم کھانا کھانے سے
heat, epilepsy, before	1	HEAT, epilepsy, before	مرگی کے دورے سے پہلے
heat, epistaxis amel.	1	HEAT, epistaxis amel.	نکسیر سے آرام
heat, evening	1	HEAT, evening	شام
heat, exertion, from	1	HEAT, exertion, from	محنت سے
heat, flashes of	1	HEAT, flashes of	لپٹیں (گرمی کی لہریں)
heat, flashes of, after chilliness	2	HEAT, flashes of, after chilliness	=گرمی کی لپٹیں، سردی محسوس ہونے کے بعد
heat, flashes of, extending from head to stomach	2	HEAT, flashes of, extending from head to stomach	=گرمی کی لپٹیں، سر سے معدے تک پھیلتی ہوئی
heat, forehead	1	HEAT, forehead	ماتھا
heat, forehead, afternoon	2	HEAT, forehead, afternoon	=گرمی، ماتھے میں، سہ پہر
heat, forehead, air, cool, amel.	2	HEAT, forehead, air, cool, amel.	=گرمی، ماتھے میں، ٹھنڈی ہوا سے آرام
heat, forehead, alternately in either protuberance	2	HEAT, forehead, alternately in either protuberance	=گرمی، ماتھے میں، باری باری دونوں ابھاروں میں
heat, forehead, chilliness, during	2	HEAT, forehead, chilliness, during	=گرمی، ماتھے میں، سردی محسوس ہونے کے دوران
heat, forehead, dinner, after	2	HEAT, forehead, dinner, after	=گرمی، ماتھے میں، دوپہر کے کھانے کے بعد
heat, forehead, evening	2	HEAT, forehead, evening	=گرمی، ماتھے میں، شام
heat, forehead, evening, while writing	3	HEAT, forehead, evening, while writing	=گرمی، ماتھے میں، شام لکھتے ہوئے
heat, forehead, forenoon	2	HEAT, forehead, forenoon	=گرمی، ماتھے میں، دوپہر سے پہلے
heat, forehead, morning	2	HEAT, forehead, morning	=گرمی، ماتھے میں، صبح
heat, forehead, night	2	HEAT, forehead, night	=گرمی، ماتھے میں، رات
heat, forehead, noon	2	HEAT, forehead, noon	=گرمی، ماتھے میں، دوپہر
heat, forehead, walking, while	2	HEAT, forehead, walking, while	=گرمی، ماتھے میں، چلتے ہوئے
heat, forehead, warm water trickled down inside, as if	2	HEAT, forehead, warm water trickled down inside, as if	=گرمی، ماتھے میں، جیسے اندر گرم پانی رس کر بہہ رہا ہو
heat, forehead, warmth in middle of forehead, feeling of, then coolness as from draught of air	2	HEAT, forehead, warmth in middle of forehead, feeling of, then coolness as from draught of air	=گرمی، ماتھے کے بیچ میں گرمائش کا احساس، پھر ٹھنڈک جیسے ہوا کے جھونکے سے
heat, forehead, writing, while	2	HEAT, forehead, writing, while	=گرمی، ماتھے میں، لکھتے ہوئے
heat, forenoon	1	HEAT, forenoon	دوپہر سے پہلے
heat, fright, after	1	HEAT, fright, after	ڈر کے بعد
heat, grief, after	1	HEAT, grief, after	غم کے بعد
heat, heart	1	HEAT, heart	دل
heat, heart, during oppression of	2	HEAT, heart, during oppression of	=گرمی، دل پر بوجھ کے دوران
heat, heart, with palpitation of	2	HEAT, heart, with palpitation of	=گرمی، دل کی دھڑکن کے ساتھ
heat, heat of face, with	1	HEAT, heat of face, with	چہرے کی گرمی کے ساتھ
heat, heat of hands, with	1	HEAT, heat of hands, with	ہاتھوں کی گرمی کے ساتھ
heat, heat of palms, with	1	HEAT, heat of palms, with	ہتھیلیوں کی گرمی کے ساتھ
heat, hot body, as if, fell forwards	1	HEAT, hot body, as if, fell forwards	جیسے گرم جسم آگے کو گرا ہو
heat, hot	1	HEAT, hot	گرم
heat, hot, iron around, as if from a	2	HEAT, hot, iron around, as if from a	=گرمی، جیسے گرد گرم لوہا ہو
heat, hot, water	2	HEAT, hot, water	=گرمی، گرم پانی
heat, hot, water thrown on scalp and penetrating to brain, as from	2	HEAT, hot, water thrown on scalp and penetrating to brain, as from	=گرمی، جیسے سر کی کھال پر گرم پانی پھینکا گیا ہو جو دماغ تک اترے
heat, laughing agg.	1	HEAT, laughing agg.	ہنسنے سے بگاڑ
heat, lying down	1	HEAT, lying down	لیٹنا
heat, lying down, amel.	2	HEAT, lying down, amel.	=گرمی، لیٹنے سے آرام
heat, lying down, while agg.	2	HEAT, lying down, while agg.	=گرمی، لیٹے ہوئے بگاڑ
heat, menses	1	HEAT, menses	حیض
heat, menses, after	2	HEAT, menses, after	=گرمی، حیض کے بعد
heat, menses, before	2	HEAT, menses, before	=گرمی، حیض سے پہلے
heat, menses, during	2	HEAT, menses, during	=گرمی، حیض کے دوران
heat, mental exertion, from	1	HEAT, mental exertion, from	ذہنی محنت سے
heat, midnight	1	HEAT, midnight	آدھی رات
heat, morning	1	HEAT, morning	صبح
heat, morning, rising on agg.	2	HEAT, morning, rising on agg.	=گرمی، صبح اٹھنے پر بگاڑ
heat, morning, rising, amel.	2	HEAT, morning, rising, amel.	=گرمی، صبح اٹھنے سے آرام
heat, morning, waking, on	2	HEAT, morning, waking, on	=گرمی، صبح جاگنے پر
heat, music, from	1	HEAT, music, from	موسیقی سے
heat, night	1	HEAT, night	رات
heat, night, bed, in	2	HEAT, night, bed, in	=گرمی، رات بستر میں
heat, night, waking, on	2	HEAT, night, waking, on	=گرمی، رات جاگنے پر
heat, noon	1	HEAT, noon	دوپہر
heat, occiput	1	HEAT, occiput	گدی
heat, occiput, diarrhoea, during	2	HEAT, occiput, diarrhoea, during	=گرمی، گدی میں، دستوں کے دوران
heat, occiput, evening	2	HEAT, occiput, evening	=گرمی، گدی میں، شام
heat, occiput, excitement agg.	2	HEAT, occiput, excitement agg.	=گرمی، گدی میں، جوش سے بگاڑ
heat, occiput, flashes of	2	HEAT, occiput, flashes of	=گرمی، گدی میں، لپٹیں
heat, occiput, morning	2	HEAT, occiput, morning	=گرمی، گدی میں، صبح
heat, occiput, walking in open air, amel.	2	HEAT, occiput, walking in open air, amel.	=گرمی، گدی میں، کھلی ہوا میں چلنے سے آرام
heat, occiput, warm room, in	2	HEAT, occiput, warm room, in	=گرمی، گدی میں، گرم کمرے میں
heat, pale face, with	1	HEAT, pale face, with	زرد چہرے کے ساتھ
heat, periodical	1	HEAT, periodical	وقفے وقفے سے، باقاعدہ
heat, pressure amel.	1	HEAT, pressure amel.	دبانے سے آرام
heat, pressure, of hands amel.	1	HEAT, pressure, of hands amel.	ہاتھوں کے دباؤ سے آرام
heat, reading, while	1	HEAT, reading, while	پڑھتے ہوئے
heat, redness of face, with	1	HEAT, redness of face, with	چہرے کی سرخی کے ساتھ
heat, riding, while	1	HEAT, riding, while	سواری کرتے ہوئے
heat, rising up	1	HEAT, rising up	اوپر چڑھتی ہوئی
heat, rising up, abdomen, from	2	HEAT, rising up, abdomen, from	=گرمی، پیٹ سے اوپر چڑھتی ہوئی
heat, rising up, back, from	2	HEAT, rising up, back, from	=گرمی، کمر سے اوپر چڑھتی ہوئی
heat, rising up, chest, from	2	HEAT, rising up, chest, from	=گرمی، سینے سے اوپر چڑھتی ہوئی
heat, rising	1	HEAT, rising	اٹھنا
heat, rising, amel.	2	HEAT, rising, amel.	=گرمی، اٹھنے سے آرام
heat, rising, from stooping	2	HEAT, rising, from stooping	=گرمی، جھک کر سیدھا ہونے پر
heat, rising, on agg.	2	HEAT, rising, on agg.	=گرمی، اٹھنے پر بگاڑ
heat, sewing, while	1	HEAT, sewing, while	سلائی کرتے ہوئے
heat, sides	1	HEAT, sides	پہلوؤں میں
heat, sides, in flashes	2	HEAT, sides, in flashes	=گرمی، پہلوؤں میں، لپٹوں کی صورت
heat, sides, right, evening	2	HEAT, sides, right, evening	=گرمی، دائیں پہلو میں، شام
heat, siesta, after	1	HEAT, siesta, after	دوپہر کی نیند کے بعد
heat, sitting, while	1	HEAT, sitting, while	بیٹھے ہوئے
heat, sleep	1	HEAT, sleep	نیند
heat, sleep, amel.	2	HEAT, sleep, amel.	=گرمی، نیند سے آرام
heat, sleep, before	2	HEAT, sleep, before	=گرمی، نیند سے پہلے
heat, sleepiness, with	1	HEAT, sleepiness, with	غنودگی کے ساتھ
heat, sneezing amel.	1	HEAT, sneezing amel.	چھینک سے آرام
heat, soup, on taking	1	HEAT, soup, on taking	شوربہ (سوپ) پینے پر
heat, speaking, by	1	HEAT, speaking, by	بولنے سے
heat, spot, in small	1	HEAT, spot, in small	چھوٹے سے دھبے میں
heat, standing agg.	1	HEAT, standing agg.	کھڑے ہونے سے بگاڑ
heat, standing, amel.	1	HEAT, standing, amel.	کھڑے ہونے سے آرام
heat, stool	1	HEAT, stool	پاخانہ
heat, stool, after	2	HEAT, stool, after	=گرمی، پاخانے کے بعد
heat, stool, during urging to	2	HEAT, stool, during urging to	=گرمی، پاخانے کی حاجت کے دوران
heat, stooping, when	1	HEAT, stooping, when	جھکنے پر
heat, storm, on approach of	1	HEAT, storm, on approach of	طوفان آنے سے پہلے
heat, stove agg.	1	HEAT, stove agg.	چولہے (آگ) کے پاس بگاڑ
heat, temples	1	HEAT, temples	کنپٹیاں
heat, temples, cold cheeks, with	2	HEAT, temples, cold cheeks, with	=گرمی، کنپٹیوں میں، ٹھنڈے گالوں کے ساتھ
heat, thinking of it agg.	1	HEAT, thinking of it agg.	اس کے بارے میں سوچنے سے بگاڑ
heat, transient	1	HEAT, transient	عارضی
heat, urinating, while	1	HEAT, urinating, while	پیشاب کرتے ہوئے
heat, vapor, as from warm	1	HEAT, vapor, as from warm	جیسے گرم بھاپ سے
heat, vertex	1	HEAT, vertex	چوٹی
heat, vertex, 11 p.m.	2	HEAT, vertex, 11 p.m.	=گرمی، چوٹی میں، رات 11 بجے
heat, vertex, grief, after	2	HEAT, vertex, grief, after	=گرمی، چوٹی میں، غم کے بعد
heat, vertex, menopause, during	2	HEAT, vertex, menopause, during	=گرمی، چوٹی میں، سنِ یاس کے دوران
heat, vertex, menses, during	2	HEAT, vertex, menses, during	=گرمی، چوٹی میں، حیض کے دوران
heat, vertex, morning	2	HEAT, vertex, morning	=گرمی، چوٹی میں، صبح
heat, vertex, pressure amel.	2	HEAT, vertex, pressure amel.	=گرمی، چوٹی میں، دبانے سے آرام
heat, vertex, spots, in	2	HEAT, vertex, spots, in	=گرمی، چوٹی میں، دھبوں کی صورت
heat, vertex, thinking, while	2	HEAT, vertex, thinking, while	=گرمی، چوٹی میں، سوچتے ہوئے
heat, vertex, warm applications amel.	2	HEAT, vertex, warm applications amel.	=گرمی، چوٹی میں، گرم پٹیوں سے آرام
heat, waking	1	HEAT, waking	جاگنا
heat, waking, before	2	HEAT, waking, before	=گرمی، جاگنے سے پہلے
heat, waking, on	2	HEAT, waking, on	=گرمی، جاگنے پر
heat, walking	1	HEAT, walking	چلنا
heat, walking, in open air amel.	2	HEAT, walking, in open air amel.	=گرمی، کھلی ہوا میں چلنے سے آرام
heat, walking, while	2	HEAT, walking, while	=گرمی، چلتے ہوئے
heat, warm room	1	HEAT, warm room	گرم کمرے میں
heat, washing hands in cold water amel.	1	HEAT, washing hands in cold water amel.	ٹھنڈے پانی سے ہاتھ دھونے سے آرام
heat, wine	1	HEAT, wine	شراب (وائن)
heat, wine, after	2	HEAT, wine, after	=گرمی، شراب کے بعد
heat, wine, as from	2	HEAT, wine, as from	=گرمی، جیسے شراب سے
heat, writing, on	1	HEAT, writing, on	لکھنے پر
heaviness	0	HEAVINESS (See Pressing)	بھاری پن
heaviness, afternoon	1	HEAVINESS (See Pressing), afternoon	سہ پہر
heaviness, afternoon, 4 p.m.	2	HEAVINESS (See Pressing), afternoon, 4 p.m.	=بھاری پن، سہ پہر 4 بجے
heaviness, air	1	HEAVINESS (See Pressing), air	ہوا
heaviness, air, in cold	2	HEAVINESS (See Pressing), air, in cold	=بھاری پن، ٹھنڈی ہوا میں
heaviness, air, in open agg.	2	HEAVINESS (See Pressing), air, in open agg.	=بھاری پن، کھلی ہوا میں بگاڑ
heaviness, air, in open, amel.	2	HEAVINESS (See Pressing), air, in open, amel.	=بھاری پن، کھلی ہوا میں آرام
heaviness, alternating with clearness of mind	1	HEAVINESS (See Pressing), alternating with clearness of mind	باری باری ذہن کی صفائی کے ساتھ
heaviness, ascending, on	1	HEAVINESS (See Pressing), ascending, on	اوپر چڑھنے پر
heaviness, back and limbs	1	HEAVINESS (See Pressing), back and limbs	کمر اور اعضا
heaviness, back and limbs, with drowsiness and pain in	2	HEAVINESS (See Pressing), back and limbs, with drowsiness and pain in	=بھاری پن، غنودگی اور کمر اور اعضا میں درد کے ساتھ
heaviness, back and limbs, with pain in	2	HEAVINESS (See Pressing), back and limbs, with pain in	=بھاری پن، کمر اور اعضا میں درد کے ساتھ
heaviness, bed, while lying in	1	HEAVINESS (See Pressing), bed, while lying in	بستر میں لیٹے ہوئے
heaviness, beer, after	1	HEAVINESS (See Pressing), beer, after	بیئر کے بعد
heaviness, bending head back amel.	1	HEAVINESS (See Pressing), bending head back amel.	سر پیچھے جھکانے سے آرام
heaviness, bending head, forward, on	1	HEAVINESS (See Pressing), bending head, forward, on	سر آگے جھکانے پر
heaviness, blood, as if too full of	1	HEAVINESS (See Pressing), blood, as if too full of	جیسے خون سے بہت بھرا ہو
heaviness, breakfast, after	1	HEAVINESS (See Pressing), breakfast, after	ناشتے کے بعد
heaviness, candle-light, from	1	HEAVINESS (See Pressing), candle-light, from	موم بتی کی روشنی سے
heaviness, chill	1	HEAVINESS (See Pressing), chill	سردی لگنا
heaviness, chill, after	2	HEAVINESS (See Pressing), chill, after	=بھاری پن، سردی لگنے کے بعد
heaviness, chill, during	2	HEAVINESS (See Pressing), chill, during	=بھاری پن، سردی لگنے کے دوران
heaviness, coffee, strong amel.	1	HEAVINESS (See Pressing), coffee, strong amel.	کڑک کافی سے آرام
heaviness, cold	1	HEAVINESS (See Pressing), cold	ٹھنڈ
heaviness, cold, after taking (amel.)	2	HEAVINESS (See Pressing), cold, after taking (amel.)	=بھاری پن، ٹھنڈ لگنے کے بعد (آرام)
heaviness, cold, amel.	2	HEAVINESS (See Pressing), cold, amel.	=بھاری پن، ٹھنڈ سے آرام
heaviness, coughing, on	1	HEAVINESS (See Pressing), coughing, on	کھانستے وقت
heaviness, daily	1	HEAVINESS (See Pressing), daily	روزانہ
heaviness, darkness agg.	1	HEAVINESS (See Pressing), darkness agg.	اندھیرے میں بگاڑ
heaviness, darkness, amel.	1	HEAVINESS (See Pressing), darkness, amel.	اندھیرے میں آرام
heaviness, descending, on	1	HEAVINESS (See Pressing), descending, on	نیچے اترنے پر
heaviness, dinner	1	HEAVINESS (See Pressing), dinner	دوپہر کا کھانا
heaviness, dinner, after	2	HEAVINESS (See Pressing), dinner, after	=بھاری پن، دوپہر کے کھانے کے بعد
heaviness, dinner, amel.	2	HEAVINESS (See Pressing), dinner, amel.	=بھاری پن، دوپہر کے کھانے سے آرام
heaviness, drinking, as if had been	1	HEAVINESS (See Pressing), drinking, as if had been	جیسے شراب پی رکھی ہو
heaviness, dull	1	HEAVINESS (See Pressing), dull	مدھم (ہلکا)
heaviness, eating	1	HEAVINESS (See Pressing), eating	کھانا
heaviness, eating, after	2	HEAVINESS (See Pressing), eating, after	=بھاری پن، کھانے کے بعد
heaviness, eating, while	2	HEAVINESS (See Pressing), eating, while	=بھاری پن، کھاتے ہوئے
heaviness, epistaxis amel.	1	HEAVINESS (See Pressing), epistaxis amel.	نکسیر سے آرام
heaviness, erect, on becoming	1	HEAVINESS (See Pressing), erect, on becoming	سیدھا ہونے پر
heaviness, evening	1	HEAVINESS (See Pressing), evening	شام
heaviness, exercise, on	1	HEAVINESS (See Pressing), exercise, on	ورزش پر
heaviness, exertion of eyes, on	1	HEAVINESS (See Pressing), exertion of eyes, on	نظر پر زور دینے سے
heaviness, falls	1	HEAVINESS (See Pressing), falls	گرنا
heaviness, falls, backward, head	2	HEAVINESS (See Pressing), falls, backward, head	=بھاری پن، سر پیچھے کو گرے
heaviness, falls, down, as if brain would	2	HEAVINESS (See Pressing), falls, down, as if brain would	=بھاری پن، جیسے دماغ نیچے گر پڑے گا
heaviness, falls, forward	2	HEAVINESS (See Pressing), falls, forward	=بھاری پن، آگے کو گرنا
heaviness, falls, forward, as if brain would	3	HEAVINESS (See Pressing), falls, forward, as if brain would	=بھاری پن، جیسے دماغ آگے کو گر پڑے گا
heaviness, falls, forward, as if head would	3	HEAVINESS (See Pressing), falls, forward, as if head would	=بھاری پن، جیسے سر آگے کو گر پڑے گا
heaviness, falls, side, to one, as if head would	2	HEAVINESS (See Pressing), falls, side, to one, as if head would	=بھاری پن، جیسے سر ایک طرف کو گر پڑے گا
heaviness, forehead	1	HEAVINESS (See Pressing), forehead	ماتھا
heaviness, forehead, afternoon	2	HEAVINESS (See Pressing), forehead, afternoon	=بھاری پن، ماتھے میں، سہ پہر
heaviness, forehead, afternoon, 4 p.m.	3	HEAVINESS (See Pressing), forehead, afternoon, 4 p.m.	=بھاری پن، ماتھے میں، سہ پہر 4 بجے
heaviness, forehead, air, in open, amel.	2	HEAVINESS (See Pressing), forehead, air, in open, amel.	=بھاری پن، ماتھے میں، کھلی ہوا میں آرام
heaviness, forehead, all would come out, as if	2	HEAVINESS (See Pressing), forehead, all would come out, as if	=بھاری پن، ماتھے میں، جیسے سب کچھ باہر نکل پڑے گا
heaviness, forehead, eating, after	2	HEAVINESS (See Pressing), forehead, eating, after	=بھاری پن، ماتھے میں، کھانے کے بعد
heaviness, forehead, evening	2	HEAVINESS (See Pressing), forehead, evening	=بھاری پن، ماتھے میں، شام
heaviness, forehead, evening, menses, during	3	HEAVINESS (See Pressing), forehead, evening, menses, during	=بھاری پن، ماتھے میں، شام، حیض کے دوران
heaviness, forehead, forenoon	2	HEAVINESS (See Pressing), forehead, forenoon	=بھاری پن، ماتھے میں، دوپہر سے پہلے
heaviness, forehead, frontal sinuses	2	HEAVINESS (See Pressing), forehead, frontal sinuses	=بھاری پن، ماتھے کے اندرونی خانوں (سائنس) میں
heaviness, forehead, heat of sun	2	HEAVINESS (See Pressing), forehead, heat of sun	=بھاری پن، ماتھے میں، دھوپ کی گرمی سے
heaviness, forehead, menses, during	2	HEAVINESS (See Pressing), forehead, menses, during	=بھاری پن، ماتھے میں، حیض کے دوران
heaviness, forehead, mental exertion	2	HEAVINESS (See Pressing), forehead, mental exertion	=بھاری پن، ماتھے میں، ذہنی محنت سے
heaviness, forehead, morning	2	HEAVINESS (See Pressing), forehead, morning	=بھاری پن، ماتھے میں، صبح
heaviness, forehead, morning, waking, on	3	HEAVINESS (See Pressing), forehead, morning, waking, on	=بھاری پن، ماتھے میں، صبح جاگنے پر
heaviness, forehead, motion, on	2	HEAVINESS (See Pressing), forehead, motion, on	=بھاری پن، ماتھے میں، حرکت پر
heaviness, forehead, noon	2	HEAVINESS (See Pressing), forehead, noon	=بھاری پن، ماتھے میں، دوپہر
heaviness, forehead, standing, while	2	HEAVINESS (See Pressing), forehead, standing, while	=بھاری پن، ماتھے میں، کھڑے ہوئے
heaviness, forehead, stone lay there, as if	2	HEAVINESS (See Pressing), forehead, stone lay there, as if	=بھاری پن، ماتھے میں، جیسے پتھر رکھا ہو
heaviness, forehead, stooping, when	2	HEAVINESS (See Pressing), forehead, stooping, when	=بھاری پن، ماتھے میں، جھکنے پر
heaviness, forehead, waking, on	2	HEAVINESS (See Pressing), forehead, waking, on	=بھاری پن، ماتھے میں، جاگنے پر
heaviness, forehead, walking, while	2	HEAVINESS (See Pressing), forehead, walking, while	=بھاری پن، ماتھے میں، چلتے ہوئے
heaviness, forehead, weight pressed forward in, as if a, must hold head upright	2	HEAVINESS (See Pressing), forehead, weight pressed forward in, as if a, must hold head upright	=بھاری پن، ماتھے میں، جیسے وزن آگے کو دبا رہا ہو، سر سیدھا رکھنا پڑے
heaviness, forehead, weight, sank down in it	2	HEAVINESS (See Pressing), forehead, weight, sank down in it	=بھاری پن، ماتھے میں، جیسے وزن اس میں دھنس گیا ہو
heaviness, forehead, writing, while	2	HEAVINESS (See Pressing), forehead, writing, while	=بھاری پن، ماتھے میں، لکھتے ہوئے
heaviness, heat	1	HEAVINESS (See Pressing), heat	گرمی
heaviness, heat, after the	2	HEAVINESS (See Pressing), heat, after the	=بھاری پن، بخار کی گرمی کے بعد
heaviness, heat, during the	2	HEAVINESS (See Pressing), heat, during the	=بھاری پن، بخار کی گرمی کے دوران
heaviness, heat, from	2	HEAVINESS (See Pressing), heat, from	=بھاری پن، گرمی سے
heaviness, heat, of sun	2	HEAVINESS (See Pressing), heat, of sun	=بھاری پن، دھوپ کی گرمی سے
heaviness, holding head erect, on	1	HEAVINESS (See Pressing), holding head erect, on	سر سیدھا رکھنے پر
heaviness, lean on something, desires to	1	HEAVINESS (See Pressing), lean on something, desires to	کسی چیز سے ٹیک لگانا چاہے
heaviness, light, from strong	1	HEAVINESS (See Pressing), light, from strong	تیز روشنی سے
heaviness, looking steadily agg.	1	HEAVINESS (See Pressing), looking steadily agg.	ایک ٹک دیکھنے سے بگاڑ
heaviness, looking steadily, amel.	1	HEAVINESS (See Pressing), looking steadily, amel.	ایک ٹک دیکھنے سے آرام
heaviness, looking, sideways, while	1	HEAVINESS (See Pressing), looking, sideways, while	ترچھا دیکھتے ہوئے
heaviness, lying	1	HEAVINESS (See Pressing), lying	لیٹنا
heaviness, lying, amel.	2	HEAVINESS (See Pressing), lying, amel.	=بھاری پن، لیٹنے سے آرام
heaviness, lying, back, on	2	HEAVINESS (See Pressing), lying, back, on	=بھاری پن، پیٹھ کے بل لیٹنے پر
heaviness, lying, head high amel.	2	HEAVINESS (See Pressing), lying, head high amel.	=بھاری پن، سر اونچا رکھ کر لیٹنے سے آرام
heaviness, lying, head too low, as if had been	2	HEAVINESS (See Pressing), lying, head too low, as if had been	=بھاری پن، جیسے سر بہت نیچا رکھ کر لیٹا رہا ہو
heaviness, lying, side	2	HEAVINESS (See Pressing), lying, side	=بھاری پن، پہلو پر لیٹنا
heaviness, lying, side, on agg.	3	HEAVINESS (See Pressing), lying, side, on agg.	=بھاری پن، پہلو پر لیٹنے سے بگاڑ
heaviness, lying, side, on, amel.	3	HEAVINESS (See Pressing), lying, side, on, amel.	=بھاری پن، پہلو پر لیٹنے سے آرام
heaviness, lying, side, right on	3	HEAVINESS (See Pressing), lying, side, right on	=بھاری پن، دائیں پہلو لیٹنے پر
heaviness, lying, while agg.	2	HEAVINESS (See Pressing), lying, while agg.	=بھاری پن، لیٹے ہوئے بگاڑ
heaviness, menses	1	HEAVINESS (See Pressing), menses	حیض
heaviness, menses, after	2	HEAVINESS (See Pressing), menses, after	=بھاری پن، حیض کے بعد
heaviness, menses, before	2	HEAVINESS (See Pressing), menses, before	=بھاری پن، حیض سے پہلے
heaviness, menses, during	2	HEAVINESS (See Pressing), menses, during	=بھاری پن، حیض کے دوران
heaviness, menses, menstrual colic	2	HEAVINESS (See Pressing), menses, menstrual colic	=بھاری پن، حیض کے مروڑ کے ساتھ
heaviness, mental exertion, from	1	HEAVINESS (See Pressing), mental exertion, from	ذہنی محنت سے
heaviness, morning	1	HEAVINESS (See Pressing), morning	صبح
heaviness, morning, rising	2	HEAVINESS (See Pressing), morning, rising	=بھاری پن، صبح اٹھنا
heaviness, morning, rising, amel. after	3	HEAVINESS (See Pressing), morning, rising, amel. after	=بھاری پن، صبح اٹھنے کے بعد آرام
heaviness, morning, rising, on	3	HEAVINESS (See Pressing), morning, rising, on	=بھاری پن، صبح اٹھنے پر
heaviness, morning, waking, on	2	HEAVINESS (See Pressing), morning, waking, on	=بھاری پن، صبح جاگنے پر
heaviness, motion	1	HEAVINESS (See Pressing), motion	حرکت
heaviness, motion, amel.	2	HEAVINESS (See Pressing), motion, amel.	=بھاری پن، حرکت سے آرام
heaviness, motion, from agg.	2	HEAVINESS (See Pressing), motion, from agg.	=بھاری پن، حرکت سے بگاڑ
heaviness, motion, of eyes, on	2	HEAVINESS (See Pressing), motion, of eyes, on	=بھاری پن، آنکھیں ہلانے پر
heaviness, motion, of head	2	HEAVINESS (See Pressing), motion, of head	=بھاری پن، سر ہلانے پر
heaviness, night	1	HEAVINESS (See Pressing), night	رات
heaviness, night, waking, on	2	HEAVINESS (See Pressing), night, waking, on	=بھاری پن، رات جاگنے پر
heaviness, occiput	1	HEAVINESS (See Pressing), occiput	گدی
heaviness, occiput, afternoon	2	HEAVINESS (See Pressing), occiput, afternoon	=بھاری پن، گدی میں، سہ پہر
heaviness, occiput, bending head forward	2	HEAVINESS (See Pressing), occiput, bending head forward	=بھاری پن، گدی میں، سر آگے جھکانے پر
heaviness, occiput, chill, during	2	HEAVINESS (See Pressing), occiput, chill, during	=بھاری پن، گدی میں، سردی لگنے کے دوران
heaviness, occiput, draws eyes together	2	HEAVINESS (See Pressing), occiput, draws eyes together	=بھاری پن، گدی میں، آنکھیں بند کرنے پر مجبور کرے
heaviness, occiput, evening	2	HEAVINESS (See Pressing), occiput, evening	=بھاری پن، گدی میں، شام
heaviness, occiput, extending downward	2	HEAVINESS (See Pressing), occiput, extending downward	=بھاری پن، گدی سے نیچے کی طرف پھیلتا ہوا
heaviness, occiput, extending	2	HEAVINESS (See Pressing), occiput, extending	=بھاری پن، گدی سے پھیلتا ہوا
heaviness, occiput, extending, down arms	3	HEAVINESS (See Pressing), occiput, extending, down arms	=بھاری پن، گدی سے بازوؤں میں نیچے تک
heaviness, occiput, extending, ear to ear	3	HEAVINESS (See Pressing), occiput, extending, ear to ear	=بھاری پن، گدی میں، کان سے کان تک
heaviness, occiput, extending, nape, into	3	HEAVINESS (See Pressing), occiput, extending, nape, into	=بھاری پن، گدی سے گردن کے پچھلے حصے تک
heaviness, occiput, extending, shoulders, to	3	HEAVINESS (See Pressing), occiput, extending, shoulders, to	=بھاری پن، گدی سے کندھوں تک
heaviness, occiput, forenoon	2	HEAVINESS (See Pressing), occiput, forenoon	=بھاری پن، گدی میں، دوپہر سے پہلے
heaviness, occiput, heat of sun	2	HEAVINESS (See Pressing), occiput, heat of sun	=بھاری پن، گدی میں، دھوپ کی گرمی سے
heaviness, occiput, lead, as if full of	2	HEAVINESS (See Pressing), occiput, lead, as if full of	=بھاری پن، گدی میں، جیسے سیسے سے بھری ہو
heaviness, occiput, lying down, after	2	HEAVINESS (See Pressing), occiput, lying down, after	=بھاری پن، گدی میں، لیٹنے کے بعد
heaviness, occiput, lying	2	HEAVINESS (See Pressing), occiput, lying	=بھاری پن، گدی میں، لیٹنا
heaviness, occiput, lying, back, on while, agg.	3	HEAVINESS (See Pressing), occiput, lying, back, on while, agg.	=بھاری پن، گدی میں، پیٹھ کے بل لیٹے ہوئے بگاڑ
heaviness, occiput, lying, side, on, amel.	3	HEAVINESS (See Pressing), occiput, lying, side, on, amel.	=بھاری پن، گدی میں، پہلو پر لیٹنے سے آرام
heaviness, occiput, morning	2	HEAVINESS (See Pressing), occiput, morning	=بھاری پن، گدی میں، صبح
heaviness, occiput, morning, menses, during	3	HEAVINESS (See Pressing), occiput, morning, menses, during	=بھاری پن، گدی میں، صبح حیض کے دوران
heaviness, occiput, motion agg.	2	HEAVINESS (See Pressing), occiput, motion agg.	=بھاری پن، گدی میں، حرکت سے بگاڑ
heaviness, occiput, night	2	HEAVINESS (See Pressing), occiput, night	=بھاری پن، گدی میں، رات
heaviness, occiput, night, could not be raised from pillow, as if	3	HEAVINESS (See Pressing), occiput, night, could not be raised from pillow, as if	=بھاری پن، گدی میں، رات، جیسے تکیے سے اٹھایا ہی نہ جا سکے
heaviness, occiput, night, lying on back	3	HEAVINESS (See Pressing), occiput, night, lying on back	=بھاری پن، گدی میں، رات پیٹھ کے بل لیٹے
heaviness, occiput, raise, difficult to	2	HEAVINESS (See Pressing), occiput, raise, difficult to	=بھاری پن، گدی میں، سر اٹھانا مشکل
heaviness, occiput, raise, difficult to, pain in occiput like a weight, must raise head with hands	3	HEAVINESS (See Pressing), occiput, raise, difficult to, pain in occiput like a weight, must raise head with hands	=بھاری پن، گدی میں، سر اٹھانا مشکل، گدی میں وزن جیسا درد، سر ہاتھوں سے اٹھانا پڑے
heaviness, occiput, rising, on	2	HEAVINESS (See Pressing), occiput, rising, on	=بھاری پن، گدی میں، اٹھنے پر
heaviness, occiput, sink, as if head would, backward	2	HEAVINESS (See Pressing), occiput, sink, as if head would, backward	=بھاری پن، گدی میں، جیسے سر پیچھے کو ڈھلک جائے گا
heaviness, occiput, sitting bent, while	2	HEAVINESS (See Pressing), occiput, sitting bent, while	=بھاری پن، گدی میں، جھک کر بیٹھے ہوئے
heaviness, occiput, step, at every, a jolt as if weight were on occiput	2	HEAVINESS (See Pressing), occiput, step, at every, a jolt as if weight were on occiput	=بھاری پن، گدی میں، ہر قدم پر جھٹکا جیسے گدی پر وزن ہو
heaviness, occiput, swallowing agg.	2	HEAVINESS (See Pressing), occiput, swallowing agg.	=بھاری پن، گدی میں، نگلنے سے بگاڑ
heaviness, occiput, waking, on	2	HEAVINESS (See Pressing), occiput, waking, on	=بھاری پن، گدی میں، جاگنے پر
heaviness, occiput, walking, while	2	HEAVINESS (See Pressing), occiput, walking, while	=بھاری پن، گدی میں، چلتے ہوئے
heaviness, painful	1	HEAVINESS (See Pressing), painful	دردناک
heaviness, perspiration, during	1	HEAVINESS (See Pressing), perspiration, during	پسینے کے دوران
heaviness, pressed forward, as if brain were	1	HEAVINESS (See Pressing), pressed forward, as if brain were	جیسے دماغ آگے کو دبایا جا رہا ہو
heaviness, pressed	1	HEAVINESS (See Pressing), pressed	دبا ہوا
heaviness, pressed, brain feels compressed	2	HEAVINESS (See Pressing), pressed, brain feels compressed	=بھاری پن، دماغ دبا ہوا محسوس ہو
heaviness, pressed, weight on brain, like a	2	HEAVINESS (See Pressing), pressed, weight on brain, like a	=بھاری پن، جیسے دماغ پر وزن ہو
heaviness, pressed, weight, on head, like a	2	HEAVINESS (See Pressing), pressed, weight, on head, like a	=بھاری پن، جیسے سر پر وزن ہو
heaviness, pressure amel.	1	HEAVINESS (See Pressing), pressure amel.	دبانے سے آرام
heaviness, raising head	1	HEAVINESS (See Pressing), raising head	سر اٹھانا
heaviness, raising head, amel.	2	HEAVINESS (See Pressing), raising head, amel.	=بھاری پن، سر اٹھانے سے آرام
heaviness, raising head, on agg.	2	HEAVINESS (See Pressing), raising head, on agg.	=بھاری پن، سر اٹھانے پر بگاڑ
heaviness, reading, while	1	HEAVINESS (See Pressing), reading, while	پڑھتے ہوئے
heaviness, riding, while	1	HEAVINESS (See Pressing), riding, while	سواری کرتے ہوئے
heaviness, rising	1	HEAVINESS (See Pressing), rising	اٹھنا
heaviness, rising, amel.	2	HEAVINESS (See Pressing), rising, amel.	=بھاری پن، اٹھنے سے آرام
heaviness, rising, from stooping	2	HEAVINESS (See Pressing), rising, from stooping	=بھاری پن، جھک کر سیدھا ہونے پر
heaviness, rising, on agg.	2	HEAVINESS (See Pressing), rising, on agg.	=بھاری پن، اٹھنے پر بگاڑ
heaviness, sewing, while	1	HEAVINESS (See Pressing), sewing, while	سلائی کرتے ہوئے
heaviness, shaking head amel.	1	HEAVINESS (See Pressing), shaking head amel.	سر ہلانے سے آرام
heaviness, sides	1	HEAVINESS (See Pressing), sides	پہلوؤں میں
heaviness, sides, right	2	HEAVINESS (See Pressing), sides, right	=بھاری پن، دائیں پہلو میں
heaviness, siesta, after a	1	HEAVINESS (See Pressing), siesta, after a	دوپہر کی نیند کے بعد
heaviness, sitting	1	HEAVINESS (See Pressing), sitting	بیٹھنا
heaviness, sitting, amel.	2	HEAVINESS (See Pressing), sitting, amel.	=بھاری پن، بیٹھنے سے آرام
heaviness, sitting, bent over, while	2	HEAVINESS (See Pressing), sitting, bent over, while	=بھاری پن، جھک کر بیٹھے ہوئے
heaviness, sitting, erect	2	HEAVINESS (See Pressing), sitting, erect	=بھاری پن، سیدھا بیٹھنے پر
heaviness, sitting, while agg.	2	HEAVINESS (See Pressing), sitting, while agg.	=بھاری پن، بیٹھے ہوئے بگاڑ
heaviness, sleep amel.	1	HEAVINESS (See Pressing), sleep amel.	نیند سے آرام
heaviness, smoking agg.	1	HEAVINESS (See Pressing), smoking agg.	تمباکو نوشی سے بگاڑ
heaviness, sneezing, on	1	HEAVINESS (See Pressing), sneezing, on	چھینکتے وقت
heaviness, standing, on	1	HEAVINESS (See Pressing), standing, on	کھڑے ہونے پر
heaviness, stool, after	1	HEAVINESS (See Pressing), stool, after	پاخانے کے بعد
heaviness, stooping	1	HEAVINESS (See Pressing), stooping	جھکنا
heaviness, stooping, amel.	2	HEAVINESS (See Pressing), stooping, amel.	=بھاری پن، جھکنے سے آرام
heaviness, stooping, on agg.	2	HEAVINESS (See Pressing), stooping, on agg.	=بھاری پن، جھکنے پر بگاڑ
heaviness, swallowing agg.	1	HEAVINESS (See Pressing), swallowing agg.	نگلنے سے بگاڑ
heaviness, talking, from	1	HEAVINESS (See Pressing), talking, from	باتیں کرنے سے
heaviness, temples	1	HEAVINESS (See Pressing), temples	کنپٹیاں
heaviness, temples, as if a weight hung at both sides	2	HEAVINESS (See Pressing), temples, as if a weight hung at both sides	=بھاری پن، کنپٹیوں میں، جیسے دونوں طرف وزن لٹکا ہو
heaviness, thinking of it agg.	1	HEAVINESS (See Pressing), thinking of it agg.	اس کے بارے میں سوچنے سے بگاڑ
heaviness, urine, profuse discharge, amel.	1	HEAVINESS (See Pressing), urine, profuse discharge, amel.	کھل کر پیشاب آنے سے آرام
heaviness, vexation, after	1	HEAVINESS (See Pressing), vexation, after	کوفت کے بعد
heaviness, waking, on	1	HEAVINESS (See Pressing), waking, on	جاگنے پر
heaviness, walking	1	HEAVINESS (See Pressing), walking	چلنا
heaviness, walking, after	2	HEAVINESS (See Pressing), walking, after	=بھاری پن، چلنے کے بعد
heaviness, walking, amel.	2	HEAVINESS (See Pressing), walking, amel.	=بھاری پن، چلنے سے آرام
heaviness, walking, open air amel.	2	HEAVINESS (See Pressing), walking, open air amel.	=بھاری پن، کھلی ہوا میں چلنے سے آرام
heaviness, walking, while agg.	2	HEAVINESS (See Pressing), walking, while agg.	=بھاری پن، چلتے ہوئے بگاڑ
heaviness, warm room	1	HEAVINESS (See Pressing), warm room	گرم کمرے میں
heaviness, washing amel.	1	HEAVINESS (See Pressing), washing amel.	دھونے سے آرام
heaviness, wrinkling forehead amel.	1	HEAVINESS (See Pressing), wrinkling forehead amel.	ماتھے پر شکنیں ڈالنے سے آرام
heaviness, writing, while	1	HEAVINESS (See Pressing), writing, while	لکھتے ہوئے
heaviness, vertex	1	HEAVINESS (See Pressing), Vertex (See Pressing)	چوٹی میں
heaving up and down sensation	0	HEAVING up and down sensation	اوپر نیچے اٹھنے گرنے کا احساس
hold up head	0	HOLD up head	سر اوپر رکھنا
hold up head, unable to	1	HOLD up head, unable to	=سر اوپر رکھنے سے قاصر
hold	0	HOLD	تھامنا
hold, steady, unable to	1	HOLD, steady, unable to	=سر ساکت نہیں رکھ سکتا
horripilation	0	HORRIPILATION (See Hair)	رونگٹے کھڑے ہونا
hydrocephalus	0	HYDROCEPHALUS	دماغ میں پانی بھر جانا (ہائیڈروسیفالس)
hydrocephalus, lies with head low	1	HYDROCEPHALUS, lies with head low	=دماغ میں پانی، سر نیچا رکھ کر لیٹتا ہے
hydrocephalus, with sweat	1	HYDROCEPHALUS, with sweat	=دماغ میں پانی، پسینے کے ساتھ
in an uncomfortable position	0	IN an uncomfortable position	بے آرام حالت میں
in an uncomfortable position, as if	1	IN an uncomfortable position, as if	=جیسے سر بے آرام حالت میں ہو
in an uncomfortable position, too low, as if from	1	IN an uncomfortable position, too low, as if from	=جیسے سر بہت نیچا رہا ہو
inflammation of brain	0	INFLAMMATION of brain	دماغ کی سوزش
inflammation of brain, mastoid	1	INFLAMMATION of brain, Mastoid (See Ear, Caries)	=کان کے پیچھے کی ہڈی کی سوزش
inflammation	0	INFLAMMATION	سوزش
inflammation, of meninges	1	INFLAMMATION, of meninges	=دماغ کی جھلیوں کی سوزش
inflammation, periosteum	1	INFLAMMATION, periosteum	=ہڈی کی جھلی کی سوزش
inflammation, tubercular	1	INFLAMMATION, tubercular	=تپ دق والی سوزش
inflammation, with sopor	1	INFLAMMATION, with sopor	=سوزش، گہری غنودگی کے ساتھ
injuries of the head	0	INJURIES of the head	سر کی چوٹیں
injuries of the head, after	1	INJURIES of the head, after	=سر کی چوٹ کے بعد
intoxication	0	INTOXICATION	نشہ
intoxication, as from	1	INTOXICATION, as from	=جیسے نشے سے
itching of scalp	0	ITCHING of scalp	سر کی کھال میں خارش
itching of scalp, afternoon	1	ITCHING of scalp, afternoon	سہ پہر
itching of scalp, afternoon, 2 p.m.	2	ITCHING of scalp, afternoon, 2 p.m.	=خارش، سہ پہر 2 بجے
itching of scalp, biting	1	ITCHING of scalp, biting	کاٹتی ہوئی
itching of scalp, bleeds, must scratch until	1	ITCHING of scalp, bleeds, must scratch until	کھجانا پڑے یہاں تک کہ خون نکل آئے
itching of scalp, burning	1	ITCHING of scalp, burning	جلتی ہوئی
itching of scalp, cold, when becoming	1	ITCHING of scalp, cold, when becoming	ٹھنڈ لگنے پر
itching of scalp, crawling	1	ITCHING of scalp, crawling	رینگتی ہوئی
itching of scalp, damp weather	1	ITCHING of scalp, damp weather	نم موسم میں
itching of scalp, daytime	1	ITCHING of scalp, daytime	دن کے وقت
itching of scalp, evening	1	ITCHING of scalp, evening	شام
itching of scalp, forehead	1	ITCHING of scalp, forehead	ماتھا
itching of scalp, forehead, air, in open, amel.	2	ITCHING of scalp, forehead, air, in open, amel.	=خارش، ماتھے میں، کھلی ہوا میں آرام
itching of scalp, forehead, burning	2	ITCHING of scalp, forehead, burning	=خارش، ماتھے میں، جلتی ہوئی
itching of scalp, forehead, dinner, during	2	ITCHING of scalp, forehead, dinner, during	=خارش، ماتھے میں، دوپہر کے کھانے کے دوران
itching of scalp, forehead, evening	2	ITCHING of scalp, forehead, evening	=خارش، ماتھے میں، شام
itching of scalp, forehead, menses before, itching eruption on	2	ITCHING of scalp, forehead, menses before, itching eruption on	=خارش، ماتھے میں، حیض سے پہلے، خارش والے دانے
itching of scalp, forehead, rubbing amel.	2	ITCHING of scalp, forehead, rubbing amel.	=خارش، ماتھے میں، ملنے سے آرام
itching of scalp, forehead, scratching amel.	2	ITCHING of scalp, forehead, scratching amel.	=خارش، ماتھے میں، کھجانے سے آرام
itching of scalp, forenoon	1	ITCHING of scalp, forenoon	دوپہر سے پہلے
itching of scalp, lying, while	1	ITCHING of scalp, lying, while	لیٹے ہوئے
itching of scalp, morning	1	ITCHING of scalp, morning	صبح
itching of scalp, night	1	ITCHING of scalp, night	رات
itching of scalp, night, 3 a.m. to 5 a.m.	2	ITCHING of scalp, night, 3 a.m. to 5 a.m.	=خارش، رات 3 سے 5 بجے
itching of scalp, occiput	1	ITCHING of scalp, occiput	گدی
itching of scalp, occiput, evening	2	ITCHING of scalp, occiput, evening	=خارش، گدی میں، شام
itching of scalp, occiput, morning	2	ITCHING of scalp, occiput, morning	=خارش، گدی میں، صبح
itching of scalp, occiput, scratching agg.	2	ITCHING of scalp, occiput, scratching agg.	=خارش، گدی میں، کھجانے سے بگاڑ
itching of scalp, occiput, scratching, amel.	2	ITCHING of scalp, occiput, scratching, amel.	=خارش، گدی میں، کھجانے سے آرام
itching of scalp, occiput, warm room agg.	2	ITCHING of scalp, occiput, warm room agg.	=خارش، گدی میں، گرم کمرے میں بگاڑ
itching of scalp, painful	1	ITCHING of scalp, painful	دردناک
itching of scalp, perspiring	1	ITCHING of scalp, perspiring	پسینہ آتے وقت
itching of scalp, rainy weather	1	ITCHING of scalp, rainy weather	برسات کے موسم میں
itching of scalp, rubbing amel.	1	ITCHING of scalp, rubbing amel.	ملنے سے آرام
itching of scalp, scratching agg.	1	ITCHING of scalp, scratching agg.	کھجانے سے بگاڑ
itching of scalp, scratching	1	ITCHING of scalp, scratching	کھجانا
itching of scalp, scratching, amel.	2	ITCHING of scalp, scratching, amel.	=خارش، کھجانے سے آرام
itching of scalp, scratching, changes place, after	2	ITCHING of scalp, scratching, changes place, after	=خارش، کھجانے کے بعد جگہ بدل لے
itching of scalp, scratching, not amel. after	2	ITCHING of scalp, scratching, not amel. after	=خارش، کھجانے کے بعد بھی آرام نہیں
itching of scalp, sleep, when going to	1	ITCHING of scalp, sleep, when going to	سوتے وقت
itching of scalp, spots	1	ITCHING of scalp, spots	دھبوں میں
itching of scalp, sudden	1	ITCHING of scalp, sudden	اچانک
itching of scalp, undressing, when	1	ITCHING of scalp, undressing, when	کپڑے اتارتے وقت
itching of scalp, walking in open air	1	ITCHING of scalp, walking in open air	کھلی ہوا میں چلتے ہوئے
itching of scalp, wandering	1	ITCHING of scalp, wandering	جگہ بدلتی ہوئی
itching of scalp, warm from exercise, when	1	ITCHING of scalp, warm from exercise, when	ورزش سے گرم ہونے پر
itching of scalp, warm, when head becomes	1	ITCHING of scalp, warm, when head becomes	سر گرم ہونے پر
itching of scalp, warmth of bed agg.	1	ITCHING of scalp, warmth of bed agg.	بستر کی گرمی سے بگاڑ
jerking of the head	0	JERKING of the head	سر کا جھٹکنا
jerking of	0	JERKING of	جھٹکے
jerking of, backwards	1	JERKING of, backwards	=سر پیچھے کو جھٹکے
jerking of, backwards and forwards	1	JERKING of, backwards and forwards	=سر آگے پیچھے جھٹکے
jerking of, behind forward, from	1	JERKING of, behind forward, from	=سر پیچھے سے آگے کو جھٹکے
jerking of, daytime	1	JERKING of, daytime	=سر کے جھٹکے، دن کے وقت
jerking of, head forward and knees upward during cough	1	JERKING of, head forward and knees upward during cough	=کھانسی کے دوران سر آگے اور گھٹنے اوپر کو جھٹکیں
jerking of, here and there	1	JERKING of, here and there	=سر ادھر ادھر جھٹکے
jerking of, involuntary, back and forward, while sitting	1	JERKING of, involuntary, back and forward, while sitting	=سر بے اختیار آگے پیچھے جھٹکے، بیٹھے ہوئے
jerking of, lying on the back, while	1	JERKING of, lying on the back, while	=سر کے جھٹکے، پیٹھ کے بل لیٹے ہوئے
jerking of, lying, the head jerks clear of the pillow	1	JERKING of, lying, the head jerks clear of the pillow	=لیٹے ہوئے سر جھٹکے سے تکیے سے اٹھ جائے
jerking of, one side to another, from	1	JERKING of, one side to another, from	=سر ایک طرف سے دوسری طرف جھٹکے
jerking of, right, to	1	JERKING of, right, to	=سر دائیں طرف جھٹکے
jerking of, sitting, while	1	JERKING of, sitting, while	=سر کے جھٹکے، بیٹھے ہوئے
jerking of, sleep, during	1	JERKING of, sleep, during	=سر کے جھٹکے، نیند کے دوران
jerking of, sleep, during, head jerks backwards	2	JERKING of, sleep, during, head jerks backwards	=نیند میں سر پیچھے کو جھٹکے
jerking of, talking, while	1	JERKING of, talking, while	=سر کے جھٹکے، باتیں کرتے ہوئے
jerking of, walking quickly or ascending stairs, on	1	JERKING of, walking quickly or ascending stairs, on	=سر کے جھٹکے، تیز چلنے یا سیڑھیاں چڑھنے پر
knocking in head	0	KNOCKING in head (See Pulsation)	سر میں ٹھک ٹھک (دستک جیسی)
knocking in head, ball striking skull, like a	1	KNOCKING in head (See Pulsation), ball striking skull, like a	=جیسے گیند کھوپڑی سے ٹکرائے
knocking in head, brain against skull, as of	1	KNOCKING in head (See Pulsation), brain against skull, as of	=جیسے دماغ کھوپڑی سے ٹکرائے
knocking in head, brain against skull, as of, motion, on	2	KNOCKING in head (See Pulsation), brain against skull, as of, motion, on	=جیسے دماغ کھوپڑی سے ٹکرائے، حرکت پر
knocks head against things	0	KNOCKS head against things	سر چیزوں سے ٹکراتا ہے
knocks	0	KNOCKS	ٹکرانا
knocks, pain as if knocked in the head	1	KNOCKS, pain as if knocked in the head	=درد جیسے سر پر ضرب لگی ہو
large	0	LARGE (See Enlarged)	بڑا
large, brain feels	1	LARGE (See Enlarged), brain feels	=دماغ بڑا محسوس ہو
lean on something	0	LEAN on something	کسی چیز سے ٹیک لگانا
lean on something, desire to	1	LEAN on something, desire to	=کسی چیز سے ٹیک لگانے کی خواہش
lice	0	LICE	جوئیں
lifting up of the skull	0	LIFTING up of the skull	کھوپڑی اٹھنا
lifting up of the skull, sensation of	1	LIFTING up of the skull, sensation of	=جیسے کھوپڑی اوپر اٹھ رہی ہو
lightness	0	LIGHTNESS	ہلکا پن
lightness, sense of, occiput, in	1	LIGHTNESS, sense of, occiput, in	=ہلکے پن کا احساس، گدی میں
lightness, sense of	1	LIGHTNESS, sense of (See Vertigo)	=ہلکے پن کا احساس
looseness of brain	0	LOOSENESS of brain	دماغ ڈھیلا (ہلتا ہوا محسوس ہو)
looseness of brain, ascending steps	1	LOOSENESS of brain, ascending steps	=دماغ ڈھیلا، سیڑھیاں چڑھتے ہوئے
looseness of brain, carrying a weight, while	1	LOOSENESS of brain, carrying a weight, while	=دماغ ڈھیلا، وزن اٹھاتے ہوئے
looseness of brain, coughing, on	1	LOOSENESS of brain, coughing, on	=دماغ ڈھیلا، کھانستے وقت
looseness of brain, diagonally across top, when turning	1	LOOSENESS of brain, diagonally across top, when turning	=دماغ ڈھیلا، مڑنے پر سر کے اوپر ترچھا ہلے
looseness of brain, feels as if brain fell to side on which leans	1	LOOSENESS of brain, feels as if brain fell to side on which leans	=لگتا ہے دماغ اس طرف گر جاتا ہے جس طرف ٹیک لگائے
looseness of brain, forehead, in	1	LOOSENESS of brain, forehead, in	=دماغ ڈھیلا، ماتھے میں
looseness of brain, hot weather, during	1	LOOSENESS of brain, hot weather, during	=دماغ ڈھیلا، گرم موسم میں
looseness of brain, morning	1	LOOSENESS of brain, morning	=دماغ ڈھیلا، صبح
looseness of brain, morning, on waking	2	LOOSENESS of brain, morning, on waking	=دماغ ڈھیلا، صبح جاگنے پر
looseness of brain, motion, on	1	LOOSENESS of brain, motion, on	=دماغ ڈھیلا، حرکت پر
looseness of brain, occiput	1	LOOSENESS of brain, occiput	=دماغ ڈھیلا، گدی میں
looseness of brain, rising from stooping	1	LOOSENESS of brain, rising from stooping	=دماغ ڈھیلا، جھک کر سیدھا ہونے پر
looseness of brain, sensation of	1	LOOSENESS of brain, sensation of	=دماغ ڈھیلا ہونے کا احساس
looseness of brain, shaking the head	1	LOOSENESS of brain, shaking the head	=دماغ ڈھیلا، سر ہلانے پر
looseness of brain, stepping, on	1	LOOSENESS of brain, stepping, on	=دماغ ڈھیلا، قدم رکھنے پر
looseness of brain, stooping, on	1	LOOSENESS of brain, stooping, on	=دماغ ڈھیلا، جھکنے پر
looseness of brain, straining at stool	1	LOOSENESS of brain, straining at stool	=دماغ ڈھیلا، پاخانے پر زور لگاتے ہوئے
looseness of brain, temples	1	LOOSENESS of brain, temples	=دماغ ڈھیلا، کنپٹیوں میں
looseness of brain, temples, when stooping feels as if brain fell toward left	2	LOOSENESS of brain, temples, when stooping feels as if brain fell toward left	=دماغ ڈھیلا، جھکنے پر لگے دماغ بائیں طرف گر گیا
looseness of brain, turning the head	1	LOOSENESS of brain, turning the head	=دماغ ڈھیلا، سر گھمانے پر
looseness of brain, waking, on	1	LOOSENESS of brain, waking, on	=دماغ ڈھیلا، جاگنے پر
looseness of brain, walking	1	LOOSENESS of brain, walking	=دماغ ڈھیلا، چلنا
looseness of brain, walking, in open air	2	LOOSENESS of brain, walking, in open air	=دماغ ڈھیلا، کھلی ہوا میں چلتے ہوئے
looseness of brain, walking, while	2	LOOSENESS of brain, walking, while	=دماغ ڈھیلا، چلتے ہوئے
lump	0	LUMP	گلٹی (گانٹھ)
lump, sensation as of	1	LUMP, sensation as of	=جیسے کوئی گلٹی ہو
lump, sensation as of, forehead, in	2	LUMP, sensation as of, forehead, in	=جیسے ماتھے میں کوئی گلٹی ہو
lupus	0	LUPUS	لیوپس (جلد کی گلتی بیماری)
lying on something hard	0	LYING on something hard	کسی سخت چیز پر لیٹا ہو
lying on something hard, as if	1	LYING on something hard, as if	=جیسے کسی سخت چیز پر لیٹا ہو
marble	0	MARBLE	سنگ مرمر
marble, brain feels as if changed to	1	MARBLE, brain feels as if changed to	=جیسے دماغ سنگ مرمر بن گیا ہو
motions	0	MOTIONS	حرکتیں (سر کے اندر)
motions, worm	1	MOTIONS, worm (See Crawling)	=کیڑے کی طرح رینگتی حرکت
motions, in head	1	MOTIONS, in head	=سر میں حرکت
motions, in head, afternoon agg.	2	MOTIONS, in head, afternoon agg.	=سر میں حرکت، سہ پہر بگاڑ
motions, in head, afternoon, amel., in	2	MOTIONS, in head, afternoon, amel., in	=سر میں حرکت، سہ پہر آرام
motions, in head, air	2	MOTIONS, in head, air	=سر میں حرکت، ہوا
motions, in head, air, in open agg.	3	MOTIONS, in head, air, in open agg.	=سر میں حرکت، کھلی ہوا میں بگاڑ
motions, in head, air, in open, amel.	3	MOTIONS, in head, air, in open, amel.	=سر میں حرکت، کھلی ہوا میں آرام
motions, in head, ascending stairs, while	2	MOTIONS, in head, ascending stairs, while	=سر میں حرکت، سیڑھیاں چڑھتے ہوئے
motions, in head, bending the head	2	MOTIONS, in head, bending the head	=سر میں حرکت، سر جھکانا
motions, in head, bending the head, by agg.	3	MOTIONS, in head, bending the head, by agg.	=سر میں حرکت، سر جھکانے سے بگاڑ
motions, in head, bending the head, by, amel.	3	MOTIONS, in head, bending the head, by, amel.	=سر میں حرکت، سر جھکانے سے آرام
motions, in head, carrying a weight	2	MOTIONS, in head, carrying a weight	=سر میں حرکت، وزن اٹھاتے ہوئے
motions, in head, coughing, when	2	MOTIONS, in head, coughing, when	=سر میں حرکت، کھانستے وقت
motions, in head, drawing load, while	2	MOTIONS, in head, drawing load, while	=سر میں حرکت، بوجھ کھینچتے ہوئے
motions, in head, drinking, when	2	MOTIONS, in head, drinking, when	=سر میں حرکت، پیتے وقت
motions, in head, eating	2	MOTIONS, in head, eating	=سر میں حرکت، کھانا
motions, in head, eating, after agg.	3	MOTIONS, in head, eating, after agg.	=سر میں حرکت، کھانے کے بعد بگاڑ
motions, in head, eating, amel., after	3	MOTIONS, in head, eating, amel., after	=سر میں حرکت، کھانے کے بعد آرام
motions, in head, evening	2	MOTIONS, in head, evening	=سر میں حرکت، شام
motions, in head, leaning, when	2	MOTIONS, in head, leaning, when	=سر میں حرکت، ٹیک لگانے پر
motions, in head, lying on right side	2	MOTIONS, in head, lying on right side	=سر میں حرکت، دائیں پہلو لیٹنے پر
motions, in head, menses, during	2	MOTIONS, in head, menses, during	=سر میں حرکت، حیض کے دوران
motions, in head, morning	2	MOTIONS, in head, morning	=سر میں حرکت، صبح
motions, in head, morning, rising, on	3	MOTIONS, in head, morning, rising, on	=سر میں حرکت، صبح اٹھنے پر
motions, in head, morning, waking, on	3	MOTIONS, in head, morning, waking, on	=سر میں حرکت، صبح جاگنے پر
motions, in head, motion	2	MOTIONS, in head, motion	=سر میں حرکت، حرکت
motions, in head, motion, amel.	3	MOTIONS, in head, motion, amel.	=سر میں حرکت، حرکت سے آرام
motions, in head, motion, from agg.	3	MOTIONS, in head, motion, from agg.	=سر میں حرکت، حرکت سے بگاڑ
motions, in head, moved, as if something, from back of neck up to head	2	MOTIONS, in head, moved, as if something, from back of neck up to head	=سر میں حرکت، جیسے کوئی چیز گردن کے پیچھے سے سر تک چڑھی ہو
motions, in head, moving the head, by	2	MOTIONS, in head, moving the head, by	=سر میں حرکت، سر ہلانے سے
motions, in head, night	2	MOTIONS, in head, night	=سر میں حرکت، رات
motions, in head, night, waking, on	3	MOTIONS, in head, night, waking, on	=سر میں حرکت، رات جاگنے پر
motions, in head, nodding the head, on	2	MOTIONS, in head, nodding the head, on	=سر میں حرکت، سر ہلا کر ہاں کرنے پر
motions, in head, pressure amel.	2	MOTIONS, in head, pressure amel.	=سر میں حرکت، دبانے سے آرام
motions, in head, rising up	2	MOTIONS, in head, rising up	=سر میں حرکت، اٹھنا
motions, in head, rising up, amel.	3	MOTIONS, in head, rising up, amel.	=سر میں حرکت، اٹھنے سے آرام
motions, in head, rising up, when agg.	3	MOTIONS, in head, rising up, when agg.	=سر میں حرکت، اٹھنے پر بگاڑ
motions, in head, room	2	MOTIONS, in head, room	=سر میں حرکت، کمرہ
motions, in head, room, in warm	3	MOTIONS, in head, room, in warm	=سر میں حرکت، گرم کمرے میں
motions, in head, room, while in	3	MOTIONS, in head, room, while in	=سر میں حرکت، کمرے میں ہوتے ہوئے
motions, in head, sitting	2	MOTIONS, in head, sitting	=سر میں حرکت، بیٹھنا
motions, in head, sitting, amel.	3	MOTIONS, in head, sitting, amel.	=سر میں حرکت، بیٹھنے سے آرام
motions, in head, sitting, while agg.	3	MOTIONS, in head, sitting, while agg.	=سر میں حرکت، بیٹھے ہوئے بگاڑ
motions, in head, speaking, while	2	MOTIONS, in head, speaking, while	=سر میں حرکت، بولتے ہوئے
motions, in head, standing, while	2	MOTIONS, in head, standing, while	=سر میں حرکت، کھڑے ہوئے
motions, in head, step, making a	2	MOTIONS, in head, step, making a	=سر میں حرکت، قدم اٹھانے پر
motions, in head, stool, while at	2	MOTIONS, in head, stool, while at	=سر میں حرکت، پاخانے کے وقت
motions, in head, stooping, on	2	MOTIONS, in head, stooping, on	=سر میں حرکت، جھکنے پر
motions, in head, stumbling, from	2	MOTIONS, in head, stumbling, from	=سر میں حرکت، ٹھوکر لگنے سے
motions, in head, thinking about it amel.	2	MOTIONS, in head, thinking about it amel.	=سر میں حرکت، اس کے بارے میں سوچنے سے آرام
motions, in head, turning head	2	MOTIONS, in head, turning head	=سر میں حرکت، سر گھمانا
motions, in head, turning head, quickly, when	3	MOTIONS, in head, turning head, quickly, when	=سر میں حرکت، سر جلدی گھمانے پر
motions, in head, turning head, when	3	MOTIONS, in head, turning head, when	=سر میں حرکت، سر گھمانے پر
motions, in head, waking, on	2	MOTIONS, in head, waking, on	=سر میں حرکت، جاگنے پر
motions, in head, walking	2	MOTIONS, in head, walking	=سر میں حرکت، چلنا
motions, in head, walking, in open air, while	3	MOTIONS, in head, walking, in open air, while	=سر میں حرکت، کھلی ہوا میں چلتے ہوئے
motions, in head, walking, while	3	MOTIONS, in head, walking, while	=سر میں حرکت، چلتے ہوئے
motions, movements, etc., in head	1	MOTIONS, movements, etc., in head	=سر میں ہلچل، حرکتیں وغیرہ
motions of (shaking	0	MOTIONS of (shaking	سر کی حرکتیں (ہلانا)
motions of (shaking, nodding, waving, etc.)	0	MOTIONS of (shaking, nodding, waving, etc.)	سر کی حرکتیں (ہلانا، ہاں کرنا، لہرانا وغیرہ)
motions of head (shaking	0	MOTIONS of head (shaking	سر کی حرکتیں (ہلانا)
motions of head (shaking, nodding, waving, etc.)	0	MOTIONS of head (shaking, nodding, waving, etc.)	سر کی حرکتیں (ہلانا، ہاں کرنا، لہرانا وغیرہ)
motions of head (shaking, nodding, waving, etc.), backward and forward	1	MOTIONS of head (shaking, nodding, waving, etc.), backward and forward	=سر آگے پیچھے ہلتا ہے
motions of head (shaking, nodding, waving, etc.), constant	1	MOTIONS of head (shaking, nodding, waving, etc.), constant	=سر کی حرکتیں، مسلسل
motions of head (shaking, nodding, waving, etc.), convulsive	1	MOTIONS of head (shaking, nodding, waving, etc.), convulsive	=سر کی حرکتیں، تشنجی
motions of head (shaking, nodding, waving, etc.), convulsive, so that talking and swallowing are impossible	2	MOTIONS of head (shaking, nodding, waving, etc.), convulsive, so that talking and swallowing are impossible	=سر کی حرکتیں، تشنجی، اتنی کہ بولنا اور نگلنا ناممکن
motions of head (shaking, nodding, waving, etc.), difficult	1	MOTIONS of head (shaking, nodding, waving, etc.), difficult	=سر کی حرکتیں، مشکل
motions of head (shaking, nodding, waving, etc.), forward	1	MOTIONS of head (shaking, nodding, waving, etc.), forward	=سر آگے کو ہلتا ہے
motions of head (shaking, nodding, waving, etc.), hither and thither	1	MOTIONS of head (shaking, nodding, waving, etc.), hither and thither	=سر ادھر ادھر ہلتا ہے
motions of head (shaking, nodding, waving, etc.), impossible	1	MOTIONS of head (shaking, nodding, waving, etc.), impossible	=سر کی حرکت ناممکن
motions of head (shaking, nodding, waving, etc.), involuntary	1	MOTIONS of head (shaking, nodding, waving, etc.), involuntary	=سر کی حرکتیں، بے اختیار
motions of head (shaking, nodding, waving, etc.), nodding of	1	MOTIONS of head (shaking, nodding, waving, etc.), nodding of	=سر ہاں کی طرح ہلنا (جھکنا)
motions of head (shaking, nodding, waving, etc.), nodding of, writing, while	2	MOTIONS of head (shaking, nodding, waving, etc.), nodding of, writing, while	=سر ہاں کی طرح ہلنا، لکھتے ہوئے
motions of head (shaking, nodding, waving, etc.), pains, moves head to relieve	1	MOTIONS of head (shaking, nodding, waving, etc.), pains, moves head to relieve	=درد کم کرنے کے لیے سر ہلاتا ہے
motions of head (shaking, nodding, waving, etc.), pendulum-like	1	MOTIONS of head (shaking, nodding, waving, etc.), pendulum-like	=سر پنڈولم کی طرح ہلتا ہے
motions of head (shaking, nodding, waving, etc.), rising from the pillow, spasmodic	1	MOTIONS of head (shaking, nodding, waving, etc.), rising from the pillow, spasmodic	=سر تکیے سے جھٹکے سے اٹھے
motions of head (shaking, nodding, waving, etc.), rocks head from side to side to relieve pain	1	MOTIONS of head (shaking, nodding, waving, etc.), rocks head from side to side to relieve pain	=درد کم کرنے کے لیے سر ایک طرف سے دوسری طرف جھلاتا ہے
motions of head (shaking, nodding, waving, etc.), rolling head	1	MOTIONS of head (shaking, nodding, waving, etc.), rolling head	=سر لڑھکانا (ادھر ادھر پٹخنا)
motions of head (shaking, nodding, waving, etc.), rolling head, day and night, with moaning	2	MOTIONS of head (shaking, nodding, waving, etc.), rolling head, day and night, with moaning	=سر لڑھکانا، دن رات، کراہنے کے ساتھ
motions of head (shaking, nodding, waving, etc.), rolling head, in paroxysms	2	MOTIONS of head (shaking, nodding, waving, etc.), rolling head, in paroxysms	=سر لڑھکانا، دوروں کی شکل میں
motions of head (shaking, nodding, waving, etc.), rolling head, sitting, while	2	MOTIONS of head (shaking, nodding, waving, etc.), rolling head, sitting, while	=سر لڑھکانا، بیٹھے ہوئے
motions of head (shaking, nodding, waving, etc.), rolling head, when too weak to move body	2	MOTIONS of head (shaking, nodding, waving, etc.), rolling head, when too weak to move body	=سر لڑھکانا، جب جسم ہلانے کی طاقت نہ ہو
motions of head (shaking, nodding, waving, etc.), rubs against something	1	MOTIONS of head (shaking, nodding, waving, etc.), rubs against something	=سر کسی چیز سے رگڑتا ہے
motions of head (shaking, nodding, waving, etc.), shaking the head, involuntarily, which makes him dizzy	1	MOTIONS of head (shaking, nodding, waving, etc.), shaking the head, involuntarily, which makes him dizzy	=سر بے اختیار ہلاتا ہے، جس سے چکر آتے ہیں
motions of head (shaking, nodding, waving, etc.), sideways	1	MOTIONS of head (shaking, nodding, waving, etc.), sideways	=سر ایک طرف کو ہلتا ہے
motions of head (shaking, nodding, waving, etc.), throwing head about	1	MOTIONS of head (shaking, nodding, waving, etc.), throwing head about	=سر ادھر ادھر پٹختا ہے
motions of head (shaking, nodding, waving, etc.), throwing head, backward	1	MOTIONS of head (shaking, nodding, waving, etc.), throwing head, backward	=سر پیچھے کو پٹختا ہے
motions of head (shaking, nodding, waving, etc.), tosses	1	MOTIONS of head (shaking, nodding, waving, etc.), tosses	=سر تڑپاتا ہے
motions of head (shaking, nodding, waving, etc.), turning backward, of	1	MOTIONS of head (shaking, nodding, waving, etc.), turning backward, of	=سر پیچھے کو مڑنا
motions of head (shaking, nodding, waving, etc.), turning, side, to	1	MOTIONS of head (shaking, nodding, waving, etc.), turning, side, to	=سر ایک طرف کو مڑنا
motions of head (shaking, nodding, waving, etc.), turning, side, to, left	2	MOTIONS of head (shaking, nodding, waving, etc.), turning, side, to, left	=سر بائیں طرف کو مڑنا
motions of head (shaking, nodding, waving, etc.), turning, side, to, right	2	MOTIONS of head (shaking, nodding, waving, etc.), turning, side, to, right	=سر دائیں طرف کو مڑنا
motions of head (shaking, nodding, waving, etc.), turning, side, to, wrong side, when spoken to	2	MOTIONS of head (shaking, nodding, waving, etc.), turning, side, to, wrong side, when spoken to	=کوئی بات کرے تو سر غلط طرف مڑتا ہے
motions of head (shaking, nodding, waving, etc.), wagging	1	MOTIONS of head (shaking, nodding, waving, etc.), wagging	=سر ڈولنا (ہلتے رہنا)
motions of head (shaking, nodding, waving, etc.), jerking	0	MOTIONS of head (shaking, nodding, waving, etc.) (See Drawn, Falling, Trembling, etc.), jerking (See Shocks, Jerking)	سر کی حرکتیں، جھٹکے
nodding	0	NODDING (See Motions)	سر ہاں کی طرح ہلنا
numbness	0	NUMBNESS	سن ہونا
numbness, brain	1	NUMBNESS, brain	=دماغ سن
numbness, dinner, after	1	NUMBNESS, dinner, after	=سن ہونا، دوپہر کے کھانے کے بعد
numbness, forehead	1	NUMBNESS, forehead	=سن ہونا، ماتھے میں
numbness, forehead, blow, as if from a	2	NUMBNESS, forehead, blow, as if from a	=سن ہونا، ماتھے میں، جیسے ضرب لگی ہو
numbness, forehead, board lay there, as if a	2	NUMBNESS, forehead, board lay there, as if a	=سن ہونا، ماتھے میں، جیسے تختہ رکھا ہو
numbness, forehead, evening	2	NUMBNESS, forehead, evening	=سن ہونا، ماتھے میں، شام
numbness, forehead, extending to nasal bone	2	NUMBNESS, forehead, extending to nasal bone	=سن ہونا، ماتھے سے ناک کی ہڈی تک
numbness, forehead, morning on waking and while lying, amel. exercise and wrapping head warmly	2	NUMBNESS, forehead, morning on waking and while lying, amel. exercise and wrapping head warmly	=سن ہونا، ماتھے میں، صبح جاگنے پر اور لیٹے ہوئے، ورزش اور سر گرم لپیٹنے سے آرام
numbness, forehead, warm room	2	NUMBNESS, forehead, warm room	=سن ہونا، ماتھے میں، گرم کمرے میں
numbness, lying, while	1	NUMBNESS, lying, while	=سن ہونا، لیٹے ہوئے
numbness, menses, during	1	NUMBNESS, menses, during	=سن ہونا، حیض کے دوران
numbness, morning	1	NUMBNESS, morning	=سن ہونا، صبح
numbness, morning, soreness then numbness extending to body	2	NUMBNESS, morning, soreness then numbness extending to body	=سن ہونا، صبح، پہلے دکھن پھر سن پن جو جسم تک پھیلے
numbness, occiput	1	NUMBNESS, occiput	=سن ہونا، گدی میں
numbness, occiput, too tightly bound, as if	2	NUMBNESS, occiput, too tightly bound, as if	=سن ہونا، گدی میں، جیسے بہت کس کر باندھی ہو
numbness, sensation of	1	NUMBNESS, sensation of	=سن ہونے کا احساس
numbness, sides	1	NUMBNESS, sides	=سن ہونا، پہلوؤں میں
numbness, sides, left	2	NUMBNESS, sides, left	=سن ہونا، بائیں پہلو میں
numbness, sides, right	2	NUMBNESS, sides, right	=سن ہونا، دائیں پہلو میں
numbness, sides, right, then left	3	NUMBNESS, sides, right, then left	=سن ہونا، دائیں پھر بائیں پہلو میں
numbness, temples	1	NUMBNESS, temples	=سن ہونا، کنپٹیوں میں
numbness, vertex	1	NUMBNESS, vertex	=سن ہونا، چوٹی میں
numbness, vertex, preceded by feeling as if scalp and brain were contracted; amel. motion and open air	2	NUMBNESS, vertex, preceded by feeling as if scalp and brain were contracted; amel. motion and open air	=سن ہونا، چوٹی میں، پہلے لگے جیسے کھال اور دماغ سکڑ گئے ہوں؛ حرکت اور کھلی ہوا سے آرام
numbness, walking in open air amel.	1	NUMBNESS, walking in open air amel.	=سن ہونا، کھلی ہوا میں چلنے سے آرام
oedema of scalp	0	OEDEMA of scalp	سر کی کھال کا ورم (پانی بھرنا)
oedema of	0	OEDEMA of	ورم
oedema of, glabella	1	OEDEMA of, glabella	=ورم، بھنوؤں کے بیچ (ناک کی جڑ پر)
oily forehead	0	OILY forehead	ماتھا چکنا
open fontanelles	0	OPEN fontanelles	تالو کھلا (نرم ہڈی بند نہ ہونا)
open fontanelles, sunken	1	OPEN fontanelles, sunken	=تالو کھلا اور دھنسا ہوا
opening	0	OPENING	کھلنا
opening, sensation as if opened and let in cold air	1	OPENING, sensation as if opened and let in cold air	=جیسے سر کھل گیا ہو اور ٹھنڈی ہوا اندر آ گئی ہو
opening and shutting	0	OPENING and shutting (See Pain)	کھلنا اور بند ہونا
paralysis of brain	0	PARALYSIS of brain	دماغ کا فالج
paralysis of brain, incipient	1	PARALYSIS of brain, incipient	=دماغ کا فالج، ابتدائی
paralysis of brain, sensation of, after emissions	1	PARALYSIS of brain, sensation of, after emissions	=دماغ کے فالج کا احساس، احتلام کے بعد
perspiration scalp	0	PERSPIRATION scalp	سر کی کھال پر پسینہ
perspiration scalp, bed, in	1	PERSPIRATION scalp, bed, in	=سر کی کھال پر پسینہ، بستر میں
perspiration scalp, breakfast, after	1	PERSPIRATION scalp, breakfast, after	=سر کی کھال پر پسینہ، ناشتے کے بعد
perspiration scalp, clammy	1	PERSPIRATION scalp, clammy	=سر کی کھال پر پسینہ، چپچپا
perspiration scalp, cold	1	PERSPIRATION scalp, cold	=سر کی کھال پر پسینہ، ٹھنڈا
perspiration scalp, cold air, in	1	PERSPIRATION scalp, cold air, in	=سر کی کھال پر پسینہ، ٹھنڈی ہوا میں
perspiration scalp, coughing, on	1	PERSPIRATION scalp, coughing, on	=سر کی کھال پر پسینہ، کھانستے وقت
perspiration scalp, daytime	1	PERSPIRATION scalp, daytime	=سر کی کھال پر پسینہ، دن کے وقت
perspiration scalp, eating, while	1	PERSPIRATION scalp, eating, while	=سر کی کھال پر پسینہ، کھاتے ہوئے
perspiration scalp, epilepsy, before	1	PERSPIRATION scalp, epilepsy, before	=سر کی کھال پر پسینہ، مرگی کے دورے سے پہلے
perspiration scalp, evening	1	PERSPIRATION scalp, evening	=سر کی کھال پر پسینہ، شام
perspiration scalp, evening, after lying down	2	PERSPIRATION scalp, evening, after lying down	=سر کی کھال پر پسینہ، شام لیٹنے کے بعد
perspiration scalp, except the head	1	PERSPIRATION scalp, except the head	=پسینہ سر کے سوا ہر جگہ
perspiration scalp, fetid	1	PERSPIRATION scalp, fetid	=سر کی کھال پر پسینہ، بدبودار
perspiration scalp, fetid, on one-half	2	PERSPIRATION scalp, fetid, on one-half	=سر کی کھال پر پسینہ، بدبودار، ایک آدھے حصے پر
perspiration scalp, forenoon	1	PERSPIRATION scalp, forenoon	=سر کی کھال پر پسینہ، دوپہر سے پہلے
perspiration scalp, headache, with	1	PERSPIRATION scalp, headache, with	=سر کی کھال پر پسینہ، سر درد کے ساتھ
perspiration scalp, honey, smelling like	1	PERSPIRATION scalp, honey, smelling like	=سر کی کھال پر پسینہ، شہد جیسی بو
perspiration scalp, hot	1	PERSPIRATION scalp, hot	=سر کی کھال پر پسینہ، گرم
perspiration scalp, menses, during	1	PERSPIRATION scalp, menses, during	=سر کی کھال پر پسینہ، حیض کے دوران
perspiration scalp, mental exertion	1	PERSPIRATION scalp, mental exertion	=سر کی کھال پر پسینہ، ذہنی محنت سے
perspiration scalp, morning	1	PERSPIRATION scalp, morning	=سر کی کھال پر پسینہ، صبح
perspiration scalp, morning, rising, on	2	PERSPIRATION scalp, morning, rising, on	=سر کی کھال پر پسینہ، صبح اٹھتے وقت
perspiration scalp, musk-like odor	1	PERSPIRATION scalp, musk-like odor	=سر کی کھال پر پسینہ، مشک جیسی بو
perspiration scalp, musty	1	PERSPIRATION scalp, musty	=سر کی کھال پر پسینہ، سیلن جیسی بو
perspiration scalp, night	1	PERSPIRATION scalp, night	=سر کی کھال پر پسینہ، رات
perspiration scalp, night, midnight	2	PERSPIRATION scalp, night, midnight	=سر کی کھال پر پسینہ، آدھی رات
perspiration scalp, oily	1	PERSPIRATION scalp, oily	=سر کی کھال پر پسینہ، چکنا
perspiration scalp, one-sided	1	PERSPIRATION scalp, one-sided	=سر کی کھال پر پسینہ، ایک طرف
perspiration scalp, one-sided, painless side	2	PERSPIRATION scalp, one-sided, painless side	=سر کی کھال پر پسینہ، ایک طرف، بے درد والی طرف
perspiration scalp, only on the head	1	PERSPIRATION scalp, only on the head	=پسینہ صرف سر پر
perspiration scalp, reading, while	1	PERSPIRATION scalp, reading, while	=سر کی کھال پر پسینہ، پڑھتے ہوئے
perspiration scalp, sleep	1	PERSPIRATION scalp, sleep	=سر کی کھال پر پسینہ، نیند
perspiration scalp, sleep, during	2	PERSPIRATION scalp, sleep, during	=سر کی کھال پر پسینہ، نیند کے دوران
perspiration scalp, sleep, on falling a	2	PERSPIRATION scalp, sleep, on falling a	=سر کی کھال پر پسینہ، نیند آتے وقت
perspiration scalp, soup, after	1	PERSPIRATION scalp, soup, after	=سر کی کھال پر پسینہ، شوربے کے بعد
perspiration scalp, sour	1	PERSPIRATION scalp, sour	=سر کی کھال پر پسینہ، کھٹا
perspiration scalp, stool, during	1	PERSPIRATION scalp, stool, during	=سر کی کھال پر پسینہ، پاخانے کے دوران
perspiration scalp, uncovered parts	1	PERSPIRATION scalp, uncovered parts	=سر کی کھال پر پسینہ، کھلے حصوں پر
perspiration scalp, waking, on	1	PERSPIRATION scalp, waking, on	=سر کی کھال پر پسینہ، جاگنے پر
perspiration scalp, walking	1	PERSPIRATION scalp, walking	=سر کی کھال پر پسینہ، چلنا
perspiration scalp, walking, after	2	PERSPIRATION scalp, walking, after	=سر کی کھال پر پسینہ، چلنے کے بعد
perspiration scalp, walking, in open air	2	PERSPIRATION scalp, walking, in open air	=سر کی کھال پر پسینہ، کھلی ہوا میں چلتے ہوئے
perspiration scalp, washing, after	1	PERSPIRATION scalp, washing, after	=سر کی کھال پر پسینہ، دھونے کے بعد
perspiration	0	PERSPIRATION	پسینہ
perspiration, forehead	1	PERSPIRATION, forehead	=پسینہ، ماتھے پر
perspiration, forehead, afternoon	2	PERSPIRATION, forehead, afternoon	=پسینہ، ماتھے پر، سہ پہر
perspiration, forehead, anxiety, as from	2	PERSPIRATION, forehead, anxiety, as from	=پسینہ، ماتھے پر، جیسے بے چینی سے
perspiration, forehead, chill, during	2	PERSPIRATION, forehead, chill, during	=پسینہ، ماتھے پر، سردی لگنے کے دوران
perspiration, forehead, clammy	2	PERSPIRATION, forehead, clammy	=پسینہ، ماتھے پر، چپچپا
perspiration, forehead, cold	2	PERSPIRATION, forehead, cold	=پسینہ، ماتھے پر، ٹھنڈا
perspiration, forehead, cold, chill, during	3	PERSPIRATION, forehead, cold, chill, during	=پسینہ، ماتھے پر، ٹھنڈا، سردی لگنے کے دوران
perspiration, forehead, cold, warm room, in	3	PERSPIRATION, forehead, cold, warm room, in	=پسینہ، ماتھے پر، ٹھنڈا، گرم کمرے میں
perspiration, forehead, cough, during	2	PERSPIRATION, forehead, cough, during	=پسینہ، ماتھے پر، کھانسی کے دوران
perspiration, forehead, diarrhoea, during	2	PERSPIRATION, forehead, diarrhoea, during	=پسینہ، ماتھے پر، دستوں کے دوران
perspiration, forehead, dinner, after	2	PERSPIRATION, forehead, dinner, after	=پسینہ، ماتھے پر، دوپہر کے کھانے کے بعد
perspiration, forehead, easy	2	PERSPIRATION, forehead, easy	=پسینہ، ماتھے پر، آسانی سے آ جائے
perspiration, forehead, eating, while	2	PERSPIRATION, forehead, eating, while	=پسینہ، ماتھے پر، کھاتے ہوئے
perspiration, forehead, evening	2	PERSPIRATION, forehead, evening	=پسینہ، ماتھے پر، شام
perspiration, forehead, evening, 6-30 p.m.	3	PERSPIRATION, forehead, evening, 6-30 p.m.	=پسینہ، ماتھے پر، شام ساڑھے 6 بجے
perspiration, forehead, evening, lying, after	3	PERSPIRATION, forehead, evening, lying, after	=پسینہ، ماتھے پر، شام لیٹنے کے بعد
perspiration, forehead, evening, walking, while	3	PERSPIRATION, forehead, evening, walking, while	=پسینہ، ماتھے پر، شام چلتے ہوئے
perspiration, forehead, evening, writing	3	PERSPIRATION, forehead, evening, writing	=پسینہ، ماتھے پر، شام لکھتے ہوئے
perspiration, forehead, fever, during	2	PERSPIRATION, forehead, fever, during	=پسینہ، ماتھے پر، بخار کے دوران
perspiration, forehead, greasy	2	PERSPIRATION, forehead, greasy	=پسینہ، ماتھے پر، چکنا
perspiration, forehead, headache, during	2	PERSPIRATION, forehead, headache, during	=پسینہ، ماتھے پر، سر درد کے دوران
perspiration, forehead, menses, during	2	PERSPIRATION, forehead, menses, during	=پسینہ، ماتھے پر، حیض کے دوران
perspiration, forehead, morning	2	PERSPIRATION, forehead, morning	=پسینہ، ماتھے پر، صبح
perspiration, forehead, morning, 4 a.m.	3	PERSPIRATION, forehead, morning, 4 a.m.	=پسینہ، ماتھے پر، رات 4 بجے
perspiration, forehead, morning, 6 a.m.	3	PERSPIRATION, forehead, morning, 6 a.m.	=پسینہ، ماتھے پر، صبح 6 بجے
perspiration, forehead, morning, 8 a.m.	3	PERSPIRATION, forehead, morning, 8 a.m.	=پسینہ، ماتھے پر، صبح 8 بجے
perspiration, forehead, morning, bed, in	3	PERSPIRATION, forehead, morning, bed, in	=پسینہ، ماتھے پر، صبح بستر میں
perspiration, forehead, morning, stool, during	3	PERSPIRATION, forehead, morning, stool, during	=پسینہ، ماتھے پر، صبح پاخانے کے دوران
perspiration, forehead, motion, during	2	PERSPIRATION, forehead, motion, during	=پسینہ، ماتھے پر، حرکت کے دوران
perspiration, forehead, night	2	PERSPIRATION, forehead, night	=پسینہ، ماتھے پر، رات
perspiration, forehead, night, pain in abdomen, during	3	PERSPIRATION, forehead, night, pain in abdomen, during	=پسینہ، ماتھے پر، رات پیٹ کے درد کے دوران
perspiration, forehead, noon	2	PERSPIRATION, forehead, noon	=پسینہ، ماتھے پر، دوپہر
perspiration, forehead, offensive	2	PERSPIRATION, forehead, offensive	=پسینہ، ماتھے پر، بدبودار
perspiration, forehead, rising from a seat	2	PERSPIRATION, forehead, rising from a seat	=پسینہ، ماتھے پر، نشست سے اٹھنے پر
perspiration, forehead, rising up in bed, when	2	PERSPIRATION, forehead, rising up in bed, when	=پسینہ، ماتھے پر، بستر میں اٹھ بیٹھنے پر
perspiration, forehead, sitting, while	2	PERSPIRATION, forehead, sitting, while	=پسینہ، ماتھے پر، بیٹھے ہوئے
perspiration, forehead, sour	2	PERSPIRATION, forehead, sour	=پسینہ، ماتھے پر، کھٹا
perspiration, forehead, sticky	2	PERSPIRATION, forehead, sticky	=پسینہ، ماتھے پر، چپکنے والا
perspiration, forehead, stool	2	PERSPIRATION, forehead, stool	=پسینہ، ماتھے پر، پاخانہ
perspiration, forehead, stool, after	3	PERSPIRATION, forehead, stool, after	=پسینہ، ماتھے پر، پاخانے کے بعد
perspiration, forehead, stool, during	3	PERSPIRATION, forehead, stool, during	=پسینہ، ماتھے پر، پاخانے کے دوران
perspiration, forehead, storm, during approach of	2	PERSPIRATION, forehead, storm, during approach of	=پسینہ، ماتھے پر، طوفان آنے سے پہلے
perspiration, forehead, walking in open air, while	2	PERSPIRATION, forehead, walking in open air, while	=پسینہ، ماتھے پر، کھلی ہوا میں چلتے ہوئے
perspiration, forehead, warm	2	PERSPIRATION, forehead, warm	=پسینہ، ماتھے پر، گرم
perspiration, occiput	1	PERSPIRATION, occiput	=پسینہ، گدی پر
perspiration, occiput, during sleep	2	PERSPIRATION, occiput, during sleep	=پسینہ، گدی پر، نیند کے دوران
perspiration, occiput, walking, while	2	PERSPIRATION, occiput, walking, while	=پسینہ، گدی پر، چلتے ہوئے
pithy feeling	0	PITHY feeling (See Numbness)	گودے جیسا (پولا) احساس
prickling	0	PRICKLING	چبھن (سوئیاں چبھنے جیسی)
prickling, above root of nose	1	PRICKLING, above root of nose	=چبھن، ناک کی جڑ کے اوپر
prickling, debauch, after a	1	PRICKLING, debauch, after a	=چبھن، عیاشی (شراب نوشی) کے بعد
prickling, eating, after	1	PRICKLING, eating, after	=چبھن، کھانے کے بعد
prickling, forehead	1	PRICKLING, forehead	=چبھن، ماتھے میں
prickling, forehead, left-side	2	PRICKLING, forehead, left-side	=چبھن، ماتھے کے بائیں طرف
prickling, intermittent	1	PRICKLING, intermittent	=چبھن، وقفے وقفے سے
prickling, left-side	1	PRICKLING, left-side	=چبھن، بائیں طرف
prickling, like needles	1	PRICKLING, like needles	=چبھن، سوئیوں جیسی
prickling, lying, while	1	PRICKLING, lying, while	=چبھن، لیٹے ہوئے
prickling, needles, as from	1	PRICKLING, needles, as from	=چبھن، جیسے سوئیوں سے
prickling, spots, in	1	PRICKLING, spots, in	=چبھن، دھبوں میں
prickling, temples	1	PRICKLING, temples	=چبھن، کنپٹیوں میں
prickling, temples, evening	2	PRICKLING, temples, evening	=چبھن، کنپٹیوں میں، شام
prickling, temples, needles, as with	2	PRICKLING, temples, needles, as with	=چبھن، کنپٹیوں میں، جیسے سوئیوں سے
prickling, vertex	1	PRICKLING, vertex	=چبھن، چوٹی میں
pulsating	0	PULSATING	دھڑکن (سر میں نبض کی طرح دھڑکنا)
pulsating, afternoon	1	PULSATING, afternoon	سہ پہر
pulsating, air, in open	1	PULSATING, air, in open	کھلی ہوا
pulsating, air, in open, agg.	2	PULSATING, air, in open, agg.	=دھڑکن، کھلی ہوا میں بگاڑ
pulsating, air, in open, amel.	2	PULSATING, air, in open, amel.	=دھڑکن، کھلی ہوا میں آرام
pulsating, alternating between head and chest	1	PULSATING, alternating between head and chest	باری باری سر اور سینے میں
pulsating, ascending, on	1	PULSATING, ascending, on	اوپر چڑھنے پر
pulsating, ascending, on, fast	2	PULSATING, ascending, on, fast	=دھڑکن، تیز اوپر چڑھنے پر
pulsating, bathing	1	PULSATING, bathing	نہانا
pulsating, bathing, after	2	PULSATING, bathing, after	=دھڑکن، نہانے کے بعد
pulsating, bathing, cold, amel.	2	PULSATING, bathing, cold, amel.	=دھڑکن، ٹھنڈے پانی سے نہانے پر آرام
pulsating, beating, throbbing	1	PULSATING, beating, throbbing	ٹھک ٹھک، دھک دھک
pulsating, bed, while in	1	PULSATING, bed, while in	بستر میں
pulsating, bending head backward agg.	1	PULSATING, bending head backward agg.	سر پیچھے جھکانے سے بگاڑ
pulsating, bending head backward, amel.	1	PULSATING, bending head backward, amel.	سر پیچھے جھکانے سے آرام
pulsating, binding up head amel.	1	PULSATING, binding up head amel.	سر باندھنے سے آرام
pulsating, blood, after loss of	1	PULSATING, blood, after loss of	خون ضائع ہونے کے بعد
pulsating, blowing nose	1	PULSATING, blowing nose	ناک سنکنے پر
pulsating, brain	1	PULSATING, brain	دماغ
pulsating, brain, beating of	2	PULSATING, brain, beating of	=دھڑکن، دماغ کی دھک دھک
pulsating, brain, beating of, against skull	3	PULSATING, brain, beating of, against skull	=دھڑکن، دماغ کھوپڑی سے ٹکرائے
pulsating, brain, beating of, hammers, like little	3	PULSATING, brain, beating of, hammers, like little	=دھڑکن، دماغ میں جیسے چھوٹے ہتھوڑے
pulsating, brain, beating of, throbbing pain in middle of brain, every morning, lasts all day	3	PULSATING, brain, beating of, throbbing pain in middle of brain, every morning, lasts all day	=دھڑکن، دماغ کے بیچ میں دھڑکتا درد، ہر صبح، سارا دن رہے
pulsating, brain, beating of, waves, as of	3	PULSATING, brain, beating of, waves, as of	=دھڑکن، دماغ میں لہروں کی طرح
pulsating, brain, deep-seated	2	PULSATING, brain, deep-seated	=دھڑکن، دماغ میں گہری
pulsating, brain, leaning head back, on	2	PULSATING, brain, leaning head back, on	=دھڑکن، دماغ میں، سر پیچھے ٹیکنے پر
pulsating, brain, seems to be in	2	PULSATING, brain, seems to be in	=دھڑکن، دماغ میں معلوم ہو
pulsating, brain, shooting, ending in	2	PULSATING, brain, shooting, ending in	=دھڑکن، دماغ میں، آخر میں چبھتا درد
pulsating, brain, transient, in one-half of	2	PULSATING, brain, transient, in one-half of	=دھڑکن، دماغ کے ایک آدھے حصے میں عارضی
pulsating, breakfast, amel.	1	PULSATING, breakfast, amel.	ناشتے سے آرام
pulsating, burning	1	PULSATING, burning	جلن والی
pulsating, chewing, while	1	PULSATING, chewing, while	چباتے ہوئے
pulsating, chill	1	PULSATING, chill	سردی لگنا
pulsating, chill, after	2	PULSATING, chill, after	=دھڑکن، سردی لگنے کے بعد
pulsating, chill, during	2	PULSATING, chill, during	=دھڑکن، سردی لگنے کے دوران
pulsating, chill, with chilliness	2	PULSATING, chill, with chilliness	=دھڑکن، سردی محسوس ہونے کے ساتھ
pulsating, closing eyes agg.	1	PULSATING, closing eyes agg.	آنکھیں بند کرنے سے بگاڑ
pulsating, cold, preceding a	1	PULSATING, cold, preceding a	زکام سے پہلے
pulsating, coughing, from	1	PULSATING, coughing, from	کھانسنے سے
pulsating, darkness amel.	1	PULSATING, darkness amel.	اندھیرے میں آرام
pulsating, deep-seated	1	PULSATING, deep-seated	گہری
pulsating, dinner, after	1	PULSATING, dinner, after	دوپہر کے کھانے کے بعد
pulsating, drawing	1	PULSATING, drawing	کھینچتی ہوئی
pulsating, drinking, agg., while	1	PULSATING, drinking, agg., while	پیتے ہوئے بگاڑ
pulsating, eating	1	PULSATING, eating	کھانا
pulsating, eating, after	2	PULSATING, eating, after	=دھڑکن، کھانے کے بعد
pulsating, eating, before	2	PULSATING, eating, before	=دھڑکن، کھانے سے پہلے
pulsating, ending in shooting	1	PULSATING, ending in shooting	آخر میں چبھن
pulsating, epistaxis, after	1	PULSATING, epistaxis, after	نکسیر کے بعد
pulsating, evening	1	PULSATING, evening	شام
pulsating, evening, agg. in, until gets to sleep	2	PULSATING, evening, agg. in, until gets to sleep	=دھڑکن، شام بگاڑ، سونے تک
pulsating, evening, bed, in	2	PULSATING, evening, bed, in	=دھڑکن، شام بستر میں
pulsating, excitement, during	1	PULSATING, excitement, during	جوش کے دوران
pulsating, exertion, from	1	PULSATING, exertion, from	محنت سے
pulsating, extending	1	PULSATING, extending	پھیلتی ہوئی
pulsating, extending, neck or chest, to	2	PULSATING, extending, neck or chest, to	=دھڑکن، گردن یا سینے تک پھیلتی ہوئی
pulsating, extending, teeth, to	2	PULSATING, extending, teeth, to	=دھڑکن، دانتوں تک پھیلتی ہوئی
pulsating, fever, during the	1	PULSATING, fever, during the	بخار کے دوران
pulsating, forehead	1	PULSATING, forehead	ماتھا
pulsating, forehead, afternoon	2	PULSATING, forehead, afternoon	=دھڑکن، ماتھے میں، سہ پہر
pulsating, forehead, afternoon, 2 p.m.	3	PULSATING, forehead, afternoon, 2 p.m.	=دھڑکن، ماتھے میں، سہ پہر 2 بجے
pulsating, forehead, afternoon, 3 p.m.	3	PULSATING, forehead, afternoon, 3 p.m.	=دھڑکن، ماتھے میں، سہ پہر 3 بجے
pulsating, forehead, air, open, amel.	2	PULSATING, forehead, air, open, amel.	=دھڑکن، ماتھے میں، کھلی ہوا میں آرام
pulsating, forehead, ascending stairs	2	PULSATING, forehead, ascending stairs	=دھڑکن، ماتھے میں، سیڑھیاں چڑھتے ہوئے
pulsating, forehead, bending head forward	2	PULSATING, forehead, bending head forward	=دھڑکن، ماتھے میں، سر آگے جھکانے پر
pulsating, forehead, cough, during	2	PULSATING, forehead, cough, during	=دھڑکن، ماتھے میں، کھانسی کے دوران
pulsating, forehead, dinner, after	2	PULSATING, forehead, dinner, after	=دھڑکن، ماتھے میں، دوپہر کے کھانے کے بعد
pulsating, forehead, eating, after	2	PULSATING, forehead, eating, after	=دھڑکن، ماتھے میں، کھانے کے بعد
pulsating, forehead, eminence frontal	2	PULSATING, forehead, eminence frontal	=دھڑکن، ماتھے کے ابھار میں
pulsating, forehead, eminence frontal, afternoon, 4 p.m.	3	PULSATING, forehead, eminence frontal, afternoon, 4 p.m.	=دھڑکن، ماتھے کے ابھار میں، سہ پہر 4 بجے
pulsating, forehead, eminence frontal, evening	3	PULSATING, forehead, eminence frontal, evening	=دھڑکن، ماتھے کے ابھار میں، شام
pulsating, forehead, eminence frontal, evening, 6 p.m.	4	PULSATING, forehead, eminence frontal, evening, 6 p.m.	=دھڑکن، ماتھے کے ابھار میں، شام 6 بجے
pulsating, forehead, eminence frontal, evening, 8 p.m.	4	PULSATING, forehead, eminence frontal, evening, 8 p.m.	=دھڑکن، ماتھے کے ابھار میں، رات 8 بجے
pulsating, forehead, eminence frontal, left	3	PULSATING, forehead, eminence frontal, left	=دھڑکن، ماتھے کے بائیں ابھار میں
pulsating, forehead, eminence frontal, right	3	PULSATING, forehead, eminence frontal, right	=دھڑکن، ماتھے کے دائیں ابھار میں
pulsating, forehead, evening	2	PULSATING, forehead, evening	=دھڑکن، ماتھے میں، شام
pulsating, forehead, evening, 9 p.m.	3	PULSATING, forehead, evening, 9 p.m.	=دھڑکن، ماتھے میں، رات 9 بجے
pulsating, forehead, extending occiput, to	2	PULSATING, forehead, extending occiput, to	=دھڑکن، ماتھے سے گدی تک پھیلتی ہوئی
pulsating, forehead, eyes, over	2	PULSATING, forehead, eyes, over	=دھڑکن، آنکھوں کے اوپر
pulsating, forehead, forenoon	2	PULSATING, forehead, forenoon	=دھڑکن، ماتھے میں، دوپہر سے پہلے
pulsating, forehead, left	2	PULSATING, forehead, left	=دھڑکن، ماتھے میں، بائیں طرف
pulsating, forehead, menses, during	2	PULSATING, forehead, menses, during	=دھڑکن، ماتھے میں، حیض کے دوران
pulsating, forehead, morning	2	PULSATING, forehead, morning	=دھڑکن، ماتھے میں، صبح
pulsating, forehead, morning, rising, on	3	PULSATING, forehead, morning, rising, on	=دھڑکن، ماتھے میں، صبح اٹھتے وقت
pulsating, forehead, morning, waking, on	3	PULSATING, forehead, morning, waking, on	=دھڑکن، ماتھے میں، صبح جاگنے پر
pulsating, forehead, motion	2	PULSATING, forehead, motion	=دھڑکن، ماتھے میں، حرکت
pulsating, forehead, motion, amel.	3	PULSATING, forehead, motion, amel.	=دھڑکن، ماتھے میں، حرکت سے آرام
pulsating, forehead, motion, during agg.	3	PULSATING, forehead, motion, during agg.	=دھڑکن، ماتھے میں، حرکت کے دوران بگاڑ
pulsating, forehead, night	2	PULSATING, forehead, night	=دھڑکن، ماتھے میں، رات
pulsating, forehead, noon	2	PULSATING, forehead, noon	=دھڑکن، ماتھے میں، دوپہر
pulsating, forehead, one-sided	2	PULSATING, forehead, one-sided	=دھڑکن، ماتھے میں، ایک طرف
pulsating, forehead, pressure amel.	2	PULSATING, forehead, pressure amel.	=دھڑکن، ماتھے میں، دبانے سے آرام
pulsating, forehead, reading, while	2	PULSATING, forehead, reading, while	=دھڑکن، ماتھے میں، پڑھتے ہوئے
pulsating, forehead, riding	2	PULSATING, forehead, riding	=دھڑکن، ماتھے میں، سواری
pulsating, forehead, riding, in cold air	3	PULSATING, forehead, riding, in cold air	=دھڑکن، ماتھے میں، ٹھنڈی ہوا میں سواری کرتے ہوئے
pulsating, forehead, riding, while	3	PULSATING, forehead, riding, while	=دھڑکن، ماتھے میں، سواری کرتے ہوئے
pulsating, forehead, right	2	PULSATING, forehead, right	=دھڑکن، ماتھے میں، دائیں طرف
pulsating, forehead, rising up in bed	2	PULSATING, forehead, rising up in bed	=دھڑکن، ماتھے میں، بستر میں اٹھ بیٹھنے پر
pulsating, forehead, root of nose, above	2	PULSATING, forehead, root of nose, above	=دھڑکن، ناک کی جڑ کے اوپر
pulsating, forehead, root of nose, above, forenoon	3	PULSATING, forehead, root of nose, above, forenoon	=دھڑکن، ناک کی جڑ کے اوپر، دوپہر سے پہلے
pulsating, forehead, root of nose, above, walking amel.	3	PULSATING, forehead, root of nose, above, walking amel.	=دھڑکن، ناک کی جڑ کے اوپر، چلنے سے آرام
pulsating, forehead, standing, while	2	PULSATING, forehead, standing, while	=دھڑکن، ماتھے میں، کھڑے ہوئے
pulsating, forehead, stooping, on	2	PULSATING, forehead, stooping, on	=دھڑکن، ماتھے میں، جھکنے پر
pulsating, forehead, talking agg.	2	PULSATING, forehead, talking agg.	=دھڑکن، ماتھے میں، باتیں کرنے سے بگاڑ
pulsating, forehead, walking	2	PULSATING, forehead, walking	=دھڑکن، ماتھے میں، چلنا
pulsating, forehead, walking, in open air	3	PULSATING, forehead, walking, in open air	=دھڑکن، ماتھے میں، کھلی ہوا میں چلتے ہوئے
pulsating, forehead, walking, on	3	PULSATING, forehead, walking, on	=دھڑکن، ماتھے میں، چلنے پر
pulsating, forehead, warm room amel.	2	PULSATING, forehead, warm room amel.	=دھڑکن، ماتھے میں، گرم کمرے میں آرام
pulsating, forenoon	1	PULSATING, forenoon	دوپہر سے پہلے
pulsating, gnawing	1	PULSATING, gnawing	کترتی ہوئی
pulsating, hammers, as if from little, awakens every morning	1	PULSATING, hammers, as if from little, awakens every morning	جیسے چھوٹے ہتھوڑوں سے، ہر صبح جگا دے
pulsating, heat, during	1	PULSATING, heat, during	بخار کی گرمی کے دوران
pulsating, here and there	1	PULSATING, here and there	کبھی یہاں کبھی وہاں
pulsating, inspiration, during	1	PULSATING, inspiration, during	سانس اندر لیتے وقت
pulsating, intermittent	1	PULSATING, intermittent	وقفے وقفے سے
pulsating, jar, from any	1	PULSATING, jar, from any	کسی بھی جھٹکے سے
pulsating, jerking	1	PULSATING, jerking	جھٹکے دار
pulsating, laughing, from	1	PULSATING, laughing, from	ہنسنے سے
pulsating, leaning head backward, on	1	PULSATING, leaning head backward, on	سر پیچھے ٹیکنے پر
pulsating, lies senseless with closed eyes	1	PULSATING, lies senseless with closed eyes	آنکھیں بند کیے بے ہوش پڑا رہے
pulsating, lying	1	PULSATING, lying	لیٹنا
pulsating, lying, amel.	2	PULSATING, lying, amel.	=دھڑکن، لیٹنے سے آرام
pulsating, lying, back, on	2	PULSATING, lying, back, on	=دھڑکن، پیٹھ کے بل لیٹنے پر
pulsating, lying, head high, amel.	2	PULSATING, lying, head high, amel.	=دھڑکن، سر اونچا رکھ کر لیٹنے سے آرام
pulsating, lying, must lie down	2	PULSATING, lying, must lie down	=دھڑکن، لیٹنا پڑتا ہے
pulsating, lying, part, on the	2	PULSATING, lying, part, on the	=دھڑکن، متاثرہ حصے کے بل لیٹنے پر
pulsating, lying, side, on, amel.	2	PULSATING, lying, side, on, amel.	=دھڑکن، پہلو پر لیٹنے سے آرام
pulsating, lying, while agg.	2	PULSATING, lying, while agg.	=دھڑکن، لیٹے ہوئے بگاڑ
pulsating, menses	1	PULSATING, menses	حیض
pulsating, menses, after	2	PULSATING, menses, after	=دھڑکن، حیض کے بعد
pulsating, menses, before	2	PULSATING, menses, before	=دھڑکن، حیض سے پہلے
pulsating, menses, during	2	PULSATING, menses, during	=دھڑکن، حیض کے دوران
pulsating, menses, during, painless throbbing	3	PULSATING, menses, during, painless throbbing	=دھڑکن، حیض کے دوران، بے درد دھڑکن
pulsating, menses, suppressed	2	PULSATING, menses, suppressed	=دھڑکن، رکے ہوئے حیض سے
pulsating, mental exertion, from	1	PULSATING, mental exertion, from	ذہنی محنت سے
pulsating, milk, from	1	PULSATING, milk, from	دودھ سے
pulsating, morning	1	PULSATING, morning	صبح
pulsating, morning, comes on gradually and goes off about breakfast	2	PULSATING, morning, comes on gradually and goes off about breakfast	=دھڑکن، صبح آہستہ آہستہ شروع ہو اور ناشتے کے قریب ختم
pulsating, morning, every, lasts all day	2	PULSATING, morning, every, lasts all day	=دھڑکن، ہر صبح، سارا دن رہے
pulsating, morning, increases until evening	2	PULSATING, morning, increases until evening	=دھڑکن، صبح سے شام تک بڑھتی جائے
pulsating, morning, rising, on	2	PULSATING, morning, rising, on	=دھڑکن، صبح اٹھتے وقت
pulsating, morning, waking, on	2	PULSATING, morning, waking, on	=دھڑکن، صبح جاگنے پر
pulsating, motion agg.	1	PULSATING, motion agg.	حرکت سے بگاڑ
pulsating, motion	1	PULSATING, motion	حرکت
pulsating, motion, amel.	2	PULSATING, motion, amel.	=دھڑکن، حرکت سے آرام
pulsating, motion, moderate, amel.	2	PULSATING, motion, moderate, amel.	=دھڑکن، ہلکی حرکت سے آرام
pulsating, motion, sudden, from	2	PULSATING, motion, sudden, from	=دھڑکن، اچانک حرکت سے
pulsating, moving head agg.	1	PULSATING, moving head agg.	سر ہلانے سے بگاڑ
pulsating, night	1	PULSATING, night	رات
pulsating, night, agg. after 12 p.m.	2	PULSATING, night, agg. after 12 p.m.	=دھڑکن، رات آدھی رات کے بعد بگاڑ
pulsating, night, bed, in, before sleep	2	PULSATING, night, bed, in, before sleep	=دھڑکن، رات بستر میں، سونے سے پہلے
pulsating, night, comes on during the, with nausea and vomiting	2	PULSATING, night, comes on during the, with nausea and vomiting	=دھڑکن، رات کو شروع ہو، متلی اور قے کے ساتھ
pulsating, night, driving out of bed	2	PULSATING, night, driving out of bed	=دھڑکن، رات بستر سے نکال دے
pulsating, night, waking, on	2	PULSATING, night, waking, on	=دھڑکن، رات جاگنے پر
pulsating, occiput	1	PULSATING, occiput	گدی
pulsating, occiput, afternoon	2	PULSATING, occiput, afternoon	=دھڑکن، گدی میں، سہ پہر
pulsating, occiput, cough, during	2	PULSATING, occiput, cough, during	=دھڑکن، گدی میں، کھانسی کے دوران
pulsating, occiput, daytime	2	PULSATING, occiput, daytime	=دھڑکن، گدی میں، دن کے وقت
pulsating, occiput, evening	2	PULSATING, occiput, evening	=دھڑکن، گدی میں، شام
pulsating, occiput, extending to forehead	2	PULSATING, occiput, extending to forehead	=دھڑکن، گدی سے ماتھے تک پھیلتی ہوئی
pulsating, occiput, extending	2	PULSATING, occiput, extending	=دھڑکن، گدی سے پھیلتی ہوئی
pulsating, occiput, extending, forward	3	PULSATING, occiput, extending, forward	=دھڑکن، گدی سے آگے کی طرف
pulsating, occiput, extending, sides and forehead, to	3	PULSATING, occiput, extending, sides and forehead, to	=دھڑکن، گدی سے پہلوؤں اور ماتھے تک
pulsating, occiput, extending, to frontal eminence	3	PULSATING, occiput, extending, to frontal eminence	=دھڑکن، گدی سے ماتھے کے ابھار تک
pulsating, occiput, extending, vertex	3	PULSATING, occiput, extending, vertex	=دھڑکن، گدی سے چوٹی تک
pulsating, occiput, extending, whole head, over	3	PULSATING, occiput, extending, whole head, over	=دھڑکن، گدی سے پورے سر پر
pulsating, occiput, hammer, like beats of	2	PULSATING, occiput, hammer, like beats of	=دھڑکن، گدی میں، ہتھوڑے کی ضربوں جیسی
pulsating, occiput, lying on back, while	2	PULSATING, occiput, lying on back, while	=دھڑکن، گدی میں، پیٹھ کے بل لیٹے ہوئے
pulsating, occiput, morning, after rising during menses	2	PULSATING, occiput, morning, after rising during menses	=دھڑکن، گدی میں، صبح اٹھنے کے بعد حیض کے دوران
pulsating, occiput, moving	2	PULSATING, occiput, moving	=دھڑکن، گدی میں، حرکت
pulsating, occiput, moving, amel.	3	PULSATING, occiput, moving, amel.	=دھڑکن، گدی میں، حرکت سے آرام
pulsating, occiput, moving, on agg.	3	PULSATING, occiput, moving, on agg.	=دھڑکن، گدی میں، حرکت پر بگاڑ
pulsating, occiput, night	2	PULSATING, occiput, night	=دھڑکن، گدی میں، رات
pulsating, occiput, paroxysmal	2	PULSATING, occiput, paroxysmal	=دھڑکن، گدی میں، دوروں کی شکل میں
pulsating, occiput, pressure amel.	2	PULSATING, occiput, pressure amel.	=دھڑکن، گدی میں، دبانے سے آرام
pulsating, occiput, rising	2	PULSATING, occiput, rising	=دھڑکن، گدی میں، اٹھنا
pulsating, occiput, rising, from stooping	3	PULSATING, occiput, rising, from stooping	=دھڑکن، گدی میں، جھک کر سیدھا ہونے پر
pulsating, occiput, rising, on	3	PULSATING, occiput, rising, on	=دھڑکن، گدی میں، اٹھنے پر
pulsating, occiput, shaking head	2	PULSATING, occiput, shaking head	=دھڑکن، گدی میں، سر ہلانے پر
pulsating, occiput, sides of	2	PULSATING, occiput, sides of	=دھڑکن، گدی کے پہلوؤں میں
pulsating, occiput, sides of, evening, in bed	3	PULSATING, occiput, sides of, evening, in bed	=دھڑکن، گدی کے پہلوؤں میں، شام بستر میں
pulsating, occiput, sides of, rising, on	3	PULSATING, occiput, sides of, rising, on	=دھڑکن، گدی کے پہلوؤں میں، اٹھنے پر
pulsating, occiput, sitting	2	PULSATING, occiput, sitting	=دھڑکن، گدی میں، بیٹھنا
pulsating, occiput, sitting, amel.	3	PULSATING, occiput, sitting, amel.	=دھڑکن، گدی میں، بیٹھنے سے آرام
pulsating, occiput, sitting, while agg.	3	PULSATING, occiput, sitting, while agg.	=دھڑکن، گدی میں، بیٹھے ہوئے بگاڑ
pulsating, occiput, standing amel.	2	PULSATING, occiput, standing amel.	=دھڑکن، گدی میں، کھڑے ہونے سے آرام
pulsating, occiput, stool, during	2	PULSATING, occiput, stool, during	=دھڑکن، گدی میں، پاخانے کے دوران
pulsating, occiput, stooping, on	2	PULSATING, occiput, stooping, on	=دھڑکن، گدی میں، جھکنے پر
pulsating, occiput, walking agg.	2	PULSATING, occiput, walking agg.	=دھڑکن، گدی میں، چلنے سے بگاڑ
pulsating, occiput, walking, in open air amel.	2	PULSATING, occiput, walking, in open air amel.	=دھڑکن، گدی میں، کھلی ہوا میں چلنے سے آرام
pulsating, occiput, warm room	2	PULSATING, occiput, warm room	=دھڑکن، گدی میں، گرم کمرے میں
pulsating, painless, with fear of going to sleep	1	PULSATING, painless, with fear of going to sleep	بے درد، سو جانے کے خوف کے ساتھ
pulsating, paroxysmal	1	PULSATING, paroxysmal	دوروں کی شکل میں
pulsating, periodic	1	PULSATING, periodic	وقفے وقفے سے، باقاعدہ
pulsating, perspiration amel.	1	PULSATING, perspiration amel.	پسینے سے آرام
pulsating, pressure amel.	1	PULSATING, pressure amel.	دبانے سے آرام
pulsating, pressure	1	PULSATING, pressure	دباؤ
pulsating, pressure, upon forehead causes beating	2	PULSATING, pressure, upon forehead causes beating	=دھڑکن، ماتھے پر دباؤ سے دھک دھک شروع ہو
pulsating, pressure, with hands amel.	2	PULSATING, pressure, with hands amel.	=دھڑکن، ہاتھوں کے دباؤ سے آرام
pulsating, raising head suddenly agg.	1	PULSATING, raising head suddenly agg.	سر اچانک اٹھانے سے بگاڑ
pulsating, reading, while sitting	1	PULSATING, reading, while sitting	بیٹھ کر پڑھتے ہوئے
pulsating, respiration, during difficult	1	PULSATING, respiration, during difficult	سانس کی تکلیف کے دوران
pulsating, resting head amel.	1	PULSATING, resting head amel.	سر ٹکانے سے آرام
pulsating, riding, while	1	PULSATING, riding, while	سواری کرتے ہوئے
pulsating, rising	1	PULSATING, rising	اٹھنا
pulsating, rising, amel.	2	PULSATING, rising, amel.	=دھڑکن، اٹھنے سے آرام
pulsating, rising, from stooping	2	PULSATING, rising, from stooping	=دھڑکن، جھک کر سیدھا ہونے پر
pulsating, rising, on agg.	2	PULSATING, rising, on agg.	=دھڑکن، اٹھنے پر بگاڑ
pulsating, rising, up in bed	2	PULSATING, rising, up in bed	=دھڑکن، بستر میں اٹھ بیٹھنے پر
pulsating, room, on entering	1	PULSATING, room, on entering	کمرے میں داخل ہونے پر
pulsating, rubbing amel.	1	PULSATING, rubbing amel.	ملنے سے آرام
pulsating, shaking head agg.	1	PULSATING, shaking head agg.	سر ہلانے سے بگاڑ
pulsating, sides	1	PULSATING, sides	پہلو
pulsating, sides, afternoon	2	PULSATING, sides, afternoon	=دھڑکن، پہلوؤں میں، سہ پہر
pulsating, sides, afternoon, 3 p.m.	3	PULSATING, sides, afternoon, 3 p.m.	=دھڑکن، پہلوؤں میں، سہ پہر 3 بجے
pulsating, sides, bending head backward	2	PULSATING, sides, bending head backward	=دھڑکن، پہلوؤں میں، سر پیچھے جھکانے پر
pulsating, sides, coughing agg.	2	PULSATING, sides, coughing agg.	=دھڑکن، پہلوؤں میں، کھانسنے سے بگاڑ
pulsating, sides, deep-seated	2	PULSATING, sides, deep-seated	=دھڑکن، پہلوؤں میں، گہری
pulsating, sides, dinner, after	2	PULSATING, sides, dinner, after	=دھڑکن، پہلوؤں میں، دوپہر کے کھانے کے بعد
pulsating, sides, evening	2	PULSATING, sides, evening	=دھڑکن، پہلوؤں میں، شام
pulsating, sides, forenoon	2	PULSATING, sides, forenoon	=دھڑکن، پہلوؤں میں، دوپہر سے پہلے
pulsating, sides, house, in, amel.	2	PULSATING, sides, house, in, amel.	=دھڑکن، پہلوؤں میں، گھر کے اندر آرام
pulsating, sides, left	2	PULSATING, sides, left	=دھڑکن، بائیں پہلو میں
pulsating, sides, left, to right	3	PULSATING, sides, left, to right	=دھڑکن، بائیں سے دائیں پہلو تک
pulsating, sides, lying on side, while	2	PULSATING, sides, lying on side, while	=دھڑکن، پہلوؤں میں، پہلو پر لیٹے ہوئے
pulsating, sides, menses, during	2	PULSATING, sides, menses, during	=دھڑکن، پہلوؤں میں، حیض کے دوران
pulsating, sides, morning	2	PULSATING, sides, morning	=دھڑکن، پہلوؤں میں، صبح
pulsating, sides, motion agg.	2	PULSATING, sides, motion agg.	=دھڑکن، پہلوؤں میں، حرکت سے بگاڑ
pulsating, sides, right	2	PULSATING, sides, right	=دھڑکن، دائیں پہلو میں
pulsating, sides, right, to left	3	PULSATING, sides, right, to left	=دھڑکن، دائیں سے بائیں پہلو تک
pulsating, sides, rising, after	2	PULSATING, sides, rising, after	=دھڑکن، پہلوؤں میں، اٹھنے کے بعد
pulsating, sides, shaking head	2	PULSATING, sides, shaking head	=دھڑکن، پہلوؤں میں، سر ہلانے پر
pulsating, sides, side on which he lies	2	PULSATING, sides, side on which he lies	=دھڑکن، جس پہلو پر لیٹے
pulsating, sides, standing, while	2	PULSATING, sides, standing, while	=دھڑکن، پہلوؤں میں، کھڑے ہوئے
pulsating, sides, stooping, on	2	PULSATING, sides, stooping, on	=دھڑکن، پہلوؤں میں، جھکنے پر
pulsating, sides, walking	2	PULSATING, sides, walking	=دھڑکن، پہلوؤں میں، چلنا
pulsating, sides, walking, in open air	3	PULSATING, sides, walking, in open air	=دھڑکن، پہلوؤں میں، کھلی ہوا میں چلتے ہوئے
pulsating, sides, walking, while	3	PULSATING, sides, walking, while	=دھڑکن، پہلوؤں میں، چلتے ہوئے
pulsating, sitting	1	PULSATING, sitting	بیٹھنا
pulsating, sitting, amel.	2	PULSATING, sitting, amel.	=دھڑکن، بیٹھنے سے آرام
pulsating, sitting, while agg.	2	PULSATING, sitting, while agg.	=دھڑکن، بیٹھے ہوئے بگاڑ
pulsating, sleep amel.	1	PULSATING, sleep amel.	نیند سے آرام
pulsating, spots, in	1	PULSATING, spots, in	دھبوں میں
pulsating, standing	1	PULSATING, standing	کھڑا ہونا
pulsating, standing, amel.	2	PULSATING, standing, amel.	=دھڑکن، کھڑے ہونے سے آرام
pulsating, standing, while agg.	2	PULSATING, standing, while agg.	=دھڑکن، کھڑے ہوئے بگاڑ
pulsating, stool, while straining at	1	PULSATING, stool, while straining at	پاخانے پر زور لگاتے ہوئے
pulsating, stooping, on	1	PULSATING, stooping, on	جھکنے پر
pulsating, stretching limbs out, on	1	PULSATING, stretching limbs out, on	اعضا پھیلانے پر
pulsating, sunlight agg.	1	PULSATING, sunlight agg.	دھوپ سے بگاڑ
pulsating, talking agg.	1	PULSATING, talking agg.	باتیں کرنے سے بگاڑ
pulsating, tea, warm, amel.	1	PULSATING, tea, warm, amel.	گرم چائے سے آرام
pulsating, temples	1	PULSATING, temples	کنپٹیاں
pulsating, temples, afternoon	2	PULSATING, temples, afternoon	=دھڑکن، کنپٹیوں میں، سہ پہر
pulsating, temples, ascending stairs	2	PULSATING, temples, ascending stairs	=دھڑکن، کنپٹیوں میں، سیڑھیاں چڑھتے ہوئے
pulsating, temples, chill, before	2	PULSATING, temples, chill, before	=دھڑکن، کنپٹیوں میں، سردی لگنے سے پہلے
pulsating, temples, cough, during	2	PULSATING, temples, cough, during	=دھڑکن، کنپٹیوں میں، کھانسی کے دوران
pulsating, temples, evening	2	PULSATING, temples, evening	=دھڑکن، کنپٹیوں میں، شام
pulsating, temples, evening, sitting, on	3	PULSATING, temples, evening, sitting, on	=دھڑکن، کنپٹیوں میں، شام بیٹھنے پر
pulsating, temples, evening, walking	3	PULSATING, temples, evening, walking	=دھڑکن، کنپٹیوں میں، شام چلتے ہوئے
pulsating, temples, forenoon	2	PULSATING, temples, forenoon	=دھڑکن، کنپٹیوں میں، دوپہر سے پہلے
pulsating, temples, heat, during	2	PULSATING, temples, heat, during	=دھڑکن، کنپٹیوں میں، بخار کی گرمی کے دوران
pulsating, temples, left	2	PULSATING, temples, left	=دھڑکن، بائیں کنپٹی میں
pulsating, temples, lying, while	2	PULSATING, temples, lying, while	=دھڑکن، کنپٹیوں میں، لیٹے ہوئے
pulsating, temples, menses, before	2	PULSATING, temples, menses, before	=دھڑکن، کنپٹیوں میں، حیض سے پہلے
pulsating, temples, midnight	2	PULSATING, temples, midnight	=دھڑکن، کنپٹیوں میں، آدھی رات
pulsating, temples, morning	2	PULSATING, temples, morning	=دھڑکن، کنپٹیوں میں، صبح
pulsating, temples, morning, waking, on	3	PULSATING, temples, morning, waking, on	=دھڑکن، کنپٹیوں میں، صبح جاگنے پر
pulsating, temples, motion, on	2	PULSATING, temples, motion, on	=دھڑکن، کنپٹیوں میں، حرکت پر
pulsating, temples, night	2	PULSATING, temples, night	=دھڑکن، کنپٹیوں میں، رات
pulsating, temples, noon	2	PULSATING, temples, noon	=دھڑکن، کنپٹیوں میں، دوپہر
pulsating, temples, paroxysmal	2	PULSATING, temples, paroxysmal	=دھڑکن، کنپٹیوں میں، دوروں کی شکل میں
pulsating, temples, right	2	PULSATING, temples, right	=دھڑکن، دائیں کنپٹی میں
pulsating, temples, stooping, while	2	PULSATING, temples, stooping, while	=دھڑکن، کنپٹیوں میں، جھکتے ہوئے
pulsating, temples, waking, on	2	PULSATING, temples, waking, on	=دھڑکن، کنپٹیوں میں، جاگنے پر
pulsating, temples, walking, while	2	PULSATING, temples, walking, while	=دھڑکن، کنپٹیوں میں، چلتے ہوئے
pulsating, thinking of it amel.	1	PULSATING, thinking of it amel.	اس کے بارے میں سوچنے سے آرام
pulsating, transient, in one-half of	1	PULSATING, transient, in one-half of	عارضی، سر کے ایک آدھے حصے میں
pulsating, turning around agg.	1	PULSATING, turning around agg.	گھومنے (مڑنے) سے بگاڑ
pulsating, turning, eyes agg.	1	PULSATING, turning, eyes agg.	آنکھیں گھمانے سے بگاڑ
pulsating, ulcerative	1	PULSATING, ulcerative	ناسور جیسی (گلانے والی)
pulsating, vertex	1	PULSATING, vertex	چوٹی
pulsating, vertex, afternoon	2	PULSATING, vertex, afternoon	=دھڑکن، چوٹی میں، سہ پہر
pulsating, vertex, ascending steps agg.	2	PULSATING, vertex, ascending steps agg.	=دھڑکن، چوٹی میں، سیڑھیاں چڑھنے سے بگاڑ
pulsating, vertex, attention, from fixing	2	PULSATING, vertex, attention, from fixing	=دھڑکن، چوٹی میں، دھیان جمانے سے
pulsating, vertex, bending head back amel.	2	PULSATING, vertex, bending head back amel.	=دھڑکن، چوٹی میں، سر پیچھے جھکانے سے آرام
pulsating, vertex, dinner, after	2	PULSATING, vertex, dinner, after	=دھڑکن، چوٹی میں، دوپہر کے کھانے کے بعد
pulsating, vertex, forenoon	2	PULSATING, vertex, forenoon	=دھڑکن، چوٹی میں، دوپہر سے پہلے
pulsating, vertex, menses, after	2	PULSATING, vertex, menses, after	=دھڑکن، چوٹی میں، حیض کے بعد
pulsating, vertex, mental exertion	2	PULSATING, vertex, mental exertion	=دھڑکن، چوٹی میں، ذہنی محنت سے
pulsating, vertex, morning	2	PULSATING, vertex, morning	=دھڑکن، چوٹی میں، صبح
pulsating, vertex, motion	2	PULSATING, vertex, motion	=دھڑکن، چوٹی میں، حرکت
pulsating, vertex, motion, of the eyes	3	PULSATING, vertex, motion, of the eyes	=دھڑکن، چوٹی میں، آنکھیں ہلانے پر
pulsating, vertex, motion, on	3	PULSATING, vertex, motion, on	=دھڑکن، چوٹی میں، حرکت پر
pulsating, vertex, waking, on	2	PULSATING, vertex, waking, on	=دھڑکن، چوٹی میں، جاگنے پر
pulsating, vertex, walking	2	PULSATING, vertex, walking	=دھڑکن، چوٹی میں، چلنا
pulsating, vertex, walking, rapidly, while	3	PULSATING, vertex, walking, rapidly, while	=دھڑکن، چوٹی میں، تیز چلتے ہوئے
pulsating, vertex, walking, while	3	PULSATING, vertex, walking, while	=دھڑکن، چوٹی میں، چلتے ہوئے
pulsating, vertigo, during	1	PULSATING, vertigo, during	چکر کے دوران
pulsating, waking, on	1	PULSATING, waking, on	جاگنے پر
pulsating, walking	1	PULSATING, walking	چلنا
pulsating, walking, open air	2	PULSATING, walking, open air	=دھڑکن، کھلی ہوا میں چلنا
pulsating, walking, open air, amel.	3	PULSATING, walking, open air, amel.	=دھڑکن، کھلی ہوا میں چلنے سے آرام
pulsating, walking, open air, in agg.	3	PULSATING, walking, open air, in agg.	=دھڑکن، کھلی ہوا میں چلنے سے بگاڑ
pulsating, walking, quickly, while	2	PULSATING, walking, quickly, while	=دھڑکن، تیز چلتے ہوئے
pulsating, walking, stepping, when	2	PULSATING, walking, stepping, when	=دھڑکن، قدم رکھنے پر
pulsating, walking, while	2	PULSATING, walking, while	=دھڑکن، چلتے ہوئے
pulsating, warm food agg.	1	PULSATING, warm food agg.	گرم کھانے سے بگاڑ
pulsating, warm room agg.	1	PULSATING, warm room agg.	گرم کمرے میں بگاڑ
pulsating, warm room, amel.	1	PULSATING, warm room, amel.	گرم کمرے میں آرام
pulsating, wine, after	1	PULSATING, wine, after	شراب (وائن) کے بعد
pulsating, wrapping head up warmly amel.	1	PULSATING, wrapping head up warmly amel.	سر گرم لپیٹنے سے آرام
pulsating, writing, while	1	PULSATING, writing, while	لکھتے ہوئے
pulsating, yawning, after	1	PULSATING, yawning, after	جمائی کے بعد
pulsating, bending head backward, forward	1	PULSATING, bending head backward, forward (See Stooping)	سر آگے پیچھے جھکانے پر
pulsating, washing, cold	1	PULSATING, washing, cold (See Bathing)	ٹھنڈے پانی سے دھونا
pushed forward	0	PUSHED forward	آگے کو دھکیلا ہوا
pushed forward, as if	1	PUSHED forward, as if	=جیسے سر آگے کو دھکیلا جا رہا ہو
pushed	0	PUSHED	دھکیلنا
pushed, to forehead from occiput, sensation as if a load were	1	PUSHED, to forehead from occiput, sensation as if a load were	=جیسے کوئی بوجھ گدی سے ماتھے کی طرف دھکیلا جا رہا ہو
pushing sensation	0	PUSHING sensation (See Pressure)	دھکیلنے کا احساس
pushing sensation, pressure, amel.	1	PUSHING sensation (See Pressure), pressure, amel.	=دھکیلنے کا احساس، دبانے سے آرام
quivering sensation	0	QUIVERING sensation	تھرتھراہٹ کا احساس
quivering sensation, brain were shaking while walking, as if	1	QUIVERING sensation, brain were shaking while walking, as if	=جیسے چلتے ہوئے دماغ ہل رہا ہو
quivering sensation, running and walking, while	1	QUIVERING sensation, running and walking, while	=تھرتھراہٹ، دوڑتے اور چلتے ہوئے
quivering sensation, shaking head, on	1	QUIVERING sensation, shaking head, on	=تھرتھراہٹ، سر ہلانے پر
raise the head	0	RAISE the head	سر اٹھانا
raise the head, difficult to, night	1	RAISE the head, difficult to, night	=سر اٹھانا مشکل، رات
raise the head, frequently from pillow	1	RAISE the head, frequently from pillow	=سر بار بار تکیے سے اٹھاتا ہے
raise the head, unable to	1	RAISE the head, unable to	=سر اٹھا نہیں سکتا
raise the head, unable to, lying on back, while	2	RAISE the head, unable to, lying on back, while	=سر اٹھا نہیں سکتا، پیٹھ کے بل لیٹے ہوئے
raise the head, unable to, morning on waking	2	RAISE the head, unable to, morning on waking	=سر اٹھا نہیں سکتا، صبح جاگنے پر
raise the head, unable to, stooping, after	2	RAISE the head, unable to, stooping, after	=سر اٹھا نہیں سکتا، جھکنے کے بعد
removed	0	REMOVED	ہٹا دیا گیا
removed, as if calvarium	1	REMOVED, as if calvarium	=جیسے کھوپڑی کا اوپری حصہ ہٹا دیا گیا ہو
restlessness	0	RESTLESSNESS	بے قراری (سر کی)
restlessness, forenoon	1	RESTLESSNESS, forenoon	=سر کی بے قراری، دوپہر سے پہلے
restlessness, when too weak to move body, will roll head side to side	1	RESTLESSNESS, when too weak to move body, will roll head side to side	=جب جسم ہلانے کی طاقت نہ ہو تو سر ایک طرف سے دوسری طرف لڑھکاتا ہے
rigid feeling	0	RIGID feeling	اکڑا ہوا احساس
rising sensation	0	RISING sensation	اوپر اٹھنے کا احساس
rising sensation, brain raised several times in succession, as if	1	RISING sensation, brain raised several times in succession, as if	=جیسے دماغ لگاتار کئی بار اوپر اٹھایا گیا ہو
rising sensation, drinking beer, while	1	RISING sensation, drinking beer, while	=اوپر اٹھنے کا احساس، بیئر پیتے ہوئے
rising sensation, in	1	RISING sensation, in	=سر میں اوپر اٹھنے کا احساس
rising sensation, sinking, and	1	RISING sensation, sinking, and	=اوپر اٹھنے اور دھنسنے کا احساس
rising sensation, vertex to forehead, from, sensation of something	1	RISING sensation, vertex to forehead, from, sensation of something	=جیسے کوئی چیز چوٹی سے ماتھے کی طرف اٹھ رہی ہو
rising sensation, walking rapidly, while	1	RISING sensation, walking rapidly, while	=اوپر اٹھنے کا احساس، تیز چلتے ہوئے
rolling	0	ROLLING	لڑھکنا
rolling, brain were rolled into small bulk, as if	1	ROLLING, brain were rolled into small bulk, as if	=جیسے دماغ لپیٹ کر چھوٹی سی گٹھڑی بنا دیا گیا ہو
rolling, in	1	ROLLING, in	=سر میں لڑھکنے کا احساس
rolling, lead ball rolled about, as	1	ROLLING, lead ball rolled about, as	=جیسے سیسے کی گیند لڑھک رہی ہو
rolling, lead ball rolled about, as, study, after	2	ROLLING, lead ball rolled about, as, study, after	=جیسے سیسے کی گیند لڑھک رہی ہو، پڑھائی کے بعد
rolling, lead ball rolled about, as, vertigo, during	2	ROLLING, lead ball rolled about, as, vertigo, during	=جیسے سیسے کی گیند لڑھک رہی ہو، چکر کے دوران
rolling, lead ball rolled about, as, vomiting agg.	2	ROLLING, lead ball rolled about, as, vomiting agg.	=جیسے سیسے کی گیند لڑھک رہی ہو، قے سے بگاڑ
rolling of the	0	ROLLING of the (See Motion)	سر کا لڑھکنا
rubbing	0	RUBBING	ملنا، رگڑنا
rubbing, against something	1	RUBBING, against something	=سر کسی چیز سے رگڑتا ہے
rubbing, hand, with the	1	RUBBING, hand, with the	=سر ہاتھ سے ملتا ہے
rubbing, inclination to rub forehead	1	RUBBING, inclination to rub forehead	=ماتھا ملنے کو جی چاہے
sensitiveness of brain	0	SENSITIVENESS of brain	دماغ کی حساسیت
sensitiveness of brain, brushing hair, from	1	SENSITIVENESS of brain, brushing hair, from	=دماغ حساس، بال برش کرنے سے
sensitiveness of brain, jar, to the least	1	SENSITIVENESS of brain, jar, to the least	=دماغ حساس، ذرا سے جھٹکے سے
sensitiveness of brain, menses	1	SENSITIVENESS of brain, menses	=دماغ حساس، حیض
sensitiveness of brain, menses, before	2	SENSITIVENESS of brain, menses, before	=دماغ حساس، حیض سے پہلے
sensitiveness of brain, menses, during	2	SENSITIVENESS of brain, menses, during	=دماغ حساس، حیض کے دوران
sensitiveness of brain, stepping, to	1	SENSITIVENESS of brain, stepping, to	=دماغ حساس، قدم رکھنے سے
sensitiveness of brain, stepping, to, ascending, when	2	SENSITIVENESS of brain, stepping, to, ascending, when	=دماغ حساس، قدم رکھنے سے، اوپر چڑھتے ہوئے
sensitiveness of brain, touch, to gentlest, after anger	1	SENSITIVENESS of brain, touch, to gentlest, after anger	=دماغ حساس، غصے کے بعد ہلکے سے چھونے سے بھی
sensitiveness of brain, noise, to	1	SENSITIVENESS of brain, noise, to (See Mind, sensitive)	=دماغ حساس، شور سے
separated from body	0	SEPARATED from body	جسم سے الگ
separated from body, were, as if	1	SEPARATED from body, were, as if	=جیسے سر جسم سے الگ ہو
separated from body, were, as if, night	2	SEPARATED from body, were, as if, night	=جیسے سر جسم سے الگ ہو، رات
separated	0	SEPARATED	الگ ہو جانا
separated, bones, were, as if	1	SEPARATED, bones, were, as if	=جیسے ہڈیاں الگ ہو گئی ہوں
separated, brain from skull, were	1	SEPARATED, brain from skull, were	=جیسے دماغ کھوپڑی سے الگ ہو گیا ہو
separated, vertex, were, as if	1	SEPARATED, vertex, were, as if	=جیسے چوٹی الگ ہو گئی ہو
shaking sensation	0	SHAKING sensation (See Looseness, Motion, Waving)	ہلنے کا احساس (دماغ ہلتا ہوا)
shaking sensation, against frontal bone	1	SHAKING sensation (See Looseness, Motion, Waving), against frontal bone	=ہلنے کا احساس، ماتھے کی ہڈی سے ٹکراتا ہوا
shaking sensation, air agg.	1	SHAKING sensation (See Looseness, Motion, Waving), air agg.	=ہلنے کا احساس، ہوا سے بگاڑ
shaking sensation, ascending steps, when	1	SHAKING sensation (See Looseness, Motion, Waving), ascending steps, when	=ہلنے کا احساس، سیڑھیاں چڑھتے ہوئے
shaking sensation, chills, during	1	SHAKING sensation (See Looseness, Motion, Waving), chills, during	=ہلنے کا احساس، سردی لگنے کے دوران
shaking sensation, cold agg.	1	SHAKING sensation (See Looseness, Motion, Waving), cold agg.	=ہلنے کا احساس، ٹھنڈ سے بگاڑ
shaking sensation, cough during	1	SHAKING sensation (See Looseness, Motion, Waving), cough during	=ہلنے کا احساس، کھانسی کے دوران
shaking sensation, eating, agg. after	1	SHAKING sensation (See Looseness, Motion, Waving), eating, agg. After	=ہلنے کا احساس، کھانے کے بعد بگاڑ
shaking sensation, forehead	1	SHAKING sensation (See Looseness, Motion, Waving), forehead	=ہلنے کا احساس، ماتھے میں
shaking sensation, heat, except that of bed, amel.	1	SHAKING sensation (See Looseness, Motion, Waving), heat, except that of bed, amel.	=ہلنے کا احساس، گرمی سے آرام، سوائے بستر کی گرمی کے
shaking sensation, menses, during	1	SHAKING sensation (See Looseness, Motion, Waving), menses, during	=ہلنے کا احساس، حیض کے دوران
shaking sensation, motion of head	1	SHAKING sensation (See Looseness, Motion, Waving), motion of head	=ہلنے کا احساس، سر کی حرکت
shaking sensation, motion of head, lying head down, on	2	SHAKING sensation (See Looseness, Motion, Waving), motion of head, lying head down, on	=ہلنے کا احساس، سر نیچے کر کے لیٹنے پر
shaking sensation, motion of head, on	2	SHAKING sensation (See Looseness, Motion, Waving), motion of head, on	=ہلنے کا احساس، سر ہلانے پر
shaking sensation, occiput	1	SHAKING sensation (See Looseness, Motion, Waving), occiput	=ہلنے کا احساس، گدی میں
shaking sensation, rising from stooping	1	SHAKING sensation (See Looseness, Motion, Waving), rising from stooping	=ہلنے کا احساس، جھک کر سیدھا ہونے پر
shaking sensation, speaking, on	1	SHAKING sensation (See Looseness, Motion, Waving), speaking, on	=ہلنے کا احساس، بولنے پر
shaking sensation, stamping, on	1	SHAKING sensation (See Looseness, Motion, Waving), stamping, on	=ہلنے کا احساس، پاؤں پٹخنے پر
shaking sensation, steel spring, as of a	1	SHAKING sensation (See Looseness, Motion, Waving), steel spring, as of a	=ہلنے کا احساس، جیسے فولادی کمانی ہو
shaking sensation, stepping heavily, when	1	SHAKING sensation (See Looseness, Motion, Waving), stepping heavily, when	=ہلنے کا احساس، زور سے قدم رکھنے پر
shaking sensation, stepping, striking foot against anything	1	SHAKING sensation (See Looseness, Motion, Waving), stepping, striking foot against anything	=ہلنے کا احساس، قدم رکھتے ہوئے پاؤں کسی چیز سے ٹکرائے
shaking sensation, stooping, on	1	SHAKING sensation (See Looseness, Motion, Waving), stooping, on	=ہلنے کا احساس، جھکنے پر
shaking sensation, talking, while	1	SHAKING sensation (See Looseness, Motion, Waving), talking, while	=ہلنے کا احساس، باتیں کرتے ہوئے
shaking sensation, temple	1	SHAKING sensation (See Looseness, Motion, Waving), temple	=ہلنے کا احساس، کنپٹی میں
shaking sensation, walking	1	SHAKING sensation (See Looseness, Motion, Waving), walking	=ہلنے کا احساس، چلنا
shaking sensation, walking, open air, in	2	SHAKING sensation (See Looseness, Motion, Waving), walking, open air, in	=ہلنے کا احساس، کھلی ہوا میں چلتے ہوئے
shaking sensation, walking, while	2	SHAKING sensation (See Looseness, Motion, Waving), walking, while	=ہلنے کا احساس، چلتے ہوئے
shaking sensation, warm room amel.	1	SHAKING sensation (See Looseness, Motion, Waving), warm room amel.	=ہلنے کا احساس، گرم کمرے میں آرام
shaking sensation, wrapping up warmly amel.	1	SHAKING sensation (See Looseness, Motion, Waving), wrapping up warmly amel.	=ہلنے کا احساس، گرم لپیٹنے سے آرام
shocks	0	SHOCKS	جھٹکے
shocks, blows	1	SHOCKS, blows	=ضربیں (چوٹ لگنے جیسے جھٹکے)
shocks, blows, ascending, on	2	SHOCKS, blows, ascending, on	=ضربیں، اوپر چڑھنے پر
shocks, blows, cold air	2	SHOCKS, blows, cold air	=ضربیں، ٹھنڈی ہوا سے
shocks, blows, consciousness, on regaining	2	SHOCKS, blows, consciousness, on regaining	=ضربیں، ہوش میں آتے وقت
shocks, blows, coughing, when	2	SHOCKS, blows, coughing, when	=ضربیں، کھانستے وقت
shocks, blows, drinking cold water, on	2	SHOCKS, blows, drinking cold water, on	=ضربیں، ٹھنڈا پانی پینے پر
shocks, blows, eating, after	2	SHOCKS, blows, eating, after	=ضربیں، کھانے کے بعد
shocks, blows, electric, like	2	SHOCKS, blows, electric, like	=ضربیں، بجلی کے جھٹکے جیسی
shocks, blows, electric, like, falling asleep, while sitting	3	SHOCKS, blows, electric, like, falling asleep, while sitting	=ضربیں، بجلی کے جھٹکے جیسی، بیٹھے بیٹھے نیند آتے وقت
shocks, blows, evening	2	SHOCKS, blows, evening	=ضربیں، شام
shocks, blows, extending cheek, to	2	SHOCKS, blows, extending cheek, to	=ضربیں، گال تک پھیلتی ہوئی
shocks, blows, extending extremities, to	2	SHOCKS, blows, extending extremities, to	=ضربیں، ہاتھ پاؤں تک پھیلتی ہوئی
shocks, blows, extending from elbow to head	2	SHOCKS, blows, extending from elbow to head	=ضربیں، کہنی سے سر تک پھیلتی ہوئی
shocks, blows, extending here and there	2	SHOCKS, blows, extending here and there	=ضربیں، کبھی یہاں کبھی وہاں پھیلتی ہوئی
shocks, blows, forehead	2	SHOCKS, blows, forehead	=ضربیں، ماتھے میں
shocks, blows, forehead, axe, as with an	3	SHOCKS, blows, forehead, axe, as with an	=ضربیں، ماتھے میں، جیسے کلہاڑی سے
shocks, blows, forehead, finger, as with a	3	SHOCKS, blows, forehead, finger, as with a	=ضربیں، ماتھے میں، جیسے انگلی سے
shocks, blows, forehead, painful	3	SHOCKS, blows, forehead, painful	=ضربیں، ماتھے میں، دردناک
shocks, blows, forehead, sleep, during	3	SHOCKS, blows, forehead, sleep, during	=ضربیں، ماتھے میں، نیند کے دوران
shocks, blows, hawking, on	2	SHOCKS, blows, hawking, on	=ضربیں، کھنکھارنے پر
shocks, blows, here and there	2	SHOCKS, blows, here and there	=ضربیں، کبھی یہاں کبھی وہاں
shocks, blows, jerks, etc.	2	SHOCKS, blows, jerks, etc.	=ضربیں، جھٹکے وغیرہ
shocks, blows, lying, while	2	SHOCKS, blows, lying, while	=ضربیں، لیٹے ہوئے
shocks, blows, menses, during	2	SHOCKS, blows, menses, during	=ضربیں، حیض کے دوران
shocks, blows, mental exertion, after	2	SHOCKS, blows, mental exertion, after	=ضربیں، ذہنی محنت کے بعد
shocks, blows, morning	2	SHOCKS, blows, morning	=ضربیں، صبح
shocks, blows, morning, bed, in	3	SHOCKS, blows, morning, bed, in	=ضربیں، صبح بستر میں
shocks, blows, morning, rising	3	SHOCKS, blows, morning, rising	=ضربیں، صبح اٹھنا
shocks, blows, morning, rising, amel.	4	SHOCKS, blows, morning, rising, amel.	=ضربیں، صبح اٹھنے سے آرام
shocks, blows, morning, rising, on agg.	4	SHOCKS, blows, morning, rising, on agg.	=ضربیں، صبح اٹھنے پر بگاڑ
shocks, blows, motion, from	2	SHOCKS, blows, motion, from	=ضربیں، حرکت سے
shocks, blows, night, 1 a.m., waking him	2	SHOCKS, blows, night, 1 a.m., waking him	=ضربیں، رات 1 بجے، جگا دیں
shocks, blows, noise, from	2	SHOCKS, blows, noise, from	=ضربیں، شور سے
shocks, blows, occiput	2	SHOCKS, blows, occiput	=ضربیں، گدی میں
shocks, blows, occiput, dull, heavy, throbbing pain through head, with sensation like a heavy blow on back of head and neck	3	SHOCKS, blows, occiput, dull, heavy, throbbing pain through head, with sensation like a heavy blow on back of head and neck	=ضربیں، گدی میں، پورے سر میں مدھم بھاری دھڑکتا درد، جیسے گدی اور گردن پر زور کی ضرب لگی ہو
shocks, blows, occiput, extending, forehead, to	3	SHOCKS, blows, occiput, extending, forehead, to	=ضربیں، گدی سے ماتھے تک پھیلتی ہوئی
shocks, blows, occiput, just as he was losing himself in sleep, like a loud report	3	SHOCKS, blows, occiput, just as he was losing himself in sleep, like a loud report	=ضربیں، گدی میں، نیند میں ڈوبتے ہی زوردار دھماکے جیسی
shocks, blows, occiput, mental exertion	3	SHOCKS, blows, occiput, mental exertion	=ضربیں، گدی میں، ذہنی محنت سے
shocks, blows, outward	2	SHOCKS, blows, outward	=ضربیں، باہر کی طرف
shocks, blows, pressure amel.	2	SHOCKS, blows, pressure amel.	=ضربیں، دبانے سے آرام
shocks, blows, pulse, at each beat of	2	SHOCKS, blows, pulse, at each beat of	=ضربیں، نبض کی ہر دھڑکن پر
shocks, blows, reading, from	2	SHOCKS, blows, reading, from	=ضربیں، پڑھنے سے
shocks, blows, regaining consciousness, on	2	SHOCKS, blows, regaining consciousness, on	=ضربیں، ہوش میں آنے پر
shocks, blows, running, while	2	SHOCKS, blows, running, while	=ضربیں، دوڑتے ہوئے
shocks, blows, shaking head, when	2	SHOCKS, blows, shaking head, when	=ضربیں، سر ہلانے پر
shocks, blows, sides	2	SHOCKS, blows, sides	=ضربیں، پہلوؤں میں
shocks, blows, sides, right	3	SHOCKS, blows, sides, right	=ضربیں، دائیں پہلو میں
shocks, blows, siesta, after a	2	SHOCKS, blows, siesta, after a	=ضربیں، دوپہر کی نیند کے بعد
shocks, blows, siesta, after a, while sitting	3	SHOCKS, blows, siesta, after a, while sitting	=ضربیں، دوپہر کی نیند کے بعد، بیٹھے ہوئے
shocks, blows, sitting after a full meal, while	2	SHOCKS, blows, sitting after a full meal, while	=ضربیں، بھرپور کھانے کے بعد بیٹھے ہوئے
shocks, blows, sleep, on going to	2	SHOCKS, blows, sleep, on going to	=ضربیں، سوتے وقت
shocks, blows, sneezing, when	2	SHOCKS, blows, sneezing, when	=ضربیں، چھینکتے وقت
shocks, blows, stool, during	2	SHOCKS, blows, stool, during	=ضربیں، پاخانے کے دوران
shocks, blows, stooping, on	2	SHOCKS, blows, stooping, on	=ضربیں، جھکنے پر
shocks, blows, sudden	2	SHOCKS, blows, sudden	=ضربیں، اچانک
shocks, blows, talking, while	2	SHOCKS, blows, talking, while	=ضربیں، باتیں کرتے ہوئے
shocks, blows, temples	2	SHOCKS, blows, temples	=ضربیں، کنپٹیوں میں
shocks, blows, temples, cough, during	3	SHOCKS, blows, temples, cough, during	=ضربیں، کنپٹیوں میں، کھانسی کے دوران
shocks, blows, temples, painful	3	SHOCKS, blows, temples, painful	=ضربیں، کنپٹیوں میں، دردناک
shocks, blows, temples, peg were struck in deep, as if	3	SHOCKS, blows, temples, peg were struck in deep, as if	=ضربیں، کنپٹیوں میں، جیسے کیل گہرا ٹھونک دیا ہو
shocks, blows, temples, sudden, deep in, causes starting	3	SHOCKS, blows, temples, sudden, deep in, causes starting	=ضربیں، کنپٹیوں میں، اچانک، گہرائی میں، چونکا دیں
shocks, blows, vertex	2	SHOCKS, blows, vertex	=ضربیں، چوٹی میں
shocks, blows, vertex, bolt, as from a, from neck to vertex, agg. at each throb of heart	3	SHOCKS, blows, vertex, bolt, as from a, from neck to vertex, agg. at each throb of heart	=ضربیں، چوٹی میں، جیسے گردن سے چوٹی تک سلاخ ہو، دل کی ہر دھڑکن پر بگاڑ
shocks, blows, vertex, electric like	3	SHOCKS, blows, vertex, electric like	=ضربیں، چوٹی میں، بجلی جیسی
shocks, blows, vertex, sleep, on going to	3	SHOCKS, blows, vertex, sleep, on going to	=ضربیں، چوٹی میں، سوتے وقت
shocks, blows, waking him	2	SHOCKS, blows, waking him	=ضربیں، جگا دیں
shocks, blows, walking	2	SHOCKS, blows, walking	=ضربیں، چلنا
shocks, blows, walking, open air, in	3	SHOCKS, blows, walking, open air, in	=ضربیں، کھلی ہوا میں چلتے ہوئے
shocks, blows, walking, rapidly	3	SHOCKS, blows, walking, rapidly	=ضربیں، تیز چلتے ہوئے
shocks, blows, walking, while	3	SHOCKS, blows, walking, while	=ضربیں، چلتے ہوئے
shocks, blows, writing, while	2	SHOCKS, blows, writing, while	=ضربیں، لکھتے ہوئے
sinking sensation	0	SINKING sensation	دھنسنے کا احساس
sinking	0	SINKING	دھنسنا
sinking, something were sinking from occiput, on stooping, as if	1	SINKING, something were sinking from occiput, on stooping, as if	=جیسے جھکنے پر کوئی چیز گدی سے نیچے دھنس رہی ہو
skull-cap	0	SKULL-CAP	کھوپڑی پر ٹوپی جیسا احساس
skull-cap, sensation of	1	SKULL-CAP, sensation of	=جیسے سر پر ٹوپی چڑھی ہو
skull-cap, sensation of, 4 p.m.	2	SKULL-CAP, sensation of, 4 p.m.	=جیسے سر پر ٹوپی چڑھی ہو، سہ پہر 4 بجے
smaller	0	SMALLER	چھوٹا
smaller, brain feels smaller than skull	1	SMALLER, brain feels smaller than skull	=دماغ کھوپڑی سے چھوٹا محسوس ہو
smaller, brain feels too far from skull	1	SMALLER, brain feels too far from skull	=دماغ کھوپڑی سے بہت دور محسوس ہو
smaller, feels	1	SMALLER, feels	=سر چھوٹا محسوس ہو
softening of brain	0	SOFTENING of brain	دماغ کا نرم پڑ جانا (گلنا)
splashing	0	SPLASHING	چھپاکے (پانی کے چھلکنے) کا احساس
splashing, walking rapidly, while	1	SPLASHING, walking rapidly, while	=چھپاکے کا احساس، تیز چلتے ہوئے
stiffness	0	STIFFNESS	اکڑن
stiffness, sensation of	1	STIFFNESS, sensation of	=اکڑن کا احساس
stiffness, sensation of, brain, in, in open air	2	STIFFNESS, sensation of, brain, in, in open air	=اکڑن کا احساس، دماغ میں، کھلی ہوا میں
stiffness, sensation of, evening, bed, in	2	STIFFNESS, sensation of, evening, bed, in	=اکڑن کا احساس، شام بستر میں
stiffness, sensation of, motion	2	STIFFNESS, sensation of, motion	=اکڑن کا احساس، حرکت
stiffness, sensation of, motion, of head agg.	3	STIFFNESS, sensation of, motion, of head agg.	=اکڑن کا احساس، سر کی حرکت سے بگاڑ
stiffness, sensation of, motion, on	3	STIFFNESS, sensation of, motion, on	=اکڑن کا احساس، حرکت پر
stiffness, sensation of, must bend head back	2	STIFFNESS, sensation of, must bend head back	=اکڑن کا احساس، سر پیچھے جھکانا پڑے
stiffness, sensation of, occiput, in	2	STIFFNESS, sensation of, occiput, in	=اکڑن کا احساس، گدی میں
stiffness, sensation of, occiput, in, extending, nose, to	3	STIFFNESS, sensation of, occiput, in, extending, nose, to	=اکڑن کا احساس، گدی سے ناک تک پھیلتا ہوا
stiffness, sensation of, waking, on	2	STIFFNESS, sensation of, waking, on	=اکڑن کا احساس، جاگنے پر
stirred with a spoon	0	STIRRED with a spoon	چمچ سے ہلایا جا رہا ہو
stirred with a spoon, as if, brain feels	1	STIRRED with a spoon, as if, brain feels	=جیسے دماغ چمچ سے ہلایا جا رہا ہو
stomach	0	STOMACH	معدہ
stomach, as if rising from	1	STOMACH, as if rising from	=جیسے معدے سے اوپر اٹھ رہا ہو
stone, as if from	0	STONE, as if from (See Heaviness)	جیسے پتھر رکھا ہو
striking against the skull	0	STRIKING against the skull	کھوپڑی سے ٹکرانا
striking against the skull, sensation as through brain were	1	STRIKING against the skull, sensation as through brain were	=جیسے دماغ کھوپڑی سے ٹکرا رہا ہو
striking	0	STRIKING	ٹکرانا، مارنا
striking, nodding the head, on	1	STRIKING, nodding the head, on	=سر ہاں کی طرح ہلانے پر ٹکراؤ کا احساس
striking, strikes the head against the wall or bed; twitching of eyelids and frontal muscles	1	STRIKING, strikes the head against the wall or bed; twitching of eyelids and frontal muscles	=سر دیوار یا بستر سے مارتا ہے؛ پلکوں اور ماتھے کے پٹھوں کی پھڑکن
sunstroke	0	SUNSTROKE	لو لگنا (دھوپ کا اثر)
sunstroke, from having slept in sun	1	SUNSTROKE, from having slept in sun	=لو لگنا، دھوپ میں سونے سے
surging sensation	0	SURGING sensation	لہروں کے اٹھنے کا احساس
surging sensation, becoming erect amel.	1	SURGING sensation, becoming erect amel.	=لہروں کا احساس، سیدھا ہونے سے آرام
surging sensation, forehead like waves rolling up and down	1	SURGING sensation, forehead like waves rolling up and down	=لہروں کا احساس، ماتھے میں جیسے لہریں اوپر نیچے لڑھک رہی ہوں
surging sensation, lying while	1	SURGING sensation, lying while	=لہروں کا احساس، لیٹے ہوئے
surging sensation, occiput, extending to forehead	1	SURGING sensation, occiput, extending to forehead	=لہروں کا احساس، گدی سے ماتھے تک
swashing sensation	0	SWASHING sensation (See Waving, Motions)	چھلکنے کا احساس (پانی کے ہلنے جیسا)
swashing sensation, shaking head, on	1	SWASHING sensation (See Waving, Motions), shaking head, on	=چھلکنے کا احساس، سر ہلانے پر
swashing sensation, walking, while	1	SWASHING sensation (See Waving, Motions), walking, while	=چھلکنے کا احساس، چلتے ہوئے
swollen glands of head	0	SWOLLEN glands of head	سر کی گلٹیوں (غدود) کی سوجن
swollen	0	SWOLLEN	سوجا ہوا
swollen, distended, feeling	1	SWOLLEN, distended, feeling	=پھولا ہوا محسوس ہو
swollen, distended, feeling, forehead	2	SWOLLEN, distended, feeling, forehead	=پھولا ہوا محسوس ہو، ماتھا
swollen, distended, feeling, forehead, expanding, alternating with contracting	3	SWOLLEN, distended, feeling, forehead, expanding, alternating with contracting	=پھولا ہوا محسوس ہو، ماتھا، باری باری پھیلتا اور سکڑتا
swollen, distended, feeling, forehead, feels broad and high	3	SWOLLEN, distended, feeling, forehead, feels broad and high	=پھولا ہوا محسوس ہو، ماتھا چوڑا اور اونچا لگے
swollen, distended, feeling, occiput	2	SWOLLEN, distended, feeling, occiput	=پھولا ہوا محسوس ہو، گدی
swollen, distended, feeling, sides	2	SWOLLEN, distended, feeling, sides	=پھولا ہوا محسوس ہو، پہلو
swollen, distended, feeling, temples	2	SWOLLEN, distended, feeling, temples	=پھولا ہوا محسوس ہو، کنپٹیاں
swollen, distended, feeling, temples, left	3	SWOLLEN, distended, feeling, temples, left	=پھولا ہوا محسوس ہو، بائیں کنپٹی
swollen, distended, feeling, temples, right	3	SWOLLEN, distended, feeling, temples, right	=پھولا ہوا محسوس ہو، دائیں کنپٹی
swollen, distended, feeling, vertex	2	SWOLLEN, distended, feeling, vertex	=پھولا ہوا محسوس ہو، چوٹی
swollen, distended, feeling, waking, on	2	SWOLLEN, distended, feeling, waking, on	=پھولا ہوا محسوس ہو، جاگنے پر
swollen, distended, feeling, walking, open air, in	2	SWOLLEN, distended, feeling, walking, open air, in	=پھولا ہوا محسوس ہو، کھلی ہوا میں چلتے ہوئے
swollen, distended, feeling, washing, after	2	SWOLLEN, distended, feeling, washing, after	=پھولا ہوا محسوس ہو، دھونے کے بعد
swollen, glabella	1	SWOLLEN, glabella	=سوجن، بھنوؤں کے بیچ
swollen, occiput	1	SWOLLEN, occiput	=سوجن، گدی پر
tension	0	TENSION	تناؤ
tension, drawing upward of skin of forehead	1	TENSION, drawing upward of skin of forehead	=تناؤ، ماتھے کی جلد اوپر کو کھنچے
thin	0	THIN	پتلا
thin, cranium seemed thin	1	THIN, cranium seemed thin	=کھوپڑی پتلی لگے
throbbing	0	THROBBING (See Pulsating)	دھک دھک
throwing head about	0	THROWING head about (See Motion of head)	سر ادھر ادھر پٹخنا
tickling in	0	TICKLING in	سر میں گدگدی
tickling	0	TICKLING	گدگدی
tickling, brain	1	TICKLING, brain	=گدگدی، دماغ میں
tickling, brain, night	2	TICKLING, brain, night	=گدگدی، دماغ میں، رات
tickling, forehead	1	TICKLING, forehead	=گدگدی، ماتھے میں
tied	0	TIED	بندھا ہوا
tied, feels as though	1	TIED, feels as though	=جیسے سر بندھا ہوا ہو
tightness	0	TIGHTNESS (See Constriction)	تنگی (جکڑن)
tingling	0	TINGLING	جھنجھناہٹ (سنسناہٹ)
tingling, forehead	1	TINGLING, forehead	=جھنجھناہٹ، ماتھے میں
tingling, large bell were struck, as though a	1	TINGLING, large bell were struck, as though a	=جھنجھناہٹ، جیسے بڑی گھنٹی بجائی گئی ہو
tingling, occiput	1	TINGLING, occiput	=جھنجھناہٹ، گدی میں
tingling, occiput, stupefying on stepping	2	TINGLING, occiput, stupefying on stepping	=جھنجھناہٹ، گدی میں، قدم رکھنے پر بے سدھ کر دے
tingling, speaking aloud, on	1	TINGLING, speaking aloud, on	=جھنجھناہٹ، اونچا بولنے پر
tingling, temples	1	TINGLING, temples	=جھنجھناہٹ، کنپٹیوں میں
tingling, temples, coldness of spot, with	2	TINGLING, temples, coldness of spot, with	=جھنجھناہٹ، کنپٹیوں میں، ایک دھبے کی ٹھنڈک کے ساتھ
tingling, vertex	1	TINGLING, vertex	=جھنجھناہٹ، چوٹی میں
tingling, vertex, menses omitting	2	TINGLING, vertex, menses omitting	=جھنجھناہٹ، چوٹی میں، حیض رک جانے پر
tingling, walking, while	1	TINGLING, walking, while	=جھنجھناہٹ، چلتے ہوئے
tired feeling	0	TIRED feeling	تھکن کا احساس
trembling sensation	0	TREMBLING sensation	کپکپاہٹ کا احساس
trembling sensation, conversation, from	1	TREMBLING sensation, conversation, from	=کپکپاہٹ کا احساس، بات چیت سے
trembling sensation, cough, during	1	TREMBLING sensation, cough, during	=کپکپاہٹ کا احساس، کھانسی کے دوران
trembling sensation, epilepsy, before	1	TREMBLING sensation, epilepsy, before	=کپکپاہٹ کا احساس، مرگی کے دورے سے پہلے
trembling sensation, extending pit of stomach, to	1	TREMBLING sensation, extending pit of stomach, to	=کپکپاہٹ کا احساس، معدے کے گڑھے تک پھیلتا ہوا
trembling sensation, menses, during	1	TREMBLING sensation, menses, during	=کپکپاہٹ کا احساس، حیض کے دوران
trembling sensation, moving agg.	1	TREMBLING sensation, moving agg.	=کپکپاہٹ کا احساس، حرکت سے بگاڑ
trembling sensation, talking, after	1	TREMBLING sensation, talking, after	=کپکپاہٹ کا احساس، باتیں کرنے کے بعد
turned to left in convulsions	0	TURNED to left in convulsions	تشنج میں بائیں طرف مڑا ہوا
turning and twisting	0	TURNING and twisting	مڑنا اور بل کھانا
turning and twisting, sensation of	1	TURNING and twisting, sensation of	=مڑنے اور بل کھانے کا احساس
twitching of muscles of the head	0	TWITCHING of muscles of the head	سر کے پٹھوں کی پھڑکن
twitching of muscles	0	TWITCHING of muscles	پٹھوں کی پھڑکن
twitching of muscles, afternoon	1	TWITCHING of muscles, afternoon	=پھڑکن، سہ پہر
twitching of muscles, ascending steps, on	1	TWITCHING of muscles, ascending steps, on	=پھڑکن، سیڑھیاں چڑھتے ہوئے
twitching of muscles, blowing nose	1	TWITCHING of muscles, blowing nose	=پھڑکن، ناک سنکنے پر
twitching of muscles, brain, in, as if	1	TWITCHING of muscles, brain, in, as if	=پھڑکن، جیسے دماغ میں
twitching of muscles, cough, during	1	TWITCHING of muscles, cough, during	=پھڑکن، کھانسی کے دوران
twitching of muscles, eating, after	1	TWITCHING of muscles, eating, after	=پھڑکن، کھانے کے بعد
twitching of muscles, evening	1	TWITCHING of muscles, evening	=پھڑکن، شام
twitching of muscles, forehead	1	TWITCHING of muscles, forehead	=پھڑکن، ماتھے میں
twitching of muscles, forehead, afternoon	2	TWITCHING of muscles, forehead, afternoon	=پھڑکن، ماتھے میں، سہ پہر
twitching of muscles, forehead, evening	2	TWITCHING of muscles, forehead, evening	=پھڑکن، ماتھے میں، شام
twitching of muscles, forehead, extending, brain, into	2	TWITCHING of muscles, forehead, extending, brain, into	=پھڑکن، ماتھے سے دماغ میں پھیلتی ہوئی
twitching of muscles, forehead, stooping	2	TWITCHING of muscles, forehead, stooping	=پھڑکن، ماتھے میں، جھکنے پر
twitching of muscles, jerking the arms, when	1	TWITCHING of muscles, jerking the arms, when	=پھڑکن، بازو جھٹکنے پر
twitching of muscles, lying down, while	1	TWITCHING of muscles, lying down, while	=پھڑکن، لیٹے ہوئے
twitching of muscles, morning	1	TWITCHING of muscles, morning	=پھڑکن، صبح
twitching of muscles, motion agg.	1	TWITCHING of muscles, motion agg.	=پھڑکن، حرکت سے بگاڑ
twitching of muscles, motion agg., of the arms	2	TWITCHING of muscles, motion agg., of the arms	=پھڑکن، بازوؤں کی حرکت سے بگاڑ
twitching of muscles, night	1	TWITCHING of muscles, night	=پھڑکن، رات
twitching of muscles, noon	1	TWITCHING of muscles, noon	=پھڑکن، دوپہر
twitching of muscles, occiput	1	TWITCHING of muscles, occiput	=پھڑکن، گدی میں
twitching of muscles, occiput, extending forehead, to	2	TWITCHING of muscles, occiput, extending forehead, to	=پھڑکن، گدی سے ماتھے تک پھیلتی ہوئی
twitching of muscles, sides	1	TWITCHING of muscles, sides	=پھڑکن، پہلوؤں میں
twitching of muscles, sides, extending from side to side	2	TWITCHING of muscles, sides, extending from side to side	=پھڑکن، ایک پہلو سے دوسرے پہلو تک پھیلتی ہوئی
twitching of muscles, sides, extending	2	TWITCHING of muscles, sides, extending	=پھڑکن، پہلوؤں سے پھیلتی ہوئی
twitching of muscles, sides, extending, throat, to	3	TWITCHING of muscles, sides, extending, throat, to	=پھڑکن، پہلوؤں سے حلق تک
twitching of muscles, sides, extending, vertex, to, when jerking arms and on stepping	3	TWITCHING of muscles, sides, extending, vertex, to, when jerking arms and on stepping	=پھڑکن، پہلوؤں سے چوٹی تک، بازو جھٹکنے اور قدم رکھنے پر
twitching of muscles, sides, left	2	TWITCHING of muscles, sides, left	=پھڑکن، بائیں پہلو میں
twitching of muscles, sides, right	2	TWITCHING of muscles, sides, right	=پھڑکن، دائیں پہلو میں
twitching of muscles, standing, after	1	TWITCHING of muscles, standing, after	=پھڑکن، کھڑے ہونے کے بعد
twitching of muscles, stepping, when	1	TWITCHING of muscles, stepping, when	=پھڑکن، قدم رکھنے پر
twitching of muscles, stool, during, agg.	1	TWITCHING of muscles, stool, during, agg.	=پھڑکن، پاخانے کے دوران بگاڑ
twitching of muscles, stooping, on	1	TWITCHING of muscles, stooping, on	=پھڑکن، جھکنے پر
twitching of muscles, temples	1	TWITCHING of muscles, temples	=پھڑکن، کنپٹیوں میں
twitching of muscles, temples, extending brain, into	2	TWITCHING of muscles, temples, extending brain, into	=پھڑکن، کنپٹیوں سے دماغ میں پھیلتی ہوئی
twitching of muscles, temples, extending	2	TWITCHING of muscles, temples, extending	=پھڑکن، کنپٹیوں سے پھیلتی ہوئی
twitching of muscles, temples, extending, jaws or teeth, to	3	TWITCHING of muscles, temples, extending, jaws or teeth, to	=پھڑکن، کنپٹیوں سے جبڑوں یا دانتوں تک
twitching of muscles, temples, extending, vertex, to	3	TWITCHING of muscles, temples, extending, vertex, to	=پھڑکن، کنپٹیوں سے چوٹی تک
twitching of muscles, temples, left	2	TWITCHING of muscles, temples, left	=پھڑکن، بائیں کنپٹی میں
twitching of muscles, temples, right	2	TWITCHING of muscles, temples, right	=پھڑکن، دائیں کنپٹی میں
twitching of muscles, temples, spots, in	2	TWITCHING of muscles, temples, spots, in	=پھڑکن، کنپٹیوں میں، دھبوں میں
twitching of muscles, temples, twitching-tearing in temple lain on; moves to other side on turning; agg. on raising eyes	2	TWITCHING of muscles, temples, twitching-tearing in temple lain on; moves to other side on turning; agg. on raising eyes	=پھڑکن، جس کنپٹی پر لیٹے اس میں پھڑکتا چیرتا درد؛ کروٹ بدلنے پر دوسری طرف؛ آنکھیں اوپر اٹھانے پر بگاڑ
twitching of muscles, temples, walking, while	2	TWITCHING of muscles, temples, walking, while	=پھڑکن، کنپٹیوں میں، چلتے ہوئے
twitching of muscles, touch agg.	1	TWITCHING of muscles, touch agg.	=پھڑکن، چھونے سے بگاڑ
twitching of muscles, vertex	1	TWITCHING of muscles, vertex	=پھڑکن، چوٹی میں
twitching of muscles, walking, while	1	TWITCHING of muscles, walking, while	=پھڑکن، چلتے ہوئے
ulcers	0	ULCERS	ناسور (زخم)
ulcers, occiput, on	1	ULCERS, occiput, on	=ناسور، گدی پر
uncovering head agg.	0	UNCOVERING head agg.	سر کھولنے (ننگا کرنے) سے بگاڑ
unsteady feeling	0	UNSTEADY feeling	ڈگمگاہٹ کا احساس
unsteady feeling, study, after, agg.	1	UNSTEADY feeling, study, after, agg.	=ڈگمگاہٹ کا احساس، پڑھائی کے بعد بگاڑ
vacant feeling	0	VACANT feeling	خالی پن کا احساس
vacant feeling, forehead morning, waking, after	1	VACANT feeling, forehead morning, waking, after	=خالی پن کا احساس، ماتھے میں، صبح جاگنے کے بعد
vibrating	0	VIBRATING (See Shaking)	تھرتھراہٹ
warm coverings on head	0	WARM coverings on head	سر پر گرم اوڑھنا
warm coverings on head, agg.	1	WARM coverings on head, agg.	=سر پر گرم اوڑھنے سے بگاڑ
washing head agg.	0	WASHING head agg.	سر دھونے سے بگاڑ
water	0	WATER	پانی
water, sensation as of	1	WATER, sensation as of	=جیسے پانی ہو
water, sensation as of, cold, poured on head	2	WATER, sensation as of, cold, poured on head	=جیسے سر پر ٹھنڈا پانی ڈالا گیا ہو
water, sensation as of, dripping on head	2	WATER, sensation as of, dripping on head	=جیسے سر پر پانی ٹپک رہا ہو
water, sensation as of, in the head	2	WATER, sensation as of, in the head	=جیسے سر میں پانی ہو
water, sensation as of, warm water, in	2	WATER, sensation as of, warm water, in	=جیسے سر گرم پانی میں ہو
water, sensation as of, wrapped up in	2	WATER, sensation as of, wrapped up in	=جیسے سر پانی میں لپٹا ہو
water, sensation as of, boiling water, in	2	WATER, sensation as of, boiling water, in (See Boiling)	=جیسے سر کھولتے پانی میں ہو
waving sensation	0	WAVING sensation (See Shaking)	لہرانے کا احساس
waving sensation, forehead	1	WAVING sensation (See Shaking), forehead	=لہرانے کا احساس، ماتھے میں
waving sensation, forehead, like a heavy body swaying back and forth	2	WAVING sensation (See Shaking), forehead, like a heavy body swaying back and forth	=لہرانے کا احساس، ماتھے میں، جیسے بھاری چیز آگے پیچھے جھول رہی ہو
waving sensation, forehead, right to left, from	2	WAVING sensation (See Shaking), forehead, right to left, from	=لہرانے کا احساس، ماتھے میں، دائیں سے بائیں
waving sensation, motion amel.	1	WAVING sensation (See Shaking), motion amel.	=لہرانے کا احساس، حرکت سے آرام
waving sensation, occiput	1	WAVING sensation (See Shaking), occiput	=لہرانے کا احساس، گدی میں
waving sensation, rising from stooping	1	WAVING sensation (See Shaking), rising from stooping	=لہرانے کا احساس، جھک کر سیدھا ہونے پر
waving sensation, standing agg.	1	WAVING sensation (See Shaking), standing agg.	=لہرانے کا احساس، کھڑے ہونے سے بگاڑ
waving sensation, stooping, after	1	WAVING sensation (See Shaking), stooping, after	=لہرانے کا احساس، جھکنے کے بعد
waving sensation, turning head agg.	1	WAVING sensation (See Shaking), turning head agg.	=لہرانے کا احساس، سر گھمانے سے بگاڑ
waving sensation, water in, as from	1	WAVING sensation (See Shaking), water in, as from	=لہرانے کا احساس، جیسے اندر پانی ہو
waving sensation, wave-like motion upward	1	WAVING sensation (See Shaking), wave-like motion upward	=لہر کی طرح اوپر کو حرکت
weakness	0	WEAKNESS	کمزوری
weakness, coffee, after	1	WEAKNESS, coffee, after	=کمزوری، کافی کے بعد
weakness, cough, after	1	WEAKNESS, cough, after	=کمزوری، کھانسی کے بعد
weakness, dinner, during	1	WEAKNESS, dinner, during	=کمزوری، دوپہر کے کھانے کے دوران
weakness, evening	1	WEAKNESS, evening	=کمزوری، شام
weakness, exertion, after	1	WEAKNESS, exertion, after	=کمزوری، محنت کے بعد
weakness, extending to lower extremities, as though paralyzed	1	WEAKNESS, extending to lower extremities, as though paralyzed	=کمزوری، ٹانگوں تک پھیلتی ہوئی، جیسے فالج زدہ ہوں
weakness, extending, throat, to	1	WEAKNESS, extending, throat, to	=کمزوری، حلق تک پھیلتی ہوئی
weakness, headache were coming on, as though	1	WEAKNESS, headache were coming on, as though	=کمزوری، جیسے سر درد شروع ہونے والا ہو
weakness, heat, after	1	WEAKNESS, heat, after	=کمزوری، بخار کی گرمی کے بعد
weakness, lying on back, while	1	WEAKNESS, lying on back, while	=کمزوری، پیٹھ کے بل لیٹے ہوئے
weakness, mental exertion	1	WEAKNESS, mental exertion	=کمزوری، ذہنی محنت
weakness, mental exertion, after	2	WEAKNESS, mental exertion, after	=کمزوری، ذہنی محنت کے بعد
weakness, mental exertion, causes mental weakness	2	WEAKNESS, mental exertion, causes mental weakness	=کمزوری، ذہنی محنت سے ذہنی کمزوری
weakness, morning	1	WEAKNESS, morning	=کمزوری، صبح
weakness, morning, rising, after	2	WEAKNESS, morning, rising, after	=کمزوری، صبح اٹھنے کے بعد
weakness, noon	1	WEAKNESS, noon	=کمزوری، دوپہر
weakness, pain, after	1	WEAKNESS, pain, after	=کمزوری، درد کے بعد
weakness, respiration, on deep	1	WEAKNESS, respiration, on deep	=کمزوری، گہری سانس لینے پر
weakness, side lain on	1	WEAKNESS, side lain on	=کمزوری، جس پہلو پر لیٹے
weakness, standing, while	1	WEAKNESS, standing, while	=کمزوری، کھڑے ہوئے
weakness, stomach, during weakness in	1	WEAKNESS, stomach, during weakness in	=کمزوری، معدے کی کمزوری کے دوران
weakness, walking	1	WEAKNESS, walking	=کمزوری، چلنا
weakness, walking, in the sun	2	WEAKNESS, walking, in the sun	=کمزوری، دھوپ میں چلتے ہوئے
weakness, walking, while	2	WEAKNESS, walking, while	=کمزوری، چلتے ہوئے
weakness, working in hot room, as from	1	WEAKNESS, working in hot room, as from	=کمزوری، جیسے گرم کمرے میں کام کرنے سے
weight	0	WEIGHT (See Heaviness, pressing, etc.)	وزن (بوجھ)
wens	0	WENS	چربی کی رسولیاں (سر پر)
wrapped	0	WRAPPED (See Uncovering, warm coverings)	لپیٹنا
